n_chains,kappa,pi,n_seeds,shell_index,shell_n2,degeneracy,q,q_units,selected_as_primary,S_AA_mean,S_AA_sem,S_BB_mean,S_BB_sem,S_AB_mean,S_AB_sem,S_CC_mean,S_CC_sem,S_psi_psi_over_2_mean,S_psi_psi_over_2_sem,diagnostic_AA_minus_AB_mean,diagnostic_AA_minus_AB_sem,S_psi_psi_over_2_early_mean,S_psi_psi_over_2_early_sem,S_psi_psi_over_2_early_to_final_change_mean,S_psi_psi_over_2_early_to_final_change_sem,S_psi_psi_over_2_final_window_slope_mean_per_step,S_psi_psi_over_2_final_window_slope_sem_per_step
144,0,0.98999999999999999,5,0,1,6,0.28559933214452665,nm^-1,False,67.130036005925149,4.8089178038713944,69.005704359789135,5.1403494784178063,67.386725005530735,4.8357134550208301,1.3622903546527991,0.18268302312716189,0.68114517732639956,0.091341511563580946,-0.25668899960559771,0.82468297005434776,0.65710295718450706,0.10278866942230776,0.024042220141892445,0.027800284044689663,1.2307379783615786e-05,8.8538738510507849e-06
144,0,0.98999999999999999,5,1,2,12,0.40389844892348786,nm^-1,False,11.373803527836525,2.2657748062609864,10.696966618894155,1.3249796635584592,10.192827890355145,1.737135987446353,1.68511436602039,0.23248876781211056,0.842557183010195,0.11624438390605528,1.1809756374813798,0.55649974568354066,0.83332479964432982,0.14182663775796517,0.0092323833658652932,0.032607942813964841,3.8318785876674967e-06,3.1407177279335047e-06
144,0,0.98999999999999999,5,2,3,8,0.49467255388205938,nm^-1,False,3.1725855690247942,0.65759439232353512,3.9154176298358108,0.91738940801266133,2.227468359333689,0.77266844222362974,2.6330664801932278,0.50267221351221314,1.3165332400966139,0.25133610675610657,0.94511720969110535,0.38600386536164694,1.3022549597035307,0.25753597751172708,0.014278280393083275,0.079276729816420963,-1.4448154629554888e-05,2.0049947896221531e-05
144,0,0.98999999999999999,5,3,4,6,0.5711986642890533,nm^-1,False,1.857211856165393,0.1645767708397553,1.4401479675951385,0.46496568957458817,0.11612350020036408,0.18212342591789302,3.0651128233598035,0.53672799010484729,1.5325564116799018,0.26836399505242364,1.741088355965029,0.25900487016680918,1.5413441684327627,0.21656764883627225,-0.0087877567528608317,0.1235629190734405,4.1545738291890699e-05,4.348115200977588e-05
144,0,0.98999999999999999,5,4,5,24,0.63861952100370245,nm^-1,False,2.25823798640578,0.26213913175046061,2.1058704841505151,0.13235299042669166,0.38082205658525448,0.25357698478247581,3.6024643573857857,0.45287269001019509,1.8012321786928929,0.22643634500509754,1.8774159298205255,0.26443005567646055,1.8357702576052977,0.27262395641170506,-0.034538078912404922,0.081792267328715265,7.2675425353056071e-06,1.2000442992509961e-05
144,0,0.98999999999999999,5,5,6,24,0.69957263463374397,nm^-1,False,1.74401517739709,0.21688970240836256,1.5706509455509303,0.20362424541790444,-0.61956059024284049,0.21296851172583645,4.5537873034337011,0.7327013271335856,2.2768936517168505,0.3663506635667928,2.3635757676399303,0.39925358599236821,2.2969432562947518,0.38700394545819322,-0.020049604577901371,0.077747062450091026,1.5282401923102388e-05,1.0023842033380705e-05
144,0,0.98999999999999999,5,6,8,12,0.80779689784697573,nm^-1,False,2.2784696826316901,0.3396331939182059,1.9233566316852588,0.36066323211206647,-0.53791022186242876,0.10737577947785089,5.2776467580418061,0.30879600471068491,2.638823379020903,0.15439800235534246,2.8163799044941191,0.24942514400773966,2.4640193675161459,0.31060914575320298,0.17480401150475719,0.20440627209552242,1.2702901840403916e-05,2.7494655779663511e-05
144,0,0.98999999999999999,5,7,9,30,0.8567979964335799,nm^-1,False,2.3526317198245712,0.39563717345751265,1.9151969859421651,0.26520277030303502,-1.4227867490751387,0.23384364052207102,7.1134022039170137,1.0965660819813605,3.5567011019585069,0.54828304099068026,3.7754184688997094,0.62562433070181334,3.4068751098180683,0.49869330178727206,0.14982599214043812,0.089665001339356717,2.3621752110250662e-07,2.5264701982470258e-05
144,0,0.98999999999999999,5,8,10,24,0.90314438779964556,nm^-1,False,3.1213884240184173,0.44792568505919611,2.9920522742090676,0.27927828343589595,-2.3921397746401665,0.30682491759395719,10.897720247507817,1.196592424204991,5.4488601237539083,0.59829621210249551,5.5135281986585838,0.68348406874645551,5.3444296039042154,0.4881414740724882,0.10443051984969287,0.17950264096918112,-2.7042154495194954e-05,3.5646561170806367e-05
144,0,0.98999999999999999,5,9,11,24,0.94722582509948294,nm^-1,False,3.0325273939628574,0.47108309092358225,3.1437309446401116,0.42632099913662963,-2.6511748318873805,0.44969023672565217,11.478608002377729,1.764897136179165,5.7393040011888647,0.8824485680895825,5.6837022258502374,0.91832119961745884,6.004834055978395,0.95996135395001525,-0.26553005478953101,0.19412910951190479,6.6310106197831931e-06,1.2521414613848685e-05
144,0,0.98999999999999999,5,10,12,8,0.98934510776411877,nm^-1,False,2.8550975640357095,0.60897471602079667,2.625244133813184,0.69740754656601878,-2.4446954531170002,0.62271514150565432,10.369732604082893,2.5087477460178547,5.1848663020414465,1.2543738730089273,5.2997930171527097,1.2230624794094362,5.3507151870772347,1.0671063046370906,-0.1658488850357891,0.40144053057525064,3.1045347789285217e-05,3.9178858616674087e-05
144,0,0.98999999999999999,5,11,13,24,1.0297430362853615,nm^-1,True,3.5120033965013064,0.52409410059411121,2.9767583886792197,0.36211678521225421,-2.8808239947388961,0.44229997369612045,12.250409774658319,1.7644190242409139,6.1252048873291596,0.88220951212045695,6.3928273912402016,0.96313896855807746,5.977050304884302,0.75974387021638989,0.1481545824448566,0.17745006767056412,-3.8197044595237226e-05,4.6091162055801758e-05
144,0,0.98999999999999999,5,12,14,48,1.0686148507762725,nm^-1,False,3.1782842565604286,0.073397889552501538,3.0425531658361664,0.16746611092721497,-2.8648566116812546,0.09697426934004362,11.950550645759103,0.3955187589601768,5.9752753228795514,0.1977593794800884,6.0431408682416823,0.14650131637314504,5.9448825597666204,0.31795018019769655,0.030392763112930689,0.17119482580235962,-3.9755616448489017e-05,3.9336781299640515e-05
144,0,0.98999999999999999,5,13,16,6,1.1423973285781066,nm^-1,False,2.5921206229751013,0.60676573865410222,2.7184631061307423,0.52218998706341491,-2.2667657303084123,0.62184716309769916,9.84411518972267,2.330844033767403,4.922057594861335,1.1654220168837015,4.8588863532835145,1.2270693695937496,5.3653425179392613,1.1162223738404544,-0.443284923077926,0.44106529909440267,-4.1023348854517075e-05,4.7941178148602804e-05
144,0,0.98999999999999999,5,14,17,48,1.1775562130377446,nm^-1,False,2.6400277154797376,0.39242167552811025,2.6852001593949391,0.38806228358179468,-2.4010401523562286,0.38792390191620707,10.127308179587134,1.5545525065476786,5.0636540897935669,0.77727625327383931,5.0410678678359657,0.78021853743962299,5.2787447526268227,0.7366565815684647,-0.21509066283325504,0.15675346929053802,3.7855558893447116e-05,1.818729299895453e-05
144,0,0.98999999999999999,5,15,18,36,1.2116953467704634,nm^-1,False,2.2222755380782551,0.13042444919918034,2.2695772523360391,0.14095050893847541,-1.9476581764932852,0.11526278809988941,8.3871691434008646,0.47329308450909591,4.1935845717004323,0.23664654225454795,4.1699337145715401,0.24106223122425574,4.1626182134746372,0.25564760221860761,0.030966358225794455,0.1013833857461849,1.342263252431624e-05,3.1436664889277616e-05
144,0,0.98999999999999999,5,16,19,24,1.2448986271606992,nm^-1,False,1.8750321509469707,0.19463488158406794,2.1754879074373887,0.17694875082832953,-1.831768860302305,0.19601415338631711,7.7140577789889688,0.76060540242695973,3.8570288894944844,0.38030270121347987,3.7068010112492766,0.38889739231942844,3.7908773349401641,0.2275562325991505,0.066151554554321021,0.1928576302503851,-3.703847654534929e-05,3.9449407950338008e-05
144,0,0.98999999999999999,5,17,20,24,1.2772390420074049,nm^-1,False,1.8654220772279537,0.25052042814498782,1.9672671185490891,0.15883332644712903,-1.6489471300621503,0.18253656578068342,7.130583455901343,0.75787370007886035,3.5652917279506715,0.37893685003943017,3.5143692072901032,0.42936395398285854,3.3614495297443163,0.41621633439402922,0.20384219820635546,0.25533796604150294,3.1162552637404586e-06,2.1274034402380978e-05
144,0,0.98999999999999999,5,18,21,48,1.308780557981128,nm^-1,False,1.6234710952919051,0.095535075568441097,1.6913476070429585,0.085379134412086846,-1.4820732732796231,0.074004645216284332,6.2789652488941101,0.28077185590302228,3.1394826244470551,0.14038592795151114,3.1055443685715285,0.15944037653166684,2.8766370874586658,0.18540652158415621,0.26284553698838942,0.12777583560027292,2.967237608384036e-05,3.2181188722214033e-05
144,0,0.98999999999999999,5,19,22,24,1.3395796084857341,nm^-1,False,1.2911246293117196,0.12261912186661492,1.302460528510109,0.1270481686619806,-1.1576525167975049,0.11910750607117823,4.9088901914168392,0.48614291110152885,2.4544450957084196,0.24307145555076443,2.4487771461092245,0.24139031752393073,2.6741411203215635,0.19122423049688514,-0.21969602461314408,0.076586325494517438,6.6005759441968233e-06,2.7685666800372855e-05
144,0,0.98999999999999999,5,20,24,24,1.3991452692674879,nm^-1,False,1.296079819387137,0.12744185036498509,1.3855481260456535,0.16687461125774741,-1.1714347134848697,0.1366546586655536,5.0244973724025304,0.55931595786352428,2.5122486862012652,0.27965797893176214,2.4675145328720065,0.26145405880953737,2.5403041547716407,0.15449100588562742,-0.028055468570375421,0.14534594614687379,3.2952789300887506e-05,2.4776478185452852e-05
144,0,0.98999999999999999,5,21,25,30,1.4279966607226333,nm^-1,False,0.91865871023550216,0.095234484371555253,0.87808193235735188,0.060180893230698015,-0.75544415475919591,0.079233461134548017,3.3076289521112465,0.30559071799472776,1.6538144760556233,0.15279535899736388,1.6741028649946983,0.17107163064263059,1.9318011516867883,0.13319232238133483,-0.27798667563116564,0.089523381915075709,-6.4731206329440862e-06,3.5995731894211628e-05
144,0,0.98999999999999999,5,22,26,72,1.4562765676740084,nm^-1,False,0.95797580749133837,0.10094939548205803,0.98981175136165667,0.092503675287653103,-0.84177661945640625,0.10176636796631733,3.6313407977658079,0.39608119454482327,1.8156703988829039,0.19804059727241163,1.799752426947745,0.20257895309523005,1.7849497406602963,0.15560449436357932,0.030720658222607434,0.073603703743631246,1.2054472624890986e-05,6.9281735625728344e-06
144,0,0.98999999999999999,5,23,27,32,1.4840176616461782,nm^-1,False,0.87002833812104008,0.085109004958696693,0.89855817135344296,0.11810617937481165,-0.76561495449142059,0.099277826507225636,3.2998164184573242,0.39391467148161374,1.6499082092286621,0.19695733574080687,1.6356432926124609,0.18168947205769467,1.6075049902625718,0.24141814441198206,0.042403218966090075,0.16501199226849325,1.2174887187665869e-05,1.5458835783360797e-05
144,1,0.98999999999999999,5,0,1,6,0.28559933214452665,nm^-1,True,315.84958533012366,7.5158413238821584,323.10062701978524,6.5765172700335404,-201.69827181925203,13.534607573445923,1042.346755988413,37.807785634992435,521.17337799420648,18.903892817496217,517.54785714937566,20.651617344052433,515.5388496226708,19.801921093549819,5.6345283715357368,1.3943726187555407,0.0010562662445049698,0.00014091532526683026
144,1,0.98999999999999999,5,1,2,12,0.40389844892348786,nm^-1,False,45.27365646297504,4.142753470662619,42.623180127368606,3.7078897933171069,-6.3788202047804159,6.4004539984623268,100.65447699990447,18.522079223835068,50.327238499952237,9.2610396119175338,51.652476667755458,9.2724503644842571,51.986988496623688,10.441680440155835,-1.6597499966714473,1.4505842123287553,-0.00034651358450577907,0.00017394849189633727
144,1,0.98999999999999999,5,2,3,8,0.49467255388205938,nm^-1,False,12.42210856907513,2.3586213665731544,10.266849729812954,0.93701188235870325,-3.9947773045100221,1.1279926089234942,30.678512907908129,4.6453338290537278,15.339256453954064,2.3226669145268639,16.416885873585152,3.2683405268929038,15.368581004200314,2.3051512538948358,-0.029324550246247583,0.80864437883577456,0.00018640018755539735,0.00011448999252354441
144,1,0.98999999999999999,5,3,4,6,0.5711986642890533,nm^-1,False,13.321035920745654,1.5445931538167077,17.065430581153734,7.0486207037180213,-1.8786414797532458,2.0693285331883748,34.143749461405882,8.8301181561308688,17.071874730702941,4.4150590780654344,15.199677400498899,1.6574697630729667,18.435921838404767,5.1227142427029762,-1.3640471077018215,0.88547524159102853,-0.00028175824312037421,0.0001143174885246249
144,1,0.98999999999999999,5,4,5,24,0.63861952100370245,nm^-1,False,3.8045690653427862,0.6830170239867368,3.3869171864951122,0.4578116316678974,-0.33520956610561586,0.21077464362998186,7.8619053840491286,0.38890565507114905,3.9309526920245643,0.19445282753557452,4.1397786314484017,0.71015173469785153,4.2408835029663114,0.17964129225971248,-0.30993081094174713,0.11623800844996676,-9.5644813144698989e-05,1.1298138552774083e-05
144,1,0.98999999999999999,5,5,6,24,0.69957263463374397,nm^-1,False,4.6719706599600563,1.6955372715296129,5.3856193670090038,1.1615808832008987,-1.5047165107461973,0.47938759870479591,13.067023048461454,3.7831983062948078,6.5335115242307271,1.8915991531474039,6.1766871707062538,2.1678852378396214,6.1976959602005408,1.8293974879663193,0.3358155640301857,0.098085756243361938,6.7027289689735654e-05,1.1765989458177052e-05
144,1,0.98999999999999999,5,6,8,12,0.80779689784697573,nm^-1,False,2.093676495897451,0.64663750423262045,1.5112698884575857,0.19481775724826889,-0.42202937080243946,0.13988437636703283,4.4490051259599159,0.65075087665891784,2.224502562979958,0.32537543832945892,2.515705866699891,0.6505586532134976,2.1983633041744515,0.39538917191056661,0.026139258805506625,0.31122005376782436,-1.1336109858227736e-05,3.3632981179558045e-05
144,1,0.98999999999999999,5,7,9,30,0.8567979964335799,nm^-1,False,1.6405827627655345,0.17861713781554411,1.4643667047689057,0.16742109048372081,-0.18389391213996292,0.11187699328836581,3.472737291814366,0.31135703785266289,1.736368645907183,0.15567851892633144,1.8244766749054975,0.22349493000245096,1.7865693714676378,0.081763926319172703,-0.05020072556045467,0.12534702029152911,9.0411800146483195e-06,1.9344136283182439e-05
144,1,0.98999999999999999,5,8,10,24,0.90314438779964556,nm^-1,False,2.0270997203961456,0.49521615938353408,1.8018092334931548,0.35221637826590857,-0.6064514814427997,0.2592931699505967,5.0418119167748996,1.2785580145792947,2.5209059583874498,0.63927900728964737,2.6335512018389453,0.71163577511900222,2.5412218783295137,0.60683248136579493,-0.020315919942064008,0.16161093051609404,1.629800236450291e-05,1.9336336005039197e-05
144,1,0.98999999999999999,5,9,11,24,0.94722582509948294,nm^-1,False,1.5660459117107635,0.28653359689721636,1.0388258476097227,0.14434033668740398,-0.27191187357842533,0.10496688756319453,3.1486955064773374,0.56582323807465473,1.5743477532386687,0.28291161903732737,1.8379577852891884,0.38830032291584116,1.6354617729173699,0.31933061362068549,-0.061114019678701489,0.11240810562181364,-4.2591317921458568e-05,1.1701707476015416e-05
144,1,0.98999999999999999,5,10,12,8,0.98934510776411877,nm^-1,False,1.1309485137809083,0.47111024093086484,0.78285969648915354,0.22369947588089306,-0.37063138938552465,0.18560901004848301,2.6550709890411111,1.0497989579650759,1.3275354945205555,0.52489947898253797,1.501579903166433,0.6524918331509576,1.2390672596180958,0.35877426484454533,0.088468234902459711,0.21666631475238596,-1.3971723710769201e-06,3.7515518178163622e-05
144,1,0.98999999999999999,5,11,13,24,1.0297430362853615,nm^-1,False,0.70182546608467022,0.071221495697440934,0.81869742227488496,0.079941915323947843,0.033796466352379678,0.075665729904100129,1.4529299556547957,0.26544157515926164,0.72646497782739783,0.13272078757963082,0.66802899973229057,0.13360027029988167,0.82051262707079786,0.18655660422036066,-0.094047649243399992,0.068101303296931773,-7.1193608907929886e-07,1.057098338673971e-05
144,1,0.98999999999999999,5,12,14,48,1.0686148507762725,nm^-1,False,0.60670840630299683,0.06173067790321099,0.6177690748379836,0.061280193482459049,-0.12828121014523275,0.04359883732213813,1.4810399014314457,0.18003077519455515,0.74051995071572285,0.090015387597277577,0.73498961644822947,0.095297739687834435,0.76618353102114023,0.088768634253809334,-0.025663580305417266,0.043968679005563081,2.579111067578607e-06,4.7275532966908412e-06
144,1,0.98999999999999999,5,13,16,6,1.1423973285781066,nm^-1,False,0.72471878522473687,0.16134893470238329,1.5135220621761707,0.8779930253192485,-0.27857853421691881,0.14780312602127063,2.7953979158347453,1.0984187631834263,1.3976989579173726,0.54920938159171317,1.0032973194416557,0.15126510747980285,1.3669723944069516,0.60410440190602033,0.030726563510421235,0.16545971320637651,-2.8893813103743176e-05,1.8421927768139022e-05
144,1,0.98999999999999999,5,14,17,48,1.1775562130377446,nm^-1,False,0.58763694528665322,0.050713362117475069,0.62509322169065074,0.044294927778229708,-0.033942748167791567,0.029503477110221447,1.2806156633128869,0.038575084988411293,0.64030783165644345,0.019287542494205646,0.62157969345444486,0.054877748497763799,0.64483466645393095,0.043963771151503878,-0.0045268347974875443,0.039599109639223355,-3.2963250175502823e-06,5.7305063606527683e-06
144,1,0.98999999999999999,5,15,18,36,1.2116953467704634,nm^-1,False,0.37601429152687638,0.06652506036157077,0.49510149490296812,0.061385583456839678,-0.078221696022796119,0.024381118244392187,1.0275591784754368,0.077962829747648676,0.51377958923771838,0.038981414873824338,0.45423598754967254,0.083176772422640308,0.5149735012764991,0.054394110178070762,-0.0011939120387806867,0.040234930821899703,-4.7041723851688661e-06,8.0648565218393866e-06
144,1,0.98999999999999999,5,16,19,24,1.2448986271606992,nm^-1,False,0.34403035102599955,0.021996160351030487,0.40653823403515837,0.074399237157486545,-0.041966066281058055,0.020556907820925046,0.83450071762327394,0.1107136580337983,0.41725035881163697,0.055356829016899152,0.38599641730705764,0.033505425298747012,0.3911857006709169,0.05299029102662766,0.026064658140720055,0.032214894813529564,-4.1442441969461111e-06,6.344255932763658e-06
144,1,0.98999999999999999,5,17,20,24,1.2772390420074049,nm^-1,False,0.41435109585894175,0.062920566323365679,0.38011637673291737,0.045256626689763366,-0.059584900252303383,0.03014392583350586,0.91363727309646592,0.085869466343416315,0.45681863654823296,0.042934733171708157,0.47393599611124515,0.087192262392066011,0.44521201865727766,0.019361917123652265,0.011606617890955318,0.036338167504543196,7.530594446717447e-06,5.3046963649755305e-06
144,1,0.98999999999999999,5,18,21,48,1.308780557981128,nm^-1,False,0.32604880305283424,0.018618465142221173,0.36023753776920797,0.044565197878616548,-0.040503153130812562,0.014012585844125798,0.76729264708366729,0.041358974533688968,0.38364632354183364,0.020679487266844484,0.36655195618364689,0.0071060776710382334,0.40321353046859543,0.032611771890634147,-0.019567206926761747,0.02515597059888551,-2.2054608008843757e-06,4.1257618059396177e-06
144,1,0.98999999999999999,5,19,22,24,1.3395796084857341,nm^-1,False,0.33391741006373166,0.056883579449868701,0.29550620535343153,0.049948003823769342,-0.035063504242630786,0.017055984976932937,0.69955062390242495,0.1092458792500578,0.34977531195121248,0.054622939625028899,0.36898091430636243,0.059699811803257737,0.3621382466576013,0.048778434927521611,-0.012362934706388894,0.011874887661865091,1.1938902832355598e-06,6.8013386653853089e-06
144,1,0.98999999999999999,5,20,24,24,1.3991452692674879,nm^-1,False,0.23756949857348389,0.0226206859180818,0.25340516295192372,0.035640083197534679,0.0067618237792419185,0.0084845601766015567,0.47745101396692374,0.060491269579403324,0.23872550698346187,0.030245634789701662,0.23080767479424197,0.023653055409527255,0.24155066587331203,0.0352749095377176,-0.0028251588898501436,0.021996142836054607,3.4310161148995595e-07,4.874004848423874e-06
144,1,0.98999999999999999,5,21,25,30,1.4279966607226333,nm^-1,False,0.32543140828751199,0.040076696337174131,0.23942512706252753,0.019179530429534696,-0.019205538497853843,0.01023676210788442,0.60326761234574722,0.05237995979120183,0.30163380617287361,0.026189979895600915,0.34463694678536583,0.036953740619464152,0.29204725034725521,0.028740076409488752,0.0095865558256183758,0.01802197861791343,3.858370750554711e-06,2.2916981751943804e-06
144,1,0.98999999999999999,5,22,26,72,1.4562765676740084,nm^-1,False,0.23418806416942214,0.0099382743081416307,0.22107068190163576,0.0059159678829361559,-0.018924167481457799,0.0068172534470421226,0.49310708103397349,0.017918132039858162,0.24655354051698675,0.0089590660199290809,0.25311223165087993,0.01140590877364782,0.26870988808553953,0.0085063491710835135,-0.022156347568552753,0.0092562622756656322,1.3230266256124851e-06,1.7564434673620018e-06
144,1,0.98999999999999999,5,23,27,32,1.4840176616461782,nm^-1,False,0.29311439612630152,0.028464254693909154,0.2645092676617008,0.027258460882980617,-0.035912818340751197,0.0081855983320694801,0.62944930046950476,0.033231590980815177,0.31472465023475238,0.016615795490407589,0.32902721446705269,0.026059317679573164,0.30106662715276694,0.03922166462672784,0.013658023081985448,0.026834393768334533,-1.1104303694224938e-06,6.970891808947732e-06
288,0,0.98999999999999999,5,0,1,6,0.22668034014381841,nm^-1,False,69.252508250444095,28.159203329040899,69.747598330716727,28.332364363231903,69.092762449957277,28.266960097175136,0.8145816812462735,0.13115095982241018,0.40729084062313675,0.06557547991120509,0.1597458004868253,0.52688457398112787,0.37688446685522969,0.055922685822266831,0.030406373767907093,0.019272115820496979,1.1373137463384967e-05,3.1274658579355333e-06
288,0,0.98999999999999999,5,1,2,12,0.32057441135473436,nm^-1,False,19.534813298030464,7.863952664966277,18.902154122846703,7.738454460449681,18.358488301527704,7.5912186872332619,1.7199908178217584,0.46485809522700705,0.85999540891087922,0.23242904761350353,1.1763249965027616,0.63834010202510127,0.86510564066478823,0.23493991554124202,-0.0051102317539091554,0.03493989510897276,-2.4015900560314939e-06,1.9410326058073179e-05
288,0,0.98999999999999999,5,2,3,8,0.39262186620608847,nm^-1,False,3.7702967739145579,1.343306305727328,4.0874762639140547,1.7790146347701838,3.2567681629384744,1.4361492738624972,1.3442367119516643,0.21904217657711242,0.67211835597583214,0.10952108828855621,0.51352861097608393,0.55836040657761299,0.61261013413153764,0.083584148311891329,0.059508221844294398,0.04447904590453234,2.6027444533392986e-05,9.9671136557269515e-06
288,0,0.98999999999999999,5,3,4,6,0.45336068028763682,nm^-1,False,2.7607043535961195,1.1015856433662929,3.2996645120715642,1.2796132316137752,1.9677308610371846,0.83256387972272339,2.1249071435933149,0.67842518803873475,1.0624535717966574,0.33921259401936737,0.79297349255893523,0.34361844469881475,1.0109848495004834,0.37251957367995903,0.05146872229617401,0.082065064816019592,1.8679717764474018e-05,2.5126276728861295e-05
288,0,0.98999999999999999,5,4,5,24,0.50687264972435242,nm^-1,False,1.3791587216691201,0.35139269557425967,1.6290136135621531,0.49831657955603448,0.45379371668576168,0.27278140124825928,2.1005849018597496,0.42915912930858391,1.0502924509298748,0.21457956465429195,0.9253650049833585,0.23379067719258753,0.98890920580524377,0.22839945837336068,0.061383245124630968,0.067517713482947078,1.385803869736924e-05,6.9516428253900251e-06
288,0,0.98999999999999999,5,5,6,24,0.55525116807288499,nm^-1,False,1.4934560379390676,0.46364509532566572,1.2822150463552175,0.41835924846966083,0.33949534220039879,0.19318202183977315,2.0966803998934878,0.54006362208190561,1.0483401999467439,0.27003181104095281,1.1539606957386688,0.34562290563070119,0.97475662860733014,0.21473992083845306,0.073583571339413664,0.05588659085501009,7.6627262793285197e-06,1.2292951358271091e-05
288,0,0.98999999999999999,5,6,8,12,0.64114882270946871,nm^-1,False,1.3774423799599709,0.44763007768111263,1.9722769712524122,0.71828265270918956,-0.055283426058702914,0.1414673893552699,3.460286203329789,1.1718203371269691,1.7301431016648945,0.58591016856348455,1.4327258060186736,0.56212085501284792,1.5868725048618952,0.50602857408930979,0.14327059680299908,0.097931594682188913,9.7918189201619239e-06,2.8226998090859476e-05
288,0,0.98999999999999999,5,7,9,30,0.6800410204314552,nm^-1,False,1.1858274057381,0.32488047730711317,1.279160208249722,0.40443014296750257,-0.10354513275618302,0.045914330987175705,2.672077879500188,0.755321929911835,1.336038939750094,0.3776609649559175,1.2893725384942829,0.35368834657725329,1.3182215382429656,0.39513688486046161,0.017817401507128516,0.063727247224885764,-4.9585765681432612e-06,1.2438608096798149e-05
288,0,0.98999999999999999,5,8,10,24,0.71682617563616646,nm^-1,False,1.6925762078260651,0.48153921252906973,1.6604554547010728,0.54672156943425498,-0.2951135792631811,0.16996943171256232,3.9432588210535,1.2390059859609253,1.97162941052675,0.61950299298046263,1.9876897870892463,0.57960732870600529,1.9593694483841937,0.63913716444773161,0.012259962142556601,0.033544185060796962,-1.9256941428041751e-05,1.2307824282355753e-05
288,0,0.98999999999999999,5,9,11,24,0.75181363560718251,nm^-1,False,1.5934222828861926,0.47370389141830843,1.5572285222707558,0.38954340948794103,-0.55717760468818045,0.24696433394587763,4.2650060145333102,1.3145443279041991,2.1325030072666551,0.65727216395209953,2.1505998875743728,0.69768436997392547,2.1201464052967838,0.6868217991198321,0.012356601969870895,0.10236182977292811,-1.0536810194934343e-05,1.3124044145094386e-05
288,0,0.98999999999999999,5,10,12,8,0.78524373241217693,nm^-1,False,1.4913288820686463,0.58994645351947428,1.3687952287034999,0.5856973778478396,-0.76479281119034481,0.47258290704172567,4.3897097331528352,2.1169044781624731,2.1948548665764176,1.0584522390812365,2.2561216932589909,1.0616473855966579,1.6310532014535102,0.79206154120247518,0.56380166512290775,0.2907167955444564,5.5347831112674867e-05,1.8768032725972394e-05
288,0,0.98999999999999999,5,11,13,24,0.81730758952815541,nm^-1,False,1.6278005064092624,0.52764167302778364,1.8780692290380387,0.584362205121016,-0.98633727526817461,0.42063134708291128,5.4785442859836522,1.9335514789319572,2.7392721429918261,0.96677573946597861,2.6141377816774374,0.94101786027058676,2.9414224864484142,1.1039556018761705,-0.20215034345658855,0.1468519488069687,3.0954852357456272e-05,1.8055118988682489e-05
288,0,0.98999999999999999,5,12,14,48,0.8481601691355477,nm^-1,False,1.9162092946230438,0.58308780770433322,1.6909566397912692,0.55886594675714441,-1.3159828595192735,0.55557330957756901,6.2391316534528602,2.2436839317910469,3.1195658267264301,1.1218419658955234,3.2321921541423171,1.1376326448410923,2.9540729319158219,1.0587747680277186,0.16549289481060775,0.083648729384482368,-5.4963590383859847e-06,1.8408511842276456e-05
288,0,0.98999999999999999,5,13,16,6,0.90672136057527364,nm^-1,False,1.8669744944222522,0.66686842198802565,1.5549819537678631,0.63250005007127619,-1.0633274558686148,0.59030974203877251,5.548611359927345,2.3326090247681299,2.7743056799636725,1.166304512384065,2.9303019502908669,1.1934136518431666,3.3182994502897118,1.3632380213345836,-0.54399377032603946,0.31900365134438974,-5.3238566632285344e-05,2.3709258453752425e-05
288,0,0.98999999999999999,5,14,17,48,0.93462698566390245,nm^-1,False,1.7214519090409754,0.52424997016939578,1.6099216660184248,0.44787066904045791,-1.1711101287769785,0.47352317962361545,5.6735938326133564,1.8876571883673261,2.8367969163066782,0.94382859418366305,2.892562037817954,0.988741178938638,2.7973065425303476,0.97261004521547489,0.039490373776330336,0.051828821255008407,-8.5401805848194466e-06,1.2759495032667764e-05
288,0,0.98999999999999999,5,15,18,36,0.9617232340642029,nm^-1,False,2.0203576129019298,0.6293808699128387,1.9669740240328248,0.62657951766950182,-1.512493277998912,0.62217919077401007,7.012318192932578,2.4977416597830331,3.506159096466289,1.2488708298915165,3.5328508909008418,1.251134166274471,3.5071805055039826,1.3135164795790548,-0.0010214090376929996,0.15359732822252928,-1.9193287511979505e-06,1.2055919276282154e-05
288,0,0.98999999999999999,5,16,19,24,0.98807669517433072,nm^-1,True,2.9803412012089572,1.0139557472798308,2.7650027676450497,0.93649137016407857,-2.4633598331416819,1.0331847436214041,10.67206363513737,4.01554254500354,5.3360318175686849,2.00777127250177,5.4437010343506387,2.0470207522231205,5.4347638347601404,2.1171573231217544,-0.098732017191454996,0.35914923307884972,6.8397963556030143e-06,5.9474867628807795e-05
288,0,0.98999999999999999,5,17,20,24,1.0137452994487048,nm^-1,False,1.9303756157004064,0.63758197406869377,1.880359648998229,0.66869429572257155,-1.51957349709186,0.71563056527292257,6.8498822588823556,2.7335687966934503,3.4249411294411778,1.3667843983467252,3.4499491127922668,1.3516075752454573,3.1791507461395314,1.2398980329437401,0.2457903833016461,0.18639902321300203,6.1252308022849308e-05,3.760853270713737e-05
288,0,0.98999999999999999,5,18,21,48,1.0387798172673848,nm^-1,False,2.0057966430572653,0.66260266646636035,1.9734206214330463,0.6035841513243535,-1.5974018892672792,0.66082251720175322,7.1740210430248696,2.5800761941000938,3.5870105215124348,1.2900380970500469,3.6031985323245443,1.3201224062296308,3.5507539008919315,1.289028768812793,0.036256620620503298,0.043286994702487563,-5.8439143403557699e-05,2.7747178803017169e-05
288,0,0.98999999999999999,5,19,22,24,1.0632250398527014,nm^-1,False,2.0459946989444808,0.68210100612894276,2.1470949262564298,0.72070622159688913,-1.7088488459217879,0.75803062880408889,7.610787317044486,2.9121324051023629,3.805393658522243,1.4560662025511815,3.7548435448662687,1.4383032929961164,4.0223395956272228,1.5378750888815262,-0.21694593710498022,0.19569045381089362,3.9940566125321705e-05,4.3758496810100136e-05
288,0,0.98999999999999999,5,20,24,24,1.11050233614577,nm^-1,False,1.945130750573576,0.65702177403768125,2.1846227068036561,0.72298658202622912,-1.7282075198916502,0.73020690706566205,7.5861684971605312,2.839282894771912,3.7930842485802656,1.419641447385956,3.6733382704652264,1.3866481679082092,3.6283881613191498,1.3986749822780802,0.16469608726111634,0.13067779959724168,7.6062509544634803e-05,3.3243531085782766e-05
288,0,0.98999999999999999,5,21,25,30,1.133401700719092,nm^-1,False,2.2225813531343155,0.72935730144455779,2.1159320044202086,0.67060840899088792,-1.8320521527738207,0.75469181002098618,8.0026176631021659,2.9001874436721415,4.001308831551083,1.4500937218360708,4.0546335059081358,1.4812179810005113,4.4799188368960348,1.7222351754116367,-0.47861000534495152,0.43324857824521246,-7.0204376405581001e-05,5.6275457081852821e-05
288,0,0.98999999999999999,5,22,26,72,1.1558474777411798,nm^-1,False,1.968010193950835,0.62074259276437604,1.9985309222748462,0.62210708105497803,-1.6238709108541485,0.69350388451143818,7.2142829379339783,2.6276226356503334,3.6071414689669892,1.3138113178251667,3.5918811048049841,1.3136426735496736,3.4258675138912862,1.2194968243295294,0.18127395507570326,0.11333642589072822,-6.3349383381954987e-06,1.1978628147311544e-05
288,0,0.98999999999999999,5,23,27,32,1.1778655986182653,nm^-1,False,1.669384110491285,0.47932220324468661,1.5286566118743266,0.42537096731540258,-1.2437198138314578,0.51582240894566755,5.6854803500285271,1.9242958412314213,2.8427401750142636,0.96214792061571064,2.9131039243227432,0.9921266189666903,2.8491328022483708,0.97456217222344799,-0.0063926272341069844,0.10099300608789696,-2.7854330276536305e-05,2.3805623961746698e-05
288,0,0.98999999999999999,5,24,29,72,1.2207109902117697,nm^-1,False,1.4254685688359863,0.37690505419066789,1.4775947370592175,0.38639499234114666,-1.1368612242465108,0.45784209992339148,5.1767857543882254,1.6782194075243304,2.5883928771941127,0.8391097037621652,2.5623297930824971,0.83425731738397491,2.5992835512387313,0.87653874329429671,-0.010890674044618399,0.07903118163255915,-1.1655767205101678e-05,2.0540377586588444e-05
288,0,0.98999999999999999,5,25,30,48,1.241579356397132,nm^-1,False,1.3871384125446062,0.38432672964195408,1.3503773832782531,0.37479232169595522,-1.0611233120143047,0.45617031501806588,4.8597624198514691,1.6680061112032591,2.4298812099257345,0.83400305560162957,2.4482617245589111,0.83896183448223038,2.5190795556477874,0.87864693470564847,-0.089198345722052513,0.071899101068463617,-3.6053000838482755e-05,1.76796578124125e-05
288,0,0.98999999999999999,5,26,32,12,1.2822976454189374,nm^-1,False,1.2016685931231641,0.39723476609692104,1.3153874927032132,0.35844469853514488,-0.92573719368816365,0.48049549514006884,4.3685304732027053,1.7075065343675182,2.1842652366013526,0.8537532671837591,2.1274057868113276,0.87284716014597974,2.6870979291209998,0.95691810660206389,-0.50283269251964724,0.34623456677181225,3.3144597661558854e-05,3.353014451967393e-05
288,0,0.98999999999999999,5,27,33,48,1.3021794146947141,nm^-1,False,1.4670708768785619,0.39033196627350131,1.4750113227949586,0.39137608149747999,-1.1387512225997825,0.50371552762149652,5.2195846448730849,1.7863222254651472,2.6097923224365425,0.89316111273257359,2.6058220994783441,0.892900321374963,2.1945741407033275,0.68294300514839557,0.41521818173321512,0.22006785305396653,2.5456314079714031e-05,2.3071527492042532e-05
288,0,0.98999999999999999,5,28,34,48,1.3217621588857753,nm^-1,False,1.1273957224620355,0.26127381665783689,1.1291536627210426,0.25762721446354075,-0.82306436543194583,0.34607770421145234,3.9026781160469697,1.2097075573569533,1.9513390580234848,0.60485377867847667,1.9504600878939811,0.6064039444150181,1.9928888762690888,0.64606055139158491,-0.041549818245604421,0.077363369567029092,-1.9430252143177558e-05,3.0803840004474185e-05
288,0,0.98999999999999999,5,29,35,48,1.3410589775509885,nm^-1,False,1.235274204284035,0.29565556786907593,1.1345581534860021,0.26383912501871043,-0.91523591236325319,0.36141316859575312,4.2003041824965432,1.278379410428359,2.1001520912482716,0.6391897052141795,2.1505101166472889,0.65555765220483986,2.0572709415185959,0.66178385226158376,0.042881149729675792,0.16267061740386496,-9.8504298386943474e-06,1.991751940234631e-05
288,0,0.98999999999999999,5,30,36,30,1.3600820408629104,nm^-1,False,0.89474504686915535,0.16563101009985082,0.98680778798324487,0.20744224104827028,-0.64922615294645192,0.26483085161390879,3.1800051407453038,0.89980789901528646,1.5900025703726519,0.44990394950764323,1.5439711998156074,0.42985889185120402,1.7433949653259535,0.52840918028675721,-0.15339239495330165,0.11504446987446582,5.7400264140836725e-05,2.4653670780744256e-05
288,0,0.98999999999999999,5,31,37,24,1.3788426793820738,nm^-1,False,0.78649817398143962,0.12653051720163594,0.80391121734333704,0.13999361706656918,-0.48006392780845691,0.20154312926157392,2.5505372469416905,0.65243937244615724,1.2752686234708452,0.32621968622307862,1.2665621017898965,0.32575133555076941,1.2689912276743911,0.30486358015503673,0.0062773957964539998,0.050720783576545823,-6.7121101934733793e-06,2.135142407511892e-05
288,0,0.98999999999999999,5,32,38,72,1.3973514629803248,nm^-1,False,0.81268768838471117,0.11102796382882132,0.78700196019019997,0.15524846537534281,-0.53205384573766656,0.21022868419802626,2.6637973400502437,0.68062641126905654,1.3318986700251219,0.34031320563452827,1.3447415341223778,0.318344918820337,1.5164947253211751,0.43055994642912093,-0.18459605529605311,0.11071570860808296,4.9055988678068229e-06,2.7048946189260589e-06
288,0,0.98999999999999999,5,33,40,24,1.4336523512723329,nm^-1,False,0.69153071923394849,0.06638770070479437,0.6460360332164532,0.094015243135303794,-0.40481669634494233,0.15379072254434606,2.1472001451402862,0.45400215604139055,1.0736000725701431,0.22700107802069527,1.0963474155788908,0.21535120696279203,1.1193259833245033,0.24845687693960414,-0.045725910754360014,0.078793468972793643,-3.5218481093631472e-05,1.3460968046389348e-05
288,0,0.98999999999999999,5,34,41,96,1.451462380124406,nm^-1,False,0.72677777204702565,0.0991129284189885,0.68097374397207466,0.09448554420620954,-0.42249446120355366,0.18396707006210608,2.252740438426208,0.55558637064387917,1.126370219213104,0.27779318532193958,1.1492722332505791,0.28047124758961878,1.1763927632758988,0.30386872237503132,-0.050022544062794785,0.069440370392843218,-1.4815960046224461e-05,1.0436313438017674e-05
288,0,0.98999999999999999,5,35,42,48,1.4690565058989811,nm^-1,False,0.70899863521693507,0.071416840956286545,0.73298699078665752,0.097417563616373923,-0.44599457417329785,0.1887825325255553,2.333974774350188,0.54195063707152591,1.166987387175094,0.27097531853576295,1.1549932093902329,0.25899430617654878,1.2644414377326507,0.30628377152104524,-0.097454050557556557,0.04040238820028285,1.0172005046421914e-05,2.5873353877591511e-05
288,0,0.98999999999999999,5,36,43,24,1.486442395160956,nm^-1,False,0.70043827017483029,0.12779282215524046,0.71496875590593945,0.15731117367463632,-0.46736442908733533,0.20638912705682899,2.3501358842554403,0.69054793027920214,1.1750679421277201,0.34527396513960107,1.1678026992621657,0.32993446176337704,1.1096845228487151,0.29015320519474735,0.065383419279005109,0.15105882039492446,-2.7136587941046694e-05,1.4049444678502054e-05
288,1,0.98999999999999999,5,0,1,6,0.22668034014381841,nm^-1,True,264.38579834862065,118.53645782794905,263.74692982773041,140.61167495923482,-135.40757555658746,73.392977931179047,798.94787928952599,402.22540325846211,399.47393964476299,201.11270162923105,399.79337390520811,190.05709385495015,389.06376538882319,197.45057843901546,10.410174255939841,4.3531661907417387,0.00074045135705656426,0.00038007510784925357
288,1,0.98999999999999999,5,1,2,12,0.32057441135473436,nm^-1,False,93.942198672534602,40.719276417555264,107.59034780846298,57.00592133338521,-52.60321101788643,31.978631944772886,306.73896851677046,157.71263442859964,153.36948425838523,78.856317214299821,146.54540969042105,70.468515660667705,157.24546390347018,79.750987588197361,-3.8759796450849562,1.7991701776062845,-0.00059424355750564478,0.00033924453433909239
288,1,0.98999999999999999,5,2,3,8,0.39262186620608847,nm^-1,False,22.100125063211756,13.244050661518342,17.15659306583958,8.7327794349475116,-8.4270860374961813,6.1313362621596532,56.110890204043685,33.62281720092863,28.055445102021842,16.811408600464315,30.527211100707934,19.183399280848214,30.916469698683024,18.677965659251889,-2.8610245966611769,1.9595293537717249,-1.0809254321342981e-05,0.00019631679599116709
288,1,0.98999999999999999,5,3,4,6,0.45336068028763682,nm^-1,False,7.9792484119187606,3.3420876638116113,8.648416194372917,3.4271652436296436,-0.12359264014720921,2.6125343460878701,16.874849886586095,9.2040334981938638,8.4374249432930473,4.6020167490969319,8.1028410520659691,4.9967655590188915,8.4282262338700829,4.4291258217675775,0.0091987094229637016,0.8773159658402393,2.9809361048700972e-05,6.2012846244451225e-05
288,1,0.98999999999999999,5,4,5,24,0.50687264972435242,nm^-1,False,9.5633742093523235,3.8536400728788371,7.0449227850757143,2.84045396799951,-1.5960266689364713,0.82839416097719276,19.80035033230098,7.7117091250785244,9.9001751661504898,3.8558545625392622,11.159400878288796,4.3524167550405606,9.7419050924240729,3.7851281943823851,0.15827007372641805,0.19137671826648653,7.4498209581731599e-05,2.6270653756843712e-05
288,1,0.98999999999999999,5,5,6,24,0.55525116807288499,nm^-1,False,4.1856585360857093,1.7884255766919053,3.5374668334639998,1.2633949596850242,-0.57268071032369705,0.34912113608215517,8.8684867901971032,3.3852580943827077,4.4342433950985516,1.6926290471913539,4.7583392464094061,2.0884550276085752,4.4771686664112185,1.681055279040516,-0.042925271312666061,0.29788376914264364,-3.2098248733849283e-05,3.2498701562779129e-05
288,1,0.98999999999999999,5,6,8,12,0.64114882270946871,nm^-1,False,2.6926714738789244,1.0313293823900134,3.5573136297906784,1.2715167157635585,-1.322237578216215,0.6955040595943669,8.8944602601020328,3.2633212478555085,4.4472301300510164,1.6316606239277542,4.0149090520951392,1.5237245183222825,4.2774353823467051,1.6201223863444822,0.16979474770431163,0.12934509476850756,-2.0509437963142331e-05,2.4932561075303952e-05
288,1,0.98999999999999999,5,7,9,30,0.6800410204314552,nm^-1,False,2.4273500072945642,0.96634563491241254,2.2259550651103499,0.71728590627029443,-0.43808277484087421,0.24701874515426864,5.529470622086663,2.0114204817743264,2.7647353110433315,1.0057102408871632,2.8654327821354384,1.2067904995197574,2.917952796879252,1.0050335944952846,-0.15321748583592068,0.19822314070623476,-2.3130534385546651e-05,3.4922242500666854e-05
288,1,0.98999999999999999,5,8,10,24,0.71682617563616646,nm^-1,False,2.4652337777823918,0.81926221846346414,2.3183533579318363,0.88548050761452834,-0.72141186523280521,0.32505849333241316,6.2264108661798385,2.3014171941991277,3.1132054330899193,1.1507085970995639,3.186645643015197,1.1262011961653131,2.9722765510397844,1.0335540939313039,0.14092888205013482,0.19227216256146329,1.7146502362442252e-05,3.1971840563049919e-05
288,1,0.98999999999999999,5,9,11,24,0.75181363560718251,nm^-1,False,1.9822191055087,0.66745558286847106,1.6191447707744153,0.52936712479166059,-0.58570623064346816,0.23633714848043114,4.7727763375700514,1.5982170721551463,2.3863881687850257,0.79910853607757315,2.5679253361521677,0.89906342405681439,2.3741426896032789,0.80022711945462421,0.01224547918174681,0.044665195468457618,1.8398460664945951e-07,1.1041599262776851e-05
288,1,0.98999999999999999,5,10,12,8,0.78524373241217693,nm^-1,False,1.2437881351883366,0.50569329380968175,1.6188652795448655,0.64485602052322732,-0.44343306484081602,0.23944483192999302,3.7495195444148335,1.5657846459258364,1.8747597722074167,0.78289232296291822,1.6872212000291527,0.70400241430512178,2.0694662448129746,0.91418892630850301,-0.19470647260555748,0.15440267691674248,-3.4542722462134038e-05,3.7296649094502482e-05
288,1,0.98999999999999999,5,11,13,24,0.81730758952815541,nm^-1,False,1.5822748258665384,0.56659206028890396,1.7181415073693997,0.54311723209870155,-0.62083152796188368,0.25850450269639857,4.5420793891597055,1.4608942172060557,2.2710396945798528,0.73044710860302786,2.2031063538284221,0.81754197811956908,2.2141253910218195,0.71791545307086202,0.056914303558033598,0.050460427259690341,8.4687307517558077e-06,1.8907465321278173e-05
288,1,0.98999999999999999,5,12,14,48,0.8481601691355477,nm^-1,False,1.248194369495492,0.35489331474394603,1.1516142336181339,0.39385538773643536,-0.28227989349101806,0.1827693043068401,2.9643683900956623,1.0830272398324066,1.4821841950478312,0.54151361991620328,1.53047426298651,0.52312304581003422,1.4741337830356862,0.5260408530756252,0.0080504120121449585,0.042244012986404546,4.4176374309635442e-07,1.7659998392051268e-05
288,1,0.98999999999999999,5,13,16,6,0.90672136057527364,nm^-1,False,1.1956951466491126,0.49883764283570398,0.61433872377425414,0.065596101149488731,-0.090816929956359843,0.10057944482847971,1.9916677303360864,0.70042071700315756,0.99583386516804318,0.35021035850157878,1.2865120766054725,0.57573634449292543,0.9911387750597116,0.43692860449108151,0.0046950901083316343,0.13314497326979913,5.2087114185334693e-06,2.0346914265174061e-05
288,1,0.98999999999999999,5,14,17,48,0.93462698566390245,nm^-1,False,0.81209608304209202,0.1687958573008515,0.87268258255659636,0.21026199440615398,-0.16726110774852657,0.099040177965400281,2.0193008810957411,0.54278972609776233,1.0096504405478706,0.27139486304888116,0.97935719079061856,0.26485921189675615,1.0069151330620945,0.27777464168328198,0.0027353074857762285,0.029616689305882064,-8.7742362455245881e-07,6.2661150035542326e-06
288,1,0.98999999999999999,5,15,18,36,0.9617232340642029,nm^-1,False,0.94165259399300005,0.24694060583698726,0.78407144875206003,0.14738130866358956,-0.14455400543695807,0.0569182225208055,2.0148320536189761,0.44752091337816119,1.0074160268094881,0.22376045668908059,1.0862065994299581,0.2824622743179443,0.98184610989487831,0.17579652356968073,0.025569916914609792,0.064056425273781595,9.4531178260049147e-06,1.0005404999900297e-05
288,1,0.98999999999999999,5,16,19,24,0.98807669517433072,nm^-1,False,0.70269455800059499,0.1383798376703311,0.70607273027518613,0.10978132632808013,-0.1217566150512908,0.079039270088369182,1.6522805183783629,0.38756352513146941,0.82614025918918144,0.19378176256573471,0.82445117305188587,0.21440029365444346,0.86952513303177725,0.22908071029438437,-0.043384873842595852,0.073040371811538218,1.0985103297665622e-05,1.081074065199605e-05
288,1,0.98999999999999999,5,17,20,24,1.0137452994487048,nm^-1,False,0.78426015177042563,0.091272824842675945,0.68289830280484265,0.066234520975853292,-0.0086443844234371514,0.069331450847895867,1.4844472234221429,0.24008573331973507,0.74222361171107143,0.12004286665986753,0.79290453619386292,0.14723989901784518,0.67703811006682191,0.085924355408871583,0.065185501644249466,0.054499111905084094,1.3066284072193669e-05,9.3252924715989935e-06
288,1,0.98999999999999999,5,18,21,48,1.0387798172673848,nm^-1,False,0.63754051618601182,0.073685501958644678,0.57048394176493566,0.041218013268629665,-0.081179477390578653,0.038346390358646135,1.3703834127321044,0.16379896624957183,0.6851917063660522,0.081899483124785913,0.71871999357659033,0.095431805611892878,0.69942306625596851,0.087852291517121012,-0.014231359889916261,0.030084441486386549,1.1139593230651059e-05,6.1879930138561875e-06
288,1,0.98999999999999999,5,19,22,24,1.0632250398527014,nm^-1,False,0.60420221159534837,0.080261081065228265,0.51537210558427682,0.03356914429765015,-0.014228592296958567,0.036410646904314427,1.1480315017735425,0.15895150648520881,0.57401575088677126,0.079475753242604405,0.61843080389230687,0.10039245395632367,0.61808217963448764,0.064561385511220176,-0.04406642874771631,0.050068414994270331,2.0249953387991916e-06,8.2254834956396499e-06
288,1,0.98999999999999999,5,20,24,24,1.11050233614577,nm^-1,False,0.52521396586516167,0.055156182839741108,0.49435814854305471,0.035869319325686433,-0.07519530350630213,0.024871684997120804,1.1699627214208206,0.06217087322957203,0.58498136071041029,0.031085436614786015,0.60040926937146388,0.040186547546817282,0.55041419293071692,0.036637437244372142,0.034567167779693417,0.040039321405273685,-1.1272022430853222e-05,8.6994932044793417e-06
288,1,0.98999999999999999,5,21,25,30,1.133401700719092,nm^-1,False,0.48505064432998851,0.043908438691265095,0.59026858882244482,0.088207597111628483,-0.085464745892732258,0.045465476919799963,1.2462487249378977,0.20221162746382837,0.62312436246894887,0.10110581373191418,0.5705153902227208,0.077048065450003048,0.62576268054979223,0.11417681169144298,-0.0026383180808432828,0.048675111556257943,-1.8061158531994856e-05,6.4562064281952167e-06
288,1,0.98999999999999999,5,22,26,72,1.1558474777411798,nm^-1,False,0.5265609088066654,0.031062765709551934,0.54444693039316849,0.017470456671415252,-0.043452048114414776,0.021531566098285992,1.1579119354286633,0.062502011403139199,0.57895596771433167,0.031251005701569599,0.57001295692108012,0.037935666451106471,0.58309231383204463,0.040172147868804971,-0.004136346117712875,0.022540335372469786,1.3947067642254401e-06,3.1442892708652026e-06
288,1,0.98999999999999999,5,23,27,32,1.1778655986182653,nm^-1,False,0.54327741837188925,0.047621500710589959,0.49208956544311089,0.04203536214245808,-0.055258330830377969,0.021258698766324753,1.1458836454757562,0.10496156051379675,0.57294182273787808,0.052480780256898375,0.59853574920226715,0.052577498729669221,0.51251209806613307,0.056685021597462651,0.060429724671745046,0.01178086112050292,7.3662435456319795e-06,9.3067877031590003e-06
288,1,0.98999999999999999,5,24,29,72,1.2207109902117697,nm^-1,False,0.40935278359557803,0.040953324779470293,0.44415525304415099,0.022303070421196614,-0.053147187741918643,0.03119215360122235,0.95980241212356621,0.079620385915557312,0.4799012060617831,0.039810192957778656,0.46249997133749671,0.054610470066516772,0.49676619856053195,0.033682075866387093,-0.016864992498748864,0.024080423945570122,3.8815381266464662e-06,1.4243131395360973e-06
288,1,0.98999999999999999,5,25,30,48,1.241579356397132,nm^-1,False,0.42816537600610316,0.035664262462325409,0.378405422213696,0.024052407162657406,-0.065028236179092064,0.029083989516945675,0.93662727057798334,0.073511167280308917,0.46831363528899167,0.036755583640154459,0.49319361218519531,0.047490115688982211,0.46244736296380989,0.031049616180871764,0.0058662723251817536,0.022411659487969176,5.7864734789253938e-06,5.0610668490909341e-06
288,1,0.98999999999999999,5,26,32,12,1.2822976454189374,nm^-1,False,0.50477254286041939,0.069471309649522556,0.51410292925524792,0.12003019576562661,-0.058811421750730154,0.064257232056470118,1.1364983156171276,0.2078307946797015,0.56824915780856378,0.10391539733985075,0.56358396461114946,0.13127199851402255,0.64488949383201066,0.11673865380205117,-0.076640336023446845,0.046773579859119126,-3.7423574003508953e-05,7.7698182351709328e-06
288,1,0.98999999999999999,5,27,33,48,1.3021794146947141,nm^-1,False,0.41967162932570973,0.072297299047353145,0.38332584616122634,0.040108303742649266,-0.039790553155289995,0.025835045566216103,0.88257858179751614,0.099331901557333874,0.44128929089875807,0.049665950778666937,0.45946218248099974,0.068520053828433153,0.41155890130111333,0.046705565871064711,0.02973038959764469,0.013439336432008673,9.2289555863677678e-06,4.4607953527288843e-06
288,1,0.98999999999999999,5,28,34,48,1.3217621588857753,nm^-1,False,0.36636501249134013,0.053484575760989257,0.40991595767203465,0.056809912591442052,-0.042759017330030187,0.028437588481591829,0.86179900482343486,0.11381892283065428,0.43089950241171743,0.056909461415327142,0.40912402982137036,0.053199386607883224,0.4458408058858831,0.042132611649946958,-0.014941303474165623,0.017605798189412276,2.1894521969097343e-07,4.392896649306963e-06
288,1,0.98999999999999999,5,29,35,48,1.3410589775509885,nm^-1,False,0.42523233334074584,0.057079598953886833,0.34339139090479914,0.064395384879728373,-0.025665761425498684,0.023398279090967176,0.81995524709654233,0.10825753127757673,0.40997762354827116,0.054128765638788365,0.45089809476624454,0.049749579994160666,0.37478800978210347,0.051440896127031191,0.0351896137661677,0.033477757935384003,4.3521526166628394e-06,4.6610357864570733e-06
288,1,0.98999999999999999,5,30,36,30,1.3600820408629104,nm^-1,False,0.35132104998547298,0.068273671545867706,0.35739037085803782,0.080892247678993529,-0.028908332414530856,0.027088059860425267,0.76652808567257247,0.12342089455122059,0.38326404283628623,0.061710447275610293,0.38022938240000381,0.062349229950640739,0.33797621555778651,0.035138658940925604,0.045287827278499705,0.028452621223828228,-9.1070593103214596e-06,3.7723233401287751e-06
288,1,0.98999999999999999,5,31,37,24,1.3788426793820738,nm^-1,False,0.38462411818878867,0.046883654629689644,0.33894812526009455,0.080456408306505939,-0.037115405042494706,0.020629826379552903,0.79780305353387271,0.082599573301483556,0.39890152676693635,0.041299786650741778,0.42173952323128339,0.053138788123529949,0.37386304161040523,0.042424217703076555,0.02503848515653111,0.0091099603538040627,1.3397621601394748e-06,7.9503807859585137e-06
288,1,0.98999999999999999,5,32,38,72,1.3973514629803248,nm^-1,False,0.32992295284892614,0.062873355668656317,0.33780803737549892,0.070396316866777497,-0.018275110423187354,0.013113841032825906,0.70428121107080011,0.13622426259736656,0.35214060553540005,0.068112131298683279,0.3481980632721135,0.065515181980665374,0.34421585733401083,0.068326269343961382,0.0079247482013891542,0.022034456528799189,-6.3643250047699941e-07,2.1754462508905952e-06
288,1,0.98999999999999999,5,33,40,24,1.4336523512723329,nm^-1,False,0.37761989770684778,0.058786237663169087,0.33990012169311296,0.071059625977914168,-0.029062383790279967,0.015804429716883003,0.77564478698052064,0.11492848835948019,0.38782239349026032,0.057464244179740095,0.40668228149712771,0.049975696378420496,0.35942632687939657,0.064946752524257967,0.028396066610863795,0.01647719956320871,4.2943554580285441e-06,6.9377650955521621e-06
288,1,0.98999999999999999,5,34,41,96,1.451462380124406,nm^-1,False,0.34154728769708875,0.056986322353340661,0.34097458896255806,0.0702203489220386,-0.021702124970543239,0.012775756764231179,0.72592612660073341,0.10188806711594015,0.36296306330036671,0.050944033557970073,0.36324941266763194,0.045399434182890636,0.35944058260326917,0.048745374707873802,0.0035224806970975352,0.0077297950595203732,-7.7295787440976291e-07,3.3478856450367562e-06
288,1,0.98999999999999999,5,35,42,48,1.4690565058989811,nm^-1,False,0.35614009478099334,0.07204315205857606,0.31675363163849057,0.061746143292660621,-0.028766995827096221,0.020452635056250459,0.73042771807367646,0.10732003519933282,0.36521385903683823,0.053660017599666411,0.38490709060808953,0.058409536693650836,0.35911419733681138,0.054640892659702421,0.0060996617000267876,0.016629482047160034,1.1086893684594679e-05,5.3794180706672742e-06
288,1,0.98999999999999999,5,36,43,24,1.486442395160956,nm^-1,False,0.34411894287666001,0.096288000064127174,0.33071663350675595,0.089547032865352455,-0.034194144014855606,0.0096350945857572,0.74322386441312727,0.19084201942857379,0.37161193220656363,0.095421009714286895,0.37831308689151566,0.099594257744632708,0.32957633010968196,0.074050500654783913,0.042035602096881688,0.02172908647014983,-6.0569053468961669e-06,7.5003647790023196e-06
576,0,0.98999999999999999,5,0,1,6,0.17991630520240331,nm^-1,False,80.474818037139599,21.551966526968201,76.310854645027263,20.82982435855396,77.865712647372533,21.132969361272067,1.054247387421769,0.077896259126306489,0.52712369371088452,0.038948129563153244,2.6091053897670569,1.7700874702253055,0.54110025126594041,0.048437008850488121,-0.013976557555055802,0.030520565248929789,3.2124028276956086e-06,3.9659707305324467e-06
576,0,0.98999999999999999,5,1,2,12,0.25444007890929582,nm^-1,False,60.945159548536765,16.007414830453278,62.901933988047197,17.08469441367718,61.313934477968608,16.490622988855637,1.2192245806467377,0.25729104393927549,0.60961229032336883,0.12864552196963774,-0.36877492943185353,0.88190819061232328,0.67177900328177231,0.13346329150994704,-0.062166712958403501,0.02307480970387895,6.9611720508072753e-06,2.8897275985722584e-06
576,0,0.98999999999999999,5,2,3,8,0.31162418172063122,nm^-1,False,31.874558008028721,11.222604002780008,31.667613911478419,10.014386629696197,30.72217041343016,10.527268644862932,2.0978310926468104,0.55472770118555503,1.0489155463234052,0.27736385059277752,1.1523875945985564,1.2754719319709651,1.0193428521185457,0.25743421894308005,0.029572694204859584,0.063051116272045002,9.7937610638960809e-07,1.3267146993131371e-06
576,0,0.98999999999999999,5,3,4,6,0.35983261040480663,nm^-1,False,12.475291174658974,5.0163595549240796,12.118981578704734,5.1596084463322525,11.369046269317284,5.0062185800830994,1.8561802147291413,0.42183507638631967,0.92809010736457065,0.21091753819315984,1.1062449053416907,0.25532055116583979,0.98294792216187454,0.24244423634585122,-0.054857814797304005,0.042330161898041251,-1.9319407658955726e-06,6.8670733529372231e-06
576,0,0.98999999999999999,5,4,5,24,0.40230508869317289,nm^-1,False,7.1702498592836843,1.7222930671107048,7.743874361111966,1.9211967203188585,6.6641920216561177,1.7397899288696324,1.5857401770834187,0.23173195780154937,0.79287008854170937,0.11586597890077469,0.50605783762756729,0.3000574776844257,0.79588064190192154,0.12297871697497943,-0.003010553360212209,0.018831292108027361,1.6915240777479866e-05,1.1392312769352371e-05
576,0,0.98999999999999999,5,5,6,24,0.44070314415273465,nm^-1,False,4.9406400945622595,1.2655451493586307,4.2436877746668573,1.2798115147429761,3.358145896688459,1.0650754551640171,2.4680360758521998,0.38765119669659059,1.2340180379260999,0.1938255983482953,1.5824941978738003,0.56908933276856821,1.2389279328363529,0.20620933348750775,-0.0049098949102529101,0.046079293056020224,3.5916792205826031e-06,1.041050200352125e-05
576,0,0.98999999999999999,5,6,8,12,0.50888015781859164,nm^-1,False,2.1364346776302474,0.6213328663534452,2.3533570146265426,0.56612212003634488,1.254926743227444,0.46557847803380681,1.9799382058019017,0.38177902267928515,0.98996910290095086,0.19088951133964258,0.88150793440280317,0.2401398146011699,0.98287409574012197,0.18291757321071572,0.007095007160828881,0.026972187831335606,-1.7172173395190707e-05,1.0325934845427988e-05
576,0,0.98999999999999999,5,7,9,30,0.53974891560720994,nm^-1,False,2.331207417462803,0.4391622012332923,2.5810179423398836,0.50141259021053741,1.3503198850587477,0.3596184643069108,2.2115855896851913,0.34635817029816729,1.1057927948425956,0.17317908514908364,0.98088753240405535,0.17050608621024238,1.1335572338127271,0.17459174264242994,-0.027764438970131256,0.077706101331181388,-6.249888400811275e-06,1.1427757012641299e-05
576,0,0.98999999999999999,5,8,10,24,0.56894531264159598,nm^-1,False,2.3267577285525625,0.47275985885567112,2.1043472838702955,0.49628055264003973,0.85328780593843534,0.28295110214347885,2.724529400545987,0.53976448215006412,1.3622647002729935,0.26988224107503206,1.4734699226141275,0.2753222606163272,1.359649264634949,0.29720549539643321,0.0026154356380447496,0.074120140809721485,3.722552234044171e-06,9.392476359915102e-06
576,0,0.98999999999999999,5,9,11,24,0.59671487802343903,nm^-1,False,1.7972930004515715,0.37884970956446168,1.4841323130277104,0.28435694914923287,0.35270222938244533,0.12430861136458872,2.576020854714391,0.47945904704050363,1.2880104273571955,0.23972952352025181,1.4445907710691257,0.28815170840876836,1.2705843265679166,0.28798964139823879,0.01742610078927892,0.05291344681667158,-3.1401928175837193e-06,1.2767105688935627e-05
576,0,0.98999999999999999,5,10,12,8,0.62324836344126244,nm^-1,False,1.8712014509181407,0.42702075648787696,2.1513215712055085,0.66960018752848005,0.25827635438003838,0.22996241803869272,3.5059703133635738,1.2560757626332528,1.7529851566817869,0.62803788131662641,1.6129250965381021,0.47368884054771437,1.63311325715474,0.69422603994654608,0.1198718995270466,0.14671682247969711,-1.8209307263671166e-05,1.6711165146444219e-05
576,0,0.98999999999999999,5,11,13,24,0.6486974636992936,nm^-1,False,1.6276752558162584,0.30244942607658837,1.726446132087742,0.34607958510187414,-0.024306662464075514,0.14349034468272395,3.4027347128321517,0.62445159859642563,1.7013673564160758,0.31222579929821281,1.6519819182803341,0.38312866909966853,1.6327450573494868,0.32514110812071323,0.068622299066588829,0.11101349036334689,2.5791196240828876e-05,1.0387891359956879e-05
576,0,0.98999999999999999,5,12,14,48,0.67318517236164721,nm^-1,False,1.3172806993010351,0.24474241848606118,1.829975474997934,0.36794606713229167,-0.25799379182814064,0.097488289679969919,3.6632437579552501,0.69036876820494575,1.8316218789776251,0.34518438410247287,1.5752744911291756,0.30523115254726252,1.9197121410476292,0.3682675949376169,-0.088090262070004172,0.062760828199373023,-1.6564960508880416e-06,6.4681972683680646e-06
576,0,0.98999999999999999,5,13,16,6,0.71966522080961326,nm^-1,False,1.3793218989799962,0.73971505327500175,1.2807929121596611,0.43401049309089185,-0.4899108211606345,0.27939162118536126,3.6399364534609262,1.6140616085003419,1.8199682267304631,0.80703080425017093,1.8692327201406307,1.0177850221074431,1.9255898487668077,0.65458100070127101,-0.10562162203634462,0.35559706798019231,3.846294614354502e-05,3.932591262029694e-05
576,0,0.98999999999999999,5,14,17,48,0.74181393012037311,nm^-1,False,1.719661593045418,0.33460865865518091,1.512779564839376,0.31777032871125027,-0.68768108061168054,0.21342082147898456,4.6078033191081547,0.97414858563789619,2.3039016595540773,0.4870742928189481,2.407342673657098,0.50176431627886842,2.2779611199658012,0.46937519846389369,0.025940539588275836,0.045802397813798773,-1.0598359788636979e-05,1.6135321488604483e-05
576,0,0.98999999999999999,5,15,18,36,0.7633202367278874,nm^-1,False,1.5779105415408576,0.31481964387705558,1.5464140378852509,0.29199642436241108,-0.61052956680110171,0.16296007146328331,4.3453837130283119,0.88429023258002237,2.172691856514156,0.44214511629001119,2.1884401083419589,0.47759020427689125,2.2168282157054824,0.47669760225473612,-0.044136359191326767,0.094465704261640693,-3.3698880271458849e-05,8.4271712594392802e-06
576,0,0.98999999999999999,5,16,19,24,0.78423699267249725,nm^-1,False,1.6458716785720866,0.3418665334427059,1.3538253044355499,0.27337226220798533,-0.62302699751433388,0.19185056340868628,4.2457509780363036,0.86399513836657871,2.1228754890181518,0.43199756918328935,2.2688986760864203,0.47771853846842699,2.0469766842024733,0.40759889061533899,0.075898804815678747,0.054516788422033592,-1.2462250917133325e-05,2.7206368846657874e-05
576,0,0.98999999999999999,5,17,20,24,0.80461017738634577,nm^-1,False,1.7310876397728883,0.42946218294724142,1.4091745257491008,0.23309328406290364,-0.73363302913610706,0.26569030491996681,4.607528223794203,1.1213148476134498,2.3037641118971015,0.5606574238067249,2.4647206689089955,0.69092856703321837,2.356025984058661,0.62182191751916749,-0.052261872161559489,0.11081064870379673,1.1338428783668936e-05,1.190878196615908e-05
576,0,0.98999999999999999,5,18,21,48,0.82448008734679035,nm^-1,False,2.0854900888009356,0.44886666522779894,2.1035897377004522,0.44315904673008827,-1.2481885872965215,0.35927563468388246,6.6854570010944316,1.5974153832547564,3.3427285005472158,0.7987076916273782,3.333678676097457,0.80438578736894828,3.2713642929973927,0.78474341612112763,0.071364207549822936,0.075711624280305367,-7.5523167640186372e-06,7.8016253280818339e-06
576,0,0.98999999999999999,5,19,22,24,0.84388227337055466,nm^-1,False,2.1611448692377442,0.48914877459166028,1.7645289886768758,0.43538922036473804,-1.3055700341275511,0.43636996467246725,6.5368139261697227,1.7844454767606226,3.2684069630848613,0.8922227383803113,3.4667149033652946,0.91653865154868663,3.0313261829714815,0.85416508043341366,0.23708078011337932,0.12101204733506887,1.7013253790212483e-05,2.7526591101374635e-05
576,0,0.98999999999999999,5,20,24,24,0.8814062883054693,nm^-1,False,1.9202376384345938,0.39025017783826033,1.9643018923029334,0.45827619838396033,-1.4107588210796205,0.46991449795688706,6.7060571728967684,1.7806220757722866,3.3530285864483842,0.8903110378861433,3.330996459514215,0.85456043958803041,3.3729136617577979,0.87135891764231421,-0.019885075309413459,0.23065756753999583,3.8226358990771727e-06,1.4995019737299478e-05
576,0,0.98999999999999999,5,21,25,30,0.89958152601201657,nm^-1,False,2.2410158242004252,0.46378891535030287,2.0769997494666672,0.4463710445902751,-1.5266130437949759,0.39282978020980375,7.3712416612570433,1.6414227194520621,3.6856208306285216,0.82071135972603104,3.7676288679954006,0.83915986825079059,3.5298365237579232,0.81999210066491446,0.15578430687059858,0.3292265740975816,2.1556548535447694e-05,2.3654834178453808e-05
576,0,0.98999999999999999,5,22,26,72,0.9173967510405695,nm^-1,False,2.3324655972963901,0.56701337952325659,2.4876333664601962,0.51551290661403515,-1.9040052239656937,0.53253032152837454,8.6281094116879729,2.1400559966937829,4.3140547058439864,1.0700279983468914,4.2364708212620839,1.0983368678997303,4.3023936672317502,1.0584295976695006,0.011661038612236763,0.09147416238859471,-9.5647343829612762e-06,1.6136787296692343e-05
576,0,0.98999999999999999,5,23,27,32,0.93487254516189378,nm^-1,False,2.3444788478083582,0.52349101100578654,2.1974611603557159,0.43576901647846522,-1.8121089510607078,0.48485415033011353,8.1661579102854898,1.9147347827384325,4.0830789551427449,0.95736739136921623,4.156587798869066,1.0034849357180398,4.0408415234512836,1.0031408802881665,0.042237431691461012,0.23398818878991837,-2.8333138710341114e-05,4.330012554911413e-05
576,0,0.98999999999999999,5,24,29,72,0.9688789550056528,nm^-1,False,2.5148398313853355,0.57259354582907729,2.7430068854515794,0.63413534010944528,-2.1531952085529467,0.61291681709868795,9.5642371339428074,2.4272154994097028,4.7821185669714037,1.2136077497048514,4.6680350399382835,1.1821537979545589,4.6721749286797074,1.2088387835424941,0.10994363829169637,0.078511611476945548,8.2194246082611324e-07,3.1704648991136324e-05
576,0,0.98999999999999999,5,25,30,48,0.98544218822340368,nm^-1,False,2.6957833247355403,0.59021165642032947,2.7627555211333399,0.58981652536933393,-2.3053931617233849,0.59671988322138469,10.06932516931565,2.352013458702273,5.0346625846578252,1.1760067293511365,5.0011764864589257,1.1811500240429491,5.0791618759714359,1.1928634081146008,-0.04449929131361148,0.15323538654237154,1.0244344327780727e-05,3.0160711443332902e-05
576,0,0.98999999999999999,5,26,32,12,1.0177603156371833,nm^-1,False,2.3688031500426647,0.59744885804816239,2.4656496888740684,0.57991623118679614,-2.0847179123510116,0.57758639621351671,9.0038886636187563,2.3032794814656827,4.5019443318093781,1.1516397407328414,4.4535210623936772,1.1667219099261315,4.0932346245671791,0.96453112201990177,0.40870970724219957,0.33713068114066563,3.9174610270078437e-05,5.7569336467483084e-05
576,0,0.98999999999999999,5,27,33,48,1.0335404863688618,nm^-1,False,2.7358916023549353,0.58130357463994853,2.6770302039862282,0.56305055886461663,-2.3229929682655532,0.59442664187868566,10.05890774287227,2.3285346597281817,5.029453871436135,1.1642673298640909,5.0588845706204895,1.1741882407312083,4.6561964433905612,1.0761945142340188,0.37325742804557482,0.1588589966580056,-2.0839585301466129e-05,4.4322485000661438e-05
576,0,0.98999999999999999,5,28,34,48,1.0490833207335191,nm^-1,False,2.4255375315424805,0.48795364362642507,2.2524642068635954,0.43994247576366807,-1.9874176893970898,0.50179129697003122,8.6528371172002547,1.9263892094913035,4.3264185586001274,0.96319460474565177,4.4129552209395699,0.98752309061114563,4.5330284530649738,1.0143914420882758,-0.20660989446484593,0.20658564821144165,-2.087177528201753e-05,3.2903482391743846e-05
576,0,0.98999999999999999,5,29,35,48,1.0643992158579185,nm^-1,True,2.7909683652024144,0.56118780886949238,2.8408074927445406,0.6305169003570027,-2.53526466032333,0.64643301000417286,10.702305178593615,2.4795663875853204,5.3511525892968077,1.2397831937926602,5.3262330255257453,1.2067080613144197,5.0941121677390111,1.1926936381538618,0.25704042155779694,0.16485915993261446,-2.8211246693695485e-05,2.2064288289659493e-05
576,0,0.98999999999999999,5,30,36,30,1.0794978312144199,nm^-1,False,2.5867827530608558,0.59253526159601277,2.5684761852109261,0.6303098299637907,-2.2693805987423401,0.64170991044829129,9.6940201357564622,2.4989926264419595,4.8470100678782311,1.2494963132209798,4.8561633518031959,1.2325182503373189,5.1652290332768143,1.3903237083150968,-0.31821896539858396,0.22103947231162357,-0.00011218281375495489,6.9072162403008649e-05
576,0,0.98999999999999999,5,31,37,24,1.0943881598748775,nm^-1,False,2.6072392964208317,0.61086121669560789,2.5448029370885674,0.66112134001853362,-2.2773583343861246,0.68486111858724696,9.7067589022816456,2.6350157819645643,4.8533794511408228,1.3175078909822822,4.8845976308069563,1.2943144308898362,5.0199567710978492,1.4787865032494183,-0.1665773199570256,0.24709562083254688,7.2479795566969284e-06,3.5427411742843859e-05
576,0,0.98999999999999999,5,32,38,72,1.109078591152135,nm^-1,False,2.1229169165718695,0.44873675483282088,2.3081401312497487,0.48948781105430189,-1.9065051533228128,0.50556572024131197,8.2440673544672443,1.9488691946921379,4.1220336772336221,0.97443459734606896,4.0294220698946823,0.95412027122087073,4.2548566464597961,1.0103967213368155,-0.13282296922617415,0.15645623324728281,-1.325720352399104e-05,2.8933301794791017e-05
576,0,0.98999999999999999,5,33,40,24,1.137890625283192,nm^-1,False,2.3008274778348561,0.543722359533928,2.0608279180354407,0.49527780904124719,-1.8960706753801186,0.54395266509289497,8.1537967466305332,2.1149282608537079,4.0768983733152666,1.0574641304268539,4.1968981532149749,1.0836166590751017,4.6447354298178851,1.2283558118075726,-0.56783705650261851,0.27504596682161087,-7.9694814614345786e-05,4.966690710062587e-05
576,0,0.98999999999999999,5,34,41,96,1.1520264545508743,nm^-1,False,2.3502382305762537,0.48225150403889205,2.3414468082472211,0.46706991340429899,-2.0370749114667306,0.5210127281729563,8.7658348617569377,1.9878062836589943,4.3829174308784689,0.99390314182949713,4.3873131420429843,1.002289554858447,4.0616985669974612,0.89152214796784623,0.32121886388100684,0.16306891827093953,2.320514438841209e-05,2.0611661424254993e-05
576,0,0.98999999999999999,5,35,42,48,1.1659909214323849,nm^-1,False,2.4552611588693365,0.55672220738005518,2.4809651172991143,0.56348442798947884,-2.1852531759693798,0.60163182421275752,9.3067326281072109,2.3012213186619488,4.6533663140536055,1.1506106593309744,4.6405143348387172,1.1530479552836954,4.9704559848013785,1.2704886753910472,-0.31708967074777322,0.15064414095191397,-2.7315553664677621e-05,2.3298859907250491e-05
576,0,0.98999999999999999,5,36,43,24,1.1797901108843158,nm^-1,False,1.7985410583935106,0.38921486095963964,1.732870621280632,0.37214795335793238,-1.5227100494075425,0.43014840872449617,6.5768317784892272,1.6116248173532035,3.2884158892446136,0.80581240867660175,3.3212511078010536,0.81790495815173536,3.5455709016654353,0.85610950662127117,-0.25715501242082145,0.17946995705109736,4.8016608004801212e-05,3.2226837996544009e-05
576,0,0.98999999999999999,5,37,44,24,1.1934297560468781,nm^-1,False,2.1007066270327046,0.50511602164405778,2.2718232707926846,0.59590200707592755,-1.9019070791878314,0.5920713423245263,8.1763440562010512,2.276070112028898,4.0881720281005256,1.138035056014449,4.0026137062205356,1.0952405208338505,4.2012423594838006,1.14779719781298,-0.11307033138327423,0.18417938000669962,2.5893236344443786e-05,4.5269569024351824e-05
576,0,0.98999999999999999,5,38,45,72,1.2069152660795186,nm^-1,False,1.932998418100969,0.39541217456093758,1.9095041951004628,0.38841480098752179,-1.6621480740159611,0.44855691103587969,7.1667987612333546,1.6783708741559644,3.5833993806166773,0.83918543707798221,3.5951464921169305,0.84280885657058469,3.5945782551823862,0.76693405459571484,-0.011178874565708518,0.22198761159848121,3.1140857473297407e-05,3.3309146040528556e-05
576,0,0.98999999999999999,5,39,46,48,1.2202517512273767,nm^-1,False,1.8977173085542653,0.36994646887359378,1.8989631524299402,0.38490639034797419,-1.6330499615061882,0.43142011457411739,7.0627803839965821,1.6111727212075393,3.5313901919982911,0.80558636060376965,3.530767270060454,0.79990535498226745,3.6069596550882403,0.8411209199917562,-0.07556946308994901,0.095482399955512984,2.080916854085711e-05,3.4330485286684025e-05
576,0,0.98999999999999999,5,40,48,8,1.2464967268825249,nm^-1,False,1.9953071820174526,0.53429996543422409,2.0146246845599043,0.50528398546330711,-1.6538875363852565,0.51424339127794738,7.31770693934787,2.0050575194003608,3.658853469673935,1.0025287597001804,3.6491947184027089,1.0327278878454356,3.2086518028179967,0.87121312843652432,0.45020166685593804,0.27876214729826004,2.5454195627998044e-05,0.00010071426563406601
576,0,0.98999999999999999,5,41,49,54,1.2594141364168232,nm^-1,False,1.8996920639756958,0.38066940092522183,1.9472758195083599,0.40432088878226785,-1.658536335717758,0.44734274565718785,7.1640405549195751,1.6719181031395967,3.5820202774597876,0.83595905156979833,3.5582283996934536,0.82644412211939311,3.8921782299297747,0.90974567150189023,-0.3101579524699884,0.093779865663027789,3.5425016772901482e-05,4.4494259032602176e-05
576,0,0.98999999999999999,5,42,50,84,1.272200394546479,nm^-1,False,1.6851990970458732,0.30520802491018556,1.6883531547281634,0.30446189187124706,-1.4564575925245804,0.36818039988638923,6.2864674368231981,1.3441975771383134,3.143233718411599,0.67209878856915672,3.1416566895704539,0.67282141340967716,2.9576811511937824,0.59972114396621579,0.18555256721781682,0.1355394934668474,-1.1732369347794411e-05,1.3164639541755327e-05
576,0,0.98999999999999999,5,43,51,48,1.2848594167308349,nm^-1,False,1.7787890716442192,0.32806340861753325,1.7409542415681909,0.30657071221271759,-1.5229834863593761,0.38678323154886401,6.5657102859311625,1.404219245355891,3.2828551429655812,0.70210962267794552,3.301772558003595,0.71305937971598865,3.3403152210570193,0.75780613748107695,-0.05746007809143807,0.15968379626441676,2.7036588126495868e-05,3.6025831613013134e-05
576,0,0.98999999999999999,5,44,52,24,1.2973949273985872,nm^-1,False,1.1400959405900752,0.21071726589427736,1.1807770398087805,0.19909251246715687,-0.94637016834517329,0.2609077337488851,4.2136133170892016,0.92716048042269184,2.1068066585446008,0.46358024021134592,2.0864661089352481,0.46984028945754835,2.252861572854703,0.49229244895910529,-0.14605491431010234,0.29599802010349618,1.2663358130637361e-05,3.4098617168518254e-05
576,0,0.98999999999999999,5,45,53,72,1.3098104727468283,nm^-1,False,1.4313292464814487,0.24827919344142677,1.4538384981338246,0.25927232669396655,-1.2058120846523606,0.31001823429673508,5.2967919139199946,1.1214047373750897,2.6483959569599973,0.56070236868754486,2.6371413311338094,0.55788830750030605,2.5629852890688651,0.58978802330651581,0.085410667891132275,0.16748065747547408,5.5029649692331856e-06,1.5028903612227936e-05
576,0,0.98999999999999999,5,46,54,96,1.3221094324582041,nm^-1,False,1.2887847960360683,0.20567780100074085,1.3281616619340313,0.21893359694579734,-1.0754018890650319,0.28650130559577741,4.7677502361001638,0.99636184981864406,2.3838751180500819,0.49818092490932203,2.3641866851011004,0.49165792899673644,2.4626530997297165,0.50827793056727866,-0.078777981679634956,0.13392942524586804,-3.6677132606264811e-06,1.3185642762960541e-05
576,0,0.98999999999999999,5,47,56,48,1.3463703447232944,nm^-1,False,1.437138861675658,0.24076873381751196,1.4452366462345076,0.2568110938060354,-1.2040278138233342,0.31971405204785946,5.2904311355568341,1.129698824656197,2.645215567778417,0.56484941232809849,2.6411666754989924,0.55724845052812222,2.5258814517486465,0.4794992680488086,0.11933411602977087,0.14854852082220862,-2.0466518793308242e-06,2.1538813981273023e-05
576,0,0.98999999999999999,5,48,57,48,1.3583383164837866,nm^-1,False,1.2056036923453775,0.16704411402917468,1.2482117956835501,0.19551014103876632,-1.0164097090867659,0.24114288976451234,4.4866349062024593,0.84001575385980576,2.2433174531012297,0.42000787692990288,2.2220134014321431,0.40787307716915999,2.0840664602825356,0.44969061946244632,0.15925099281869376,0.095325935896017094,1.5072404537157876e-06,3.1132328634264929e-05
576,0,0.98999999999999999,5,49,58,24,1.370201758466866,nm^-1,False,1.2761035384647355,0.29955997724924927,1.2143678476523756,0.2712210951791334,-1.0257957071163635,0.33490601635236061,4.5420628003498376,1.2338226304494151,2.2710314001749188,0.61691131522470755,2.3018992455810987,0.63032319381302304,2.2531535383351455,0.5367849437194181,0.017877861839773378,0.13386198313647574,1.896711992887166e-05,1.2535155549402604e-05
576,0,0.98999999999999999,5,50,59,72,1.3819633626776708,nm^-1,False,1.0789567453111806,0.15948238649571023,1.0105162420312896,0.11913254717761533,-0.83010283097640625,0.22000261163573795,3.7496786492952823,0.71371807739328597,1.8748393246476411,0.35685903869664298,1.9090595762875868,0.3774290196600158,1.9593023603334765,0.38077870133550679,-0.084463035685834992,0.03684700757761615,-7.9191563192215338e-06,1.6392835483596665e-05
576,0,0.98999999999999999,5,51,61,72,1.4051912643973932,nm^-1,False,1.0063817103125596,0.123190685948966,0.99419579642334832,0.12658937392048461,-0.78874349048151238,0.19374658568471595,3.5780644876989323,0.63591308917683353,1.7890322438494661,0.31795654458841677,1.7951252007940721,0.31599462435085701,1.8692701019012083,0.34908769020138158,-0.080237858051742175,0.063907438126682911,-1.3517769788866529e-05,1.0768596927159619e-05
576,0,0.98999999999999999,5,52,62,96,1.4166624038268358,nm^-1,False,0.99902901191177906,0.14125761711404006,0.98067380639285839,0.12839445698521526,-0.77860214787306148,0.19768899024392428,3.5369071140507606,0.65984328188696273,1.7684535570253803,0.32992164094348136,1.7776311597848404,0.33667274514466644,1.7802911862092912,0.32902307417579119,-0.011837629183910936,0.10325727875430377,6.2353810222378354e-06,1.1950040673976803e-05
576,0,0.98999999999999999,5,53,64,6,1.4393304416192265,nm^-1,False,0.97581440438098688,0.32651498327612061,0.89541000872690513,0.27693715270810076,-0.78645909806816205,0.32845476229232945,3.4441426092442158,1.253281343976689,1.7220713046221079,0.6266406719883445,1.7622735024491489,0.65114816744170911,1.5034552164352379,0.43147798385223152,0.21861608818686981,0.23490928489692964,2.1606259432979978e-05,9.6709245084871504e-05
576,0,0.98999999999999999,5,54,65,96,1.4505316256633227,nm^-1,False,0.83080221938967047,0.099580079255615031,0.84839563295996245,0.086495397256641279,-0.64566848225524165,0.15663492240473911,2.9705348168601158,0.49697254670783358,1.4852674084300579,0.24848627335391679,1.4764707016449119,0.25577582261932097,1.5515931810035271,0.27896679886766906,-0.066325772573469111,0.061991396393785987,-1.4982771552311376e-05,1.4412056152925314e-05
576,0,0.98999999999999999,5,55,66,96,1.4616469730845292,nm^-1,False,0.84740681980271726,0.083178967750073912,0.83977380603767848,0.081072739698990884,-0.6413754102207736,0.16165572198978312,2.9699314462819428,0.48584506598082505,1.4849657231409714,0.24292253299041253,1.488782230023491,0.24432946255612945,1.5173011654054471,0.26306093360168598,-0.032335442264475579,0.065037638140364715,8.5576037130967191e-07,1.6553755849047779e-05
576,0,0.98999999999999999,5,56,67,24,1.4726784274935418,nm^-1,False,0.88427735151646536,0.14453209588848256,0.91971670414967299,0.10540836317368829,-0.68612643253975747,0.19944506378300961,3.1762469207456534,0.63396434347523922,1.5881234603728267,0.31698217173761961,1.5704037840562228,0.33926716289264913,1.5537180244459585,0.31726758297388585,0.034405435926868275,0.058032261843576002,8.929359366264413e-06,1.6301804538859001e-05
576,0,0.98999999999999999,5,57,68,48,1.4836278602407462,nm^-1,False,0.84710731632196323,0.096384763319444858,0.7930828385120865,0.097127593703736886,-0.64063294228722845,0.1746301419246101,2.9214560394085063,0.53929414068934756,1.4607280197042531,0.26964707034467378,1.4877402586091915,0.26827788051464591,1.404263722839902,0.26230446883014708,0.056464296864351206,0.09306028970550706,-5.6863494360445144e-06,2.0889703065831596e-05
576,0,0.98999999999999999,5,58,69,96,1.4944970741223347,nm^-1,False,0.72740325255255922,0.060504301597880589,0.70757267311625172,0.053758202782238702,-0.5196833382399989,0.12854308497816225,2.4743426021488077,0.3639825639086387,1.2371713010744039,0.18199128195431935,1.2470865907925581,0.18510547546097242,1.2350560152721286,0.18619754876612069,0.0021152858022753128,0.021184907056373745,3.9787434886626439e-06,7.2710996147847839e-06
576,1,0.98999999999999999,5,0,1,6,0.17991630520240331,nm^-1,False,217.06861196658028,89.476395492431834,313.64207890720536,125.4967020369192,-43.529111012511024,63.774656733861995,617.76891289880768,278.86748566950581,308.88445644940384,139.43374283475291,260.59772297909132,116.7608559742356,290.06409108561002,133.78276040075482,18.820365363793844,7.2402138970633967,0.0016624232443458588,0.00056425882494103756
576,1,0.98999999999999999,5,1,2,12,0.25444007890929582,nm^-1,True,412.96825209871656,108.72662461448203,285.63221448497706,82.451680151788182,-198.64602874629659,53.458482835170763,1095.8925240762867,289.54456118281524,547.94626203814335,144.77228059140762,611.61428084501313,160.88061797852052,549.78114979297061,144.18924144521463,-1.8348877548271687,4.5802028354906028,-0.00047196336856473889,0.00065110785583318432
576,1,0.98999999999999999,5,2,3,8,0.31162418172063122,nm^-1,False,116.92170906551732,33.498631756031692,211.25188289922448,95.330840620553801,-106.3621654803987,49.162609368822153,540.89792292553932,217.69335985035644,270.44896146276966,108.84667992517822,223.28387454591604,78.790483019768132,267.06982892816478,107.37329890854122,3.3791325346048695,2.9979108113536079,0.00093434641737978152,0.00053867975733330319
576,1,0.98999999999999999,5,3,4,6,0.35983261040480663,nm^-1,False,34.174891972373317,8.747909108580993,49.185083140539021,20.273437305951887,-19.854241696938818,8.6819590209419761,123.06845850678997,42.185619865014012,61.534229253394983,21.092809932507006,54.029133669312138,15.850152599705549,62.057414021545128,22.73144178077732,-0.52318476815014281,3.6841921435910185,0.00015346611969651848,0.00029188126360113215
576,1,0.98999999999999999,5,4,5,24,0.40230508869317289,nm^-1,False,20.168414499110401,6.3292549301750256,23.555617556636445,6.9721684948886882,-8.8677846589602431,3.5103492609972076,61.45960137366734,19.613486512317404,30.72980068683367,9.8067432561587022,29.036199158070644,9.4188908678374546,33.337590565224176,10.599900926574261,-2.6077898783905034,0.96626429461415841,-0.00020354536570907824,6.1061585880315498e-05
576,1,0.98999999999999999,5,5,6,24,0.44070314415273465,nm^-1,False,15.241275278761805,3.8983115096134946,16.627811503797165,5.4150877611376549,-4.758411140392429,2.051029354601912,41.385909063343824,12.379417644427654,20.692954531671912,6.1897088222138272,19.999686419154237,5.526288053873607,20.904513290348227,6.1419076707375,-0.21155875867631577,0.31741868029018722,-9.987716862892737e-05,4.9499532756314963e-05
576,1,0.98999999999999999,5,6,8,12,0.50888015781859164,nm^-1,False,10.037769986084211,3.3103762578018316,9.1303617669110189,2.8096045667589165,-3.1580204476870954,2.2444377538317748,25.484172648369427,10.082701096374352,12.742086324184713,5.0413505481871761,13.195790433771307,5.2905735373872202,13.250178986530283,5.0851407210214683,-0.50809266234557149,0.26285842969982498,-3.9046659972217467e-06,2.6787498535841223e-05
576,1,0.98999999999999999,5,7,9,30,0.53974891560720994,nm^-1,False,7.2616832475772455,1.7900105981967573,7.284384301720185,2.2393708352913908,-2.2661451809712903,0.66422327789644597,19.078357911240012,4.9808086839399195,9.539178955620006,2.4904043419699597,9.5278284285485348,2.3272909052946402,10.05935008505999,2.5496838809975726,-0.52017112943998234,0.27315148473850559,-8.122336833229883e-05,3.7396685700555336e-05
576,1,0.98999999999999999,5,8,10,24,0.56894531264159598,nm^-1,False,6.0954946005605519,1.6275063141852721,6.2710096813139256,1.7193443054831117,-2.0205867556032002,0.78476706880766112,16.407677793080879,4.0539029329284855,8.2038388965404394,2.0269514664642427,8.1160813561637521,2.3188652783035248,8.6784519414937442,2.1734515472849614,-0.47461304495330536,0.30508352427550822,-8.1202701237877823e-05,3.6161471991150369e-05
576,1,0.98999999999999999,5,9,11,24,0.59671487802343903,nm^-1,False,6.0079023711152404,1.4419172453574072,5.1844131117127077,1.2204243393906367,-2.3017702198867043,0.61138129822386933,15.795855922601357,3.7400515554713452,7.8979279613006783,1.8700257777356726,8.3096725910019451,1.9666111416247285,7.8821984382007484,1.9877009693824623,0.015729523099929432,0.30909373891617625,-2.0899787205049953e-05,3.7894599976215547e-05
576,1,0.98999999999999999,5,10,12,8,0.62324836344126244,nm^-1,False,5.3529621720591827,1.8174492872802093,5.5451592995714067,1.8188952553084872,-2.5349326126104632,1.2765030933141248,15.967986696851517,6.0235576416166587,7.9839933484257584,3.0117788208083294,7.8878947846696459,3.0713077439333358,7.6615321364287228,2.7988942606900209,0.32246121199703648,0.30381151649384291,-1.1226387359273459e-05,6.3586754891046453e-05
576,1,0.98999999999999999,5,11,13,24,0.6486974636992936,nm^-1,False,3.2630461586536916,0.9656431123858249,3.1119814941523063,0.73956239614386954,-0.51031373937568547,0.28619511704098727,7.3956551315573691,2.0251846008271204,3.6978275657786845,1.0125923004135602,3.7733598980293777,1.1876635332166356,3.6680131654673906,1.0091465698867965,0.029814400311293499,0.11909231023640822,5.7857855611398256e-07,8.1167780928764611e-06
576,1,0.98999999999999999,5,12,14,48,0.67318517236164721,nm^-1,False,4.4205109961273701,1.0096740237079644,3.2710465999278933,0.71686013372061697,-1.3297834180465844,0.57497814495290767,10.351124432148433,2.4899751450594221,5.1755622160742165,1.244987572529711,5.7502944141739549,1.367694344134353,5.2943652756040844,1.3017080826027512,-0.11880305952986896,0.15428668110801674,3.7653990403723972e-05,2.2911132926561995e-05
576,1,0.98999999999999999,5,13,16,6,0.71966522080961326,nm^-1,False,2.6107326141697009,0.88265501653148715,1.1814970958956175,0.26657593929167367,-0.74326920302132327,0.34437953324090032,5.2787681161079645,1.1627686185467048,2.6393840580539822,0.58138430927335238,3.3540018171910249,0.8720048039071745,2.4294295820641603,0.56222104446321164,0.20995447598982234,0.1207077278451122,-4.6794715289675743e-05,3.3807273557144327e-05
576,1,0.98999999999999999,5,14,17,48,0.74181393012037311,nm^-1,False,2.5878173388359942,0.59705396261706156,2.1745581197759285,0.47275703665428653,-0.79962538295357499,0.22703574710088234,6.3616262245190729,1.4094508392613168,3.1808131122595364,0.70472541963065838,3.3874427217895695,0.78855291948356332,3.2363890589858331,0.72669029357533776,-0.055575946726297065,0.0576960365366447,4.2769038820208488e-06,4.8402579925985433e-06
576,1,0.98999999999999999,5,15,18,36,0.7633202367278874,nm^-1,False,1.973945899467082,0.45951440407284427,1.8820362168899767,0.41851772881881305,-0.68595544429551225,0.19341132308842493,5.2278930049480827,1.1928718866424017,2.6139465024740414,0.59643594332120087,2.659901343762594,0.64047207479199442,2.614022263382187,0.60328123660715682,-7.5760908145583453e-05,0.016828378746339859,1.4315542552077e-05,1.9573751179269226e-05
576,1,0.98999999999999999,5,16,19,24,0.78423699267249725,nm^-1,False,1.9312520384398333,0.4402661310426072,3.2430376598683681,1.0927220373254918,-0.91831757688264215,0.37257507794888661,7.0109248520734866,1.9524091769591174,3.5054624260367433,0.97620458847955871,2.8495696153224754,0.62877369813937267,3.620148064665655,0.90482391682502816,-0.11468563862891168,0.14277132786599209,-9.9251953977962817e-06,1.7541692487682435e-05
576,1,0.98999999999999999,5,17,20,24,0.80461017738634577,nm^-1,False,1.4707782737883579,0.39075050501771963,1.9089344870502871,0.41629614538795828,-0.44610802522405313,0.21923072966491625,4.2719288112867506,1.0574296863812733,2.1359644056433753,0.52871484319063666,1.9168862990124111,0.59000499002303253,2.2598110493442674,0.60565457056558669,-0.12384664370089186,0.14154506321225471,-9.1011514707961141e-06,1.0252980216540448e-05
576,1,0.98999999999999999,5,18,21,48,0.82448008734679035,nm^-1,False,1.5267664992776457,0.30572568754891172,1.9652448274149907,0.38887467091512157,-0.62567476416078627,0.19718572600643314,4.7433608550142088,1.0559283503432415,2.3716804275071044,0.52796417517162075,2.152441263438432,0.48802001444243498,2.2548773741763517,0.45491608372222697,0.11680305333075265,0.09931120704406203,1.4635585255901294e-05,8.0464622475460914e-06
576,1,0.98999999999999999,5,19,22,24,0.84388227337055466,nm^-1,False,1.3352775803008556,0.21703603598706867,1.5032566800016167,0.38763798526730964,-0.17107006167802724,0.16854378842281043,3.1806743836585269,0.73347881967189776,1.5903371918292635,0.36673940983594888,1.506347641978883,0.3209811662386175,1.5886415734105062,0.38868734256931775,0.001695618418757494,0.11040385823467183,1.0143612487849963e-06,1.992750177399981e-05
576,1,0.98999999999999999,5,20,24,24,0.8814062883054693,nm^-1,False,1.1263984465475221,0.21112038146204917,1.1355653316989192,0.32390485561660387,-0.32488639126760516,0.19477325203577814,2.9117365607816517,0.84478095715590329,1.4558682803908258,0.42239047857795164,1.4512848378151273,0.37585136918507778,1.5241779015328838,0.40747998142860076,-0.068309621142058144,0.081576854231134727,1.3604464604213094e-05,9.1637361738477291e-06
576,1,0.98999999999999999,5,21,25,30,0.89958152601201657,nm^-1,False,1.0167469970734091,0.16626702613728853,0.96374279478666447,0.12216385589662121,-0.27859346712406374,0.089410882489881868,2.5376767261082014,0.4054298235903192,1.2688383630541007,0.2027149117951596,1.2953404641974728,0.24050720876143086,1.2596076977664008,0.23245067421837223,0.0092306652876998681,0.06746698967710256,-3.1948502187979577e-06,4.9884342241596124e-06
576,1,0.98999999999999999,5,22,26,72,0.9173967510405695,nm^-1,False,0.95076465187404779,0.13766548906779555,0.98980704164349986,0.13702378545969035,-0.24442060248090641,0.057629280987408389,2.4294128984793604,0.37396335381540186,1.2147064492396802,0.18698167690770093,1.1951852543549542,0.19516970727553412,1.210236825879462,0.20399106782088808,0.0044696233602182335,0.065872645610042899,8.6962027986841528e-06,6.1580258593448678e-06
576,1,0.98999999999999999,5,23,27,32,0.93487254516189378,nm^-1,False,0.79580616588041186,0.10806625013394314,1.0029097097451096,0.26352108372835081,-0.06482432279791861,0.022820139223259588,1.9283645212213585,0.30594779248264037,0.96418226061067924,0.15297389624132018,0.86063048867833047,0.1166783977819308,0.9785094796845879,0.17986464462565488,-0.014327219073908581,0.049473759937019829,1.3526696199591369e-05,6.0487059720848399e-06
576,1,0.98999999999999999,5,24,29,72,0.9688789550056528,nm^-1,False,0.90982640777807122,0.13077311577727441,0.91387032808341773,0.14500379483526857,-0.23362151873959985,0.085644912841506909,2.2909397733406882,0.42163524602289615,1.1454698866703441,0.21081762301144807,1.1434479265176709,0.20118747726726507,1.1967246264948277,0.21205453873883989,-0.051254739824483433,0.02841900777480226,-1.5448386506629357e-05,1.0773656672204335e-05
576,1,0.98999999999999999,5,25,30,48,0.98544218822340368,nm^-1,False,0.78916483140994198,0.093298535020576612,0.76344369725314221,0.096842661152785101,-0.14848532396460129,0.05889934166976811,1.8495791765922867,0.25842806111228511,0.92478958829614333,0.12921403055614256,0.93765015537454333,0.1218413878183813,0.95168236156886576,0.15649288398535202,-0.026892773272722416,0.047873193690287245,7.5564201063948894e-06,7.1658132976375527e-06
576,1,0.98999999999999999,5,26,32,12,1.0177603156371833,nm^-1,False,0.75516978729428508,0.068812389939065868,0.77246685957429373,0.095490698215130121,-0.23182368558937844,0.094425489163701165,1.9912840180473359,0.32981842192261762,0.99564200902366795,0.16490921096130881,0.98699347288366346,0.15683388526005315,0.89467083242328305,0.11024565909717449,0.10097117660038499,0.084381446893068146,-1.4959122060549863e-05,1.8333306094659475e-05
576,1,0.98999999999999999,5,27,33,48,1.0335404863688618,nm^-1,False,0.71087130235071794,0.083555349732712073,0.79116720025948928,0.099755920114104613,-0.16832221371335945,0.04676800212701851,1.8386829300369261,0.23044335552248574,0.91934146501846303,0.11522167776124287,0.87919351606407736,0.11726330598877889,0.91862784550349053,0.11170749253222644,0.00071361951497233016,0.019145072634079052,-1.7812660218190978e-05,5.6618239059773925e-06
576,1,0.98999999999999999,5,28,34,48,1.0490833207335191,nm^-1,False,0.69032606590535783,0.069722012710065798,0.74867130762313072,0.093477336656155333,-0.18418390513203931,0.05341688293165555,1.8073651837925673,0.2616287165808045,0.90368259189628364,0.13081435829040225,0.87450997103739714,0.12211788779082658,0.87724361910673099,0.15232846840718825,0.02643897278955263,0.061770291819009643,4.9923116984314815e-06,9.1269237131594241e-06
576,1,0.98999999999999999,5,29,35,48,1.0643992158579185,nm^-1,False,0.64658883951983626,0.075613287240533664,0.63670598981616389,0.04993068666421803,-0.090973335854279178,0.056675456990342397,1.4652415010445587,0.21060876711105078,0.73262075052227937,0.10530438355552539,0.7375621753741155,0.12352228286899151,0.80164291089410522,0.086948369229491437,-0.06902216037182593,0.026628942617763166,-1.1692162063052649e-05,8.691219112178285e-06
576,1,0.98999999999999999,5,30,36,30,1.0794978312144199,nm^-1,False,0.56278649010718595,0.035082649633991617,0.50119294522099045,0.051132568355518875,-0.088330908531595947,0.033901025310066245,1.2406412523913681,0.088686999017521764,0.62032062619568407,0.044343499508760882,0.65111739863878193,0.044866394128303663,0.63826976541289082,0.046702960105495184,-0.017949139217206745,0.028581814366878702,1.3057469406074042e-06,5.8461550969283682e-06
576,1,0.98999999999999999,5,31,37,24,1.0943881598748775,nm^-1,False,0.51583578228566351,0.077302586329653949,0.44276349012502492,0.015590281797567619,-0.1051690153833944,0.040112869051082189,1.168937303177477,0.13505526678841662,0.58446865158873851,0.067527633394208308,0.62100479766905781,0.097225419173689154,0.57172869129963855,0.044308877233173075,0.012739960289099994,0.041156037589482851,6.3097835400793354e-07,8.0031738176872682e-06
576,1,0.98999999999999999,5,32,38,72,1.109078591152135,nm^-1,False,0.52235333041376908,0.039458031230794437,0.48825482907939993,0.023738073039360069,-0.094484583525229371,0.034331336419557199,1.1995773265436278,0.082945193584991583,0.5997886632718139,0.041472596792495792,0.61683791393899856,0.044240008695395669,0.58964777179875161,0.060451284393039421,0.010140891473062219,0.025851111134565789,2.3476610828115402e-06,6.4602716597901526e-06
576,1,0.98999999999999999,5,33,40,24,1.137890625283192,nm^-1,False,0.46393368552576675,0.041194763685167272,0.45498257320913282,0.075489778322627626,-0.069418673166707009,0.025768597261845529,1.0577536050683134,0.13704457461669525,0.5288768025341567,0.068522287308347626,0.53335235869247377,0.056021487542167805,0.49027859747541436,0.10422967908540194,0.038598205058742327,0.05444920394653073,-8.1134634674313456e-06,1.2676226659066687e-05
576,1,0.98999999999999999,5,34,41,96,1.1520264545508743,nm^-1,False,0.52849184987779174,0.021565346644925761,0.47967614665432023,0.02019313619190383,-0.095767203679815116,0.032228308769412385,1.1997024038917423,0.066939090300889487,0.59985120194587116,0.033469545150444743,0.62425905355760691,0.033791894085299444,0.61159060633046303,0.041398641347179473,-0.011739404384591933,0.01733140706652192,8.4756661208466746e-06,5.1307737796085304e-06
576,1,0.98999999999999999,5,35,42,48,1.1659909214323849,nm^-1,False,0.50039378853458794,0.029234146994424268,0.45289392845968413,0.031786137740501347,-0.082911519237041514,0.045553672361059915,1.119110755468355,0.12665015803153676,0.55955537773417752,0.063325079015768379,0.58330530777162948,0.069284439442086287,0.6050669992561728,0.0565333018703712,-0.045511621521995296,0.014154801059146876,-3.3855998724667022e-06,3.6589489327085844e-06
576,1,0.98999999999999999,5,36,43,24,1.1797901108843158,nm^-1,False,0.48250735778018072,0.069271041159308169,0.45677648901425566,0.033011703173441889,-0.075979602841905428,0.020104998202001196,1.0912430524782473,0.053593352529680879,0.54562152623912363,0.02679667626484044,0.55848696062208614,0.060991165643690705,0.55251562452481162,0.051245938454989148,-0.0068940982856879329,0.040615944227827418,5.7729872641518252e-07,7.0407122264540904e-06
576,1,0.98999999999999999,5,37,44,24,1.1934297560468781,nm^-1,False,0.43865308677567416,0.06826361040387155,0.4607380620654542,0.046213667925816056,-0.1001830884463816,0.046705415612732004,1.0997573257338915,0.15377625266775399,0.54987866286694576,0.076888126333876997,0.53883617522205574,0.085418088936727268,0.53480601326395383,0.053484537689049455,0.015072649602992039,0.037832022068453645,-1.3540142845631351e-05,1.096365633700842e-05
576,1,0.98999999999999999,5,38,45,72,1.2069152660795186,nm^-1,False,0.37852711963454749,0.033652429985948785,0.4560108373052234,0.030445343340898035,-0.036524578827216603,0.010827601489139402,0.90758711459420416,0.057719349628774369,0.45379355729710208,0.028859674814387185,0.41505169846176404,0.031186626949395897,0.45747289766045096,0.037663436531832489,-0.0036793403633489374,0.013318775163834701,1.9829217917825031e-06,4.6872060221015108e-06
576,1,0.98999999999999999,5,39,46,48,1.2202517512273767,nm^-1,False,0.40912345323586247,0.03282472738877542,0.41488440500724683,0.017276018438869469,-0.10367224541855787,0.028483789358730027,1.0313523490802252,0.068246260969267655,0.51567617454011261,0.034123130484633828,0.51279569865442043,0.05567704454830863,0.54825490263764609,0.031300121826193995,-0.032578728097533469,0.017082416533324905,-5.6070990796174114e-06,4.5016199751567794e-06
576,1,0.98999999999999999,5,40,48,8,1.2464967268825249,nm^-1,False,0.29446246149438504,0.066326216983757944,0.45083795211307331,0.131584707795316,-0.057967408864594158,0.033359770350349198,0.8612352313366467,0.23181789217265938,0.43061761566832335,0.11590894608632969,0.35242987035897916,0.08535541776344209,0.40189003562116266,0.074863069342988864,0.028727580047160618,0.088789064267725148,6.2953758524860969e-06,1.0297471636622092e-05
576,1,0.98999999999999999,5,41,49,54,1.2594141364168232,nm^-1,False,0.39998229009985209,0.036005000126393003,0.36805541724957597,0.044145445517563851,-0.047345970681456941,0.030725244095978488,0.86272964871234181,0.074224556553554352,0.43136482435617091,0.037112278276777176,0.44732826078130905,0.033412155361058835,0.41058215151347177,0.033488880328411623,0.02078267284269918,0.01166751263832269,-5.9603350448844142e-06,2.3543290197343072e-06
576,1,0.98999999999999999,5,42,50,84,1.272200394546479,nm^-1,False,0.36577694450222714,0.036640500868274285,0.33609706237860804,0.048490409193585431,-0.052889009679417787,0.011132105430686915,0.8076520262396707,0.070515806975229189,0.40382601311983535,0.035257903487614595,0.41866595418164493,0.032435204784814209,0.4033249191863123,0.040720389840374752,0.0005010939335230336,0.01669247594746506,-9.6226348567256775e-07,2.9079569492318566e-06
576,1,0.98999999999999999,5,43,51,48,1.2848594167308349,nm^-1,False,0.30256745153897635,0.05042205405850296,0.37303182705035082,0.033760392212061369,-0.057215137517799011,0.013808291081390185,0.79002955362492522,0.056509831015721247,0.39501477681246261,0.028254915507860624,0.3597825890567754,0.044510939442051936,0.41754024017416241,0.029573038344920755,-0.02252546336169987,0.019025093306673364,-4.7715664940122676e-06,4.7886231443768656e-06
576,1,0.98999999999999999,5,44,52,24,1.2973949273985872,nm^-1,False,0.47174482279710916,0.056266334034143883,0.37039541065967907,0.055170541943819228,-0.094546604588255964,0.028368979309656577,1.0312334426333001,0.10207076054742867,0.51561672131665004,0.051035380273714334,0.5662914273853652,0.063058686771815461,0.502164543217274,0.062886497284889806,0.01345217809937611,0.018207133575766678,3.9293180199136225e-06,9.1925352970866075e-06
576,1,0.98999999999999999,5,45,53,72,1.3098104727468283,nm^-1,False,0.3503086589405201,0.032061052401507438,0.35292014650867526,0.031949272786399356,-0.059998481846881148,0.025668396355793956,0.82322576914295775,0.023963841609133566,0.41161288457147888,0.011981920804566783,0.41030714078740116,0.021220576437056559,0.41912483936889205,0.026161685991353559,-0.0075119547974131671,0.027995068824077294,3.8641408659469272e-06,2.2645591510274244e-06
576,1,0.98999999999999999,5,46,54,96,1.3221094324582041,nm^-1,False,0.34396235982176354,0.041945071625051955,0.35129255544158638,0.059379112698633912,-0.064345956742723892,0.0058922971355024828,0.82394682874879765,0.090568373233602853,0.41197341437439883,0.045284186616801426,0.40830831656448741,0.038409666711885802,0.37986152101111303,0.027790618070984034,0.032111893363285834,0.019416145099127945,9.6068264918677291e-07,3.5522161919315249e-06
576,1,0.98999999999999999,5,47,56,48,1.3463703447232944,nm^-1,False,0.31955496852194909,0.053452727521358885,0.39883034122614891,0.053218704324516024,-0.04567550739829844,0.03231225832929914,0.80973632454469535,0.11355392604991969,0.40486816227234768,0.056776963024959846,0.3652304759202476,0.062707926890728405,0.38237151452247831,0.038958800273504332,0.022496647749869224,0.021021852813781983,6.4472392266265347e-07,4.257995300704623e-06
576,1,0.98999999999999999,5,48,57,48,1.3583383164837866,nm^-1,False,0.31903562049007855,0.053848771528631892,0.3111231618351622,0.070611330268351397,-0.007284203561509983,0.019388666152687199,0.64472718944826068,0.10522288557313819,0.32236359472413034,0.052611442786569096,0.32631982405158849,0.041993913308712549,0.30991477595988648,0.043484962403493421,0.012448818764243846,0.019617837224572509,-8.4414618475139234e-06,2.5454287515729441e-06
576,1,0.98999999999999999,5,49,58,24,1.370201758466866,nm^-1,False,0.28536704437114974,0.048958909225214994,0.33384163576402287,0.072859748865585161,-0.03452951869956835,0.018978034952396482,0.68826771753430926,0.095318455379188483,0.34413385876715463,0.047659227689594241,0.31989656307071812,0.038636472827036097,0.31660671945156776,0.062016402423942331,0.027527139315586851,0.031448799005349803,1.3173669612075634e-05,9.6609468393697065e-06
576,1,0.98999999999999999,5,50,59,72,1.3819633626776708,nm^-1,False,0.3052976052180531,0.056118495118308305,0.29611379114254827,0.049775184829733345,-0.021729592424897356,0.020943354063625286,0.64487058121039598,0.078195060599145758,0.32243529060519799,0.039097530299572879,0.32702719764295052,0.041665714891313793,0.34263137058792931,0.046866397496396282,-0.020196079982731329,0.012388235524956041,2.5141033776163466e-06,3.07806215841789e-06
576,1,0.98999999999999999,5,51,61,72,1.4051912643973932,nm^-1,False,0.29660622200512943,0.034360266520646325,0.3001455153499476,0.051078107703032734,-0.04060509376217699,0.017291483571326115,0.67796192487943119,0.073018090295392565,0.33898096243971559,0.036509045147696283,0.33721131576730645,0.030492265453239752,0.35957728886453777,0.043512969519005497,-0.020596326424822248,0.016108239487235134,-5.6031862276986896e-06,2.7141804253702887e-06
576,1,0.98999999999999999,5,52,62,96,1.4166624038268358,nm^-1,False,0.30289791177244069,0.057936795701968753,0.31004478843377931,0.052998983578740839,-0.024051996467865572,0.0062884580192930292,0.66104669314195108,0.10176168948660029,0.33052334657097554,0.050880844743300145,0.32694990824030623,0.053242592652314437,0.31453724667111588,0.04156555971942013,0.015986099899859697,0.013080713784404771,1.4764167326897803e-06,8.8848735620389293e-07
576,1,0.98999999999999999,5,53,64,6,1.4393304416192265,nm^-1,False,0.24059884189045219,0.087511184140206422,0.29641007794216873,0.080058117346357149,0.018796228258650908,0.043776905330458207,0.49941646331531908,0.13674289995864242,0.24970823165765954,0.068371449979321208,0.22180261363180126,0.069409604722196094,0.29062294144994827,0.078546808240830684,-0.040914709792288659,0.019593840595338908,4.7041134140323458e-06,4.9597003618000913e-06
576,1,0.98999999999999999,5,54,65,96,1.4505316256633227,nm^-1,False,0.28779673009955592,0.053039388316866797,0.2696312841168701,0.062650143822613524,-0.020939716040463262,0.014387954401346697,0.59930744629735244,0.10481133968603315,0.29965372314867622,0.052405669843016575,0.30873644614001916,0.047276929496151011,0.30371127872534476,0.048380428437198773,-0.0040575555766684647,0.0094664425488610836,5.0375423149208765e-07,2.1559830906177912e-06
576,1,0.98999999999999999,5,55,66,96,1.4616469730845292,nm^-1,False,0.27196478500021237,0.058260653019801038,0.30056843764320795,0.056904652830454115,-0.035263935160774952,0.010579177150624865,0.64306109296497016,0.098908464191036896,0.32153054648248508,0.049454232095518448,0.30722872016098729,0.05098656903744276,0.30424525955503884,0.046396469245645729,0.017285286927446252,0.010988801256491192,4.536235539987998e-06,2.5079515415640878e-06
576,1,0.98999999999999999,5,56,67,24,1.4726784274935418,nm^-1,False,0.2643248947679947,0.069768893962306719,0.25211341585979496,0.067231402298584098,-0.029755139925010433,0.0185352432599768,0.57594859047781044,0.13055559394362182,0.28797429523890522,0.065277796971810909,0.29408003469300514,0.06884766199722335,0.29515168698758015,0.062175094091136855,-0.0071773917486748938,0.021597211042540088,-7.5019919835581555e-06,4.493421639410752e-06
576,1,0.98999999999999999,5,57,68,48,1.4836278602407462,nm^-1,False,0.2656452378428964,0.067897002805488965,0.2640246902313686,0.065357177482728068,-0.027861419421181383,0.0074866226409967809,0.58539276691662778,0.14167843810819331,0.29269638345831389,0.070839219054096653,0.29350665726407776,0.072295781015974309,0.29279102387203648,0.049397907881471234,-9.4640413722613109e-05,0.027455675487743324,-1.166255525325046e-07,5.1335326244636851e-06
576,1,0.98999999999999999,5,58,69,96,1.4944970741223347,nm^-1,False,0.26964889271188724,0.055769841178982663,0.25090217411650689,0.061097199064292361,-0.0089082840923757293,0.017012308573887008,0.53836763501314555,0.08482790792454134,0.26918381750657278,0.04241395396227067,0.27855717680426301,0.040421575212852688,0.27393761236486458,0.055486573384430742,-0.0047537948582917489,0.015435769233087865,1.2858309953820914e-06,2.3491134207062015e-06
