n_chains,eps_AB,delta_eps,q_peak,lag_time,F_psi_mean,F_psi_sem
144,1,0,0.4038984489,0,1,0
144,1,0,0.4038984489,2,0.9950976903,0.001093988145
144,1,0,0.4038984489,4,0.9904731566,0.002080633668
144,1,0,0.4038984489,6,0.9863337602,0.002968783746
144,1,0,0.4038984489,8,0.9825481004,0.003798817887
144,1,0,0.4038984489,10,0.9790034336,0.004586305359
144,1,0,0.4038984489,12,0.9756251429,0.00535515715
144,1,0,0.4038984489,14,0.9723289852,0.006108052695
144,1,0,0.4038984489,16,0.9690933007,0.006843140688
144,1,0,0.4038984489,18,0.9659076913,0.007582460647
144,1,0,0.4038984489,20,0.962823036,0.00827953142
144,1,0,0.4038984489,22,0.959795705,0.008940498031
144,1,0,0.4038984489,24,0.9567830213,0.009598178712
144,1,0,0.4038984489,26,0.9539166672,0.01022194119
144,1,0,0.4038984489,28,0.9510941892,0.01079274421
144,1,0,0.4038984489,30,0.9483961356,0.01131375491
144,1,0,0.4038984489,32,0.9457284651,0.01184943091
144,1,0,0.4038984489,34,0.9431178458,0.01238989807
144,1,0,0.4038984489,36,0.9405147734,0.01290439267
144,1,0,0.4038984489,38,0.9379961088,0.01337055251
144,1,0,0.4038984489,40,0.9355166391,0.01383550761
144,1,0,0.4038984489,42,0.9330974564,0.01428443246
144,1,0,0.4038984489,44,0.9307114077,0.0147321354
144,1,0,0.4038984489,46,0.9283208788,0.01517635626
144,1,0,0.4038984489,48,0.9259381814,0.01559009437
144,1,0,0.4038984489,50,0.9235722744,0.01605589399
144,1,0,0.4038984489,52,0.9212515296,0.01650702067
144,1,0,0.4038984489,54,0.9188960848,0.01694667697
144,1,0,0.4038984489,56,0.9165492648,0.01738596372
144,1,0,0.4038984489,58,0.914205837,0.0178476586
144,1,0,0.4038984489,60,0.9118238859,0.01834851837
144,1,0,0.4038984489,62,0.9094599084,0.01885775976
144,1,0,0.4038984489,64,0.9071274025,0.01936229001
144,1,0,0.4038984489,66,0.904812206,0.01987649765
144,1,0,0.4038984489,68,0.9025163298,0.02039451914
144,1,0,0.4038984489,70,0.9003167575,0.02088837476
144,1,0,0.4038984489,72,0.8981522893,0.02135066292
144,1,0,0.4038984489,74,0.8959001996,0.02188239136
144,1,0,0.4038984489,76,0.8937225587,0.02240365547
144,1,0,0.4038984489,78,0.8914928504,0.02292854451
144,1,0,0.4038984489,80,0.8892492956,0.02346042349
144,1,0,0.4038984489,82,0.8869948498,0.02401723074
144,1,0,0.4038984489,84,0.8848088631,0.02457257241
144,1,0,0.4038984489,86,0.8826362433,0.02514440825
144,1,0,0.4038984489,88,0.8804806166,0.02571345076
144,1,0,0.4038984489,90,0.8783607569,0.026249614
144,1,0,0.4038984489,92,0.8762633307,0.02680093755
144,1,0,0.4038984489,94,0.8742379949,0.02733080428
144,1,0,0.4038984489,96,0.8723030917,0.02780248345
144,1,0,0.4038984489,98,0.8704351013,0.02828520396
144,1,0,0.4038984489,100,0.8685521894,0.02879725443
144,1,0,0.4038984489,102,0.866612751,0.02930035533
144,1,0,0.4038984489,104,0.8646834181,0.02980070252
144,1,0,0.4038984489,106,0.8628102461,0.03029381714
144,1,0,0.4038984489,108,0.8610732778,0.03075295255
144,1,0,0.4038984489,110,0.8593769013,0.03119651649
144,1,0,0.4038984489,112,0.8576778301,0.03163388358
144,1,0,0.4038984489,114,0.8559815698,0.03205708587
144,1,0,0.4038984489,116,0.8542768853,0.03250214966
144,1,0,0.4038984489,118,0.8525332289,0.03298462959
144,1,0,0.4038984489,120,0.8508025651,0.03348310246
144,1,0,0.4038984489,122,0.8491301194,0.03393108057
144,1,0,0.4038984489,124,0.8474499728,0.03438729013
144,1,0,0.4038984489,126,0.8457676957,0.03479180473
144,1,0,0.4038984489,128,0.8440673491,0.03519651754
144,1,0,0.4038984489,130,0.8424072791,0.03559434721
144,1,0,0.4038984489,132,0.8407397199,0.03600956131
144,1,0,0.4038984489,134,0.8390687795,0.03639445812
144,1,0,0.4038984489,136,0.8374054789,0.03676498124
144,1,0,0.4038984489,138,0.8357306051,0.03711477689
144,1,0,0.4038984489,140,0.8341256409,0.03744262075
144,1,0,0.4038984489,142,0.8324792344,0.03774620188
144,1,0,0.4038984489,144,0.830800976,0.03807312871
144,1,0,0.4038984489,146,0.8291696881,0.03842860188
144,1,0,0.4038984489,148,0.8275651353,0.03878542481
144,1,0,0.4038984489,150,0.826007625,0.0391195783
144,1,0,0.4038984489,152,0.8244414827,0.03947593982
144,1,0,0.4038984489,154,0.8229140615,0.0397896651
144,1,0,0.4038984489,156,0.8214012045,0.04010438683
144,1,0,0.4038984489,158,0.8198669011,0.04044995373
144,1,0,0.4038984489,160,0.8182907352,0.04087095296
144,1,0,0.4038984489,162,0.8166443961,0.04131436075
144,1,0,0.4038984489,164,0.8150332966,0.04170030364
144,1,0,0.4038984489,166,0.8134403911,0.04207385551
144,1,0,0.4038984489,168,0.8118756596,0.04245042365
144,1,0,0.4038984489,170,0.8102946774,0.04281993187
144,1,0,0.4038984489,172,0.80869791,0.04316916818
144,1,0,0.4038984489,174,0.8071128283,0.04354114075
144,1,0,0.4038984489,176,0.8054989922,0.04390828463
144,1,0,0.4038984489,178,0.8039738457,0.04426736894
144,1,0,0.4038984489,180,0.8024404258,0.04462708356
144,1,0,0.4038984489,182,0.8008400432,0.04498070796
144,1,0,0.4038984489,184,0.799218893,0.04538236494
144,1,0,0.4038984489,186,0.7976658648,0.04577041997
144,1,0,0.4038984489,188,0.7960830954,0.04616827318
144,1,0,0.4038984489,190,0.7945374921,0.04654639179
144,1,0,0.4038984489,192,0.7930108634,0.04689758565
144,1,0,0.4038984489,194,0.7914833219,0.04721313999
144,1,0,0.4038984489,196,0.7899255919,0.04757033095
144,1,0,0.4038984489,198,0.7884018524,0.04791594302
144,1,0,0.4038984489,200,0.7869245237,0.04827402581
144,1,0,0.4038984489,202,0.7854132801,0.04859869012
144,1,0,0.4038984489,204,0.7839257219,0.04894870452
144,1,0,0.4038984489,206,0.7823945745,0.04930699845
144,1,0,0.4038984489,208,0.7808609841,0.0496593791
144,1,0,0.4038984489,210,0.7793593049,0.04997693853
144,1,0,0.4038984489,212,0.7778121954,0.05030207056
144,1,0,0.4038984489,214,0.7762760068,0.05064745926
144,1,0,0.4038984489,216,0.7747689199,0.051008047
144,1,0,0.4038984489,218,0.7732125392,0.05140604637
144,1,0,0.4038984489,220,0.7717165632,0.05180998294
144,1,0,0.4038984489,222,0.7702440792,0.05224183884
144,1,0,0.4038984489,224,0.7687530054,0.05267124716
144,1,0,0.4038984489,226,0.7673178114,0.05311778152
144,1,0,0.4038984489,228,0.7659027978,0.05356236062
144,1,0,0.4038984489,230,0.7644515937,0.05399644675
144,1,0,0.4038984489,232,0.7629779239,0.05445739186
144,1,0,0.4038984489,234,0.7615834049,0.05486249885
144,1,0,0.4038984489,236,0.7602014709,0.05525996701
144,1,0,0.4038984489,238,0.7587675419,0.05564280994
144,1,0,0.4038984489,240,0.7573146209,0.0560396253
144,1,0,0.4038984489,242,0.7558941828,0.05646297675
144,1,0,0.4038984489,244,0.754453022,0.0568744013
144,1,0,0.4038984489,246,0.7530094087,0.05729649319
144,1,0,0.4038984489,248,0.7516654592,0.05770176636
144,1,0,0.4038984489,250,0.7503980017,0.05803240927
144,1,0,0.4038984489,252,0.7491630071,0.05833884092
144,1,0,0.4038984489,254,0.7478975959,0.05867768783
144,1,0,0.4038984489,256,0.7465696389,0.05902343202
144,1,0,0.4038984489,258,0.7452026032,0.05932101861
144,1,0,0.4038984489,260,0.7437778248,0.05965544476
144,1,0,0.4038984489,262,0.74238292,0.0599711437
144,1,0,0.4038984489,264,0.7409551365,0.0602485153
144,1,0,0.4038984489,266,0.7395443638,0.06055523359
144,1,0,0.4038984489,268,0.7380936485,0.06090680491
144,1,0,0.4038984489,270,0.7366660691,0.06121881129
144,1,0,0.4038984489,272,0.7353048425,0.06151370817
144,1,0,0.4038984489,274,0.7339916537,0.06179969771
144,1,0,0.4038984489,276,0.7326247709,0.06211116565
144,1,0,0.4038984489,278,0.7312288962,0.0624581083
144,1,0,0.4038984489,280,0.7298438436,0.06279454732
144,1,0,0.4038984489,282,0.7284724582,0.0631156826
144,1,0,0.4038984489,284,0.7270868242,0.06344993139
144,1,0,0.4038984489,286,0.7257336579,0.06377717498
144,1,0,0.4038984489,288,0.7243959859,0.06410706863
144,1,0,0.4038984489,290,0.7231157319,0.06435415586
144,1,0,0.4038984489,292,0.7219156081,0.06460287563
144,1,0,0.4038984489,294,0.7206790354,0.06488032441
144,1,0,0.4038984489,296,0.7195242542,0.06509720405
144,1,0,0.4038984489,298,0.7184002464,0.06534883079
144,1,0,0.4038984489,300,0.7172701829,0.06561303354
144,1,0,0.4038984489,302,0.7161434555,0.06585332946
144,1,0,0.4038984489,304,0.7149450814,0.06609724381
144,1,0,0.4038984489,306,0.7137423878,0.06632615988
144,1,0,0.4038984489,308,0.71253091,0.06653213303
144,1,0,0.4038984489,310,0.7113760513,0.06673029668
144,1,0,0.4038984489,312,0.7102179599,0.06693100394
144,1,0,0.4038984489,314,0.709012031,0.06714072164
144,1,0,0.4038984489,316,0.7076858563,0.06740028055
144,1,0,0.4038984489,318,0.706354925,0.06764892547
144,1,0,0.4038984489,320,0.705065302,0.06791441319
144,1,0,0.4038984489,322,0.7037771365,0.06818852845
144,1,0,0.4038984489,324,0.7025426198,0.06846696933
144,1,0,0.4038984489,326,0.7012277892,0.06876129165
144,1,0,0.4038984489,328,0.6999878939,0.0690584241
144,1,0,0.4038984489,330,0.6987369364,0.0693697504
144,1,0,0.4038984489,332,0.6974126091,0.06970863395
144,1,0,0.4038984489,334,0.6960690944,0.07006796658
144,1,0,0.4038984489,336,0.6947461854,0.07043392856
144,1,0,0.4038984489,338,0.6934791226,0.07080588725
144,1,0,0.4038984489,340,0.6922124791,0.07115073095
144,1,0,0.4038984489,342,0.6909947255,0.07153461095
144,1,0,0.4038984489,344,0.6897981122,0.07188479033
144,1,0,0.4038984489,346,0.688576805,0.07224308524
144,1,0,0.4038984489,348,0.6873926313,0.07259903115
144,1,0,0.4038984489,350,0.6862862065,0.07294597928
144,1,0,0.4038984489,352,0.6852312968,0.0732692705
144,1,0,0.4038984489,354,0.6841523968,0.07359790297
144,1,0,0.4038984489,356,0.6831130073,0.07387328853
144,1,0,0.4038984489,358,0.6820808254,0.07414457494
144,1,0,0.4038984489,360,0.6809881181,0.07442164426
144,1,0,0.4038984489,362,0.6799829038,0.07464109772
144,1,0,0.4038984489,364,0.6789488312,0.07486788799
144,1,0,0.4038984489,366,0.6778515374,0.07512490997
144,1,0,0.4038984489,368,0.6767338118,0.07538361344
144,1,0,0.4038984489,370,0.6756444684,0.07561411477
144,1,0,0.4038984489,372,0.6745622012,0.07583906988
144,1,0,0.4038984489,374,0.6735257962,0.0760314037
144,1,0,0.4038984489,376,0.6725145339,0.07619912551
144,1,0,0.4038984489,378,0.6714337348,0.07636099086
144,1,0,0.4038984489,380,0.6704152384,0.07647867188
144,1,0,0.4038984489,382,0.6693976508,0.07660872878
144,1,0,0.4038984489,384,0.6683620503,0.07676516471
144,1,0,0.4038984489,386,0.6672508779,0.07693313995
144,1,0,0.4038984489,388,0.6661544399,0.07712638136
144,1,0,0.4038984489,390,0.6650542929,0.07730445996
144,1,0,0.4038984489,392,0.6639269224,0.07750237996
144,1,0,0.4038984489,394,0.6627750233,0.07772380785
144,1,0,0.4038984489,396,0.6615703477,0.07795131347
144,1,0,0.4038984489,398,0.6603394979,0.07820137031
144,1,0,0.4038984489,400,0.659160017,0.0784025499
144,1,0,0.4038984489,402,0.6579843746,0.07858929203
144,1,0,0.4038984489,404,0.6568340357,0.07877026024
144,1,0,0.4038984489,406,0.6557071102,0.07894350256
144,1,0,0.4038984489,408,0.6545508452,0.07910764247
144,1,0,0.4038984489,410,0.6534180083,0.07926374874
144,1,0,0.4038984489,412,0.6523156536,0.07943142926
144,1,0,0.4038984489,414,0.6512624518,0.0795931602
144,1,0,0.4038984489,416,0.6502275286,0.07973364468
144,1,0,0.4038984489,418,0.6492203766,0.07986972022
144,1,0,0.4038984489,420,0.6481661106,0.080025684
144,1,0,0.4038984489,422,0.6471449022,0.08016473692
144,1,0,0.4038984489,424,0.6460639926,0.08029629214
144,1,0,0.4038984489,426,0.6449857753,0.08044488708
144,1,0,0.4038984489,428,0.6439121417,0.08058729412
144,1,0,0.4038984489,430,0.6428053598,0.08071366545
144,1,0,0.4038984489,432,0.6417462625,0.08079987969
144,1,0,0.4038984489,434,0.6407177327,0.08086035405
144,1,0,0.4038984489,436,0.6395710666,0.08096399068
144,1,0,0.4038984489,438,0.6384060366,0.08110317855
144,1,0,0.4038984489,440,0.6373247333,0.08124205543
144,1,0,0.4038984489,442,0.6362028767,0.08139879651
144,1,0,0.4038984489,444,0.6350586796,0.08155461683
144,1,0,0.4038984489,446,0.6338593861,0.08172873881
144,1,0,0.4038984489,448,0.6326686141,0.08185049046
144,1,0,0.4038984489,450,0.6314398678,0.08200598571
144,1,0,0.4038984489,452,0.6302543501,0.08217194873
144,1,0,0.4038984489,454,0.6290833594,0.08235258629
144,1,0,0.4038984489,456,0.6280054641,0.08250172555
144,1,0,0.4038984489,458,0.6269853424,0.08263366811
144,1,0,0.4038984489,460,0.6258935574,0.0827573822
144,1,0,0.4038984489,462,0.6247904612,0.08287924058
144,1,0,0.4038984489,464,0.6236625334,0.08300910355
144,1,0,0.4038984489,466,0.6225547158,0.08314743494
144,1,0,0.4038984489,468,0.6215300814,0.08322012291
144,1,0,0.4038984489,470,0.6205024405,0.08332050594
144,1,0,0.4038984489,472,0.6194949298,0.08341425021
144,1,0,0.4038984489,474,0.61842654,0.08356931974
144,1,0,0.4038984489,476,0.6173188651,0.08374890836
144,1,0,0.4038984489,478,0.6161063741,0.08393738952
144,1,0,0.4038984489,480,0.6148267435,0.08413910992
144,1,0,0.4038984489,482,0.6135496961,0.08436497717
144,1,0,0.4038984489,484,0.6123144614,0.08460111372
144,1,0,0.4038984489,486,0.6110539114,0.08488405365
144,1,0,0.4038984489,488,0.6097503376,0.0852184242
144,1,0,0.4038984489,490,0.6084095123,0.08554602459
144,1,0,0.4038984489,492,0.6070912632,0.08587307162
144,1,0,0.4038984489,494,0.6058354263,0.08620484987
144,1,0,0.4038984489,496,0.6045997554,0.08655092345
144,1,0,0.4038984489,498,0.6033532603,0.08690239986
144,1,0,0.4038984489,500,0.6020974491,0.08727920249
144,1,0,0.4038984489,502,0.600783119,0.08768455526
144,1,0,0.4038984489,504,0.5994637155,0.08806663353
144,1,0,0.4038984489,506,0.5982540854,0.08841326868
144,1,0,0.4038984489,508,0.5970120739,0.08875798294
144,1,0,0.4038984489,510,0.5958219254,0.08913621535
144,1,0,0.4038984489,512,0.5946555041,0.08949458695
144,1,0,0.4038984489,514,0.5933821444,0.08988175171
144,1,0,0.4038984489,516,0.5920482434,0.09026767002
144,1,0,0.4038984489,518,0.5906845875,0.09067791902
144,1,0,0.4038984489,520,0.5893022395,0.0911031017
144,1,0,0.4038984489,522,0.5878792012,0.09155177202
144,1,0,0.4038984489,524,0.5864695715,0.09199178252
144,1,0,0.4038984489,526,0.5850394787,0.09242380722
144,1,0,0.4038984489,528,0.5836081773,0.09287641767
144,1,0,0.4038984489,530,0.5821964838,0.0932791466
144,1,0,0.4038984489,532,0.5807852867,0.09362069341
144,1,0,0.4038984489,534,0.579437166,0.09396534115
144,1,0,0.4038984489,536,0.5780844734,0.09435533925
144,1,0,0.4038984489,538,0.5767606506,0.09476742105
144,1,0,0.4038984489,540,0.5754721647,0.09518454927
144,1,0,0.4038984489,542,0.5741917942,0.09563170052
144,1,0,0.4038984489,544,0.5729626899,0.09604896573
144,1,0,0.4038984489,546,0.5717191165,0.09646308497
144,1,0,0.4038984489,548,0.5705439121,0.09685010791
144,1,0,0.4038984489,550,0.5693553779,0.09721169322
144,1,0,0.4038984489,552,0.5680937603,0.0975936594
144,1,0,0.4038984489,554,0.5668511869,0.09799535142
144,1,0,0.4038984489,556,0.5656218584,0.0984533141
144,1,0,0.4038984489,558,0.5644124232,0.09889044195
144,1,0,0.4038984489,560,0.5632176516,0.09925400009
144,1,0,0.4038984489,562,0.5620726435,0.09960011339
144,1,0,0.4038984489,564,0.5609637737,0.09994537953
144,1,0,0.4038984489,566,0.5599105999,0.1002597065
144,1,0,0.4038984489,568,0.5589109199,0.1005593672
144,1,0,0.4038984489,570,0.5579530093,0.1008271699
144,1,0,0.4038984489,572,0.5570548843,0.1011062259
144,1,0,0.4038984489,574,0.5560325883,0.1014106211
144,1,0,0.4038984489,576,0.5550308712,0.1017294751
144,1,0,0.4038984489,578,0.5539953589,0.1020702117
144,1,0,0.4038984489,580,0.5529799819,0.1023393606
144,1,0,0.4038984489,582,0.5519262759,0.1025946876
144,1,0,0.4038984489,584,0.5507537296,0.102822695
144,1,0,0.4038984489,586,0.5496298753,0.1030472166
144,1,0,0.4038984489,588,0.5485088383,0.1032862562
144,1,0,0.4038984489,590,0.5473885019,0.1035457604
144,1,0,0.4038984489,592,0.54624534,0.1038124954
144,1,0,0.4038984489,594,0.5451174642,0.1040624292
144,1,0,0.4038984489,596,0.54396971,0.1043527827
144,1,0,0.4038984489,598,0.5427930034,0.1046606352
144,1,0,0.4038984489,600,0.5416386154,0.1049420158
144,1,0,0.4038984489,602,0.5404833901,0.1051984327
144,1,0,0.4038984489,604,0.5392805747,0.10548318
144,1,0,0.4038984489,606,0.5380376876,0.1057819647
144,1,0,0.4038984489,608,0.5367412065,0.1060915896
144,1,0,0.4038984489,610,0.5353915105,0.1063798659
144,1,0,0.4038984489,612,0.534032897,0.106695338
144,1,0,0.4038984489,614,0.5326942156,0.1069653833
144,1,0,0.4038984489,616,0.5313804238,0.1072542077
144,1,0,0.4038984489,618,0.5300286365,0.1075528906
144,1,0,0.4038984489,620,0.5287152175,0.1078546514
144,1,0,0.4038984489,622,0.5274894281,0.1081109775
144,1,0,0.4038984489,624,0.5261892336,0.1084102734
144,1,0,0.4038984489,626,0.524945509,0.1086825949
144,1,0,0.4038984489,628,0.5237124147,0.1089123557
144,1,0,0.4038984489,630,0.5225639543,0.109114602
144,1,0,0.4038984489,632,0.5214046902,0.1093462928
144,1,0,0.4038984489,634,0.5201977832,0.1096066609
144,1,0,0.4038984489,636,0.5190638625,0.1098056232
144,1,0,0.4038984489,638,0.5179914833,0.1099445935
144,1,0,0.4038984489,640,0.5168868797,0.1101108831
144,1,0,0.4038984489,642,0.5158419749,0.1102725728
144,1,0,0.4038984489,644,0.5147594303,0.1104543476
144,1,0,0.4038984489,646,0.5135863145,0.1106639264
144,1,0,0.4038984489,648,0.5124318233,0.1108977851
144,1,0,0.4038984489,650,0.5113307411,0.1111282826
144,1,0,0.4038984489,652,0.5102860136,0.1113405268
144,1,0,0.4038984489,654,0.5091978411,0.1116031271
144,1,0,0.4038984489,656,0.5080892467,0.1118854102
144,1,0,0.4038984489,658,0.5069408644,0.1122098967
144,1,0,0.4038984489,660,0.5058118406,0.1124946438
144,1,0,0.4038984489,662,0.5046907077,0.1127319505
144,1,0,0.4038984489,664,0.5035737017,0.1129909961
144,1,0,0.4038984489,666,0.502584353,0.1132010316
144,1,0,0.4038984489,668,0.5014931051,0.1134384773
144,1,0,0.4038984489,670,0.5004060171,0.1136949639
144,1,0,0.4038984489,672,0.4994006195,0.1139202172
144,1,0,0.4038984489,674,0.4983834179,0.1141037995
144,1,0,0.4038984489,676,0.4974005776,0.1142860875
144,1,0,0.4038984489,678,0.4964431178,0.1144506332
144,1,0,0.4038984489,680,0.4954872074,0.1146094896
144,1,0,0.4038984489,682,0.4945163915,0.114793996
144,1,0,0.4038984489,684,0.4935238528,0.1149745532
144,1,0,0.4038984489,686,0.4925580822,0.115147741
144,1,0,0.4038984489,688,0.491646297,0.1153117795
144,1,0,0.4038984489,690,0.4907149809,0.1154411381
144,1,0,0.4038984489,692,0.4898481007,0.1155958825
144,1,0,0.4038984489,694,0.4890241991,0.1157214703
144,1,0,0.4038984489,696,0.4882548809,0.1158182919
144,1,0,0.4038984489,698,0.487467075,0.1159283119
144,1,0,0.4038984489,700,0.4866727736,0.1160397663
144,1,0,0.4038984489,702,0.4857111823,0.1162198611
144,1,0,0.4038984489,704,0.4847838786,0.1164125199
144,1,0,0.4038984489,706,0.4839245576,0.1166077004
144,1,0,0.4038984489,708,0.4830456434,0.1167073225
144,1,0,0.4038984489,710,0.4821779262,0.1167769302
144,1,0,0.4038984489,712,0.4812963082,0.1168456221
144,1,0,0.4038984489,714,0.4804178121,0.1169126137
144,1,0,0.4038984489,716,0.4796234804,0.1169396065
144,1,0,0.4038984489,718,0.478758788,0.1170071864
144,1,0,0.4038984489,720,0.4778525901,0.1170754429
144,1,0,0.4038984489,722,0.4769747581,0.1170711751
144,1,0,0.4038984489,724,0.4760853986,0.1170767089
144,1,0,0.4038984489,726,0.4752506342,0.1170554236
144,1,0,0.4038984489,728,0.4743983705,0.1171016231
144,1,0,0.4038984489,730,0.4735113218,0.1171454196
144,1,0,0.4038984489,732,0.4726970003,0.1171334236
144,1,0,0.4038984489,734,0.4718873108,0.1171769133
144,1,0,0.4038984489,736,0.4712241604,0.1171635318
144,1,0,0.4038984489,738,0.4706013058,0.1171777713
144,1,0,0.4038984489,740,0.4699507179,0.1172084835
144,1,0,0.4038984489,742,0.4692441948,0.1172619503
144,1,0,0.4038984489,744,0.468583452,0.1172609995
144,1,0,0.4038984489,746,0.4679601977,0.1172545712
144,1,0,0.4038984489,748,0.4673064487,0.1172690036
144,1,0,0.4038984489,750,0.4666206849,0.1173439676
144,1,0,0.4038984489,752,0.4659029693,0.1173650571
144,1,0,0.4038984489,754,0.4652135475,0.1173965877
144,1,0,0.4038984489,756,0.4645732381,0.1174089088
144,1,0,0.4038984489,758,0.463913922,0.1174618576
144,1,0,0.4038984489,760,0.4631782617,0.1175040221
144,1,0,0.4038984489,762,0.4624160509,0.1175267121
144,1,0,0.4038984489,764,0.4616773895,0.1175381034
144,1,0,0.4038984489,766,0.4609667589,0.117579948
144,1,0,0.4038984489,768,0.4602735139,0.1176462239
144,1,0,0.4038984489,770,0.4595930377,0.1177161418
144,1,0,0.4038984489,772,0.4589495861,0.1177859294
144,1,0,0.4038984489,774,0.4582613883,0.1179007448
144,1,0,0.4038984489,776,0.4574773841,0.1180994435
144,1,0,0.4038984489,778,0.4566713272,0.1183132115
144,1,0,0.4038984489,780,0.4558811496,0.1185304692
144,1,0,0.4038984489,782,0.4550503079,0.1187658591
144,1,0,0.4038984489,784,0.4542266324,0.1190002549
144,1,0,0.4038984489,786,0.4533783773,0.1192844296
144,1,0,0.4038984489,788,0.4525866442,0.1195527337
144,1,0,0.4038984489,790,0.4518334077,0.1197750584
144,1,0,0.4038984489,792,0.4510514779,0.1199921574
144,1,0,0.4038984489,794,0.450310245,0.1202411936
144,1,0,0.4038984489,796,0.449537055,0.1204781383
144,1,0,0.4038984489,798,0.4487027724,0.1206878266
144,1,0,0.4038984489,800,0.4479352655,0.1208879586
144,1,0,0.4038984489,802,0.4470833124,0.1211226686
144,1,0,0.4038984489,804,0.4464029521,0.1213159898
144,1,0,0.4038984489,806,0.4456452681,0.1215330974
144,1,0,0.4038984489,808,0.4448271054,0.1217813802
144,1,0,0.4038984489,810,0.4440139978,0.1220075867
144,1,0,0.4038984489,812,0.4431205355,0.1222210159
144,1,0,0.4038984489,814,0.4423184797,0.1223550762
144,1,0,0.4038984489,816,0.4415218119,0.1225253212
144,1,0,0.4038984489,818,0.440802572,0.1227556911
144,1,0,0.4038984489,820,0.4401394208,0.1229771116
144,1,0,0.4038984489,822,0.4394280972,0.1232326164
144,1,0,0.4038984489,824,0.4388324651,0.1234221697
144,1,0,0.4038984489,826,0.4383453152,0.1235798322
144,1,0,0.4038984489,828,0.437878703,0.1237521307
144,1,0,0.4038984489,830,0.4373675167,0.123927662
144,1,0,0.4038984489,832,0.4368922884,0.1241093195
144,1,0,0.4038984489,834,0.4364349508,0.1242580193
144,1,0,0.4038984489,836,0.4359076071,0.1244395559
144,1,0,0.4038984489,838,0.4353962278,0.1245994932
144,1,0,0.4038984489,840,0.4348876974,0.1247855927
144,1,0,0.4038984489,842,0.4342738127,0.1249874942
144,1,0,0.4038984489,844,0.4337203632,0.1252147122
144,1,0,0.4038984489,846,0.4332400603,0.1254047089
144,1,0,0.4038984489,848,0.4327468903,0.1255627972
144,1,0,0.4038984489,850,0.4322861657,0.1256434211
144,1,0,0.4038984489,852,0.4317242179,0.1257885763
144,1,0,0.4038984489,854,0.4310931295,0.125984351
144,1,0,0.4038984489,856,0.4304709314,0.1261858997
144,1,0,0.4038984489,858,0.4298508481,0.126429672
144,1,0,0.4038984489,860,0.4291677615,0.1267192328
144,1,0,0.4038984489,862,0.4284160741,0.127039698
144,1,0,0.4038984489,864,0.4277190606,0.1273179924
144,1,0,0.4038984489,866,0.4270774674,0.1276102456
144,1,0,0.4038984489,868,0.4264345059,0.1278729238
144,1,0,0.4038984489,870,0.4258063021,0.1281289431
144,1,0,0.4038984489,872,0.4251746339,0.1284008668
144,1,0,0.4038984489,874,0.4245499174,0.1286875984
144,1,0,0.4038984489,876,0.4239418396,0.1289514299
144,1,0,0.4038984489,878,0.4233059615,0.1292649996
144,1,0,0.4038984489,880,0.4226108035,0.1295995233
144,1,0,0.4038984489,882,0.4219149967,0.1299124125
144,1,0,0.4038984489,884,0.4212984727,0.1301519537
144,1,0,0.4038984489,886,0.4206613778,0.1304010937
144,1,0,0.4038984489,888,0.4200438005,0.1306770152
144,1,0,0.4038984489,890,0.4194738887,0.1309374544
144,1,0,0.4038984489,892,0.4188290785,0.1312187704
144,1,0,0.4038984489,894,0.4181968031,0.1315216006
144,1,0,0.4038984489,896,0.4176261218,0.1318312543
144,1,0,0.4038984489,898,0.4169824857,0.1320826278
144,1,0,0.4038984489,900,0.4163616281,0.1322989463
144,1,0,0.4038984489,902,0.4157661714,0.1324887167
144,1,0,0.4038984489,904,0.4153023352,0.1326247044
144,1,0,0.4038984489,906,0.4149032929,0.1326883071
144,1,0,0.4038984489,908,0.4145283412,0.1327604466
144,1,0,0.4038984489,910,0.4140649421,0.1328192775
144,1,0,0.4038984489,912,0.4135751963,0.1329009448
144,1,0,0.4038984489,914,0.4130242585,0.1330224
144,1,0,0.4038984489,916,0.4125349254,0.1331338762
144,1,0,0.4038984489,918,0.412099584,0.1332677342
144,1,0,0.4038984489,920,0.4115969306,0.1334456621
144,1,0,0.4038984489,922,0.4110928523,0.1335928551
144,1,0,0.4038984489,924,0.4107318639,0.1337293914
144,1,0,0.4038984489,926,0.4103972727,0.1338371921
144,1,0,0.4038984489,928,0.4100127167,0.1339927673
144,1,0,0.4038984489,930,0.4097066526,0.134135248
144,1,0,0.4038984489,932,0.4093968006,0.1343119871
144,1,0,0.4038984489,934,0.4091806484,0.134466798
144,1,0,0.4038984489,936,0.4089092932,0.1345986655
144,1,0,0.4038984489,938,0.4086922209,0.1347089011
144,1,0,0.4038984489,940,0.4084916633,0.1347727306
144,1,0,0.4038984489,942,0.4082801433,0.1348580114
144,1,0,0.4038984489,944,0.4079416341,0.1349572113
144,1,0,0.4038984489,946,0.4077468626,0.1350136319
144,1,0,0.4038984489,948,0.4074844143,0.135118579
144,1,0,0.4038984489,950,0.4071672931,0.1353052353
144,1,0,0.4038984489,952,0.4068674104,0.1354606585
144,1,0,0.4038984489,954,0.406714765,0.1354955941
144,1,0,0.4038984489,956,0.4066098378,0.1354833082
144,1,0,0.4038984489,958,0.4063016436,0.1354828421
144,1,0,0.4038984489,960,0.4059200552,0.1354737959
144,1,0,0.4038984489,962,0.4054758353,0.1354861459
144,1,0,0.4038984489,964,0.4050908995,0.1354939395
144,1,0,0.4038984489,966,0.4047322722,0.1354550969
144,1,0,0.4038984489,968,0.4044260007,0.135448408
144,1,0,0.4038984489,970,0.4040341793,0.1355152105
144,1,0,0.4038984489,972,0.4036053277,0.135612069
144,1,0,0.4038984489,974,0.4032779438,0.135643512
144,1,0,0.4038984489,976,0.4029443992,0.1356968211
144,1,0,0.4038984489,978,0.4025887677,0.1357488015
144,1,0,0.4038984489,980,0.4021567711,0.1358054009
144,1,0,0.4038984489,982,0.4016907733,0.1358526908
144,1,0,0.4038984489,984,0.4011743906,0.1359438088
144,1,0,0.4038984489,986,0.4005660786,0.136072578
144,1,0,0.4038984489,988,0.4000139414,0.1362137702
144,1,0,0.4038984489,990,0.3994225266,0.1363135515
144,1,0,0.4038984489,992,0.3988802421,0.136375965
144,1,0,0.4038984489,994,0.3984267697,0.1364220004
144,1,0,0.4038984489,996,0.3980341284,0.1364295668
144,1,0,0.4038984489,998,0.3975295577,0.1365190173
144,1,0,0.4038984489,1000,0.3969916076,0.1366619621
144,1,0,0.4038984489,1002,0.3964999524,0.1367948795
144,1,0,0.4038984489,1004,0.3959859029,0.1369534579
144,1,0,0.4038984489,1006,0.3955256036,0.1370312644
144,1,0,0.4038984489,1008,0.39516748,0.1370839696
144,1,0,0.4038984489,1010,0.3947601044,0.1371529024
144,1,0,0.4038984489,1012,0.394363156,0.1372307071
144,1,0,0.4038984489,1014,0.3940774699,0.1372614877
144,1,0,0.4038984489,1016,0.3938049182,0.1373074093
144,1,0,0.4038984489,1018,0.3935021441,0.137387782
144,1,0,0.4038984489,1020,0.3932642981,0.137396907
144,1,0,0.4038984489,1022,0.3929063955,0.1374312932
144,1,0,0.4038984489,1024,0.3924886756,0.137501861
144,1,0,0.4038984489,1026,0.3920080594,0.1375754148
144,1,0,0.4038984489,1028,0.3915763356,0.1376786429
144,1,0,0.4038984489,1030,0.3910844138,0.1378278734
144,1,0,0.4038984489,1032,0.3906466025,0.1379589642
144,1,0,0.4038984489,1034,0.3902524493,0.1380858239
144,1,0,0.4038984489,1036,0.3899552901,0.1381784515
144,1,0,0.4038984489,1038,0.3895899445,0.1382971791
144,1,0,0.4038984489,1040,0.3892263491,0.1384304317
144,1,0,0.4038984489,1042,0.388878313,0.1385489145
144,1,0,0.4038984489,1044,0.3885248877,0.1386358427
144,1,0,0.4038984489,1046,0.3880632402,0.1387661064
144,1,0,0.4038984489,1048,0.3876411984,0.1388903344
144,1,0,0.4038984489,1050,0.3871865177,0.1390426424
144,1,0,0.4038984489,1052,0.3867796374,0.139208629
144,1,0,0.4038984489,1054,0.3864968314,0.1393536934
144,1,0,0.4038984489,1056,0.3861746193,0.1394701582
144,1,0,0.4038984489,1058,0.3858469438,0.1395849919
144,1,0,0.4038984489,1060,0.3855069328,0.1397032428
144,1,0,0.4038984489,1062,0.3851712661,0.1398297839
144,1,0,0.4038984489,1064,0.3848259027,0.1399622907
144,1,0,0.4038984489,1066,0.3843495455,0.140101283
144,1,0,0.4038984489,1068,0.3838279089,0.140295485
144,1,0,0.4038984489,1070,0.3833353789,0.140482152
144,1,0,0.4038984489,1072,0.3829033904,0.1406885031
144,1,0,0.4038984489,1074,0.3824255659,0.1408908552
144,1,0,0.4038984489,1076,0.3819713019,0.1410636829
144,1,0,0.4038984489,1078,0.38164889,0.1412051183
144,1,0,0.4038984489,1080,0.3812354032,0.1413893173
144,1,0,0.4038984489,1082,0.3808830363,0.1415736732
144,1,0,0.4038984489,1084,0.3804760134,0.1417700083
144,1,0,0.4038984489,1086,0.3800477146,0.1419525413
144,1,0,0.4038984489,1088,0.3795728323,0.1420869501
144,1,0,0.4038984489,1090,0.3791488195,0.142172232
144,1,0,0.4038984489,1092,0.3787552027,0.14224025
144,1,0,0.4038984489,1094,0.3784592414,0.1422513406
144,1,0,0.4038984489,1096,0.378110235,0.142280101
144,1,0,0.4038984489,1098,0.3777256367,0.1423352288
144,1,0,0.4038984489,1100,0.3772581871,0.142445555
144,1,0,0.4038984489,1102,0.3767055343,0.1425648731
144,1,0,0.4038984489,1104,0.376094375,0.1426947624
144,1,0,0.4038984489,1106,0.3754894103,0.1428079816
144,1,0,0.4038984489,1108,0.3748074906,0.1429791825
144,1,0,0.4038984489,1110,0.3742314938,0.1431269233
144,1,0,0.4038984489,1112,0.3735334181,0.1433140046
144,1,0,0.4038984489,1114,0.3727866517,0.1434668783
144,1,0,0.4038984489,1116,0.3721069785,0.1436569784
144,1,0,0.4038984489,1118,0.371456098,0.1438448234
144,1,0,0.4038984489,1120,0.3707028903,0.1440979689
144,1,0,0.4038984489,1122,0.3699522292,0.1443028337
144,1,0,0.4038984489,1124,0.3691901188,0.1445605265
144,1,0,0.4038984489,1126,0.368502893,0.1447800595
144,1,0,0.4038984489,1128,0.3677925335,0.1450182088
144,1,0,0.4038984489,1130,0.3670078771,0.1453143014
144,1,0,0.4038984489,1132,0.3661886093,0.145641512
144,1,0,0.4038984489,1134,0.3654091983,0.1459404198
144,1,0,0.4038984489,1136,0.3646668927,0.146221006
144,1,0,0.4038984489,1138,0.3640350572,0.1464653915
144,1,0,0.4038984489,1140,0.3633688524,0.1466965646
144,1,0,0.4038984489,1142,0.3627399479,0.1469172681
144,1,0,0.4038984489,1144,0.3622316929,0.1471405262
144,1,0,0.4038984489,1146,0.3617679527,0.147310145
144,1,0,0.4038984489,1148,0.3613305355,0.1474853059
144,1,0,0.4038984489,1150,0.3609201366,0.1476386997
144,1,0,0.4038984489,1152,0.3605053273,0.1477741625
144,1,0,0.4038984489,1154,0.3600337123,0.1479544069
144,1,0,0.4038984489,1156,0.3596535746,0.1481273957
144,1,0,0.4038984489,1158,0.359300279,0.1482649863
144,1,0,0.4038984489,1160,0.358885167,0.1484618478
144,1,0,0.4038984489,1162,0.3583932409,0.1486332772
144,1,0,0.4038984489,1164,0.3578768092,0.1488147227
144,1,0,0.4038984489,1166,0.3573376201,0.1489084215
144,1,0,0.4038984489,1168,0.3567077935,0.1490216996
144,1,0,0.4038984489,1170,0.3559875701,0.1492039934
144,1,0,0.4038984489,1172,0.3553696411,0.1493724125
144,1,0,0.4038984489,1174,0.3548162182,0.1495310737
144,1,0,0.4038984489,1176,0.354355914,0.1497437686
144,1,0,0.4038984489,1178,0.3538719309,0.1499126288
144,1,0,0.4038984489,1180,0.3534795704,0.1500234582
144,1,0,0.4038984489,1182,0.3530726303,0.1501676839
144,1,0,0.4038984489,1184,0.3525535542,0.1503409634
144,1,0,0.4038984489,1186,0.3520017988,0.1505452088
144,1,0,0.4038984489,1188,0.3514844287,0.1507462163
144,1,0,0.4038984489,1190,0.3509767552,0.1509556471
144,1,0,0.4038984489,1192,0.350556778,0.1511347117
144,1,0,0.4038984489,1194,0.350070026,0.1513210379
144,1,0,0.4038984489,1196,0.349505742,0.1515224777
144,1,0,0.4038984489,1198,0.348962876,0.151677542
144,1,0,0.4038984489,1200,0.3484553778,0.1518482585
144,1,0,0.4038984489,1202,0.3479283514,0.1520673649
144,1,0,0.4038984489,1204,0.3473632182,0.1522892935
144,1,0,0.4038984489,1206,0.3467636641,0.1525069498
144,1,0,0.4038984489,1208,0.3462066503,0.152663778
144,1,0,0.4038984489,1210,0.34574652,0.1528054429
144,1,0,0.4038984489,1212,0.3452526792,0.1529590609
144,1,0,0.4038984489,1214,0.3448169552,0.1530908248
144,1,0,0.4038984489,1216,0.3444547047,0.1532002579
144,1,0,0.4038984489,1218,0.3441223144,0.1532889438
144,1,0,0.4038984489,1220,0.3437402707,0.1534219891
144,1,0,0.4038984489,1222,0.3433613014,0.1535349948
144,1,0,0.4038984489,1224,0.3430086368,0.1537017736
144,1,0,0.4038984489,1226,0.3426288359,0.1539007175
144,1,0,0.4038984489,1228,0.3422393469,0.1540999609
144,1,0,0.4038984489,1230,0.3417722753,0.1543061309
144,1,0,0.4038984489,1232,0.3411964683,0.1545277874
144,1,0,0.4038984489,1234,0.3407353276,0.1547953721
144,1,0,0.4038984489,1236,0.3402559326,0.155048415
144,1,0,0.4038984489,1238,0.3397548767,0.1553083854
144,1,0,0.4038984489,1240,0.3392028378,0.1555510961
144,1,0,0.4038984489,1242,0.338639253,0.1557980696
144,1,0,0.4038984489,1244,0.3381318586,0.1560836028
144,1,0,0.4038984489,1246,0.3375869506,0.1563593406
144,1,0,0.4038984489,1248,0.3372056116,0.1566017905
144,0.975,0.025,0.2855993321,0,1,0
144,0.975,0.025,0.2855993321,2,0.9989129424,0.0001801559039
144,0.975,0.025,0.2855993321,4,0.9977825163,0.0003601289609
144,0.975,0.025,0.2855993321,6,0.9967497801,0.0005356115976
144,0.975,0.025,0.2855993321,8,0.9957824825,0.0007041645055
144,0.975,0.025,0.2855993321,10,0.9948697852,0.0008730024251
144,0.975,0.025,0.2855993321,12,0.9940164705,0.00103169413
144,0.975,0.025,0.2855993321,14,0.9932021454,0.00118939987
144,0.975,0.025,0.2855993321,16,0.9923945717,0.001365081948
144,0.975,0.025,0.2855993321,18,0.9916122257,0.001519520881
144,0.975,0.025,0.2855993321,20,0.9908580808,0.001664800398
144,0.975,0.025,0.2855993321,22,0.9901007594,0.00180091476
144,0.975,0.025,0.2855993321,24,0.9893452406,0.001936472896
144,0.975,0.025,0.2855993321,26,0.9886290763,0.002068163564
144,0.975,0.025,0.2855993321,28,0.9879090943,0.002197702942
144,0.975,0.025,0.2855993321,30,0.9872005498,0.002318799507
144,0.975,0.025,0.2855993321,32,0.9865119624,0.002443847587
144,0.975,0.025,0.2855993321,34,0.9858375433,0.002570443944
144,0.975,0.025,0.2855993321,36,0.9851879375,0.002677219348
144,0.975,0.025,0.2855993321,38,0.9845463087,0.00278433758
144,0.975,0.025,0.2855993321,40,0.9839083253,0.002876066313
144,0.975,0.025,0.2855993321,42,0.9832928307,0.002966003225
144,0.975,0.025,0.2855993321,44,0.9826759503,0.003065278518
144,0.975,0.025,0.2855993321,46,0.9820555368,0.00316070029
144,0.975,0.025,0.2855993321,48,0.9814469393,0.003253041532
144,0.975,0.025,0.2855993321,50,0.9807977468,0.00335597216
144,0.975,0.025,0.2855993321,52,0.9801534128,0.003452988805
144,0.975,0.025,0.2855993321,54,0.9795415574,0.003552058331
144,0.975,0.025,0.2855993321,56,0.9789522675,0.003640002929
144,0.975,0.025,0.2855993321,58,0.978354588,0.003741808969
144,0.975,0.025,0.2855993321,60,0.9777321544,0.003836579836
144,0.975,0.025,0.2855993321,62,0.9771008743,0.003938985028
144,0.975,0.025,0.2855993321,64,0.9764375145,0.004051219143
144,0.975,0.025,0.2855993321,66,0.9757929456,0.00416435534
144,0.975,0.025,0.2855993321,68,0.9751546923,0.004304361389
144,0.975,0.025,0.2855993321,70,0.9745330336,0.004440362853
144,0.975,0.025,0.2855993321,72,0.9739063375,0.004563740706
144,0.975,0.025,0.2855993321,74,0.973289461,0.004687868595
144,0.975,0.025,0.2855993321,76,0.972657615,0.004805079613
144,0.975,0.025,0.2855993321,78,0.9720161511,0.00491380575
144,0.975,0.025,0.2855993321,80,0.9713955489,0.004992286473
144,0.975,0.025,0.2855993321,82,0.9707932565,0.005060848283
144,0.975,0.025,0.2855993321,84,0.9701879192,0.005116936604
144,0.975,0.025,0.2855993321,86,0.9695656143,0.005173872903
144,0.975,0.025,0.2855993321,88,0.9689373429,0.005234657263
144,0.975,0.025,0.2855993321,90,0.9683027276,0.005303429506
144,0.975,0.025,0.2855993321,92,0.9676867339,0.005354046795
144,0.975,0.025,0.2855993321,94,0.9671108923,0.005391318186
144,0.975,0.025,0.2855993321,96,0.96657128,0.005411724821
144,0.975,0.025,0.2855993321,98,0.9660287655,0.005438232901
144,0.975,0.025,0.2855993321,100,0.9654624794,0.005473974672
144,0.975,0.025,0.2855993321,102,0.964892019,0.005532992792
144,0.975,0.025,0.2855993321,104,0.9643279787,0.005568319408
144,0.975,0.025,0.2855993321,106,0.963791899,0.005617963903
144,0.975,0.025,0.2855993321,108,0.9632465023,0.005680813486
144,0.975,0.025,0.2855993321,110,0.9626996885,0.00573523509
144,0.975,0.025,0.2855993321,112,0.9621338053,0.005791661843
144,0.975,0.025,0.2855993321,114,0.9615560399,0.005848058031
144,0.975,0.025,0.2855993321,116,0.9609605976,0.005909491481
144,0.975,0.025,0.2855993321,118,0.9603385669,0.00597753141
144,0.975,0.025,0.2855993321,120,0.9597052818,0.006068049056
144,0.975,0.025,0.2855993321,122,0.9591198925,0.006161285637
144,0.975,0.025,0.2855993321,124,0.9585502894,0.006258409429
144,0.975,0.025,0.2855993321,126,0.9580005302,0.006351962066
144,0.975,0.025,0.2855993321,128,0.9574533023,0.006442750802
144,0.975,0.025,0.2855993321,130,0.9568686222,0.006540246206
144,0.975,0.025,0.2855993321,132,0.9562732409,0.006633692471
144,0.975,0.025,0.2855993321,134,0.9556892757,0.006707619844
144,0.975,0.025,0.2855993321,136,0.9550963947,0.006792526536
144,0.975,0.025,0.2855993321,138,0.9544704476,0.006869376296
144,0.975,0.025,0.2855993321,140,0.9538464686,0.006952834059
144,0.975,0.025,0.2855993321,142,0.9532197219,0.007046079379
144,0.975,0.025,0.2855993321,144,0.9526142705,0.007139383114
144,0.975,0.025,0.2855993321,146,0.9520038808,0.00724649708
144,0.975,0.025,0.2855993321,148,0.9514053345,0.007339268499
144,0.975,0.025,0.2855993321,150,0.9508153489,0.007426127176
144,0.975,0.025,0.2855993321,152,0.9502237639,0.00750274049
144,0.975,0.025,0.2855993321,154,0.9496405744,0.007569948387
144,0.975,0.025,0.2855993321,156,0.9490700728,0.007639972186
144,0.975,0.025,0.2855993321,158,0.9485420229,0.00770518878
144,0.975,0.025,0.2855993321,160,0.9479935223,0.007782769812
144,0.975,0.025,0.2855993321,162,0.9474381203,0.007874690712
144,0.975,0.025,0.2855993321,164,0.9468929014,0.007976597271
144,0.975,0.025,0.2855993321,166,0.9463646825,0.008073934675
144,0.975,0.025,0.2855993321,168,0.9458444838,0.00816774398
144,0.975,0.025,0.2855993321,170,0.9453200457,0.008254411409
144,0.975,0.025,0.2855993321,172,0.9448281606,0.008321979495
144,0.975,0.025,0.2855993321,174,0.9443328901,0.008392021082
144,0.975,0.025,0.2855993321,176,0.9438411224,0.008454739052
144,0.975,0.025,0.2855993321,178,0.9433377589,0.008504013162
144,0.975,0.025,0.2855993321,180,0.9428246868,0.0085447112
144,0.975,0.025,0.2855993321,182,0.9423197205,0.008597078694
144,0.975,0.025,0.2855993321,184,0.9417811146,0.008665419283
144,0.975,0.025,0.2855993321,186,0.9412352178,0.008749535882
144,0.975,0.025,0.2855993321,188,0.9406772279,0.008830587213
144,0.975,0.025,0.2855993321,190,0.9401487333,0.008929441936
144,0.975,0.025,0.2855993321,192,0.9396281729,0.009024089902
144,0.975,0.025,0.2855993321,194,0.9390941503,0.009111993004
144,0.975,0.025,0.2855993321,196,0.9385835227,0.009195108337
144,0.975,0.025,0.2855993321,198,0.938058402,0.00927237402
144,0.975,0.025,0.2855993321,200,0.937557815,0.009344864265
144,0.975,0.025,0.2855993321,202,0.9370498443,0.00942741645
144,0.975,0.025,0.2855993321,204,0.9364930864,0.009528122966
144,0.975,0.025,0.2855993321,206,0.9359443366,0.009620752813
144,0.975,0.025,0.2855993321,208,0.935425034,0.009725068131
144,0.975,0.025,0.2855993321,210,0.9348958665,0.009836508435
144,0.975,0.025,0.2855993321,212,0.9343647961,0.009938746109
144,0.975,0.025,0.2855993321,214,0.9338589389,0.01003884485
144,0.975,0.025,0.2855993321,216,0.9333792283,0.010147225
144,0.975,0.025,0.2855993321,218,0.9329045027,0.01025144054
144,0.975,0.025,0.2855993321,220,0.9323990471,0.01036788486
144,0.975,0.025,0.2855993321,222,0.9319128582,0.01049285546
144,0.975,0.025,0.2855993321,224,0.9314254142,0.01062857144
144,0.975,0.025,0.2855993321,226,0.9309122615,0.01076906222
144,0.975,0.025,0.2855993321,228,0.9304066122,0.01091158761
144,0.975,0.025,0.2855993321,230,0.9298974752,0.01106739771
144,0.975,0.025,0.2855993321,232,0.9294313547,0.01122606986
144,0.975,0.025,0.2855993321,234,0.9289508864,0.01136491458
144,0.975,0.025,0.2855993321,236,0.9284732227,0.01150055512
144,0.975,0.025,0.2855993321,238,0.9279847974,0.01164225028
144,0.975,0.025,0.2855993321,240,0.9275221299,0.01178835683
144,0.975,0.025,0.2855993321,242,0.9270554708,0.01192448622
144,0.975,0.025,0.2855993321,244,0.9266161485,0.012055943
144,0.975,0.025,0.2855993321,246,0.9261878815,0.01219413419
144,0.975,0.025,0.2855993321,248,0.9257636936,0.01230887949
144,0.975,0.025,0.2855993321,250,0.925334289,0.01241783407
144,0.975,0.025,0.2855993321,252,0.9249078502,0.01252418963
144,0.975,0.025,0.2855993321,254,0.9244996971,0.01262553307
144,0.975,0.025,0.2855993321,256,0.9240971287,0.0127268607
144,0.975,0.025,0.2855993321,258,0.923656803,0.01283493781
144,0.975,0.025,0.2855993321,260,0.9231989916,0.0129401391
144,0.975,0.025,0.2855993321,262,0.9227439185,0.01305029966
144,0.975,0.025,0.2855993321,264,0.9222836594,0.01316520205
144,0.975,0.025,0.2855993321,266,0.9218455995,0.01326427232
144,0.975,0.025,0.2855993321,268,0.9214017956,0.01334945244
144,0.975,0.025,0.2855993321,270,0.9209553729,0.0134318968
144,0.975,0.025,0.2855993321,272,0.9205574428,0.01351177316
144,0.975,0.025,0.2855993321,274,0.920136837,0.01359496185
144,0.975,0.025,0.2855993321,276,0.9197035924,0.01368673682
144,0.975,0.025,0.2855993321,278,0.9192898348,0.01378183919
144,0.975,0.025,0.2855993321,280,0.9188669007,0.01387992017
144,0.975,0.025,0.2855993321,282,0.9184514349,0.01396924353
144,0.975,0.025,0.2855993321,284,0.9180362062,0.01406074088
144,0.975,0.025,0.2855993321,286,0.9175995876,0.0141561749
144,0.975,0.025,0.2855993321,288,0.9171921782,0.01424024437
144,0.975,0.025,0.2855993321,290,0.9167722892,0.01433236094
144,0.975,0.025,0.2855993321,292,0.916326646,0.01442229693
144,0.975,0.025,0.2855993321,294,0.915890595,0.01451568172
144,0.975,0.025,0.2855993321,296,0.9154371491,0.01461441648
144,0.975,0.025,0.2855993321,298,0.9149635584,0.01472239735
144,0.975,0.025,0.2855993321,300,0.9145008538,0.01483095224
144,0.975,0.025,0.2855993321,302,0.9140461477,0.01493063761
144,0.975,0.025,0.2855993321,304,0.9136053815,0.01503272118
144,0.975,0.025,0.2855993321,306,0.9131595383,0.01514949399
144,0.975,0.025,0.2855993321,308,0.9127008528,0.01528433859
144,0.975,0.025,0.2855993321,310,0.9122373938,0.01541393776
144,0.975,0.025,0.2855993321,312,0.9117582425,0.01554627337
144,0.975,0.025,0.2855993321,314,0.9112543484,0.01568387485
144,0.975,0.025,0.2855993321,316,0.9107799478,0.01580923815
144,0.975,0.025,0.2855993321,318,0.9103063821,0.01591657547
144,0.975,0.025,0.2855993321,320,0.9098347135,0.01603868794
144,0.975,0.025,0.2855993321,322,0.9093702843,0.01617313596
144,0.975,0.025,0.2855993321,324,0.9089112897,0.01631037538
144,0.975,0.025,0.2855993321,326,0.9084425244,0.01645898358
144,0.975,0.025,0.2855993321,328,0.9080038748,0.01660434125
144,0.975,0.025,0.2855993321,330,0.9075674128,0.01674293467
144,0.975,0.025,0.2855993321,332,0.9071043916,0.01687785558
144,0.975,0.025,0.2855993321,334,0.9066356322,0.01703677975
144,0.975,0.025,0.2855993321,336,0.9061636761,0.0171922596
144,0.975,0.025,0.2855993321,338,0.9056897016,0.01735476869
144,0.975,0.025,0.2855993321,340,0.9052357238,0.01752815007
144,0.975,0.025,0.2855993321,342,0.9047416639,0.01771962971
144,0.975,0.025,0.2855993321,344,0.9042577271,0.01791067516
144,0.975,0.025,0.2855993321,346,0.9037565843,0.01809499249
144,0.975,0.025,0.2855993321,348,0.9032635197,0.01826608768
144,0.975,0.025,0.2855993321,350,0.9027996285,0.01841866209
144,0.975,0.025,0.2855993321,352,0.9023255787,0.01858799952
144,0.975,0.025,0.2855993321,354,0.9018713537,0.01874679894
144,0.975,0.025,0.2855993321,356,0.9014601274,0.01889018982
144,0.975,0.025,0.2855993321,358,0.9010944758,0.01901760614
144,0.975,0.025,0.2855993321,360,0.9007423906,0.0191572311
144,0.975,0.025,0.2855993321,362,0.9003820249,0.01930181605
144,0.975,0.025,0.2855993321,364,0.9000650095,0.01945348512
144,0.975,0.025,0.2855993321,366,0.8997301002,0.01960474179
144,0.975,0.025,0.2855993321,368,0.8993810974,0.01976421461
144,0.975,0.025,0.2855993321,370,0.8990375769,0.01991498087
144,0.975,0.025,0.2855993321,372,0.898694504,0.02005727083
144,0.975,0.025,0.2855993321,374,0.8983291896,0.02020867974
144,0.975,0.025,0.2855993321,376,0.897950737,0.02035234429
144,0.975,0.025,0.2855993321,378,0.89756761,0.02049943281
144,0.975,0.025,0.2855993321,380,0.8971901621,0.02064045905
144,0.975,0.025,0.2855993321,382,0.896794092,0.02080073304
144,0.975,0.025,0.2855993321,384,0.8964338007,0.02094462469
144,0.975,0.025,0.2855993321,386,0.896073768,0.02109668734
144,0.975,0.025,0.2855993321,388,0.8957120035,0.02123033796
144,0.975,0.025,0.2855993321,390,0.8953683267,0.02133478146
144,0.975,0.025,0.2855993321,392,0.8950547794,0.02143787021
144,0.975,0.025,0.2855993321,394,0.8947175696,0.02153833444
144,0.975,0.025,0.2855993321,396,0.8943728556,0.02163868736
144,0.975,0.025,0.2855993321,398,0.894053622,0.02172602604
144,0.975,0.025,0.2855993321,400,0.8937100644,0.02180972689
144,0.975,0.025,0.2855993321,402,0.8933987093,0.02188268271
144,0.975,0.025,0.2855993321,404,0.8930612163,0.02196338702
144,0.975,0.025,0.2855993321,406,0.8927171575,0.02205697988
144,0.975,0.025,0.2855993321,408,0.8923810075,0.02215150648
144,0.975,0.025,0.2855993321,410,0.8920694237,0.02224220281
144,0.975,0.025,0.2855993321,412,0.89173526,0.02234599678
144,0.975,0.025,0.2855993321,414,0.8913935352,0.022433019
144,0.975,0.025,0.2855993321,416,0.8910383117,0.02252068741
144,0.975,0.025,0.2855993321,418,0.8906946381,0.02263120336
144,0.975,0.025,0.2855993321,420,0.8903769724,0.02273976266
144,0.975,0.025,0.2855993321,422,0.8900793251,0.02285628171
144,0.975,0.025,0.2855993321,424,0.8897607953,0.02298035477
144,0.975,0.025,0.2855993321,426,0.8893887799,0.02311883114
144,0.975,0.025,0.2855993321,428,0.8890035942,0.0232621538
144,0.975,0.025,0.2855993321,430,0.8885960642,0.02342090589
144,0.975,0.025,0.2855993321,432,0.8882058815,0.02355899153
144,0.975,0.025,0.2855993321,434,0.8878394171,0.02367642436
144,0.975,0.025,0.2855993321,436,0.8874605336,0.02380738243
144,0.975,0.025,0.2855993321,438,0.8870730876,0.02395007724
144,0.975,0.025,0.2855993321,440,0.8867032539,0.02409586572
144,0.975,0.025,0.2855993321,442,0.8863429359,0.02425478357
144,0.975,0.025,0.2855993321,444,0.8859568469,0.02440860811
144,0.975,0.025,0.2855993321,446,0.8855613968,0.02455949567
144,0.975,0.025,0.2855993321,448,0.8851631238,0.02471972798
144,0.975,0.025,0.2855993321,450,0.8848147446,0.02485652596
144,0.975,0.025,0.2855993321,452,0.884447414,0.024989143
144,0.975,0.025,0.2855993321,454,0.8840970837,0.02509360271
144,0.975,0.025,0.2855993321,456,0.8837565276,0.02518461849
144,0.975,0.025,0.2855993321,458,0.8833779359,0.02529521426
144,0.975,0.025,0.2855993321,460,0.8829804757,0.02541874807
144,0.975,0.025,0.2855993321,462,0.8825808054,0.02553846857
144,0.975,0.025,0.2855993321,464,0.8821720476,0.02564872927
144,0.975,0.025,0.2855993321,466,0.8817772249,0.02575186377
144,0.975,0.025,0.2855993321,468,0.8813644242,0.02585742214
144,0.975,0.025,0.2855993321,470,0.880931152,0.02596845721
144,0.975,0.025,0.2855993321,472,0.8804939662,0.02608366276
144,0.975,0.025,0.2855993321,474,0.8800778071,0.02618938839
144,0.975,0.025,0.2855993321,476,0.8796532026,0.02629731597
144,0.975,0.025,0.2855993321,478,0.8792228213,0.02640819362
144,0.975,0.025,0.2855993321,480,0.8787475683,0.02650528465
144,0.975,0.025,0.2855993321,482,0.8782442183,0.02662509629
144,0.975,0.025,0.2855993321,484,0.8777658589,0.02674539999
144,0.975,0.025,0.2855993321,486,0.8772813508,0.02687961494
144,0.975,0.025,0.2855993321,488,0.8768317524,0.02701214964
144,0.975,0.025,0.2855993321,490,0.8763879862,0.02714207553
144,0.975,0.025,0.2855993321,492,0.8759747658,0.02726032193
144,0.975,0.025,0.2855993321,494,0.8755717813,0.02738303673
144,0.975,0.025,0.2855993321,496,0.875194975,0.02750124184
144,0.975,0.025,0.2855993321,498,0.8748035199,0.02763517459
144,0.975,0.025,0.2855993321,500,0.87442726,0.02777643816
144,0.975,0.025,0.2855993321,502,0.8740263342,0.02789915612
144,0.975,0.025,0.2855993321,504,0.8735961819,0.02801890639
144,0.975,0.025,0.2855993321,506,0.873171762,0.0281452581
144,0.975,0.025,0.2855993321,508,0.8727499586,0.02828474065
144,0.975,0.025,0.2855993321,510,0.8723575579,0.0284193888
144,0.975,0.025,0.2855993321,512,0.8719686736,0.02854996907
144,0.975,0.025,0.2855993321,514,0.8715767177,0.02867875738
144,0.975,0.025,0.2855993321,516,0.8711791277,0.02881275667
144,0.975,0.025,0.2855993321,518,0.8707947132,0.02892741279
144,0.975,0.025,0.2855993321,520,0.8703875908,0.02905717617
144,0.975,0.025,0.2855993321,522,0.8699662217,0.02919020731
144,0.975,0.025,0.2855993321,524,0.8695368874,0.02931972477
144,0.975,0.025,0.2855993321,526,0.8691115109,0.02945201223
144,0.975,0.025,0.2855993321,528,0.8686693103,0.0295650675
144,0.975,0.025,0.2855993321,530,0.868222648,0.02967461795
144,0.975,0.025,0.2855993321,532,0.8677893503,0.02978838273
144,0.975,0.025,0.2855993321,534,0.8673428658,0.02990931498
144,0.975,0.025,0.2855993321,536,0.8669086303,0.03002492417
144,0.975,0.025,0.2855993321,538,0.8664751363,0.03012685398
144,0.975,0.025,0.2855993321,540,0.8660110451,0.03022982767
144,0.975,0.025,0.2855993321,542,0.865542015,0.03032227163
144,0.975,0.025,0.2855993321,544,0.8650468597,0.0304087935
144,0.975,0.025,0.2855993321,546,0.8645644795,0.03048786856
144,0.975,0.025,0.2855993321,548,0.8640748231,0.03056602337
144,0.975,0.025,0.2855993321,550,0.8636191284,0.03064161384
144,0.975,0.025,0.2855993321,552,0.863173043,0.03073591443
144,0.975,0.025,0.2855993321,554,0.8627290969,0.03082522831
144,0.975,0.025,0.2855993321,556,0.8622740479,0.03091343564
144,0.975,0.025,0.2855993321,558,0.861828818,0.03099880498
144,0.975,0.025,0.2855993321,560,0.8613907038,0.0310783935
144,0.975,0.025,0.2855993321,562,0.860910437,0.03115230408
144,0.975,0.025,0.2855993321,564,0.860434796,0.03123234211
144,0.975,0.025,0.2855993321,566,0.859996593,0.03129193828
144,0.975,0.025,0.2855993321,568,0.8595561148,0.03135766643
144,0.975,0.025,0.2855993321,570,0.859122718,0.03143709197
144,0.975,0.025,0.2855993321,572,0.858655473,0.03151409926
144,0.975,0.025,0.2855993321,574,0.8581755934,0.03159902345
144,0.975,0.025,0.2855993321,576,0.8577050043,0.03169534565
144,0.975,0.025,0.2855993321,578,0.8572175939,0.03176869819
144,0.975,0.025,0.2855993321,580,0.8567340092,0.03184838174
144,0.975,0.025,0.2855993321,582,0.8562375259,0.03193505298
144,0.975,0.025,0.2855993321,584,0.8557265427,0.03202762593
144,0.975,0.025,0.2855993321,586,0.855233633,0.03212276628
144,0.975,0.025,0.2855993321,588,0.8546889486,0.03223059083
144,0.975,0.025,0.2855993321,590,0.8541369458,0.03233032092
144,0.975,0.025,0.2855993321,592,0.8536167786,0.03242509748
144,0.975,0.025,0.2855993321,594,0.8530949933,0.03251763205
144,0.975,0.025,0.2855993321,596,0.852531846,0.03260871388
144,0.975,0.025,0.2855993321,598,0.8520062226,0.03269921163
144,0.975,0.025,0.2855993321,600,0.8514882533,0.03279506957
144,0.975,0.025,0.2855993321,602,0.8509785831,0.03288939291
144,0.975,0.025,0.2855993321,604,0.8504665738,0.03297506964
144,0.975,0.025,0.2855993321,606,0.8499227014,0.03307206153
144,0.975,0.025,0.2855993321,608,0.8493988355,0.03317340582
144,0.975,0.025,0.2855993321,610,0.8488821367,0.03329719443
144,0.975,0.025,0.2855993321,612,0.8484005266,0.03341466343
144,0.975,0.025,0.2855993321,614,0.8479100741,0.03352788204
144,0.975,0.025,0.2855993321,616,0.8474337644,0.03362670342
144,0.975,0.025,0.2855993321,618,0.8469648399,0.03372852397
144,0.975,0.025,0.2855993321,620,0.8464857686,0.03382329096
144,0.975,0.025,0.2855993321,622,0.8459920659,0.03389637864
144,0.975,0.025,0.2855993321,624,0.8454965479,0.03396225047
144,0.975,0.025,0.2855993321,626,0.8449867588,0.03404835425
144,0.975,0.025,0.2855993321,628,0.8445120364,0.0341406202
144,0.975,0.025,0.2855993321,630,0.8440782255,0.03423187866
144,0.975,0.025,0.2855993321,632,0.8436114885,0.03432423194
144,0.975,0.025,0.2855993321,634,0.8431476089,0.03441562007
144,0.975,0.025,0.2855993321,636,0.8426942369,0.03450470592
144,0.975,0.025,0.2855993321,638,0.8422474897,0.03458594545
144,0.975,0.025,0.2855993321,640,0.8417662284,0.03467711009
144,0.975,0.025,0.2855993321,642,0.8412694221,0.03476933686
144,0.975,0.025,0.2855993321,644,0.8407494457,0.03486910456
144,0.975,0.025,0.2855993321,646,0.8402298047,0.03496428533
144,0.975,0.025,0.2855993321,648,0.8397284557,0.03506418229
144,0.975,0.025,0.2855993321,650,0.8392269459,0.03516984694
144,0.975,0.025,0.2855993321,652,0.838734768,0.03527318493
144,0.975,0.025,0.2855993321,654,0.8382341842,0.03539929987
144,0.975,0.025,0.2855993321,656,0.8377388669,0.03551758992
144,0.975,0.025,0.2855993321,658,0.8372836312,0.0356345199
144,0.975,0.025,0.2855993321,660,0.8368233748,0.03573709827
144,0.975,0.025,0.2855993321,662,0.8363938457,0.0358210969
144,0.975,0.025,0.2855993321,664,0.8359931273,0.03589546926
144,0.975,0.025,0.2855993321,666,0.835599938,0.03598546318
144,0.975,0.025,0.2855993321,668,0.8351800461,0.03608220237
144,0.975,0.025,0.2855993321,670,0.8346951876,0.03618435801
144,0.975,0.025,0.2855993321,672,0.8341954704,0.03629719306
144,0.975,0.025,0.2855993321,674,0.833731772,0.0363980414
144,0.975,0.025,0.2855993321,676,0.8332924826,0.03649769639
144,0.975,0.025,0.2855993321,678,0.8328464648,0.03658048041
144,0.975,0.025,0.2855993321,680,0.8323902746,0.03666512628
144,0.975,0.025,0.2855993321,682,0.8319718358,0.03676573946
144,0.975,0.025,0.2855993321,684,0.8315749084,0.03686381882
144,0.975,0.025,0.2855993321,686,0.8311975496,0.03697403454
144,0.975,0.025,0.2855993321,688,0.830842791,0.03707496847
144,0.975,0.025,0.2855993321,690,0.8305041743,0.03716995963
144,0.975,0.025,0.2855993321,692,0.8301310636,0.03727221313
144,0.975,0.025,0.2855993321,694,0.8297600107,0.03737681464
144,0.975,0.025,0.2855993321,696,0.8293821868,0.03747736823
144,0.975,0.025,0.2855993321,698,0.8290254373,0.03757596917
144,0.975,0.025,0.2855993321,700,0.8286841197,0.03767897898
144,0.975,0.025,0.2855993321,702,0.8283612655,0.03779235493
144,0.975,0.025,0.2855993321,704,0.8280487598,0.03790926325
144,0.975,0.025,0.2855993321,706,0.8277138722,0.03801492457
144,0.975,0.025,0.2855993321,708,0.8273860191,0.03810829722
144,0.975,0.025,0.2855993321,710,0.8270539993,0.03823158496
144,0.975,0.025,0.2855993321,712,0.8266762121,0.03836073816
144,0.975,0.025,0.2855993321,714,0.82631968,0.03848945762
144,0.975,0.025,0.2855993321,716,0.8259294424,0.03863058962
144,0.975,0.025,0.2855993321,718,0.8255287978,0.0387647131
144,0.975,0.025,0.2855993321,720,0.8251520444,0.03889809638
144,0.975,0.025,0.2855993321,722,0.8247662195,0.03905209557
144,0.975,0.025,0.2855993321,724,0.824394042,0.03920249004
144,0.975,0.025,0.2855993321,726,0.8240491916,0.03937051614
144,0.975,0.025,0.2855993321,728,0.8237393956,0.03953268762
144,0.975,0.025,0.2855993321,730,0.8233940167,0.03969581139
144,0.975,0.025,0.2855993321,732,0.8230598295,0.03987050525
144,0.975,0.025,0.2855993321,734,0.8227278933,0.0400472426
144,0.975,0.025,0.2855993321,736,0.8223340746,0.04023473691
144,0.975,0.025,0.2855993321,738,0.8219111895,0.04042037924
144,0.975,0.025,0.2855993321,740,0.821480143,0.04059844938
144,0.975,0.025,0.2855993321,742,0.8210512509,0.04077710273
144,0.975,0.025,0.2855993321,744,0.8206469275,0.04096987864
144,0.975,0.025,0.2855993321,746,0.8202262932,0.04115363895
144,0.975,0.025,0.2855993321,748,0.8197873948,0.04136619416
144,0.975,0.025,0.2855993321,750,0.8193292157,0.04156683066
144,0.975,0.025,0.2855993321,752,0.8188808644,0.04177978148
144,0.975,0.025,0.2855993321,754,0.8184266468,0.04199005831
144,0.975,0.025,0.2855993321,756,0.8179764978,0.04218991719
144,0.975,0.025,0.2855993321,758,0.8175182257,0.04237903463
144,0.975,0.025,0.2855993321,760,0.8170618771,0.04256319133
144,0.975,0.025,0.2855993321,762,0.816612286,0.04274357449
144,0.975,0.025,0.2855993321,764,0.8161763784,0.04294277422
144,0.975,0.025,0.2855993321,766,0.8157499485,0.04314067049
144,0.975,0.025,0.2855993321,768,0.8153099528,0.04334615225
144,0.975,0.025,0.2855993321,770,0.8148636881,0.04354584156
144,0.975,0.025,0.2855993321,772,0.8144451292,0.04373534611
144,0.975,0.025,0.2855993321,774,0.8140356535,0.04391830358
144,0.975,0.025,0.2855993321,776,0.8136192417,0.04408293495
144,0.975,0.025,0.2855993321,778,0.8131755972,0.04426436473
144,0.975,0.025,0.2855993321,780,0.8127384712,0.04444256203
144,0.975,0.025,0.2855993321,782,0.8123256664,0.04461999025
144,0.975,0.025,0.2855993321,784,0.8119289459,0.04479256779
144,0.975,0.025,0.2855993321,786,0.8115211705,0.04497489797
144,0.975,0.025,0.2855993321,788,0.8111359258,0.04515783388
144,0.975,0.025,0.2855993321,790,0.8107735319,0.0453411568
144,0.975,0.025,0.2855993321,792,0.8104431151,0.0455135212
144,0.975,0.025,0.2855993321,794,0.8100940289,0.04568372963
144,0.975,0.025,0.2855993321,796,0.8097181068,0.04586208215
144,0.975,0.025,0.2855993321,798,0.8093394834,0.04602690671
144,0.975,0.025,0.2855993321,800,0.8089324267,0.04621626041
144,0.975,0.025,0.2855993321,802,0.8085386123,0.04637914422
144,0.975,0.025,0.2855993321,804,0.8081558363,0.04654830085
144,0.975,0.025,0.2855993321,806,0.8077823792,0.04671773189
144,0.975,0.025,0.2855993321,808,0.8073709444,0.04688628437
144,0.975,0.025,0.2855993321,810,0.8069152975,0.04706113109
144,0.975,0.025,0.2855993321,812,0.8064674638,0.04722812177
144,0.975,0.025,0.2855993321,814,0.8059955624,0.04738499107
144,0.975,0.025,0.2855993321,816,0.8055696037,0.04753282973
144,0.975,0.025,0.2855993321,818,0.8051015714,0.04768268871
144,0.975,0.025,0.2855993321,820,0.8046054956,0.04784164014
144,0.975,0.025,0.2855993321,822,0.8041463671,0.04799133372
144,0.975,0.025,0.2855993321,824,0.8036977906,0.04814396808
144,0.975,0.025,0.2855993321,826,0.8032138879,0.04829407176
144,0.975,0.025,0.2855993321,828,0.8027091335,0.04844482858
144,0.975,0.025,0.2855993321,830,0.8022324277,0.04857332029
144,0.975,0.025,0.2855993321,832,0.8017590506,0.04870445107
144,0.975,0.025,0.2855993321,834,0.8013050729,0.04883883654
144,0.975,0.025,0.2855993321,836,0.800860629,0.04897416709
144,0.975,0.025,0.2855993321,838,0.8004130296,0.04910079608
144,0.975,0.025,0.2855993321,840,0.7999229248,0.04923177881
144,0.975,0.025,0.2855993321,842,0.7994188101,0.04937060527
144,0.975,0.025,0.2855993321,844,0.7989269255,0.04949861471
144,0.975,0.025,0.2855993321,846,0.7984517357,0.04963990057
144,0.975,0.025,0.2855993321,848,0.7979777705,0.04978166042
144,0.975,0.025,0.2855993321,850,0.7975223,0.0499385777
144,0.975,0.025,0.2855993321,852,0.797048024,0.05010288284
144,0.975,0.025,0.2855993321,854,0.7965770337,0.05027745079
144,0.975,0.025,0.2855993321,856,0.7960645643,0.05047115468
144,0.975,0.025,0.2855993321,858,0.7955439421,0.05066258729
144,0.975,0.025,0.2855993321,860,0.7950140803,0.05085774824
144,0.975,0.025,0.2855993321,862,0.7944457268,0.05105322545
144,0.975,0.025,0.2855993321,864,0.7938608075,0.05126141978
144,0.975,0.025,0.2855993321,866,0.7932545851,0.05148036553
144,0.975,0.025,0.2855993321,868,0.7926984299,0.05168781367
144,0.975,0.025,0.2855993321,870,0.7921555751,0.05187556854
144,0.975,0.025,0.2855993321,872,0.7915768831,0.05205666498
144,0.975,0.025,0.2855993321,874,0.791002423,0.05224374414
144,0.975,0.025,0.2855993321,876,0.7904414059,0.05243543416
144,0.975,0.025,0.2855993321,878,0.7898826352,0.0526236069
144,0.975,0.025,0.2855993321,880,0.7893358485,0.05280028685
144,0.975,0.025,0.2855993321,882,0.7888225284,0.05296939139
144,0.975,0.025,0.2855993321,884,0.7883134182,0.05315386939
144,0.975,0.025,0.2855993321,886,0.7878135101,0.05333377185
144,0.975,0.025,0.2855993321,888,0.7872853799,0.05351410559
144,0.975,0.025,0.2855993321,890,0.7867969912,0.05368672882
144,0.975,0.025,0.2855993321,892,0.786325633,0.05387401821
144,0.975,0.025,0.2855993321,894,0.7858863087,0.05406430812
144,0.975,0.025,0.2855993321,896,0.7854293313,0.05426307971
144,0.975,0.025,0.2855993321,898,0.7849655803,0.05447895068
144,0.975,0.025,0.2855993321,900,0.7845221389,0.05469044151
144,0.975,0.025,0.2855993321,902,0.7840803615,0.05487215706
144,0.975,0.025,0.2855993321,904,0.7836112146,0.05506240598
144,0.975,0.025,0.2855993321,906,0.7831673316,0.05526549946
144,0.975,0.025,0.2855993321,908,0.7827174953,0.05546027372
144,0.975,0.025,0.2855993321,910,0.7822520259,0.05565173729
144,0.975,0.025,0.2855993321,912,0.7818074609,0.05583021546
144,0.975,0.025,0.2855993321,914,0.7813936562,0.05599103781
144,0.975,0.025,0.2855993321,916,0.7809430647,0.05615252372
144,0.975,0.025,0.2855993321,918,0.7804871815,0.05633164315
144,0.975,0.025,0.2855993321,920,0.7800105289,0.05650938277
144,0.975,0.025,0.2855993321,922,0.779550525,0.05668099759
144,0.975,0.025,0.2855993321,924,0.7790663436,0.0568449143
144,0.975,0.025,0.2855993321,926,0.7785561853,0.05699522982
144,0.975,0.025,0.2855993321,928,0.7780447174,0.05715612194
144,0.975,0.025,0.2855993321,930,0.7775167959,0.05731641684
144,0.975,0.025,0.2855993321,932,0.7769825623,0.0574863972
144,0.975,0.025,0.2855993321,934,0.7764566742,0.05765972061
144,0.975,0.025,0.2855993321,936,0.7759534958,0.05783440595
144,0.975,0.025,0.2855993321,938,0.7754629459,0.05798106217
144,0.975,0.025,0.2855993321,940,0.7749674781,0.05814032616
144,0.975,0.025,0.2855993321,942,0.774439551,0.05831404845
144,0.975,0.025,0.2855993321,944,0.7738855275,0.05849426273
144,0.975,0.025,0.2855993321,946,0.7733058248,0.05868573964
144,0.975,0.025,0.2855993321,948,0.7727426234,0.05886838181
144,0.975,0.025,0.2855993321,950,0.772194826,0.05904998869
144,0.975,0.025,0.2855993321,952,0.7716583791,0.05921326597
144,0.975,0.025,0.2855993321,954,0.7711601085,0.05937499933
144,0.975,0.025,0.2855993321,956,0.7706942017,0.05951385588
144,0.975,0.025,0.2855993321,958,0.7702264294,0.05966005332
144,0.975,0.025,0.2855993321,960,0.7697172682,0.05980201493
144,0.975,0.025,0.2855993321,962,0.7692131644,0.05994922651
144,0.975,0.025,0.2855993321,964,0.768701711,0.06009104838
144,0.975,0.025,0.2855993321,966,0.7681711786,0.06024278364
144,0.975,0.025,0.2855993321,968,0.7676457701,0.06040927191
144,0.975,0.025,0.2855993321,970,0.767150287,0.06056888872
144,0.975,0.025,0.2855993321,972,0.7666937035,0.0606973484
144,0.975,0.025,0.2855993321,974,0.7662049759,0.06081909776
144,0.975,0.025,0.2855993321,976,0.7657627583,0.06093966774
144,0.975,0.025,0.2855993321,978,0.7652901909,0.06109014028
144,0.975,0.025,0.2855993321,980,0.7647870866,0.06123690268
144,0.975,0.025,0.2855993321,982,0.7642849944,0.06139672205
144,0.975,0.025,0.2855993321,984,0.763741452,0.06155252334
144,0.975,0.025,0.2855993321,986,0.7631648005,0.06171625899
144,0.975,0.025,0.2855993321,988,0.7625663261,0.06189230195
144,0.975,0.025,0.2855993321,990,0.7619635785,0.06204649694
144,0.975,0.025,0.2855993321,992,0.761346566,0.06219323765
144,0.975,0.025,0.2855993321,994,0.7607626352,0.0623568781
144,0.975,0.025,0.2855993321,996,0.7602046428,0.06250686115
144,0.975,0.025,0.2855993321,998,0.7596188073,0.06266147067
144,0.975,0.025,0.2855993321,1000,0.7590528818,0.06282044244
144,0.975,0.025,0.2855993321,1002,0.7584992185,0.06300147734
144,0.975,0.025,0.2855993321,1004,0.7579267899,0.06317770911
144,0.975,0.025,0.2855993321,1006,0.7573105591,0.06335747825
144,0.975,0.025,0.2855993321,1008,0.7567106713,0.0635428206
144,0.975,0.025,0.2855993321,1010,0.7561499123,0.0637236664
144,0.975,0.025,0.2855993321,1012,0.7556058911,0.06390844773
144,0.975,0.025,0.2855993321,1014,0.7550719811,0.06408079892
144,0.975,0.025,0.2855993321,1016,0.754546649,0.06425626776
144,0.975,0.025,0.2855993321,1018,0.7540544766,0.06441442495
144,0.975,0.025,0.2855993321,1020,0.7535679071,0.06458256484
144,0.975,0.025,0.2855993321,1022,0.7531139043,0.06476527716
144,0.975,0.025,0.2855993321,1024,0.7526977267,0.06495889254
144,0.975,0.025,0.2855993321,1026,0.752283812,0.06515349487
144,0.975,0.025,0.2855993321,1028,0.7518933455,0.06539002181
144,0.975,0.025,0.2855993321,1030,0.7514702902,0.06561952227
144,0.975,0.025,0.2855993321,1032,0.7510182367,0.06584817047
144,0.975,0.025,0.2855993321,1034,0.7505621231,0.0660718665
144,0.975,0.025,0.2855993321,1036,0.7500826015,0.0662888691
144,0.975,0.025,0.2855993321,1038,0.7495814191,0.06653028948
144,0.975,0.025,0.2855993321,1040,0.7490937664,0.0667679132
144,0.975,0.025,0.2855993321,1042,0.7485892343,0.0669957449
144,0.975,0.025,0.2855993321,1044,0.7480635857,0.06724889955
144,0.975,0.025,0.2855993321,1046,0.747514737,0.06752312005
144,0.975,0.025,0.2855993321,1048,0.7469948063,0.06780325779
144,0.975,0.025,0.2855993321,1050,0.7464670651,0.06807956325
144,0.975,0.025,0.2855993321,1052,0.7459228513,0.06834589063
144,0.975,0.025,0.2855993321,1054,0.7453978129,0.06861021245
144,0.975,0.025,0.2855993321,1056,0.7448395085,0.06887209137
144,0.975,0.025,0.2855993321,1058,0.7442645885,0.06910616406
144,0.975,0.025,0.2855993321,1060,0.7436956295,0.06933290639
144,0.975,0.025,0.2855993321,1062,0.743100118,0.06955899145
144,0.975,0.025,0.2855993321,1064,0.7424615816,0.06981018439
144,0.975,0.025,0.2855993321,1066,0.7417807355,0.07005790244
144,0.975,0.025,0.2855993321,1068,0.741113133,0.07028032605
144,0.975,0.025,0.2855993321,1070,0.7404719981,0.07051711146
144,0.975,0.025,0.2855993321,1072,0.7398694468,0.07072813756
144,0.975,0.025,0.2855993321,1074,0.739309922,0.07094657806
144,0.975,0.025,0.2855993321,1076,0.7388083649,0.07113980292
144,0.975,0.025,0.2855993321,1078,0.7383233342,0.07136443159
144,0.975,0.025,0.2855993321,1080,0.7377685001,0.07159931255
144,0.975,0.025,0.2855993321,1082,0.7372424159,0.07182785843
144,0.975,0.025,0.2855993321,1084,0.7367313719,0.07203522027
144,0.975,0.025,0.2855993321,1086,0.7362019101,0.07225383161
144,0.975,0.025,0.2855993321,1088,0.7356832465,0.07248821187
144,0.975,0.025,0.2855993321,1090,0.7351953993,0.07272801435
144,0.975,0.025,0.2855993321,1092,0.7346676107,0.07296884437
144,0.975,0.025,0.2855993321,1094,0.7341979205,0.07319332274
144,0.975,0.025,0.2855993321,1096,0.7337253814,0.07342094136
144,0.975,0.025,0.2855993321,1098,0.7332357371,0.07366810849
144,0.975,0.025,0.2855993321,1100,0.7327054688,0.07394178262
144,0.975,0.025,0.2855993321,1102,0.7321726125,0.07419972582
144,0.975,0.025,0.2855993321,1104,0.7316255471,0.07444834231
144,0.975,0.025,0.2855993321,1106,0.7310819568,0.07469698105
144,0.975,0.025,0.2855993321,1108,0.7305399903,0.07495558599
144,0.975,0.025,0.2855993321,1110,0.7299809178,0.07521797276
144,0.975,0.025,0.2855993321,1112,0.7294451979,0.0754682788
144,0.975,0.025,0.2855993321,1114,0.7289232151,0.07574009769
144,0.975,0.025,0.2855993321,1116,0.7284037723,0.07599363099
144,0.975,0.025,0.2855993321,1118,0.7278839708,0.07620860859
144,0.975,0.025,0.2855993321,1120,0.7273285473,0.07643576523
144,0.975,0.025,0.2855993321,1122,0.7267278276,0.0766442458
144,0.975,0.025,0.2855993321,1124,0.7261419937,0.07684890554
144,0.975,0.025,0.2855993321,1126,0.7255917047,0.07705446795
144,0.975,0.025,0.2855993321,1128,0.725070968,0.07727132811
144,0.975,0.025,0.2855993321,1130,0.7245750649,0.07747006158
144,0.975,0.025,0.2855993321,1132,0.7240812353,0.07766857389
144,0.975,0.025,0.2855993321,1134,0.7236113759,0.07787416209
144,0.975,0.025,0.2855993321,1136,0.7231658931,0.07809021617
144,0.975,0.025,0.2855993321,1138,0.7227143684,0.07829188292
144,0.975,0.025,0.2855993321,1140,0.7222810319,0.07850400774
144,0.975,0.025,0.2855993321,1142,0.7218375544,0.07872879332
144,0.975,0.025,0.2855993321,1144,0.7213954777,0.07894865211
144,0.975,0.025,0.2855993321,1146,0.7209108316,0.07916940136
144,0.975,0.025,0.2855993321,1148,0.7204169475,0.07938396511
144,0.975,0.025,0.2855993321,1150,0.7198814117,0.07961772291
144,0.975,0.025,0.2855993321,1152,0.719319486,0.07984249579
144,0.975,0.025,0.2855993321,1154,0.7188176533,0.08009297204
144,0.975,0.025,0.2855993321,1156,0.7183400379,0.08034440098
144,0.975,0.025,0.2855993321,1158,0.7178549296,0.08057019841
144,0.975,0.025,0.2855993321,1160,0.7173389234,0.08079671592
144,0.975,0.025,0.2855993321,1162,0.7168531739,0.08103575674
144,0.975,0.025,0.2855993321,1164,0.7163828951,0.08127838101
144,0.975,0.025,0.2855993321,1166,0.7158843588,0.08150574941
144,0.975,0.025,0.2855993321,1168,0.7153970074,0.0817152225
144,0.975,0.025,0.2855993321,1170,0.7149138341,0.08191310714
144,0.975,0.025,0.2855993321,1172,0.714455497,0.08212780641
144,0.975,0.025,0.2855993321,1174,0.7140476086,0.08233625376
144,0.975,0.025,0.2855993321,1176,0.7135999434,0.08255284683
144,0.975,0.025,0.2855993321,1178,0.7131084316,0.08278324821
144,0.975,0.025,0.2855993321,1180,0.7125969271,0.08302941314
144,0.975,0.025,0.2855993321,1182,0.712102274,0.08328111817
144,0.975,0.025,0.2855993321,1184,0.7116005199,0.08355653228
144,0.975,0.025,0.2855993321,1186,0.7111491511,0.08384869204
144,0.975,0.025,0.2855993321,1188,0.7107200102,0.08413834025
144,0.975,0.025,0.2855993321,1190,0.7102654334,0.08443474778
144,0.975,0.025,0.2855993321,1192,0.7097934704,0.08471955988
144,0.975,0.025,0.2855993321,1194,0.7093055522,0.0850084741
144,0.975,0.025,0.2855993321,1196,0.7088359022,0.08531535231
144,0.975,0.025,0.2855993321,1198,0.7083607285,0.08562355741
144,0.975,0.025,0.2855993321,1200,0.7078821001,0.08594451267
144,0.975,0.025,0.2855993321,1202,0.7074100948,0.08625614671
144,0.975,0.025,0.2855993321,1204,0.7069176793,0.08656855373
144,0.975,0.025,0.2855993321,1206,0.70645432,0.08685563685
144,0.975,0.025,0.2855993321,1208,0.7060066215,0.0871412368
144,0.975,0.025,0.2855993321,1210,0.7055585271,0.08744347998
144,0.975,0.025,0.2855993321,1212,0.7051426913,0.08770336666
144,0.975,0.025,0.2855993321,1214,0.7047718211,0.08795695322
144,0.975,0.025,0.2855993321,1216,0.7044357948,0.08822211529
144,0.975,0.025,0.2855993321,1218,0.7040783069,0.08845370972
144,0.975,0.025,0.2855993321,1220,0.7036522973,0.08868059127
144,0.975,0.025,0.2855993321,1222,0.7032304417,0.08892089703
144,0.975,0.025,0.2855993321,1224,0.702768842,0.08915464444
144,0.975,0.025,0.2855993321,1226,0.7023045995,0.08940076152
144,0.975,0.025,0.2855993321,1228,0.7018807728,0.08962733288
144,0.975,0.025,0.2855993321,1230,0.7014790879,0.08985343017
144,0.975,0.025,0.2855993321,1232,0.7010757465,0.09006621044
144,0.975,0.025,0.2855993321,1234,0.7006599855,0.09026460451
144,0.975,0.025,0.2855993321,1236,0.7002407636,0.09046864735
144,0.975,0.025,0.2855993321,1238,0.6997932944,0.0906957872
144,0.975,0.025,0.2855993321,1240,0.699336901,0.09092797838
144,0.975,0.025,0.2855993321,1242,0.6989254771,0.09114536105
144,0.975,0.025,0.2855993321,1244,0.6985211203,0.09135277691
144,0.975,0.025,0.2855993321,1246,0.6981568507,0.0915419431
144,0.975,0.025,0.2855993321,1248,0.6977874637,0.09172599042
144,0.95,0.05,0.2855993321,0,1,0
144,0.95,0.05,0.2855993321,2,0.9995893186,0.0001116499256
144,0.95,0.05,0.2855993321,4,0.9991286775,0.0002287735951
144,0.95,0.05,0.2855993321,6,0.99870048,0.0003362856011
144,0.95,0.05,0.2855993321,8,0.9982926834,0.0004431215559
144,0.95,0.05,0.2855993321,10,0.9979088192,0.0005486280949
144,0.95,0.05,0.2855993321,12,0.9975455651,0.0006509739941
144,0.95,0.05,0.2855993321,14,0.9972046824,0.0007465041908
144,0.95,0.05,0.2855993321,16,0.9968772737,0.0008459100883
144,0.95,0.05,0.2855993321,18,0.9965462358,0.000948863137
144,0.95,0.05,0.2855993321,20,0.9962058829,0.00104863238
144,0.95,0.05,0.2855993321,22,0.9958625161,0.001145801679
144,0.95,0.05,0.2855993321,24,0.9955114544,0.001247700934
144,0.95,0.05,0.2855993321,26,0.9951481093,0.001347591248
144,0.95,0.05,0.2855993321,28,0.9947933617,0.001447690812
144,0.95,0.05,0.2855993321,30,0.9944468165,0.00153971432
144,0.95,0.05,0.2855993321,32,0.9941027834,0.001633189848
144,0.95,0.05,0.2855993321,34,0.9937639118,0.001728832925
144,0.95,0.05,0.2855993321,36,0.9934248368,0.001829950386
144,0.95,0.05,0.2855993321,38,0.9930971077,0.001934283988
144,0.95,0.05,0.2855993321,40,0.9927655838,0.002039893907
144,0.95,0.05,0.2855993321,42,0.9924475092,0.002145635701
144,0.95,0.05,0.2855993321,44,0.9921330166,0.002248094357
144,0.95,0.05,0.2855993321,46,0.9918214746,0.002350792252
144,0.95,0.05,0.2855993321,48,0.9915139033,0.00245026004
144,0.95,0.05,0.2855993321,50,0.9912127963,0.00254760037
144,0.95,0.05,0.2855993321,52,0.9909174897,0.002647615722
144,0.95,0.05,0.2855993321,54,0.9906250697,0.002749256112
144,0.95,0.05,0.2855993321,56,0.990338758,0.002849620512
144,0.95,0.05,0.2855993321,58,0.9900560493,0.002953093085
144,0.95,0.05,0.2855993321,60,0.9897919595,0.003048324338
144,0.95,0.05,0.2855993321,62,0.989524248,0.003145594736
144,0.95,0.05,0.2855993321,64,0.9892523049,0.003246203925
144,0.95,0.05,0.2855993321,66,0.988989939,0.003349297101
144,0.95,0.05,0.2855993321,68,0.9887242917,0.003455851826
144,0.95,0.05,0.2855993321,70,0.988439002,0.003561626527
144,0.95,0.05,0.2855993321,72,0.9881604839,0.003672830796
144,0.95,0.05,0.2855993321,74,0.9878912312,0.003783892501
144,0.95,0.05,0.2855993321,76,0.9876263082,0.003889701394
144,0.95,0.05,0.2855993321,78,0.987368501,0.003995017267
144,0.95,0.05,0.2855993321,80,0.9870979203,0.004105567806
144,0.95,0.05,0.2855993321,82,0.9868262635,0.00421093305
144,0.95,0.05,0.2855993321,84,0.9865520351,0.00430457737
144,0.95,0.05,0.2855993321,86,0.9862863496,0.00439278848
144,0.95,0.05,0.2855993321,88,0.9860272022,0.004477784446
144,0.95,0.05,0.2855993321,90,0.9857766165,0.00457065854
144,0.95,0.05,0.2855993321,92,0.9855372773,0.004659670153
144,0.95,0.05,0.2855993321,94,0.9852858292,0.004748617696
144,0.95,0.05,0.2855993321,96,0.9850200478,0.004833863358
144,0.95,0.05,0.2855993321,98,0.9847508465,0.004925054314
144,0.95,0.05,0.2855993321,100,0.9844873297,0.005017388936
144,0.95,0.05,0.2855993321,102,0.9842344034,0.005111485992
144,0.95,0.05,0.2855993321,104,0.9839872648,0.005201874334
144,0.95,0.05,0.2855993321,106,0.9837605442,0.005289396403
144,0.95,0.05,0.2855993321,108,0.9835368158,0.00537264442
144,0.95,0.05,0.2855993321,110,0.9832910569,0.005457382149
144,0.95,0.05,0.2855993321,112,0.9830396096,0.005541382751
144,0.95,0.05,0.2855993321,114,0.982799506,0.005617226229
144,0.95,0.05,0.2855993321,116,0.982558131,0.005697649682
144,0.95,0.05,0.2855993321,118,0.9823191532,0.005778304915
144,0.95,0.05,0.2855993321,120,0.9820853092,0.005854526067
144,0.95,0.05,0.2855993321,122,0.9818642537,0.005924718719
144,0.95,0.05,0.2855993321,124,0.9816563984,0.005992543624
144,0.95,0.05,0.2855993321,126,0.9814573736,0.006059829298
144,0.95,0.05,0.2855993321,128,0.9812548539,0.006128004771
144,0.95,0.05,0.2855993321,130,0.981058325,0.006189612447
144,0.95,0.05,0.2855993321,132,0.9808555855,0.006250359286
144,0.95,0.05,0.2855993321,134,0.9806541683,0.006315534739
144,0.95,0.05,0.2855993321,136,0.9804455734,0.006381696674
144,0.95,0.05,0.2855993321,138,0.9802363308,0.006449942207
144,0.95,0.05,0.2855993321,140,0.980023688,0.006515270322
144,0.95,0.05,0.2855993321,142,0.9798262419,0.006574027146
144,0.95,0.05,0.2855993321,144,0.9796404646,0.006627012388
144,0.95,0.05,0.2855993321,146,0.9794565486,0.006677413924
144,0.95,0.05,0.2855993321,148,0.9792610329,0.006736524976
144,0.95,0.05,0.2855993321,150,0.9790741209,0.006797731133
144,0.95,0.05,0.2855993321,152,0.9788862562,0.006853331881
144,0.95,0.05,0.2855993321,154,0.9786946994,0.006905224737
144,0.95,0.05,0.2855993321,156,0.9785031079,0.006961182592
144,0.95,0.05,0.2855993321,158,0.9783226101,0.007016372658
144,0.95,0.05,0.2855993321,160,0.9781471059,0.007077071725
144,0.95,0.05,0.2855993321,162,0.9779827083,0.007134344236
144,0.95,0.05,0.2855993321,164,0.9778158152,0.007198241157
144,0.95,0.05,0.2855993321,166,0.9776510969,0.007262171276
144,0.95,0.05,0.2855993321,168,0.9774887993,0.007322605542
144,0.95,0.05,0.2855993321,170,0.9773255899,0.007380066433
144,0.95,0.05,0.2855993321,172,0.9771549011,0.007436223534
144,0.95,0.05,0.2855993321,174,0.9769652252,0.007491125813
144,0.95,0.05,0.2855993321,176,0.9767646898,0.007545047978
144,0.95,0.05,0.2855993321,178,0.9765577659,0.007599275713
144,0.95,0.05,0.2855993321,180,0.9763657417,0.007648464741
144,0.95,0.05,0.2855993321,182,0.9761724644,0.007700924372
144,0.95,0.05,0.2855993321,184,0.9759918684,0.007754785664
144,0.95,0.05,0.2855993321,186,0.9758113741,0.007807853061
144,0.95,0.05,0.2855993321,188,0.9756254792,0.007864819171
144,0.95,0.05,0.2855993321,190,0.9754460291,0.007925704391
144,0.95,0.05,0.2855993321,192,0.9752684876,0.00798790978
144,0.95,0.05,0.2855993321,194,0.9750871959,0.008043749288
144,0.95,0.05,0.2855993321,196,0.9749094133,0.008100572394
144,0.95,0.05,0.2855993321,198,0.9747308825,0.008156769523
144,0.95,0.05,0.2855993321,200,0.9745491579,0.008211427512
144,0.95,0.05,0.2855993321,202,0.9743686779,0.008263842727
144,0.95,0.05,0.2855993321,204,0.9741779761,0.008325291815
144,0.95,0.05,0.2855993321,206,0.9739911553,0.008380721091
144,0.95,0.05,0.2855993321,208,0.9738089217,0.008432493064
144,0.95,0.05,0.2855993321,210,0.9736280407,0.008482588335
144,0.95,0.05,0.2855993321,212,0.9734468521,0.008526418707
144,0.95,0.05,0.2855993321,214,0.9732715274,0.008564448158
144,0.95,0.05,0.2855993321,216,0.9731030556,0.008595502035
144,0.95,0.05,0.2855993321,218,0.9729429696,0.008623090531
144,0.95,0.05,0.2855993321,220,0.9727706935,0.008651325902
144,0.95,0.05,0.2855993321,222,0.9725951475,0.008676358938
144,0.95,0.05,0.2855993321,224,0.9724046268,0.008712202947
144,0.95,0.05,0.2855993321,226,0.9722146009,0.008749970458
144,0.95,0.05,0.2855993321,228,0.9720073914,0.008788866167
144,0.95,0.05,0.2855993321,230,0.9717851662,0.00884125056
144,0.95,0.05,0.2855993321,232,0.9715733485,0.008895754154
144,0.95,0.05,0.2855993321,234,0.9713622774,0.008949879646
144,0.95,0.05,0.2855993321,236,0.9711514865,0.008998949803
144,0.95,0.05,0.2855993321,238,0.9709465718,0.009040746567
144,0.95,0.05,0.2855993321,240,0.9707578214,0.009083570343
144,0.95,0.05,0.2855993321,242,0.9705679009,0.009131194387
144,0.95,0.05,0.2855993321,244,0.9703665001,0.009177264341
144,0.95,0.05,0.2855993321,246,0.9701695093,0.009219050743
144,0.95,0.05,0.2855993321,248,0.9699715216,0.009265235037
144,0.95,0.05,0.2855993321,250,0.9697806669,0.009306567464
144,0.95,0.05,0.2855993321,252,0.9695808523,0.009353176406
144,0.95,0.05,0.2855993321,254,0.969376484,0.009402249892
144,0.95,0.05,0.2855993321,256,0.9691744993,0.00945036455
144,0.95,0.05,0.2855993321,258,0.9689650648,0.009499473254
144,0.95,0.05,0.2855993321,260,0.9687544032,0.009553269638
144,0.95,0.05,0.2855993321,262,0.9685368627,0.009611857703
144,0.95,0.05,0.2855993321,264,0.9683228736,0.009669201513
144,0.95,0.05,0.2855993321,266,0.9680967929,0.009735888774
144,0.95,0.05,0.2855993321,268,0.967871091,0.009794461118
144,0.95,0.05,0.2855993321,270,0.9676418993,0.00985401724
144,0.95,0.05,0.2855993321,272,0.9674227608,0.009911647844
144,0.95,0.05,0.2855993321,274,0.9672136405,0.009968707565
144,0.95,0.05,0.2855993321,276,0.9670092356,0.01002156766
144,0.95,0.05,0.2855993321,278,0.966818972,0.01007237527
144,0.95,0.05,0.2855993321,280,0.9666313663,0.01012223118
144,0.95,0.05,0.2855993321,282,0.9664414285,0.01017759922
144,0.95,0.05,0.2855993321,284,0.9662487522,0.01022696103
144,0.95,0.05,0.2855993321,286,0.9660547215,0.01028037096
144,0.95,0.05,0.2855993321,288,0.9658615821,0.01034266749
144,0.95,0.05,0.2855993321,290,0.9656541656,0.01040151765
144,0.95,0.05,0.2855993321,292,0.9654524217,0.0104595776
144,0.95,0.05,0.2855993321,294,0.9652363146,0.01051902427
144,0.95,0.05,0.2855993321,296,0.9650172225,0.01057685011
144,0.95,0.05,0.2855993321,298,0.9648088909,0.01063447544
144,0.95,0.05,0.2855993321,300,0.9646000714,0.01069096972
144,0.95,0.05,0.2855993321,302,0.9643879621,0.01074899615
144,0.95,0.05,0.2855993321,304,0.9641588492,0.01081197867
144,0.95,0.05,0.2855993321,306,0.9639189338,0.010876398
144,0.95,0.05,0.2855993321,308,0.9636729032,0.0109488507
144,0.95,0.05,0.2855993321,310,0.9634220966,0.01101616201
144,0.95,0.05,0.2855993321,312,0.9631744487,0.01108315338
144,0.95,0.05,0.2855993321,314,0.9629248836,0.0111437326
144,0.95,0.05,0.2855993321,316,0.9626833078,0.01121444914
144,0.95,0.05,0.2855993321,318,0.9624447034,0.01128672911
144,0.95,0.05,0.2855993321,320,0.9621925053,0.01136265325
144,0.95,0.05,0.2855993321,322,0.9619469331,0.01143690564
144,0.95,0.05,0.2855993321,324,0.9616988607,0.01150056408
144,0.95,0.05,0.2855993321,326,0.9614425992,0.01157070337
144,0.95,0.05,0.2855993321,328,0.9611809205,0.01164464404
144,0.95,0.05,0.2855993321,330,0.960907469,0.0117195981
144,0.95,0.05,0.2855993321,332,0.9606420917,0.01179705172
144,0.95,0.05,0.2855993321,334,0.9603736033,0.0118789237
144,0.95,0.05,0.2855993321,336,0.9601055173,0.01195536775
144,0.95,0.05,0.2855993321,338,0.9598509819,0.01203852915
144,0.95,0.05,0.2855993321,340,0.9595995766,0.01211063058
144,0.95,0.05,0.2855993321,342,0.9593542474,0.0121795548
144,0.95,0.05,0.2855993321,344,0.95911408,0.01224711259
144,0.95,0.05,0.2855993321,346,0.9588715527,0.01231070183
144,0.95,0.05,0.2855993321,348,0.9586249679,0.01237157179
144,0.95,0.05,0.2855993321,350,0.9583835736,0.01243721634
144,0.95,0.05,0.2855993321,352,0.9581566545,0.01249795029
144,0.95,0.05,0.2855993321,354,0.9579195295,0.01256355797
144,0.95,0.05,0.2855993321,356,0.9576680034,0.01263472337
144,0.95,0.05,0.2855993321,358,0.9574242621,0.01269780232
144,0.95,0.05,0.2855993321,360,0.9571868231,0.01275000805
144,0.95,0.05,0.2855993321,362,0.9569433207,0.01280578521
144,0.95,0.05,0.2855993321,364,0.9567001342,0.01286373937
144,0.95,0.05,0.2855993321,366,0.9564623138,0.01293217041
144,0.95,0.05,0.2855993321,368,0.9562202688,0.01300367478
144,0.95,0.05,0.2855993321,370,0.9559910491,0.01307069912
144,0.95,0.05,0.2855993321,372,0.9557612634,0.01313120384
144,0.95,0.05,0.2855993321,374,0.9555284701,0.01319529668
144,0.95,0.05,0.2855993321,376,0.9552976738,0.01326683383
144,0.95,0.05,0.2855993321,378,0.9550679992,0.0133426114
144,0.95,0.05,0.2855993321,380,0.954829959,0.01342802745
144,0.95,0.05,0.2855993321,382,0.9545926755,0.01351424851
144,0.95,0.05,0.2855993321,384,0.9543562544,0.01359632484
144,0.95,0.05,0.2855993321,386,0.9541070193,0.01367233911
144,0.95,0.05,0.2855993321,388,0.9538462822,0.01375205281
144,0.95,0.05,0.2855993321,390,0.9535909948,0.01383267836
144,0.95,0.05,0.2855993321,392,0.9533483929,0.0139100263
144,0.95,0.05,0.2855993321,394,0.9530871529,0.01398981589
144,0.95,0.05,0.2855993321,396,0.9528260755,0.01407086071
144,0.95,0.05,0.2855993321,398,0.9525634266,0.01414814612
144,0.95,0.05,0.2855993321,400,0.9523035792,0.01423228533
144,0.95,0.05,0.2855993321,402,0.9520418932,0.01432073239
144,0.95,0.05,0.2855993321,404,0.9517820973,0.01440427865
144,0.95,0.05,0.2855993321,406,0.9515348221,0.01447872111
144,0.95,0.05,0.2855993321,408,0.9512796453,0.01456118331
144,0.95,0.05,0.2855993321,410,0.9510129697,0.01464856484
144,0.95,0.05,0.2855993321,412,0.950748847,0.01474714694
144,0.95,0.05,0.2855993321,414,0.9505005666,0.01483430713
144,0.95,0.05,0.2855993321,416,0.9502521486,0.01491028523
144,0.95,0.05,0.2855993321,418,0.9500110528,0.01499563408
144,0.95,0.05,0.2855993321,420,0.9497787501,0.0150878446
144,0.95,0.05,0.2855993321,422,0.9495470405,0.01517604769
144,0.95,0.05,0.2855993321,424,0.9493176632,0.01527019292
144,0.95,0.05,0.2855993321,426,0.9490839659,0.01537087009
144,0.95,0.05,0.2855993321,428,0.9488622482,0.01547966686
144,0.95,0.05,0.2855993321,430,0.9486310466,0.01558790793
144,0.95,0.05,0.2855993321,432,0.9484080157,0.01569463735
144,0.95,0.05,0.2855993321,434,0.9481798823,0.01579636298
144,0.95,0.05,0.2855993321,436,0.9479540931,0.01589769956
144,0.95,0.05,0.2855993321,438,0.9477431304,0.01599065413
144,0.95,0.05,0.2855993321,440,0.9475322727,0.01608369917
144,0.95,0.05,0.2855993321,442,0.9473358895,0.01617356946
144,0.95,0.05,0.2855993321,444,0.9471354752,0.01625960659
144,0.95,0.05,0.2855993321,446,0.9469284508,0.01634485797
144,0.95,0.05,0.2855993321,448,0.9467371981,0.01642249737
144,0.95,0.05,0.2855993321,450,0.9465452214,0.01649806666
144,0.95,0.05,0.2855993321,452,0.9463391431,0.01657643831
144,0.95,0.05,0.2855993321,454,0.9461127452,0.01664509549
144,0.95,0.05,0.2855993321,456,0.9458869251,0.01671163334
144,0.95,0.05,0.2855993321,458,0.9456751734,0.01677862572
144,0.95,0.05,0.2855993321,460,0.9454707117,0.01684848521
144,0.95,0.05,0.2855993321,462,0.9452416964,0.01693509364
144,0.95,0.05,0.2855993321,464,0.9450106268,0.01702036015
144,0.95,0.05,0.2855993321,466,0.94476649,0.017107665
144,0.95,0.05,0.2855993321,468,0.9445314069,0.0171850575
144,0.95,0.05,0.2855993321,470,0.9442937495,0.01726297932
144,0.95,0.05,0.2855993321,472,0.9440510391,0.01734241865
144,0.95,0.05,0.2855993321,474,0.9438074704,0.01742037898
144,0.95,0.05,0.2855993321,476,0.9435569995,0.01749359811
144,0.95,0.05,0.2855993321,478,0.943290812,0.01756847499
144,0.95,0.05,0.2855993321,480,0.9430211957,0.01765790052
144,0.95,0.05,0.2855993321,482,0.9427651012,0.01774244966
144,0.95,0.05,0.2855993321,484,0.9425079882,0.01783463827
144,0.95,0.05,0.2855993321,486,0.9422498519,0.01791724513
144,0.95,0.05,0.2855993321,488,0.9419750955,0.01800464479
144,0.95,0.05,0.2855993321,490,0.9416852448,0.01809066471
144,0.95,0.05,0.2855993321,492,0.9413895568,0.01817570894
144,0.95,0.05,0.2855993321,494,0.9411047577,0.01825993708
144,0.95,0.05,0.2855993321,496,0.9408072993,0.01833772407
144,0.95,0.05,0.2855993321,498,0.9405077331,0.01841964248
144,0.95,0.05,0.2855993321,500,0.9402061009,0.01849447866
144,0.95,0.05,0.2855993321,502,0.9398905402,0.01857763
144,0.95,0.05,0.2855993321,504,0.9395731652,0.01867484336
144,0.95,0.05,0.2855993321,506,0.9392562762,0.01876371367
144,0.95,0.05,0.2855993321,508,0.9389471938,0.01884128677
144,0.95,0.05,0.2855993321,510,0.9386517017,0.01892308425
144,0.95,0.05,0.2855993321,512,0.9383602176,0.01900922281
144,0.95,0.05,0.2855993321,514,0.9380623781,0.01909970362
144,0.95,0.05,0.2855993321,516,0.9377668604,0.01919190989
144,0.95,0.05,0.2855993321,518,0.937487556,0.01927606159
144,0.95,0.05,0.2855993321,520,0.9372126194,0.019354027
144,0.95,0.05,0.2855993321,522,0.9369096166,0.01943554602
144,0.95,0.05,0.2855993321,524,0.9366096037,0.01950741972
144,0.95,0.05,0.2855993321,526,0.9363231413,0.0195750457
144,0.95,0.05,0.2855993321,528,0.9360268325,0.01964635799
144,0.95,0.05,0.2855993321,530,0.9357371356,0.01971100361
144,0.95,0.05,0.2855993321,532,0.9354318104,0.01978161802
144,0.95,0.05,0.2855993321,534,0.9351220643,0.01985711281
144,0.95,0.05,0.2855993321,536,0.9348125837,0.01995081058
144,0.95,0.05,0.2855993321,538,0.9344975528,0.02004402882
144,0.95,0.05,0.2855993321,540,0.9342000119,0.02012567511
144,0.95,0.05,0.2855993321,542,0.9338913568,0.020212642
144,0.95,0.05,0.2855993321,544,0.9335864591,0.02029775812
144,0.95,0.05,0.2855993321,546,0.9332851185,0.02037939083
144,0.95,0.05,0.2855993321,548,0.93298156,0.02046087251
144,0.95,0.05,0.2855993321,550,0.9326704487,0.02053559959
144,0.95,0.05,0.2855993321,552,0.932355787,0.02060306204
144,0.95,0.05,0.2855993321,554,0.9320312198,0.0206714689
144,0.95,0.05,0.2855993321,556,0.9317068086,0.02074745869
144,0.95,0.05,0.2855993321,558,0.9313945692,0.02082443153
144,0.95,0.05,0.2855993321,560,0.9310639436,0.02090501137
144,0.95,0.05,0.2855993321,562,0.9307428449,0.02097684089
144,0.95,0.05,0.2855993321,564,0.9304573419,0.021040968
144,0.95,0.05,0.2855993321,566,0.9301784896,0.02110463241
144,0.95,0.05,0.2855993321,568,0.9298958933,0.02117653548
144,0.95,0.05,0.2855993321,570,0.9296141782,0.02124011697
144,0.95,0.05,0.2855993321,572,0.9293307757,0.02129600775
144,0.95,0.05,0.2855993321,574,0.9290387074,0.02134742523
144,0.95,0.05,0.2855993321,576,0.9287554571,0.02140413445
144,0.95,0.05,0.2855993321,578,0.9284625976,0.02145814338
144,0.95,0.05,0.2855993321,580,0.9281586082,0.02151243028
144,0.95,0.05,0.2855993321,582,0.9278520499,0.02156196042
144,0.95,0.05,0.2855993321,584,0.9275348923,0.02160761241
144,0.95,0.05,0.2855993321,586,0.9272316362,0.02164426356
144,0.95,0.05,0.2855993321,588,0.9269276727,0.02168059682
144,0.95,0.05,0.2855993321,590,0.926637964,0.02171969608
144,0.95,0.05,0.2855993321,592,0.926343534,0.02177055563
144,0.95,0.05,0.2855993321,594,0.9260242906,0.02182515847
144,0.95,0.05,0.2855993321,596,0.9257014347,0.0218783372
144,0.95,0.05,0.2855993321,598,0.9253746473,0.02194017772
144,0.95,0.05,0.2855993321,600,0.9250540849,0.02200307588
144,0.95,0.05,0.2855993321,602,0.9247459299,0.0220586107
144,0.95,0.05,0.2855993321,604,0.9244327255,0.0221168168
144,0.95,0.05,0.2855993321,606,0.9241229214,0.02217706272
144,0.95,0.05,0.2855993321,608,0.923796071,0.02223727716
144,0.95,0.05,0.2855993321,610,0.9234804775,0.02229621775
144,0.95,0.05,0.2855993321,612,0.923184954,0.02235183043
144,0.95,0.05,0.2855993321,614,0.9228710703,0.02241862701
144,0.95,0.05,0.2855993321,616,0.9225528549,0.02249251132
144,0.95,0.05,0.2855993321,618,0.9222453396,0.0225658591
144,0.95,0.05,0.2855993321,620,0.9219369949,0.02263882846
144,0.95,0.05,0.2855993321,622,0.9216106051,0.02271764818
144,0.95,0.05,0.2855993321,624,0.92129463,0.0227929747
144,0.95,0.05,0.2855993321,626,0.9209868068,0.02287197651
144,0.95,0.05,0.2855993321,628,0.9206809065,0.02295073204
144,0.95,0.05,0.2855993321,630,0.920372843,0.0230245564
144,0.95,0.05,0.2855993321,632,0.9200604124,0.02309868401
144,0.95,0.05,0.2855993321,634,0.9197435357,0.02317966401
144,0.95,0.05,0.2855993321,636,0.919416158,0.02326274592
144,0.95,0.05,0.2855993321,638,0.919081649,0.02334565749
144,0.95,0.05,0.2855993321,640,0.9187622219,0.02342171683
144,0.95,0.05,0.2855993321,642,0.9184400851,0.02350665819
144,0.95,0.05,0.2855993321,644,0.9181114306,0.02360017007
144,0.95,0.05,0.2855993321,646,0.9177683945,0.02369361171
144,0.95,0.05,0.2855993321,648,0.9173998397,0.02378812864
144,0.95,0.05,0.2855993321,650,0.9170450309,0.02387405247
144,0.95,0.05,0.2855993321,652,0.9166828257,0.02396337646
144,0.95,0.05,0.2855993321,654,0.9163214597,0.02404562859
144,0.95,0.05,0.2855993321,656,0.9159472931,0.02412225778
144,0.95,0.05,0.2855993321,658,0.9155852942,0.02419621326
144,0.95,0.05,0.2855993321,660,0.9152130259,0.0242857701
144,0.95,0.05,0.2855993321,662,0.9148628008,0.02436800991
144,0.95,0.05,0.2855993321,664,0.9145231417,0.02445662695
144,0.95,0.05,0.2855993321,666,0.914174174,0.02455586134
144,0.95,0.05,0.2855993321,668,0.913837882,0.02464403114
144,0.95,0.05,0.2855993321,670,0.9134850344,0.02472808384
144,0.95,0.05,0.2855993321,672,0.9131102504,0.02481457064
144,0.95,0.05,0.2855993321,674,0.912734203,0.02490533791
144,0.95,0.05,0.2855993321,676,0.9123802495,0.02499746475
144,0.95,0.05,0.2855993321,678,0.9120300127,0.02509361662
144,0.95,0.05,0.2855993321,680,0.9116827784,0.02518894355
144,0.95,0.05,0.2855993321,682,0.9113439145,0.0252808145
144,0.95,0.05,0.2855993321,684,0.9110296245,0.02536825017
144,0.95,0.05,0.2855993321,686,0.9107360876,0.02544832343
144,0.95,0.05,0.2855993321,688,0.910452895,0.02552229932
144,0.95,0.05,0.2855993321,690,0.9101654873,0.02558684188
144,0.95,0.05,0.2855993321,692,0.9098767929,0.02565019642
144,0.95,0.05,0.2855993321,694,0.9095912398,0.02570682899
144,0.95,0.05,0.2855993321,696,0.9093121896,0.02576698748
144,0.95,0.05,0.2855993321,698,0.9090450556,0.02583135083
144,0.95,0.05,0.2855993321,700,0.9087841606,0.02589649113
144,0.95,0.05,0.2855993321,702,0.9085239861,0.0259531269
144,0.95,0.05,0.2855993321,704,0.9082398493,0.02600852972
144,0.95,0.05,0.2855993321,706,0.9079518293,0.02605686557
144,0.95,0.05,0.2855993321,708,0.907653549,0.02610770801
144,0.95,0.05,0.2855993321,710,0.9073443077,0.02614991564
144,0.95,0.05,0.2855993321,712,0.9070318383,0.02619356056
144,0.95,0.05,0.2855993321,714,0.9067186005,0.02623879752
144,0.95,0.05,0.2855993321,716,0.9064067653,0.02628701752
144,0.95,0.05,0.2855993321,718,0.906100546,0.026332631
144,0.95,0.05,0.2855993321,720,0.9058131834,0.02637273674
144,0.95,0.05,0.2855993321,722,0.9055238013,0.02641156897
144,0.95,0.05,0.2855993321,724,0.9052208652,0.02646322928
144,0.95,0.05,0.2855993321,726,0.9048903583,0.0265269552
144,0.95,0.05,0.2855993321,728,0.9045618557,0.02659324898
144,0.95,0.05,0.2855993321,730,0.9042357074,0.0266649332
144,0.95,0.05,0.2855993321,732,0.9039183045,0.02673346377
144,0.95,0.05,0.2855993321,734,0.9035996928,0.02679447819
144,0.95,0.05,0.2855993321,736,0.9032915014,0.02684119848
144,0.95,0.05,0.2855993321,738,0.9029891841,0.02687766588
144,0.95,0.05,0.2855993321,740,0.9026845823,0.02692179783
144,0.95,0.05,0.2855993321,742,0.9023702465,0.02697015465
144,0.95,0.05,0.2855993321,744,0.9020603327,0.02701946863
144,0.95,0.05,0.2855993321,746,0.9017532032,0.02707115453
144,0.95,0.05,0.2855993321,748,0.9014363213,0.02712901944
144,0.95,0.05,0.2855993321,750,0.9011175231,0.02718986845
144,0.95,0.05,0.2855993321,752,0.9008101927,0.02724549543
144,0.95,0.05,0.2855993321,754,0.9005010562,0.02730294339
144,0.95,0.05,0.2855993321,756,0.9002067661,0.02735248153
144,0.95,0.05,0.2855993321,758,0.8999055113,0.02741729884
144,0.95,0.05,0.2855993321,760,0.8996048978,0.0274802812
144,0.95,0.05,0.2855993321,762,0.8993003062,0.02754287448
144,0.95,0.05,0.2855993321,764,0.898999939,0.0275993651
144,0.95,0.05,0.2855993321,766,0.8987032929,0.02765748284
144,0.95,0.05,0.2855993321,768,0.898388228,0.02772198344
144,0.95,0.05,0.2855993321,770,0.8980716063,0.02779064569
144,0.95,0.05,0.2855993321,772,0.897759127,0.02785980718
144,0.95,0.05,0.2855993321,774,0.8974673402,0.02792256083
144,0.95,0.05,0.2855993321,776,0.8971754309,0.02798869507
144,0.95,0.05,0.2855993321,778,0.8968842948,0.02805942999
144,0.95,0.05,0.2855993321,780,0.896579855,0.02814056947
144,0.95,0.05,0.2855993321,782,0.8962738034,0.02821033742
144,0.95,0.05,0.2855993321,784,0.8959801271,0.02827947957
144,0.95,0.05,0.2855993321,786,0.8956890037,0.02835906937
144,0.95,0.05,0.2855993321,788,0.8953954031,0.0284333977
144,0.95,0.05,0.2855993321,790,0.8951082203,0.0285006864
144,0.95,0.05,0.2855993321,792,0.8948033647,0.02857278348
144,0.95,0.05,0.2855993321,794,0.8945050508,0.02863576571
144,0.95,0.05,0.2855993321,796,0.8942057464,0.02870421779
144,0.95,0.05,0.2855993321,798,0.893898939,0.02877178117
144,0.95,0.05,0.2855993321,800,0.8935837213,0.02884236689
144,0.95,0.05,0.2855993321,802,0.89326886,0.02891669481
144,0.95,0.05,0.2855993321,804,0.8929524847,0.02899127212
144,0.95,0.05,0.2855993321,806,0.8926534957,0.0290515795
144,0.95,0.05,0.2855993321,808,0.8923547745,0.0291127254
144,0.95,0.05,0.2855993321,810,0.892030521,0.02917675738
144,0.95,0.05,0.2855993321,812,0.8917059124,0.02923704764
144,0.95,0.05,0.2855993321,814,0.8913851456,0.02929401443
144,0.95,0.05,0.2855993321,816,0.8910583055,0.02935080392
144,0.95,0.05,0.2855993321,818,0.8907407214,0.02940355377
144,0.95,0.05,0.2855993321,820,0.8904169706,0.02945666339
144,0.95,0.05,0.2855993321,822,0.8900849133,0.0295110099
144,0.95,0.05,0.2855993321,824,0.8897531879,0.02956551516
144,0.95,0.05,0.2855993321,826,0.8894070383,0.02963112261
144,0.95,0.05,0.2855993321,828,0.889060119,0.02969306406
144,0.95,0.05,0.2855993321,830,0.8887130704,0.02975052927
144,0.95,0.05,0.2855993321,832,0.8883648025,0.02981426848
144,0.95,0.05,0.2855993321,834,0.8880016573,0.02987995223
144,0.95,0.05,0.2855993321,836,0.8876633217,0.02994204315
144,0.95,0.05,0.2855993321,838,0.8873186238,0.03000081016
144,0.95,0.05,0.2855993321,840,0.8869533959,0.03006055733
144,0.95,0.05,0.2855993321,842,0.8865735961,0.0301246005
144,0.95,0.05,0.2855993321,844,0.8861837876,0.03018995343
144,0.95,0.05,0.2855993321,846,0.8857994914,0.03025002312
144,0.95,0.05,0.2855993321,848,0.8853951912,0.03031172727
144,0.95,0.05,0.2855993321,850,0.8850072413,0.03035311403
144,0.95,0.05,0.2855993321,852,0.8846305991,0.03038616178
144,0.95,0.05,0.2855993321,854,0.8842682965,0.03042316749
144,0.95,0.05,0.2855993321,856,0.8839113174,0.03046794903
144,0.95,0.05,0.2855993321,858,0.8835479044,0.03051622319
144,0.95,0.05,0.2855993321,860,0.8831897031,0.03056596532
144,0.95,0.05,0.2855993321,862,0.882840415,0.03062838535
144,0.95,0.05,0.2855993321,864,0.8824869575,0.03069531922
144,0.95,0.05,0.2855993321,866,0.882114716,0.03076521497
144,0.95,0.05,0.2855993321,868,0.8817538994,0.0308269399
144,0.95,0.05,0.2855993321,870,0.8813888243,0.03088545294
144,0.95,0.05,0.2855993321,872,0.8810246818,0.03094791294
144,0.95,0.05,0.2855993321,874,0.8806447536,0.03101327919
144,0.95,0.05,0.2855993321,876,0.8802470935,0.03108409718
144,0.95,0.05,0.2855993321,878,0.8798564638,0.03115388563
144,0.95,0.05,0.2855993321,880,0.8794624059,0.03123568662
144,0.95,0.05,0.2855993321,882,0.8790685353,0.03131634838
144,0.95,0.05,0.2855993321,884,0.8786626175,0.03139524573
144,0.95,0.05,0.2855993321,886,0.8782815252,0.03147926507
144,0.95,0.05,0.2855993321,888,0.8778884624,0.03156283567
144,0.95,0.05,0.2855993321,890,0.8774914473,0.03164618329
144,0.95,0.05,0.2855993321,892,0.8770944334,0.0317233943
144,0.95,0.05,0.2855993321,894,0.8767061092,0.03180042459
144,0.95,0.05,0.2855993321,896,0.8763159462,0.03188080583
144,0.95,0.05,0.2855993321,898,0.8759189862,0.03196550164
144,0.95,0.05,0.2855993321,900,0.8755282169,0.03205907862
144,0.95,0.05,0.2855993321,902,0.8751383049,0.03214584728
144,0.95,0.05,0.2855993321,904,0.874744443,0.03223490561
144,0.95,0.05,0.2855993321,906,0.874346232,0.03232899497
144,0.95,0.05,0.2855993321,908,0.8739440117,0.03241514541
144,0.95,0.05,0.2855993321,910,0.8735532087,0.03250029746
144,0.95,0.05,0.2855993321,912,0.8731673591,0.03258706606
144,0.95,0.05,0.2855993321,914,0.8727803503,0.03266508211
144,0.95,0.05,0.2855993321,916,0.8723996854,0.03273681409
144,0.95,0.05,0.2855993321,918,0.872017644,0.03281041795
144,0.95,0.05,0.2855993321,920,0.8716345864,0.03287447193
144,0.95,0.05,0.2855993321,922,0.8712449594,0.03293103314
144,0.95,0.05,0.2855993321,924,0.8708661079,0.03299358232
144,0.95,0.05,0.2855993321,926,0.8704795708,0.03305343205
144,0.95,0.05,0.2855993321,928,0.8700932076,0.03311045493
144,0.95,0.05,0.2855993321,930,0.8697134679,0.03317277585
144,0.95,0.05,0.2855993321,932,0.8693415364,0.03323721992
144,0.95,0.05,0.2855993321,934,0.8689613799,0.03331590011
144,0.95,0.05,0.2855993321,936,0.8685821521,0.03339451853
144,0.95,0.05,0.2855993321,938,0.868212947,0.03346733659
144,0.95,0.05,0.2855993321,940,0.8678498428,0.0335230228
144,0.95,0.05,0.2855993321,942,0.8674671773,0.03357456039
144,0.95,0.05,0.2855993321,944,0.8671016037,0.03363113061
144,0.95,0.05,0.2855993321,946,0.8667341115,0.03368036052
144,0.95,0.05,0.2855993321,948,0.8663680089,0.03372808712
144,0.95,0.05,0.2855993321,950,0.8659969697,0.03377040977
144,0.95,0.05,0.2855993321,952,0.8656217114,0.03382028124
144,0.95,0.05,0.2855993321,954,0.8652473201,0.03388355338
144,0.95,0.05,0.2855993321,956,0.8648793353,0.03394701709
144,0.95,0.05,0.2855993321,958,0.8645179218,0.03400438098
144,0.95,0.05,0.2855993321,960,0.8641602233,0.03405489651
144,0.95,0.05,0.2855993321,962,0.8638055029,0.03410400904
144,0.95,0.05,0.2855993321,964,0.8634511704,0.0341475201
144,0.95,0.05,0.2855993321,966,0.8630915108,0.03420090029
144,0.95,0.05,0.2855993321,968,0.8627205411,0.0342564002
144,0.95,0.05,0.2855993321,970,0.8623584613,0.03431555669
144,0.95,0.05,0.2855993321,972,0.8619968265,0.03437819149
144,0.95,0.05,0.2855993321,974,0.8616215008,0.03443839899
144,0.95,0.05,0.2855993321,976,0.8612630263,0.03449814011
144,0.95,0.05,0.2855993321,978,0.8609151715,0.03456358598
144,0.95,0.05,0.2855993321,980,0.8605729363,0.03462269454
144,0.95,0.05,0.2855993321,982,0.8602471389,0.03468112206
144,0.95,0.05,0.2855993321,984,0.8599140334,0.03474286683
144,0.95,0.05,0.2855993321,986,0.8595814046,0.03481041118
144,0.95,0.05,0.2855993321,988,0.8592504255,0.03488982947
144,0.95,0.05,0.2855993321,990,0.8589171636,0.03496168488
144,0.95,0.05,0.2855993321,992,0.8585973338,0.03502920613
144,0.95,0.05,0.2855993321,994,0.8583109396,0.03509558814
144,0.95,0.05,0.2855993321,996,0.8580395614,0.0351498413
144,0.95,0.05,0.2855993321,998,0.8577588682,0.03520274387
144,0.95,0.05,0.2855993321,1000,0.8574901311,0.03525611946
144,0.95,0.05,0.2855993321,1002,0.8572375829,0.03530372242
144,0.95,0.05,0.2855993321,1004,0.8569953295,0.03535084496
144,0.95,0.05,0.2855993321,1006,0.8567529433,0.03540088502
144,0.95,0.05,0.2855993321,1008,0.8565050535,0.03544953963
144,0.95,0.05,0.2855993321,1010,0.8562499799,0.03550325134
144,0.95,0.05,0.2855993321,1012,0.8559913668,0.03555996884
144,0.95,0.05,0.2855993321,1014,0.855716455,0.03561755172
144,0.95,0.05,0.2855993321,1016,0.855453733,0.03566486769
144,0.95,0.05,0.2855993321,1018,0.8551864796,0.03570756145
144,0.95,0.05,0.2855993321,1020,0.8549118948,0.03575725883
144,0.95,0.05,0.2855993321,1022,0.8546115027,0.03580986212
144,0.95,0.05,0.2855993321,1024,0.8542992362,0.03586463289
144,0.95,0.05,0.2855993321,1026,0.854001528,0.03592133835
144,0.95,0.05,0.2855993321,1028,0.8537130453,0.03596934999
144,0.95,0.05,0.2855993321,1030,0.8534289042,0.0360148739
144,0.95,0.05,0.2855993321,1032,0.8531433731,0.03607023409
144,0.95,0.05,0.2855993321,1034,0.8528612184,0.03612299462
144,0.95,0.05,0.2855993321,1036,0.8525831073,0.03617596735
144,0.95,0.05,0.2855993321,1038,0.8523081157,0.03623388976
144,0.95,0.05,0.2855993321,1040,0.8520146949,0.03629663639
144,0.95,0.05,0.2855993321,1042,0.8517080551,0.03636884842
144,0.95,0.05,0.2855993321,1044,0.8513821028,0.03643667334
144,0.95,0.05,0.2855993321,1046,0.851077995,0.03648980967
144,0.95,0.05,0.2855993321,1048,0.8507890865,0.03654517808
144,0.95,0.05,0.2855993321,1050,0.8505078018,0.03659439904
144,0.95,0.05,0.2855993321,1052,0.8502084411,0.03664740295
144,0.95,0.05,0.2855993321,1054,0.8499358137,0.03669755207
144,0.95,0.05,0.2855993321,1056,0.8496819047,0.03674652978
144,0.95,0.05,0.2855993321,1058,0.8494336199,0.03679204341
144,0.95,0.05,0.2855993321,1060,0.8491817178,0.0368392457
144,0.95,0.05,0.2855993321,1062,0.848946779,0.03688074366
144,0.95,0.05,0.2855993321,1064,0.848702142,0.03692646654
144,0.95,0.05,0.2855993321,1066,0.8484442686,0.03696507669
144,0.95,0.05,0.2855993321,1068,0.8482017991,0.03700133933
144,0.95,0.05,0.2855993321,1070,0.84795892,0.03703559573
144,0.95,0.05,0.2855993321,1072,0.8477151126,0.03706716659
144,0.95,0.05,0.2855993321,1074,0.8474679792,0.03710466521
144,0.95,0.05,0.2855993321,1076,0.8472055757,0.03714500043
144,0.95,0.05,0.2855993321,1078,0.8469539066,0.03717297872
144,0.95,0.05,0.2855993321,1080,0.8467021748,0.03719567157
144,0.95,0.05,0.2855993321,1082,0.8464630702,0.037216996
144,0.95,0.05,0.2855993321,1084,0.846232891,0.03724393339
144,0.95,0.05,0.2855993321,1086,0.8460163043,0.03726501405
144,0.95,0.05,0.2855993321,1088,0.8458209259,0.03727077442
144,0.95,0.05,0.2855993321,1090,0.8456176232,0.03727604539
144,0.95,0.05,0.2855993321,1092,0.8454085812,0.03728301436
144,0.95,0.05,0.2855993321,1094,0.845191989,0.03729867262
144,0.95,0.05,0.2855993321,1096,0.8449916484,0.03732341696
144,0.95,0.05,0.2855993321,1098,0.8448004136,0.03735053492
144,0.95,0.05,0.2855993321,1100,0.8445903054,0.03737293163
144,0.95,0.05,0.2855993321,1102,0.8443959115,0.03738790564
144,0.95,0.05,0.2855993321,1104,0.8442131477,0.03738905316
144,0.95,0.05,0.2855993321,1106,0.8440358748,0.03738566597
144,0.95,0.05,0.2855993321,1108,0.8438538715,0.03738271964
144,0.95,0.05,0.2855993321,1110,0.8436681724,0.03739091476
144,0.95,0.05,0.2855993321,1112,0.8435105102,0.03738975684
144,0.95,0.05,0.2855993321,1114,0.843372047,0.03738426953
144,0.95,0.05,0.2855993321,1116,0.8432523792,0.03738821705
144,0.95,0.05,0.2855993321,1118,0.8431557559,0.03738270859
144,0.95,0.05,0.2855993321,1120,0.843047622,0.0373792748
144,0.95,0.05,0.2855993321,1122,0.842931269,0.0373800646
144,0.95,0.05,0.2855993321,1124,0.8428038654,0.03737851915
144,0.95,0.05,0.2855993321,1126,0.8426799239,0.0373727129
144,0.95,0.05,0.2855993321,1128,0.8425475438,0.03737115537
144,0.95,0.05,0.2855993321,1130,0.8424277731,0.03736791085
144,0.95,0.05,0.2855993321,1132,0.8423125963,0.03735555073
144,0.95,0.05,0.2855993321,1134,0.8421826344,0.03733857876
144,0.95,0.05,0.2855993321,1136,0.8420665667,0.0373183139
144,0.95,0.05,0.2855993321,1138,0.8419653246,0.03729170033
144,0.95,0.05,0.2855993321,1140,0.841861842,0.03726221136
144,0.95,0.05,0.2855993321,1142,0.8417778206,0.03722654579
144,0.95,0.05,0.2855993321,1144,0.8417041406,0.03719823633
144,0.95,0.05,0.2855993321,1146,0.8416315108,0.03718304842
144,0.95,0.05,0.2855993321,1148,0.8415652105,0.03716058643
144,0.95,0.05,0.2855993321,1150,0.8414827921,0.03714397398
144,0.95,0.05,0.2855993321,1152,0.8413887003,0.03712428105
144,0.95,0.05,0.2855993321,1154,0.8412834259,0.0371089671
144,0.95,0.05,0.2855993321,1156,0.8411678191,0.03708765862
144,0.95,0.05,0.2855993321,1158,0.8410395424,0.03707444952
144,0.95,0.05,0.2855993321,1160,0.8409258108,0.03705903612
144,0.95,0.05,0.2855993321,1162,0.840798738,0.03704484295
144,0.95,0.05,0.2855993321,1164,0.8406725916,0.03704369724
144,0.95,0.05,0.2855993321,1166,0.8405359305,0.03704048544
144,0.95,0.05,0.2855993321,1168,0.8403884812,0.03703835571
144,0.95,0.05,0.2855993321,1170,0.8402396012,0.03704005302
144,0.95,0.05,0.2855993321,1172,0.8400870591,0.03704148019
144,0.95,0.05,0.2855993321,1174,0.8399509157,0.03704027225
144,0.95,0.05,0.2855993321,1176,0.8398196932,0.03704872039
144,0.95,0.05,0.2855993321,1178,0.8396986624,0.03706459761
144,0.95,0.05,0.2855993321,1180,0.8395878272,0.03705901415
144,0.95,0.05,0.2855993321,1182,0.8394926076,0.03704182277
144,0.95,0.05,0.2855993321,1184,0.839389103,0.03703487432
144,0.95,0.05,0.2855993321,1186,0.8392768183,0.03701852656
144,0.95,0.05,0.2855993321,1188,0.8391573914,0.03700889792
144,0.95,0.05,0.2855993321,1190,0.8390428124,0.0370063801
144,0.95,0.05,0.2855993321,1192,0.8389231902,0.03701545163
144,0.95,0.05,0.2855993321,1194,0.8387787095,0.03702831581
144,0.95,0.05,0.2855993321,1196,0.8386175364,0.03704266481
144,0.95,0.05,0.2855993321,1198,0.8384665345,0.03705381455
144,0.95,0.05,0.2855993321,1200,0.8383236151,0.03706659589
144,0.95,0.05,0.2855993321,1202,0.8381697312,0.03708717672
144,0.95,0.05,0.2855993321,1204,0.8380194206,0.03711029294
144,0.95,0.05,0.2855993321,1206,0.8378649519,0.03713255554
144,0.95,0.05,0.2855993321,1208,0.8376969374,0.03715434184
144,0.95,0.05,0.2855993321,1210,0.8375108,0.03717248619
144,0.95,0.05,0.2855993321,1212,0.8373270352,0.03719322699
144,0.95,0.05,0.2855993321,1214,0.8371252549,0.03722164704
144,0.95,0.05,0.2855993321,1216,0.8369372459,0.03724403174
144,0.95,0.05,0.2855993321,1218,0.8367561407,0.03726274054
144,0.95,0.05,0.2855993321,1220,0.836599501,0.03728179216
144,0.95,0.05,0.2855993321,1222,0.8364192517,0.03730303401
144,0.95,0.05,0.2855993321,1224,0.836249455,0.03733663746
144,0.95,0.05,0.2855993321,1226,0.836055491,0.03737299726
144,0.95,0.05,0.2855993321,1228,0.8358501933,0.03740640816
144,0.95,0.05,0.2855993321,1230,0.8356230977,0.03744499036
144,0.95,0.05,0.2855993321,1232,0.8354099958,0.03749134359
144,0.95,0.05,0.2855993321,1234,0.8351895479,0.03753373877
144,0.95,0.05,0.2855993321,1236,0.8349610273,0.03758223393
144,0.95,0.05,0.2855993321,1238,0.834710433,0.03763144729
144,0.95,0.05,0.2855993321,1240,0.8344600961,0.03768395066
144,0.95,0.05,0.2855993321,1242,0.8342082574,0.03773886208
144,0.95,0.05,0.2855993321,1244,0.8339730627,0.03779111398
144,0.95,0.05,0.2855993321,1246,0.833734178,0.03784686023
144,0.95,0.05,0.2855993321,1248,0.8334674293,0.03789780915
144,0.9,0.1,0.2855993321,0,1,0
144,0.9,0.1,0.2855993321,2,0.9997417038,8.308594563e-05
144,0.9,0.1,0.2855993321,4,0.9994497619,0.0001714598066
144,0.9,0.1,0.2855993321,6,0.9991850418,0.0002583629822
144,0.9,0.1,0.2855993321,8,0.99893586,0.0003438932839
144,0.9,0.1,0.2855993321,10,0.9986849633,0.0004366869795
144,0.9,0.1,0.2855993321,12,0.9984392799,0.0005308686949
144,0.9,0.1,0.2855993321,14,0.9982008492,0.0006230515022
144,0.9,0.1,0.2855993321,16,0.9979640862,0.0007120533379
144,0.9,0.1,0.2855993321,18,0.9977388944,0.0007945563692
144,0.9,0.1,0.2855993321,20,0.9975147934,0.0008765442201
144,0.9,0.1,0.2855993321,22,0.9972967688,0.0009553021377
144,0.9,0.1,0.2855993321,24,0.9970796434,0.001028690404
144,0.9,0.1,0.2855993321,26,0.9968640782,0.001096433489
144,0.9,0.1,0.2855993321,28,0.9966476106,0.00116131743
144,0.9,0.1,0.2855993321,30,0.9964405108,0.001223314187
144,0.9,0.1,0.2855993321,32,0.9962336183,0.001283281598
144,0.9,0.1,0.2855993321,34,0.9960336414,0.001343862067
144,0.9,0.1,0.2855993321,36,0.9958362621,0.001402486239
144,0.9,0.1,0.2855993321,38,0.9956438602,0.001468193702
144,0.9,0.1,0.2855993321,40,0.9954562698,0.00153945006
144,0.9,0.1,0.2855993321,42,0.9952710067,0.001611034305
144,0.9,0.1,0.2855993321,44,0.9950824649,0.00168010125
144,0.9,0.1,0.2855993321,46,0.9948959156,0.00174574369
144,0.9,0.1,0.2855993321,48,0.9947109353,0.001806321897
144,0.9,0.1,0.2855993321,50,0.9945327919,0.001868995751
144,0.9,0.1,0.2855993321,52,0.9943632865,0.001930003819
144,0.9,0.1,0.2855993321,54,0.9941921851,0.001987401605
144,0.9,0.1,0.2855993321,56,0.9940109456,0.002051325716
144,0.9,0.1,0.2855993321,58,0.9938340641,0.002116862331
144,0.9,0.1,0.2855993321,60,0.9936628211,0.002183597425
144,0.9,0.1,0.2855993321,62,0.9934971033,0.002247047961
144,0.9,0.1,0.2855993321,64,0.9933348167,0.002307831519
144,0.9,0.1,0.2855993321,66,0.9931742944,0.002371367805
144,0.9,0.1,0.2855993321,68,0.9930122708,0.002436855795
144,0.9,0.1,0.2855993321,70,0.9928559328,0.002499448949
144,0.9,0.1,0.2855993321,72,0.9927010596,0.002559909754
144,0.9,0.1,0.2855993321,74,0.9925466647,0.002616663937
144,0.9,0.1,0.2855993321,76,0.9923927175,0.002673608451
144,0.9,0.1,0.2855993321,78,0.9922491915,0.002732381963
144,0.9,0.1,0.2855993321,80,0.9921069473,0.002792551609
144,0.9,0.1,0.2855993321,82,0.9919660164,0.002852342567
144,0.9,0.1,0.2855993321,84,0.9918320214,0.00290950598
144,0.9,0.1,0.2855993321,86,0.9917035809,0.002961453168
144,0.9,0.1,0.2855993321,88,0.9915717263,0.003012980916
144,0.9,0.1,0.2855993321,90,0.9914396542,0.003069154426
144,0.9,0.1,0.2855993321,92,0.9913186519,0.003118202869
144,0.9,0.1,0.2855993321,94,0.9911956973,0.003173507666
144,0.9,0.1,0.2855993321,96,0.9910759003,0.003225653313
144,0.9,0.1,0.2855993321,98,0.9909549334,0.003276951424
144,0.9,0.1,0.2855993321,100,0.9908272505,0.003330412712
144,0.9,0.1,0.2855993321,102,0.9906976249,0.003383809765
144,0.9,0.1,0.2855993321,104,0.9905732882,0.003434597913
144,0.9,0.1,0.2855993321,106,0.9904474604,0.003475817997
144,0.9,0.1,0.2855993321,108,0.9903230884,0.003514673206
144,0.9,0.1,0.2855993321,110,0.9901921654,0.003559402213
144,0.9,0.1,0.2855993321,112,0.9900687383,0.003610901955
144,0.9,0.1,0.2855993321,114,0.9899458608,0.003668184043
144,0.9,0.1,0.2855993321,116,0.9898106566,0.003734231709
144,0.9,0.1,0.2855993321,118,0.9896653098,0.003801439879
144,0.9,0.1,0.2855993321,120,0.9895134949,0.003874191411
144,0.9,0.1,0.2855993321,122,0.989356167,0.003943299384
144,0.9,0.1,0.2855993321,124,0.9892033898,0.00400967712
144,0.9,0.1,0.2855993321,126,0.9890520337,0.004072458746
144,0.9,0.1,0.2855993321,128,0.9889066808,0.004133888359
144,0.9,0.1,0.2855993321,130,0.9887671217,0.00419371593
144,0.9,0.1,0.2855993321,132,0.9886253499,0.004255244843
144,0.9,0.1,0.2855993321,134,0.988476897,0.004315895937
144,0.9,0.1,0.2855993321,136,0.988330808,0.004376169221
144,0.9,0.1,0.2855993321,138,0.9881734669,0.004435987978
144,0.9,0.1,0.2855993321,140,0.9880173949,0.004498038704
144,0.9,0.1,0.2855993321,142,0.9878524742,0.004566346741
144,0.9,0.1,0.2855993321,144,0.9876898032,0.004632733426
144,0.9,0.1,0.2855993321,146,0.9875370873,0.004691048922
144,0.9,0.1,0.2855993321,148,0.9873785958,0.004750750336
144,0.9,0.1,0.2855993321,150,0.9872248487,0.004817146683
144,0.9,0.1,0.2855993321,152,0.9870683232,0.004887062501
144,0.9,0.1,0.2855993321,154,0.9869051575,0.004961507716
144,0.9,0.1,0.2855993321,156,0.9867348597,0.005040333895
144,0.9,0.1,0.2855993321,158,0.9865697457,0.005118952542
144,0.9,0.1,0.2855993321,160,0.9864033122,0.005197922539
144,0.9,0.1,0.2855993321,162,0.9862441591,0.005273460713
144,0.9,0.1,0.2855993321,164,0.9860846016,0.00535749857
144,0.9,0.1,0.2855993321,166,0.9859272778,0.005441831667
144,0.9,0.1,0.2855993321,168,0.9857734849,0.005530900551
144,0.9,0.1,0.2855993321,170,0.9856240415,0.005614509744
144,0.9,0.1,0.2855993321,172,0.9854790326,0.005685196181
144,0.9,0.1,0.2855993321,174,0.9853329355,0.005758591882
144,0.9,0.1,0.2855993321,176,0.9851791061,0.005841306582
144,0.9,0.1,0.2855993321,178,0.9850270013,0.005925275109
144,0.9,0.1,0.2855993321,180,0.9848674859,0.006004742133
144,0.9,0.1,0.2855993321,182,0.984705562,0.006087761445
144,0.9,0.1,0.2855993321,184,0.9845436099,0.006170171202
144,0.9,0.1,0.2855993321,186,0.9843918582,0.006254225628
144,0.9,0.1,0.2855993321,188,0.9842385838,0.006338112994
144,0.9,0.1,0.2855993321,190,0.9840796787,0.006426866873
144,0.9,0.1,0.2855993321,192,0.9839201148,0.006521703962
144,0.9,0.1,0.2855993321,194,0.9837689679,0.00661879913
144,0.9,0.1,0.2855993321,196,0.9836168775,0.006716720317
144,0.9,0.1,0.2855993321,198,0.9834600718,0.006814862024
144,0.9,0.1,0.2855993321,200,0.9833046094,0.006913091669
144,0.9,0.1,0.2855993321,202,0.9831385818,0.00700582135
144,0.9,0.1,0.2855993321,204,0.9829680171,0.007100890123
144,0.9,0.1,0.2855993321,206,0.9827963291,0.00719854019
144,0.9,0.1,0.2855993321,208,0.9826230012,0.007302919812
144,0.9,0.1,0.2855993321,210,0.9824573514,0.007403440891
144,0.9,0.1,0.2855993321,212,0.9823045651,0.007499687248
144,0.9,0.1,0.2855993321,214,0.9821452741,0.007601395547
144,0.9,0.1,0.2855993321,216,0.9819845354,0.007700316336
144,0.9,0.1,0.2855993321,218,0.9818238613,0.007795329394
144,0.9,0.1,0.2855993321,220,0.9816741093,0.00788903719
144,0.9,0.1,0.2855993321,222,0.9815257087,0.007984939844
144,0.9,0.1,0.2855993321,224,0.9813840709,0.008080097743
144,0.9,0.1,0.2855993321,226,0.9812473774,0.008169167277
144,0.9,0.1,0.2855993321,228,0.9811023692,0.008257564933
144,0.9,0.1,0.2855993321,230,0.9809578443,0.008344266239
144,0.9,0.1,0.2855993321,232,0.9808131428,0.008433621525
144,0.9,0.1,0.2855993321,234,0.9806637879,0.008529764501
144,0.9,0.1,0.2855993321,236,0.9805207526,0.008619984457
144,0.9,0.1,0.2855993321,238,0.9803831354,0.008704915397
144,0.9,0.1,0.2855993321,240,0.9802441831,0.008787142889
144,0.9,0.1,0.2855993321,242,0.980107098,0.008872795443
144,0.9,0.1,0.2855993321,244,0.9799724108,0.00895672729
144,0.9,0.1,0.2855993321,246,0.979833232,0.009040432257
144,0.9,0.1,0.2855993321,248,0.9796984991,0.009120596776
144,0.9,0.1,0.2855993321,250,0.9795634758,0.009196121943
144,0.9,0.1,0.2855993321,252,0.9794212851,0.009274993252
144,0.9,0.1,0.2855993321,254,0.9792781907,0.009356338361
144,0.9,0.1,0.2855993321,256,0.9791344528,0.009436895939
144,0.9,0.1,0.2855993321,258,0.9789927148,0.009517857461
144,0.9,0.1,0.2855993321,260,0.9788562297,0.009600572945
144,0.9,0.1,0.2855993321,262,0.978714482,0.009684978039
144,0.9,0.1,0.2855993321,264,0.9785725766,0.009773134557
144,0.9,0.1,0.2855993321,266,0.9784316367,0.009855719719
144,0.9,0.1,0.2855993321,268,0.9782777169,0.009935309355
144,0.9,0.1,0.2855993321,270,0.9781132474,0.0100172844
144,0.9,0.1,0.2855993321,272,0.9779475765,0.01009562631
144,0.9,0.1,0.2855993321,274,0.9777842284,0.01017134169
144,0.9,0.1,0.2855993321,276,0.9776349643,0.01023646368
144,0.9,0.1,0.2855993321,278,0.9774998641,0.01029583955
144,0.9,0.1,0.2855993321,280,0.9773694077,0.01036039184
144,0.9,0.1,0.2855993321,282,0.9772309708,0.0104289146
144,0.9,0.1,0.2855993321,284,0.9770987102,0.0104975167
144,0.9,0.1,0.2855993321,286,0.9769664065,0.0105585113
144,0.9,0.1,0.2855993321,288,0.9768369214,0.01061820905
144,0.9,0.1,0.2855993321,290,0.9767064856,0.01067920187
144,0.9,0.1,0.2855993321,292,0.9765784923,0.01073473101
144,0.9,0.1,0.2855993321,294,0.9764633782,0.01079259462
144,0.9,0.1,0.2855993321,296,0.976349659,0.01084870608
144,0.9,0.1,0.2855993321,298,0.976228921,0.0109080868
144,0.9,0.1,0.2855993321,300,0.9761039171,0.01097402804
144,0.9,0.1,0.2855993321,302,0.9759853,0.01104146723
144,0.9,0.1,0.2855993321,304,0.9758582414,0.01111491267
144,0.9,0.1,0.2855993321,306,0.9757332146,0.01119010052
144,0.9,0.1,0.2855993321,308,0.9756136486,0.01125819771
144,0.9,0.1,0.2855993321,310,0.9755007693,0.01131822347
144,0.9,0.1,0.2855993321,312,0.9753887433,0.01136880582
144,0.9,0.1,0.2855993321,314,0.9752752301,0.0114176169
144,0.9,0.1,0.2855993321,316,0.9751567789,0.01146154574
144,0.9,0.1,0.2855993321,318,0.9750453477,0.01150441653
144,0.9,0.1,0.2855993321,320,0.9749466648,0.01155506539
144,0.9,0.1,0.2855993321,322,0.9748364288,0.01160835252
144,0.9,0.1,0.2855993321,324,0.9747233399,0.01166474746
144,0.9,0.1,0.2855993321,326,0.9746100857,0.01171471779
144,0.9,0.1,0.2855993321,328,0.9745052131,0.01176458459
144,0.9,0.1,0.2855993321,330,0.9743892641,0.0118188796
144,0.9,0.1,0.2855993321,332,0.9742683714,0.01187550222
144,0.9,0.1,0.2855993321,334,0.9741544196,0.01192595948
144,0.9,0.1,0.2855993321,336,0.9740376806,0.01198295718
144,0.9,0.1,0.2855993321,338,0.9739165214,0.01204636074
144,0.9,0.1,0.2855993321,340,0.9737858159,0.01211628385
144,0.9,0.1,0.2855993321,342,0.9736551019,0.01218800932
144,0.9,0.1,0.2855993321,344,0.973532845,0.01226105044
144,0.9,0.1,0.2855993321,346,0.9734120225,0.01233366135
144,0.9,0.1,0.2855993321,348,0.973293884,0.01240362487
144,0.9,0.1,0.2855993321,350,0.973175094,0.01247209243
144,0.9,0.1,0.2855993321,352,0.9730610189,0.0125376996
144,0.9,0.1,0.2855993321,354,0.9729476449,0.01260344578
144,0.9,0.1,0.2855993321,356,0.9728306967,0.0126618188
144,0.9,0.1,0.2855993321,358,0.9727106467,0.01272412656
144,0.9,0.1,0.2855993321,360,0.9725808925,0.01279100996
144,0.9,0.1,0.2855993321,362,0.972454242,0.01285149638
144,0.9,0.1,0.2855993321,364,0.9723308267,0.01290105689
144,0.9,0.1,0.2855993321,366,0.9722000446,0.01296108393
144,0.9,0.1,0.2855993321,368,0.972057595,0.01302133605
144,0.9,0.1,0.2855993321,370,0.9719151993,0.01308110751
144,0.9,0.1,0.2855993321,372,0.9717814511,0.01313724717
144,0.9,0.1,0.2855993321,374,0.9716485572,0.01319505645
144,0.9,0.1,0.2855993321,376,0.9715149836,0.01324831522
144,0.9,0.1,0.2855993321,378,0.9713826878,0.01330605032
144,0.9,0.1,0.2855993321,380,0.971243505,0.01336341083
144,0.9,0.1,0.2855993321,382,0.9711038709,0.01341853009
144,0.9,0.1,0.2855993321,384,0.9709678029,0.01346544726
144,0.9,0.1,0.2855993321,386,0.9708395833,0.01350615566
144,0.9,0.1,0.2855993321,388,0.9707213867,0.01354509478
144,0.9,0.1,0.2855993321,390,0.9706035019,0.01358633552
144,0.9,0.1,0.2855993321,392,0.9704845648,0.01363098936
144,0.9,0.1,0.2855993321,394,0.9703619168,0.0136761167
144,0.9,0.1,0.2855993321,396,0.9702337241,0.01372664953
144,0.9,0.1,0.2855993321,398,0.9700856731,0.01378329492
144,0.9,0.1,0.2855993321,400,0.9699342659,0.01383760936
144,0.9,0.1,0.2855993321,402,0.9697862497,0.0138913941
144,0.9,0.1,0.2855993321,404,0.9696445813,0.01394574396
144,0.9,0.1,0.2855993321,406,0.9695013474,0.01400141681
144,0.9,0.1,0.2855993321,408,0.9693574112,0.01405613771
144,0.9,0.1,0.2855993321,410,0.9691995821,0.01412280025
144,0.9,0.1,0.2855993321,412,0.969050253,0.01418901036
144,0.9,0.1,0.2855993321,414,0.9689163115,0.01424954713
144,0.9,0.1,0.2855993321,416,0.9687823222,0.01430209169
144,0.9,0.1,0.2855993321,418,0.9686370956,0.01435464248
144,0.9,0.1,0.2855993321,420,0.9684952664,0.0143949909
144,0.9,0.1,0.2855993321,422,0.96836595,0.01443056369
144,0.9,0.1,0.2855993321,424,0.9682422465,0.01446292854
144,0.9,0.1,0.2855993321,426,0.9681148827,0.01449450537
144,0.9,0.1,0.2855993321,428,0.9679899437,0.01452466299
144,0.9,0.1,0.2855993321,430,0.9678629858,0.0145490095
144,0.9,0.1,0.2855993321,432,0.9677333008,0.01458210386
144,0.9,0.1,0.2855993321,434,0.9675968926,0.01461288404
144,0.9,0.1,0.2855993321,436,0.9674627831,0.01464201633
144,0.9,0.1,0.2855993321,438,0.9673333951,0.01467074036
144,0.9,0.1,0.2855993321,440,0.9672056785,0.01470805027
144,0.9,0.1,0.2855993321,442,0.9670883792,0.0147441624
144,0.9,0.1,0.2855993321,444,0.9669781409,0.01478149179
144,0.9,0.1,0.2855993321,446,0.9668623481,0.01482185732
144,0.9,0.1,0.2855993321,448,0.9667416349,0.01486252512
144,0.9,0.1,0.2855993321,450,0.9666129796,0.01490479482
144,0.9,0.1,0.2855993321,452,0.9664825992,0.01493929532
144,0.9,0.1,0.2855993321,454,0.9663592673,0.01496526314
144,0.9,0.1,0.2855993321,456,0.9662311764,0.01499666673
144,0.9,0.1,0.2855993321,458,0.9660886719,0.01502974735
144,0.9,0.1,0.2855993321,460,0.9659519023,0.01506707012
144,0.9,0.1,0.2855993321,462,0.9658228849,0.01509799491
144,0.9,0.1,0.2855993321,464,0.9657045421,0.01512091392
144,0.9,0.1,0.2855993321,466,0.9655791683,0.01514365787
144,0.9,0.1,0.2855993321,468,0.9654596169,0.0151647651
144,0.9,0.1,0.2855993321,470,0.9653570265,0.01517966972
144,0.9,0.1,0.2855993321,472,0.965255092,0.0151962492
144,0.9,0.1,0.2855993321,474,0.9651506432,0.01521170625
144,0.9,0.1,0.2855993321,476,0.9650378116,0.01522674531
144,0.9,0.1,0.2855993321,478,0.9649205074,0.01524502744
144,0.9,0.1,0.2855993321,480,0.9648132629,0.01525897494
144,0.9,0.1,0.2855993321,482,0.964699612,0.01526954482
144,0.9,0.1,0.2855993321,484,0.9645792025,0.01528121389
144,0.9,0.1,0.2855993321,486,0.9644674835,0.0152960807
144,0.9,0.1,0.2855993321,488,0.9643546311,0.01530753273
144,0.9,0.1,0.2855993321,490,0.9642463203,0.01531999275
144,0.9,0.1,0.2855993321,492,0.9641380233,0.01533331184
144,0.9,0.1,0.2855993321,494,0.9640352241,0.0153435734
144,0.9,0.1,0.2855993321,496,0.9639292591,0.01534741676
144,0.9,0.1,0.2855993321,498,0.9638165744,0.0153485574
144,0.9,0.1,0.2855993321,500,0.9637098243,0.0153455391
144,0.9,0.1,0.2855993321,502,0.9636039599,0.01534319136
144,0.9,0.1,0.2855993321,504,0.9635019541,0.01534097076
144,0.9,0.1,0.2855993321,506,0.963395611,0.01534197286
144,0.9,0.1,0.2855993321,508,0.9632911605,0.0153362994
144,0.9,0.1,0.2855993321,510,0.9631763413,0.01534138719
144,0.9,0.1,0.2855993321,512,0.9630673069,0.01534717073
144,0.9,0.1,0.2855993321,514,0.9629513724,0.01536067521
144,0.9,0.1,0.2855993321,516,0.9628289113,0.0153801974
144,0.9,0.1,0.2855993321,518,0.9627063288,0.01539871431
144,0.9,0.1,0.2855993321,520,0.9625836956,0.01541920783
144,0.9,0.1,0.2855993321,522,0.9624616136,0.01543915787
144,0.9,0.1,0.2855993321,524,0.9623482355,0.01545988308
144,0.9,0.1,0.2855993321,526,0.9622440871,0.01547452945
144,0.9,0.1,0.2855993321,528,0.9621395034,0.0154819643
144,0.9,0.1,0.2855993321,530,0.9620430739,0.01548980892
144,0.9,0.1,0.2855993321,532,0.9619439598,0.01550781214
144,0.9,0.1,0.2855993321,534,0.9618381502,0.0155206675
144,0.9,0.1,0.2855993321,536,0.9617268262,0.01553615224
144,0.9,0.1,0.2855993321,538,0.9616192809,0.01554601992
144,0.9,0.1,0.2855993321,540,0.9615144726,0.01555566667
144,0.9,0.1,0.2855993321,542,0.9614113385,0.01556389164
144,0.9,0.1,0.2855993321,544,0.9613027761,0.01556980715
144,0.9,0.1,0.2855993321,546,0.961187749,0.01557469302
144,0.9,0.1,0.2855993321,548,0.9610831015,0.01557996071
144,0.9,0.1,0.2855993321,550,0.960980657,0.01558405393
144,0.9,0.1,0.2855993321,552,0.9608801266,0.01559003627
144,0.9,0.1,0.2855993321,554,0.9607711791,0.01560078926
144,0.9,0.1,0.2855993321,556,0.9606592333,0.01561017018
144,0.9,0.1,0.2855993321,558,0.9605450128,0.0156207375
144,0.9,0.1,0.2855993321,560,0.9604242176,0.01563559437
144,0.9,0.1,0.2855993321,562,0.9603200495,0.01564310041
144,0.9,0.1,0.2855993321,564,0.96022332,0.01564761183
144,0.9,0.1,0.2855993321,566,0.9601223023,0.0156513836
144,0.9,0.1,0.2855993321,568,0.960013562,0.01565311439
144,0.9,0.1,0.2855993321,570,0.959897951,0.01566100277
144,0.9,0.1,0.2855993321,572,0.9597872041,0.01566741831
144,0.9,0.1,0.2855993321,574,0.9596725023,0.01567067765
144,0.9,0.1,0.2855993321,576,0.959550216,0.01567796889
144,0.9,0.1,0.2855993321,578,0.9594482854,0.01568484539
144,0.9,0.1,0.2855993321,580,0.9593465788,0.01568883638
144,0.9,0.1,0.2855993321,582,0.9592394208,0.01569337492
144,0.9,0.1,0.2855993321,584,0.9591335647,0.01569793659
144,0.9,0.1,0.2855993321,586,0.9590141819,0.01571999202
144,0.9,0.1,0.2855993321,588,0.9589017215,0.01574336504
144,0.9,0.1,0.2855993321,590,0.9587859747,0.01577107751
144,0.9,0.1,0.2855993321,592,0.9586739095,0.01579788525
144,0.9,0.1,0.2855993321,594,0.9585560563,0.01582326707
144,0.9,0.1,0.2855993321,596,0.9584445354,0.01584253231
144,0.9,0.1,0.2855993321,598,0.9583272053,0.01586545818
144,0.9,0.1,0.2855993321,600,0.9582061658,0.0158887166
144,0.9,0.1,0.2855993321,602,0.9580814461,0.01591630206
144,0.9,0.1,0.2855993321,604,0.9579550826,0.01594436605
144,0.9,0.1,0.2855993321,606,0.957834872,0.01596633449
144,0.9,0.1,0.2855993321,608,0.9577116685,0.0159895078
144,0.9,0.1,0.2855993321,610,0.957585503,0.01601837365
144,0.9,0.1,0.2855993321,612,0.9574603773,0.0160516781
144,0.9,0.1,0.2855993321,614,0.9573395366,0.01608166697
144,0.9,0.1,0.2855993321,616,0.957226017,0.01611716701
144,0.9,0.1,0.2855993321,618,0.9571065171,0.0161481172
144,0.9,0.1,0.2855993321,620,0.9569811718,0.01617856206
144,0.9,0.1,0.2855993321,622,0.9568404925,0.01621308805
144,0.9,0.1,0.2855993321,624,0.9567033676,0.01624892875
144,0.9,0.1,0.2855993321,626,0.9565627928,0.01628783179
144,0.9,0.1,0.2855993321,628,0.9564191346,0.01631661292
144,0.9,0.1,0.2855993321,630,0.9562754891,0.01633991472
144,0.9,0.1,0.2855993321,632,0.9561464249,0.01635832788
144,0.9,0.1,0.2855993321,634,0.9560143645,0.016372605
144,0.9,0.1,0.2855993321,636,0.955876557,0.0163941313
144,0.9,0.1,0.2855993321,638,0.9557301509,0.0164189476
144,0.9,0.1,0.2855993321,640,0.9555729996,0.01645363383
144,0.9,0.1,0.2855993321,642,0.955414206,0.01648652843
144,0.9,0.1,0.2855993321,644,0.9552597579,0.01651561017
144,0.9,0.1,0.2855993321,646,0.955099935,0.01653995637
144,0.9,0.1,0.2855993321,648,0.9549346347,0.01657323925
144,0.9,0.1,0.2855993321,650,0.9547632712,0.01661076349
144,0.9,0.1,0.2855993321,652,0.9545814035,0.01664777534
144,0.9,0.1,0.2855993321,654,0.9544042811,0.0166860106
144,0.9,0.1,0.2855993321,656,0.9542347339,0.01672658658
144,0.9,0.1,0.2855993321,658,0.9540528684,0.01677652376
144,0.9,0.1,0.2855993321,660,0.9538705088,0.01682981745
144,0.9,0.1,0.2855993321,662,0.9537018919,0.01687727666
144,0.9,0.1,0.2855993321,664,0.9535365391,0.0169201017
144,0.9,0.1,0.2855993321,666,0.9533659232,0.01696467105
144,0.9,0.1,0.2855993321,668,0.9531895925,0.01701733664
144,0.9,0.1,0.2855993321,670,0.9530131639,0.01707830039
144,0.9,0.1,0.2855993321,672,0.952845842,0.0171392512
144,0.9,0.1,0.2855993321,674,0.9526874991,0.01718975072
144,0.9,0.1,0.2855993321,676,0.9525178779,0.01724332921
144,0.9,0.1,0.2855993321,678,0.9523438096,0.01729113905
144,0.9,0.1,0.2855993321,680,0.9521676155,0.01733001099
144,0.9,0.1,0.2855993321,682,0.9519978788,0.0173686107
144,0.9,0.1,0.2855993321,684,0.9518261393,0.01740280168
144,0.9,0.1,0.2855993321,686,0.9516670376,0.0174339952
144,0.9,0.1,0.2855993321,688,0.9515170967,0.01745607779
144,0.9,0.1,0.2855993321,690,0.95136223,0.01748497895
144,0.9,0.1,0.2855993321,692,0.9511988742,0.01751772567
144,0.9,0.1,0.2855993321,694,0.9510394108,0.01754419984
144,0.9,0.1,0.2855993321,696,0.9508673693,0.01757289355
144,0.9,0.1,0.2855993321,698,0.9506987622,0.01759613398
144,0.9,0.1,0.2855993321,700,0.950538702,0.01762468262
144,0.9,0.1,0.2855993321,702,0.9503914183,0.0176473588
144,0.9,0.1,0.2855993321,704,0.9502452126,0.01766799544
144,0.9,0.1,0.2855993321,706,0.9500987645,0.01767806646
144,0.9,0.1,0.2855993321,708,0.9499541968,0.01768735285
144,0.9,0.1,0.2855993321,710,0.9497975139,0.01770347651
144,0.9,0.1,0.2855993321,712,0.9496369891,0.01771572422
144,0.9,0.1,0.2855993321,714,0.949478629,0.01773731326
144,0.9,0.1,0.2855993321,716,0.9493224048,0.01775704338
144,0.9,0.1,0.2855993321,718,0.9491619562,0.0177687671
144,0.9,0.1,0.2855993321,720,0.9490058628,0.01777348116
144,0.9,0.1,0.2855993321,722,0.9488523097,0.01778132138
144,0.9,0.1,0.2855993321,724,0.9487060118,0.01778797957
144,0.9,0.1,0.2855993321,726,0.948552931,0.0178008395
144,0.9,0.1,0.2855993321,728,0.9484045787,0.01781180503
144,0.9,0.1,0.2855993321,730,0.9482494118,0.01783196373
144,0.9,0.1,0.2855993321,732,0.9480749238,0.01785036222
144,0.9,0.1,0.2855993321,734,0.947901388,0.01786898863
144,0.9,0.1,0.2855993321,736,0.9477292116,0.01788427165
144,0.9,0.1,0.2855993321,738,0.9475592764,0.01790178254
144,0.9,0.1,0.2855993321,740,0.947392834,0.01792623013
144,0.9,0.1,0.2855993321,742,0.9472397747,0.01793890441
144,0.9,0.1,0.2855993321,744,0.9470764121,0.01796324087
144,0.9,0.1,0.2855993321,746,0.9469131106,0.01799428562
144,0.9,0.1,0.2855993321,748,0.9467503887,0.0180201626
144,0.9,0.1,0.2855993321,750,0.9465864861,0.01804601462
144,0.9,0.1,0.2855993321,752,0.9464341289,0.0180723845
144,0.9,0.1,0.2855993321,754,0.9462802265,0.01809831009
144,0.9,0.1,0.2855993321,756,0.9461438208,0.01812911495
144,0.9,0.1,0.2855993321,758,0.9460074216,0.0181550799
144,0.9,0.1,0.2855993321,760,0.9458766271,0.01817835754
144,0.9,0.1,0.2855993321,762,0.9457488398,0.01820653777
144,0.9,0.1,0.2855993321,764,0.9456011711,0.01824456347
144,0.9,0.1,0.2855993321,766,0.9454638158,0.01827632472
144,0.9,0.1,0.2855993321,768,0.9453393525,0.01829377969
144,0.9,0.1,0.2855993321,770,0.9452177404,0.01831201715
144,0.9,0.1,0.2855993321,772,0.9450915145,0.01833332661
144,0.9,0.1,0.2855993321,774,0.9449482364,0.01836037349
144,0.9,0.1,0.2855993321,776,0.9447967541,0.01839026658
144,0.9,0.1,0.2855993321,778,0.9446405826,0.01842245244
144,0.9,0.1,0.2855993321,780,0.9445056364,0.01843513927
144,0.9,0.1,0.2855993321,782,0.9443912594,0.01843668965
144,0.9,0.1,0.2855993321,784,0.9442782435,0.0184323091
144,0.9,0.1,0.2855993321,786,0.944158622,0.01843609421
144,0.9,0.1,0.2855993321,788,0.9440357761,0.01843848235
144,0.9,0.1,0.2855993321,790,0.9439213592,0.01844543476
144,0.9,0.1,0.2855993321,792,0.9437929985,0.01845806728
144,0.9,0.1,0.2855993321,794,0.9436565387,0.01847621748
144,0.9,0.1,0.2855993321,796,0.9435334726,0.01849762623
144,0.9,0.1,0.2855993321,798,0.9434128543,0.01851664404
144,0.9,0.1,0.2855993321,800,0.9432903905,0.01853461382
144,0.9,0.1,0.2855993321,802,0.9431742282,0.01854954938
144,0.9,0.1,0.2855993321,804,0.9430447036,0.01856870919
144,0.9,0.1,0.2855993321,806,0.9429120558,0.01859191594
144,0.9,0.1,0.2855993321,808,0.9427770277,0.01862406308
144,0.9,0.1,0.2855993321,810,0.9426250052,0.01866881563
144,0.9,0.1,0.2855993321,812,0.9424604408,0.01872133682
144,0.9,0.1,0.2855993321,814,0.9422973718,0.01877507215
144,0.9,0.1,0.2855993321,816,0.9421436296,0.01882079726
144,0.9,0.1,0.2855993321,818,0.9419806569,0.01886608637
144,0.9,0.1,0.2855993321,820,0.941812406,0.01892056942
144,0.9,0.1,0.2855993321,822,0.9416547608,0.01896512425
144,0.9,0.1,0.2855993321,824,0.9414977228,0.01901036674
144,0.9,0.1,0.2855993321,826,0.9413316584,0.01905921957
144,0.9,0.1,0.2855993321,828,0.9411748026,0.01909933862
144,0.9,0.1,0.2855993321,830,0.941025276,0.01914410627
144,0.9,0.1,0.2855993321,832,0.9408784648,0.01919306043
144,0.9,0.1,0.2855993321,834,0.9407321964,0.0192363867
144,0.9,0.1,0.2855993321,836,0.9405855897,0.01929446621
144,0.9,0.1,0.2855993321,838,0.9404383605,0.01934985498
144,0.9,0.1,0.2855993321,840,0.9402798024,0.01940879832
144,0.9,0.1,0.2855993321,842,0.9401041778,0.01947262099
144,0.9,0.1,0.2855993321,844,0.9399375625,0.01953898429
144,0.9,0.1,0.2855993321,846,0.9397532813,0.01961581244
144,0.9,0.1,0.2855993321,848,0.9395640151,0.01968589951
144,0.9,0.1,0.2855993321,850,0.9393846249,0.01974864509
144,0.9,0.1,0.2855993321,852,0.9392174924,0.01980560782
144,0.9,0.1,0.2855993321,854,0.9390480624,0.01986362603
144,0.9,0.1,0.2855993321,856,0.9388764736,0.01991660666
144,0.9,0.1,0.2855993321,858,0.9386964531,0.01996780965
144,0.9,0.1,0.2855993321,860,0.9385218105,0.02000671611
144,0.9,0.1,0.2855993321,862,0.9383532538,0.02003695624
144,0.9,0.1,0.2855993321,864,0.9381924213,0.0200505059
144,0.9,0.1,0.2855993321,866,0.9380354571,0.02006961543
144,0.9,0.1,0.2855993321,868,0.9378848016,0.02008309658
144,0.9,0.1,0.2855993321,870,0.9377397461,0.02010357601
144,0.9,0.1,0.2855993321,872,0.9375855523,0.02013394817
144,0.9,0.1,0.2855993321,874,0.9374312393,0.02016784847
144,0.9,0.1,0.2855993321,876,0.9372800319,0.02019517441
144,0.9,0.1,0.2855993321,878,0.9371332282,0.02022642995
144,0.9,0.1,0.2855993321,880,0.9369797727,0.02025760899
144,0.9,0.1,0.2855993321,882,0.9368223177,0.02029807225
144,0.9,0.1,0.2855993321,884,0.9366565993,0.02034343395
144,0.9,0.1,0.2855993321,886,0.9364847782,0.02038890438
144,0.9,0.1,0.2855993321,888,0.9363274446,0.02043035151
144,0.9,0.1,0.2855993321,890,0.9361728602,0.02046785141
144,0.9,0.1,0.2855993321,892,0.9360154121,0.02050252092
144,0.9,0.1,0.2855993321,894,0.9358564811,0.02053629289
144,0.9,0.1,0.2855993321,896,0.9357051756,0.02056317978
144,0.9,0.1,0.2855993321,898,0.9355497196,0.02058941333
144,0.9,0.1,0.2855993321,900,0.9353964071,0.02062197543
144,0.9,0.1,0.2855993321,902,0.9352320485,0.02066516592
144,0.9,0.1,0.2855993321,904,0.935081154,0.02071028899
144,0.9,0.1,0.2855993321,906,0.9349262368,0.02075697077
144,0.9,0.1,0.2855993321,908,0.9347716173,0.02080581621
144,0.9,0.1,0.2855993321,910,0.9346142136,0.02086266816
144,0.9,0.1,0.2855993321,912,0.9344579722,0.02092077243
144,0.9,0.1,0.2855993321,914,0.9343053607,0.02097744833
144,0.9,0.1,0.2855993321,916,0.9341553027,0.02102999036
144,0.9,0.1,0.2855993321,918,0.9340124759,0.02108048299
144,0.9,0.1,0.2855993321,920,0.933877215,0.02112750955
144,0.9,0.1,0.2855993321,922,0.9337354589,0.0211690484
144,0.9,0.1,0.2855993321,924,0.9335873628,0.02121673226
144,0.9,0.1,0.2855993321,926,0.9334421546,0.02126655447
144,0.9,0.1,0.2855993321,928,0.9332908841,0.02131831044
144,0.9,0.1,0.2855993321,930,0.9331586606,0.02135642551
144,0.9,0.1,0.2855993321,932,0.9330290867,0.02138796586
144,0.9,0.1,0.2855993321,934,0.9328887185,0.02142062003
144,0.9,0.1,0.2855993321,936,0.9327538972,0.02146260277
144,0.9,0.1,0.2855993321,938,0.932621122,0.02151257134
144,0.9,0.1,0.2855993321,940,0.9325013807,0.02155928812
144,0.9,0.1,0.2855993321,942,0.9323876796,0.02160505324
144,0.9,0.1,0.2855993321,944,0.9322815644,0.02165882376
144,0.9,0.1,0.2855993321,946,0.9321622512,0.02172023406
144,0.9,0.1,0.2855993321,948,0.9320369843,0.02178356059
144,0.9,0.1,0.2855993321,950,0.9319091492,0.02184319042
144,0.9,0.1,0.2855993321,952,0.9317936389,0.0219010994
144,0.9,0.1,0.2855993321,954,0.9316828985,0.02196078888
144,0.9,0.1,0.2855993321,956,0.9315685015,0.02201934338
144,0.9,0.1,0.2855993321,958,0.931442144,0.02207830443
144,0.9,0.1,0.2855993321,960,0.931305151,0.02213216707
144,0.9,0.1,0.2855993321,962,0.9311518302,0.02218839406
144,0.9,0.1,0.2855993321,964,0.9310067078,0.02224388867
144,0.9,0.1,0.2855993321,966,0.9308583193,0.02229782064
144,0.9,0.1,0.2855993321,968,0.930717975,0.02234550739
144,0.9,0.1,0.2855993321,970,0.9305863505,0.02237040548
144,0.9,0.1,0.2855993321,972,0.9304480351,0.02238926752
144,0.9,0.1,0.2855993321,974,0.9303168585,0.02240254803
144,0.9,0.1,0.2855993321,976,0.930186892,0.02242800872
144,0.9,0.1,0.2855993321,978,0.9300428523,0.02245400384
144,0.9,0.1,0.2855993321,980,0.9299075735,0.02248450483
144,0.9,0.1,0.2855993321,982,0.9297616242,0.02251424783
144,0.9,0.1,0.2855993321,984,0.9296154739,0.02254105927
144,0.9,0.1,0.2855993321,986,0.9294697164,0.02256781775
144,0.9,0.1,0.2855993321,988,0.9293232419,0.02259706279
144,0.9,0.1,0.2855993321,990,0.9291692176,0.022624788
144,0.9,0.1,0.2855993321,992,0.9290062869,0.0226533983
144,0.9,0.1,0.2855993321,994,0.9288306992,0.02269395165
144,0.9,0.1,0.2855993321,996,0.9286654236,0.02273313609
144,0.9,0.1,0.2855993321,998,0.9284911393,0.02278398976
144,0.9,0.1,0.2855993321,1000,0.9283089248,0.02285138902
144,0.9,0.1,0.2855993321,1002,0.9281155962,0.02292090988
144,0.9,0.1,0.2855993321,1004,0.9279206552,0.02299283413
144,0.9,0.1,0.2855993321,1006,0.9277422174,0.02305353974
144,0.9,0.1,0.2855993321,1008,0.9275702325,0.02310319827
144,0.9,0.1,0.2855993321,1010,0.9273952039,0.02315266898
144,0.9,0.1,0.2855993321,1012,0.9272112401,0.02321077574
144,0.9,0.1,0.2855993321,1014,0.9270173236,0.02327760017
144,0.9,0.1,0.2855993321,1016,0.9268258568,0.02334236271
144,0.9,0.1,0.2855993321,1018,0.9266274701,0.023403469
144,0.9,0.1,0.2855993321,1020,0.926444493,0.02345612629
144,0.9,0.1,0.2855993321,1022,0.9262659492,0.02351159582
144,0.9,0.1,0.2855993321,1024,0.9260856887,0.02356390572
144,0.9,0.1,0.2855993321,1026,0.9258933997,0.02362355419
144,0.9,0.1,0.2855993321,1028,0.9256956385,0.02367774687
144,0.9,0.1,0.2855993321,1030,0.9255030823,0.02373090816
144,0.9,0.1,0.2855993321,1032,0.925312319,0.02378511694
144,0.9,0.1,0.2855993321,1034,0.9251276212,0.0238368659
144,0.9,0.1,0.2855993321,1036,0.9249471599,0.02388101868
144,0.9,0.1,0.2855993321,1038,0.9247806756,0.02390975595
144,0.9,0.1,0.2855993321,1040,0.9246191022,0.02393232378
144,0.9,0.1,0.2855993321,1042,0.9244500967,0.02394883083
144,0.9,0.1,0.2855993321,1044,0.9242863942,0.02395390217
144,0.9,0.1,0.2855993321,1046,0.924133748,0.0239562121
144,0.9,0.1,0.2855993321,1048,0.9239791964,0.02394047857
144,0.9,0.1,0.2855993321,1050,0.9238108782,0.02393401582
144,0.9,0.1,0.2855993321,1052,0.9236505842,0.02392602792
144,0.9,0.1,0.2855993321,1054,0.9234862613,0.02391857193
144,0.9,0.1,0.2855993321,1056,0.9233139617,0.02391752807
144,0.9,0.1,0.2855993321,1058,0.9231517057,0.02392974766
144,0.9,0.1,0.2855993321,1060,0.9229760734,0.02395757527
144,0.9,0.1,0.2855993321,1062,0.9228044331,0.02397729241
144,0.9,0.1,0.2855993321,1064,0.9226427792,0.02398604423
144,0.9,0.1,0.2855993321,1066,0.9224837701,0.02400625548
144,0.9,0.1,0.2855993321,1068,0.922332589,0.02403990318
144,0.9,0.1,0.2855993321,1070,0.9221921226,0.02406350053
144,0.9,0.1,0.2855993321,1072,0.9220617692,0.02407885132
144,0.9,0.1,0.2855993321,1074,0.9219347365,0.02410201184
144,0.9,0.1,0.2855993321,1076,0.9218049472,0.02413069705
144,0.9,0.1,0.2855993321,1078,0.9216783538,0.02415587337
144,0.9,0.1,0.2855993321,1080,0.921546614,0.02418197173
144,0.9,0.1,0.2855993321,1082,0.9214199456,0.02420548139
144,0.9,0.1,0.2855993321,1084,0.9212987231,0.0242143106
144,0.9,0.1,0.2855993321,1086,0.9211846741,0.02422696257
144,0.9,0.1,0.2855993321,1088,0.9210601671,0.02423449712
144,0.9,0.1,0.2855993321,1090,0.9209332434,0.02424222591
144,0.9,0.1,0.2855993321,1092,0.9208035669,0.02425559755
144,0.9,0.1,0.2855993321,1094,0.9206591637,0.02426786555
144,0.9,0.1,0.2855993321,1096,0.9205205029,0.0242793061
144,0.9,0.1,0.2855993321,1098,0.9203959418,0.02429032191
144,0.9,0.1,0.2855993321,1100,0.9202691917,0.02429925773
144,0.9,0.1,0.2855993321,1102,0.9201530804,0.02430030578
144,0.9,0.1,0.2855993321,1104,0.9200224388,0.02430489986
144,0.9,0.1,0.2855993321,1106,0.9198906806,0.02433119088
144,0.9,0.1,0.2855993321,1108,0.9197491681,0.02435604966
144,0.9,0.1,0.2855993321,1110,0.9196071231,0.02438513314
144,0.9,0.1,0.2855993321,1112,0.9194600663,0.02441195833
144,0.9,0.1,0.2855993321,1114,0.9193054321,0.02443705906
144,0.9,0.1,0.2855993321,1116,0.9191511481,0.02447378042
144,0.9,0.1,0.2855993321,1118,0.9189974152,0.02450660962
144,0.9,0.1,0.2855993321,1120,0.9188608374,0.02453818758
144,0.9,0.1,0.2855993321,1122,0.9187131106,0.02457873094
144,0.9,0.1,0.2855993321,1124,0.9185551591,0.02462898899
144,0.9,0.1,0.2855993321,1126,0.9183957951,0.02467655367
144,0.9,0.1,0.2855993321,1128,0.9182456728,0.0247248562
144,0.9,0.1,0.2855993321,1130,0.9180806838,0.02477930326
144,0.9,0.1,0.2855993321,1132,0.9179129978,0.02484453897
144,0.9,0.1,0.2855993321,1134,0.9177351192,0.02492415229
144,0.9,0.1,0.2855993321,1136,0.91754968,0.02500751772
144,0.9,0.1,0.2855993321,1138,0.9173713341,0.02509633026
144,0.9,0.1,0.2855993321,1140,0.9171923886,0.02518723219
144,0.9,0.1,0.2855993321,1142,0.9170003964,0.02527089778
144,0.9,0.1,0.2855993321,1144,0.9168155324,0.02534363407
144,0.9,0.1,0.2855993321,1146,0.9166386881,0.02540707053
144,0.9,0.1,0.2855993321,1148,0.9164526599,0.02547109011
144,0.9,0.1,0.2855993321,1150,0.916275284,0.02552710366
144,0.9,0.1,0.2855993321,1152,0.9160997161,0.02559736524
144,0.9,0.1,0.2855993321,1154,0.9159132295,0.02567652388
144,0.9,0.1,0.2855993321,1156,0.9157282368,0.02575226885
144,0.9,0.1,0.2855993321,1158,0.9155224237,0.02583253037
144,0.9,0.1,0.2855993321,1160,0.9153037301,0.02591245837
144,0.9,0.1,0.2855993321,1162,0.9151027946,0.0259770266
144,0.9,0.1,0.2855993321,1164,0.9149096302,0.0260357488
144,0.9,0.1,0.2855993321,1166,0.9147160421,0.02609241448
144,0.9,0.1,0.2855993321,1168,0.9145211768,0.02614625999
144,0.9,0.1,0.2855993321,1170,0.9143181705,0.02621104415
144,0.9,0.1,0.2855993321,1172,0.9141117103,0.02627337741
144,0.9,0.1,0.2855993321,1174,0.9139125646,0.02633893057
144,0.9,0.1,0.2855993321,1176,0.9137241561,0.02639239961
144,0.9,0.1,0.2855993321,1178,0.9135353459,0.02644866618
144,0.9,0.1,0.2855993321,1180,0.9133568255,0.02650258048
144,0.9,0.1,0.2855993321,1182,0.9131767594,0.02654844241
144,0.9,0.1,0.2855993321,1184,0.9130031046,0.02658430369
144,0.9,0.1,0.2855993321,1186,0.9128516764,0.02659967
144,0.9,0.1,0.2855993321,1188,0.9127048376,0.02661857142
144,0.9,0.1,0.2855993321,1190,0.9125552662,0.02664025216
144,0.9,0.1,0.2855993321,1192,0.9124140436,0.02664686968
144,0.9,0.1,0.2855993321,1194,0.9122567577,0.02664964338
144,0.9,0.1,0.2855993321,1196,0.9121105172,0.026652501
144,0.9,0.1,0.2855993321,1198,0.911956532,0.02666515327
144,0.9,0.1,0.2855993321,1200,0.9118003718,0.02667260816
144,0.9,0.1,0.2855993321,1202,0.9116429205,0.02668001328
144,0.9,0.1,0.2855993321,1204,0.9114871928,0.02668261099
144,0.9,0.1,0.2855993321,1206,0.9113512459,0.02669026604
144,0.9,0.1,0.2855993321,1208,0.9112092752,0.02669649696
144,0.9,0.1,0.2855993321,1210,0.9110692056,0.02669589277
144,0.9,0.1,0.2855993321,1212,0.9109346469,0.02669398912
144,0.9,0.1,0.2855993321,1214,0.9108100152,0.02668418371
144,0.9,0.1,0.2855993321,1216,0.91066764,0.02667881546
144,0.9,0.1,0.2855993321,1218,0.910527463,0.02668074999
144,0.9,0.1,0.2855993321,1220,0.9103855532,0.02668175453
144,0.9,0.1,0.2855993321,1222,0.9102351055,0.02667995873
144,0.9,0.1,0.2855993321,1224,0.910082057,0.02667346888
144,0.9,0.1,0.2855993321,1226,0.9099252879,0.0266666085
144,0.9,0.1,0.2855993321,1228,0.909767542,0.02666158514
144,0.9,0.1,0.2855993321,1230,0.9096246969,0.02665717295
144,0.9,0.1,0.2855993321,1232,0.9094687348,0.02666230467
144,0.9,0.1,0.2855993321,1234,0.9092822182,0.02667421305
144,0.9,0.1,0.2855993321,1236,0.9090971301,0.02668715606
144,0.9,0.1,0.2855993321,1238,0.9089081346,0.0266939364
144,0.9,0.1,0.2855993321,1240,0.9087064146,0.02670783058
144,0.9,0.1,0.2855993321,1242,0.9085078142,0.02672600756
144,0.9,0.1,0.2855993321,1244,0.9082991044,0.02675429684
144,0.9,0.1,0.2855993321,1246,0.9081071063,0.02677754989
144,0.9,0.1,0.2855993321,1248,0.9079204443,0.0268026604
144,0.85,0.15,0.2855993321,0,1,0
144,0.85,0.15,0.2855993321,2,0.9998992969,1.527422731e-05
144,0.85,0.15,0.2855993321,4,0.9997784684,2.908339145e-05
144,0.85,0.15,0.2855993321,6,0.9996673008,4.366534942e-05
144,0.85,0.15,0.2855993321,8,0.9995606177,5.76548258e-05
144,0.85,0.15,0.2855993321,10,0.9994540861,6.868640939e-05
144,0.85,0.15,0.2855993321,12,0.9993501784,8.021502546e-05
144,0.85,0.15,0.2855993321,14,0.9992516212,9.12112181e-05
144,0.85,0.15,0.2855993321,16,0.9991572102,0.000106445311
144,0.85,0.15,0.2855993321,18,0.9990646546,0.0001208605182
144,0.85,0.15,0.2855993321,20,0.9989706697,0.0001333832574
144,0.85,0.15,0.2855993321,22,0.9988771694,0.0001427914819
144,0.85,0.15,0.2855993321,24,0.9987801647,0.0001534910619
144,0.85,0.15,0.2855993321,26,0.9986841557,0.0001615418139
144,0.85,0.15,0.2855993321,28,0.9985853167,0.0001718533502
144,0.85,0.15,0.2855993321,30,0.9984877913,0.0001819046471
144,0.85,0.15,0.2855993321,32,0.9983977637,0.0001940627468
144,0.85,0.15,0.2855993321,34,0.9983152169,0.0002067300917
144,0.85,0.15,0.2855993321,36,0.998233113,0.0002182366921
144,0.85,0.15,0.2855993321,38,0.9981560704,0.0002301895354
144,0.85,0.15,0.2855993321,40,0.9980793699,0.0002416508575
144,0.85,0.15,0.2855993321,42,0.9980014823,0.0002510887779
144,0.85,0.15,0.2855993321,44,0.9979229915,0.0002595228032
144,0.85,0.15,0.2855993321,46,0.9978482132,0.0002672365325
144,0.85,0.15,0.2855993321,48,0.9977694968,0.0002740868611
144,0.85,0.15,0.2855993321,50,0.9976909683,0.0002802365575
144,0.85,0.15,0.2855993321,52,0.9976074432,0.0002876226712
144,0.85,0.15,0.2855993321,54,0.9975252068,0.0002943769666
144,0.85,0.15,0.2855993321,56,0.9974437186,0.0003012771442
144,0.85,0.15,0.2855993321,58,0.9973605087,0.000306380868
144,0.85,0.15,0.2855993321,60,0.9972800429,0.0003093469654
144,0.85,0.15,0.2855993321,62,0.9971956578,0.0003148532536
144,0.85,0.15,0.2855993321,64,0.9971156767,0.0003186624995
144,0.85,0.15,0.2855993321,66,0.9970373544,0.0003226230552
144,0.85,0.15,0.2855993321,68,0.9969622993,0.000329267806
144,0.85,0.15,0.2855993321,70,0.9968869333,0.0003349951893
144,0.85,0.15,0.2855993321,72,0.9968135879,0.0003426576915
144,0.85,0.15,0.2855993321,74,0.9967477328,0.0003479351236
144,0.85,0.15,0.2855993321,76,0.9966796388,0.0003536791483
144,0.85,0.15,0.2855993321,78,0.9966136841,0.0003571251
144,0.85,0.15,0.2855993321,80,0.9965521389,0.000357641158
144,0.85,0.15,0.2855993321,82,0.9964922828,0.0003566835629
144,0.85,0.15,0.2855993321,84,0.9964330599,0.0003544010156
144,0.85,0.15,0.2855993321,86,0.9963727505,0.0003522771727
144,0.85,0.15,0.2855993321,88,0.9963144158,0.0003487637356
144,0.85,0.15,0.2855993321,90,0.9962556777,0.000350031217
144,0.85,0.15,0.2855993321,92,0.996200943,0.0003497058197
144,0.85,0.15,0.2855993321,94,0.9961458873,0.0003463533472
144,0.85,0.15,0.2855993321,96,0.9960799367,0.0003436027636
144,0.85,0.15,0.2855993321,98,0.9960184068,0.0003430911129
144,0.85,0.15,0.2855993321,100,0.9959556979,0.0003380903915
144,0.85,0.15,0.2855993321,102,0.9958928348,0.0003364362762
144,0.85,0.15,0.2855993321,104,0.9958324342,0.00033521273
144,0.85,0.15,0.2855993321,106,0.9957717883,0.0003361425966
144,0.85,0.15,0.2855993321,108,0.9957101471,0.0003388431375
144,0.85,0.15,0.2855993321,110,0.9956471621,0.0003400876731
144,0.85,0.15,0.2855993321,112,0.9955853414,0.0003446760032
144,0.85,0.15,0.2855993321,114,0.9955226944,0.0003484196802
144,0.85,0.15,0.2855993321,116,0.9954548536,0.0003483878439
144,0.85,0.15,0.2855993321,118,0.9953892708,0.0003511636873
144,0.85,0.15,0.2855993321,120,0.9953211598,0.0003572154549
144,0.85,0.15,0.2855993321,122,0.9952521082,0.0003591503217
144,0.85,0.15,0.2855993321,124,0.9951942939,0.0003580543772
144,0.85,0.15,0.2855993321,126,0.9951335339,0.0003581846942
144,0.85,0.15,0.2855993321,128,0.9950626467,0.0003540811014
144,0.85,0.15,0.2855993321,130,0.9949905414,0.0003524077552
144,0.85,0.15,0.2855993321,132,0.9949236137,0.0003501064572
144,0.85,0.15,0.2855993321,134,0.9948607232,0.0003464600425
144,0.85,0.15,0.2855993321,136,0.9947916901,0.0003438303127
144,0.85,0.15,0.2855993321,138,0.9947244436,0.0003422635306
144,0.85,0.15,0.2855993321,140,0.9946598946,0.0003399543448
144,0.85,0.15,0.2855993321,142,0.9945956931,0.0003348408219
144,0.85,0.15,0.2855993321,144,0.9945347025,0.0003330370641
144,0.85,0.15,0.2855993321,146,0.9944741485,0.0003339301939
144,0.85,0.15,0.2855993321,148,0.9944145222,0.0003331460217
144,0.85,0.15,0.2855993321,150,0.9943600995,0.0003319548114
144,0.85,0.15,0.2855993321,152,0.9943119063,0.0003311086895
144,0.85,0.15,0.2855993321,154,0.9942688178,0.0003307071915
144,0.85,0.15,0.2855993321,156,0.9942256068,0.0003306513638
144,0.85,0.15,0.2855993321,158,0.9941827811,0.0003283734977
144,0.85,0.15,0.2855993321,160,0.994131608,0.000328570354
144,0.85,0.15,0.2855993321,162,0.9940769606,0.0003285624253
144,0.85,0.15,0.2855993321,164,0.9940211357,0.000326971189
144,0.85,0.15,0.2855993321,166,0.9939687628,0.0003266188344
144,0.85,0.15,0.2855993321,168,0.9939260465,0.000326547044
144,0.85,0.15,0.2855993321,170,0.9938782851,0.000329800945
144,0.85,0.15,0.2855993321,172,0.9938214082,0.0003325787378
144,0.85,0.15,0.2855993321,174,0.9937619719,0.0003309503711
144,0.85,0.15,0.2855993321,176,0.9937030562,0.0003304152706
144,0.85,0.15,0.2855993321,178,0.9936391559,0.0003307641433
144,0.85,0.15,0.2855993321,180,0.9935774519,0.0003327650063
144,0.85,0.15,0.2855993321,182,0.9935157392,0.0003314151879
144,0.85,0.15,0.2855993321,184,0.9934600267,0.0003359557941
144,0.85,0.15,0.2855993321,186,0.9933994615,0.0003404899513
144,0.85,0.15,0.2855993321,188,0.9933407956,0.0003462543997
144,0.85,0.15,0.2855993321,190,0.9932847167,0.0003479914411
144,0.85,0.15,0.2855993321,192,0.993226534,0.000345847048
144,0.85,0.15,0.2855993321,194,0.993168688,0.0003441224988
144,0.85,0.15,0.2855993321,196,0.9931075236,0.0003448773067
144,0.85,0.15,0.2855993321,198,0.9930432519,0.000346875671
144,0.85,0.15,0.2855993321,200,0.9929735067,0.0003531889692
144,0.85,0.15,0.2855993321,202,0.9929020752,0.0003594328458
144,0.85,0.15,0.2855993321,204,0.9928329881,0.0003641311988
144,0.85,0.15,0.2855993321,206,0.9927705388,0.0003705044239
144,0.85,0.15,0.2855993321,208,0.9927046477,0.0003742754167
144,0.85,0.15,0.2855993321,210,0.992640784,0.0003771574684
144,0.85,0.15,0.2855993321,212,0.9925758197,0.0003777362409
144,0.85,0.15,0.2855993321,214,0.9925159951,0.0003779805979
144,0.85,0.15,0.2855993321,216,0.9924553747,0.0003758194528
144,0.85,0.15,0.2855993321,218,0.9923864286,0.0003726644125
144,0.85,0.15,0.2855993321,220,0.992321625,0.0003675828066
144,0.85,0.15,0.2855993321,222,0.99225738,0.0003636791632
144,0.85,0.15,0.2855993321,224,0.9921956166,0.0003612342998
144,0.85,0.15,0.2855993321,226,0.9921315869,0.0003598172432
144,0.85,0.15,0.2855993321,228,0.9920712274,0.0003569342308
144,0.85,0.15,0.2855993321,230,0.9920099579,0.0003528556371
144,0.85,0.15,0.2855993321,232,0.9919525933,0.0003497498402
144,0.85,0.15,0.2855993321,234,0.9919006959,0.0003484728509
144,0.85,0.15,0.2855993321,236,0.9918445224,0.0003471136241
144,0.85,0.15,0.2855993321,238,0.9917923174,0.0003434691419
144,0.85,0.15,0.2855993321,240,0.9917303133,0.000336814115
144,0.85,0.15,0.2855993321,242,0.9916631715,0.0003306217477
144,0.85,0.15,0.2855993321,244,0.9915979332,0.0003249323491
144,0.85,0.15,0.2855993321,246,0.9915393386,0.0003235765496
144,0.85,0.15,0.2855993321,248,0.991488275,0.0003220011029
144,0.85,0.15,0.2855993321,250,0.991427289,0.0003197033391
144,0.85,0.15,0.2855993321,252,0.9913733802,0.000320768055
144,0.85,0.15,0.2855993321,254,0.9913220207,0.0003236729304
144,0.85,0.15,0.2855993321,256,0.9912693136,0.0003213631495
144,0.85,0.15,0.2855993321,258,0.9912216603,0.0003204871937
144,0.85,0.15,0.2855993321,260,0.9911741322,0.000318437204
144,0.85,0.15,0.2855993321,262,0.9911287666,0.0003138195807
144,0.85,0.15,0.2855993321,264,0.9910875505,0.0003105020349
144,0.85,0.15,0.2855993321,266,0.9910464471,0.0003061558604
144,0.85,0.15,0.2855993321,268,0.9909998447,0.0002992769343
144,0.85,0.15,0.2855993321,270,0.9909527463,0.0002923421663
144,0.85,0.15,0.2855993321,272,0.9909070392,0.0002880576324
144,0.85,0.15,0.2855993321,274,0.990863861,0.0002902912139
144,0.85,0.15,0.2855993321,276,0.9908229622,0.000296615508
144,0.85,0.15,0.2855993321,278,0.9907787517,0.0003065355217
144,0.85,0.15,0.2855993321,280,0.9907404845,0.0003151016141
144,0.85,0.15,0.2855993321,282,0.9906980832,0.0003245416952
144,0.85,0.15,0.2855993321,284,0.990650357,0.0003372393783
144,0.85,0.15,0.2855993321,286,0.9906022669,0.0003527934556
144,0.85,0.15,0.2855993321,288,0.9905578568,0.0003644512681
144,0.85,0.15,0.2855993321,290,0.9905137135,0.0003725741631
144,0.85,0.15,0.2855993321,292,0.9904691985,0.0003839889665
144,0.85,0.15,0.2855993321,294,0.9904227537,0.0003998322364
144,0.85,0.15,0.2855993321,296,0.9903783753,0.0004177721959
144,0.85,0.15,0.2855993321,298,0.9903339633,0.0004348859814
144,0.85,0.15,0.2855993321,300,0.990283634,0.0004550792704
144,0.85,0.15,0.2855993321,302,0.9902345842,0.0004797245606
144,0.85,0.15,0.2855993321,304,0.9901901283,0.0005032312981
144,0.85,0.15,0.2855993321,306,0.9901427431,0.0005238309144
144,0.85,0.15,0.2855993321,308,0.9900926839,0.0005446661376
144,0.85,0.15,0.2855993321,310,0.9900399935,0.0005667874255
144,0.85,0.15,0.2855993321,312,0.9899903995,0.000587914685
144,0.85,0.15,0.2855993321,314,0.9899439488,0.0006093586705
144,0.85,0.15,0.2855993321,316,0.9898951778,0.0006275280851
144,0.85,0.15,0.2855993321,318,0.9898519739,0.0006495286713
144,0.85,0.15,0.2855993321,320,0.9898087799,0.0006718966221
144,0.85,0.15,0.2855993321,322,0.9897604945,0.0006912392604
144,0.85,0.15,0.2855993321,324,0.989706961,0.0007107766012
144,0.85,0.15,0.2855993321,326,0.9896590071,0.0007298881608
144,0.85,0.15,0.2855993321,328,0.9896181336,0.0007467082488
144,0.85,0.15,0.2855993321,330,0.9895727085,0.0007618814423
144,0.85,0.15,0.2855993321,332,0.98952903,0.000776288405
144,0.85,0.15,0.2855993321,334,0.989481495,0.000791309032
144,0.85,0.15,0.2855993321,336,0.9894318612,0.0008063809886
144,0.85,0.15,0.2855993321,338,0.9893826251,0.0008153752223
144,0.85,0.15,0.2855993321,340,0.9893313136,0.0008259186768
144,0.85,0.15,0.2855993321,342,0.9892866652,0.0008397526791
144,0.85,0.15,0.2855993321,344,0.9892327901,0.0008531917642
144,0.85,0.15,0.2855993321,346,0.9891833481,0.0008639960674
144,0.85,0.15,0.2855993321,348,0.989133367,0.0008772040504
144,0.85,0.15,0.2855993321,350,0.9890802,0.0008893147311
144,0.85,0.15,0.2855993321,352,0.9890235475,0.0009028400541
144,0.85,0.15,0.2855993321,354,0.98897089,0.0009177615231
144,0.85,0.15,0.2855993321,356,0.9889179385,0.0009281977581
144,0.85,0.15,0.2855993321,358,0.9888677232,0.0009396814607
144,0.85,0.15,0.2855993321,360,0.9888119558,0.0009485549203
144,0.85,0.15,0.2855993321,362,0.9887584722,0.0009569385499
144,0.85,0.15,0.2855993321,364,0.9887043132,0.0009656017818
144,0.85,0.15,0.2855993321,366,0.9886560685,0.0009736059882
144,0.85,0.15,0.2855993321,368,0.9886011578,0.0009850261708
144,0.85,0.15,0.2855993321,370,0.9885419102,0.001001294774
144,0.85,0.15,0.2855993321,372,0.9884871868,0.001018013268
144,0.85,0.15,0.2855993321,374,0.9884250354,0.001036478026
144,0.85,0.15,0.2855993321,376,0.9883625898,0.001052035888
144,0.85,0.15,0.2855993321,378,0.9882975147,0.001067689863
144,0.85,0.15,0.2855993321,380,0.988232535,0.001085117162
144,0.85,0.15,0.2855993321,382,0.9881655467,0.001103696749
144,0.85,0.15,0.2855993321,384,0.9880924761,0.001121397974
144,0.85,0.15,0.2855993321,386,0.9880170002,0.00114104328
144,0.85,0.15,0.2855993321,388,0.9879440232,0.001154781732
144,0.85,0.15,0.2855993321,390,0.9878647413,0.001172200536
144,0.85,0.15,0.2855993321,392,0.9877928723,0.00118866591
144,0.85,0.15,0.2855993321,394,0.9877212361,0.001207262175
144,0.85,0.15,0.2855993321,396,0.9876464169,0.00122240875
144,0.85,0.15,0.2855993321,398,0.9875725034,0.001236822207
144,0.85,0.15,0.2855993321,400,0.9874990489,0.001249465909
144,0.85,0.15,0.2855993321,402,0.9874252747,0.001259966788
144,0.85,0.15,0.2855993321,404,0.9873564956,0.001272164969
144,0.85,0.15,0.2855993321,406,0.9872864271,0.0012844051
144,0.85,0.15,0.2855993321,408,0.987220556,0.001296685285
144,0.85,0.15,0.2855993321,410,0.987155926,0.001313774146
144,0.85,0.15,0.2855993321,412,0.987097999,0.001331630465
144,0.85,0.15,0.2855993321,414,0.9870359026,0.001349800049
144,0.85,0.15,0.2855993321,416,0.9869730365,0.001368896669
144,0.85,0.15,0.2855993321,418,0.9869042732,0.001386378792
144,0.85,0.15,0.2855993321,420,0.9868320772,0.001404465314
144,0.85,0.15,0.2855993321,422,0.9867624383,0.001420539647
144,0.85,0.15,0.2855993321,424,0.9866993667,0.001439101758
144,0.85,0.15,0.2855993321,426,0.9866375213,0.001457898266
144,0.85,0.15,0.2855993321,428,0.9865681244,0.00148092747
144,0.85,0.15,0.2855993321,430,0.9865032631,0.001505721024
144,0.85,0.15,0.2855993321,432,0.9864372003,0.001529508931
144,0.85,0.15,0.2855993321,434,0.9863662118,0.001556120463
144,0.85,0.15,0.2855993321,436,0.9862958261,0.001583452976
144,0.85,0.15,0.2855993321,438,0.9862275012,0.001606627565
144,0.85,0.15,0.2855993321,440,0.9861563576,0.001625844723
144,0.85,0.15,0.2855993321,442,0.986089268,0.001641711622
144,0.85,0.15,0.2855993321,444,0.9860227497,0.001656898545
144,0.85,0.15,0.2855993321,446,0.9859571222,0.001674317037
144,0.85,0.15,0.2855993321,448,0.9858862932,0.001691558308
144,0.85,0.15,0.2855993321,450,0.9858187982,0.001708360617
144,0.85,0.15,0.2855993321,452,0.985750545,0.001724756252
144,0.85,0.15,0.2855993321,454,0.985675444,0.00173937254
144,0.85,0.15,0.2855993321,456,0.9856027666,0.001747388148
144,0.85,0.15,0.2855993321,458,0.9855378338,0.001757201758
144,0.85,0.15,0.2855993321,460,0.9854781382,0.001770554508
144,0.85,0.15,0.2855993321,462,0.9854235118,0.001783628857
144,0.85,0.15,0.2855993321,464,0.9853671034,0.001797629627
144,0.85,0.15,0.2855993321,466,0.9853170801,0.001812169489
144,0.85,0.15,0.2855993321,468,0.9852604563,0.001827389561
144,0.85,0.15,0.2855993321,470,0.9852109089,0.001842830449
144,0.85,0.15,0.2855993321,472,0.9851646266,0.00185932394
144,0.85,0.15,0.2855993321,474,0.985112455,0.001875036046
144,0.85,0.15,0.2855993321,476,0.9850545087,0.001886556247
144,0.85,0.15,0.2855993321,478,0.9849982694,0.001900865988
144,0.85,0.15,0.2855993321,480,0.9849391937,0.001917542406
144,0.85,0.15,0.2855993321,482,0.9848799845,0.001929590006
144,0.85,0.15,0.2855993321,484,0.9848188664,0.001941547194
144,0.85,0.15,0.2855993321,486,0.9847590967,0.001950687367
144,0.85,0.15,0.2855993321,488,0.9847042192,0.001961178303
144,0.85,0.15,0.2855993321,490,0.9846467639,0.001973134874
144,0.85,0.15,0.2855993321,492,0.9845870489,0.00198553274
144,0.85,0.15,0.2855993321,494,0.9845255987,0.002001498816
144,0.85,0.15,0.2855993321,496,0.9844600947,0.002018517667
144,0.85,0.15,0.2855993321,498,0.984399187,0.002034917389
144,0.85,0.15,0.2855993321,500,0.9843364778,0.002051185635
144,0.85,0.15,0.2855993321,502,0.9842736754,0.00206900854
144,0.85,0.15,0.2855993321,504,0.9842089014,0.002089066168
144,0.85,0.15,0.2855993321,506,0.9841466392,0.00210553919
144,0.85,0.15,0.2855993321,508,0.9840828931,0.002122690203
144,0.85,0.15,0.2855993321,510,0.9840187425,0.00214184006
144,0.85,0.15,0.2855993321,512,0.9839536565,0.002162783294
144,0.85,0.15,0.2855993321,514,0.9838869532,0.002181936906
144,0.85,0.15,0.2855993321,516,0.983813367,0.002202144913
144,0.85,0.15,0.2855993321,518,0.9837442517,0.002219612211
144,0.85,0.15,0.2855993321,520,0.9836729485,0.002237287443
144,0.85,0.15,0.2855993321,522,0.9835952194,0.00225307407
144,0.85,0.15,0.2855993321,524,0.98351113,0.002270489344
144,0.85,0.15,0.2855993321,526,0.9834309441,0.002289453085
144,0.85,0.15,0.2855993321,528,0.983355381,0.002307750864
144,0.85,0.15,0.2855993321,530,0.9832814264,0.002328826316
144,0.85,0.15,0.2855993321,532,0.9832026024,0.002351451671
144,0.85,0.15,0.2855993321,534,0.9831199199,0.002370633086
144,0.85,0.15,0.2855993321,536,0.9830398594,0.002388730478
144,0.85,0.15,0.2855993321,538,0.9829625548,0.002410462854
144,0.85,0.15,0.2855993321,540,0.9828826876,0.002434130954
144,0.85,0.15,0.2855993321,542,0.9828066308,0.002456953217
144,0.85,0.15,0.2855993321,544,0.9827337188,0.002474588716
144,0.85,0.15,0.2855993321,546,0.9826569305,0.002488665454
144,0.85,0.15,0.2855993321,548,0.9825824585,0.002507805649
144,0.85,0.15,0.2855993321,550,0.9825085442,0.002526617906
144,0.85,0.15,0.2855993321,552,0.982431151,0.002544379359
144,0.85,0.15,0.2855993321,554,0.9823564297,0.002561881586
144,0.85,0.15,0.2855993321,556,0.9822872028,0.002577075165
144,0.85,0.15,0.2855993321,558,0.9822206568,0.002593479457
144,0.85,0.15,0.2855993321,560,0.9821541388,0.002614458969
144,0.85,0.15,0.2855993321,562,0.9820783132,0.002636882852
144,0.85,0.15,0.2855993321,564,0.9820066768,0.002657238256
144,0.85,0.15,0.2855993321,566,0.981927206,0.002678477485
144,0.85,0.15,0.2855993321,568,0.9818519673,0.00269849348
144,0.85,0.15,0.2855993321,570,0.9817845114,0.002717881108
144,0.85,0.15,0.2855993321,572,0.9817165811,0.002732445419
144,0.85,0.15,0.2855993321,574,0.9816511897,0.002749764469
144,0.85,0.15,0.2855993321,576,0.9815863915,0.002765823267
144,0.85,0.15,0.2855993321,578,0.9815174688,0.002777425563
144,0.85,0.15,0.2855993321,580,0.9814440436,0.002797044891
144,0.85,0.15,0.2855993321,582,0.981373371,0.002813889731
144,0.85,0.15,0.2855993321,584,0.9813052385,0.002827643903
144,0.85,0.15,0.2855993321,586,0.9812451044,0.002844193414
144,0.85,0.15,0.2855993321,588,0.98118905,0.002862627217
144,0.85,0.15,0.2855993321,590,0.9811299605,0.002876413147
144,0.85,0.15,0.2855993321,592,0.9810706327,0.002891718596
144,0.85,0.15,0.2855993321,594,0.9810119935,0.002907757953
144,0.85,0.15,0.2855993321,596,0.9809446762,0.002926797431
144,0.85,0.15,0.2855993321,598,0.9808746015,0.002946363324
144,0.85,0.15,0.2855993321,600,0.980801817,0.002964224205
144,0.85,0.15,0.2855993321,602,0.9807347592,0.002982427723
144,0.85,0.15,0.2855993321,604,0.9806663447,0.003001649932
144,0.85,0.15,0.2855993321,606,0.9805952241,0.003022402287
144,0.85,0.15,0.2855993321,608,0.9805243542,0.003046051087
144,0.85,0.15,0.2855993321,610,0.9804506365,0.003077318767
144,0.85,0.15,0.2855993321,612,0.9803746278,0.003110020812
144,0.85,0.15,0.2855993321,614,0.9802938743,0.003144388303
144,0.85,0.15,0.2855993321,616,0.9801997654,0.003174911409
144,0.85,0.15,0.2855993321,618,0.9801090664,0.003206291328
144,0.85,0.15,0.2855993321,620,0.9800179393,0.003236796466
144,0.85,0.15,0.2855993321,622,0.9799268793,0.003270636616
144,0.85,0.15,0.2855993321,624,0.9798358552,0.003307982938
144,0.85,0.15,0.2855993321,626,0.9797471227,0.003343042681
144,0.85,0.15,0.2855993321,628,0.9796557231,0.003380882125
144,0.85,0.15,0.2855993321,630,0.9795654853,0.003420265644
144,0.85,0.15,0.2855993321,632,0.9794806686,0.00345471251
144,0.85,0.15,0.2855993321,634,0.9793964014,0.003484674249
144,0.85,0.15,0.2855993321,636,0.979311758,0.003515390683
144,0.85,0.15,0.2855993321,638,0.9792270871,0.003544307906
144,0.85,0.15,0.2855993321,640,0.9791468039,0.003574055408
144,0.85,0.15,0.2855993321,642,0.9790643038,0.003602774139
144,0.85,0.15,0.2855993321,644,0.9789862204,0.003628241094
144,0.85,0.15,0.2855993321,646,0.9789032938,0.00365322091
144,0.85,0.15,0.2855993321,648,0.9788244656,0.003677033404
144,0.85,0.15,0.2855993321,650,0.9787494849,0.003698287285
144,0.85,0.15,0.2855993321,652,0.9786725654,0.003715339299
144,0.85,0.15,0.2855993321,654,0.9785966881,0.003730560485
144,0.85,0.15,0.2855993321,656,0.9785192797,0.003749590134
144,0.85,0.15,0.2855993321,658,0.9784423488,0.003769156595
144,0.85,0.15,0.2855993321,660,0.9783719582,0.003789030989
144,0.85,0.15,0.2855993321,662,0.9783001067,0.003808333151
144,0.85,0.15,0.2855993321,664,0.9782267778,0.003825692436
144,0.85,0.15,0.2855993321,666,0.9781552671,0.003845153841
144,0.85,0.15,0.2855993321,668,0.9780761356,0.003865558014
144,0.85,0.15,0.2855993321,670,0.9779986359,0.003884670022
144,0.85,0.15,0.2855993321,672,0.9779141028,0.003904400723
144,0.85,0.15,0.2855993321,674,0.9778253467,0.003918054979
144,0.85,0.15,0.2855993321,676,0.9777369414,0.0039330306
144,0.85,0.15,0.2855993321,678,0.9776543419,0.003946931251
144,0.85,0.15,0.2855993321,680,0.9775716915,0.003960056136
144,0.85,0.15,0.2855993321,682,0.9774899589,0.003971468194
144,0.85,0.15,0.2855993321,684,0.9774158088,0.003985624961
144,0.85,0.15,0.2855993321,686,0.9773427835,0.003999325258
144,0.85,0.15,0.2855993321,688,0.9772628139,0.004010626058
144,0.85,0.15,0.2855993321,690,0.9771823191,0.004020192468
144,0.85,0.15,0.2855993321,692,0.9771046477,0.004028810928
144,0.85,0.15,0.2855993321,694,0.9770188947,0.004034897149
144,0.85,0.15,0.2855993321,696,0.976934347,0.004040979993
144,0.85,0.15,0.2855993321,698,0.976858275,0.004051698104
144,0.85,0.15,0.2855993321,700,0.9767857049,0.004059403605
144,0.85,0.15,0.2855993321,702,0.976716835,0.004067746934
144,0.85,0.15,0.2855993321,704,0.9766463028,0.004071247091
144,0.85,0.15,0.2855993321,706,0.9765772409,0.004074967012
144,0.85,0.15,0.2855993321,708,0.9765109821,0.004076882632
144,0.85,0.15,0.2855993321,710,0.976448023,0.0040742171
144,0.85,0.15,0.2855993321,712,0.9763725875,0.00407272218
144,0.85,0.15,0.2855993321,714,0.9762952053,0.004070897591
144,0.85,0.15,0.2855993321,716,0.9762123184,0.004066008518
144,0.85,0.15,0.2855993321,718,0.9761443097,0.004061654887
144,0.85,0.15,0.2855993321,720,0.9760849732,0.004055741203
144,0.85,0.15,0.2855993321,722,0.9760236754,0.004051644451
144,0.85,0.15,0.2855993321,724,0.975959761,0.004051082145
144,0.85,0.15,0.2855993321,726,0.9758943499,0.004052242788
144,0.85,0.15,0.2855993321,728,0.9758284374,0.004056432486
144,0.85,0.15,0.2855993321,730,0.9757581833,0.004063073326
144,0.85,0.15,0.2855993321,732,0.9756930662,0.004070550702
144,0.85,0.15,0.2855993321,734,0.9756304393,0.004080900931
144,0.85,0.15,0.2855993321,736,0.9755667563,0.004093404599
144,0.85,0.15,0.2855993321,738,0.9755074926,0.00410762782
144,0.85,0.15,0.2855993321,740,0.9754484381,0.004121393521
144,0.85,0.15,0.2855993321,742,0.9753948293,0.00413420076
144,0.85,0.15,0.2855993321,744,0.9753464546,0.004145225563
144,0.85,0.15,0.2855993321,746,0.975289932,0.004157479678
144,0.85,0.15,0.2855993321,748,0.9752258618,0.004167531444
144,0.85,0.15,0.2855993321,750,0.9751602949,0.004176054543
144,0.85,0.15,0.2855993321,752,0.9750954308,0.004185889483
144,0.85,0.15,0.2855993321,754,0.9750312966,0.004195301323
144,0.85,0.15,0.2855993321,756,0.9749673579,0.00420075191
144,0.85,0.15,0.2855993321,758,0.97489995,0.004209925815
144,0.85,0.15,0.2855993321,760,0.9748187624,0.004221829283
144,0.85,0.15,0.2855993321,762,0.9747436991,0.004233379468
144,0.85,0.15,0.2855993321,764,0.9746700902,0.004243215661
144,0.85,0.15,0.2855993321,766,0.9746015575,0.004258362299
144,0.85,0.15,0.2855993321,768,0.9745358034,0.0042776704
144,0.85,0.15,0.2855993321,770,0.9744710404,0.004296748945
144,0.85,0.15,0.2855993321,772,0.9744012746,0.004318449757
144,0.85,0.15,0.2855993321,774,0.9743410976,0.00433650202
144,0.85,0.15,0.2855993321,776,0.9742799046,0.004353418874
144,0.85,0.15,0.2855993321,778,0.974216455,0.004369893997
144,0.85,0.15,0.2855993321,780,0.9741646726,0.004385117664
144,0.85,0.15,0.2855993321,782,0.9741080718,0.004399622923
144,0.85,0.15,0.2855993321,784,0.9740412163,0.004413313518
144,0.85,0.15,0.2855993321,786,0.9739754353,0.004428060466
144,0.85,0.15,0.2855993321,788,0.9739179685,0.004441638715
144,0.85,0.15,0.2855993321,790,0.97385698,0.004455321225
144,0.85,0.15,0.2855993321,792,0.9737954064,0.004464984941
144,0.85,0.15,0.2855993321,794,0.9737341542,0.004477467382
144,0.85,0.15,0.2855993321,796,0.9736697447,0.004494269914
144,0.85,0.15,0.2855993321,798,0.9736044358,0.004507590074
144,0.85,0.15,0.2855993321,800,0.9735390721,0.004525735422
144,0.85,0.15,0.2855993321,802,0.9734765332,0.004545462614
144,0.85,0.15,0.2855993321,804,0.9734181308,0.004561274779
144,0.85,0.15,0.2855993321,806,0.9733618961,0.004574819061
144,0.85,0.15,0.2855993321,808,0.9733049971,0.004586410117
144,0.85,0.15,0.2855993321,810,0.9732450363,0.004601200172
144,0.85,0.15,0.2855993321,812,0.9731864309,0.004614850889
144,0.85,0.15,0.2855993321,814,0.9731205988,0.004627205023
144,0.85,0.15,0.2855993321,816,0.9730499891,0.004643567033
144,0.85,0.15,0.2855993321,818,0.9729822571,0.004662201025
144,0.85,0.15,0.2855993321,820,0.9729141045,0.004685052021
144,0.85,0.15,0.2855993321,822,0.9728557701,0.004708446212
144,0.85,0.15,0.2855993321,824,0.9727958028,0.004730181477
144,0.85,0.15,0.2855993321,826,0.9727444836,0.004752963481
144,0.85,0.15,0.2855993321,828,0.9726929903,0.004770284424
144,0.85,0.15,0.2855993321,830,0.9726352923,0.004784563445
144,0.85,0.15,0.2855993321,832,0.9725789024,0.004801886098
144,0.85,0.15,0.2855993321,834,0.9725162906,0.004817137121
144,0.85,0.15,0.2855993321,836,0.9724625331,0.004825331831
144,0.85,0.15,0.2855993321,838,0.9724023395,0.004832664421
144,0.85,0.15,0.2855993321,840,0.9723391844,0.004842302519
144,0.85,0.15,0.2855993321,842,0.9722741604,0.004853106626
144,0.85,0.15,0.2855993321,844,0.9722045062,0.004863766122
144,0.85,0.15,0.2855993321,846,0.97213479,0.004869428295
144,0.85,0.15,0.2855993321,848,0.972069229,0.004879037378
144,0.85,0.15,0.2855993321,850,0.9720056218,0.004887242563
144,0.85,0.15,0.2855993321,852,0.9719436642,0.004899032345
144,0.85,0.15,0.2855993321,854,0.9718802037,0.004906508489
144,0.85,0.15,0.2855993321,856,0.9718066483,0.004912164235
144,0.85,0.15,0.2855993321,858,0.9717352551,0.004912995334
144,0.85,0.15,0.2855993321,860,0.9716575616,0.004915236692
144,0.85,0.15,0.2855993321,862,0.9715862509,0.004920251578
144,0.85,0.15,0.2855993321,864,0.9715121258,0.004921920055
144,0.85,0.15,0.2855993321,866,0.9714425457,0.004930484353
144,0.85,0.15,0.2855993321,868,0.971367702,0.004937877137
144,0.85,0.15,0.2855993321,870,0.9712962181,0.004946743433
144,0.85,0.15,0.2855993321,872,0.9712241391,0.004952867258
144,0.85,0.15,0.2855993321,874,0.9711537483,0.004956913642
144,0.85,0.15,0.2855993321,876,0.9710917152,0.004959476893
144,0.85,0.15,0.2855993321,878,0.9710232167,0.0049631264
144,0.85,0.15,0.2855993321,880,0.9709473119,0.004971044824
144,0.85,0.15,0.2855993321,882,0.9708630584,0.004976819758
144,0.85,0.15,0.2855993321,884,0.9707830637,0.0049845263
144,0.85,0.15,0.2855993321,886,0.9707082023,0.00499279623
144,0.85,0.15,0.2855993321,888,0.9706382039,0.004997896345
144,0.85,0.15,0.2855993321,890,0.970554587,0.005005661488
144,0.85,0.15,0.2855993321,892,0.9704768851,0.005013794081
144,0.85,0.15,0.2855993321,894,0.970387232,0.005020900997
144,0.85,0.15,0.2855993321,896,0.970294832,0.005023970828
144,0.85,0.15,0.2855993321,898,0.9702045384,0.005030922079
144,0.85,0.15,0.2855993321,900,0.9701107836,0.005041683152
144,0.85,0.15,0.2855993321,902,0.9700075096,0.005052027069
144,0.85,0.15,0.2855993321,904,0.9699056897,0.005063548068
144,0.85,0.15,0.2855993321,906,0.969812824,0.00507054097
144,0.85,0.15,0.2855993321,908,0.9697095709,0.005076704324
144,0.85,0.15,0.2855993321,910,0.9696073582,0.005085306398
144,0.85,0.15,0.2855993321,912,0.9695082485,0.005093719775
144,0.85,0.15,0.2855993321,914,0.969418685,0.00510219054
144,0.85,0.15,0.2855993321,916,0.9693259457,0.005110026268
144,0.85,0.15,0.2855993321,918,0.9692388413,0.005111722996
144,0.85,0.15,0.2855993321,920,0.9691512055,0.00511568442
144,0.85,0.15,0.2855993321,922,0.9690648643,0.005122624246
144,0.85,0.15,0.2855993321,924,0.9689737377,0.00512804524
144,0.85,0.15,0.2855993321,926,0.9688841817,0.005130409344
144,0.85,0.15,0.2855993321,928,0.9687937038,0.005137020137
144,0.85,0.15,0.2855993321,930,0.9687164553,0.005139519429
144,0.85,0.15,0.2855993321,932,0.9686410919,0.005136303105
144,0.85,0.15,0.2855993321,934,0.9685714301,0.005134628606
144,0.85,0.15,0.2855993321,936,0.9685080594,0.005138865714
144,0.85,0.15,0.2855993321,938,0.9684451724,0.00514665574
144,0.85,0.15,0.2855993321,940,0.9683826701,0.005145367133
144,0.85,0.15,0.2855993321,942,0.9683242488,0.005145637686
144,0.85,0.15,0.2855993321,944,0.9682635657,0.005145774768
144,0.85,0.15,0.2855993321,946,0.9682114739,0.005146653269
144,0.85,0.15,0.2855993321,948,0.9681551256,0.005150096765
144,0.85,0.15,0.2855993321,950,0.9680917912,0.005159295062
144,0.85,0.15,0.2855993321,952,0.9680281071,0.005167178993
144,0.85,0.15,0.2855993321,954,0.9679560041,0.0051763415
144,0.85,0.15,0.2855993321,956,0.9678799875,0.005192173895
144,0.85,0.15,0.2855993321,958,0.9678067072,0.005205992751
144,0.85,0.15,0.2855993321,960,0.9677306602,0.005218700466
144,0.85,0.15,0.2855993321,962,0.9676649115,0.005229611945
144,0.85,0.15,0.2855993321,964,0.9675897728,0.005244509605
144,0.85,0.15,0.2855993321,966,0.9675072921,0.005257126031
144,0.85,0.15,0.2855993321,968,0.9674320302,0.005272012991
144,0.85,0.15,0.2855993321,970,0.9673584755,0.005287101387
144,0.85,0.15,0.2855993321,972,0.9672848082,0.005301495949
144,0.85,0.15,0.2855993321,974,0.9672219132,0.005313571706
144,0.85,0.15,0.2855993321,976,0.9671517736,0.005322851805
144,0.85,0.15,0.2855993321,978,0.9670729559,0.005332574204
144,0.85,0.15,0.2855993321,980,0.9669945468,0.005339601739
144,0.85,0.15,0.2855993321,982,0.9669151808,0.005348205755
144,0.85,0.15,0.2855993321,984,0.9668379599,0.00536044788
144,0.85,0.15,0.2855993321,986,0.9667631525,0.005377716215
144,0.85,0.15,0.2855993321,988,0.9666915578,0.005393714842
144,0.85,0.15,0.2855993321,990,0.9666168247,0.005413580824
144,0.85,0.15,0.2855993321,992,0.9665389578,0.005433382357
144,0.85,0.15,0.2855993321,994,0.9664597468,0.005447211379
144,0.85,0.15,0.2855993321,996,0.9663795833,0.005464654154
144,0.85,0.15,0.2855993321,998,0.9662961906,0.005483111541
144,0.85,0.15,0.2855993321,1000,0.9662224977,0.005501089026
144,0.85,0.15,0.2855993321,1002,0.9661423562,0.005519787517
144,0.85,0.15,0.2855993321,1004,0.9660680006,0.005538413411
144,0.85,0.15,0.2855993321,1006,0.9659902455,0.005557516179
144,0.85,0.15,0.2855993321,1008,0.9659152477,0.00556904773
144,0.85,0.15,0.2855993321,1010,0.9658353271,0.005576489707
144,0.85,0.15,0.2855993321,1012,0.9657537086,0.005589505509
144,0.85,0.15,0.2855993321,1014,0.9656665961,0.005604892581
144,0.85,0.15,0.2855993321,1016,0.9655818599,0.005620455081
144,0.85,0.15,0.2855993321,1018,0.9654864833,0.005639545916
144,0.85,0.15,0.2855993321,1020,0.9653981447,0.005654754183
144,0.85,0.15,0.2855993321,1022,0.9653049211,0.005676617762
144,0.85,0.15,0.2855993321,1024,0.9652023836,0.005695339488
144,0.85,0.15,0.2855993321,1026,0.9651007583,0.005712865252
144,0.85,0.15,0.2855993321,1028,0.9649941903,0.005727394799
144,0.85,0.15,0.2855993321,1030,0.964885275,0.005737655664
144,0.85,0.15,0.2855993321,1032,0.9647849017,0.005749125105
144,0.85,0.15,0.2855993321,1034,0.9646914685,0.005761702016
144,0.85,0.15,0.2855993321,1036,0.9645917725,0.005772683114
144,0.85,0.15,0.2855993321,1038,0.964490358,0.005785853968
144,0.85,0.15,0.2855993321,1040,0.9644026939,0.005798953647
144,0.85,0.15,0.2855993321,1042,0.9643109329,0.005815041722
144,0.85,0.15,0.2855993321,1044,0.9642193606,0.005832802115
144,0.85,0.15,0.2855993321,1046,0.9641239264,0.005848782556
144,0.85,0.15,0.2855993321,1048,0.96402864,0.005865540087
144,0.85,0.15,0.2855993321,1050,0.963932862,0.005879982532
144,0.85,0.15,0.2855993321,1052,0.9638340094,0.005892530632
144,0.85,0.15,0.2855993321,1054,0.9637467412,0.005900960581
144,0.85,0.15,0.2855993321,1056,0.9636558775,0.005911457769
144,0.85,0.15,0.2855993321,1058,0.9635525969,0.005930058195
144,0.85,0.15,0.2855993321,1060,0.9634604322,0.005943205244
144,0.85,0.15,0.2855993321,1062,0.9633626591,0.005955998523
144,0.85,0.15,0.2855993321,1064,0.9632583183,0.005968344209
144,0.85,0.15,0.2855993321,1066,0.9631513466,0.005978290181
144,0.85,0.15,0.2855993321,1068,0.9630491747,0.005987886935
144,0.85,0.15,0.2855993321,1070,0.962947175,0.005999496899
144,0.85,0.15,0.2855993321,1072,0.9628480885,0.006010897449
144,0.85,0.15,0.2855993321,1074,0.9627410266,0.006021488705
144,0.85,0.15,0.2855993321,1076,0.9626410718,0.006031824885
144,0.85,0.15,0.2855993321,1078,0.9625459865,0.00604682938
144,0.85,0.15,0.2855993321,1080,0.9624608071,0.006062931979
144,0.85,0.15,0.2855993321,1082,0.9623759423,0.006077906589
144,0.85,0.15,0.2855993321,1084,0.9622912243,0.006084420891
144,0.85,0.15,0.2855993321,1086,0.9622043464,0.006094937227
144,0.85,0.15,0.2855993321,1088,0.9621208751,0.006103763629
144,0.85,0.15,0.2855993321,1090,0.9620503377,0.006114944906
144,0.85,0.15,0.2855993321,1092,0.9619837716,0.006123566524
144,0.85,0.15,0.2855993321,1094,0.961913801,0.006128545894
144,0.85,0.15,0.2855993321,1096,0.9618353422,0.006131834881
144,0.85,0.15,0.2855993321,1098,0.9617552238,0.006137648064
144,0.85,0.15,0.2855993321,1100,0.961676516,0.006146136431
144,0.85,0.15,0.2855993321,1102,0.9615932232,0.00615799889
144,0.85,0.15,0.2855993321,1104,0.9615060472,0.006177811899
144,0.85,0.15,0.2855993321,1106,0.9614225051,0.006196720242
144,0.85,0.15,0.2855993321,1108,0.9613376146,0.006215004401
144,0.85,0.15,0.2855993321,1110,0.9612434833,0.006229903084
144,0.85,0.15,0.2855993321,1112,0.961139922,0.006242545228
144,0.85,0.15,0.2855993321,1114,0.9610426123,0.006251574123
144,0.85,0.15,0.2855993321,1116,0.9609546466,0.006259159881
144,0.85,0.15,0.2855993321,1118,0.9608677298,0.006269325143
144,0.85,0.15,0.2855993321,1120,0.9607771509,0.006281399266
144,0.85,0.15,0.2855993321,1122,0.9606953561,0.006289292593
144,0.85,0.15,0.2855993321,1124,0.9606120722,0.006296346308
144,0.85,0.15,0.2855993321,1126,0.9605262986,0.006316215975
144,0.85,0.15,0.2855993321,1128,0.9604410081,0.006344031689
144,0.85,0.15,0.2855993321,1130,0.9603598119,0.006368474899
144,0.85,0.15,0.2855993321,1132,0.9602803482,0.006388630466
144,0.85,0.15,0.2855993321,1134,0.9601926814,0.006410249955
144,0.85,0.15,0.2855993321,1136,0.9600921503,0.006432682324
144,0.85,0.15,0.2855993321,1138,0.9599973663,0.006452026034
144,0.85,0.15,0.2855993321,1140,0.9599010222,0.006475184787
144,0.85,0.15,0.2855993321,1142,0.9598096126,0.006499833234
144,0.85,0.15,0.2855993321,1144,0.9597226203,0.006528688527
144,0.85,0.15,0.2855993321,1146,0.959634193,0.006556781968
144,0.85,0.15,0.2855993321,1148,0.9595508382,0.006584441644
144,0.85,0.15,0.2855993321,1150,0.9594681576,0.006607644289
144,0.85,0.15,0.2855993321,1152,0.9593865793,0.006626462455
144,0.85,0.15,0.2855993321,1154,0.9593091077,0.006641463661
144,0.85,0.15,0.2855993321,1156,0.959236719,0.006651919484
144,0.85,0.15,0.2855993321,1158,0.9591693844,0.006661602143
144,0.85,0.15,0.2855993321,1160,0.959102315,0.006669289205
144,0.85,0.15,0.2855993321,1162,0.959020493,0.006671223998
144,0.85,0.15,0.2855993321,1164,0.9589426851,0.006674324816
144,0.85,0.15,0.2855993321,1166,0.9588581449,0.006675240837
144,0.85,0.15,0.2855993321,1168,0.958780077,0.006680408998
144,0.85,0.15,0.2855993321,1170,0.9587008558,0.006685530128
144,0.85,0.15,0.2855993321,1172,0.958626441,0.006690467355
144,0.85,0.15,0.2855993321,1174,0.9585657342,0.006693474461
144,0.85,0.15,0.2855993321,1176,0.9585045743,0.006692072292
144,0.85,0.15,0.2855993321,1178,0.9584341665,0.006692695819
144,0.85,0.15,0.2855993321,1180,0.958367185,0.006697549563
144,0.85,0.15,0.2855993321,1182,0.9583030961,0.006700062903
144,0.85,0.15,0.2855993321,1184,0.9582358571,0.006702888599
144,0.85,0.15,0.2855993321,1186,0.9581784408,0.006704159246
144,0.85,0.15,0.2855993321,1188,0.9581155617,0.006710927392
144,0.85,0.15,0.2855993321,1190,0.9580536507,0.006720799356
144,0.85,0.15,0.2855993321,1192,0.9579990791,0.006735671363
144,0.85,0.15,0.2855993321,1194,0.9579478259,0.00674909415
144,0.85,0.15,0.2855993321,1196,0.9578971138,0.006763812784
144,0.85,0.15,0.2855993321,1198,0.9578417081,0.006774731617
144,0.85,0.15,0.2855993321,1200,0.9577851832,0.006786668874
144,0.85,0.15,0.2855993321,1202,0.9577294636,0.006798053489
144,0.85,0.15,0.2855993321,1204,0.9576604237,0.006807199725
144,0.85,0.15,0.2855993321,1206,0.9575982612,0.006822602775
144,0.85,0.15,0.2855993321,1208,0.957540961,0.006838247266
144,0.85,0.15,0.2855993321,1210,0.9574921069,0.00684859335
144,0.85,0.15,0.2855993321,1212,0.957443166,0.006859512272
144,0.85,0.15,0.2855993321,1214,0.9573860781,0.006870770889
144,0.85,0.15,0.2855993321,1216,0.9573224936,0.006880653721
144,0.85,0.15,0.2855993321,1218,0.9572533614,0.006888697461
144,0.85,0.15,0.2855993321,1220,0.9571866738,0.006896763423
144,0.85,0.15,0.2855993321,1222,0.9571263305,0.006903413858
144,0.85,0.15,0.2855993321,1224,0.9570763625,0.006914451514
144,0.85,0.15,0.2855993321,1226,0.9570242883,0.006923434253
144,0.85,0.15,0.2855993321,1228,0.9569679747,0.006935602922
144,0.85,0.15,0.2855993321,1230,0.9569200658,0.006949924647
144,0.85,0.15,0.2855993321,1232,0.9568688651,0.00696682557
144,0.85,0.15,0.2855993321,1234,0.9568132323,0.006984126746
144,0.85,0.15,0.2855993321,1236,0.9567572916,0.007003685921
144,0.85,0.15,0.2855993321,1238,0.9566954173,0.007025881355
144,0.85,0.15,0.2855993321,1240,0.9566249113,0.007044377743
144,0.85,0.15,0.2855993321,1242,0.9565625792,0.007069065274
144,0.85,0.15,0.2855993321,1244,0.95649637,0.007089852235
144,0.85,0.15,0.2855993321,1246,0.956431801,0.007114596379
144,0.85,0.15,0.2855993321,1248,0.9563814837,0.007132790509
144,0.8,0.2,0.2855993321,0,1,0
144,0.8,0.2,0.2855993321,2,0.9998964504,1.566980729e-05
144,0.8,0.2,0.2855993321,4,0.9997699333,3.195694101e-05
144,0.8,0.2,0.2855993321,6,0.9996461152,5.095938015e-05
144,0.8,0.2,0.2855993321,8,0.9995338054,6.662129263e-05
144,0.8,0.2,0.2855993321,10,0.9994292671,8.465464295e-05
144,0.8,0.2,0.2855993321,12,0.999323846,0.0001016065324
144,0.8,0.2,0.2855993321,14,0.9992192791,0.0001200155434
144,0.8,0.2,0.2855993321,16,0.9991178636,0.0001387744523
144,0.8,0.2,0.2855993321,18,0.9990206723,0.0001577081609
144,0.8,0.2,0.2855993321,20,0.9989251551,0.0001794495049
144,0.8,0.2,0.2855993321,22,0.998831527,0.0002000575332
144,0.8,0.2,0.2855993321,24,0.998732987,0.0002223328038
144,0.8,0.2,0.2855993321,26,0.9986327598,0.0002422789145
144,0.8,0.2,0.2855993321,28,0.9985337506,0.0002617663612
144,0.8,0.2,0.2855993321,30,0.9984388262,0.0002789170982
144,0.8,0.2,0.2855993321,32,0.9983490538,0.0002914864134
144,0.8,0.2,0.2855993321,34,0.9982544506,0.0003065767
144,0.8,0.2,0.2855993321,36,0.9981573792,0.0003227308584
144,0.8,0.2,0.2855993321,38,0.9980572365,0.000339414178
144,0.8,0.2,0.2855993321,40,0.9979592746,0.0003570658745
144,0.8,0.2,0.2855993321,42,0.9978657214,0.0003705995258
144,0.8,0.2,0.2855993321,44,0.9977745151,0.0003830987646
144,0.8,0.2,0.2855993321,46,0.9976814485,0.0003943637536
144,0.8,0.2,0.2855993321,48,0.9975838316,0.0004066170496
144,0.8,0.2,0.2855993321,50,0.9974920139,0.0004188638049
144,0.8,0.2,0.2855993321,52,0.9973997922,0.0004336337157
144,0.8,0.2,0.2855993321,54,0.9973100729,0.0004493620772
144,0.8,0.2,0.2855993321,56,0.9972174201,0.0004631822961
144,0.8,0.2,0.2855993321,58,0.9971238586,0.0004763162083
144,0.8,0.2,0.2855993321,60,0.9970340988,0.0004911222421
144,0.8,0.2,0.2855993321,62,0.9969445063,0.0005043877579
144,0.8,0.2,0.2855993321,64,0.9968546366,0.0005170257306
144,0.8,0.2,0.2855993321,66,0.996772479,0.0005313045517
144,0.8,0.2,0.2855993321,68,0.9966888669,0.0005469116497
144,0.8,0.2,0.2855993321,70,0.9966032659,0.0005646429123
144,0.8,0.2,0.2855993321,72,0.9965193611,0.00058355518
144,0.8,0.2,0.2855993321,74,0.996438339,0.0006002252555
144,0.8,0.2,0.2855993321,76,0.9963496433,0.0006164711245
144,0.8,0.2,0.2855993321,78,0.9962629845,0.0006347840179
144,0.8,0.2,0.2855993321,80,0.9961729388,0.000654631228
144,0.8,0.2,0.2855993321,82,0.9960876079,0.0006723016137
144,0.8,0.2,0.2855993321,84,0.9960032731,0.000688897144
144,0.8,0.2,0.2855993321,86,0.9959173972,0.0007061501838
144,0.8,0.2,0.2855993321,88,0.9958323813,0.0007201071982
144,0.8,0.2,0.2855993321,90,0.9957515883,0.0007352478682
144,0.8,0.2,0.2855993321,92,0.9956688937,0.0007497104698
144,0.8,0.2,0.2855993321,94,0.9955867976,0.0007631353307
144,0.8,0.2,0.2855993321,96,0.9955037631,0.0007767694889
144,0.8,0.2,0.2855993321,98,0.9954180677,0.0007895724304
144,0.8,0.2,0.2855993321,100,0.9953296401,0.0008021245755
144,0.8,0.2,0.2855993321,102,0.9952499574,0.0008162698805
144,0.8,0.2,0.2855993321,104,0.9951784544,0.0008278460862
144,0.8,0.2,0.2855993321,106,0.9951070856,0.000837756828
144,0.8,0.2,0.2855993321,108,0.9950371497,0.0008525573492
144,0.8,0.2,0.2855993321,110,0.9949668601,0.0008693639721
144,0.8,0.2,0.2855993321,112,0.9948967771,0.0008885860087
144,0.8,0.2,0.2855993321,114,0.9948258177,0.0009070812304
144,0.8,0.2,0.2855993321,116,0.9947515506,0.0009257134292
144,0.8,0.2,0.2855993321,118,0.9946796658,0.0009469078056
144,0.8,0.2,0.2855993321,120,0.9946060723,0.0009683927845
144,0.8,0.2,0.2855993321,122,0.9945317727,0.0009909722842
144,0.8,0.2,0.2855993321,124,0.9944577263,0.001011756527
144,0.8,0.2,0.2855993321,126,0.9943796819,0.001032595404
144,0.8,0.2,0.2855993321,128,0.9943035518,0.001052641759
144,0.8,0.2,0.2855993321,130,0.9942268591,0.001072410584
144,0.8,0.2,0.2855993321,132,0.9941548456,0.001089886851
144,0.8,0.2,0.2855993321,134,0.9940786268,0.001106891577
144,0.8,0.2,0.2855993321,136,0.9940013388,0.001124711504
144,0.8,0.2,0.2855993321,138,0.993924316,0.001140152212
144,0.8,0.2,0.2855993321,140,0.99384849,0.001154889497
144,0.8,0.2,0.2855993321,142,0.9937767216,0.001168598436
144,0.8,0.2,0.2855993321,144,0.9937005075,0.001182043796
144,0.8,0.2,0.2855993321,146,0.9936284774,0.001192845566
144,0.8,0.2,0.2855993321,148,0.9935611433,0.001201032129
144,0.8,0.2,0.2855993321,150,0.9934959387,0.001210817002
144,0.8,0.2,0.2855993321,152,0.9934318051,0.001217825518
144,0.8,0.2,0.2855993321,154,0.9933740459,0.001225441011
144,0.8,0.2,0.2855993321,156,0.9933163627,0.001234892103
144,0.8,0.2,0.2855993321,158,0.9932567115,0.00124626736
144,0.8,0.2,0.2855993321,160,0.9931973545,0.001257479158
144,0.8,0.2,0.2855993321,162,0.9931360772,0.001269548095
144,0.8,0.2,0.2855993321,164,0.9930777114,0.001285206339
144,0.8,0.2,0.2855993321,166,0.9930159105,0.001299555214
144,0.8,0.2,0.2855993321,168,0.992951301,0.00131349299
144,0.8,0.2,0.2855993321,170,0.9928907514,0.001326813211
144,0.8,0.2,0.2855993321,172,0.9928321952,0.00134168507
144,0.8,0.2,0.2855993321,174,0.9927727206,0.001358304287
144,0.8,0.2,0.2855993321,176,0.9927174266,0.001373977113
144,0.8,0.2,0.2855993321,178,0.9926608461,0.001390635919
144,0.8,0.2,0.2855993321,180,0.9926009035,0.001410801844
144,0.8,0.2,0.2855993321,182,0.9925455712,0.00143284938
144,0.8,0.2,0.2855993321,184,0.992486817,0.001455435072
144,0.8,0.2,0.2855993321,186,0.9924299737,0.001477241565
144,0.8,0.2,0.2855993321,188,0.9923664049,0.001498333376
144,0.8,0.2,0.2855993321,190,0.9923054674,0.001517475576
144,0.8,0.2,0.2855993321,192,0.992249325,0.001535373725
144,0.8,0.2,0.2855993321,194,0.9921953772,0.001554546536
144,0.8,0.2,0.2855993321,196,0.992147709,0.001575275196
144,0.8,0.2,0.2855993321,198,0.9920919853,0.001597785251
144,0.8,0.2,0.2855993321,200,0.9920355164,0.001618023489
144,0.8,0.2,0.2855993321,202,0.9919755661,0.001634029358
144,0.8,0.2,0.2855993321,204,0.991920144,0.001647887517
144,0.8,0.2,0.2855993321,206,0.9918657383,0.001665835265
144,0.8,0.2,0.2855993321,208,0.991808867,0.001681807752
144,0.8,0.2,0.2855993321,210,0.9917544974,0.001697587199
144,0.8,0.2,0.2855993321,212,0.9917038192,0.00171300904
144,0.8,0.2,0.2855993321,214,0.9916536983,0.001728930441
144,0.8,0.2,0.2855993321,216,0.991601898,0.001745122823
144,0.8,0.2,0.2855993321,218,0.9915492968,0.001761818107
144,0.8,0.2,0.2855993321,220,0.9914944556,0.001778051282
144,0.8,0.2,0.2855993321,222,0.9914421856,0.001792800415
144,0.8,0.2,0.2855993321,224,0.9913891868,0.001809054549
144,0.8,0.2,0.2855993321,226,0.9913401375,0.001825441025
144,0.8,0.2,0.2855993321,228,0.9912935343,0.001843150837
144,0.8,0.2,0.2855993321,230,0.9912436895,0.001858299458
144,0.8,0.2,0.2855993321,232,0.9911935995,0.00187197826
144,0.8,0.2,0.2855993321,234,0.9911374989,0.001885497665
144,0.8,0.2,0.2855993321,236,0.9910739086,0.001898463217
144,0.8,0.2,0.2855993321,238,0.9910113026,0.001910120785
144,0.8,0.2,0.2855993321,240,0.9909467967,0.001923427994
144,0.8,0.2,0.2855993321,242,0.9908855606,0.001935152151
144,0.8,0.2,0.2855993321,244,0.9908246312,0.00194660122
144,0.8,0.2,0.2855993321,246,0.990769071,0.001956405705
144,0.8,0.2,0.2855993321,248,0.9907107869,0.001965205763
144,0.8,0.2,0.2855993321,250,0.9906521301,0.001978249251
144,0.8,0.2,0.2855993321,252,0.9905902483,0.001992054191
144,0.8,0.2,0.2855993321,254,0.9905239373,0.002009468362
144,0.8,0.2,0.2855993321,256,0.9904552157,0.002025656378
144,0.8,0.2,0.2855993321,258,0.9903830315,0.002042638133
144,0.8,0.2,0.2855993321,260,0.99030486,0.002058546383
144,0.8,0.2,0.2855993321,262,0.9902245737,0.002075217066
144,0.8,0.2,0.2855993321,264,0.9901465923,0.002091390704
144,0.8,0.2,0.2855993321,266,0.9900697499,0.002109164708
144,0.8,0.2,0.2855993321,268,0.9899906532,0.002125867084
144,0.8,0.2,0.2855993321,270,0.9899112649,0.002139537227
144,0.8,0.2,0.2855993321,272,0.9898308327,0.002160032569
144,0.8,0.2,0.2855993321,274,0.9897528273,0.002182815046
144,0.8,0.2,0.2855993321,276,0.9896767242,0.002204673453
144,0.8,0.2,0.2855993321,278,0.9895991494,0.002221398292
144,0.8,0.2,0.2855993321,280,0.9895273626,0.002235723898
144,0.8,0.2,0.2855993321,282,0.9894529761,0.002249799269
144,0.8,0.2,0.2855993321,284,0.9893726347,0.00226377314
144,0.8,0.2,0.2855993321,286,0.9892938375,0.002277789628
144,0.8,0.2,0.2855993321,288,0.9892211926,0.002290673884
144,0.8,0.2,0.2855993321,290,0.9891530252,0.00230221878
144,0.8,0.2,0.2855993321,292,0.9890837591,0.002312373298
144,0.8,0.2,0.2855993321,294,0.9890173849,0.002320283693
144,0.8,0.2,0.2855993321,296,0.9889501168,0.002327553208
144,0.8,0.2,0.2855993321,298,0.9888827152,0.002332599722
144,0.8,0.2,0.2855993321,300,0.9888146446,0.002337049418
144,0.8,0.2,0.2855993321,302,0.9887488151,0.002341681546
144,0.8,0.2,0.2855993321,304,0.9886766525,0.002349801981
144,0.8,0.2,0.2855993321,306,0.9886115779,0.002357037288
144,0.8,0.2,0.2855993321,308,0.9885461509,0.002362572713
144,0.8,0.2,0.2855993321,310,0.988484072,0.00237087491
144,0.8,0.2,0.2855993321,312,0.9884193355,0.002381316081
144,0.8,0.2,0.2855993321,314,0.988355409,0.002391768139
144,0.8,0.2,0.2855993321,316,0.9882916255,0.00240265794
144,0.8,0.2,0.2855993321,318,0.988225914,0.00241257171
144,0.8,0.2,0.2855993321,320,0.9881632401,0.002421518917
144,0.8,0.2,0.2855993321,322,0.9880972463,0.002431343146
144,0.8,0.2,0.2855993321,324,0.9880270476,0.002437265664
144,0.8,0.2,0.2855993321,326,0.9879542041,0.002442057144
144,0.8,0.2,0.2855993321,328,0.9878818356,0.002451576813
144,0.8,0.2,0.2855993321,330,0.9878128208,0.00246335247
144,0.8,0.2,0.2855993321,332,0.9877414069,0.002475337926
144,0.8,0.2,0.2855993321,334,0.9876665016,0.002480487022
144,0.8,0.2,0.2855993321,336,0.9875927614,0.002489232557
144,0.8,0.2,0.2855993321,338,0.9875235426,0.002498308077
144,0.8,0.2,0.2855993321,340,0.9874615945,0.002507528259
144,0.8,0.2,0.2855993321,342,0.9873971298,0.002519136537
144,0.8,0.2,0.2855993321,344,0.9873298222,0.002530573283
144,0.8,0.2,0.2855993321,346,0.9872556649,0.002546753479
144,0.8,0.2,0.2855993321,348,0.9871836209,0.002563340121
144,0.8,0.2,0.2855993321,350,0.9871111339,0.002578404593
144,0.8,0.2,0.2855993321,352,0.9870421488,0.002588233648
144,0.8,0.2,0.2855993321,354,0.9869761005,0.002599311724
144,0.8,0.2,0.2855993321,356,0.9869092428,0.002611124299
144,0.8,0.2,0.2855993321,358,0.9868524001,0.002619703268
144,0.8,0.2,0.2855993321,360,0.9868038461,0.002630048454
144,0.8,0.2,0.2855993321,362,0.9867472569,0.002639214561
144,0.8,0.2,0.2855993321,364,0.986689878,0.002648780615
144,0.8,0.2,0.2855993321,366,0.9866274819,0.002659979039
144,0.8,0.2,0.2855993321,368,0.9865583837,0.002674946086
144,0.8,0.2,0.2855993321,370,0.9864893888,0.002689181124
144,0.8,0.2,0.2855993321,372,0.9864245878,0.002704259939
144,0.8,0.2,0.2855993321,374,0.9863591769,0.002719487531
144,0.8,0.2,0.2855993321,376,0.9862870361,0.002731815036
144,0.8,0.2,0.2855993321,378,0.9862038887,0.002749028708
144,0.8,0.2,0.2855993321,380,0.9861176237,0.002765889795
144,0.8,0.2,0.2855993321,382,0.9860315282,0.002783880525
144,0.8,0.2,0.2855993321,384,0.9859519291,0.002801605563
144,0.8,0.2,0.2855993321,386,0.9858703039,0.002819490643
144,0.8,0.2,0.2855993321,388,0.9857919453,0.002839149169
144,0.8,0.2,0.2855993321,390,0.9857128541,0.002860833991
144,0.8,0.2,0.2855993321,392,0.9856335321,0.002881769724
144,0.8,0.2,0.2855993321,394,0.9855515058,0.002901955149
144,0.8,0.2,0.2855993321,396,0.985467366,0.002919548457
144,0.8,0.2,0.2855993321,398,0.9853848331,0.002934488686
144,0.8,0.2,0.2855993321,400,0.9853030378,0.002954524944
144,0.8,0.2,0.2855993321,402,0.9852184798,0.002974126667
144,0.8,0.2,0.2855993321,404,0.9851323112,0.002992196216
144,0.8,0.2,0.2855993321,406,0.9850423477,0.003006345239
144,0.8,0.2,0.2855993321,408,0.9849521908,0.003016279714
144,0.8,0.2,0.2855993321,410,0.9848637298,0.003025367402
144,0.8,0.2,0.2855993321,412,0.9847770002,0.003034043846
144,0.8,0.2,0.2855993321,414,0.9846926352,0.003042524998
144,0.8,0.2,0.2855993321,416,0.9846052187,0.00305344833
144,0.8,0.2,0.2855993321,418,0.9845177752,0.003064032501
144,0.8,0.2,0.2855993321,420,0.9844291232,0.003073992998
144,0.8,0.2,0.2855993321,422,0.984339737,0.003083570197
144,0.8,0.2,0.2855993321,424,0.9842460548,0.003094808555
144,0.8,0.2,0.2855993321,426,0.9841502936,0.003112525459
144,0.8,0.2,0.2855993321,428,0.9840588955,0.003130297483
144,0.8,0.2,0.2855993321,430,0.9839650502,0.003148981405
144,0.8,0.2,0.2855993321,432,0.9838743261,0.003167100471
144,0.8,0.2,0.2855993321,434,0.9837795857,0.003186428238
144,0.8,0.2,0.2855993321,436,0.9836838426,0.003202455138
144,0.8,0.2,0.2855993321,438,0.9835887938,0.003220011288
144,0.8,0.2,0.2855993321,440,0.9834936153,0.003235277573
144,0.8,0.2,0.2855993321,442,0.9834002541,0.00325212056
144,0.8,0.2,0.2855993321,444,0.9833078452,0.003265666279
144,0.8,0.2,0.2855993321,446,0.9832115152,0.003278840271
144,0.8,0.2,0.2855993321,448,0.9831176906,0.003287178951
144,0.8,0.2,0.2855993321,450,0.9830273109,0.003301328925
144,0.8,0.2,0.2855993321,452,0.9829293659,0.003313279696
144,0.8,0.2,0.2855993321,454,0.9828375724,0.003324851364
144,0.8,0.2,0.2855993321,456,0.9827526858,0.003338045545
144,0.8,0.2,0.2855993321,458,0.9826679784,0.003352981988
144,0.8,0.2,0.2855993321,460,0.9825862303,0.003369156568
144,0.8,0.2,0.2855993321,462,0.9824950365,0.003385880809
144,0.8,0.2,0.2855993321,464,0.9824032332,0.003404307427
144,0.8,0.2,0.2855993321,466,0.9823087435,0.003420226435
144,0.8,0.2,0.2855993321,468,0.9822196022,0.003436150504
144,0.8,0.2,0.2855993321,470,0.982131451,0.003451699911
144,0.8,0.2,0.2855993321,472,0.9820475438,0.003465488012
144,0.8,0.2,0.2855993321,474,0.9819639958,0.003482190562
144,0.8,0.2,0.2855993321,476,0.9818792338,0.003501820444
144,0.8,0.2,0.2855993321,478,0.9817981098,0.003519983102
144,0.8,0.2,0.2855993321,480,0.9817132415,0.003536017064
144,0.8,0.2,0.2855993321,482,0.981627054,0.00355574409
144,0.8,0.2,0.2855993321,484,0.9815348689,0.003575313524
144,0.8,0.2,0.2855993321,486,0.9814427595,0.003593247977
144,0.8,0.2,0.2855993321,488,0.9813543648,0.003612367884
144,0.8,0.2,0.2855993321,490,0.9812700211,0.003629444867
144,0.8,0.2,0.2855993321,492,0.9811839214,0.003646630796
144,0.8,0.2,0.2855993321,494,0.9811031963,0.003663002746
144,0.8,0.2,0.2855993321,496,0.9810188675,0.003678388396
144,0.8,0.2,0.2855993321,498,0.9809348937,0.003695866435
144,0.8,0.2,0.2855993321,500,0.9808494428,0.003714057612
144,0.8,0.2,0.2855993321,502,0.9807655243,0.003733302695
144,0.8,0.2,0.2855993321,504,0.9806831289,0.003747997512
144,0.8,0.2,0.2855993321,506,0.980603237,0.003759734128
144,0.8,0.2,0.2855993321,508,0.9805232808,0.003770504269
144,0.8,0.2,0.2855993321,510,0.9804401017,0.003782230652
144,0.8,0.2,0.2855993321,512,0.9803509195,0.003795334233
144,0.8,0.2,0.2855993321,514,0.9802603392,0.003807840131
144,0.8,0.2,0.2855993321,516,0.9801775818,0.003822702237
144,0.8,0.2,0.2855993321,518,0.9800920622,0.00383884336
144,0.8,0.2,0.2855993321,520,0.9800108143,0.00385362655
144,0.8,0.2,0.2855993321,522,0.9799335954,0.003869797967
144,0.8,0.2,0.2855993321,524,0.9798531855,0.003883713223
144,0.8,0.2,0.2855993321,526,0.9797674458,0.003896511259
144,0.8,0.2,0.2855993321,528,0.9796837779,0.003906040943
144,0.8,0.2,0.2855993321,530,0.9796044832,0.003912803124
144,0.8,0.2,0.2855993321,532,0.9795184962,0.003922023723
144,0.8,0.2,0.2855993321,534,0.9794358683,0.003935259101
144,0.8,0.2,0.2855993321,536,0.9793545445,0.003948642407
144,0.8,0.2,0.2855993321,538,0.9792730526,0.00395844462
144,0.8,0.2,0.2855993321,540,0.9791902793,0.003970217396
144,0.8,0.2,0.2855993321,542,0.9791071908,0.003981934603
144,0.8,0.2,0.2855993321,544,0.979023886,0.003994035884
144,0.8,0.2,0.2855993321,546,0.9789370458,0.004005336375
144,0.8,0.2,0.2855993321,548,0.9788511272,0.004014914058
144,0.8,0.2,0.2855993321,550,0.9787685776,0.004026934662
144,0.8,0.2,0.2855993321,552,0.9786836875,0.004035438831
144,0.8,0.2,0.2855993321,554,0.9785980985,0.004044051956
144,0.8,0.2,0.2855993321,556,0.9785173489,0.004054597489
144,0.8,0.2,0.2855993321,558,0.9784298359,0.004069172505
144,0.8,0.2,0.2855993321,560,0.9783408556,0.00408610774
144,0.8,0.2,0.2855993321,562,0.9782507469,0.00410382251
144,0.8,0.2,0.2855993321,564,0.9781606275,0.0041232679
144,0.8,0.2,0.2855993321,566,0.9780740268,0.004141013351
144,0.8,0.2,0.2855993321,568,0.9779917007,0.004155715333
144,0.8,0.2,0.2855993321,570,0.9779079402,0.004170266162
144,0.8,0.2,0.2855993321,572,0.9778167846,0.004189944156
144,0.8,0.2,0.2855993321,574,0.9777303635,0.004212946024
144,0.8,0.2,0.2855993321,576,0.9776439299,0.004237946192
144,0.8,0.2,0.2855993321,578,0.9775588063,0.004263067654
144,0.8,0.2,0.2855993321,580,0.9774689108,0.004284447183
144,0.8,0.2,0.2855993321,582,0.9773765511,0.004308000342
144,0.8,0.2,0.2855993321,584,0.9772889297,0.004332214483
144,0.8,0.2,0.2855993321,586,0.9772032208,0.004353300983
144,0.8,0.2,0.2855993321,588,0.9771154812,0.004371500611
144,0.8,0.2,0.2855993321,590,0.9770244343,0.004391210932
144,0.8,0.2,0.2855993321,592,0.9769378425,0.004412222903
144,0.8,0.2,0.2855993321,594,0.9768467536,0.004437375273
144,0.8,0.2,0.2855993321,596,0.9767551267,0.004460229516
144,0.8,0.2,0.2855993321,598,0.9766543919,0.004486575347
144,0.8,0.2,0.2855993321,600,0.9765551621,0.004514034004
144,0.8,0.2,0.2855993321,602,0.9764497767,0.004544668782
144,0.8,0.2,0.2855993321,604,0.9763401909,0.004575973352
144,0.8,0.2,0.2855993321,606,0.9762301665,0.004603910925
144,0.8,0.2,0.2855993321,608,0.9761289637,0.004630301549
144,0.8,0.2,0.2855993321,610,0.9760218065,0.004657280898
144,0.8,0.2,0.2855993321,612,0.9759091411,0.00468344286
144,0.8,0.2,0.2855993321,614,0.9757992386,0.004709825341
144,0.8,0.2,0.2855993321,616,0.975687425,0.004734646282
144,0.8,0.2,0.2855993321,618,0.9755700725,0.00476103782
144,0.8,0.2,0.2855993321,620,0.9754528644,0.00478346262
144,0.8,0.2,0.2855993321,622,0.9753397356,0.004808967275
144,0.8,0.2,0.2855993321,624,0.9752269285,0.004830756506
144,0.8,0.2,0.2855993321,626,0.9751075668,0.004852281715
144,0.8,0.2,0.2855993321,628,0.9749849629,0.004871488761
144,0.8,0.2,0.2855993321,630,0.9748661716,0.004885027986
144,0.8,0.2,0.2855993321,632,0.9747467133,0.00490177286
144,0.8,0.2,0.2855993321,634,0.9746292653,0.004918290037
144,0.8,0.2,0.2855993321,636,0.9745142283,0.004935873271
144,0.8,0.2,0.2855993321,638,0.974390603,0.004950269688
144,0.8,0.2,0.2855993321,640,0.9742634281,0.004966205964
144,0.8,0.2,0.2855993321,642,0.9741385049,0.004986068813
144,0.8,0.2,0.2855993321,644,0.9740204101,0.005009130622
144,0.8,0.2,0.2855993321,646,0.9739076364,0.005029841695
144,0.8,0.2,0.2855993321,648,0.9737893769,0.005052645892
144,0.8,0.2,0.2855993321,650,0.9736740534,0.005076068102
144,0.8,0.2,0.2855993321,652,0.9735556581,0.005097852406
144,0.8,0.2,0.2855993321,654,0.9734448552,0.005118503049
144,0.8,0.2,0.2855993321,656,0.9733374904,0.005137580314
144,0.8,0.2,0.2855993321,658,0.9732281105,0.005157563882
144,0.8,0.2,0.2855993321,660,0.9731240862,0.005179328394
144,0.8,0.2,0.2855993321,662,0.9730270798,0.005197519231
144,0.8,0.2,0.2855993321,664,0.9729342405,0.005211493676
144,0.8,0.2,0.2855993321,666,0.9728357383,0.00521977519
144,0.8,0.2,0.2855993321,668,0.972730282,0.005224481626
144,0.8,0.2,0.2855993321,670,0.9726328309,0.005233467601
144,0.8,0.2,0.2855993321,672,0.972535132,0.005238812146
144,0.8,0.2,0.2855993321,674,0.9724358571,0.00524600521
144,0.8,0.2,0.2855993321,676,0.9723402175,0.005255035784
144,0.8,0.2,0.2855993321,678,0.9722459283,0.005261434368
144,0.8,0.2,0.2855993321,680,0.9721485886,0.005270632112
144,0.8,0.2,0.2855993321,682,0.9720535732,0.005279619377
144,0.8,0.2,0.2855993321,684,0.9719553929,0.005286307155
144,0.8,0.2,0.2855993321,686,0.9718534167,0.005294387885
144,0.8,0.2,0.2855993321,688,0.9717477529,0.005304535263
144,0.8,0.2,0.2855993321,690,0.9716443209,0.00531967985
144,0.8,0.2,0.2855993321,692,0.9715394835,0.005331815683
144,0.8,0.2,0.2855993321,694,0.9714290463,0.005341169561
144,0.8,0.2,0.2855993321,696,0.971323406,0.005351144886
144,0.8,0.2,0.2855993321,698,0.971220621,0.005361351858
144,0.8,0.2,0.2855993321,700,0.9711171737,0.005372539086
144,0.8,0.2,0.2855993321,702,0.971013728,0.00538485564
144,0.8,0.2,0.2855993321,704,0.9709187131,0.005397845076
144,0.8,0.2,0.2855993321,706,0.9708207141,0.005408543836
144,0.8,0.2,0.2855993321,708,0.9707287202,0.005417201756
144,0.8,0.2,0.2855993321,710,0.9706348534,0.005429398721
144,0.8,0.2,0.2855993321,712,0.9705428677,0.005441910357
144,0.8,0.2,0.2855993321,714,0.9704485575,0.005450988841
144,0.8,0.2,0.2855993321,716,0.9703533967,0.005460372787
144,0.8,0.2,0.2855993321,718,0.9702569526,0.005469741878
144,0.8,0.2,0.2855993321,720,0.9701631293,0.005476966373
144,0.8,0.2,0.2855993321,722,0.9700729079,0.005484097235
144,0.8,0.2,0.2855993321,724,0.9699806757,0.00548979142
144,0.8,0.2,0.2855993321,726,0.9698854575,0.00549737736
144,0.8,0.2,0.2855993321,728,0.9697886329,0.005503896811
144,0.8,0.2,0.2855993321,730,0.9696846486,0.005509313312
144,0.8,0.2,0.2855993321,732,0.9695853853,0.005513905841
144,0.8,0.2,0.2855993321,734,0.9694891446,0.005519351695
144,0.8,0.2,0.2855993321,736,0.9693886459,0.005522590932
144,0.8,0.2,0.2855993321,738,0.9692884716,0.00553086198
144,0.8,0.2,0.2855993321,740,0.9691857252,0.005537326616
144,0.8,0.2,0.2855993321,742,0.9690831921,0.00554630432
144,0.8,0.2,0.2855993321,744,0.9689856055,0.005556557636
144,0.8,0.2,0.2855993321,746,0.9688811567,0.005568913547
144,0.8,0.2,0.2855993321,748,0.9687735996,0.005579766154
144,0.8,0.2,0.2855993321,750,0.9686597218,0.005592374299
144,0.8,0.2,0.2855993321,752,0.9685570551,0.005609934071
144,0.8,0.2,0.2855993321,754,0.9684580051,0.005629594363
144,0.8,0.2,0.2855993321,756,0.9683524313,0.005649297645
144,0.8,0.2,0.2855993321,758,0.9682458656,0.005667403997
144,0.8,0.2,0.2855993321,760,0.9681418645,0.005683052155
144,0.8,0.2,0.2855993321,762,0.9680308596,0.005695726119
144,0.8,0.2,0.2855993321,764,0.9679095951,0.005711917816
144,0.8,0.2,0.2855993321,766,0.9677895605,0.00572940948
144,0.8,0.2,0.2855993321,768,0.967673764,0.005750408972
144,0.8,0.2,0.2855993321,770,0.9675532248,0.005768231375
144,0.8,0.2,0.2855993321,772,0.967426146,0.005786312847
144,0.8,0.2,0.2855993321,774,0.9673065864,0.005805898526
144,0.8,0.2,0.2855993321,776,0.9671930992,0.005824902889
144,0.8,0.2,0.2855993321,778,0.9670844567,0.005843433965
144,0.8,0.2,0.2855993321,780,0.9669753917,0.005862551923
144,0.8,0.2,0.2855993321,782,0.9668586983,0.005878670071
144,0.8,0.2,0.2855993321,784,0.966737804,0.005892977697
144,0.8,0.2,0.2855993321,786,0.9666163411,0.005910404443
144,0.8,0.2,0.2855993321,788,0.9664939994,0.005927343198
144,0.8,0.2,0.2855993321,790,0.9663677068,0.005941392874
144,0.8,0.2,0.2855993321,792,0.9662483494,0.005955637921
144,0.8,0.2,0.2855993321,794,0.9661352487,0.005966344687
144,0.8,0.2,0.2855993321,796,0.9660278604,0.005981766561
144,0.8,0.2,0.2855993321,798,0.965914037,0.006000427806
144,0.8,0.2,0.2855993321,800,0.9657976947,0.006022775236
144,0.8,0.2,0.2855993321,802,0.9656814948,0.00604274437
144,0.8,0.2,0.2855993321,804,0.9655720241,0.006063022258
144,0.8,0.2,0.2855993321,806,0.965457553,0.006082554711
144,0.8,0.2,0.2855993321,808,0.9653438536,0.006104211731
144,0.8,0.2,0.2855993321,810,0.9652294741,0.006123078207
144,0.8,0.2,0.2855993321,812,0.9651184288,0.00613970061
144,0.8,0.2,0.2855993321,814,0.9650064858,0.006155873627
144,0.8,0.2,0.2855993321,816,0.9648961673,0.006172484505
144,0.8,0.2,0.2855993321,818,0.9647878041,0.006191199494
144,0.8,0.2,0.2855993321,820,0.9646731023,0.006210919724
144,0.8,0.2,0.2855993321,822,0.9645599902,0.006233838551
144,0.8,0.2,0.2855993321,824,0.9644501003,0.006255963002
144,0.8,0.2,0.2855993321,826,0.9643339296,0.006273289546
144,0.8,0.2,0.2855993321,828,0.9642159852,0.006290090321
144,0.8,0.2,0.2855993321,830,0.9640907284,0.0063076847
144,0.8,0.2,0.2855993321,832,0.9639655401,0.006321667172
144,0.8,0.2,0.2855993321,834,0.9638340029,0.006335172633
144,0.8,0.2,0.2855993321,836,0.9637033365,0.006350499577
144,0.8,0.2,0.2855993321,838,0.9635738017,0.006362741153
144,0.8,0.2,0.2855993321,840,0.9634463402,0.006377111354
144,0.8,0.2,0.2855993321,842,0.9633216112,0.006393402437
144,0.8,0.2,0.2855993321,844,0.9631938661,0.006407635117
144,0.8,0.2,0.2855993321,846,0.9630632724,0.006420128119
144,0.8,0.2,0.2855993321,848,0.9629326114,0.00643605142
144,0.8,0.2,0.2855993321,850,0.9628087428,0.006445485113
144,0.8,0.2,0.2855993321,852,0.9626828494,0.006451827747
144,0.8,0.2,0.2855993321,854,0.9625567533,0.006459645603
144,0.8,0.2,0.2855993321,856,0.9624328615,0.006470045896
144,0.8,0.2,0.2855993321,858,0.9623061537,0.006481380167
144,0.8,0.2,0.2855993321,860,0.9621887043,0.006494059904
144,0.8,0.2,0.2855993321,862,0.9620749224,0.006505063974
144,0.8,0.2,0.2855993321,864,0.9619601916,0.006513869701
144,0.8,0.2,0.2855993321,866,0.9618411743,0.006526668278
144,0.8,0.2,0.2855993321,868,0.9617127846,0.006534817881
144,0.8,0.2,0.2855993321,870,0.9615895312,0.006548433698
144,0.8,0.2,0.2855993321,872,0.9614611493,0.006560274693
144,0.8,0.2,0.2855993321,874,0.9613348322,0.006572327738
144,0.8,0.2,0.2855993321,876,0.9612149182,0.006586139454
144,0.8,0.2,0.2855993321,878,0.961096088,0.006602017048
144,0.8,0.2,0.2855993321,880,0.9609765008,0.006618754375
144,0.8,0.2,0.2855993321,882,0.9608629573,0.006632457135
144,0.8,0.2,0.2855993321,884,0.9607364097,0.006653150019
144,0.8,0.2,0.2855993321,886,0.9606181396,0.006671759151
144,0.8,0.2,0.2855993321,888,0.9605015264,0.006694446185
144,0.8,0.2,0.2855993321,890,0.960389997,0.006716754658
144,0.8,0.2,0.2855993321,892,0.9602750422,0.006740866724
144,0.8,0.2,0.2855993321,894,0.9601631747,0.006767022256
144,0.8,0.2,0.2855993321,896,0.9600459682,0.006790604022
144,0.8,0.2,0.2855993321,898,0.9599356442,0.006812863741
144,0.8,0.2,0.2855993321,900,0.9598276248,0.006837137216
144,0.8,0.2,0.2855993321,902,0.9597167182,0.006855826648
144,0.8,0.2,0.2855993321,904,0.9596060222,0.006872362165
144,0.8,0.2,0.2855993321,906,0.959504388,0.006888240831
144,0.8,0.2,0.2855993321,908,0.959402739,0.006903582026
144,0.8,0.2,0.2855993321,910,0.9592953448,0.00692105184
144,0.8,0.2,0.2855993321,912,0.9591840366,0.006942358871
144,0.8,0.2,0.2855993321,914,0.9590675972,0.006957148782
144,0.8,0.2,0.2855993321,916,0.9589580776,0.006973233613
144,0.8,0.2,0.2855993321,918,0.9588427272,0.006990049855
144,0.8,0.2,0.2855993321,920,0.9587203485,0.007006790546
144,0.8,0.2,0.2855993321,922,0.9586028229,0.007020433088
144,0.8,0.2,0.2855993321,924,0.9584840547,0.0070337982
144,0.8,0.2,0.2855993321,926,0.9583549834,0.007049552038
144,0.8,0.2,0.2855993321,928,0.9582239785,0.007065021728
144,0.8,0.2,0.2855993321,930,0.958093821,0.007080999259
144,0.8,0.2,0.2855993321,932,0.9579707611,0.007097994774
144,0.8,0.2,0.2855993321,934,0.9578519738,0.007110990887
144,0.8,0.2,0.2855993321,936,0.9577382794,0.007125121707
144,0.8,0.2,0.2855993321,938,0.9576256676,0.007140737885
144,0.8,0.2,0.2855993321,940,0.9575093331,0.007159364668
144,0.8,0.2,0.2855993321,942,0.9573843739,0.007178880127
144,0.8,0.2,0.2855993321,944,0.9572556499,0.00719753378
144,0.8,0.2,0.2855993321,946,0.9571243145,0.007217532967
144,0.8,0.2,0.2855993321,948,0.9570041748,0.007243048771
144,0.8,0.2,0.2855993321,950,0.956886032,0.007273339796
144,0.8,0.2,0.2855993321,952,0.9567727118,0.007304675658
144,0.8,0.2,0.2855993321,954,0.9566519664,0.007334799234
144,0.8,0.2,0.2855993321,956,0.9565327598,0.007357779369
144,0.8,0.2,0.2855993321,958,0.9564103441,0.007378639267
144,0.8,0.2,0.2855993321,960,0.9562875886,0.007400456757
144,0.8,0.2,0.2855993321,962,0.9561623871,0.007423644699
144,0.8,0.2,0.2855993321,964,0.9560376843,0.007445504182
144,0.8,0.2,0.2855993321,966,0.9559168623,0.007467035634
144,0.8,0.2,0.2855993321,968,0.9557929871,0.007483733557
144,0.8,0.2,0.2855993321,970,0.9556698071,0.007501910438
144,0.8,0.2,0.2855993321,972,0.9555555856,0.007523681386
144,0.8,0.2,0.2855993321,974,0.9554433742,0.007546850308
144,0.8,0.2,0.2855993321,976,0.9553304582,0.007572919564
144,0.8,0.2,0.2855993321,978,0.9552245663,0.007598918095
144,0.8,0.2,0.2855993321,980,0.9551156996,0.007625479952
144,0.8,0.2,0.2855993321,982,0.9550045918,0.007651898724
144,0.8,0.2,0.2855993321,984,0.9548982585,0.007675923055
144,0.8,0.2,0.2855993321,986,0.9547954374,0.00769789706
144,0.8,0.2,0.2855993321,988,0.9546969298,0.007715649203
144,0.8,0.2,0.2855993321,990,0.9546027339,0.007734186045
144,0.8,0.2,0.2855993321,992,0.9545045854,0.007754054505
144,0.8,0.2,0.2855993321,994,0.9544045499,0.00777915819
144,0.8,0.2,0.2855993321,996,0.9543090602,0.007803413801
144,0.8,0.2,0.2855993321,998,0.9542174464,0.007825826743
144,0.8,0.2,0.2855993321,1000,0.954119722,0.007849937984
144,0.8,0.2,0.2855993321,1002,0.9540288259,0.007869866604
144,0.8,0.2,0.2855993321,1004,0.9539423793,0.0078912236
144,0.8,0.2,0.2855993321,1006,0.9538574573,0.007911532778
144,0.8,0.2,0.2855993321,1008,0.9537627981,0.00793609358
144,0.8,0.2,0.2855993321,1010,0.9536695388,0.007960773854
144,0.8,0.2,0.2855993321,1012,0.9535849551,0.00798552849
144,0.8,0.2,0.2855993321,1014,0.9534993412,0.008009657882
144,0.8,0.2,0.2855993321,1016,0.9534165602,0.008035561706
144,0.8,0.2,0.2855993321,1018,0.9533302621,0.008064171496
144,0.8,0.2,0.2855993321,1020,0.9532463847,0.008092910959
144,0.8,0.2,0.2855993321,1022,0.9531622443,0.008123176554
144,0.8,0.2,0.2855993321,1024,0.953090393,0.008155834757
144,0.8,0.2,0.2855993321,1026,0.9530166768,0.008189100867
144,0.8,0.2,0.2855993321,1028,0.9529420138,0.008221893584
144,0.8,0.2,0.2855993321,1030,0.9528694744,0.00825763375
144,0.8,0.2,0.2855993321,1032,0.9527843633,0.008293647965
144,0.8,0.2,0.2855993321,1034,0.9527038253,0.008330307304
144,0.8,0.2,0.2855993321,1036,0.9526289262,0.008364969066
144,0.8,0.2,0.2855993321,1038,0.9525645131,0.008395648129
144,0.8,0.2,0.2855993321,1040,0.9525004633,0.008427721034
144,0.8,0.2,0.2855993321,1042,0.9524381076,0.008464175028
144,0.8,0.2,0.2855993321,1044,0.95238595,0.00850558345
144,0.8,0.2,0.2855993321,1046,0.9523262749,0.008544036698
144,0.8,0.2,0.2855993321,1048,0.9522600426,0.00858955623
144,0.8,0.2,0.2855993321,1050,0.9521988762,0.008635766594
144,0.8,0.2,0.2855993321,1052,0.9521294819,0.008682446689
144,0.8,0.2,0.2855993321,1054,0.9520540915,0.008727261193
144,0.8,0.2,0.2855993321,1056,0.9519768009,0.008769664853
144,0.8,0.2,0.2855993321,1058,0.951900854,0.00881366141
144,0.8,0.2,0.2855993321,1060,0.9518188318,0.008855991348
144,0.8,0.2,0.2855993321,1062,0.9517310866,0.008902473849
144,0.8,0.2,0.2855993321,1064,0.9516436289,0.00894920247
144,0.8,0.2,0.2855993321,1066,0.9515655718,0.008994579493
144,0.8,0.2,0.2855993321,1068,0.9514931208,0.009038783524
144,0.8,0.2,0.2855993321,1070,0.9514218584,0.009081366563
144,0.8,0.2,0.2855993321,1072,0.9513449353,0.009127058329
144,0.8,0.2,0.2855993321,1074,0.9512625803,0.009175399616
144,0.8,0.2,0.2855993321,1076,0.9511852883,0.009227420045
144,0.8,0.2,0.2855993321,1078,0.9511130902,0.009276001395
144,0.8,0.2,0.2855993321,1080,0.9510446197,0.009324449113
144,0.8,0.2,0.2855993321,1082,0.9509741427,0.009372339687
144,0.8,0.2,0.2855993321,1084,0.9509119548,0.009418047115
144,0.8,0.2,0.2855993321,1086,0.9508463402,0.009460762028
144,0.8,0.2,0.2855993321,1088,0.9507705021,0.009504287835
144,0.8,0.2,0.2855993321,1090,0.9506919524,0.009549256163
144,0.8,0.2,0.2855993321,1092,0.9506045313,0.00959496008
144,0.8,0.2,0.2855993321,1094,0.950529093,0.009637703664
144,0.8,0.2,0.2855993321,1096,0.9504516224,0.009682692887
144,0.8,0.2,0.2855993321,1098,0.9503712634,0.009724594581
144,0.8,0.2,0.2855993321,1100,0.9502846757,0.009756535629
144,0.8,0.2,0.2855993321,1102,0.950189953,0.009789090735
144,0.8,0.2,0.2855993321,1104,0.950100646,0.009816643872
144,0.8,0.2,0.2855993321,1106,0.950004813,0.009850314636
144,0.8,0.2,0.2855993321,1108,0.9498993464,0.009884552572
144,0.8,0.2,0.2855993321,1110,0.9497955862,0.009925470026
144,0.8,0.2,0.2855993321,1112,0.9496907371,0.00995790078
144,0.8,0.2,0.2855993321,1114,0.9495814562,0.009992482513
144,0.8,0.2,0.2855993321,1116,0.9494699842,0.01002729386
144,0.8,0.2,0.2855993321,1118,0.949365316,0.0100623254
144,0.8,0.2,0.2855993321,1120,0.949267625,0.01009693197
144,0.8,0.2,0.2855993321,1122,0.9491657959,0.01013234955
144,0.8,0.2,0.2855993321,1124,0.9490686062,0.01016552561
144,0.8,0.2,0.2855993321,1126,0.9489657374,0.01019556216
144,0.8,0.2,0.2855993321,1128,0.9488654657,0.01022600816
144,0.8,0.2,0.2855993321,1130,0.9487685106,0.01025415989
144,0.8,0.2,0.2855993321,1132,0.9486768709,0.0102853272
144,0.8,0.2,0.2855993321,1134,0.948586624,0.01031308398
144,0.8,0.2,0.2855993321,1136,0.9485036278,0.01033943931
144,0.8,0.2,0.2855993321,1138,0.9484151709,0.01036980143
144,0.8,0.2,0.2855993321,1140,0.94832376,0.01039154692
144,0.8,0.2,0.2855993321,1142,0.9482296934,0.01041255476
144,0.8,0.2,0.2855993321,1144,0.9481280068,0.01043461369
144,0.8,0.2,0.2855993321,1146,0.9480384162,0.01046356365
144,0.8,0.2,0.2855993321,1148,0.9479525154,0.01049513482
144,0.8,0.2,0.2855993321,1150,0.9478700673,0.01052625216
144,0.8,0.2,0.2855993321,1152,0.9477811128,0.01055536665
144,0.8,0.2,0.2855993321,1154,0.9476925037,0.01058149048
144,0.8,0.2,0.2855993321,1156,0.9476020985,0.01060990198
144,0.8,0.2,0.2855993321,1158,0.9475062769,0.01064273031
144,0.8,0.2,0.2855993321,1160,0.947412417,0.01067387815
144,0.8,0.2,0.2855993321,1162,0.9473208251,0.01070441221
144,0.8,0.2,0.2855993321,1164,0.9472323558,0.01073375523
144,0.8,0.2,0.2855993321,1166,0.9471445212,0.01076473653
144,0.8,0.2,0.2855993321,1168,0.9470560871,0.01079797219
144,0.8,0.2,0.2855993321,1170,0.9469624455,0.01083329562
144,0.8,0.2,0.2855993321,1172,0.9468775264,0.01086751473
144,0.8,0.2,0.2855993321,1174,0.9467904037,0.01090774023
144,0.8,0.2,0.2855993321,1176,0.9466953492,0.01095256867
144,0.8,0.2,0.2855993321,1178,0.9466074513,0.01099603099
144,0.8,0.2,0.2855993321,1180,0.9465281589,0.01103845695
144,0.8,0.2,0.2855993321,1182,0.9464443665,0.01108004938
144,0.8,0.2,0.2855993321,1184,0.9463661343,0.01112166828
144,0.8,0.2,0.2855993321,1186,0.9462898048,0.01116611023
144,0.8,0.2,0.2855993321,1188,0.9462134421,0.0112116341
144,0.8,0.2,0.2855993321,1190,0.9461337169,0.01126220379
144,0.8,0.2,0.2855993321,1192,0.9460456191,0.01130901752
144,0.8,0.2,0.2855993321,1194,0.9459547883,0.01135628085
144,0.8,0.2,0.2855993321,1196,0.9458587438,0.01140563207
144,0.8,0.2,0.2855993321,1198,0.9457751272,0.01145574761
144,0.8,0.2,0.2855993321,1200,0.9456793315,0.01150559776
144,0.8,0.2,0.2855993321,1202,0.9455827679,0.01155067206
144,0.8,0.2,0.2855993321,1204,0.9454842214,0.0115957646
144,0.8,0.2,0.2855993321,1206,0.9454022496,0.01163882233
144,0.8,0.2,0.2855993321,1208,0.9453168649,0.0116822483
144,0.8,0.2,0.2855993321,1210,0.9452313831,0.0117262475
144,0.8,0.2,0.2855993321,1212,0.9451516527,0.01177432245
144,0.8,0.2,0.2855993321,1214,0.9450630076,0.01181592015
144,0.8,0.2,0.2855993321,1216,0.9449854984,0.0118605069
144,0.8,0.2,0.2855993321,1218,0.9449058993,0.01190695549
144,0.8,0.2,0.2855993321,1220,0.9448233086,0.01195908925
144,0.8,0.2,0.2855993321,1222,0.9447389772,0.0120109561
144,0.8,0.2,0.2855993321,1224,0.9446441133,0.0120642325
144,0.8,0.2,0.2855993321,1226,0.9445502308,0.01211578665
144,0.8,0.2,0.2855993321,1228,0.9444531699,0.01216676994
144,0.8,0.2,0.2855993321,1230,0.9443533691,0.01221547396
144,0.8,0.2,0.2855993321,1232,0.9442556046,0.01226461978
144,0.8,0.2,0.2855993321,1234,0.9441670157,0.01231313909
144,0.8,0.2,0.2855993321,1236,0.9440707025,0.01235782507
144,0.8,0.2,0.2855993321,1238,0.9439746378,0.01241068246
144,0.8,0.2,0.2855993321,1240,0.9438777441,0.01246287445
144,0.8,0.2,0.2855993321,1242,0.9437868924,0.01251762413
144,0.8,0.2,0.2855993321,1244,0.9437000585,0.01257288285
144,0.8,0.2,0.2855993321,1246,0.9436250647,0.01263182126
144,0.8,0.2,0.2855993321,1248,0.9435436103,0.01269186685
144,0.7,0.3,0.2855993321,0,1,0
144,0.7,0.3,0.2855993321,2,0.9998946111,6.22737097e-06
144,0.7,0.3,0.2855993321,4,0.9997635867,1.272566515e-05
144,0.7,0.3,0.2855993321,6,0.9996422058,1.932117027e-05
144,0.7,0.3,0.2855993321,8,0.9995265672,2.711458326e-05
144,0.7,0.3,0.2855993321,10,0.9994129707,3.542671586e-05
144,0.7,0.3,0.2855993321,12,0.9993018225,4.301736321e-05
144,0.7,0.3,0.2855993321,14,0.9991950807,5.189430014e-05
144,0.7,0.3,0.2855993321,16,0.9990871615,6.086219787e-05
144,0.7,0.3,0.2855993321,18,0.9989805623,6.783768965e-05
144,0.7,0.3,0.2855993321,20,0.9988742552,7.586352552e-05
144,0.7,0.3,0.2855993321,22,0.9987713669,8.448078404e-05
144,0.7,0.3,0.2855993321,24,0.9986716865,9.586025002e-05
144,0.7,0.3,0.2855993321,26,0.9985704042,0.0001059837297
144,0.7,0.3,0.2855993321,28,0.9984700128,0.0001188809851
144,0.7,0.3,0.2855993321,30,0.9983710741,0.000134406153
144,0.7,0.3,0.2855993321,32,0.9982711425,0.0001489424456
144,0.7,0.3,0.2855993321,34,0.9981735626,0.0001617895111
144,0.7,0.3,0.2855993321,36,0.9980737304,0.00017359572
144,0.7,0.3,0.2855993321,38,0.9979721301,0.0001850640752
144,0.7,0.3,0.2855993321,40,0.9978744024,0.0001957562606
144,0.7,0.3,0.2855993321,42,0.997777818,0.0002069310057
144,0.7,0.3,0.2855993321,44,0.9976754447,0.0002213253623
144,0.7,0.3,0.2855993321,46,0.9975711265,0.0002358589623
144,0.7,0.3,0.2855993321,48,0.9974652302,0.000247666267
144,0.7,0.3,0.2855993321,50,0.9973654988,0.0002612280772
144,0.7,0.3,0.2855993321,52,0.9972709898,0.0002744806861
144,0.7,0.3,0.2855993321,54,0.9971750008,0.0002890320305
144,0.7,0.3,0.2855993321,56,0.9970781327,0.0003041963516
144,0.7,0.3,0.2855993321,58,0.9969780746,0.0003180783704
144,0.7,0.3,0.2855993321,60,0.9968773173,0.0003316381449
144,0.7,0.3,0.2855993321,62,0.9967776769,0.0003454888322
144,0.7,0.3,0.2855993321,64,0.9966834682,0.000361874866
144,0.7,0.3,0.2855993321,66,0.9965941815,0.0003799552586
144,0.7,0.3,0.2855993321,68,0.9965079363,0.0004018374431
144,0.7,0.3,0.2855993321,70,0.9964197801,0.0004238592481
144,0.7,0.3,0.2855993321,72,0.9963352199,0.000446649293
144,0.7,0.3,0.2855993321,74,0.9962461439,0.0004668856041
144,0.7,0.3,0.2855993321,76,0.9961549445,0.0004844157384
144,0.7,0.3,0.2855993321,78,0.9960638816,0.0004996712273
144,0.7,0.3,0.2855993321,80,0.9959659807,0.0005140518234
144,0.7,0.3,0.2855993321,82,0.9958677226,0.000531899445
144,0.7,0.3,0.2855993321,84,0.9957687687,0.0005493612812
144,0.7,0.3,0.2855993321,86,0.9956693838,0.0005646219583
144,0.7,0.3,0.2855993321,88,0.9955741843,0.000580714788
144,0.7,0.3,0.2855993321,90,0.9954768885,0.0005972666183
144,0.7,0.3,0.2855993321,92,0.9953804846,0.0006146027174
144,0.7,0.3,0.2855993321,94,0.9952871434,0.0006306029568
144,0.7,0.3,0.2855993321,96,0.9951919603,0.0006460583898
144,0.7,0.3,0.2855993321,98,0.9951040618,0.000659653651
144,0.7,0.3,0.2855993321,100,0.9950116838,0.0006735247236
144,0.7,0.3,0.2855993321,102,0.9949217651,0.0006869580957
144,0.7,0.3,0.2855993321,104,0.9948312641,0.0007001952426
144,0.7,0.3,0.2855993321,106,0.9947421208,0.00071377725
144,0.7,0.3,0.2855993321,108,0.9946504076,0.0007241616609
144,0.7,0.3,0.2855993321,110,0.9945546438,0.0007342607308
144,0.7,0.3,0.2855993321,112,0.9944618171,0.0007426084437
144,0.7,0.3,0.2855993321,114,0.9943698265,0.0007520798678
144,0.7,0.3,0.2855993321,116,0.994279523,0.0007625624482
144,0.7,0.3,0.2855993321,118,0.9941905954,0.0007736968621
144,0.7,0.3,0.2855993321,120,0.9940984308,0.000783539496
144,0.7,0.3,0.2855993321,122,0.9940092626,0.0007930089014
144,0.7,0.3,0.2855993321,124,0.9939177708,0.0008019519898
144,0.7,0.3,0.2855993321,126,0.9938329858,0.0008147909541
144,0.7,0.3,0.2855993321,128,0.9937416533,0.0008284186771
144,0.7,0.3,0.2855993321,130,0.9936516112,0.0008409799752
144,0.7,0.3,0.2855993321,132,0.9935657472,0.0008508011747
144,0.7,0.3,0.2855993321,134,0.9934814306,0.0008606748089
144,0.7,0.3,0.2855993321,136,0.9933960439,0.00086864185
144,0.7,0.3,0.2855993321,138,0.9933072423,0.0008757223525
144,0.7,0.3,0.2855993321,140,0.9932184714,0.0008834277299
144,0.7,0.3,0.2855993321,142,0.9931293511,0.0008921875699
144,0.7,0.3,0.2855993321,144,0.9930405317,0.0009036044994
144,0.7,0.3,0.2855993321,146,0.9929538413,0.0009150198452
144,0.7,0.3,0.2855993321,148,0.9928678479,0.000922399966
144,0.7,0.3,0.2855993321,150,0.9927826312,0.0009338936366
144,0.7,0.3,0.2855993321,152,0.9926978883,0.0009407302437
144,0.7,0.3,0.2855993321,154,0.9926111894,0.0009469073645
144,0.7,0.3,0.2855993321,156,0.9925280105,0.0009538094584
144,0.7,0.3,0.2855993321,158,0.99244907,0.0009631401754
144,0.7,0.3,0.2855993321,160,0.9923742027,0.0009746791364
144,0.7,0.3,0.2855993321,162,0.9922997215,0.0009910338716
144,0.7,0.3,0.2855993321,164,0.9922240048,0.001003413137
144,0.7,0.3,0.2855993321,166,0.9921435611,0.001013113163
144,0.7,0.3,0.2855993321,168,0.992061526,0.001020772535
144,0.7,0.3,0.2855993321,170,0.9919752235,0.001027421574
144,0.7,0.3,0.2855993321,172,0.9918893333,0.001036848096
144,0.7,0.3,0.2855993321,174,0.9918045958,0.001049210544
144,0.7,0.3,0.2855993321,176,0.9917219983,0.00106083954
144,0.7,0.3,0.2855993321,178,0.9916379567,0.001068884302
144,0.7,0.3,0.2855993321,180,0.9915546089,0.001076170736
144,0.7,0.3,0.2855993321,182,0.9914726806,0.001086521508
144,0.7,0.3,0.2855993321,184,0.9913955216,0.001094560561
144,0.7,0.3,0.2855993321,186,0.991319744,0.001104016745
144,0.7,0.3,0.2855993321,188,0.9912456669,0.001114233116
144,0.7,0.3,0.2855993321,190,0.9911696609,0.001123407786
144,0.7,0.3,0.2855993321,192,0.9910886873,0.001133839664
144,0.7,0.3,0.2855993321,194,0.9910071616,0.001144308054
144,0.7,0.3,0.2855993321,196,0.9909255156,0.001153716097
144,0.7,0.3,0.2855993321,198,0.9908390704,0.001162283229
144,0.7,0.3,0.2855993321,200,0.9907516834,0.001169292148
144,0.7,0.3,0.2855993321,202,0.9906660851,0.001179772504
144,0.7,0.3,0.2855993321,204,0.9905798266,0.001187780651
144,0.7,0.3,0.2855993321,206,0.9904938371,0.001198668645
144,0.7,0.3,0.2855993321,208,0.9904070999,0.001206231192
144,0.7,0.3,0.2855993321,210,0.9903217625,0.001213080739
144,0.7,0.3,0.2855993321,212,0.9902411397,0.001221084103
144,0.7,0.3,0.2855993321,214,0.9901640729,0.001233538616
144,0.7,0.3,0.2855993321,216,0.9900874961,0.001249194055
144,0.7,0.3,0.2855993321,218,0.9900125829,0.001266032622
144,0.7,0.3,0.2855993321,220,0.9899343549,0.00128257942
144,0.7,0.3,0.2855993321,222,0.9898562047,0.001298818043
144,0.7,0.3,0.2855993321,224,0.9897812563,0.001314646502
144,0.7,0.3,0.2855993321,226,0.9897092514,0.001332192463
144,0.7,0.3,0.2855993321,228,0.9896362638,0.001351977313
144,0.7,0.3,0.2855993321,230,0.9895632405,0.001370614751
144,0.7,0.3,0.2855993321,232,0.9894923166,0.001391793415
144,0.7,0.3,0.2855993321,234,0.9894223221,0.001410662503
144,0.7,0.3,0.2855993321,236,0.9893532903,0.001429630097
144,0.7,0.3,0.2855993321,238,0.9892838536,0.001448090929
144,0.7,0.3,0.2855993321,240,0.9892145235,0.001468124456
144,0.7,0.3,0.2855993321,242,0.9891448495,0.001488864085
144,0.7,0.3,0.2855993321,244,0.9890742199,0.001509812963
144,0.7,0.3,0.2855993321,246,0.9890074378,0.001529162316
144,0.7,0.3,0.2855993321,248,0.9889406171,0.001547563881
144,0.7,0.3,0.2855993321,250,0.9888762053,0.001566210466
144,0.7,0.3,0.2855993321,252,0.9888069102,0.0015864549
144,0.7,0.3,0.2855993321,254,0.9887396646,0.001606927165
144,0.7,0.3,0.2855993321,256,0.9886775416,0.001629488286
144,0.7,0.3,0.2855993321,258,0.9886137152,0.001650920318
144,0.7,0.3,0.2855993321,260,0.9885514125,0.001673130363
144,0.7,0.3,0.2855993321,262,0.9884902657,0.001697090678
144,0.7,0.3,0.2855993321,264,0.9884223701,0.001718322134
144,0.7,0.3,0.2855993321,266,0.9883573598,0.001741521908
144,0.7,0.3,0.2855993321,268,0.9882921503,0.001763883859
144,0.7,0.3,0.2855993321,270,0.9882199743,0.001788037767
144,0.7,0.3,0.2855993321,272,0.9881422298,0.001813129376
144,0.7,0.3,0.2855993321,274,0.9880672594,0.001838008684
144,0.7,0.3,0.2855993321,276,0.9879935488,0.00186078167
144,0.7,0.3,0.2855993321,278,0.9879184629,0.001882643795
144,0.7,0.3,0.2855993321,280,0.9878461442,0.001900328379
144,0.7,0.3,0.2855993321,282,0.9877678355,0.00191735497
144,0.7,0.3,0.2855993321,284,0.9876891261,0.001932771374
144,0.7,0.3,0.2855993321,286,0.9876124246,0.001948208224
144,0.7,0.3,0.2855993321,288,0.9875421758,0.001961182536
144,0.7,0.3,0.2855993321,290,0.9874673247,0.001974842636
144,0.7,0.3,0.2855993321,292,0.9873864701,0.001989508627
144,0.7,0.3,0.2855993321,294,0.9873076899,0.002005447789
144,0.7,0.3,0.2855993321,296,0.9872273122,0.002021797198
144,0.7,0.3,0.2855993321,298,0.9871429625,0.002036447519
144,0.7,0.3,0.2855993321,300,0.9870564248,0.002047871168
144,0.7,0.3,0.2855993321,302,0.9869737854,0.002063654363
144,0.7,0.3,0.2855993321,304,0.9868956116,0.00207853854
144,0.7,0.3,0.2855993321,306,0.986821733,0.002093935044
144,0.7,0.3,0.2855993321,308,0.9867467391,0.002110265179
144,0.7,0.3,0.2855993321,310,0.9866753767,0.002125589769
144,0.7,0.3,0.2855993321,312,0.9865989739,0.002140273947
144,0.7,0.3,0.2855993321,314,0.9865251944,0.002158359742
144,0.7,0.3,0.2855993321,316,0.9864549113,0.002175868092
144,0.7,0.3,0.2855993321,318,0.9863839395,0.002193403443
144,0.7,0.3,0.2855993321,320,0.9863135691,0.002210350444
144,0.7,0.3,0.2855993321,322,0.9862415495,0.002228969843
144,0.7,0.3,0.2855993321,324,0.986165705,0.002243360048
144,0.7,0.3,0.2855993321,326,0.9860947076,0.002259907423
144,0.7,0.3,0.2855993321,328,0.986024158,0.002279146703
144,0.7,0.3,0.2855993321,330,0.9859509069,0.002297819661
144,0.7,0.3,0.2855993321,332,0.9858814453,0.002320114349
144,0.7,0.3,0.2855993321,334,0.985812634,0.002341941415
144,0.7,0.3,0.2855993321,336,0.9857446246,0.002357506612
144,0.7,0.3,0.2855993321,338,0.9856730961,0.002375802757
144,0.7,0.3,0.2855993321,340,0.9855937868,0.002395349253
144,0.7,0.3,0.2855993321,342,0.9855157427,0.002412262607
144,0.7,0.3,0.2855993321,344,0.9854371268,0.002432480738
144,0.7,0.3,0.2855993321,346,0.9853516428,0.002451498754
144,0.7,0.3,0.2855993321,348,0.9852698459,0.002471612166
144,0.7,0.3,0.2855993321,350,0.9851949622,0.002489427843
144,0.7,0.3,0.2855993321,352,0.9851181951,0.002507746455
144,0.7,0.3,0.2855993321,354,0.9850467226,0.002525907466
144,0.7,0.3,0.2855993321,356,0.9849780007,0.002543567752
144,0.7,0.3,0.2855993321,358,0.9849132866,0.002561826351
144,0.7,0.3,0.2855993321,360,0.9848500358,0.002579422992
144,0.7,0.3,0.2855993321,362,0.9847857798,0.002595848121
144,0.7,0.3,0.2855993321,364,0.9847191354,0.002612750669
144,0.7,0.3,0.2855993321,366,0.9846458586,0.002634251888
144,0.7,0.3,0.2855993321,368,0.9845692704,0.002656873688
144,0.7,0.3,0.2855993321,370,0.9844907476,0.002677862756
144,0.7,0.3,0.2855993321,372,0.9844148101,0.002694573326
144,0.7,0.3,0.2855993321,374,0.984335856,0.002712733588
144,0.7,0.3,0.2855993321,376,0.9842635994,0.002730577914
144,0.7,0.3,0.2855993321,378,0.9841866274,0.002749739709
144,0.7,0.3,0.2855993321,380,0.9841098024,0.002766909338
144,0.7,0.3,0.2855993321,382,0.9840308538,0.002782598089
144,0.7,0.3,0.2855993321,384,0.9839469749,0.002801824785
144,0.7,0.3,0.2855993321,386,0.9838599091,0.002821632403
144,0.7,0.3,0.2855993321,388,0.9837764231,0.00283881341
144,0.7,0.3,0.2855993321,390,0.9836910102,0.002855856385
144,0.7,0.3,0.2855993321,392,0.9836010617,0.002871975043
144,0.7,0.3,0.2855993321,394,0.9835167532,0.002889217212
144,0.7,0.3,0.2855993321,396,0.9834285206,0.002907273052
144,0.7,0.3,0.2855993321,398,0.983342109,0.0029252937
144,0.7,0.3,0.2855993321,400,0.9832516238,0.002943867139
144,0.7,0.3,0.2855993321,402,0.9831569252,0.002962693515
144,0.7,0.3,0.2855993321,404,0.9830579317,0.002978835856
144,0.7,0.3,0.2855993321,406,0.982963302,0.002996002447
144,0.7,0.3,0.2855993321,408,0.9828626344,0.003012006821
144,0.7,0.3,0.2855993321,410,0.982769101,0.003027240869
144,0.7,0.3,0.2855993321,412,0.9826757777,0.003045831376
144,0.7,0.3,0.2855993321,414,0.9825819114,0.003062778723
144,0.7,0.3,0.2855993321,416,0.9824837353,0.003081814461
144,0.7,0.3,0.2855993321,418,0.9823864864,0.003100750927
144,0.7,0.3,0.2855993321,420,0.9822889077,0.003120477725
144,0.7,0.3,0.2855993321,422,0.9821895115,0.003140516371
144,0.7,0.3,0.2855993321,424,0.9820893727,0.003158724022
144,0.7,0.3,0.2855993321,426,0.9819932956,0.00317295468
144,0.7,0.3,0.2855993321,428,0.9818994034,0.003191523236
144,0.7,0.3,0.2855993321,430,0.9818036657,0.003210758291
144,0.7,0.3,0.2855993321,432,0.9817080136,0.003231080447
144,0.7,0.3,0.2855993321,434,0.9816155188,0.003249359674
144,0.7,0.3,0.2855993321,436,0.9815173108,0.003268850239
144,0.7,0.3,0.2855993321,438,0.9814244645,0.003283729642
144,0.7,0.3,0.2855993321,440,0.9813306912,0.003298933563
144,0.7,0.3,0.2855993321,442,0.9812473222,0.003315695749
144,0.7,0.3,0.2855993321,444,0.9811603167,0.003334894039
144,0.7,0.3,0.2855993321,446,0.981067013,0.003353165256
144,0.7,0.3,0.2855993321,448,0.9809749932,0.003368387018
144,0.7,0.3,0.2855993321,450,0.9808914996,0.003388786297
144,0.7,0.3,0.2855993321,452,0.9808080409,0.003412411929
144,0.7,0.3,0.2855993321,454,0.9807245854,0.00343566982
144,0.7,0.3,0.2855993321,456,0.9806439685,0.003459419364
144,0.7,0.3,0.2855993321,458,0.980568611,0.003483038848
144,0.7,0.3,0.2855993321,460,0.9804895142,0.003507978
144,0.7,0.3,0.2855993321,462,0.9804101039,0.003532303798
144,0.7,0.3,0.2855993321,464,0.9803345382,0.003557399253
144,0.7,0.3,0.2855993321,466,0.980260577,0.003582975657
144,0.7,0.3,0.2855993321,468,0.9801844744,0.003605515752
144,0.7,0.3,0.2855993321,470,0.9800961702,0.003627991501
144,0.7,0.3,0.2855993321,472,0.9800171085,0.003647760582
144,0.7,0.3,0.2855993321,474,0.9799363947,0.00367052137
144,0.7,0.3,0.2855993321,476,0.9798546906,0.003697528583
144,0.7,0.3,0.2855993321,478,0.979776056,0.003725223613
144,0.7,0.3,0.2855993321,480,0.9797001658,0.003749183694
144,0.7,0.3,0.2855993321,482,0.9796208845,0.00377455448
144,0.7,0.3,0.2855993321,484,0.979544988,0.003797176443
144,0.7,0.3,0.2855993321,486,0.9794641591,0.003819877917
144,0.7,0.3,0.2855993321,488,0.9793835988,0.003842562034
144,0.7,0.3,0.2855993321,490,0.9793039247,0.003865218623
144,0.7,0.3,0.2855993321,492,0.9792268536,0.003883876433
144,0.7,0.3,0.2855993321,494,0.9791556626,0.003903062136
144,0.7,0.3,0.2855993321,496,0.979085813,0.003925744554
144,0.7,0.3,0.2855993321,498,0.9790093178,0.003945652461
144,0.7,0.3,0.2855993321,500,0.9789359466,0.003966289276
144,0.7,0.3,0.2855993321,502,0.9788629159,0.003988155447
144,0.7,0.3,0.2855993321,504,0.9787876076,0.004010877653
144,0.7,0.3,0.2855993321,506,0.9787164331,0.004029400341
144,0.7,0.3,0.2855993321,508,0.9786466537,0.004046143999
144,0.7,0.3,0.2855993321,510,0.9785843742,0.004063520348
144,0.7,0.3,0.2855993321,512,0.9785209636,0.004085818101
144,0.7,0.3,0.2855993321,514,0.9784621057,0.004109321833
144,0.7,0.3,0.2855993321,516,0.9784010292,0.004129943079
144,0.7,0.3,0.2855993321,518,0.9783341974,0.00415051827
144,0.7,0.3,0.2855993321,520,0.9782732757,0.004168054425
144,0.7,0.3,0.2855993321,522,0.9782126968,0.004186082439
144,0.7,0.3,0.2855993321,524,0.9781543237,0.004204214123
144,0.7,0.3,0.2855993321,526,0.9781012879,0.004222644874
144,0.7,0.3,0.2855993321,528,0.978036775,0.004240463843
144,0.7,0.3,0.2855993321,530,0.9779773785,0.004257554907
144,0.7,0.3,0.2855993321,532,0.9779114292,0.004273416234
144,0.7,0.3,0.2855993321,534,0.9778401476,0.004289284882
144,0.7,0.3,0.2855993321,536,0.9777677194,0.004302785941
144,0.7,0.3,0.2855993321,538,0.9776962915,0.004314210914
144,0.7,0.3,0.2855993321,540,0.9776253259,0.004323792588
144,0.7,0.3,0.2855993321,542,0.977561865,0.004334588698
144,0.7,0.3,0.2855993321,544,0.9774979588,0.004348522333
144,0.7,0.3,0.2855993321,546,0.9774261517,0.004365037432
144,0.7,0.3,0.2855993321,548,0.9773623481,0.004377704326
144,0.7,0.3,0.2855993321,550,0.9772957354,0.004390747897
144,0.7,0.3,0.2855993321,552,0.9772220694,0.004401847631
144,0.7,0.3,0.2855993321,554,0.9771509206,0.004415196513
144,0.7,0.3,0.2855993321,556,0.9770854538,0.004426269725
144,0.7,0.3,0.2855993321,558,0.9770146884,0.004434383411
144,0.7,0.3,0.2855993321,560,0.9769403852,0.004440541227
144,0.7,0.3,0.2855993321,562,0.9768645542,0.00445118078
144,0.7,0.3,0.2855993321,564,0.9767981599,0.004461140972
144,0.7,0.3,0.2855993321,566,0.9767371263,0.004473615584
144,0.7,0.3,0.2855993321,568,0.9766729894,0.004485099193
144,0.7,0.3,0.2855993321,570,0.9766105592,0.004498042096
144,0.7,0.3,0.2855993321,572,0.976541704,0.004508984538
144,0.7,0.3,0.2855993321,574,0.976471754,0.004523936916
144,0.7,0.3,0.2855993321,576,0.9764085137,0.004539027969
144,0.7,0.3,0.2855993321,578,0.9763433207,0.004553674018
144,0.7,0.3,0.2855993321,580,0.9762830002,0.004570613161
144,0.7,0.3,0.2855993321,582,0.9762247497,0.004589466088
144,0.7,0.3,0.2855993321,584,0.9761615519,0.004608347552
144,0.7,0.3,0.2855993321,586,0.976103341,0.004626068064
144,0.7,0.3,0.2855993321,588,0.976043518,0.004641275058
144,0.7,0.3,0.2855993321,590,0.9759828048,0.004660331542
144,0.7,0.3,0.2855993321,592,0.975923348,0.004681212482
144,0.7,0.3,0.2855993321,594,0.97586068,0.004699999184
144,0.7,0.3,0.2855993321,596,0.9757939552,0.004716776039
144,0.7,0.3,0.2855993321,598,0.9757228649,0.004733730045
144,0.7,0.3,0.2855993321,600,0.9756470349,0.004749349904
144,0.7,0.3,0.2855993321,602,0.9755718232,0.004761942655
144,0.7,0.3,0.2855993321,604,0.9755042121,0.004770935726
144,0.7,0.3,0.2855993321,606,0.9754318285,0.004783526832
144,0.7,0.3,0.2855993321,608,0.9753604536,0.004796000197
144,0.7,0.3,0.2855993321,610,0.9752852883,0.004807283343
144,0.7,0.3,0.2855993321,612,0.9752109425,0.004817404595
144,0.7,0.3,0.2855993321,614,0.9751377027,0.00483092092
144,0.7,0.3,0.2855993321,616,0.9750667929,0.004838973973
144,0.7,0.3,0.2855993321,618,0.9749960866,0.004846132584
144,0.7,0.3,0.2855993321,620,0.9749238957,0.004852819509
144,0.7,0.3,0.2855993321,622,0.974851165,0.004861411634
144,0.7,0.3,0.2855993321,624,0.974776236,0.004866888578
144,0.7,0.3,0.2855993321,626,0.9747032589,0.004869794959
144,0.7,0.3,0.2855993321,628,0.9746264966,0.004873548025
144,0.7,0.3,0.2855993321,630,0.9745528453,0.004881828178
144,0.7,0.3,0.2855993321,632,0.9744837366,0.004892390997
144,0.7,0.3,0.2855993321,634,0.9744158028,0.004903604194
144,0.7,0.3,0.2855993321,636,0.974349011,0.004912128805
144,0.7,0.3,0.2855993321,638,0.9742710612,0.004918478433
144,0.7,0.3,0.2855993321,640,0.9741936779,0.004925600272
144,0.7,0.3,0.2855993321,642,0.9741138194,0.004936597559
144,0.7,0.3,0.2855993321,644,0.9740403101,0.004945511629
144,0.7,0.3,0.2855993321,646,0.9739677999,0.004948974625
144,0.7,0.3,0.2855993321,648,0.9739018375,0.004953595063
144,0.7,0.3,0.2855993321,650,0.9738261067,0.004960770748
144,0.7,0.3,0.2855993321,652,0.9737461435,0.004968812609
144,0.7,0.3,0.2855993321,654,0.9736656406,0.00497518242
144,0.7,0.3,0.2855993321,656,0.9735780614,0.004980062782
144,0.7,0.3,0.2855993321,658,0.9734945081,0.004986264257
144,0.7,0.3,0.2855993321,660,0.9734050076,0.00499210108
144,0.7,0.3,0.2855993321,662,0.9733213802,0.004993949439
144,0.7,0.3,0.2855993321,664,0.9732400186,0.004993055994
144,0.7,0.3,0.2855993321,666,0.973163201,0.004992527001
144,0.7,0.3,0.2855993321,668,0.9730907481,0.004994021204
144,0.7,0.3,0.2855993321,670,0.9730165696,0.004996790495
144,0.7,0.3,0.2855993321,672,0.9729463888,0.00499792307
144,0.7,0.3,0.2855993321,674,0.9728674784,0.005000256242
144,0.7,0.3,0.2855993321,676,0.9727855906,0.0050066916
144,0.7,0.3,0.2855993321,678,0.9727050876,0.00501212077
144,0.7,0.3,0.2855993321,680,0.9726226111,0.005018699555
144,0.7,0.3,0.2855993321,682,0.9725419682,0.005024340155
144,0.7,0.3,0.2855993321,684,0.9724679946,0.005024530222
144,0.7,0.3,0.2855993321,686,0.9723899536,0.005024285232
144,0.7,0.3,0.2855993321,688,0.972307808,0.005025110906
144,0.7,0.3,0.2855993321,690,0.9722200077,0.005023546905
144,0.7,0.3,0.2855993321,692,0.9721222711,0.005023455546
144,0.7,0.3,0.2855993321,694,0.9720285914,0.005021591172
144,0.7,0.3,0.2855993321,696,0.9719337736,0.005017830544
144,0.7,0.3,0.2855993321,698,0.9718458323,0.00501525228
144,0.7,0.3,0.2855993321,700,0.9717588398,0.005011124914
144,0.7,0.3,0.2855993321,702,0.9716709505,0.005005842503
144,0.7,0.3,0.2855993321,704,0.9715830541,0.004997872495
144,0.7,0.3,0.2855993321,706,0.9715061492,0.00498845607
144,0.7,0.3,0.2855993321,708,0.9714271432,0.004982304272
144,0.7,0.3,0.2855993321,710,0.9713404137,0.00497722325
144,0.7,0.3,0.2855993321,712,0.9712539894,0.004976750838
144,0.7,0.3,0.2855993321,714,0.9711663284,0.004971124042
144,0.7,0.3,0.2855993321,716,0.9710879401,0.004963549211
144,0.7,0.3,0.2855993321,718,0.9710063345,0.004957104106
144,0.7,0.3,0.2855993321,720,0.9709336881,0.004949767653
144,0.7,0.3,0.2855993321,722,0.9708518119,0.00494542017
144,0.7,0.3,0.2855993321,724,0.9707648973,0.004939823681
144,0.7,0.3,0.2855993321,726,0.9706686197,0.004932659307
144,0.7,0.3,0.2855993321,728,0.9705786398,0.004927281927
144,0.7,0.3,0.2855993321,730,0.9704926229,0.004921642414
144,0.7,0.3,0.2855993321,732,0.9704179202,0.004922110316
144,0.7,0.3,0.2855993321,734,0.9703395284,0.004923356902
144,0.7,0.3,0.2855993321,736,0.9702609713,0.00492535673
144,0.7,0.3,0.2855993321,738,0.9701760089,0.004928207209
144,0.7,0.3,0.2855993321,740,0.9700989843,0.004934437934
144,0.7,0.3,0.2855993321,742,0.9700254704,0.004933944684
144,0.7,0.3,0.2855993321,744,0.9699519368,0.00493057843
144,0.7,0.3,0.2855993321,746,0.9698807084,0.00492834144
144,0.7,0.3,0.2855993321,748,0.9698072293,0.00492641626
144,0.7,0.3,0.2855993321,750,0.9697330615,0.004920480131
144,0.7,0.3,0.2855993321,752,0.9696695248,0.004917701621
144,0.7,0.3,0.2855993321,754,0.9696023793,0.004914645717
144,0.7,0.3,0.2855993321,756,0.9695331038,0.004910581391
144,0.7,0.3,0.2855993321,758,0.96945391,0.004909322259
144,0.7,0.3,0.2855993321,760,0.9693704151,0.004905727478
144,0.7,0.3,0.2855993321,762,0.9692883221,0.00490796253
144,0.7,0.3,0.2855993321,764,0.9692026053,0.004908941335
144,0.7,0.3,0.2855993321,766,0.9691175975,0.00491194069
144,0.7,0.3,0.2855993321,768,0.9690357635,0.004913315656
144,0.7,0.3,0.2855993321,770,0.9689559457,0.004914362758
144,0.7,0.3,0.2855993321,772,0.9688753077,0.004911658411
144,0.7,0.3,0.2855993321,774,0.9688000571,0.004912868886
144,0.7,0.3,0.2855993321,776,0.9687252476,0.004917171355
144,0.7,0.3,0.2855993321,778,0.9686503757,0.004923910427
144,0.7,0.3,0.2855993321,780,0.9685718346,0.004924369889
144,0.7,0.3,0.2855993321,782,0.9684961998,0.004923944021
144,0.7,0.3,0.2855993321,784,0.9684154762,0.004924519815
144,0.7,0.3,0.2855993321,786,0.9683402427,0.004927701356
144,0.7,0.3,0.2855993321,788,0.9682697749,0.004932309028
144,0.7,0.3,0.2855993321,790,0.9681967987,0.004931132975
144,0.7,0.3,0.2855993321,792,0.9681219623,0.004929451528
144,0.7,0.3,0.2855993321,794,0.9680461914,0.004924796137
144,0.7,0.3,0.2855993321,796,0.9679772803,0.004923266
144,0.7,0.3,0.2855993321,798,0.9679144981,0.004924193104
144,0.7,0.3,0.2855993321,800,0.967842217,0.00492557443
144,0.7,0.3,0.2855993321,802,0.9677657872,0.004926483378
144,0.7,0.3,0.2855993321,804,0.9676869218,0.004923846273
144,0.7,0.3,0.2855993321,806,0.967595961,0.004926159315
144,0.7,0.3,0.2855993321,808,0.9675086778,0.004931116741
144,0.7,0.3,0.2855993321,810,0.9674165553,0.004936131033
144,0.7,0.3,0.2855993321,812,0.9673224359,0.004945378322
144,0.7,0.3,0.2855993321,814,0.967233146,0.004955951402
144,0.7,0.3,0.2855993321,816,0.9671466847,0.004964688497
144,0.7,0.3,0.2855993321,818,0.9670634743,0.004967748178
144,0.7,0.3,0.2855993321,820,0.9669801139,0.004968506847
144,0.7,0.3,0.2855993321,822,0.9668969355,0.004971338903
144,0.7,0.3,0.2855993321,824,0.9668094283,0.004979512845
144,0.7,0.3,0.2855993321,826,0.9667169615,0.004983827425
144,0.7,0.3,0.2855993321,828,0.9666206308,0.004991709554
144,0.7,0.3,0.2855993321,830,0.966527687,0.004998288733
144,0.7,0.3,0.2855993321,832,0.966435925,0.005005272659
144,0.7,0.3,0.2855993321,834,0.9663462347,0.005008253123
144,0.7,0.3,0.2855993321,836,0.9662550458,0.005007183426
144,0.7,0.3,0.2855993321,838,0.9661663032,0.005008138453
144,0.7,0.3,0.2855993321,840,0.9660719089,0.005016795061
144,0.7,0.3,0.2855993321,842,0.9659784883,0.005024741179
144,0.7,0.3,0.2855993321,844,0.9658877193,0.005028021545
144,0.7,0.3,0.2855993321,846,0.9658051725,0.005029604524
144,0.7,0.3,0.2855993321,848,0.9657134203,0.005037255586
144,0.7,0.3,0.2855993321,850,0.9656215877,0.005047335195
144,0.7,0.3,0.2855993321,852,0.9655387662,0.005052743867
144,0.7,0.3,0.2855993321,854,0.9654633609,0.005057432917
144,0.7,0.3,0.2855993321,856,0.9653854935,0.005059511241
144,0.7,0.3,0.2855993321,858,0.9653065511,0.00506052874
144,0.7,0.3,0.2855993321,860,0.9652177477,0.005058997758
144,0.7,0.3,0.2855993321,862,0.9651369388,0.005060990312
144,0.7,0.3,0.2855993321,864,0.9650567381,0.005066324218
144,0.7,0.3,0.2855993321,866,0.964966499,0.005072179173
144,0.7,0.3,0.2855993321,868,0.9648791217,0.005076200124
144,0.7,0.3,0.2855993321,870,0.9647879085,0.005081745046
144,0.7,0.3,0.2855993321,872,0.9646946125,0.005086147012
144,0.7,0.3,0.2855993321,874,0.9646025493,0.005090070682
144,0.7,0.3,0.2855993321,876,0.9645152518,0.005097409596
144,0.7,0.3,0.2855993321,878,0.9644263567,0.005101792077
144,0.7,0.3,0.2855993321,880,0.9643470662,0.005112304668
144,0.7,0.3,0.2855993321,882,0.9642650176,0.005119042069
144,0.7,0.3,0.2855993321,884,0.9641787857,0.005128975637
144,0.7,0.3,0.2855993321,886,0.964093933,0.005137596013
144,0.7,0.3,0.2855993321,888,0.9640132465,0.005147878131
144,0.7,0.3,0.2855993321,890,0.9639253817,0.005160346902
144,0.7,0.3,0.2855993321,892,0.9638365087,0.005169861953
144,0.7,0.3,0.2855993321,894,0.9637494784,0.005177969626
144,0.7,0.3,0.2855993321,896,0.963661223,0.005181656701
144,0.7,0.3,0.2855993321,898,0.9635683564,0.005180592186
144,0.7,0.3,0.2855993321,900,0.963464559,0.005183252132
144,0.7,0.3,0.2855993321,902,0.9633644904,0.00519166156
144,0.7,0.3,0.2855993321,904,0.9632689783,0.005195403253
144,0.7,0.3,0.2855993321,906,0.9631667002,0.005200358938
144,0.7,0.3,0.2855993321,908,0.9630625017,0.005204682938
144,0.7,0.3,0.2855993321,910,0.9629603937,0.005208013313
144,0.7,0.3,0.2855993321,912,0.9628617411,0.005210401929
144,0.7,0.3,0.2855993321,914,0.9627605016,0.005214304769
144,0.7,0.3,0.2855993321,916,0.9626655407,0.005218988072
144,0.7,0.3,0.2855993321,918,0.9625792396,0.005221728037
144,0.7,0.3,0.2855993321,920,0.9624936447,0.005225015837
144,0.7,0.3,0.2855993321,922,0.9624130587,0.005228370291
144,0.7,0.3,0.2855993321,924,0.9623384116,0.005227297624
144,0.7,0.3,0.2855993321,926,0.9622603644,0.005220959389
144,0.7,0.3,0.2855993321,928,0.9621837424,0.005214834458
144,0.7,0.3,0.2855993321,930,0.962108191,0.00520905547
144,0.7,0.3,0.2855993321,932,0.9620285893,0.005205851763
144,0.7,0.3,0.2855993321,934,0.9619404397,0.005197761651
144,0.7,0.3,0.2855993321,936,0.9618629939,0.00518722239
144,0.7,0.3,0.2855993321,938,0.9617927928,0.005178064258
144,0.7,0.3,0.2855993321,940,0.9617331915,0.005165081199
144,0.7,0.3,0.2855993321,942,0.9616670925,0.005154462339
144,0.7,0.3,0.2855993321,944,0.9616003277,0.005148041976
144,0.7,0.3,0.2855993321,946,0.9615341275,0.00514820565
144,0.7,0.3,0.2855993321,948,0.9614741881,0.005145950167
144,0.7,0.3,0.2855993321,950,0.9614198079,0.005144747972
144,0.7,0.3,0.2855993321,952,0.9613677441,0.005142385142
144,0.7,0.3,0.2855993321,954,0.9613181171,0.00514112864
144,0.7,0.3,0.2855993321,956,0.9612645657,0.005138556469
144,0.7,0.3,0.2855993321,958,0.9612025128,0.005133846516
144,0.7,0.3,0.2855993321,960,0.9611376292,0.005128258641
144,0.7,0.3,0.2855993321,962,0.9610675991,0.005121327539
144,0.7,0.3,0.2855993321,964,0.960993996,0.005117273128
144,0.7,0.3,0.2855993321,966,0.9609212396,0.005115428959
144,0.7,0.3,0.2855993321,968,0.9608590882,0.005112247116
144,0.7,0.3,0.2855993321,970,0.960788398,0.005107326433
144,0.7,0.3,0.2855993321,972,0.9607191556,0.005104848393
144,0.7,0.3,0.2855993321,974,0.9606507285,0.005103079116
144,0.7,0.3,0.2855993321,976,0.9605911753,0.005100362412
144,0.7,0.3,0.2855993321,978,0.9605324663,0.005096435347
144,0.7,0.3,0.2855993321,980,0.9604762184,0.005092219222
144,0.7,0.3,0.2855993321,982,0.9604237422,0.005089510678
144,0.7,0.3,0.2855993321,984,0.960368325,0.005084738694
144,0.7,0.3,0.2855993321,986,0.9603118012,0.005085408859
144,0.7,0.3,0.2855993321,988,0.9602552521,0.005088797141
144,0.7,0.3,0.2855993321,990,0.9601875084,0.005090295697
144,0.7,0.3,0.2855993321,992,0.9601165646,0.005093455618
144,0.7,0.3,0.2855993321,994,0.9600439993,0.005093512616
144,0.7,0.3,0.2855993321,996,0.9599706048,0.005093776887
144,0.7,0.3,0.2855993321,998,0.959902082,0.005096197957
144,0.7,0.3,0.2855993321,1000,0.9598250687,0.005098928663
144,0.7,0.3,0.2855993321,1002,0.9597449274,0.005103638329
144,0.7,0.3,0.2855993321,1004,0.9596735418,0.005110791084
144,0.7,0.3,0.2855993321,1006,0.959605208,0.005116421471
144,0.7,0.3,0.2855993321,1008,0.9595353597,0.005124022656
144,0.7,0.3,0.2855993321,1010,0.9594547275,0.005130598042
144,0.7,0.3,0.2855993321,1012,0.9593696665,0.00514473986
144,0.7,0.3,0.2855993321,1014,0.9592804325,0.005154304575
144,0.7,0.3,0.2855993321,1016,0.9591997077,0.005163971426
144,0.7,0.3,0.2855993321,1018,0.9591184772,0.00517294636
144,0.7,0.3,0.2855993321,1020,0.9590298997,0.005183685007
144,0.7,0.3,0.2855993321,1022,0.9589368413,0.005198158746
144,0.7,0.3,0.2855993321,1024,0.9588481826,0.005210741356
144,0.7,0.3,0.2855993321,1026,0.9587683586,0.005221321165
144,0.7,0.3,0.2855993321,1028,0.9586854898,0.005233743006
144,0.7,0.3,0.2855993321,1030,0.9585986885,0.005245210617
144,0.7,0.3,0.2855993321,1032,0.9585160515,0.0052555557
144,0.7,0.3,0.2855993321,1034,0.958432366,0.005264218277
144,0.7,0.3,0.2855993321,1036,0.9583488943,0.005273078252
144,0.7,0.3,0.2855993321,1038,0.9582671902,0.005283720156
144,0.7,0.3,0.2855993321,1040,0.9581767043,0.005295585974
144,0.7,0.3,0.2855993321,1042,0.9580973525,0.005303860793
144,0.7,0.3,0.2855993321,1044,0.9580163206,0.005315847466
144,0.7,0.3,0.2855993321,1046,0.9579300963,0.005328608515
144,0.7,0.3,0.2855993321,1048,0.9578376773,0.005340671196
144,0.7,0.3,0.2855993321,1050,0.9577512891,0.005352965499
144,0.7,0.3,0.2855993321,1052,0.957664733,0.005369578939
144,0.7,0.3,0.2855993321,1054,0.9575750442,0.005382840099
144,0.7,0.3,0.2855993321,1056,0.9574882692,0.005399215398
144,0.7,0.3,0.2855993321,1058,0.9573977603,0.005409665281
144,0.7,0.3,0.2855993321,1060,0.9573065292,0.005421533414
144,0.7,0.3,0.2855993321,1062,0.9572098384,0.005441131656
144,0.7,0.3,0.2855993321,1064,0.9571157324,0.005462388239
144,0.7,0.3,0.2855993321,1066,0.9570220251,0.005482984626
144,0.7,0.3,0.2855993321,1068,0.9569337428,0.005506391433
144,0.7,0.3,0.2855993321,1070,0.9568503432,0.005527088624
144,0.7,0.3,0.2855993321,1072,0.9567712155,0.005549764643
144,0.7,0.3,0.2855993321,1074,0.9566943227,0.005576587058
144,0.7,0.3,0.2855993321,1076,0.9566222155,0.005605404236
144,0.7,0.3,0.2855993321,1078,0.9565567071,0.005629982078
144,0.7,0.3,0.2855993321,1080,0.9564852103,0.005648402426
144,0.7,0.3,0.2855993321,1082,0.9564217278,0.005671355948
144,0.7,0.3,0.2855993321,1084,0.9563510982,0.005690615311
144,0.7,0.3,0.2855993321,1086,0.9562851475,0.005711347846
144,0.7,0.3,0.2855993321,1088,0.9562238364,0.005730170974
144,0.7,0.3,0.2855993321,1090,0.9561561315,0.005745605116
144,0.7,0.3,0.2855993321,1092,0.9560924051,0.005766303032
144,0.7,0.3,0.2855993321,1094,0.9560225132,0.005785227168
144,0.7,0.3,0.2855993321,1096,0.9559515663,0.005804918231
144,0.7,0.3,0.2855993321,1098,0.9558815621,0.0058227941
144,0.7,0.3,0.2855993321,1100,0.9558163602,0.005837978045
144,0.7,0.3,0.2855993321,1102,0.9557536259,0.005854247556
144,0.7,0.3,0.2855993321,1104,0.9556770861,0.005875514071
144,0.7,0.3,0.2855993321,1106,0.9555979006,0.005898244808
144,0.7,0.3,0.2855993321,1108,0.9555252014,0.005918921949
144,0.7,0.3,0.2855993321,1110,0.9554571805,0.005940564038
144,0.7,0.3,0.2855993321,1112,0.9553887232,0.005962340404
144,0.7,0.3,0.2855993321,1114,0.9553254059,0.00598261401
144,0.7,0.3,0.2855993321,1116,0.9552623394,0.006002592188
144,0.7,0.3,0.2855993321,1118,0.9551960252,0.006025232739
144,0.7,0.3,0.2855993321,1120,0.9551376529,0.006048097475
144,0.7,0.3,0.2855993321,1122,0.9550750342,0.006068823087
144,0.7,0.3,0.2855993321,1124,0.9550031351,0.006084909285
144,0.7,0.3,0.2855993321,1126,0.9549346328,0.006102410486
144,0.7,0.3,0.2855993321,1128,0.9548610232,0.006120480621
144,0.7,0.3,0.2855993321,1130,0.9547859738,0.006138732069
144,0.7,0.3,0.2855993321,1132,0.9547122307,0.006158608721
144,0.7,0.3,0.2855993321,1134,0.9546514063,0.006177759655
144,0.7,0.3,0.2855993321,1136,0.9545958985,0.006193891496
144,0.7,0.3,0.2855993321,1138,0.9545404898,0.006214663125
144,0.7,0.3,0.2855993321,1140,0.9544822856,0.006233347614
144,0.7,0.3,0.2855993321,1142,0.9544279527,0.006254497623
144,0.7,0.3,0.2855993321,1144,0.954360434,0.006275126047
144,0.7,0.3,0.2855993321,1146,0.9542924675,0.006298489009
144,0.7,0.3,0.2855993321,1148,0.9542291597,0.006320839116
144,0.7,0.3,0.2855993321,1150,0.9541646915,0.006342834454
144,0.7,0.3,0.2855993321,1152,0.954094381,0.006365351792
144,0.7,0.3,0.2855993321,1154,0.9540162399,0.006383219533
144,0.7,0.3,0.2855993321,1156,0.9539313206,0.006394946199
144,0.7,0.3,0.2855993321,1158,0.9538505358,0.006407086787
144,0.7,0.3,0.2855993321,1160,0.9537636888,0.006423050358
144,0.7,0.3,0.2855993321,1162,0.9536736471,0.006440952197
144,0.7,0.3,0.2855993321,1164,0.9535819774,0.006458902297
144,0.7,0.3,0.2855993321,1166,0.953490511,0.006469611815
144,0.7,0.3,0.2855993321,1168,0.9533938537,0.006486599094
144,0.7,0.3,0.2855993321,1170,0.9533031189,0.006503814168
144,0.7,0.3,0.2855993321,1172,0.9532049889,0.006522600905
144,0.7,0.3,0.2855993321,1174,0.9531052968,0.006538318483
144,0.7,0.3,0.2855993321,1176,0.9530083612,0.00655850073
144,0.7,0.3,0.2855993321,1178,0.9529111472,0.006577899033
144,0.7,0.3,0.2855993321,1180,0.9528149291,0.006598601162
144,0.7,0.3,0.2855993321,1182,0.9527217499,0.006620246542
144,0.7,0.3,0.2855993321,1184,0.9526343445,0.006639919268
144,0.7,0.3,0.2855993321,1186,0.9525316872,0.006661001128
144,0.7,0.3,0.2855993321,1188,0.9524245317,0.006687003332
144,0.7,0.3,0.2855993321,1190,0.9523213493,0.006710539905
144,0.7,0.3,0.2855993321,1192,0.9522097342,0.006728763331
144,0.7,0.3,0.2855993321,1194,0.9520958019,0.006751737365
144,0.7,0.3,0.2855993321,1196,0.9519859944,0.006777043241
144,0.7,0.3,0.2855993321,1198,0.9518714843,0.006800460669
144,0.7,0.3,0.2855993321,1200,0.9517520729,0.006824273591
144,0.7,0.3,0.2855993321,1202,0.9516421957,0.00684878823
144,0.7,0.3,0.2855993321,1204,0.9515275021,0.006875929805
144,0.7,0.3,0.2855993321,1206,0.951415765,0.006894557292
144,0.7,0.3,0.2855993321,1208,0.9512987325,0.006919473199
144,0.7,0.3,0.2855993321,1210,0.9511807571,0.00694372969
144,0.7,0.3,0.2855993321,1212,0.9510714164,0.006967269126
144,0.7,0.3,0.2855993321,1214,0.9509659931,0.006993289573
144,0.7,0.3,0.2855993321,1216,0.9508612778,0.007023810787
144,0.7,0.3,0.2855993321,1218,0.9507506652,0.007050232692
144,0.7,0.3,0.2855993321,1220,0.9506404096,0.007079797197
144,0.7,0.3,0.2855993321,1222,0.9505318327,0.007104059072
144,0.7,0.3,0.2855993321,1224,0.9504294387,0.007133196875
144,0.7,0.3,0.2855993321,1226,0.9503217421,0.007154591754
144,0.7,0.3,0.2855993321,1228,0.950211732,0.007173469254
144,0.7,0.3,0.2855993321,1230,0.9500967726,0.007198583291
144,0.7,0.3,0.2855993321,1232,0.9499894474,0.007223240306
144,0.7,0.3,0.2855993321,1234,0.9498779241,0.007245196089
144,0.7,0.3,0.2855993321,1236,0.9497560854,0.007268077058
144,0.7,0.3,0.2855993321,1238,0.949633966,0.007294020884
144,0.7,0.3,0.2855993321,1240,0.9495163772,0.007317296086
144,0.7,0.3,0.2855993321,1242,0.949394329,0.007337108439
144,0.7,0.3,0.2855993321,1244,0.9492822327,0.007354139634
144,0.7,0.3,0.2855993321,1246,0.9491715705,0.007371765343
144,0.7,0.3,0.2855993321,1248,0.9490676479,0.007390322687
144,0.6,0.4,0.2855993321,0,1,0
144,0.6,0.4,0.2855993321,2,0.9998932045,1.381504992e-06
144,0.6,0.4,0.2855993321,4,0.9997637788,3.843822364e-06
144,0.6,0.4,0.2855993321,6,0.9996484196,8.020583123e-06
144,0.6,0.4,0.2855993321,8,0.9995408761,1.294865544e-05
144,0.6,0.4,0.2855993321,10,0.9994359488,1.662001343e-05
144,0.6,0.4,0.2855993321,12,0.9993256794,1.981920546e-05
144,0.6,0.4,0.2855993321,14,0.9992166852,2.224189633e-05
144,0.6,0.4,0.2855993321,16,0.9991077318,2.661957353e-05
144,0.6,0.4,0.2855993321,18,0.9990009584,3.244400946e-05
144,0.6,0.4,0.2855993321,20,0.998893692,3.701771141e-05
144,0.6,0.4,0.2855993321,22,0.9987886399,4.131897456e-05
144,0.6,0.4,0.2855993321,24,0.9986882228,4.372968532e-05
144,0.6,0.4,0.2855993321,26,0.9985870045,4.74617229e-05
144,0.6,0.4,0.2855993321,28,0.9984813357,5.023187301e-05
144,0.6,0.4,0.2855993321,30,0.9983775491,5.622043338e-05
144,0.6,0.4,0.2855993321,32,0.9982739258,6.204225438e-05
144,0.6,0.4,0.2855993321,34,0.9981754255,6.741037492e-05
144,0.6,0.4,0.2855993321,36,0.9980832368,7.170014694e-05
144,0.6,0.4,0.2855993321,38,0.9979934,7.5541005e-05
144,0.6,0.4,0.2855993321,40,0.9979090325,8.039283865e-05
144,0.6,0.4,0.2855993321,42,0.9978267973,8.257998596e-05
144,0.6,0.4,0.2855993321,44,0.9977452128,8.58237383e-05
144,0.6,0.4,0.2855993321,46,0.9976627008,8.879609716e-05
144,0.6,0.4,0.2855993321,48,0.9975852383,9.140471611e-05
144,0.6,0.4,0.2855993321,50,0.9975089599,9.598967123e-05
144,0.6,0.4,0.2855993321,52,0.9974308879,0.0001031085216
144,0.6,0.4,0.2855993321,54,0.9973537434,0.0001073207538
144,0.6,0.4,0.2855993321,56,0.9972735459,0.0001103081132
144,0.6,0.4,0.2855993321,58,0.9971894183,0.0001136993176
144,0.6,0.4,0.2855993321,60,0.9971034201,0.0001186361559
144,0.6,0.4,0.2855993321,62,0.9970183764,0.0001243335898
144,0.6,0.4,0.2855993321,64,0.9969354663,0.0001332265269
144,0.6,0.4,0.2855993321,66,0.9968544811,0.0001381736974
144,0.6,0.4,0.2855993321,68,0.9967735452,0.0001439049686
144,0.6,0.4,0.2855993321,70,0.9966947416,0.0001497284647
144,0.6,0.4,0.2855993321,72,0.9966122036,0.0001553270527
144,0.6,0.4,0.2855993321,74,0.9965294769,0.0001606929495
144,0.6,0.4,0.2855993321,76,0.9964496067,0.0001657074079
144,0.6,0.4,0.2855993321,78,0.9963720375,0.0001672609768
144,0.6,0.4,0.2855993321,80,0.9962907483,0.0001685183786
144,0.6,0.4,0.2855993321,82,0.9962095905,0.0001747289766
144,0.6,0.4,0.2855993321,84,0.996128264,0.0001817876535
144,0.6,0.4,0.2855993321,86,0.9960453851,0.0001841401689
144,0.6,0.4,0.2855993321,88,0.9959654293,0.0001850597511
144,0.6,0.4,0.2855993321,90,0.9958799827,0.000187539239
144,0.6,0.4,0.2855993321,92,0.9957960476,0.0001935786292
144,0.6,0.4,0.2855993321,94,0.9957045573,0.0001980749733
144,0.6,0.4,0.2855993321,96,0.9956113393,0.0002044804534
144,0.6,0.4,0.2855993321,98,0.9955200152,0.0002105058437
144,0.6,0.4,0.2855993321,100,0.9954262522,0.0002195389023
144,0.6,0.4,0.2855993321,102,0.9953360888,0.0002240361149
144,0.6,0.4,0.2855993321,104,0.9952474806,0.0002294840113
144,0.6,0.4,0.2855993321,106,0.9951639256,0.0002335108652
144,0.6,0.4,0.2855993321,108,0.9950789468,0.0002359266525
144,0.6,0.4,0.2855993321,110,0.9949946889,0.0002376937451
144,0.6,0.4,0.2855993321,112,0.9949104143,0.0002407849404
144,0.6,0.4,0.2855993321,114,0.9948268683,0.0002458989674
144,0.6,0.4,0.2855993321,116,0.9947448396,0.0002509283915
144,0.6,0.4,0.2855993321,118,0.9946608157,0.000256435634
144,0.6,0.4,0.2855993321,120,0.9945774473,0.0002628884908
144,0.6,0.4,0.2855993321,122,0.9945002807,0.0002692556225
144,0.6,0.4,0.2855993321,124,0.9944186577,0.000275943334
144,0.6,0.4,0.2855993321,126,0.9943354449,0.0002810138832
144,0.6,0.4,0.2855993321,128,0.9942508819,0.0002868342594
144,0.6,0.4,0.2855993321,130,0.9941669035,0.0002920603338
144,0.6,0.4,0.2855993321,132,0.9940891614,0.0002990738572
144,0.6,0.4,0.2855993321,134,0.9940126097,0.0003083661646
144,0.6,0.4,0.2855993321,136,0.9939370239,0.0003194980276
144,0.6,0.4,0.2855993321,138,0.9938645372,0.0003316583772
144,0.6,0.4,0.2855993321,140,0.9937937052,0.0003462421817
144,0.6,0.4,0.2855993321,142,0.9937206357,0.0003588468946
144,0.6,0.4,0.2855993321,144,0.9936517279,0.0003697491243
144,0.6,0.4,0.2855993321,146,0.9935838045,0.0003846006433
144,0.6,0.4,0.2855993321,148,0.9935099041,0.0003972221743
144,0.6,0.4,0.2855993321,150,0.9934431473,0.0004119419631
144,0.6,0.4,0.2855993321,152,0.993381223,0.0004275091399
144,0.6,0.4,0.2855993321,154,0.9933156253,0.0004430069995
144,0.6,0.4,0.2855993321,156,0.99324881,0.0004578148381
144,0.6,0.4,0.2855993321,158,0.9931793886,0.0004714625669
144,0.6,0.4,0.2855993321,160,0.9931126643,0.0004858747693
144,0.6,0.4,0.2855993321,162,0.9930467482,0.0005000132045
144,0.6,0.4,0.2855993321,164,0.9929769858,0.0005151804922
144,0.6,0.4,0.2855993321,166,0.992907624,0.0005275339466
144,0.6,0.4,0.2855993321,168,0.9928410376,0.0005402650741
144,0.6,0.4,0.2855993321,170,0.9927723141,0.0005557635914
144,0.6,0.4,0.2855993321,172,0.9926998377,0.000569178759
144,0.6,0.4,0.2855993321,174,0.9926203401,0.0005809854434
144,0.6,0.4,0.2855993321,176,0.992541041,0.0005927571869
144,0.6,0.4,0.2855993321,178,0.9924640498,0.0006074038932
144,0.6,0.4,0.2855993321,180,0.9923922209,0.0006244739579
144,0.6,0.4,0.2855993321,182,0.9923224479,0.0006419108366
144,0.6,0.4,0.2855993321,184,0.9922528874,0.0006587071999
144,0.6,0.4,0.2855993321,186,0.9921749442,0.0006753311965
144,0.6,0.4,0.2855993321,188,0.9920986237,0.0006888978407
144,0.6,0.4,0.2855993321,190,0.9920183157,0.0007049675556
144,0.6,0.4,0.2855993321,192,0.9919397035,0.000723680607
144,0.6,0.4,0.2855993321,194,0.9918615583,0.0007425071461
144,0.6,0.4,0.2855993321,196,0.9917786554,0.0007595169117
144,0.6,0.4,0.2855993321,198,0.9916979473,0.0007760136513
144,0.6,0.4,0.2855993321,200,0.9916195168,0.0007905130085
144,0.6,0.4,0.2855993321,202,0.9915435939,0.0008065169828
144,0.6,0.4,0.2855993321,204,0.9914671834,0.0008231875764
144,0.6,0.4,0.2855993321,206,0.9913937206,0.0008386740902
144,0.6,0.4,0.2855993321,208,0.991316536,0.0008541171845
144,0.6,0.4,0.2855993321,210,0.9912465529,0.0008684523617
144,0.6,0.4,0.2855993321,212,0.9911757917,0.0008861617508
144,0.6,0.4,0.2855993321,214,0.9911105204,0.0009012476177
144,0.6,0.4,0.2855993321,216,0.9910496876,0.0009195007953
144,0.6,0.4,0.2855993321,218,0.9909848246,0.0009376974906
144,0.6,0.4,0.2855993321,220,0.9909158531,0.0009544556339
144,0.6,0.4,0.2855993321,222,0.9908493228,0.0009720843554
144,0.6,0.4,0.2855993321,224,0.9907849891,0.0009889296349
144,0.6,0.4,0.2855993321,226,0.9907186832,0.001008491971
144,0.6,0.4,0.2855993321,228,0.9906510156,0.001026563915
144,0.6,0.4,0.2855993321,230,0.9905878535,0.00104643481
144,0.6,0.4,0.2855993321,232,0.9905353068,0.001063238317
144,0.6,0.4,0.2855993321,234,0.9904829034,0.001080654669
144,0.6,0.4,0.2855993321,236,0.9904293174,0.001096875419
144,0.6,0.4,0.2855993321,238,0.9903718985,0.001112642565
144,0.6,0.4,0.2855993321,240,0.9903162823,0.001128753785
144,0.6,0.4,0.2855993321,242,0.990261037,0.001140570774
144,0.6,0.4,0.2855993321,244,0.9902041308,0.001154561786
144,0.6,0.4,0.2855993321,246,0.9901513215,0.001169680237
144,0.6,0.4,0.2855993321,248,0.9900956927,0.001184316782
144,0.6,0.4,0.2855993321,250,0.9900344512,0.001200204167
144,0.6,0.4,0.2855993321,252,0.9899723502,0.001217392848
144,0.6,0.4,0.2855993321,254,0.9899116989,0.001234557501
144,0.6,0.4,0.2855993321,256,0.9898472289,0.001250839939
144,0.6,0.4,0.2855993321,258,0.9897847925,0.001263869276
144,0.6,0.4,0.2855993321,260,0.9897275801,0.001276427535
144,0.6,0.4,0.2855993321,262,0.9896717944,0.001292121263
144,0.6,0.4,0.2855993321,264,0.9896134368,0.001306774576
144,0.6,0.4,0.2855993321,266,0.9895529521,0.001322702028
144,0.6,0.4,0.2855993321,268,0.9894920471,0.001337419016
144,0.6,0.4,0.2855993321,270,0.9894296006,0.00135145017
144,0.6,0.4,0.2855993321,272,0.9893658961,0.001363598535
144,0.6,0.4,0.2855993321,274,0.9893034547,0.001375959814
144,0.6,0.4,0.2855993321,276,0.9892413437,0.00138960817
144,0.6,0.4,0.2855993321,278,0.9891791153,0.001404736312
144,0.6,0.4,0.2855993321,280,0.989120684,0.001420632899
144,0.6,0.4,0.2855993321,282,0.9890638373,0.001433514886
144,0.6,0.4,0.2855993321,284,0.9890109533,0.001444832402
144,0.6,0.4,0.2855993321,286,0.9889607926,0.001456694846
144,0.6,0.4,0.2855993321,288,0.9889149502,0.001470755772
144,0.6,0.4,0.2855993321,290,0.9888749712,0.001481295451
144,0.6,0.4,0.2855993321,292,0.9888303159,0.001491481615
144,0.6,0.4,0.2855993321,294,0.9887799138,0.001504228712
144,0.6,0.4,0.2855993321,296,0.9887293522,0.001516497032
144,0.6,0.4,0.2855993321,298,0.9886799118,0.001525769129
144,0.6,0.4,0.2855993321,300,0.9886304838,0.001531850506
144,0.6,0.4,0.2855993321,302,0.9885788823,0.001540101521
144,0.6,0.4,0.2855993321,304,0.9885236902,0.001551124432
144,0.6,0.4,0.2855993321,306,0.9884718654,0.001565533551
144,0.6,0.4,0.2855993321,308,0.9884169748,0.001577307774
144,0.6,0.4,0.2855993321,310,0.988365111,0.001588767579
144,0.6,0.4,0.2855993321,312,0.9883136819,0.001602110011
144,0.6,0.4,0.2855993321,314,0.9882712181,0.001614935292
144,0.6,0.4,0.2855993321,316,0.988233443,0.001626204656
144,0.6,0.4,0.2855993321,318,0.9881862985,0.001637607144
144,0.6,0.4,0.2855993321,320,0.9881359224,0.001652223144
144,0.6,0.4,0.2855993321,322,0.9880826784,0.001665890732
144,0.6,0.4,0.2855993321,324,0.9880253572,0.001680553613
144,0.6,0.4,0.2855993321,326,0.9879686956,0.00168736189
144,0.6,0.4,0.2855993321,328,0.9879163118,0.001693491487
144,0.6,0.4,0.2855993321,330,0.9878659315,0.001700321133
144,0.6,0.4,0.2855993321,332,0.9878157072,0.001707214637
144,0.6,0.4,0.2855993321,334,0.9877614303,0.001710014917
144,0.6,0.4,0.2855993321,336,0.9877054505,0.00171349746
144,0.6,0.4,0.2855993321,338,0.9876536068,0.001718042819
144,0.6,0.4,0.2855993321,340,0.9876061384,0.001722236921
144,0.6,0.4,0.2855993321,342,0.9875552279,0.001726667278
144,0.6,0.4,0.2855993321,344,0.9875007582,0.001729124464
144,0.6,0.4,0.2855993321,346,0.9874458175,0.001730830647
144,0.6,0.4,0.2855993321,348,0.9873879004,0.001733051757
144,0.6,0.4,0.2855993321,350,0.9873336008,0.001734509896
144,0.6,0.4,0.2855993321,352,0.9872804634,0.001735384151
144,0.6,0.4,0.2855993321,354,0.9872273999,0.001735548904
144,0.6,0.4,0.2855993321,356,0.9871755644,0.001733177863
144,0.6,0.4,0.2855993321,358,0.9871277296,0.001735679546
144,0.6,0.4,0.2855993321,360,0.9870751398,0.001742875144
144,0.6,0.4,0.2855993321,362,0.9870270245,0.001747195415
144,0.6,0.4,0.2855993321,364,0.9869803969,0.001750611355
144,0.6,0.4,0.2855993321,366,0.9869309803,0.001753482755
144,0.6,0.4,0.2855993321,368,0.9868756227,0.0017555667
144,0.6,0.4,0.2855993321,370,0.9868209285,0.001758431006
144,0.6,0.4,0.2855993321,372,0.9867653634,0.001762399462
144,0.6,0.4,0.2855993321,374,0.986715567,0.001766340977
144,0.6,0.4,0.2855993321,376,0.9866694063,0.001768665983
144,0.6,0.4,0.2855993321,378,0.9866164887,0.001773832617
144,0.6,0.4,0.2855993321,380,0.9865607676,0.001780963816
144,0.6,0.4,0.2855993321,382,0.986504886,0.001784267264
144,0.6,0.4,0.2855993321,384,0.9864474092,0.001789546054
144,0.6,0.4,0.2855993321,386,0.9863934477,0.001792746481
144,0.6,0.4,0.2855993321,388,0.9863374806,0.001797727407
144,0.6,0.4,0.2855993321,390,0.9862860425,0.001801368667
144,0.6,0.4,0.2855993321,392,0.9862320315,0.001802453326
144,0.6,0.4,0.2855993321,394,0.9861733679,0.001804289012
144,0.6,0.4,0.2855993321,396,0.9861178743,0.001803618179
144,0.6,0.4,0.2855993321,398,0.9860599797,0.001804892693
144,0.6,0.4,0.2855993321,400,0.9859983979,0.001806376224
144,0.6,0.4,0.2855993321,402,0.985926984,0.001804813341
144,0.6,0.4,0.2855993321,404,0.98585982,0.001803348382
144,0.6,0.4,0.2855993321,406,0.9857903394,0.001796663023
144,0.6,0.4,0.2855993321,408,0.9857278671,0.001792664829
144,0.6,0.4,0.2855993321,410,0.9856693863,0.001787735183
144,0.6,0.4,0.2855993321,412,0.9856073974,0.001783546559
144,0.6,0.4,0.2855993321,414,0.985552666,0.001783849546
144,0.6,0.4,0.2855993321,416,0.9855020515,0.001783662076
144,0.6,0.4,0.2855993321,418,0.9854483908,0.001783500634
144,0.6,0.4,0.2855993321,420,0.9853900295,0.001782313312
144,0.6,0.4,0.2855993321,422,0.9853287222,0.001778596417
144,0.6,0.4,0.2855993321,424,0.9852698555,0.001771989262
144,0.6,0.4,0.2855993321,426,0.985208454,0.001771304997
144,0.6,0.4,0.2855993321,428,0.9851478829,0.001772446042
144,0.6,0.4,0.2855993321,430,0.9850852738,0.00176860015
144,0.6,0.4,0.2855993321,432,0.9850268443,0.001766382047
144,0.6,0.4,0.2855993321,434,0.9849688059,0.001766026292
144,0.6,0.4,0.2855993321,436,0.9849092849,0.001762267189
144,0.6,0.4,0.2855993321,438,0.9848467481,0.001761136234
144,0.6,0.4,0.2855993321,440,0.9847832191,0.001763636338
144,0.6,0.4,0.2855993321,442,0.9847274959,0.001767612543
144,0.6,0.4,0.2855993321,444,0.9846724463,0.001770043912
144,0.6,0.4,0.2855993321,446,0.98461904,0.00177021707
144,0.6,0.4,0.2855993321,448,0.9845667931,0.001769409878
144,0.6,0.4,0.2855993321,450,0.984519392,0.001769470684
144,0.6,0.4,0.2855993321,452,0.9844720941,0.00176765321
144,0.6,0.4,0.2855993321,454,0.9844198948,0.00176760548
144,0.6,0.4,0.2855993321,456,0.9843671195,0.0017695846
144,0.6,0.4,0.2855993321,458,0.9843183924,0.001770442661
144,0.6,0.4,0.2855993321,460,0.9842750062,0.001773684546
144,0.6,0.4,0.2855993321,462,0.9842330116,0.00177532234
144,0.6,0.4,0.2855993321,464,0.9841926766,0.001781808631
144,0.6,0.4,0.2855993321,466,0.9841546692,0.001787445788
144,0.6,0.4,0.2855993321,468,0.984114181,0.001792905558
144,0.6,0.4,0.2855993321,470,0.9840704412,0.001798381757
144,0.6,0.4,0.2855993321,472,0.9840267755,0.001807281377
144,0.6,0.4,0.2855993321,474,0.9839810245,0.001817426695
144,0.6,0.4,0.2855993321,476,0.9839357779,0.00183014436
144,0.6,0.4,0.2855993321,478,0.9838908671,0.001840920933
144,0.6,0.4,0.2855993321,480,0.9838445022,0.001852092808
144,0.6,0.4,0.2855993321,482,0.983799812,0.001862981672
144,0.6,0.4,0.2855993321,484,0.9837534062,0.001872446896
144,0.6,0.4,0.2855993321,486,0.9837088509,0.001882550106
144,0.6,0.4,0.2855993321,488,0.9836588563,0.001896324591
144,0.6,0.4,0.2855993321,490,0.9836110715,0.00191168267
144,0.6,0.4,0.2855993321,492,0.9835631798,0.001924535952
144,0.6,0.4,0.2855993321,494,0.9835173519,0.001938654801
144,0.6,0.4,0.2855993321,496,0.9834664704,0.001952050312
144,0.6,0.4,0.2855993321,498,0.9834185218,0.001966799257
144,0.6,0.4,0.2855993321,500,0.9833725588,0.001978160541
144,0.6,0.4,0.2855993321,502,0.9833182517,0.001990919879
144,0.6,0.4,0.2855993321,504,0.983262504,0.002002941339
144,0.6,0.4,0.2855993321,506,0.9832131546,0.002013867957
144,0.6,0.4,0.2855993321,508,0.9831649334,0.002023142619
144,0.6,0.4,0.2855993321,510,0.9831199973,0.002033087696
144,0.6,0.4,0.2855993321,512,0.9830724561,0.002043695558
144,0.6,0.4,0.2855993321,514,0.9830261059,0.00205088337
144,0.6,0.4,0.2855993321,516,0.9829817223,0.002063643793
144,0.6,0.4,0.2855993321,518,0.9829355262,0.002074816812
144,0.6,0.4,0.2855993321,520,0.9828811217,0.002086908193
144,0.6,0.4,0.2855993321,522,0.9828249585,0.002102848717
144,0.6,0.4,0.2855993321,524,0.9827722108,0.002117185107
144,0.6,0.4,0.2855993321,526,0.9827194485,0.002133411669
144,0.6,0.4,0.2855993321,528,0.9826593207,0.002150032148
144,0.6,0.4,0.2855993321,530,0.9826018478,0.002167518065
144,0.6,0.4,0.2855993321,532,0.9825380617,0.002186931535
144,0.6,0.4,0.2855993321,534,0.9824754608,0.002207842092
144,0.6,0.4,0.2855993321,536,0.9824207179,0.002225202361
144,0.6,0.4,0.2855993321,538,0.9823668979,0.002241245753
144,0.6,0.4,0.2855993321,540,0.9823119669,0.002258701252
144,0.6,0.4,0.2855993321,542,0.9822562976,0.002277477077
144,0.6,0.4,0.2855993321,544,0.9822019172,0.00229515621
144,0.6,0.4,0.2855993321,546,0.982156133,0.002310772285
144,0.6,0.4,0.2855993321,548,0.9821063745,0.002327593197
144,0.6,0.4,0.2855993321,550,0.9820517396,0.002343152605
144,0.6,0.4,0.2855993321,552,0.9820007808,0.002361846047
144,0.6,0.4,0.2855993321,554,0.981955904,0.002379713062
144,0.6,0.4,0.2855993321,556,0.9819185094,0.002396715286
144,0.6,0.4,0.2855993321,558,0.9818763527,0.00241478538
144,0.6,0.4,0.2855993321,560,0.9818362894,0.002436963332
144,0.6,0.4,0.2855993321,562,0.9817942698,0.002461176514
144,0.6,0.4,0.2855993321,564,0.9817532568,0.002480869216
144,0.6,0.4,0.2855993321,566,0.9817129728,0.00250305956
144,0.6,0.4,0.2855993321,568,0.9816824813,0.002524871557
144,0.6,0.4,0.2855993321,570,0.9816465774,0.002548226704
144,0.6,0.4,0.2855993321,572,0.9816091964,0.002568532542
144,0.6,0.4,0.2855993321,574,0.9815696895,0.002592405723
144,0.6,0.4,0.2855993321,576,0.981534427,0.002616012228
144,0.6,0.4,0.2855993321,578,0.9814944086,0.002639918442
144,0.6,0.4,0.2855993321,580,0.9814532541,0.002663471634
144,0.6,0.4,0.2855993321,582,0.9814075052,0.002688336737
144,0.6,0.4,0.2855993321,584,0.981362686,0.002711417312
144,0.6,0.4,0.2855993321,586,0.981322943,0.002735845866
144,0.6,0.4,0.2855993321,588,0.9812858922,0.002761919207
144,0.6,0.4,0.2855993321,590,0.9812569274,0.002785662232
144,0.6,0.4,0.2855993321,592,0.9812231304,0.002813987881
144,0.6,0.4,0.2855993321,594,0.9811838865,0.002840500605
144,0.6,0.4,0.2855993321,596,0.9811452342,0.002863464385
144,0.6,0.4,0.2855993321,598,0.9811050958,0.002888054252
144,0.6,0.4,0.2855993321,600,0.9810591681,0.002911613198
144,0.6,0.4,0.2855993321,602,0.9810158946,0.002931508009
144,0.6,0.4,0.2855993321,604,0.9809721721,0.002950270303
144,0.6,0.4,0.2855993321,606,0.9809314471,0.002968653768
144,0.6,0.4,0.2855993321,608,0.9808865271,0.00298972511
144,0.6,0.4,0.2855993321,610,0.9808431239,0.003007029033
144,0.6,0.4,0.2855993321,612,0.9807983874,0.003020321988
144,0.6,0.4,0.2855993321,614,0.9807533808,0.003039559474
144,0.6,0.4,0.2855993321,616,0.980704454,0.003060010193
144,0.6,0.4,0.2855993321,618,0.9806560114,0.003078298324
144,0.6,0.4,0.2855993321,620,0.9805994901,0.003092255831
144,0.6,0.4,0.2855993321,622,0.98054215,0.003104431931
144,0.6,0.4,0.2855993321,624,0.9804911502,0.003117121138
144,0.6,0.4,0.2855993321,626,0.9804419314,0.003130191417
144,0.6,0.4,0.2855993321,628,0.9803943114,0.003142723559
144,0.6,0.4,0.2855993321,630,0.9803477188,0.003157880294
144,0.6,0.4,0.2855993321,632,0.9803030983,0.003172243275
144,0.6,0.4,0.2855993321,634,0.9802499526,0.003187796344
144,0.6,0.4,0.2855993321,636,0.9801896526,0.003202208818
144,0.6,0.4,0.2855993321,638,0.9801303635,0.003218306364
144,0.6,0.4,0.2855993321,640,0.9800737593,0.003238668852
144,0.6,0.4,0.2855993321,642,0.980012463,0.003256546266
144,0.6,0.4,0.2855993321,644,0.979952235,0.003276791129
144,0.6,0.4,0.2855993321,646,0.9798903332,0.003296399378
144,0.6,0.4,0.2855993321,648,0.9798303213,0.003312986043
144,0.6,0.4,0.2855993321,650,0.9797710374,0.003330459922
144,0.6,0.4,0.2855993321,652,0.979709183,0.003349846956
144,0.6,0.4,0.2855993321,654,0.9796494654,0.003364153534
144,0.6,0.4,0.2855993321,656,0.9795878,0.003378183214
144,0.6,0.4,0.2855993321,658,0.9795280968,0.003393730372
144,0.6,0.4,0.2855993321,660,0.9794730038,0.00340936471
144,0.6,0.4,0.2855993321,662,0.9794181259,0.003425220111
144,0.6,0.4,0.2855993321,664,0.979366315,0.003441442323
144,0.6,0.4,0.2855993321,666,0.9793117991,0.003464402801
144,0.6,0.4,0.2855993321,668,0.9792631475,0.003485929767
144,0.6,0.4,0.2855993321,670,0.9792106574,0.003507461911
144,0.6,0.4,0.2855993321,672,0.9791556383,0.003528530878
144,0.6,0.4,0.2855993321,674,0.9790947229,0.003547023242
144,0.6,0.4,0.2855993321,676,0.9790401209,0.00356417345
144,0.6,0.4,0.2855993321,678,0.9789819616,0.003578914032
144,0.6,0.4,0.2855993321,680,0.9789271062,0.003593965472
144,0.6,0.4,0.2855993321,682,0.9788709945,0.003607965654
144,0.6,0.4,0.2855993321,684,0.9788228314,0.003622316794
144,0.6,0.4,0.2855993321,686,0.9787729278,0.003636072602
144,0.6,0.4,0.2855993321,688,0.9787188695,0.003652827109
144,0.6,0.4,0.2855993321,690,0.9786646898,0.003666886614
144,0.6,0.4,0.2855993321,692,0.9786108899,0.003679552795
144,0.6,0.4,0.2855993321,694,0.9785628459,0.003695797307
144,0.6,0.4,0.2855993321,696,0.978507015,0.00371394136
144,0.6,0.4,0.2855993321,698,0.9784533693,0.003730179788
144,0.6,0.4,0.2855993321,700,0.978396586,0.003745047701
144,0.6,0.4,0.2855993321,702,0.9783347538,0.003760469383
144,0.6,0.4,0.2855993321,704,0.9782814182,0.003776282609
144,0.6,0.4,0.2855993321,706,0.9782203338,0.003791938753
144,0.6,0.4,0.2855993321,708,0.9781611934,0.003807993196
144,0.6,0.4,0.2855993321,710,0.9780992154,0.00382425905
144,0.6,0.4,0.2855993321,712,0.9780332556,0.003843146889
144,0.6,0.4,0.2855993321,714,0.9779691336,0.003858876559
144,0.6,0.4,0.2855993321,716,0.9779036738,0.003876051912
144,0.6,0.4,0.2855993321,718,0.9778312501,0.003891812398
144,0.6,0.4,0.2855993321,720,0.9777570051,0.003909687052
144,0.6,0.4,0.2855993321,722,0.9776908797,0.003926069665
144,0.6,0.4,0.2855993321,724,0.9776219787,0.003944567943
144,0.6,0.4,0.2855993321,726,0.9775515126,0.003966850965
144,0.6,0.4,0.2855993321,728,0.9774859386,0.003983539442
144,0.6,0.4,0.2855993321,730,0.9774225164,0.003999137295
144,0.6,0.4,0.2855993321,732,0.9773590333,0.004017179278
144,0.6,0.4,0.2855993321,734,0.9772899702,0.004030135085
144,0.6,0.4,0.2855993321,736,0.9772168748,0.00404026638
144,0.6,0.4,0.2855993321,738,0.9771495315,0.004051829485
144,0.6,0.4,0.2855993321,740,0.9770795691,0.004063881175
144,0.6,0.4,0.2855993321,742,0.977006666,0.004071183154
144,0.6,0.4,0.2855993321,744,0.9769385161,0.00407792645
144,0.6,0.4,0.2855993321,746,0.9768673179,0.0040898857
144,0.6,0.4,0.2855993321,748,0.9767985486,0.004103391442
144,0.6,0.4,0.2855993321,750,0.9767323402,0.00412102095
144,0.6,0.4,0.2855993321,752,0.9766754631,0.004136151274
144,0.6,0.4,0.2855993321,754,0.9766172021,0.004145863773
144,0.6,0.4,0.2855993321,756,0.9765558197,0.004157879103
144,0.6,0.4,0.2855993321,758,0.9764915412,0.004168610875
144,0.6,0.4,0.2855993321,760,0.9764248664,0.004180051329
144,0.6,0.4,0.2855993321,762,0.9763574127,0.004187651862
144,0.6,0.4,0.2855993321,764,0.9762967406,0.004200124514
144,0.6,0.4,0.2855993321,766,0.9762366461,0.004217386438
144,0.6,0.4,0.2855993321,768,0.9761697042,0.004236253098
144,0.6,0.4,0.2855993321,770,0.9761004115,0.004253528259
144,0.6,0.4,0.2855993321,772,0.9760353498,0.004268383754
144,0.6,0.4,0.2855993321,774,0.9759702706,0.004282826386
144,0.6,0.4,0.2855993321,776,0.9759026948,0.004297891859
144,0.6,0.4,0.2855993321,778,0.9758331813,0.004309538962
144,0.6,0.4,0.2855993321,780,0.9757610574,0.004323527911
144,0.6,0.4,0.2855993321,782,0.9756885527,0.004334802086
144,0.6,0.4,0.2855993321,784,0.9756186653,0.004353630824
144,0.6,0.4,0.2855993321,786,0.9755553911,0.004372327693
144,0.6,0.4,0.2855993321,788,0.9754867522,0.004390285792
144,0.6,0.4,0.2855993321,790,0.9754184753,0.004402561393
144,0.6,0.4,0.2855993321,792,0.9753394506,0.00441629134
144,0.6,0.4,0.2855993321,794,0.9752674742,0.004431990237
144,0.6,0.4,0.2855993321,796,0.9751982235,0.004446882498
144,0.6,0.4,0.2855993321,798,0.975128364,0.004462276672
144,0.6,0.4,0.2855993321,800,0.975056102,0.004473930256
144,0.6,0.4,0.2855993321,802,0.9749890192,0.00448570662
144,0.6,0.4,0.2855993321,804,0.9749253251,0.004497738737
144,0.6,0.4,0.2855993321,806,0.9748627215,0.004503180517
144,0.6,0.4,0.2855993321,808,0.9748042878,0.004511005306
144,0.6,0.4,0.2855993321,810,0.9747412719,0.004518940152
144,0.6,0.4,0.2855993321,812,0.9746822023,0.004528937096
144,0.6,0.4,0.2855993321,814,0.9746239571,0.004539696897
144,0.6,0.4,0.2855993321,816,0.9745611535,0.004550259635
144,0.6,0.4,0.2855993321,818,0.9744982746,0.004563174512
144,0.6,0.4,0.2855993321,820,0.9744327873,0.004575229456
144,0.6,0.4,0.2855993321,822,0.9743720952,0.00458840131
144,0.6,0.4,0.2855993321,824,0.9743068583,0.004604577671
144,0.6,0.4,0.2855993321,826,0.9742373105,0.004618308193
144,0.6,0.4,0.2855993321,828,0.9741635125,0.004631046734
144,0.6,0.4,0.2855993321,830,0.9740881134,0.004642028033
144,0.6,0.4,0.2855993321,832,0.97401412,0.004658071144
144,0.6,0.4,0.2855993321,834,0.973934671,0.004672256006
144,0.6,0.4,0.2855993321,836,0.9738535832,0.004683949054
144,0.6,0.4,0.2855993321,838,0.9737766642,0.004699866099
144,0.6,0.4,0.2855993321,840,0.9736949237,0.004712586989
144,0.6,0.4,0.2855993321,842,0.9736095955,0.004729793344
144,0.6,0.4,0.2855993321,844,0.9735135226,0.004749494446
144,0.6,0.4,0.2855993321,846,0.9734147831,0.004768009779
144,0.6,0.4,0.2855993321,848,0.9733122688,0.004789896051
144,0.6,0.4,0.2855993321,850,0.973211683,0.004813753026
144,0.6,0.4,0.2855993321,852,0.9731083119,0.004838268338
144,0.6,0.4,0.2855993321,854,0.9730014238,0.004863318345
144,0.6,0.4,0.2855993321,856,0.9728906293,0.004887109393
144,0.6,0.4,0.2855993321,858,0.9727834384,0.004911459314
144,0.6,0.4,0.2855993321,860,0.9726685552,0.004938382616
144,0.6,0.4,0.2855993321,862,0.9725612136,0.004962253022
144,0.6,0.4,0.2855993321,864,0.9724602202,0.004984781268
144,0.6,0.4,0.2855993321,866,0.9723601001,0.005012026652
144,0.6,0.4,0.2855993321,868,0.9722665881,0.005035187111
144,0.6,0.4,0.2855993321,870,0.9721689642,0.005059598291
144,0.6,0.4,0.2855993321,872,0.9720690365,0.0050817261
144,0.6,0.4,0.2855993321,874,0.9719679889,0.005103981717
144,0.6,0.4,0.2855993321,876,0.971870054,0.005124197912
144,0.6,0.4,0.2855993321,878,0.971784412,0.005141563213
144,0.6,0.4,0.2855993321,880,0.9716976599,0.005161883998
144,0.6,0.4,0.2855993321,882,0.9716110253,0.005188031397
144,0.6,0.4,0.2855993321,884,0.9715142376,0.00521498567
144,0.6,0.4,0.2855993321,886,0.9714193762,0.005239362694
144,0.6,0.4,0.2855993321,888,0.971327714,0.005269743168
144,0.6,0.4,0.2855993321,890,0.9712400503,0.005292822844
144,0.6,0.4,0.2855993321,892,0.9711511035,0.005312393296
144,0.6,0.4,0.2855993321,894,0.9710619843,0.005332068939
144,0.6,0.4,0.2855993321,896,0.9709756719,0.005353643011
144,0.6,0.4,0.2855993321,898,0.9708917056,0.005377745722
144,0.6,0.4,0.2855993321,900,0.9707917929,0.005403302649
144,0.6,0.4,0.2855993321,902,0.9706917575,0.005426511239
144,0.6,0.4,0.2855993321,904,0.9705986398,0.005443825316
144,0.6,0.4,0.2855993321,906,0.9705050939,0.00545867357
144,0.6,0.4,0.2855993321,908,0.9704011876,0.005476777092
144,0.6,0.4,0.2855993321,910,0.9703008257,0.005490814545
144,0.6,0.4,0.2855993321,912,0.9702023666,0.005506518672
144,0.6,0.4,0.2855993321,914,0.9701052015,0.005523219253
144,0.6,0.4,0.2855993321,916,0.9700075727,0.005544993749
144,0.6,0.4,0.2855993321,918,0.9699039037,0.005567417402
144,0.6,0.4,0.2855993321,920,0.9697908868,0.005591449611
144,0.6,0.4,0.2855993321,922,0.9696813063,0.005609600647
144,0.6,0.4,0.2855993321,924,0.9695729791,0.005628571713
144,0.6,0.4,0.2855993321,926,0.9694664552,0.005647852842
144,0.6,0.4,0.2855993321,928,0.9693584792,0.005665894909
144,0.6,0.4,0.2855993321,930,0.9692558464,0.005683697265
144,0.6,0.4,0.2855993321,932,0.9691421091,0.005701921022
144,0.6,0.4,0.2855993321,934,0.9690331152,0.005716827294
144,0.6,0.4,0.2855993321,936,0.9689270053,0.005733192233
144,0.6,0.4,0.2855993321,938,0.9688269126,0.005750712215
144,0.6,0.4,0.2855993321,940,0.9687314247,0.005766858115
144,0.6,0.4,0.2855993321,942,0.9686342615,0.005785475183
144,0.6,0.4,0.2855993321,944,0.9685427797,0.005799770792
144,0.6,0.4,0.2855993321,946,0.9684526434,0.005814368391
144,0.6,0.4,0.2855993321,948,0.9683681183,0.005827038928
144,0.6,0.4,0.2855993321,950,0.9682819235,0.005839589545
144,0.6,0.4,0.2855993321,952,0.9682012942,0.005854117377
144,0.6,0.4,0.2855993321,954,0.9681234119,0.005871595967
144,0.6,0.4,0.2855993321,956,0.9680535877,0.005888062385
144,0.6,0.4,0.2855993321,958,0.9679799799,0.005899386144
144,0.6,0.4,0.2855993321,960,0.9678986721,0.005915385576
144,0.6,0.4,0.2855993321,962,0.9678145483,0.005931448285
144,0.6,0.4,0.2855993321,964,0.9677284121,0.005945269211
144,0.6,0.4,0.2855993321,966,0.9676440441,0.005960852221
144,0.6,0.4,0.2855993321,968,0.9675625256,0.005980699529
144,0.6,0.4,0.2855993321,970,0.9674857273,0.005998145416
144,0.6,0.4,0.2855993321,972,0.9674053242,0.006015168009
144,0.6,0.4,0.2855993321,974,0.9673259497,0.006033198388
144,0.6,0.4,0.2855993321,976,0.9672494654,0.006051951934
144,0.6,0.4,0.2855993321,978,0.9671639301,0.006076842257
144,0.6,0.4,0.2855993321,980,0.9670739856,0.006097569279
144,0.6,0.4,0.2855993321,982,0.9669818617,0.006118012537
144,0.6,0.4,0.2855993321,984,0.9668912936,0.00614092633
144,0.6,0.4,0.2855993321,986,0.966800876,0.00616749823
144,0.6,0.4,0.2855993321,988,0.9667126687,0.006190485898
144,0.6,0.4,0.2855993321,990,0.9666253127,0.0062147915
144,0.6,0.4,0.2855993321,992,0.9665335333,0.006235443329
144,0.6,0.4,0.2855993321,994,0.9664437422,0.006256796521
144,0.6,0.4,0.2855993321,996,0.96635625,0.006277750018
144,0.6,0.4,0.2855993321,998,0.9662677741,0.006298300458
144,0.6,0.4,0.2855993321,1000,0.9661839414,0.006319768039
144,0.6,0.4,0.2855993321,1002,0.9660980183,0.006341165088
144,0.6,0.4,0.2855993321,1004,0.9660113824,0.006367136694
144,0.6,0.4,0.2855993321,1006,0.9659305269,0.006388145519
144,0.6,0.4,0.2855993321,1008,0.9658577529,0.006406840295
144,0.6,0.4,0.2855993321,1010,0.9657757136,0.006429090236
144,0.6,0.4,0.2855993321,1012,0.9656831104,0.006451863419
144,0.6,0.4,0.2855993321,1014,0.9655850114,0.006471637149
144,0.6,0.4,0.2855993321,1016,0.9654866919,0.006490427442
144,0.6,0.4,0.2855993321,1018,0.9653962092,0.006509584396
144,0.6,0.4,0.2855993321,1020,0.9652901846,0.006526711915
144,0.6,0.4,0.2855993321,1022,0.9651872443,0.006542698738
144,0.6,0.4,0.2855993321,1024,0.9650803524,0.006559522324
144,0.6,0.4,0.2855993321,1026,0.9649769137,0.006579162299
144,0.6,0.4,0.2855993321,1028,0.964869318,0.006597979328
144,0.6,0.4,0.2855993321,1030,0.9647659142,0.006615234535
144,0.6,0.4,0.2855993321,1032,0.9646690074,0.006631105124
144,0.6,0.4,0.2855993321,1034,0.9645670457,0.00665491135
144,0.6,0.4,0.2855993321,1036,0.9644571507,0.006683517126
144,0.6,0.4,0.2855993321,1038,0.9643470136,0.006713754194
144,0.6,0.4,0.2855993321,1040,0.9642379566,0.006743259663
144,0.6,0.4,0.2855993321,1042,0.9641348097,0.006771074501
144,0.6,0.4,0.2855993321,1044,0.9640372357,0.006797966651
144,0.6,0.4,0.2855993321,1046,0.963935821,0.006824334128
144,0.6,0.4,0.2855993321,1048,0.9638416955,0.006859600654
144,0.6,0.4,0.2855993321,1050,0.9637542306,0.00689636717
144,0.6,0.4,0.2855993321,1052,0.96367286,0.006927220234
144,0.6,0.4,0.2855993321,1054,0.9635903328,0.00695858047
144,0.6,0.4,0.2855993321,1056,0.9635063489,0.006993819492
144,0.6,0.4,0.2855993321,1058,0.9634206095,0.007030082232
144,0.6,0.4,0.2855993321,1060,0.9633375701,0.007063513819
144,0.6,0.4,0.2855993321,1062,0.963255919,0.007098700878
144,0.6,0.4,0.2855993321,1064,0.9631794781,0.007131522135
144,0.6,0.4,0.2855993321,1066,0.963101794,0.007166905547
144,0.6,0.4,0.2855993321,1068,0.9630300029,0.007206023567
144,0.6,0.4,0.2855993321,1070,0.9629680082,0.00724887975
144,0.6,0.4,0.2855993321,1072,0.9628976567,0.007286971303
144,0.6,0.4,0.2855993321,1074,0.9628220776,0.007315191867
144,0.6,0.4,0.2855993321,1076,0.9627479958,0.007348624653
144,0.6,0.4,0.2855993321,1078,0.9626723246,0.007386094171
144,0.6,0.4,0.2855993321,1080,0.9626014298,0.00742163792
144,0.6,0.4,0.2855993321,1082,0.962526802,0.007459922538
144,0.6,0.4,0.2855993321,1084,0.9624457657,0.007496835095
144,0.6,0.4,0.2855993321,1086,0.9623740167,0.007531200393
144,0.6,0.4,0.2855993321,1088,0.9622957993,0.007563278674
144,0.6,0.4,0.2855993321,1090,0.9622229655,0.007591277082
144,0.6,0.4,0.2855993321,1092,0.9621394353,0.007625794062
144,0.6,0.4,0.2855993321,1094,0.9620577441,0.007662582656
144,0.6,0.4,0.2855993321,1096,0.9619744971,0.007699894327
144,0.6,0.4,0.2855993321,1098,0.9618908673,0.007741662394
144,0.6,0.4,0.2855993321,1100,0.9618080844,0.007777427942
144,0.6,0.4,0.2855993321,1102,0.9617240475,0.00780645035
144,0.6,0.4,0.2855993321,1104,0.9616409984,0.007834435633
144,0.6,0.4,0.2855993321,1106,0.9615508425,0.00785829898
144,0.6,0.4,0.2855993321,1108,0.9614665399,0.007888377545
144,0.6,0.4,0.2855993321,1110,0.9613778146,0.00791604831
144,0.6,0.4,0.2855993321,1112,0.9612840635,0.007947700406
144,0.6,0.4,0.2855993321,1114,0.9612037275,0.007974727824
144,0.6,0.4,0.2855993321,1116,0.9611357922,0.008005630681
144,0.6,0.4,0.2855993321,1118,0.9610638491,0.008040753338
144,0.6,0.4,0.2855993321,1120,0.9609847336,0.008075599042
144,0.6,0.4,0.2855993321,1122,0.9609025594,0.008115192689
144,0.6,0.4,0.2855993321,1124,0.9608214492,0.008152811304
144,0.6,0.4,0.2855993321,1126,0.9607409345,0.008188703036
144,0.6,0.4,0.2855993321,1128,0.9606557016,0.008221770589
144,0.6,0.4,0.2855993321,1130,0.960565597,0.008254348836
144,0.6,0.4,0.2855993321,1132,0.9604724672,0.008284017817
144,0.6,0.4,0.2855993321,1134,0.96038185,0.008310243267
144,0.6,0.4,0.2855993321,1136,0.9602912302,0.008339797406
144,0.6,0.4,0.2855993321,1138,0.9601965893,0.008368906594
144,0.6,0.4,0.2855993321,1140,0.9601022868,0.008399797124
144,0.6,0.4,0.2855993321,1142,0.9600186474,0.008431169713
144,0.6,0.4,0.2855993321,1144,0.9599293518,0.008462188017
144,0.6,0.4,0.2855993321,1146,0.9598281295,0.008494888458
144,0.6,0.4,0.2855993321,1148,0.9597189475,0.008526606993
144,0.6,0.4,0.2855993321,1150,0.9596084233,0.0085581846
144,0.6,0.4,0.2855993321,1152,0.9594901373,0.008592852592
144,0.6,0.4,0.2855993321,1154,0.9593658352,0.008624726668
144,0.6,0.4,0.2855993321,1156,0.9592375855,0.008658519085
144,0.6,0.4,0.2855993321,1158,0.9591207164,0.008694239875
144,0.6,0.4,0.2855993321,1160,0.9590080991,0.008730593595
144,0.6,0.4,0.2855993321,1162,0.9588906246,0.00876899875
144,0.6,0.4,0.2855993321,1164,0.9587738739,0.008804895562
144,0.6,0.4,0.2855993321,1166,0.9586503892,0.008842338772
144,0.6,0.4,0.2855993321,1168,0.9585224836,0.008879492917
144,0.6,0.4,0.2855993321,1170,0.958399427,0.008918361785
144,0.6,0.4,0.2855993321,1172,0.9582751144,0.008954602439
144,0.6,0.4,0.2855993321,1174,0.9581485456,0.008995930888
144,0.6,0.4,0.2855993321,1176,0.9580179099,0.009029606377
144,0.6,0.4,0.2855993321,1178,0.9578957508,0.00906506612
144,0.6,0.4,0.2855993321,1180,0.9577699856,0.009100527751
144,0.6,0.4,0.2855993321,1182,0.9576400786,0.009142201845
144,0.6,0.4,0.2855993321,1184,0.9575175487,0.009178032496
144,0.6,0.4,0.2855993321,1186,0.9574028511,0.009218446256
144,0.6,0.4,0.2855993321,1188,0.957285439,0.009259394033
144,0.6,0.4,0.2855993321,1190,0.9571629225,0.009301606994
144,0.6,0.4,0.2855993321,1192,0.9570340475,0.009343193083
144,0.6,0.4,0.2855993321,1194,0.9569137925,0.009388767975
144,0.6,0.4,0.2855993321,1196,0.9567945419,0.009431696715
144,0.6,0.4,0.2855993321,1198,0.9566765103,0.009473248065
144,0.6,0.4,0.2855993321,1200,0.9565496103,0.009514705547
144,0.6,0.4,0.2855993321,1202,0.9564231998,0.009563804792
144,0.6,0.4,0.2855993321,1204,0.9562976725,0.009607586784
144,0.6,0.4,0.2855993321,1206,0.9561723794,0.009652258038
144,0.6,0.4,0.2855993321,1208,0.9560497642,0.009700431394
144,0.6,0.4,0.2855993321,1210,0.9559221172,0.009749269027
144,0.6,0.4,0.2855993321,1212,0.9557923324,0.00979577015
144,0.6,0.4,0.2855993321,1214,0.9556622761,0.009844039083
144,0.6,0.4,0.2855993321,1216,0.9555319883,0.009898579852
144,0.6,0.4,0.2855993321,1218,0.9554053652,0.00995330662
144,0.6,0.4,0.2855993321,1220,0.955281577,0.0100075032
144,0.6,0.4,0.2855993321,1222,0.9551613359,0.01006109884
144,0.6,0.4,0.2855993321,1224,0.9550334232,0.0101152334
144,0.6,0.4,0.2855993321,1226,0.9549006002,0.01017597609
144,0.6,0.4,0.2855993321,1228,0.9547663836,0.01023443104
144,0.6,0.4,0.2855993321,1230,0.9546287319,0.0102873776
144,0.6,0.4,0.2855993321,1232,0.954497607,0.01034105282
144,0.6,0.4,0.2855993321,1234,0.9543672539,0.01039467535
144,0.6,0.4,0.2855993321,1236,0.9542403344,0.0104458706
144,0.6,0.4,0.2855993321,1238,0.9541124445,0.01050255385
144,0.6,0.4,0.2855993321,1240,0.9539844485,0.01055473088
144,0.6,0.4,0.2855993321,1242,0.9538636813,0.01060219207
144,0.6,0.4,0.2855993321,1244,0.9537397195,0.01065177362
144,0.6,0.4,0.2855993321,1246,0.9536107961,0.01069909789
144,0.6,0.4,0.2855993321,1248,0.9534822399,0.0107501029
144,0.5,0.5,0.2855993321,0,1,0
144,0.5,0.5,0.2855993321,2,0.9998907237,7.676382825e-06
144,0.5,0.5,0.2855993321,4,0.9997550057,1.461749587e-05
144,0.5,0.5,0.2855993321,6,0.9996302136,1.933749058e-05
144,0.5,0.5,0.2855993321,8,0.9995111592,2.533799963e-05
144,0.5,0.5,0.2855993321,10,0.9994019665,3.19069351e-05
144,0.5,0.5,0.2855993321,12,0.9992997898,4.009121013e-05
144,0.5,0.5,0.2855993321,14,0.9991972205,4.83889392e-05
144,0.5,0.5,0.2855993321,16,0.9990936228,6.094875964e-05
144,0.5,0.5,0.2855993321,18,0.9989962147,7.203754814e-05
144,0.5,0.5,0.2855993321,20,0.9988996944,8.392479851e-05
144,0.5,0.5,0.2855993321,22,0.998800481,9.291762922e-05
144,0.5,0.5,0.2855993321,24,0.9987052855,0.0001026232117
144,0.5,0.5,0.2855993321,26,0.9986095356,0.0001140239096
144,0.5,0.5,0.2855993321,28,0.9985100226,0.0001275074342
144,0.5,0.5,0.2855993321,30,0.9984176133,0.0001422042108
144,0.5,0.5,0.2855993321,32,0.9983197915,0.0001514452096
144,0.5,0.5,0.2855993321,34,0.9982242733,0.0001592032164
144,0.5,0.5,0.2855993321,36,0.9981323525,0.0001668929122
144,0.5,0.5,0.2855993321,38,0.9980411751,0.0001723841237
144,0.5,0.5,0.2855993321,40,0.9979501919,0.0001778508743
144,0.5,0.5,0.2855993321,42,0.9978578531,0.0001836573694
144,0.5,0.5,0.2855993321,44,0.9977660423,0.000191717938
144,0.5,0.5,0.2855993321,46,0.9976779867,0.0001967150185
144,0.5,0.5,0.2855993321,48,0.9975913247,0.0002005706559
144,0.5,0.5,0.2855993321,50,0.9975032602,0.0002059089778
144,0.5,0.5,0.2855993321,52,0.9974185128,0.0002096955871
144,0.5,0.5,0.2855993321,54,0.9973316908,0.0002125333751
144,0.5,0.5,0.2855993321,56,0.9972429516,0.0002173768234
144,0.5,0.5,0.2855993321,58,0.9971527145,0.0002234203522
144,0.5,0.5,0.2855993321,60,0.9970625018,0.0002304421476
144,0.5,0.5,0.2855993321,62,0.9969782079,0.0002379460821
144,0.5,0.5,0.2855993321,64,0.9968996124,0.0002452917962
144,0.5,0.5,0.2855993321,66,0.9968210313,0.0002504780358
144,0.5,0.5,0.2855993321,68,0.9967439447,0.0002567727265
144,0.5,0.5,0.2855993321,70,0.9966674937,0.0002644975866
144,0.5,0.5,0.2855993321,72,0.9965871753,0.0002704526913
144,0.5,0.5,0.2855993321,74,0.9965087783,0.0002728187037
144,0.5,0.5,0.2855993321,76,0.9964297186,0.000276278427
144,0.5,0.5,0.2855993321,78,0.9963472937,0.000280090147
144,0.5,0.5,0.2855993321,80,0.9962636056,0.0002812844278
144,0.5,0.5,0.2855993321,82,0.9961824867,0.0002822891702
144,0.5,0.5,0.2855993321,84,0.996100446,0.0002850677861
144,0.5,0.5,0.2855993321,86,0.9960168332,0.0002892516883
144,0.5,0.5,0.2855993321,88,0.9959338418,0.0002951943192
144,0.5,0.5,0.2855993321,90,0.9958516264,0.0002972467446
144,0.5,0.5,0.2855993321,92,0.995769677,0.0002994543417
144,0.5,0.5,0.2855993321,94,0.9956865993,0.0003017508289
144,0.5,0.5,0.2855993321,96,0.9956002081,0.0003042249775
144,0.5,0.5,0.2855993321,98,0.99551913,0.0003066181824
144,0.5,0.5,0.2855993321,100,0.9954364807,0.0003079433473
144,0.5,0.5,0.2855993321,102,0.9953537755,0.0003100529325
144,0.5,0.5,0.2855993321,104,0.9952681623,0.0003131746472
144,0.5,0.5,0.2855993321,106,0.9951775104,0.0003125398288
144,0.5,0.5,0.2855993321,108,0.9950856724,0.0003126518003
144,0.5,0.5,0.2855993321,110,0.9949926994,0.0003141550378
144,0.5,0.5,0.2855993321,112,0.9949047708,0.0003148368727
144,0.5,0.5,0.2855993321,114,0.9948144515,0.0003140330096
144,0.5,0.5,0.2855993321,116,0.9947250195,0.0003127818648
144,0.5,0.5,0.2855993321,118,0.9946389174,0.0003155659543
144,0.5,0.5,0.2855993321,120,0.9945515486,0.0003179665946
144,0.5,0.5,0.2855993321,122,0.994467836,0.0003225584753
144,0.5,0.5,0.2855993321,124,0.9943844616,0.0003254718574
144,0.5,0.5,0.2855993321,126,0.9942984826,0.0003299497974
144,0.5,0.5,0.2855993321,128,0.9942118142,0.0003322248392
144,0.5,0.5,0.2855993321,130,0.9941264327,0.0003333378574
144,0.5,0.5,0.2855993321,132,0.9940380816,0.0003362294567
144,0.5,0.5,0.2855993321,134,0.9939549597,0.0003398665868
144,0.5,0.5,0.2855993321,136,0.9938787588,0.0003444206064
144,0.5,0.5,0.2855993321,138,0.9938071509,0.0003467600668
144,0.5,0.5,0.2855993321,140,0.9937329097,0.0003507141556
144,0.5,0.5,0.2855993321,142,0.9936506727,0.0003543507514
144,0.5,0.5,0.2855993321,144,0.9935741821,0.0003570527023
144,0.5,0.5,0.2855993321,146,0.9934971298,0.0003574397051
144,0.5,0.5,0.2855993321,148,0.9934196378,0.0003589761534
144,0.5,0.5,0.2855993321,150,0.9933393911,0.0003615201085
144,0.5,0.5,0.2855993321,152,0.9932589941,0.0003635469029
144,0.5,0.5,0.2855993321,154,0.9931798171,0.0003672822778
144,0.5,0.5,0.2855993321,156,0.9931027622,0.0003709506742
144,0.5,0.5,0.2855993321,158,0.9930282018,0.0003736666009
144,0.5,0.5,0.2855993321,160,0.9929502053,0.0003749401377
144,0.5,0.5,0.2855993321,162,0.9928752895,0.0003759065842
144,0.5,0.5,0.2855993321,164,0.9927976786,0.0003781586289
144,0.5,0.5,0.2855993321,166,0.9927244592,0.0003840797629
144,0.5,0.5,0.2855993321,168,0.9926500131,0.0003890768167
144,0.5,0.5,0.2855993321,170,0.9925745516,0.0003908166592
144,0.5,0.5,0.2855993321,172,0.9925030227,0.0003918869028
144,0.5,0.5,0.2855993321,174,0.9924341351,0.0003988698469
144,0.5,0.5,0.2855993321,176,0.9923607542,0.0004009447834
144,0.5,0.5,0.2855993321,178,0.9922845546,0.000404473367
144,0.5,0.5,0.2855993321,180,0.992208544,0.0004089995618
144,0.5,0.5,0.2855993321,182,0.9921276109,0.0004119117375
144,0.5,0.5,0.2855993321,184,0.9920431043,0.0004183915642
144,0.5,0.5,0.2855993321,186,0.9919615163,0.000424468599
144,0.5,0.5,0.2855993321,188,0.9918785172,0.0004306597167
144,0.5,0.5,0.2855993321,190,0.9917978253,0.0004337820042
144,0.5,0.5,0.2855993321,192,0.9917188637,0.0004366326594
144,0.5,0.5,0.2855993321,194,0.9916375505,0.0004394500457
144,0.5,0.5,0.2855993321,196,0.9915583845,0.0004418894056
144,0.5,0.5,0.2855993321,198,0.9914868959,0.00044292402
144,0.5,0.5,0.2855993321,200,0.991414494,0.000444340065
144,0.5,0.5,0.2855993321,202,0.9913384775,0.0004464270853
144,0.5,0.5,0.2855993321,204,0.9912662228,0.0004472573964
144,0.5,0.5,0.2855993321,206,0.9911939376,0.0004484431918
144,0.5,0.5,0.2855993321,208,0.991126851,0.0004510454494
144,0.5,0.5,0.2855993321,210,0.9910564419,0.0004553573892
144,0.5,0.5,0.2855993321,212,0.990978621,0.0004592545438
144,0.5,0.5,0.2855993321,214,0.9909015569,0.0004630497664
144,0.5,0.5,0.2855993321,216,0.9908287066,0.0004650507274
144,0.5,0.5,0.2855993321,218,0.9907501227,0.0004677523756
144,0.5,0.5,0.2855993321,220,0.9906710138,0.0004685238144
144,0.5,0.5,0.2855993321,222,0.9905944248,0.0004687351995
144,0.5,0.5,0.2855993321,224,0.9905139132,0.0004711799349
144,0.5,0.5,0.2855993321,226,0.9904317951,0.000474268457
144,0.5,0.5,0.2855993321,228,0.9903549173,0.0004799853958
144,0.5,0.5,0.2855993321,230,0.9902795955,0.0004842533365
144,0.5,0.5,0.2855993321,232,0.9902057325,0.0004902460806
144,0.5,0.5,0.2855993321,234,0.9901317797,0.0004976320794
144,0.5,0.5,0.2855993321,236,0.9900570337,0.0005042395828
144,0.5,0.5,0.2855993321,238,0.989982311,0.0005111144969
144,0.5,0.5,0.2855993321,240,0.9899086382,0.0005159725799
144,0.5,0.5,0.2855993321,242,0.9898357178,0.0005180294161
144,0.5,0.5,0.2855993321,244,0.9897609653,0.0005231858626
144,0.5,0.5,0.2855993321,246,0.9896831854,0.0005292278719
144,0.5,0.5,0.2855993321,248,0.9896079843,0.0005350483457
144,0.5,0.5,0.2855993321,250,0.9895390273,0.0005408243565
144,0.5,0.5,0.2855993321,252,0.9894663299,0.0005487851657
144,0.5,0.5,0.2855993321,254,0.989393182,0.0005559551115
144,0.5,0.5,0.2855993321,256,0.9893157524,0.0005604695486
144,0.5,0.5,0.2855993321,258,0.989238735,0.0005652954127
144,0.5,0.5,0.2855993321,260,0.989162711,0.0005702156062
144,0.5,0.5,0.2855993321,262,0.9890924103,0.0005744500194
144,0.5,0.5,0.2855993321,264,0.9890189403,0.0005781459143
144,0.5,0.5,0.2855993321,266,0.988947095,0.0005818160383
144,0.5,0.5,0.2855993321,268,0.9888720377,0.0005882094606
144,0.5,0.5,0.2855993321,270,0.9887996081,0.0005938595661
144,0.5,0.5,0.2855993321,272,0.9887254126,0.000599300317
144,0.5,0.5,0.2855993321,274,0.9886506119,0.0006069940571
144,0.5,0.5,0.2855993321,276,0.9885772797,0.0006153969165
144,0.5,0.5,0.2855993321,278,0.9885095807,0.0006239989424
144,0.5,0.5,0.2855993321,280,0.9884390334,0.0006324690389
144,0.5,0.5,0.2855993321,282,0.9883687275,0.0006390564206
144,0.5,0.5,0.2855993321,284,0.9882957267,0.0006460675385
144,0.5,0.5,0.2855993321,286,0.9882228031,0.0006545781795
144,0.5,0.5,0.2855993321,288,0.9881500975,0.0006632996235
144,0.5,0.5,0.2855993321,290,0.98807947,0.0006693560816
144,0.5,0.5,0.2855993321,292,0.988008991,0.0006767118689
144,0.5,0.5,0.2855993321,294,0.9879373603,0.0006839242728
144,0.5,0.5,0.2855993321,296,0.9878696953,0.0006929122754
144,0.5,0.5,0.2855993321,298,0.9877976688,0.0007011321979
144,0.5,0.5,0.2855993321,300,0.9877223531,0.000711303357
144,0.5,0.5,0.2855993321,302,0.987644886,0.0007169903046
144,0.5,0.5,0.2855993321,304,0.9875686836,0.0007232884393
144,0.5,0.5,0.2855993321,306,0.9874933203,0.0007282374996
144,0.5,0.5,0.2855993321,308,0.9874240958,0.0007304578696
144,0.5,0.5,0.2855993321,310,0.9873505783,0.0007345254954
144,0.5,0.5,0.2855993321,312,0.98728337,0.000741970214
144,0.5,0.5,0.2855993321,314,0.9872117066,0.0007475546982
144,0.5,0.5,0.2855993321,316,0.9871423974,0.000754673878
144,0.5,0.5,0.2855993321,318,0.9870709563,0.000760235906
144,0.5,0.5,0.2855993321,320,0.9870016962,0.0007677688061
144,0.5,0.5,0.2855993321,322,0.986931176,0.0007754309985
144,0.5,0.5,0.2855993321,324,0.9868636092,0.0007860545498
144,0.5,0.5,0.2855993321,326,0.9868021416,0.0007989399729
144,0.5,0.5,0.2855993321,328,0.9867400339,0.0008110330402
144,0.5,0.5,0.2855993321,330,0.9866778306,0.0008202859291
144,0.5,0.5,0.2855993321,332,0.9866200525,0.0008270388661
144,0.5,0.5,0.2855993321,334,0.9865528097,0.0008353162855
144,0.5,0.5,0.2855993321,336,0.9864903248,0.000842075418
144,0.5,0.5,0.2855993321,338,0.9864304205,0.0008472598336
144,0.5,0.5,0.2855993321,340,0.9863747147,0.0008547308619
144,0.5,0.5,0.2855993321,342,0.9863163886,0.0008621996398
144,0.5,0.5,0.2855993321,344,0.9862603613,0.0008677876276
144,0.5,0.5,0.2855993321,346,0.9862006664,0.0008717137629
144,0.5,0.5,0.2855993321,348,0.9861421466,0.0008765070067
144,0.5,0.5,0.2855993321,350,0.9860829494,0.0008842104498
144,0.5,0.5,0.2855993321,352,0.9860257672,0.0008888911526
144,0.5,0.5,0.2855993321,354,0.9859652923,0.0008935910919
144,0.5,0.5,0.2855993321,356,0.9859025047,0.0009002536591
144,0.5,0.5,0.2855993321,358,0.9858475609,0.0009043770089
144,0.5,0.5,0.2855993321,360,0.9857911006,0.0009064104184
144,0.5,0.5,0.2855993321,362,0.9857318669,0.0009094042816
144,0.5,0.5,0.2855993321,364,0.9856745954,0.0009130656038
144,0.5,0.5,0.2855993321,366,0.9856111893,0.0009169409218
144,0.5,0.5,0.2855993321,368,0.985548159,0.0009234852076
144,0.5,0.5,0.2855993321,370,0.9854833961,0.0009330409045
144,0.5,0.5,0.2855993321,372,0.9854256777,0.0009423043931
144,0.5,0.5,0.2855993321,374,0.9853687664,0.0009508757951
144,0.5,0.5,0.2855993321,376,0.9853062653,0.0009554617666
144,0.5,0.5,0.2855993321,378,0.9852442007,0.0009605493382
144,0.5,0.5,0.2855993321,380,0.9851765676,0.0009644575025
144,0.5,0.5,0.2855993321,382,0.9851063232,0.0009697260535
144,0.5,0.5,0.2855993321,384,0.9850393832,0.0009764925125
144,0.5,0.5,0.2855993321,386,0.9849749528,0.0009852781138
144,0.5,0.5,0.2855993321,388,0.9849129122,0.0009959176279
144,0.5,0.5,0.2855993321,390,0.984852338,0.001002650277
144,0.5,0.5,0.2855993321,392,0.9847938514,0.001008829096
144,0.5,0.5,0.2855993321,394,0.9847258966,0.001015230716
144,0.5,0.5,0.2855993321,396,0.9846621913,0.001023268896
144,0.5,0.5,0.2855993321,398,0.9845967195,0.001032543261
144,0.5,0.5,0.2855993321,400,0.9845288658,0.001044866032
144,0.5,0.5,0.2855993321,402,0.9844559102,0.001057689454
144,0.5,0.5,0.2855993321,404,0.9843869623,0.001070143605
144,0.5,0.5,0.2855993321,406,0.9843156477,0.001082876274
144,0.5,0.5,0.2855993321,408,0.9842484548,0.001096736388
144,0.5,0.5,0.2855993321,410,0.9841816228,0.001108626254
144,0.5,0.5,0.2855993321,412,0.9841120739,0.00112347688
144,0.5,0.5,0.2855993321,414,0.9840353001,0.001138105234
144,0.5,0.5,0.2855993321,416,0.9839634837,0.001149720669
144,0.5,0.5,0.2855993321,418,0.9838891784,0.001161175131
144,0.5,0.5,0.2855993321,420,0.9838168736,0.001172222685
144,0.5,0.5,0.2855993321,422,0.9837451263,0.001181891789
144,0.5,0.5,0.2855993321,424,0.9836708775,0.001194604666
144,0.5,0.5,0.2855993321,426,0.9835986982,0.001203579362
144,0.5,0.5,0.2855993321,428,0.9835323615,0.001212666103
144,0.5,0.5,0.2855993321,430,0.9834699092,0.001225070535
144,0.5,0.5,0.2855993321,432,0.9834042731,0.001239879618
144,0.5,0.5,0.2855993321,434,0.9833395713,0.001252850338
144,0.5,0.5,0.2855993321,436,0.9832749057,0.001263965326
144,0.5,0.5,0.2855993321,438,0.983212812,0.001274703589
144,0.5,0.5,0.2855993321,440,0.9831501713,0.001283500011
144,0.5,0.5,0.2855993321,442,0.9830945579,0.001292485655
144,0.5,0.5,0.2855993321,444,0.9830310604,0.001299580875
144,0.5,0.5,0.2855993321,446,0.9829658003,0.001305973956
144,0.5,0.5,0.2855993321,448,0.982899542,0.001312304525
144,0.5,0.5,0.2855993321,450,0.9828324894,0.001316386629
144,0.5,0.5,0.2855993321,452,0.9827699576,0.001320806465
144,0.5,0.5,0.2855993321,454,0.9827064059,0.001324477765
144,0.5,0.5,0.2855993321,456,0.9826468355,0.001327547136
144,0.5,0.5,0.2855993321,458,0.9825837057,0.001332913114
144,0.5,0.5,0.2855993321,460,0.9825186804,0.001333791926
144,0.5,0.5,0.2855993321,462,0.9824584596,0.001333743472
144,0.5,0.5,0.2855993321,464,0.9823994969,0.001335196054
144,0.5,0.5,0.2855993321,466,0.9823448805,0.001338315635
144,0.5,0.5,0.2855993321,468,0.9822943466,0.001341703196
144,0.5,0.5,0.2855993321,470,0.9822529046,0.001348656738
144,0.5,0.5,0.2855993321,472,0.9822113522,0.001355959325
144,0.5,0.5,0.2855993321,474,0.9821691624,0.001362438721
144,0.5,0.5,0.2855993321,476,0.9821216458,0.001367997923
144,0.5,0.5,0.2855993321,478,0.9820769641,0.00137200501
144,0.5,0.5,0.2855993321,480,0.9820194058,0.001373772053
144,0.5,0.5,0.2855993321,482,0.9819622548,0.001376135371
144,0.5,0.5,0.2855993321,484,0.9819036487,0.001383581189
144,0.5,0.5,0.2855993321,486,0.9818491772,0.001387124466
144,0.5,0.5,0.2855993321,488,0.9817916829,0.001389207023
144,0.5,0.5,0.2855993321,490,0.9817329523,0.001390899475
144,0.5,0.5,0.2855993321,492,0.9816702827,0.001392794579
144,0.5,0.5,0.2855993321,494,0.981614609,0.00139552196
144,0.5,0.5,0.2855993321,496,0.9815557949,0.001396704179
144,0.5,0.5,0.2855993321,498,0.9814966231,0.001396384743
144,0.5,0.5,0.2855993321,500,0.9814429263,0.001398483809
144,0.5,0.5,0.2855993321,502,0.9813859981,0.00140297434
144,0.5,0.5,0.2855993321,504,0.9813269143,0.001410581553
144,0.5,0.5,0.2855993321,506,0.9812644382,0.001417829538
144,0.5,0.5,0.2855993321,508,0.9811982507,0.001425279304
144,0.5,0.5,0.2855993321,510,0.9811329148,0.001431597418
144,0.5,0.5,0.2855993321,512,0.9810726153,0.001443063547
144,0.5,0.5,0.2855993321,514,0.9810118248,0.001455506903
144,0.5,0.5,0.2855993321,516,0.9809485893,0.001466119903
144,0.5,0.5,0.2855993321,518,0.9808911867,0.001473778629
144,0.5,0.5,0.2855993321,520,0.9808271074,0.001477976236
144,0.5,0.5,0.2855993321,522,0.9807657899,0.001480755397
144,0.5,0.5,0.2855993321,524,0.9807019502,0.00148264256
144,0.5,0.5,0.2855993321,526,0.9806433944,0.001487800574
144,0.5,0.5,0.2855993321,528,0.9805800705,0.00149083545
144,0.5,0.5,0.2855993321,530,0.98051744,0.001493311832
144,0.5,0.5,0.2855993321,532,0.9804545511,0.001495357475
144,0.5,0.5,0.2855993321,534,0.9803950115,0.001499220681
144,0.5,0.5,0.2855993321,536,0.9803329966,0.001505499326
144,0.5,0.5,0.2855993321,538,0.9802715188,0.001511579039
144,0.5,0.5,0.2855993321,540,0.9802116304,0.001513023242
144,0.5,0.5,0.2855993321,542,0.9801495758,0.001514722812
144,0.5,0.5,0.2855993321,544,0.9800961883,0.001515872528
144,0.5,0.5,0.2855993321,546,0.9800411561,0.001517519331
144,0.5,0.5,0.2855993321,548,0.9799844187,0.001517360882
144,0.5,0.5,0.2855993321,550,0.9799296101,0.001517086997
144,0.5,0.5,0.2855993321,552,0.9798770378,0.001517153007
144,0.5,0.5,0.2855993321,554,0.9798274712,0.001514348007
144,0.5,0.5,0.2855993321,556,0.9797760856,0.001513862734
144,0.5,0.5,0.2855993321,558,0.979722332,0.001513903777
144,0.5,0.5,0.2855993321,560,0.9796690398,0.001515137693
144,0.5,0.5,0.2855993321,562,0.9796201096,0.001511973215
144,0.5,0.5,0.2855993321,564,0.9795686064,0.001504911444
144,0.5,0.5,0.2855993321,566,0.9795188193,0.001496087868
144,0.5,0.5,0.2855993321,568,0.9794785509,0.00148844315
144,0.5,0.5,0.2855993321,570,0.9794390136,0.001482251512
144,0.5,0.5,0.2855993321,572,0.9793912878,0.001475177785
144,0.5,0.5,0.2855993321,574,0.9793432831,0.001466572214
144,0.5,0.5,0.2855993321,576,0.9792966412,0.001462691477
144,0.5,0.5,0.2855993321,578,0.9792456767,0.001461224307
144,0.5,0.5,0.2855993321,580,0.9791917938,0.001456703314
144,0.5,0.5,0.2855993321,582,0.9791343431,0.001450257551
144,0.5,0.5,0.2855993321,584,0.9790743809,0.0014423924
144,0.5,0.5,0.2855993321,586,0.9790184125,0.001434298976
144,0.5,0.5,0.2855993321,588,0.9789592315,0.001425207934
144,0.5,0.5,0.2855993321,590,0.9789040477,0.001415408423
144,0.5,0.5,0.2855993321,592,0.9788418658,0.001406159247
144,0.5,0.5,0.2855993321,594,0.9787873243,0.001397590824
144,0.5,0.5,0.2855993321,596,0.9787355334,0.00139144656
144,0.5,0.5,0.2855993321,598,0.9786787457,0.001385353383
144,0.5,0.5,0.2855993321,600,0.9786185926,0.001375972666
144,0.5,0.5,0.2855993321,602,0.978563738,0.001371012269
144,0.5,0.5,0.2855993321,604,0.9785082783,0.001367181865
144,0.5,0.5,0.2855993321,606,0.9784496478,0.001368723322
144,0.5,0.5,0.2855993321,608,0.9783913471,0.001372396733
144,0.5,0.5,0.2855993321,610,0.9783342062,0.001375328378
144,0.5,0.5,0.2855993321,612,0.9782798682,0.001375472635
144,0.5,0.5,0.2855993321,614,0.9782205323,0.001376821725
144,0.5,0.5,0.2855993321,616,0.9781624401,0.001381462407
144,0.5,0.5,0.2855993321,618,0.9781001544,0.001385044873
144,0.5,0.5,0.2855993321,620,0.9780395678,0.001387808454
144,0.5,0.5,0.2855993321,622,0.9779766238,0.001389996448
144,0.5,0.5,0.2855993321,624,0.9779165025,0.001392530916
144,0.5,0.5,0.2855993321,626,0.9778540789,0.001398165536
144,0.5,0.5,0.2855993321,628,0.9777893736,0.001405382388
144,0.5,0.5,0.2855993321,630,0.9777253039,0.001414369345
144,0.5,0.5,0.2855993321,632,0.9776667316,0.001426228625
144,0.5,0.5,0.2855993321,634,0.977611908,0.001436182053
144,0.5,0.5,0.2855993321,636,0.9775548286,0.001446558378
144,0.5,0.5,0.2855993321,638,0.9775008463,0.001457445462
144,0.5,0.5,0.2855993321,640,0.9774427206,0.001468122309
144,0.5,0.5,0.2855993321,642,0.9773852521,0.001479560621
144,0.5,0.5,0.2855993321,644,0.9773343604,0.001486454622
144,0.5,0.5,0.2855993321,646,0.9772853662,0.00149420207
144,0.5,0.5,0.2855993321,648,0.9772319537,0.001504375851
144,0.5,0.5,0.2855993321,650,0.9771760033,0.001515746348
144,0.5,0.5,0.2855993321,652,0.9771252796,0.001524381753
144,0.5,0.5,0.2855993321,654,0.9770660424,0.001534528368
144,0.5,0.5,0.2855993321,656,0.9770149207,0.001545409151
144,0.5,0.5,0.2855993321,658,0.9769622689,0.00155160519
144,0.5,0.5,0.2855993321,660,0.9768997139,0.001563145167
144,0.5,0.5,0.2855993321,662,0.9768341067,0.001575627503
144,0.5,0.5,0.2855993321,664,0.9767745135,0.001581971295
144,0.5,0.5,0.2855993321,666,0.9767165552,0.001589365685
144,0.5,0.5,0.2855993321,668,0.9766533725,0.001598126447
144,0.5,0.5,0.2855993321,670,0.9765928589,0.001600594493
144,0.5,0.5,0.2855993321,672,0.9765326787,0.001608022307
144,0.5,0.5,0.2855993321,674,0.9764684253,0.001621203804
144,0.5,0.5,0.2855993321,676,0.9764037945,0.001631772941
144,0.5,0.5,0.2855993321,678,0.9763397602,0.001637515139
144,0.5,0.5,0.2855993321,680,0.9762706647,0.001641130267
144,0.5,0.5,0.2855993321,682,0.9762010257,0.00164918218
144,0.5,0.5,0.2855993321,684,0.976136553,0.001656864053
144,0.5,0.5,0.2855993321,686,0.9760688912,0.001664184827
144,0.5,0.5,0.2855993321,688,0.9760049237,0.001674516973
144,0.5,0.5,0.2855993321,690,0.9759378402,0.001683049839
144,0.5,0.5,0.2855993321,692,0.9758669507,0.001690010521
144,0.5,0.5,0.2855993321,694,0.9757975398,0.001699324789
144,0.5,0.5,0.2855993321,696,0.975733648,0.001707570512
144,0.5,0.5,0.2855993321,698,0.9756742476,0.00171919397
144,0.5,0.5,0.2855993321,700,0.9756177653,0.001727148872
144,0.5,0.5,0.2855993321,702,0.9755581026,0.001732267773
144,0.5,0.5,0.2855993321,704,0.9754990709,0.001740305026
144,0.5,0.5,0.2855993321,706,0.9754410343,0.001746678102
144,0.5,0.5,0.2855993321,708,0.9753833563,0.001755131072
144,0.5,0.5,0.2855993321,710,0.9753258592,0.001761913036
144,0.5,0.5,0.2855993321,712,0.9752711609,0.001763743694
144,0.5,0.5,0.2855993321,714,0.9752194432,0.001764633919
144,0.5,0.5,0.2855993321,716,0.9751724452,0.001769955551
144,0.5,0.5,0.2855993321,718,0.9751286108,0.001778035576
144,0.5,0.5,0.2855993321,720,0.9750784656,0.001784047704
144,0.5,0.5,0.2855993321,722,0.9750343909,0.001786868148
144,0.5,0.5,0.2855993321,724,0.9749922495,0.001791039233
144,0.5,0.5,0.2855993321,726,0.9749479576,0.001794096587
144,0.5,0.5,0.2855993321,728,0.9749009729,0.001796106613
144,0.5,0.5,0.2855993321,730,0.9748461135,0.001794879358
144,0.5,0.5,0.2855993321,732,0.9747913019,0.001795582721
144,0.5,0.5,0.2855993321,734,0.9747323127,0.001795483338
144,0.5,0.5,0.2855993321,736,0.9746712677,0.00179558933
144,0.5,0.5,0.2855993321,738,0.9746184236,0.001796006481
144,0.5,0.5,0.2855993321,740,0.9745629211,0.001795697911
144,0.5,0.5,0.2855993321,742,0.9745073582,0.001798111085
144,0.5,0.5,0.2855993321,744,0.9744477012,0.001801799378
144,0.5,0.5,0.2855993321,746,0.9743949464,0.001808956912
144,0.5,0.5,0.2855993321,748,0.9743453934,0.001816999054
144,0.5,0.5,0.2855993321,750,0.9742851658,0.001829022227
144,0.5,0.5,0.2855993321,752,0.9742327687,0.001839332804
144,0.5,0.5,0.2855993321,754,0.9741824739,0.001849848933
144,0.5,0.5,0.2855993321,756,0.9741258465,0.001859414672
144,0.5,0.5,0.2855993321,758,0.9740674708,0.001870713961
144,0.5,0.5,0.2855993321,760,0.9740086128,0.001883587405
144,0.5,0.5,0.2855993321,762,0.9739524742,0.001899150128
144,0.5,0.5,0.2855993321,764,0.9739024557,0.00191404879
144,0.5,0.5,0.2855993321,766,0.9738522804,0.001930312932
144,0.5,0.5,0.2855993321,768,0.9738022964,0.001949506017
144,0.5,0.5,0.2855993321,770,0.9737539488,0.001968580168
144,0.5,0.5,0.2855993321,772,0.9736993106,0.001987594607
144,0.5,0.5,0.2855993321,774,0.973649561,0.002004791336
144,0.5,0.5,0.2855993321,776,0.973601183,0.002020384367
144,0.5,0.5,0.2855993321,778,0.9735517651,0.002038966793
144,0.5,0.5,0.2855993321,780,0.9734997496,0.002053859543
144,0.5,0.5,0.2855993321,782,0.9734452537,0.002069987617
144,0.5,0.5,0.2855993321,784,0.9733799452,0.002088974573
144,0.5,0.5,0.2855993321,786,0.9733153806,0.002106014509
144,0.5,0.5,0.2855993321,788,0.9732510191,0.002118414335
144,0.5,0.5,0.2855993321,790,0.9731936731,0.002130431779
144,0.5,0.5,0.2855993321,792,0.9731333683,0.002146883565
144,0.5,0.5,0.2855993321,794,0.9730692479,0.002165494126
144,0.5,0.5,0.2855993321,796,0.9730164928,0.002183340315
144,0.5,0.5,0.2855993321,798,0.9729601906,0.002200440579
144,0.5,0.5,0.2855993321,800,0.972902927,0.002214381653
144,0.5,0.5,0.2855993321,802,0.9728433046,0.002226754262
144,0.5,0.5,0.2855993321,804,0.9727803284,0.002238474348
144,0.5,0.5,0.2855993321,806,0.9727205191,0.002249387855
144,0.5,0.5,0.2855993321,808,0.972658921,0.002259923955
144,0.5,0.5,0.2855993321,810,0.9726030038,0.002268753344
144,0.5,0.5,0.2855993321,812,0.9725542013,0.002278428794
144,0.5,0.5,0.2855993321,814,0.9725075597,0.002292336654
144,0.5,0.5,0.2855993321,816,0.9724627496,0.002310105397
144,0.5,0.5,0.2855993321,818,0.972415916,0.002327841006
144,0.5,0.5,0.2855993321,820,0.9723611573,0.00234819086
144,0.5,0.5,0.2855993321,822,0.9723060435,0.002366070977
144,0.5,0.5,0.2855993321,824,0.9722498477,0.0023809414
144,0.5,0.5,0.2855993321,826,0.9721971634,0.002395149607
144,0.5,0.5,0.2855993321,828,0.9721373934,0.002407724677
144,0.5,0.5,0.2855993321,830,0.9720818646,0.002418990923
144,0.5,0.5,0.2855993321,832,0.9720267111,0.002430562748
144,0.5,0.5,0.2855993321,834,0.9719717257,0.002443083235
144,0.5,0.5,0.2855993321,836,0.9719092841,0.002456231391
144,0.5,0.5,0.2855993321,838,0.971850481,0.002470713178
144,0.5,0.5,0.2855993321,840,0.9717889741,0.002482543954
144,0.5,0.5,0.2855993321,842,0.971728885,0.002490638623
144,0.5,0.5,0.2855993321,844,0.9716723989,0.002500064808
144,0.5,0.5,0.2855993321,846,0.9716137495,0.00251328776
144,0.5,0.5,0.2855993321,848,0.9715481155,0.002528535112
144,0.5,0.5,0.2855993321,850,0.9714823137,0.002542875106
144,0.5,0.5,0.2855993321,852,0.9714079236,0.00256047352
144,0.5,0.5,0.2855993321,854,0.9713398042,0.002576340806
144,0.5,0.5,0.2855993321,856,0.9712683763,0.002589585794
144,0.5,0.5,0.2855993321,858,0.9711997334,0.00260241447
144,0.5,0.5,0.2855993321,860,0.9711313405,0.002614849531
144,0.5,0.5,0.2855993321,862,0.971065146,0.002628577369
144,0.5,0.5,0.2855993321,864,0.971001496,0.002642649303
144,0.5,0.5,0.2855993321,866,0.9709485158,0.002655994791
144,0.5,0.5,0.2855993321,868,0.9708923708,0.002667061765
144,0.5,0.5,0.2855993321,870,0.9708326593,0.002682079332
144,0.5,0.5,0.2855993321,872,0.9707710687,0.002696900037
144,0.5,0.5,0.2855993321,874,0.9707129696,0.002714895066
144,0.5,0.5,0.2855993321,876,0.970658248,0.002734001986
144,0.5,0.5,0.2855993321,878,0.9706032566,0.002753040773
144,0.5,0.5,0.2855993321,880,0.9705459585,0.002770597292
144,0.5,0.5,0.2855993321,882,0.9704833867,0.002784464543
144,0.5,0.5,0.2855993321,884,0.9704213644,0.002799626899
144,0.5,0.5,0.2855993321,886,0.9703589855,0.002814122485
144,0.5,0.5,0.2855993321,888,0.9702958597,0.002829267007
144,0.5,0.5,0.2855993321,890,0.9702356374,0.002845736799
144,0.5,0.5,0.2855993321,892,0.9701737859,0.002864160076
144,0.5,0.5,0.2855993321,894,0.9701090175,0.002882526876
144,0.5,0.5,0.2855993321,896,0.9700457391,0.002898899132
144,0.5,0.5,0.2855993321,898,0.9699912975,0.002919033512
144,0.5,0.5,0.2855993321,900,0.9699357032,0.002941164597
144,0.5,0.5,0.2855993321,902,0.9698761825,0.002957695507
144,0.5,0.5,0.2855993321,904,0.9698140903,0.002971688008
144,0.5,0.5,0.2855993321,906,0.969749633,0.002984710723
144,0.5,0.5,0.2855993321,908,0.9696825429,0.003001792607
144,0.5,0.5,0.2855993321,910,0.9696154215,0.003017210326
144,0.5,0.5,0.2855993321,912,0.9695514202,0.003031454397
144,0.5,0.5,0.2855993321,914,0.9694910701,0.003046571101
144,0.5,0.5,0.2855993321,916,0.9694307093,0.00306510586
144,0.5,0.5,0.2855993321,918,0.9693701518,0.003083544928
144,0.5,0.5,0.2855993321,920,0.9693083982,0.003094854298
144,0.5,0.5,0.2855993321,922,0.9692440296,0.003105196908
144,0.5,0.5,0.2855993321,924,0.969184959,0.003117641462
144,0.5,0.5,0.2855993321,926,0.969131511,0.003128260815
144,0.5,0.5,0.2855993321,928,0.9690753867,0.00314262316
144,0.5,0.5,0.2855993321,930,0.969025417,0.003158314563
144,0.5,0.5,0.2855993321,932,0.9689810997,0.003172302232
144,0.5,0.5,0.2855993321,934,0.9689353687,0.003185874738
144,0.5,0.5,0.2855993321,936,0.9688957326,0.003199330629
144,0.5,0.5,0.2855993321,938,0.9688563228,0.003215000361
144,0.5,0.5,0.2855993321,940,0.9688122881,0.003229627037
144,0.5,0.5,0.2855993321,942,0.9687730628,0.003245003481
144,0.5,0.5,0.2855993321,944,0.9687310194,0.003257066664
144,0.5,0.5,0.2855993321,946,0.9686833169,0.003266694393
144,0.5,0.5,0.2855993321,948,0.9686343135,0.003275643226
144,0.5,0.5,0.2855993321,950,0.9685903761,0.003280942749
144,0.5,0.5,0.2855993321,952,0.9685555856,0.003288544518
144,0.5,0.5,0.2855993321,954,0.9685150941,0.003298990892
144,0.5,0.5,0.2855993321,956,0.9684691346,0.00331229182
144,0.5,0.5,0.2855993321,958,0.9684253861,0.003328434234
144,0.5,0.5,0.2855993321,960,0.9683842036,0.003340946394
144,0.5,0.5,0.2855993321,962,0.9683431947,0.003353870726
144,0.5,0.5,0.2855993321,964,0.968292436,0.003368114949
144,0.5,0.5,0.2855993321,966,0.9682386786,0.00338287442
144,0.5,0.5,0.2855993321,968,0.9681906169,0.003392824697
144,0.5,0.5,0.2855993321,970,0.9681439709,0.003402393795
144,0.5,0.5,0.2855993321,972,0.9680899992,0.003414934719
144,0.5,0.5,0.2855993321,974,0.9680401168,0.003429679812
144,0.5,0.5,0.2855993321,976,0.9679904713,0.00344538659
144,0.5,0.5,0.2855993321,978,0.9679408874,0.003465629118
144,0.5,0.5,0.2855993321,980,0.9678852745,0.003485274188
144,0.5,0.5,0.2855993321,982,0.9678332297,0.003509121755
144,0.5,0.5,0.2855993321,984,0.9677800369,0.00353618184
144,0.5,0.5,0.2855993321,986,0.9677308229,0.003564793254
144,0.5,0.5,0.2855993321,988,0.9676758312,0.003592909821
144,0.5,0.5,0.2855993321,990,0.9676190796,0.003623460891
144,0.5,0.5,0.2855993321,992,0.9675602064,0.003657445002
144,0.5,0.5,0.2855993321,994,0.9674979999,0.003688464166
144,0.5,0.5,0.2855993321,996,0.9674422875,0.003718632077
144,0.5,0.5,0.2855993321,998,0.9673858105,0.003744980757
144,0.5,0.5,0.2855993321,1000,0.9673282247,0.003767963804
144,0.5,0.5,0.2855993321,1002,0.9672714223,0.003790956868
144,0.5,0.5,0.2855993321,1004,0.9672209794,0.003812595938
144,0.5,0.5,0.2855993321,1006,0.9671687747,0.00383339625
144,0.5,0.5,0.2855993321,1008,0.9671113998,0.003853520894
144,0.5,0.5,0.2855993321,1010,0.9670526672,0.003873756786
144,0.5,0.5,0.2855993321,1012,0.9669980778,0.003893465503
144,0.5,0.5,0.2855993321,1014,0.9669437287,0.003917911738
144,0.5,0.5,0.2855993321,1016,0.9668805093,0.003938931537
144,0.5,0.5,0.2855993321,1018,0.9668100463,0.003960746424
144,0.5,0.5,0.2855993321,1020,0.9667407224,0.003984697931
144,0.5,0.5,0.2855993321,1022,0.9666787339,0.004004627754
144,0.5,0.5,0.2855993321,1024,0.9666134455,0.004025469475
144,0.5,0.5,0.2855993321,1026,0.9665477045,0.004046245245
144,0.5,0.5,0.2855993321,1028,0.9664843895,0.004070114485
144,0.5,0.5,0.2855993321,1030,0.9664262555,0.004093474128
144,0.5,0.5,0.2855993321,1032,0.9663730059,0.004118187511
144,0.5,0.5,0.2855993321,1034,0.9663193366,0.004139416353
144,0.5,0.5,0.2855993321,1036,0.9662722886,0.004161957897
144,0.5,0.5,0.2855993321,1038,0.9662294274,0.004182504284
144,0.5,0.5,0.2855993321,1040,0.9661817488,0.004206383922
144,0.5,0.5,0.2855993321,1042,0.9661374482,0.004233610453
144,0.5,0.5,0.2855993321,1044,0.9660988366,0.004260708528
144,0.5,0.5,0.2855993321,1046,0.9660595327,0.004286926905
144,0.5,0.5,0.2855993321,1048,0.9660173873,0.004311122057
144,0.5,0.5,0.2855993321,1050,0.9659723435,0.004337948888
144,0.5,0.5,0.2855993321,1052,0.9659355344,0.004362564457
144,0.5,0.5,0.2855993321,1054,0.9658951802,0.004387899851
144,0.5,0.5,0.2855993321,1056,0.9658531775,0.004413801262
144,0.5,0.5,0.2855993321,1058,0.9658166632,0.004440400281
144,0.5,0.5,0.2855993321,1060,0.9657756096,0.004460744737
144,0.5,0.5,0.2855993321,1062,0.965734366,0.004480184516
144,0.5,0.5,0.2855993321,1064,0.9656963985,0.004500913451
144,0.5,0.5,0.2855993321,1066,0.9656603533,0.004521854008
144,0.5,0.5,0.2855993321,1068,0.9656284346,0.004541987939
144,0.5,0.5,0.2855993321,1070,0.9655998299,0.004563960859
144,0.5,0.5,0.2855993321,1072,0.9655648521,0.00459106667
144,0.5,0.5,0.2855993321,1074,0.9655341801,0.004615691208
144,0.5,0.5,0.2855993321,1076,0.9655018327,0.004633606099
144,0.5,0.5,0.2855993321,1078,0.965475835,0.004650038166
144,0.5,0.5,0.2855993321,1080,0.9654488222,0.004662838847
144,0.5,0.5,0.2855993321,1082,0.9654187663,0.004672470457
144,0.5,0.5,0.2855993321,1084,0.9653833631,0.004685084944
144,0.5,0.5,0.2855993321,1086,0.9653563564,0.004700116678
144,0.5,0.5,0.2855993321,1088,0.9653261587,0.004714936281
144,0.5,0.5,0.2855993321,1090,0.9652837195,0.00473070157
144,0.5,0.5,0.2855993321,1092,0.9652450726,0.004749133777
144,0.5,0.5,0.2855993321,1094,0.9652083157,0.004765898112
144,0.5,0.5,0.2855993321,1096,0.9651713809,0.0047816241
144,0.5,0.5,0.2855993321,1098,0.9651342284,0.004799280618
144,0.5,0.5,0.2855993321,1100,0.9650930764,0.004818508148
144,0.5,0.5,0.2855993321,1102,0.9650528237,0.004837622192
144,0.5,0.5,0.2855993321,1104,0.965012718,0.00486157729
144,0.5,0.5,0.2855993321,1106,0.9649742349,0.004886555192
144,0.5,0.5,0.2855993321,1108,0.9649397304,0.004915420024
144,0.5,0.5,0.2855993321,1110,0.9649099695,0.004942113555
144,0.5,0.5,0.2855993321,1112,0.9648798126,0.004967082897
144,0.5,0.5,0.2855993321,1114,0.964844478,0.00499390603
144,0.5,0.5,0.2855993321,1116,0.9648131638,0.005015848173
144,0.5,0.5,0.2855993321,1118,0.9647813061,0.00503220831
144,0.5,0.5,0.2855993321,1120,0.9647445488,0.005050533319
144,0.5,0.5,0.2855993321,1122,0.9647144842,0.005062123833
144,0.5,0.5,0.2855993321,1124,0.9646844059,0.005077017806
144,0.5,0.5,0.2855993321,1126,0.964649953,0.005093022255
144,0.5,0.5,0.2855993321,1128,0.964611613,0.005107343747
144,0.5,0.5,0.2855993321,1130,0.9645726004,0.005122038273
144,0.5,0.5,0.2855993321,1132,0.9645385824,0.005136773444
144,0.5,0.5,0.2855993321,1134,0.964513496,0.005154015844
144,0.5,0.5,0.2855993321,1136,0.9644839232,0.005174099756
144,0.5,0.5,0.2855993321,1138,0.9644519546,0.005193511185
144,0.5,0.5,0.2855993321,1140,0.9644069365,0.005208007171
144,0.5,0.5,0.2855993321,1142,0.9643693176,0.005220091241
144,0.5,0.5,0.2855993321,1144,0.9643268235,0.005230360542
144,0.5,0.5,0.2855993321,1146,0.9642887247,0.005240455443
144,0.5,0.5,0.2855993321,1148,0.9642478516,0.005253297491
144,0.5,0.5,0.2855993321,1150,0.9642057824,0.005264739113
144,0.5,0.5,0.2855993321,1152,0.9641732044,0.005276000907
144,0.5,0.5,0.2855993321,1154,0.96414258,0.005287337165
144,0.5,0.5,0.2855993321,1156,0.9641028358,0.005300953651
144,0.5,0.5,0.2855993321,1158,0.9640618488,0.005318672638
144,0.5,0.5,0.2855993321,1160,0.9640169871,0.005336148153
144,0.5,0.5,0.2855993321,1162,0.9639687082,0.005352720466
144,0.5,0.5,0.2855993321,1164,0.9639194807,0.005371103883
144,0.5,0.5,0.2855993321,1166,0.9638715501,0.005389641842
144,0.5,0.5,0.2855993321,1168,0.9638227027,0.005406261006
144,0.5,0.5,0.2855993321,1170,0.9637825763,0.005421420634
144,0.5,0.5,0.2855993321,1172,0.9637454846,0.005439840984
144,0.5,0.5,0.2855993321,1174,0.963711683,0.005459490095
144,0.5,0.5,0.2855993321,1176,0.9636776186,0.005477526277
144,0.5,0.5,0.2855993321,1178,0.9636531473,0.00549816479
144,0.5,0.5,0.2855993321,1180,0.9636230696,0.005520720014
144,0.5,0.5,0.2855993321,1182,0.9635949228,0.00553972173
144,0.5,0.5,0.2855993321,1184,0.9635686326,0.005555619565
144,0.5,0.5,0.2855993321,1186,0.9635492808,0.005567142358
144,0.5,0.5,0.2855993321,1188,0.9635355708,0.005584776285
144,0.5,0.5,0.2855993321,1190,0.9635118686,0.005603486781
144,0.5,0.5,0.2855993321,1192,0.9634832919,0.005622620702
144,0.5,0.5,0.2855993321,1194,0.963453204,0.005637031085
144,0.5,0.5,0.2855993321,1196,0.9634156845,0.005655961764
144,0.5,0.5,0.2855993321,1198,0.9633801045,0.005672974021
144,0.5,0.5,0.2855993321,1200,0.9633434731,0.00567931262
144,0.5,0.5,0.2855993321,1202,0.9633090194,0.005688425526
144,0.5,0.5,0.2855993321,1204,0.9632761644,0.005700399573
144,0.5,0.5,0.2855993321,1206,0.9632406516,0.005715085155
144,0.5,0.5,0.2855993321,1208,0.9631975282,0.005730448615
144,0.5,0.5,0.2855993321,1210,0.9631564719,0.005747429521
144,0.5,0.5,0.2855993321,1212,0.9631081763,0.005762633611
144,0.5,0.5,0.2855993321,1214,0.9630568757,0.005780028604
144,0.5,0.5,0.2855993321,1216,0.9630127359,0.005798818663
144,0.5,0.5,0.2855993321,1218,0.9629638609,0.005815278075
144,0.5,0.5,0.2855993321,1220,0.9629110204,0.005834740549
144,0.5,0.5,0.2855993321,1222,0.9628575392,0.005849607654
144,0.5,0.5,0.2855993321,1224,0.9628132237,0.005862228021
144,0.5,0.5,0.2855993321,1226,0.9627642235,0.005876091193
144,0.5,0.5,0.2855993321,1228,0.9627105199,0.005898572099
144,0.5,0.5,0.2855993321,1230,0.9626533512,0.00591626804
144,0.5,0.5,0.2855993321,1232,0.9625903802,0.005934918183
144,0.5,0.5,0.2855993321,1234,0.9625343557,0.005954675824
144,0.5,0.5,0.2855993321,1236,0.9624800161,0.005974558955
144,0.5,0.5,0.2855993321,1238,0.962431757,0.005991808761
144,0.5,0.5,0.2855993321,1240,0.9623859373,0.00600856808
144,0.5,0.5,0.2855993321,1242,0.9623317171,0.006022071015
144,0.5,0.5,0.2855993321,1244,0.9622811284,0.006034407555
144,0.5,0.5,0.2855993321,1246,0.9622249665,0.006048745178
144,0.5,0.5,0.2855993321,1248,0.9621657209,0.006064347915
144,0.3,0.7,0.2855993321,0,1,0
144,0.3,0.7,0.2855993321,2,0.9999014431,5.706944404e-06
144,0.3,0.7,0.2855993321,4,0.9997827149,1.317086197e-05
144,0.3,0.7,0.2855993321,6,0.9996773135,1.917464627e-05
144,0.3,0.7,0.2855993321,8,0.99957886,2.657536012e-05
144,0.3,0.7,0.2855993321,10,0.9994822938,3.309440107e-05
144,0.3,0.7,0.2855993321,12,0.9993848155,3.987248718e-05
144,0.3,0.7,0.2855993321,14,0.9992906526,4.747270935e-05
144,0.3,0.7,0.2855993321,16,0.9992037853,5.400645858e-05
144,0.3,0.7,0.2855993321,18,0.9991151581,6.121115672e-05
144,0.3,0.7,0.2855993321,20,0.9990267608,6.914668784e-05
144,0.3,0.7,0.2855993321,22,0.9989414353,7.472365183e-05
144,0.3,0.7,0.2855993321,24,0.9988547888,7.871832942e-05
144,0.3,0.7,0.2855993321,26,0.9987652973,8.199794617e-05
144,0.3,0.7,0.2855993321,28,0.9986812971,8.545597326e-05
144,0.3,0.7,0.2855993321,30,0.9985972475,9.051236006e-05
144,0.3,0.7,0.2855993321,32,0.9985142636,9.687681472e-05
144,0.3,0.7,0.2855993321,34,0.9984290508,0.0001032457769
144,0.3,0.7,0.2855993321,36,0.998343489,0.0001075228803
144,0.3,0.7,0.2855993321,38,0.9982583747,0.0001120210133
144,0.3,0.7,0.2855993321,40,0.9981731111,0.0001171857411
144,0.3,0.7,0.2855993321,42,0.9980871087,0.0001251459803
144,0.3,0.7,0.2855993321,44,0.9980018083,0.0001283370115
144,0.3,0.7,0.2855993321,46,0.9979181995,0.0001366702607
144,0.3,0.7,0.2855993321,48,0.9978370415,0.0001451675478
144,0.3,0.7,0.2855993321,50,0.9977533257,0.0001584506684
144,0.3,0.7,0.2855993321,52,0.9976694741,0.0001687063977
144,0.3,0.7,0.2855993321,54,0.9975826887,0.0001776672126
144,0.3,0.7,0.2855993321,56,0.9974941608,0.0001865553148
144,0.3,0.7,0.2855993321,58,0.9974088885,0.0001950397785
144,0.3,0.7,0.2855993321,60,0.9973223263,0.0002033196596
144,0.3,0.7,0.2855993321,62,0.9972334294,0.0002141868086
144,0.3,0.7,0.2855993321,64,0.9971492632,0.0002240427018
144,0.3,0.7,0.2855993321,66,0.9970640702,0.0002365319246
144,0.3,0.7,0.2855993321,68,0.9969810081,0.0002461850805
144,0.3,0.7,0.2855993321,70,0.9968968056,0.0002593508877
144,0.3,0.7,0.2855993321,72,0.9968125293,0.0002705915261
144,0.3,0.7,0.2855993321,74,0.9967257695,0.0002831846776
144,0.3,0.7,0.2855993321,76,0.9966429449,0.0002974176458
144,0.3,0.7,0.2855993321,78,0.9965618017,0.0003100634777
144,0.3,0.7,0.2855993321,80,0.9964785369,0.0003200156026
144,0.3,0.7,0.2855993321,82,0.9963975696,0.0003334058953
144,0.3,0.7,0.2855993321,84,0.9963164953,0.0003475959269
144,0.3,0.7,0.2855993321,86,0.9962274231,0.0003626967433
144,0.3,0.7,0.2855993321,88,0.9961414815,0.0003766415136
144,0.3,0.7,0.2855993321,90,0.9960551149,0.0003884260607
144,0.3,0.7,0.2855993321,92,0.9959708783,0.0003997486231
144,0.3,0.7,0.2855993321,94,0.9958826116,0.0004120590102
144,0.3,0.7,0.2855993321,96,0.9957941577,0.0004257095888
144,0.3,0.7,0.2855993321,98,0.9957072421,0.0004371078845
144,0.3,0.7,0.2855993321,100,0.9956178784,0.0004475772434
144,0.3,0.7,0.2855993321,102,0.9955285323,0.000460776649
144,0.3,0.7,0.2855993321,104,0.9954323548,0.0004754492728
144,0.3,0.7,0.2855993321,106,0.9953378262,0.0004885608202
144,0.3,0.7,0.2855993321,108,0.9952515151,0.0005002310615
144,0.3,0.7,0.2855993321,110,0.9951630194,0.0005123935418
144,0.3,0.7,0.2855993321,112,0.9950770345,0.000523275987
144,0.3,0.7,0.2855993321,114,0.9949923716,0.0005367359478
144,0.3,0.7,0.2855993321,116,0.9949084534,0.0005498634816
144,0.3,0.7,0.2855993321,118,0.9948224159,0.000561819987
144,0.3,0.7,0.2855993321,120,0.9947406711,0.0005748872883
144,0.3,0.7,0.2855993321,122,0.9946581521,0.0005839028383
144,0.3,0.7,0.2855993321,124,0.994583741,0.0005909729539
144,0.3,0.7,0.2855993321,126,0.9945085328,0.0006000169233
144,0.3,0.7,0.2855993321,128,0.99443163,0.0006112832718
144,0.3,0.7,0.2855993321,130,0.9943586989,0.0006195793526
144,0.3,0.7,0.2855993321,132,0.9942823655,0.000629712877
144,0.3,0.7,0.2855993321,134,0.9942092062,0.0006398014752
144,0.3,0.7,0.2855993321,136,0.9941320803,0.0006489988214
144,0.3,0.7,0.2855993321,138,0.9940560457,0.0006598739659
144,0.3,0.7,0.2855993321,140,0.9939766849,0.0006701079975
144,0.3,0.7,0.2855993321,142,0.9939006914,0.0006827549832
144,0.3,0.7,0.2855993321,144,0.9938241101,0.0006943692777
144,0.3,0.7,0.2855993321,146,0.993751679,0.0007095595696
144,0.3,0.7,0.2855993321,148,0.993679774,0.0007286059173
144,0.3,0.7,0.2855993321,150,0.9936059481,0.0007441390553
144,0.3,0.7,0.2855993321,152,0.9935279564,0.0007587615613
144,0.3,0.7,0.2855993321,154,0.9934445738,0.0007741425756
144,0.3,0.7,0.2855993321,156,0.9933649364,0.0007896977751
144,0.3,0.7,0.2855993321,158,0.9932858361,0.0008032025419
144,0.3,0.7,0.2855993321,160,0.9932015349,0.0008178401956
144,0.3,0.7,0.2855993321,162,0.9931194609,0.0008311665442
144,0.3,0.7,0.2855993321,164,0.9930428588,0.0008456443019
144,0.3,0.7,0.2855993321,166,0.9929664244,0.0008587628314
144,0.3,0.7,0.2855993321,168,0.9928901169,0.0008693733014
144,0.3,0.7,0.2855993321,170,0.9928140954,0.000880267765
144,0.3,0.7,0.2855993321,172,0.9927343089,0.0008896255874
144,0.3,0.7,0.2855993321,174,0.9926556013,0.0008983017692
144,0.3,0.7,0.2855993321,176,0.9925771232,0.00090489399
144,0.3,0.7,0.2855993321,178,0.9924955999,0.0009106589979
144,0.3,0.7,0.2855993321,180,0.9924160871,0.0009160988067
144,0.3,0.7,0.2855993321,182,0.9923404795,0.0009214762323
144,0.3,0.7,0.2855993321,184,0.9922677565,0.0009253827679
144,0.3,0.7,0.2855993321,186,0.9921935019,0.0009346511923
144,0.3,0.7,0.2855993321,188,0.9921141257,0.000944791613
144,0.3,0.7,0.2855993321,190,0.9920366015,0.0009558221567
144,0.3,0.7,0.2855993321,192,0.9919576975,0.0009653270755
144,0.3,0.7,0.2855993321,194,0.9918774154,0.000977551511
144,0.3,0.7,0.2855993321,196,0.9917972933,0.0009905874848
144,0.3,0.7,0.2855993321,198,0.9917134007,0.000999955362
144,0.3,0.7,0.2855993321,200,0.9916252043,0.001008723209
144,0.3,0.7,0.2855993321,202,0.9915359102,0.001019637142
144,0.3,0.7,0.2855993321,204,0.9914483693,0.001028167374
144,0.3,0.7,0.2855993321,206,0.9913639567,0.001035426139
144,0.3,0.7,0.2855993321,208,0.9912825865,0.001042967022
144,0.3,0.7,0.2855993321,210,0.9912010694,0.001050490514
144,0.3,0.7,0.2855993321,212,0.9911202758,0.001059336556
144,0.3,0.7,0.2855993321,214,0.9910439383,0.001069484172
144,0.3,0.7,0.2855993321,216,0.9909652886,0.001083251682
144,0.3,0.7,0.2855993321,218,0.9908818827,0.001096825609
144,0.3,0.7,0.2855993321,220,0.990795683,0.001109568086
144,0.3,0.7,0.2855993321,222,0.9907108065,0.001123827202
144,0.3,0.7,0.2855993321,224,0.9906301628,0.001136481765
144,0.3,0.7,0.2855993321,226,0.9905500679,0.001148261999
144,0.3,0.7,0.2855993321,228,0.990472253,0.001159891219
144,0.3,0.7,0.2855993321,230,0.990393825,0.00117018511
144,0.3,0.7,0.2855993321,232,0.9903183777,0.001180990184
144,0.3,0.7,0.2855993321,234,0.9902418983,0.001193651976
144,0.3,0.7,0.2855993321,236,0.9901637601,0.001203440177
144,0.3,0.7,0.2855993321,238,0.9900854729,0.001217876288
144,0.3,0.7,0.2855993321,240,0.9900069323,0.001230368682
144,0.3,0.7,0.2855993321,242,0.9899304339,0.001241763959
144,0.3,0.7,0.2855993321,244,0.9898512947,0.001255977138
144,0.3,0.7,0.2855993321,246,0.9897743853,0.001271352051
144,0.3,0.7,0.2855993321,248,0.9896988366,0.001286985959
144,0.3,0.7,0.2855993321,250,0.98962003,0.001302804759
144,0.3,0.7,0.2855993321,252,0.9895491788,0.00132024269
144,0.3,0.7,0.2855993321,254,0.9894810354,0.001337443486
144,0.3,0.7,0.2855993321,256,0.9894071572,0.001352667696
144,0.3,0.7,0.2855993321,258,0.989334562,0.001366221633
144,0.3,0.7,0.2855993321,260,0.9892610822,0.00138159598
144,0.3,0.7,0.2855993321,262,0.9891874835,0.001400721322
144,0.3,0.7,0.2855993321,264,0.9891166192,0.001419478606
144,0.3,0.7,0.2855993321,266,0.9890421351,0.001436107506
144,0.3,0.7,0.2855993321,268,0.9889714378,0.001449799198
144,0.3,0.7,0.2855993321,270,0.9889036119,0.001462901093
144,0.3,0.7,0.2855993321,272,0.9888319755,0.00147465683
144,0.3,0.7,0.2855993321,274,0.9887665463,0.001483320656
144,0.3,0.7,0.2855993321,276,0.9886975141,0.001493413158
144,0.3,0.7,0.2855993321,278,0.9886282475,0.001505311558
144,0.3,0.7,0.2855993321,280,0.9885624963,0.001518254027
144,0.3,0.7,0.2855993321,282,0.9884965939,0.001530083909
144,0.3,0.7,0.2855993321,284,0.9884256689,0.001541131764
144,0.3,0.7,0.2855993321,286,0.9883534631,0.001553413762
144,0.3,0.7,0.2855993321,288,0.9882792764,0.001563928609
144,0.3,0.7,0.2855993321,290,0.9882059904,0.0015746234
144,0.3,0.7,0.2855993321,292,0.9881279287,0.001587315618
144,0.3,0.7,0.2855993321,294,0.9880549764,0.001598271234
144,0.3,0.7,0.2855993321,296,0.9879804724,0.001607900492
144,0.3,0.7,0.2855993321,298,0.9879014257,0.001619298362
144,0.3,0.7,0.2855993321,300,0.9878217625,0.001630303551
144,0.3,0.7,0.2855993321,302,0.9877414694,0.001643486485
144,0.3,0.7,0.2855993321,304,0.9876637924,0.001656572609
144,0.3,0.7,0.2855993321,306,0.9875870742,0.001671264176
144,0.3,0.7,0.2855993321,308,0.9875078883,0.001688260957
144,0.3,0.7,0.2855993321,310,0.9874370006,0.001703634684
144,0.3,0.7,0.2855993321,312,0.9873634589,0.001716216778
144,0.3,0.7,0.2855993321,314,0.9872870012,0.001732140952
144,0.3,0.7,0.2855993321,316,0.9872164424,0.001751334492
144,0.3,0.7,0.2855993321,318,0.9871461405,0.001766152544
144,0.3,0.7,0.2855993321,320,0.9870807602,0.00178260766
144,0.3,0.7,0.2855993321,322,0.9870152322,0.00180086856
144,0.3,0.7,0.2855993321,324,0.9869438463,0.001820633211
144,0.3,0.7,0.2855993321,326,0.9868754824,0.001841837998
144,0.3,0.7,0.2855993321,328,0.986807994,0.001865748598
144,0.3,0.7,0.2855993321,330,0.986735686,0.001888967212
144,0.3,0.7,0.2855993321,332,0.9866674901,0.001909405862
144,0.3,0.7,0.2855993321,334,0.986597563,0.001931427473
144,0.3,0.7,0.2855993321,336,0.9865271834,0.001951678232
144,0.3,0.7,0.2855993321,338,0.986458892,0.001968877439
144,0.3,0.7,0.2855993321,340,0.9863950344,0.001986635822
144,0.3,0.7,0.2855993321,342,0.9863267871,0.002004687973
144,0.3,0.7,0.2855993321,344,0.9862526081,0.002021399563
144,0.3,0.7,0.2855993321,346,0.9861757594,0.002041148191
144,0.3,0.7,0.2855993321,348,0.9861002535,0.002059529112
144,0.3,0.7,0.2855993321,350,0.9860306153,0.002078235197
144,0.3,0.7,0.2855993321,352,0.9859631877,0.002099264744
144,0.3,0.7,0.2855993321,354,0.9858855112,0.002120563418
144,0.3,0.7,0.2855993321,356,0.9858088929,0.002142449693
144,0.3,0.7,0.2855993321,358,0.9857332812,0.002167124136
144,0.3,0.7,0.2855993321,360,0.9856575514,0.002189823623
144,0.3,0.7,0.2855993321,362,0.9855789878,0.002207633749
144,0.3,0.7,0.2855993321,364,0.9855012821,0.002226140809
144,0.3,0.7,0.2855993321,366,0.9854296178,0.002247844358
144,0.3,0.7,0.2855993321,368,0.9853544325,0.002270639977
144,0.3,0.7,0.2855993321,370,0.9852772817,0.002290850034
144,0.3,0.7,0.2855993321,372,0.9852047487,0.002313443971
144,0.3,0.7,0.2855993321,374,0.9851316086,0.002336214186
144,0.3,0.7,0.2855993321,376,0.9850608784,0.002361368169
144,0.3,0.7,0.2855993321,378,0.9849872043,0.002380592471
144,0.3,0.7,0.2855993321,380,0.9849007478,0.002399665601
144,0.3,0.7,0.2855993321,382,0.984822299,0.002420404121
144,0.3,0.7,0.2855993321,384,0.9847456257,0.00244266304
144,0.3,0.7,0.2855993321,386,0.9846662889,0.002465849579
144,0.3,0.7,0.2855993321,388,0.984587619,0.002487138618
144,0.3,0.7,0.2855993321,390,0.9845096491,0.002511589243
144,0.3,0.7,0.2855993321,392,0.9844280259,0.002537067049
144,0.3,0.7,0.2855993321,394,0.9843443932,0.002563417268
144,0.3,0.7,0.2855993321,396,0.9842648573,0.002590662485
144,0.3,0.7,0.2855993321,398,0.9841818523,0.002617740324
144,0.3,0.7,0.2855993321,400,0.9840967458,0.002642104254
144,0.3,0.7,0.2855993321,402,0.9840063856,0.002667712111
144,0.3,0.7,0.2855993321,404,0.9839254234,0.00269501813
144,0.3,0.7,0.2855993321,406,0.9838423771,0.002721647011
144,0.3,0.7,0.2855993321,408,0.9837594228,0.002747525371
144,0.3,0.7,0.2855993321,410,0.9836727921,0.0027722661
144,0.3,0.7,0.2855993321,412,0.9835935262,0.002799138686
144,0.3,0.7,0.2855993321,414,0.9835129063,0.002824763584
144,0.3,0.7,0.2855993321,416,0.9834361689,0.002849407763
144,0.3,0.7,0.2855993321,418,0.9833584941,0.002877410974
144,0.3,0.7,0.2855993321,420,0.9832783565,0.002903129
144,0.3,0.7,0.2855993321,422,0.9831961082,0.002930384554
144,0.3,0.7,0.2855993321,424,0.9831145816,0.002959115167
144,0.3,0.7,0.2855993321,426,0.9830308986,0.00298599331
144,0.3,0.7,0.2855993321,428,0.9829513556,0.003015183503
144,0.3,0.7,0.2855993321,430,0.9828688425,0.003044304578
144,0.3,0.7,0.2855993321,432,0.9827929227,0.003074180588
144,0.3,0.7,0.2855993321,434,0.9827138314,0.003104494084
144,0.3,0.7,0.2855993321,436,0.9826331948,0.003133547261
144,0.3,0.7,0.2855993321,438,0.9825515554,0.003162144548
144,0.3,0.7,0.2855993321,440,0.9824685783,0.003191276109
144,0.3,0.7,0.2855993321,442,0.9823883708,0.003219271855
144,0.3,0.7,0.2855993321,444,0.982304519,0.003248363586
144,0.3,0.7,0.2855993321,446,0.9822218544,0.003280385932
144,0.3,0.7,0.2855993321,448,0.9821460531,0.003311766044
144,0.3,0.7,0.2855993321,450,0.9820732781,0.003340622161
144,0.3,0.7,0.2855993321,452,0.9820017337,0.003371947585
144,0.3,0.7,0.2855993321,454,0.9819212008,0.003403095927
144,0.3,0.7,0.2855993321,456,0.981838498,0.003433553574
144,0.3,0.7,0.2855993321,458,0.9817601714,0.00346045053
144,0.3,0.7,0.2855993321,460,0.9816804659,0.003486087227
144,0.3,0.7,0.2855993321,462,0.9816023966,0.003516905011
144,0.3,0.7,0.2855993321,464,0.9815181171,0.003545934576
144,0.3,0.7,0.2855993321,466,0.9814347647,0.003574685326
144,0.3,0.7,0.2855993321,468,0.9813571746,0.003603684725
144,0.3,0.7,0.2855993321,470,0.9812819438,0.003634059355
144,0.3,0.7,0.2855993321,472,0.9812067121,0.003667152959
144,0.3,0.7,0.2855993321,474,0.9811311969,0.003695503341
144,0.3,0.7,0.2855993321,476,0.9810537517,0.00372455187
144,0.3,0.7,0.2855993321,478,0.98097185,0.003752994088
144,0.3,0.7,0.2855993321,480,0.9808833061,0.003780941119
144,0.3,0.7,0.2855993321,482,0.9807941332,0.003810066561
144,0.3,0.7,0.2855993321,484,0.9807084176,0.003845074298
144,0.3,0.7,0.2855993321,486,0.9806274386,0.003878939168
144,0.3,0.7,0.2855993321,488,0.9805448757,0.003910307798
144,0.3,0.7,0.2855993321,490,0.9804583762,0.003939722029
144,0.3,0.7,0.2855993321,492,0.9803733151,0.00396445617
144,0.3,0.7,0.2855993321,494,0.9802934543,0.003990208176
144,0.3,0.7,0.2855993321,496,0.9802181195,0.004014366805
144,0.3,0.7,0.2855993321,498,0.9801370558,0.004039549379
144,0.3,0.7,0.2855993321,500,0.980054574,0.00406597458
144,0.3,0.7,0.2855993321,502,0.9799819683,0.004091816221
144,0.3,0.7,0.2855993321,504,0.9799037343,0.004119221533
144,0.3,0.7,0.2855993321,506,0.9798270407,0.004147506629
144,0.3,0.7,0.2855993321,508,0.979743723,0.004174969135
144,0.3,0.7,0.2855993321,510,0.9796670745,0.004202436472
144,0.3,0.7,0.2855993321,512,0.9795854857,0.004231345135
144,0.3,0.7,0.2855993321,514,0.9795029682,0.004259073696
144,0.3,0.7,0.2855993321,516,0.979425635,0.004286690185
144,0.3,0.7,0.2855993321,518,0.9793511564,0.004316889679
144,0.3,0.7,0.2855993321,520,0.9792745923,0.004346605739
144,0.3,0.7,0.2855993321,522,0.9791940483,0.004374899924
144,0.3,0.7,0.2855993321,524,0.9791214031,0.004403572442
144,0.3,0.7,0.2855993321,526,0.979044792,0.004430760603
144,0.3,0.7,0.2855993321,528,0.9789658412,0.004461008985
144,0.3,0.7,0.2855993321,530,0.9788913683,0.004488719436
144,0.3,0.7,0.2855993321,532,0.9788134064,0.004515707354
144,0.3,0.7,0.2855993321,534,0.9787366354,0.004546027796
144,0.3,0.7,0.2855993321,536,0.9786573826,0.004572404131
144,0.3,0.7,0.2855993321,538,0.9785775635,0.004597825965
144,0.3,0.7,0.2855993321,540,0.978502303,0.004629860956
144,0.3,0.7,0.2855993321,542,0.9784260238,0.004660373674
144,0.3,0.7,0.2855993321,544,0.9783538855,0.004692073251
144,0.3,0.7,0.2855993321,546,0.9782774145,0.004723182175
144,0.3,0.7,0.2855993321,548,0.9781999195,0.004758049277
144,0.3,0.7,0.2855993321,550,0.9781224429,0.004796428553
144,0.3,0.7,0.2855993321,552,0.9780436472,0.00483372781
144,0.3,0.7,0.2855993321,554,0.9779623725,0.004873297548
144,0.3,0.7,0.2855993321,556,0.9778755739,0.004913252054
144,0.3,0.7,0.2855993321,558,0.9777873294,0.004952608994
144,0.3,0.7,0.2855993321,560,0.9777061947,0.004991160187
144,0.3,0.7,0.2855993321,562,0.9776290576,0.005032604489
144,0.3,0.7,0.2855993321,564,0.9775455537,0.005073884107
144,0.3,0.7,0.2855993321,566,0.9774637622,0.005111149532
144,0.3,0.7,0.2855993321,568,0.9773830189,0.00514771422
144,0.3,0.7,0.2855993321,570,0.9773021814,0.005183957286
144,0.3,0.7,0.2855993321,572,0.9772245545,0.005220420706
144,0.3,0.7,0.2855993321,574,0.977149154,0.005257245402
144,0.3,0.7,0.2855993321,576,0.9770670364,0.005294266444
144,0.3,0.7,0.2855993321,578,0.9769811092,0.005333463611
144,0.3,0.7,0.2855993321,580,0.9768883532,0.005373541173
144,0.3,0.7,0.2855993321,582,0.9768049202,0.005413083602
144,0.3,0.7,0.2855993321,584,0.9767205657,0.005452878798
144,0.3,0.7,0.2855993321,586,0.976632425,0.005489513886
144,0.3,0.7,0.2855993321,588,0.9765410687,0.005525783809
144,0.3,0.7,0.2855993321,590,0.9764513116,0.005561988424
144,0.3,0.7,0.2855993321,592,0.9763605368,0.005599046395
144,0.3,0.7,0.2855993321,594,0.9762692181,0.005634396299
144,0.3,0.7,0.2855993321,596,0.976176684,0.005669224168
144,0.3,0.7,0.2855993321,598,0.9760835922,0.005704903617
144,0.3,0.7,0.2855993321,600,0.9759913551,0.005743155585
144,0.3,0.7,0.2855993321,602,0.9758942587,0.00577990798
144,0.3,0.7,0.2855993321,604,0.9757927136,0.005817492813
144,0.3,0.7,0.2855993321,606,0.9756926325,0.005855525103
144,0.3,0.7,0.2855993321,608,0.9755916154,0.005892385246
144,0.3,0.7,0.2855993321,610,0.9754874254,0.005928516167
144,0.3,0.7,0.2855993321,612,0.9753816721,0.005964201905
144,0.3,0.7,0.2855993321,614,0.9752831209,0.005997326462
144,0.3,0.7,0.2855993321,616,0.9751878815,0.006034701046
144,0.3,0.7,0.2855993321,618,0.9750930393,0.006067143739
144,0.3,0.7,0.2855993321,620,0.9749986433,0.006102859875
144,0.3,0.7,0.2855993321,622,0.974907397,0.006140298818
144,0.3,0.7,0.2855993321,624,0.9748082203,0.006177475092
144,0.3,0.7,0.2855993321,626,0.9747010446,0.006216168765
144,0.3,0.7,0.2855993321,628,0.9745909035,0.00625349819
144,0.3,0.7,0.2855993321,630,0.9744854311,0.006287920942
144,0.3,0.7,0.2855993321,632,0.9743774433,0.006321665246
144,0.3,0.7,0.2855993321,634,0.9742710404,0.006355251439
144,0.3,0.7,0.2855993321,636,0.9741636706,0.006390055837
144,0.3,0.7,0.2855993321,638,0.974058657,0.00642253775
144,0.3,0.7,0.2855993321,640,0.9739506132,0.00645509877
144,0.3,0.7,0.2855993321,642,0.9738373989,0.006486933834
144,0.3,0.7,0.2855993321,644,0.9737275634,0.006520818376
144,0.3,0.7,0.2855993321,646,0.9736212186,0.006554990475
144,0.3,0.7,0.2855993321,648,0.9735062635,0.006593151948
144,0.3,0.7,0.2855993321,650,0.9734004824,0.006629669992
144,0.3,0.7,0.2855993321,652,0.9732887359,0.006665954612
144,0.3,0.7,0.2855993321,654,0.9731822222,0.006700610415
144,0.3,0.7,0.2855993321,656,0.9730804231,0.006735653689
144,0.3,0.7,0.2855993321,658,0.9729902769,0.006767692892
144,0.3,0.7,0.2855993321,660,0.9728961585,0.006797828847
144,0.3,0.7,0.2855993321,662,0.972791285,0.00682774864
144,0.3,0.7,0.2855993321,664,0.9726873363,0.006862039237
144,0.3,0.7,0.2855993321,666,0.9725856081,0.006897630685
144,0.3,0.7,0.2855993321,668,0.9724856557,0.006932077999
144,0.3,0.7,0.2855993321,670,0.9723848881,0.006970906639
144,0.3,0.7,0.2855993321,672,0.9722823508,0.007010852395
144,0.3,0.7,0.2855993321,674,0.9721802613,0.007048368071
144,0.3,0.7,0.2855993321,676,0.9720764344,0.007086212533
144,0.3,0.7,0.2855993321,678,0.9719671047,0.007121000421
144,0.3,0.7,0.2855993321,680,0.9718532305,0.007154176195
144,0.3,0.7,0.2855993321,682,0.9717373495,0.007185315811
144,0.3,0.7,0.2855993321,684,0.9716275518,0.007215056346
144,0.3,0.7,0.2855993321,686,0.9715139673,0.007245256029
144,0.3,0.7,0.2855993321,688,0.9714001277,0.007278510433
144,0.3,0.7,0.2855993321,690,0.9712769036,0.007313496533
144,0.3,0.7,0.2855993321,692,0.9711528497,0.007345864469
144,0.3,0.7,0.2855993321,694,0.9710294475,0.007375820948
144,0.3,0.7,0.2855993321,696,0.9709076944,0.007406271265
144,0.3,0.7,0.2855993321,698,0.9707904263,0.007438100513
144,0.3,0.7,0.2855993321,700,0.9706657788,0.007471727343
144,0.3,0.7,0.2855993321,702,0.9705461417,0.007506631754
144,0.3,0.7,0.2855993321,704,0.9704284672,0.00754210224
144,0.3,0.7,0.2855993321,706,0.9703130259,0.00757550229
144,0.3,0.7,0.2855993321,708,0.9702010885,0.007613763562
144,0.3,0.7,0.2855993321,710,0.970084148,0.007651093536
144,0.3,0.7,0.2855993321,712,0.9699626523,0.007685900376
144,0.3,0.7,0.2855993321,714,0.9698451458,0.007717089141
144,0.3,0.7,0.2855993321,716,0.9697256775,0.007744750058
144,0.3,0.7,0.2855993321,718,0.9696050881,0.007772554942
144,0.3,0.7,0.2855993321,720,0.9694853036,0.00780349295
144,0.3,0.7,0.2855993321,722,0.9693688296,0.007835548298
144,0.3,0.7,0.2855993321,724,0.969250669,0.007867696337
144,0.3,0.7,0.2855993321,726,0.9691322118,0.007897341457
144,0.3,0.7,0.2855993321,728,0.9690142584,0.007924707222
144,0.3,0.7,0.2855993321,730,0.9688939921,0.007950735155
144,0.3,0.7,0.2855993321,732,0.9687659669,0.007976687107
144,0.3,0.7,0.2855993321,734,0.9686417293,0.008002795472
144,0.3,0.7,0.2855993321,736,0.9685242276,0.008031601708
144,0.3,0.7,0.2855993321,738,0.9684133533,0.008061453633
144,0.3,0.7,0.2855993321,740,0.9683038462,0.008092118394
144,0.3,0.7,0.2855993321,742,0.9681906399,0.008127891655
144,0.3,0.7,0.2855993321,744,0.9680755614,0.0081604864
144,0.3,0.7,0.2855993321,746,0.9679614209,0.008194662703
144,0.3,0.7,0.2855993321,748,0.9678425209,0.00822717391
144,0.3,0.7,0.2855993321,750,0.9677240625,0.008257182399
144,0.3,0.7,0.2855993321,752,0.9676040209,0.008289261064
144,0.3,0.7,0.2855993321,754,0.9674857843,0.008319388015
144,0.3,0.7,0.2855993321,756,0.9673650302,0.008345962729
144,0.3,0.7,0.2855993321,758,0.9672428144,0.008370688411
144,0.3,0.7,0.2855993321,760,0.9671180119,0.008394144961
144,0.3,0.7,0.2855993321,762,0.9669899468,0.008416724007
144,0.3,0.7,0.2855993321,764,0.9668655853,0.008443689075
144,0.3,0.7,0.2855993321,766,0.9667383508,0.008465230173
144,0.3,0.7,0.2855993321,768,0.9666097973,0.008485257547
144,0.3,0.7,0.2855993321,770,0.9664779318,0.008504609278
144,0.3,0.7,0.2855993321,772,0.9663435503,0.00852633133
144,0.3,0.7,0.2855993321,774,0.9662132626,0.008546153065
144,0.3,0.7,0.2855993321,776,0.9660823209,0.008567749104
144,0.3,0.7,0.2855993321,778,0.9659520105,0.008586936385
144,0.3,0.7,0.2855993321,780,0.9658200235,0.008605969046
144,0.3,0.7,0.2855993321,782,0.9656864955,0.008624853343
144,0.3,0.7,0.2855993321,784,0.9655516015,0.00864621055
144,0.3,0.7,0.2855993321,786,0.9654160033,0.008667490884
144,0.3,0.7,0.2855993321,788,0.9652758113,0.008688076464
144,0.3,0.7,0.2855993321,790,0.9651372998,0.008709311275
144,0.3,0.7,0.2855993321,792,0.9650010243,0.008729756992
144,0.3,0.7,0.2855993321,794,0.964865474,0.008747225187
144,0.3,0.7,0.2855993321,796,0.9647309015,0.008765911286
144,0.3,0.7,0.2855993321,798,0.9645996241,0.008783958281
144,0.3,0.7,0.2855993321,800,0.9644718432,0.008799784303
144,0.3,0.7,0.2855993321,802,0.9643455605,0.008815992074
144,0.3,0.7,0.2855993321,804,0.9642206464,0.008829303841
144,0.3,0.7,0.2855993321,806,0.9640951742,0.008845199582
144,0.3,0.7,0.2855993321,808,0.9639655967,0.008868014172
144,0.3,0.7,0.2855993321,810,0.9638439493,0.008892861178
144,0.3,0.7,0.2855993321,812,0.963720499,0.008916852726
144,0.3,0.7,0.2855993321,814,0.9636062796,0.00893679366
144,0.3,0.7,0.2855993321,816,0.9634914523,0.00895518339
144,0.3,0.7,0.2855993321,818,0.9633738911,0.008972135601
144,0.3,0.7,0.2855993321,820,0.9632514523,0.008986000056
144,0.3,0.7,0.2855993321,822,0.9631300883,0.009003365354
144,0.3,0.7,0.2855993321,824,0.9630106652,0.009021152302
144,0.3,0.7,0.2855993321,826,0.9628892334,0.009037731212
144,0.3,0.7,0.2855993321,828,0.962776224,0.009053895839
144,0.3,0.7,0.2855993321,830,0.9626633299,0.009069925661
144,0.3,0.7,0.2855993321,832,0.9625469409,0.009086789643
144,0.3,0.7,0.2855993321,834,0.9624279491,0.009105842249
144,0.3,0.7,0.2855993321,836,0.9623058793,0.009123852947
144,0.3,0.7,0.2855993321,838,0.962183634,0.009142598781
144,0.3,0.7,0.2855993321,840,0.9620560909,0.009161652691
144,0.3,0.7,0.2855993321,842,0.9619295997,0.009179611746
144,0.3,0.7,0.2855993321,844,0.961803863,0.009196700103
144,0.3,0.7,0.2855993321,846,0.9616789585,0.009212192898
144,0.3,0.7,0.2855993321,848,0.9615562626,0.009228306635
144,0.3,0.7,0.2855993321,850,0.9614308313,0.009239215517
144,0.3,0.7,0.2855993321,852,0.961302816,0.00925177331
144,0.3,0.7,0.2855993321,854,0.9611802494,0.009268955508
144,0.3,0.7,0.2855993321,856,0.9610587353,0.009283463999
144,0.3,0.7,0.2855993321,858,0.9609368182,0.009296357961
144,0.3,0.7,0.2855993321,860,0.9608135372,0.009307361156
144,0.3,0.7,0.2855993321,862,0.9606915441,0.009317012466
144,0.3,0.7,0.2855993321,864,0.9605706599,0.009327251775
144,0.3,0.7,0.2855993321,866,0.9604485746,0.009338157905
144,0.3,0.7,0.2855993321,868,0.9603238238,0.009348975537
144,0.3,0.7,0.2855993321,870,0.9601996132,0.009360160648
144,0.3,0.7,0.2855993321,872,0.9600744435,0.00937197245
144,0.3,0.7,0.2855993321,874,0.9599561905,0.009384376433
144,0.3,0.7,0.2855993321,876,0.9598366801,0.009398630263
144,0.3,0.7,0.2855993321,878,0.9597115283,0.009415701604
144,0.3,0.7,0.2855993321,880,0.9595968638,0.009434312393
144,0.3,0.7,0.2855993321,882,0.9594860746,0.009457317863
144,0.3,0.7,0.2855993321,884,0.959378706,0.009481914774
144,0.3,0.7,0.2855993321,886,0.9592717168,0.009502512886
144,0.3,0.7,0.2855993321,888,0.9591648147,0.009525116096
144,0.3,0.7,0.2855993321,890,0.9590543662,0.009549248194
144,0.3,0.7,0.2855993321,892,0.9589410281,0.009577354737
144,0.3,0.7,0.2855993321,894,0.958834898,0.009600752757
144,0.3,0.7,0.2855993321,896,0.9587262613,0.009625568023
144,0.3,0.7,0.2855993321,898,0.9586183838,0.009650992111
144,0.3,0.7,0.2855993321,900,0.958507875,0.009678603575
144,0.3,0.7,0.2855993321,902,0.9583925676,0.009707928793
144,0.3,0.7,0.2855993321,904,0.9582823929,0.009734166625
144,0.3,0.7,0.2855993321,906,0.958173187,0.009758613523
144,0.3,0.7,0.2855993321,908,0.9580628672,0.009785445774
144,0.3,0.7,0.2855993321,910,0.9579535499,0.009814465186
144,0.3,0.7,0.2855993321,912,0.9578428577,0.009836868397
144,0.3,0.7,0.2855993321,914,0.9577309291,0.00985771447
144,0.3,0.7,0.2855993321,916,0.9576110813,0.009879709481
144,0.3,0.7,0.2855993321,918,0.9574935823,0.009903880474
144,0.3,0.7,0.2855993321,920,0.9573774567,0.009927977444
144,0.3,0.7,0.2855993321,922,0.9572487608,0.00995215299
144,0.3,0.7,0.2855993321,924,0.9571128473,0.009980200066
144,0.3,0.7,0.2855993321,926,0.9569863922,0.01000939525
144,0.3,0.7,0.2855993321,928,0.956863882,0.01003702539
144,0.3,0.7,0.2855993321,930,0.9567433741,0.01006496509
144,0.3,0.7,0.2855993321,932,0.9566219548,0.01009566444
144,0.3,0.7,0.2855993321,934,0.9565019462,0.01012531881
144,0.3,0.7,0.2855993321,936,0.9563896846,0.01015685269
144,0.3,0.7,0.2855993321,938,0.9562808422,0.01018884173
144,0.3,0.7,0.2855993321,940,0.9561747329,0.01021921134
144,0.3,0.7,0.2855993321,942,0.9560719458,0.01024647949
144,0.3,0.7,0.2855993321,944,0.9559716988,0.01027802636
144,0.3,0.7,0.2855993321,946,0.955863779,0.01031071335
144,0.3,0.7,0.2855993321,948,0.9557563021,0.01034356222
144,0.3,0.7,0.2855993321,950,0.9556476661,0.01037864408
144,0.3,0.7,0.2855993321,952,0.9555422306,0.01041409515
144,0.3,0.7,0.2855993321,954,0.9554359631,0.0104490405
144,0.3,0.7,0.2855993321,956,0.955331519,0.01048584856
144,0.3,0.7,0.2855993321,958,0.955226999,0.01052205662
144,0.3,0.7,0.2855993321,960,0.9551148184,0.01055776085
144,0.3,0.7,0.2855993321,962,0.9550129066,0.01059756181
144,0.3,0.7,0.2855993321,964,0.9549131269,0.01063534408
144,0.3,0.7,0.2855993321,966,0.9548243111,0.0106670345
144,0.3,0.7,0.2855993321,968,0.9547377266,0.01069811844
144,0.3,0.7,0.2855993321,970,0.9546473775,0.0107300374
144,0.3,0.7,0.2855993321,972,0.9545480736,0.01076045694
144,0.3,0.7,0.2855993321,974,0.9544573543,0.01079192798
144,0.3,0.7,0.2855993321,976,0.9543672889,0.01082665966
144,0.3,0.7,0.2855993321,978,0.9542756814,0.01086100515
144,0.3,0.7,0.2855993321,980,0.9541833037,0.0108929081
144,0.3,0.7,0.2855993321,982,0.9540969775,0.01092321658
144,0.3,0.7,0.2855993321,984,0.9540043685,0.01095355971
144,0.3,0.7,0.2855993321,986,0.9539147423,0.01098246097
144,0.3,0.7,0.2855993321,988,0.9538205952,0.0110074096
144,0.3,0.7,0.2855993321,990,0.9537261679,0.01103091955
144,0.3,0.7,0.2855993321,992,0.9536299165,0.01105289776
144,0.3,0.7,0.2855993321,994,0.9535280658,0.01107733224
144,0.3,0.7,0.2855993321,996,0.9534197767,0.01110398656
144,0.3,0.7,0.2855993321,998,0.9533159324,0.01112780263
144,0.3,0.7,0.2855993321,1000,0.9532088505,0.01115615157
144,0.3,0.7,0.2855993321,1002,0.9531011753,0.01118206077
144,0.3,0.7,0.2855993321,1004,0.9530000784,0.01120638793
144,0.3,0.7,0.2855993321,1006,0.9529107434,0.01122618037
144,0.3,0.7,0.2855993321,1008,0.952816314,0.01124703574
144,0.3,0.7,0.2855993321,1010,0.9527160977,0.01126798857
144,0.3,0.7,0.2855993321,1012,0.9526092356,0.01129284991
144,0.3,0.7,0.2855993321,1014,0.9525040084,0.01131339906
144,0.3,0.7,0.2855993321,1016,0.9523967138,0.01133211328
144,0.3,0.7,0.2855993321,1018,0.9522865642,0.01135325725
144,0.3,0.7,0.2855993321,1020,0.9521723939,0.01137194805
144,0.3,0.7,0.2855993321,1022,0.9520607306,0.0113907255
144,0.3,0.7,0.2855993321,1024,0.9519496274,0.01140987029
144,0.3,0.7,0.2855993321,1026,0.9518409242,0.01142893676
144,0.3,0.7,0.2855993321,1028,0.9517335139,0.01144817826
144,0.3,0.7,0.2855993321,1030,0.9516272042,0.01146798684
144,0.3,0.7,0.2855993321,1032,0.9515254411,0.01148733316
144,0.3,0.7,0.2855993321,1034,0.951434147,0.0115086586
144,0.3,0.7,0.2855993321,1036,0.951338852,0.01152718412
144,0.3,0.7,0.2855993321,1038,0.9512327368,0.01154993497
144,0.3,0.7,0.2855993321,1040,0.9511360934,0.01157379753
144,0.3,0.7,0.2855993321,1042,0.9510445618,0.01160010597
144,0.3,0.7,0.2855993321,1044,0.9509556503,0.01163158767
144,0.3,0.7,0.2855993321,1046,0.9508646913,0.01166064418
144,0.3,0.7,0.2855993321,1048,0.9507687412,0.01169426072
144,0.3,0.7,0.2855993321,1050,0.9506827856,0.01172571202
144,0.3,0.7,0.2855993321,1052,0.950597036,0.01175809074
144,0.3,0.7,0.2855993321,1054,0.950512757,0.0117907701
144,0.3,0.7,0.2855993321,1056,0.9504305322,0.01182269155
144,0.3,0.7,0.2855993321,1058,0.9503464569,0.01185337973
144,0.3,0.7,0.2855993321,1060,0.9502570243,0.01188632105
144,0.3,0.7,0.2855993321,1062,0.9501657237,0.0119222265
144,0.3,0.7,0.2855993321,1064,0.9500793943,0.01195918229
144,0.3,0.7,0.2855993321,1066,0.9499882597,0.01199436926
144,0.3,0.7,0.2855993321,1068,0.9498983809,0.01203175088
144,0.3,0.7,0.2855993321,1070,0.9498153021,0.01207127733
144,0.3,0.7,0.2855993321,1072,0.9497303659,0.01211503224
144,0.3,0.7,0.2855993321,1074,0.9496374026,0.01215646924
144,0.3,0.7,0.2855993321,1076,0.9495498382,0.01219745546
144,0.3,0.7,0.2855993321,1078,0.9494645618,0.01224128506
144,0.3,0.7,0.2855993321,1080,0.9493713793,0.01228530435
144,0.3,0.7,0.2855993321,1082,0.9492769525,0.01233012409
144,0.3,0.7,0.2855993321,1084,0.9491783877,0.0123733913
144,0.3,0.7,0.2855993321,1086,0.9490867083,0.01241579557
144,0.3,0.7,0.2855993321,1088,0.9489890927,0.01244989465
144,0.3,0.7,0.2855993321,1090,0.9488969562,0.01249012423
144,0.3,0.7,0.2855993321,1092,0.9488093781,0.01252742778
144,0.3,0.7,0.2855993321,1094,0.9487185839,0.01256700447
144,0.3,0.7,0.2855993321,1096,0.948618927,0.01260587803
144,0.3,0.7,0.2855993321,1098,0.9485263978,0.01264146536
144,0.3,0.7,0.2855993321,1100,0.9484264091,0.01267817941
144,0.3,0.7,0.2855993321,1102,0.9483166,0.01271534627
144,0.3,0.7,0.2855993321,1104,0.9482117792,0.01275084134
144,0.3,0.7,0.2855993321,1106,0.9481072288,0.0127852276
144,0.3,0.7,0.2855993321,1108,0.9480002775,0.01282338303
144,0.3,0.7,0.2855993321,1110,0.9478900617,0.01285993788
144,0.3,0.7,0.2855993321,1112,0.9477757495,0.01289732618
144,0.3,0.7,0.2855993321,1114,0.9476683111,0.01293423831
144,0.3,0.7,0.2855993321,1116,0.9475544843,0.01297646403
144,0.3,0.7,0.2855993321,1118,0.94744446,0.01301775497
144,0.3,0.7,0.2855993321,1120,0.9473444801,0.01306026474
144,0.3,0.7,0.2855993321,1122,0.9472443107,0.0131026452
144,0.3,0.7,0.2855993321,1124,0.947140444,0.01314575703
144,0.3,0.7,0.2855993321,1126,0.9470408431,0.01318418799
144,0.3,0.7,0.2855993321,1128,0.9469443595,0.01322202995
144,0.3,0.7,0.2855993321,1130,0.9468430965,0.01326129416
144,0.3,0.7,0.2855993321,1132,0.9467428172,0.01330212399
144,0.3,0.7,0.2855993321,1134,0.9466362595,0.01334669294
144,0.3,0.7,0.2855993321,1136,0.9465216789,0.01338849198
144,0.3,0.7,0.2855993321,1138,0.9464075369,0.01343404728
144,0.3,0.7,0.2855993321,1140,0.9463031299,0.01347980164
144,0.3,0.7,0.2855993321,1142,0.9462021218,0.01352800643
144,0.3,0.7,0.2855993321,1144,0.9461010635,0.01357129924
144,0.3,0.7,0.2855993321,1146,0.9459917757,0.01361773952
144,0.3,0.7,0.2855993321,1148,0.945884654,0.01365855191
144,0.3,0.7,0.2855993321,1150,0.9457712461,0.01369502264
144,0.3,0.7,0.2855993321,1152,0.9456498219,0.01373246315
144,0.3,0.7,0.2855993321,1154,0.9455313535,0.01377282128
144,0.3,0.7,0.2855993321,1156,0.9454041315,0.01381162352
144,0.3,0.7,0.2855993321,1158,0.9452739822,0.01385002745
144,0.3,0.7,0.2855993321,1160,0.9451439391,0.0138879703
144,0.3,0.7,0.2855993321,1162,0.9450147046,0.01392444234
144,0.3,0.7,0.2855993321,1164,0.9448785422,0.0139640277
144,0.3,0.7,0.2855993321,1166,0.9447418734,0.01400276009
144,0.3,0.7,0.2855993321,1168,0.9446032379,0.01404001104
144,0.3,0.7,0.2855993321,1170,0.9444611834,0.01407665142
144,0.3,0.7,0.2855993321,1172,0.944325179,0.01411576759
144,0.3,0.7,0.2855993321,1174,0.9441863363,0.01415351918
144,0.3,0.7,0.2855993321,1176,0.9440428044,0.01419311846
144,0.3,0.7,0.2855993321,1178,0.9438998166,0.01423486339
144,0.3,0.7,0.2855993321,1180,0.9437619944,0.01427418392
144,0.3,0.7,0.2855993321,1182,0.9436251622,0.01431362639
144,0.3,0.7,0.2855993321,1184,0.9434912005,0.01435425105
144,0.3,0.7,0.2855993321,1186,0.9433595641,0.01439123692
144,0.3,0.7,0.2855993321,1188,0.9432174758,0.01442941614
144,0.3,0.7,0.2855993321,1190,0.943081211,0.01447478058
144,0.3,0.7,0.2855993321,1192,0.9429350966,0.01451919742
144,0.3,0.7,0.2855993321,1194,0.9427881894,0.01455991925
144,0.3,0.7,0.2855993321,1196,0.9426360072,0.01460615528
144,0.3,0.7,0.2855993321,1198,0.9424777359,0.01464860874
144,0.3,0.7,0.2855993321,1200,0.9423200489,0.01468774874
144,0.3,0.7,0.2855993321,1202,0.9421621025,0.01472411226
144,0.3,0.7,0.2855993321,1204,0.9420081184,0.01476276238
144,0.3,0.7,0.2855993321,1206,0.9418643316,0.01480292119
144,0.3,0.7,0.2855993321,1208,0.9417223956,0.01484653859
144,0.3,0.7,0.2855993321,1210,0.9415867008,0.0148912931
144,0.3,0.7,0.2855993321,1212,0.9414532229,0.01492910979
144,0.3,0.7,0.2855993321,1214,0.9413206338,0.01496953235
144,0.3,0.7,0.2855993321,1216,0.9411947177,0.01501010198
144,0.3,0.7,0.2855993321,1218,0.94107504,0.01505277227
144,0.3,0.7,0.2855993321,1220,0.9409584516,0.0150949369
144,0.3,0.7,0.2855993321,1222,0.9408383411,0.01514494583
144,0.3,0.7,0.2855993321,1224,0.9407191082,0.01519581683
144,0.3,0.7,0.2855993321,1226,0.940596458,0.01524313748
144,0.3,0.7,0.2855993321,1228,0.9404780622,0.01528830481
144,0.3,0.7,0.2855993321,1230,0.9403652328,0.01534083036
144,0.3,0.7,0.2855993321,1232,0.9402442632,0.01539191973
144,0.3,0.7,0.2855993321,1234,0.940131933,0.01543993861
144,0.3,0.7,0.2855993321,1236,0.9400209182,0.01548815308
144,0.3,0.7,0.2855993321,1238,0.9399123477,0.01553222967
144,0.3,0.7,0.2855993321,1240,0.9398050839,0.0155772808
144,0.3,0.7,0.2855993321,1242,0.9396959133,0.01562283515
144,0.3,0.7,0.2855993321,1244,0.9395855164,0.01566827791
144,0.3,0.7,0.2855993321,1246,0.9394733887,0.01571714559
144,0.3,0.7,0.2855993321,1248,0.9393612189,0.01576495903
144,0.1,0.9,0.2855993321,0,1,0
144,0.1,0.9,0.2855993321,2,0.9999045941,7.353597058e-06
144,0.1,0.9,0.2855993321,4,0.9997891653,1.468467653e-05
144,0.1,0.9,0.2855993321,6,0.9996838584,2.067437986e-05
144,0.1,0.9,0.2855993321,8,0.9995828394,2.527431276e-05
144,0.1,0.9,0.2855993321,10,0.9994889589,3.140525827e-05
144,0.1,0.9,0.2855993321,12,0.9993986371,3.605438502e-05
144,0.1,0.9,0.2855993321,14,0.999311069,4.150399371e-05
144,0.1,0.9,0.2855993321,16,0.9992232581,4.500425755e-05
144,0.1,0.9,0.2855993321,18,0.99913782,4.842388557e-05
144,0.1,0.9,0.2855993321,20,0.999053001,5.36248887e-05
144,0.1,0.9,0.2855993321,22,0.998970013,5.770406038e-05
144,0.1,0.9,0.2855993321,24,0.9988894505,6.197074499e-05
144,0.1,0.9,0.2855993321,26,0.9988095224,6.559107759e-05
144,0.1,0.9,0.2855993321,28,0.9987280419,6.578760351e-05
144,0.1,0.9,0.2855993321,30,0.9986484328,6.75327779e-05
144,0.1,0.9,0.2855993321,32,0.9985697439,7.037210385e-05
144,0.1,0.9,0.2855993321,34,0.9984903825,7.192434671e-05
144,0.1,0.9,0.2855993321,36,0.9984135366,7.51346086e-05
144,0.1,0.9,0.2855993321,38,0.9983364441,7.932502391e-05
144,0.1,0.9,0.2855993321,40,0.9982571656,8.404143642e-05
144,0.1,0.9,0.2855993321,42,0.9981742318,8.531226928e-05
144,0.1,0.9,0.2855993321,44,0.9980948794,8.87055106e-05
144,0.1,0.9,0.2855993321,46,0.9980117025,9.690615933e-05
144,0.1,0.9,0.2855993321,48,0.9979298448,0.0001036867926
144,0.1,0.9,0.2855993321,50,0.997847124,0.0001122471331
144,0.1,0.9,0.2855993321,52,0.9977670092,0.0001206750012
144,0.1,0.9,0.2855993321,54,0.9976874032,0.0001309811764
144,0.1,0.9,0.2855993321,56,0.9976078225,0.0001412670069
144,0.1,0.9,0.2855993321,58,0.9975277863,0.0001505942459
144,0.1,0.9,0.2855993321,60,0.9974461125,0.0001613042361
144,0.1,0.9,0.2855993321,62,0.9973653611,0.0001719193261
144,0.1,0.9,0.2855993321,64,0.997287431,0.0001800524465
144,0.1,0.9,0.2855993321,66,0.9972114998,0.0001931754332
144,0.1,0.9,0.2855993321,68,0.9971372934,0.0002052736656
144,0.1,0.9,0.2855993321,70,0.9970629169,0.0002207607719
144,0.1,0.9,0.2855993321,72,0.9969912952,0.0002345863669
144,0.1,0.9,0.2855993321,74,0.9969211749,0.0002461307025
144,0.1,0.9,0.2855993321,76,0.9968497711,0.0002586805297
144,0.1,0.9,0.2855993321,78,0.9967713608,0.0002731434874
144,0.1,0.9,0.2855993321,80,0.99669437,0.0002877279076
144,0.1,0.9,0.2855993321,82,0.9966197723,0.0003009203444
144,0.1,0.9,0.2855993321,84,0.9965465954,0.0003151422974
144,0.1,0.9,0.2855993321,86,0.9964724326,0.0003290240846
144,0.1,0.9,0.2855993321,88,0.9963952639,0.0003437883353
144,0.1,0.9,0.2855993321,90,0.9963221428,0.0003567596307
144,0.1,0.9,0.2855993321,92,0.9962480875,0.0003692658745
144,0.1,0.9,0.2855993321,94,0.9961707862,0.0003835581407
144,0.1,0.9,0.2855993321,96,0.9960912593,0.0003998683794
144,0.1,0.9,0.2855993321,98,0.9960163475,0.0004141210252
144,0.1,0.9,0.2855993321,100,0.995939848,0.0004263381649
144,0.1,0.9,0.2855993321,102,0.9958619139,0.0004371123483
144,0.1,0.9,0.2855993321,104,0.9957808913,0.0004485368064
144,0.1,0.9,0.2855993321,106,0.9957034446,0.0004605275868
144,0.1,0.9,0.2855993321,108,0.9956277117,0.0004752360697
144,0.1,0.9,0.2855993321,110,0.9955517463,0.0004941445456
144,0.1,0.9,0.2855993321,112,0.9954791356,0.0005103227525
144,0.1,0.9,0.2855993321,114,0.9953992525,0.0005272125851
144,0.1,0.9,0.2855993321,116,0.9953201306,0.0005456851702
144,0.1,0.9,0.2855993321,118,0.995238669,0.0005659813922
144,0.1,0.9,0.2855993321,120,0.9951557849,0.0005842975523
144,0.1,0.9,0.2855993321,122,0.9950779933,0.0006022564179
144,0.1,0.9,0.2855993321,124,0.9949992361,0.0006191114729
144,0.1,0.9,0.2855993321,126,0.9949190418,0.0006345525432
144,0.1,0.9,0.2855993321,128,0.9948388413,0.0006498461155
144,0.1,0.9,0.2855993321,130,0.9947601637,0.0006623878014
144,0.1,0.9,0.2855993321,132,0.9946840375,0.0006744913854
144,0.1,0.9,0.2855993321,134,0.9946163204,0.0006871454255
144,0.1,0.9,0.2855993321,136,0.9945491891,0.0006980732398
144,0.1,0.9,0.2855993321,138,0.9944842942,0.0007082149178
144,0.1,0.9,0.2855993321,140,0.9944191258,0.0007168709352
144,0.1,0.9,0.2855993321,142,0.9943526505,0.0007263448808
144,0.1,0.9,0.2855993321,144,0.9942864371,0.0007364930871
144,0.1,0.9,0.2855993321,146,0.9942180292,0.0007459766411
144,0.1,0.9,0.2855993321,148,0.9941528863,0.0007564814835
144,0.1,0.9,0.2855993321,150,0.9940848984,0.0007670497595
144,0.1,0.9,0.2855993321,152,0.9940186076,0.0007768521476
144,0.1,0.9,0.2855993321,154,0.9939523639,0.0007889578763
144,0.1,0.9,0.2855993321,156,0.9938869177,0.0007993293486
144,0.1,0.9,0.2855993321,158,0.993825008,0.000807482953
144,0.1,0.9,0.2855993321,160,0.9937608745,0.0008161567048
144,0.1,0.9,0.2855993321,162,0.9936962817,0.000820859967
144,0.1,0.9,0.2855993321,164,0.9936352329,0.0008283553447
144,0.1,0.9,0.2855993321,166,0.9935712198,0.0008360164873
144,0.1,0.9,0.2855993321,168,0.993506467,0.0008443745268
144,0.1,0.9,0.2855993321,170,0.9934413683,0.000853937608
144,0.1,0.9,0.2855993321,172,0.9933766303,0.0008629834809
144,0.1,0.9,0.2855993321,174,0.993313237,0.000874292096
144,0.1,0.9,0.2855993321,176,0.9932505277,0.0008866506195
144,0.1,0.9,0.2855993321,178,0.9931891096,0.0008997297893
144,0.1,0.9,0.2855993321,180,0.9931281902,0.0009130956386
144,0.1,0.9,0.2855993321,182,0.993067508,0.0009241652098
144,0.1,0.9,0.2855993321,184,0.9930048509,0.00093743879
144,0.1,0.9,0.2855993321,186,0.9929410366,0.0009549985336
144,0.1,0.9,0.2855993321,188,0.9928778823,0.0009719532569
144,0.1,0.9,0.2855993321,190,0.9928162468,0.0009895949436
144,0.1,0.9,0.2855993321,192,0.9927529598,0.001007655762
144,0.1,0.9,0.2855993321,194,0.992691212,0.00102665581
144,0.1,0.9,0.2855993321,196,0.992628124,0.001046631658
144,0.1,0.9,0.2855993321,198,0.992563843,0.001064678658
144,0.1,0.9,0.2855993321,200,0.9924995687,0.001083354361
144,0.1,0.9,0.2855993321,202,0.9924327169,0.001101368247
144,0.1,0.9,0.2855993321,204,0.9923665483,0.001119085316
144,0.1,0.9,0.2855993321,206,0.9923008174,0.001137762046
144,0.1,0.9,0.2855993321,208,0.9922357312,0.001155059905
144,0.1,0.9,0.2855993321,210,0.9921634409,0.001173921294
144,0.1,0.9,0.2855993321,212,0.9920962207,0.001195523873
144,0.1,0.9,0.2855993321,214,0.9920229158,0.00121805133
144,0.1,0.9,0.2855993321,216,0.9919523507,0.001240299215
144,0.1,0.9,0.2855993321,218,0.9918824885,0.001266082773
144,0.1,0.9,0.2855993321,220,0.9918124481,0.001292566546
144,0.1,0.9,0.2855993321,222,0.9917469677,0.001316686233
144,0.1,0.9,0.2855993321,224,0.9916851571,0.001339318995
144,0.1,0.9,0.2855993321,226,0.991621563,0.001363274295
144,0.1,0.9,0.2855993321,228,0.9915590293,0.001386707443
144,0.1,0.9,0.2855993321,230,0.9914951246,0.001410031755
144,0.1,0.9,0.2855993321,232,0.9914350647,0.00143388709
144,0.1,0.9,0.2855993321,234,0.9913706487,0.001458514736
144,0.1,0.9,0.2855993321,236,0.9913072638,0.001484147212
144,0.1,0.9,0.2855993321,238,0.9912421706,0.001511095405
144,0.1,0.9,0.2855993321,240,0.9911746555,0.001536723052
144,0.1,0.9,0.2855993321,242,0.9911068709,0.001564968243
144,0.1,0.9,0.2855993321,244,0.9910400973,0.001592429852
144,0.1,0.9,0.2855993321,246,0.9909801949,0.001618728376
144,0.1,0.9,0.2855993321,248,0.9909150432,0.001644054575
144,0.1,0.9,0.2855993321,250,0.9908498317,0.001671948648
144,0.1,0.9,0.2855993321,252,0.990785661,0.001700506161
144,0.1,0.9,0.2855993321,254,0.9907214931,0.001728662108
144,0.1,0.9,0.2855993321,256,0.9906519689,0.0017565734
144,0.1,0.9,0.2855993321,258,0.9905817168,0.001781784254
144,0.1,0.9,0.2855993321,260,0.9905112118,0.001808747788
144,0.1,0.9,0.2855993321,262,0.9904409067,0.001836054625
144,0.1,0.9,0.2855993321,264,0.9903699464,0.001863740738
144,0.1,0.9,0.2855993321,266,0.9903000126,0.001892147642
144,0.1,0.9,0.2855993321,268,0.990232021,0.001920470572
144,0.1,0.9,0.2855993321,270,0.9901606508,0.001948825243
144,0.1,0.9,0.2855993321,272,0.9900917753,0.00197694288
144,0.1,0.9,0.2855993321,274,0.9900182962,0.002007361002
144,0.1,0.9,0.2855993321,276,0.9899496847,0.002036505597
144,0.1,0.9,0.2855993321,278,0.9898788228,0.002068424025
144,0.1,0.9,0.2855993321,280,0.9898053421,0.002098708234
144,0.1,0.9,0.2855993321,282,0.9897350792,0.002127948518
144,0.1,0.9,0.2855993321,284,0.9896615673,0.002156721595
144,0.1,0.9,0.2855993321,286,0.9895902676,0.002185871152
144,0.1,0.9,0.2855993321,288,0.9895194985,0.002217312569
144,0.1,0.9,0.2855993321,290,0.9894499154,0.002246621282
144,0.1,0.9,0.2855993321,292,0.9893785481,0.002278674588
144,0.1,0.9,0.2855993321,294,0.9893076754,0.002311717876
144,0.1,0.9,0.2855993321,296,0.9892385924,0.002345064762
144,0.1,0.9,0.2855993321,298,0.9891698946,0.002377678835
144,0.1,0.9,0.2855993321,300,0.9891033087,0.002410243494
144,0.1,0.9,0.2855993321,302,0.9890353882,0.002443865222
144,0.1,0.9,0.2855993321,304,0.98897191,0.002477674155
144,0.1,0.9,0.2855993321,306,0.9889059495,0.002511639744
144,0.1,0.9,0.2855993321,308,0.988840853,0.002545976346
144,0.1,0.9,0.2855993321,310,0.9887790503,0.002582257523
144,0.1,0.9,0.2855993321,312,0.9887179507,0.002616434223
144,0.1,0.9,0.2855993321,314,0.9886547307,0.002652167573
144,0.1,0.9,0.2855993321,316,0.9885929325,0.002687475928
144,0.1,0.9,0.2855993321,318,0.9885256268,0.002724084637
144,0.1,0.9,0.2855993321,320,0.9884604932,0.002758738329
144,0.1,0.9,0.2855993321,322,0.9883990775,0.002792784519
144,0.1,0.9,0.2855993321,324,0.9883435413,0.002825175371
144,0.1,0.9,0.2855993321,326,0.988282422,0.002855908147
144,0.1,0.9,0.2855993321,328,0.9882213698,0.002887888771
144,0.1,0.9,0.2855993321,330,0.9881621344,0.002923460136
144,0.1,0.9,0.2855993321,332,0.9881037653,0.002956572841
144,0.1,0.9,0.2855993321,334,0.9880461363,0.002992137247
144,0.1,0.9,0.2855993321,336,0.9879856478,0.003023667682
144,0.1,0.9,0.2855993321,338,0.9879270639,0.0030572985
144,0.1,0.9,0.2855993321,340,0.9878716251,0.003092362106
144,0.1,0.9,0.2855993321,342,0.9878169634,0.003127288312
144,0.1,0.9,0.2855993321,344,0.9877610534,0.003158270633
144,0.1,0.9,0.2855993321,346,0.9877043691,0.00319052858
144,0.1,0.9,0.2855993321,348,0.9876476585,0.00322004724
144,0.1,0.9,0.2855993321,350,0.987590026,0.003248412658
144,0.1,0.9,0.2855993321,352,0.9875319663,0.003277352926
144,0.1,0.9,0.2855993321,354,0.9874718631,0.003306044309
144,0.1,0.9,0.2855993321,356,0.9874156318,0.003337629183
144,0.1,0.9,0.2855993321,358,0.987362834,0.003370036543
144,0.1,0.9,0.2855993321,360,0.987306406,0.003403010606
144,0.1,0.9,0.2855993321,362,0.987253917,0.003434027658
144,0.1,0.9,0.2855993321,364,0.9872036014,0.00346486589
144,0.1,0.9,0.2855993321,366,0.987151139,0.003497745651
144,0.1,0.9,0.2855993321,368,0.9870956087,0.003528959154
144,0.1,0.9,0.2855993321,370,0.9870410981,0.003560486515
144,0.1,0.9,0.2855993321,372,0.9869861526,0.003591414427
144,0.1,0.9,0.2855993321,374,0.9869340246,0.003621598962
144,0.1,0.9,0.2855993321,376,0.9868801336,0.003650062934
144,0.1,0.9,0.2855993321,378,0.9868258615,0.003676465535
144,0.1,0.9,0.2855993321,380,0.986771874,0.003702435982
144,0.1,0.9,0.2855993321,382,0.986719415,0.003729418065
144,0.1,0.9,0.2855993321,384,0.9866677987,0.003756625489
144,0.1,0.9,0.2855993321,386,0.9866170658,0.003786728192
144,0.1,0.9,0.2855993321,388,0.986561063,0.003814266353
144,0.1,0.9,0.2855993321,390,0.9865066597,0.003843178072
144,0.1,0.9,0.2855993321,392,0.9864482988,0.003870824076
144,0.1,0.9,0.2855993321,394,0.98638809,0.003898261082
144,0.1,0.9,0.2855993321,396,0.9863232765,0.003927126335
144,0.1,0.9,0.2855993321,398,0.9862617441,0.003952592125
144,0.1,0.9,0.2855993321,400,0.9862016484,0.003977482771
144,0.1,0.9,0.2855993321,402,0.9861456737,0.004002174171
144,0.1,0.9,0.2855993321,404,0.9860934236,0.004027203375
144,0.1,0.9,0.2855993321,406,0.9860436168,0.004051531566
144,0.1,0.9,0.2855993321,408,0.9859915936,0.004074998698
144,0.1,0.9,0.2855993321,410,0.9859422675,0.00410027001
144,0.1,0.9,0.2855993321,412,0.9858924022,0.004125110338
144,0.1,0.9,0.2855993321,414,0.9858385763,0.00415053432
144,0.1,0.9,0.2855993321,416,0.9857850121,0.004175157655
144,0.1,0.9,0.2855993321,418,0.9857310999,0.004196599985
144,0.1,0.9,0.2855993321,420,0.9856717249,0.00422108535
144,0.1,0.9,0.2855993321,422,0.9856133786,0.004243834081
144,0.1,0.9,0.2855993321,424,0.9855603706,0.004264049029
144,0.1,0.9,0.2855993321,426,0.985506685,0.004284440982
144,0.1,0.9,0.2855993321,428,0.9854610138,0.00430575866
144,0.1,0.9,0.2855993321,430,0.9854116941,0.004328392702
144,0.1,0.9,0.2855993321,432,0.9853611033,0.0043521679
144,0.1,0.9,0.2855993321,434,0.9853090777,0.00437776852
144,0.1,0.9,0.2855993321,436,0.9852674826,0.004401622235
144,0.1,0.9,0.2855993321,438,0.9852224717,0.004423568581
144,0.1,0.9,0.2855993321,440,0.9851764635,0.004442837072
144,0.1,0.9,0.2855993321,442,0.9851325473,0.004463629018
144,0.1,0.9,0.2855993321,444,0.9850900648,0.004484683978
144,0.1,0.9,0.2855993321,446,0.985050063,0.004504872416
144,0.1,0.9,0.2855993321,448,0.9850104669,0.004524001257
144,0.1,0.9,0.2855993321,450,0.98497009,0.004542838173
144,0.1,0.9,0.2855993321,452,0.9849294567,0.004560462388
144,0.1,0.9,0.2855993321,454,0.984882578,0.004578474761
144,0.1,0.9,0.2855993321,456,0.9848333123,0.004596345508
144,0.1,0.9,0.2855993321,458,0.9847825233,0.004614506389
144,0.1,0.9,0.2855993321,460,0.9847346039,0.004633401787
144,0.1,0.9,0.2855993321,462,0.9846868402,0.004652072522
144,0.1,0.9,0.2855993321,464,0.984636092,0.004671269945
144,0.1,0.9,0.2855993321,466,0.9845902116,0.004693410269
144,0.1,0.9,0.2855993321,468,0.9845460205,0.004713476725
144,0.1,0.9,0.2855993321,470,0.9845012873,0.004732031103
144,0.1,0.9,0.2855993321,472,0.9844564991,0.004752401359
144,0.1,0.9,0.2855993321,474,0.98440349,0.00477254833
144,0.1,0.9,0.2855993321,476,0.9843548962,0.00479016328
144,0.1,0.9,0.2855993321,478,0.9843087892,0.004808545057
144,0.1,0.9,0.2855993321,480,0.9842591528,0.004827774132
144,0.1,0.9,0.2855993321,482,0.9842105528,0.004845514989
144,0.1,0.9,0.2855993321,484,0.9841659748,0.004866679088
144,0.1,0.9,0.2855993321,486,0.9841247948,0.004889330788
144,0.1,0.9,0.2855993321,488,0.984081105,0.004910898338
144,0.1,0.9,0.2855993321,490,0.9840378559,0.00493395013
144,0.1,0.9,0.2855993321,492,0.9839971136,0.004953312502
144,0.1,0.9,0.2855993321,494,0.9839590499,0.004973116231
144,0.1,0.9,0.2855993321,496,0.9839216182,0.004994650505
144,0.1,0.9,0.2855993321,498,0.9838852651,0.005014327375
144,0.1,0.9,0.2855993321,500,0.9838453702,0.005034675081
144,0.1,0.9,0.2855993321,502,0.9838053761,0.005055156667
144,0.1,0.9,0.2855993321,504,0.983766645,0.005075736082
144,0.1,0.9,0.2855993321,506,0.9837299902,0.005096226788
144,0.1,0.9,0.2855993321,508,0.983693683,0.005115894424
144,0.1,0.9,0.2855993321,510,0.9836561942,0.005138903888
144,0.1,0.9,0.2855993321,512,0.9836136408,0.005161475599
144,0.1,0.9,0.2855993321,514,0.9835627743,0.005183331327
144,0.1,0.9,0.2855993321,516,0.9835179277,0.005204150861
144,0.1,0.9,0.2855993321,518,0.983475019,0.005228081248
144,0.1,0.9,0.2855993321,520,0.9834283917,0.005250121247
144,0.1,0.9,0.2855993321,522,0.9833818602,0.0052714035
144,0.1,0.9,0.2855993321,524,0.9833323801,0.005291550553
144,0.1,0.9,0.2855993321,526,0.9832835363,0.005311465173
144,0.1,0.9,0.2855993321,528,0.9832409634,0.005335189876
144,0.1,0.9,0.2855993321,530,0.9831972274,0.005359883735
144,0.1,0.9,0.2855993321,532,0.9831509999,0.005384268667
144,0.1,0.9,0.2855993321,534,0.9831081814,0.005410721439
144,0.1,0.9,0.2855993321,536,0.9830584814,0.005434602843
144,0.1,0.9,0.2855993321,538,0.9830116414,0.005460476028
144,0.1,0.9,0.2855993321,540,0.982963696,0.005483889009
144,0.1,0.9,0.2855993321,542,0.9829226395,0.005508169846
144,0.1,0.9,0.2855993321,544,0.9828793199,0.00553257392
144,0.1,0.9,0.2855993321,546,0.9828356969,0.005556834909
144,0.1,0.9,0.2855993321,548,0.9827891595,0.005582449459
144,0.1,0.9,0.2855993321,550,0.9827458977,0.005609622231
144,0.1,0.9,0.2855993321,552,0.9827040526,0.0056399541
144,0.1,0.9,0.2855993321,554,0.9826644668,0.005670598227
144,0.1,0.9,0.2855993321,556,0.9826271211,0.005702443085
144,0.1,0.9,0.2855993321,558,0.9825811108,0.005736120228
144,0.1,0.9,0.2855993321,560,0.9825339851,0.005774012409
144,0.1,0.9,0.2855993321,562,0.9824857539,0.005810452546
144,0.1,0.9,0.2855993321,564,0.9824424529,0.005846889239
144,0.1,0.9,0.2855993321,566,0.982395514,0.005881232697
144,0.1,0.9,0.2855993321,568,0.9823455606,0.005917260654
144,0.1,0.9,0.2855993321,570,0.9822978609,0.005953298638
144,0.1,0.9,0.2855993321,572,0.9822543087,0.005991931953
144,0.1,0.9,0.2855993321,574,0.9822094686,0.006029715031
144,0.1,0.9,0.2855993321,576,0.9821610905,0.006070856359
144,0.1,0.9,0.2855993321,578,0.9821151572,0.006109621568
144,0.1,0.9,0.2855993321,580,0.982064939,0.006145418896
144,0.1,0.9,0.2855993321,582,0.9820137182,0.006181359977
144,0.1,0.9,0.2855993321,584,0.9819618363,0.006218167334
144,0.1,0.9,0.2855993321,586,0.9819140567,0.00625594689
144,0.1,0.9,0.2855993321,588,0.9818610434,0.006296725221
144,0.1,0.9,0.2855993321,590,0.9818119382,0.006337699947
144,0.1,0.9,0.2855993321,592,0.9817587988,0.006376053244
144,0.1,0.9,0.2855993321,594,0.9817116371,0.006412856029
144,0.1,0.9,0.2855993321,596,0.981664401,0.006451680264
144,0.1,0.9,0.2855993321,598,0.9816149369,0.006490851412
144,0.1,0.9,0.2855993321,600,0.9815657549,0.0065307158
144,0.1,0.9,0.2855993321,602,0.9815135256,0.00657426555
144,0.1,0.9,0.2855993321,604,0.9814669652,0.006617643981
144,0.1,0.9,0.2855993321,606,0.9814224767,0.006659085354
144,0.1,0.9,0.2855993321,608,0.9813774326,0.006701884462
144,0.1,0.9,0.2855993321,610,0.9813338923,0.006745372587
144,0.1,0.9,0.2855993321,612,0.9812900214,0.00678826479
144,0.1,0.9,0.2855993321,614,0.9812473501,0.006831260817
144,0.1,0.9,0.2855993321,616,0.9812039741,0.006876187017
144,0.1,0.9,0.2855993321,618,0.9811593739,0.006922360643
144,0.1,0.9,0.2855993321,620,0.9811076696,0.006970061214
144,0.1,0.9,0.2855993321,622,0.9810502507,0.007015759233
144,0.1,0.9,0.2855993321,624,0.9809927445,0.007061457712
144,0.1,0.9,0.2855993321,626,0.9809369981,0.007109010339
144,0.1,0.9,0.2855993321,628,0.9808754126,0.007153161889
144,0.1,0.9,0.2855993321,630,0.9808155443,0.00719644276
144,0.1,0.9,0.2855993321,632,0.9807552858,0.007236387686
144,0.1,0.9,0.2855993321,634,0.9806949478,0.007277388667
144,0.1,0.9,0.2855993321,636,0.9806359569,0.007318723722
144,0.1,0.9,0.2855993321,638,0.9805725294,0.007362148158
144,0.1,0.9,0.2855993321,640,0.9805092089,0.007406521127
144,0.1,0.9,0.2855993321,642,0.9804483687,0.00745389254
144,0.1,0.9,0.2855993321,644,0.980391089,0.007498935782
144,0.1,0.9,0.2855993321,646,0.9803401222,0.007544815813
144,0.1,0.9,0.2855993321,648,0.9802882597,0.007590349992
144,0.1,0.9,0.2855993321,650,0.9802313271,0.007635166985
144,0.1,0.9,0.2855993321,652,0.9801706621,0.00768221776
144,0.1,0.9,0.2855993321,654,0.9801059661,0.007728862213
144,0.1,0.9,0.2855993321,656,0.9800452076,0.007777119024
144,0.1,0.9,0.2855993321,658,0.9799812204,0.007821142654
144,0.1,0.9,0.2855993321,660,0.9799168282,0.007865112774
144,0.1,0.9,0.2855993321,662,0.9798540584,0.007907004817
144,0.1,0.9,0.2855993321,664,0.9797968888,0.00795080036
144,0.1,0.9,0.2855993321,666,0.979734308,0.007994518243
144,0.1,0.9,0.2855993321,668,0.9796762098,0.008040019376
144,0.1,0.9,0.2855993321,670,0.97961847,0.008086174184
144,0.1,0.9,0.2855993321,672,0.9795643076,0.008132419679
144,0.1,0.9,0.2855993321,674,0.9795104518,0.008177039304
144,0.1,0.9,0.2855993321,676,0.9794546276,0.008219709948
144,0.1,0.9,0.2855993321,678,0.9793993314,0.008260742021
144,0.1,0.9,0.2855993321,680,0.9793379336,0.008302190143
144,0.1,0.9,0.2855993321,682,0.9792712957,0.008345933832
144,0.1,0.9,0.2855993321,684,0.9792011287,0.008390178055
144,0.1,0.9,0.2855993321,686,0.979134515,0.008432972564
144,0.1,0.9,0.2855993321,688,0.9790717231,0.008473294561
144,0.1,0.9,0.2855993321,690,0.9790058835,0.008514284204
144,0.1,0.9,0.2855993321,692,0.9789356737,0.008555448256
144,0.1,0.9,0.2855993321,694,0.9788618018,0.008597466558
144,0.1,0.9,0.2855993321,696,0.9787866504,0.008636928327
144,0.1,0.9,0.2855993321,698,0.9787124996,0.00867506637
144,0.1,0.9,0.2855993321,700,0.9786428591,0.008714978598
144,0.1,0.9,0.2855993321,702,0.9785668687,0.008757453344
144,0.1,0.9,0.2855993321,704,0.9784905614,0.008798419539
144,0.1,0.9,0.2855993321,706,0.9784155,0.008838386092
144,0.1,0.9,0.2855993321,708,0.978341958,0.008876232724
144,0.1,0.9,0.2855993321,710,0.9782723449,0.008912437431
144,0.1,0.9,0.2855993321,712,0.9782040944,0.008951682904
144,0.1,0.9,0.2855993321,714,0.9781396893,0.008993504495
144,0.1,0.9,0.2855993321,716,0.9780764661,0.00903532033
144,0.1,0.9,0.2855993321,718,0.9780200592,0.009074896968
144,0.1,0.9,0.2855993321,720,0.977962486,0.00911256127
144,0.1,0.9,0.2855993321,722,0.9779057194,0.00914818307
144,0.1,0.9,0.2855993321,724,0.9778447772,0.00918362026
144,0.1,0.9,0.2855993321,726,0.9777776012,0.009214951477
144,0.1,0.9,0.2855993321,728,0.9777062066,0.009247256503
144,0.1,0.9,0.2855993321,730,0.9776366456,0.009277894264
144,0.1,0.9,0.2855993321,732,0.9775684522,0.009308843367
144,0.1,0.9,0.2855993321,734,0.9775050108,0.009338876164
144,0.1,0.9,0.2855993321,736,0.9774410565,0.009368610948
144,0.1,0.9,0.2855993321,738,0.9773778775,0.009401469263
144,0.1,0.9,0.2855993321,740,0.9773089377,0.009432091539
144,0.1,0.9,0.2855993321,742,0.9772425358,0.009463116504
144,0.1,0.9,0.2855993321,744,0.9771801684,0.009492688034
144,0.1,0.9,0.2855993321,746,0.9771177115,0.009522181596
144,0.1,0.9,0.2855993321,748,0.9770570305,0.009549500823
144,0.1,0.9,0.2855993321,750,0.9769957779,0.009574296137
144,0.1,0.9,0.2855993321,752,0.9769340121,0.009600313935
144,0.1,0.9,0.2855993321,754,0.9768740704,0.009622639832
144,0.1,0.9,0.2855993321,756,0.976815337,0.009646428151
144,0.1,0.9,0.2855993321,758,0.9767554222,0.009669435996
144,0.1,0.9,0.2855993321,760,0.9766926783,0.009692863174
144,0.1,0.9,0.2855993321,762,0.9766324628,0.009714967663
144,0.1,0.9,0.2855993321,764,0.9765745186,0.00974312127
144,0.1,0.9,0.2855993321,766,0.9765171412,0.009774261752
144,0.1,0.9,0.2855993321,768,0.9764563672,0.00980366895
144,0.1,0.9,0.2855993321,770,0.97638678,0.009831334982
144,0.1,0.9,0.2855993321,772,0.9763133194,0.009859528363
144,0.1,0.9,0.2855993321,774,0.9762422953,0.009886794212
144,0.1,0.9,0.2855993321,776,0.9761721816,0.00991291019
144,0.1,0.9,0.2855993321,778,0.9761037661,0.009939672239
144,0.1,0.9,0.2855993321,780,0.9760379121,0.009966705272
144,0.1,0.9,0.2855993321,782,0.9759666505,0.009994128793
144,0.1,0.9,0.2855993321,784,0.975889109,0.01002364704
144,0.1,0.9,0.2855993321,786,0.9758167155,0.01005313432
144,0.1,0.9,0.2855993321,788,0.9757488468,0.01008679398
144,0.1,0.9,0.2855993321,790,0.9756822777,0.0101198666
144,0.1,0.9,0.2855993321,792,0.9756157716,0.01015104727
144,0.1,0.9,0.2855993321,794,0.9755495552,0.01017992769
144,0.1,0.9,0.2855993321,796,0.9754852318,0.01020857304
144,0.1,0.9,0.2855993321,798,0.9754221327,0.01024018496
144,0.1,0.9,0.2855993321,800,0.9753627331,0.01026879243
144,0.1,0.9,0.2855993321,802,0.9753008291,0.01029777391
144,0.1,0.9,0.2855993321,804,0.97524558,0.01032605468
144,0.1,0.9,0.2855993321,806,0.9751920583,0.01035016634
144,0.1,0.9,0.2855993321,808,0.9751397793,0.01037634416
144,0.1,0.9,0.2855993321,810,0.9750862933,0.01040202702
144,0.1,0.9,0.2855993321,812,0.9750385772,0.01043023585
144,0.1,0.9,0.2855993321,814,0.9749936634,0.01045418486
144,0.1,0.9,0.2855993321,816,0.9749420734,0.01047672828
144,0.1,0.9,0.2855993321,818,0.9748910992,0.01050028105
144,0.1,0.9,0.2855993321,820,0.9748375707,0.01052478614
144,0.1,0.9,0.2855993321,822,0.9747847644,0.01054814201
144,0.1,0.9,0.2855993321,824,0.9747318016,0.01057066044
144,0.1,0.9,0.2855993321,826,0.9746852999,0.01059158869
144,0.1,0.9,0.2855993321,828,0.9746320331,0.01061120073
144,0.1,0.9,0.2855993321,830,0.9745780366,0.01062824227
144,0.1,0.9,0.2855993321,832,0.9745268049,0.01064775574
144,0.1,0.9,0.2855993321,834,0.9744716928,0.01066654631
144,0.1,0.9,0.2855993321,836,0.9744152814,0.01068700358
144,0.1,0.9,0.2855993321,838,0.9743609771,0.01070968968
144,0.1,0.9,0.2855993321,840,0.9743074069,0.01073321423
144,0.1,0.9,0.2855993321,842,0.9742540738,0.01075718217
144,0.1,0.9,0.2855993321,844,0.9742002341,0.01078111307
144,0.1,0.9,0.2855993321,846,0.9741392931,0.01080228766
144,0.1,0.9,0.2855993321,848,0.9740750681,0.01082394276
144,0.1,0.9,0.2855993321,850,0.9740075071,0.01084435762
144,0.1,0.9,0.2855993321,852,0.9739458678,0.01086810094
144,0.1,0.9,0.2855993321,854,0.9738864734,0.01089238619
144,0.1,0.9,0.2855993321,856,0.9738274098,0.01091801736
144,0.1,0.9,0.2855993321,858,0.9737675393,0.01094026658
144,0.1,0.9,0.2855993321,860,0.9737147275,0.0109612957
144,0.1,0.9,0.2855993321,862,0.9736591981,0.01097756679
144,0.1,0.9,0.2855993321,864,0.9736052616,0.01099404808
144,0.1,0.9,0.2855993321,866,0.9735490867,0.0110109584
144,0.1,0.9,0.2855993321,868,0.9734905051,0.01103021705
144,0.1,0.9,0.2855993321,870,0.9734324568,0.01104830728
144,0.1,0.9,0.2855993321,872,0.973371735,0.01107154347
144,0.1,0.9,0.2855993321,874,0.9733116653,0.01109394133
144,0.1,0.9,0.2855993321,876,0.9732508733,0.01111260338
144,0.1,0.9,0.2855993321,878,0.9731952226,0.0111278972
144,0.1,0.9,0.2855993321,880,0.9731398489,0.01114185759
144,0.1,0.9,0.2855993321,882,0.9730797669,0.01115882138
144,0.1,0.9,0.2855993321,884,0.9730345669,0.01117997249
144,0.1,0.9,0.2855993321,886,0.9729845532,0.01119930171
144,0.1,0.9,0.2855993321,888,0.9729304014,0.01121704567
144,0.1,0.9,0.2855993321,890,0.9728723654,0.01123511695
144,0.1,0.9,0.2855993321,892,0.9728113809,0.01125784447
144,0.1,0.9,0.2855993321,894,0.9727593416,0.01127883916
144,0.1,0.9,0.2855993321,896,0.9727125358,0.0112966818
144,0.1,0.9,0.2855993321,898,0.9726707867,0.0113110953
144,0.1,0.9,0.2855993321,900,0.9726277025,0.01133133451
144,0.1,0.9,0.2855993321,902,0.9725898365,0.0113525596
144,0.1,0.9,0.2855993321,904,0.9725495701,0.01137238298
144,0.1,0.9,0.2855993321,906,0.9725108922,0.01138975211
144,0.1,0.9,0.2855993321,908,0.9724727554,0.01140476968
144,0.1,0.9,0.2855993321,910,0.972425482,0.01142265425
144,0.1,0.9,0.2855993321,912,0.9723832852,0.0114416351
144,0.1,0.9,0.2855993321,914,0.9723360833,0.01146373033
144,0.1,0.9,0.2855993321,916,0.9722955528,0.01148180222
144,0.1,0.9,0.2855993321,918,0.9722561016,0.01149899078
144,0.1,0.9,0.2855993321,920,0.9722204138,0.01151866595
144,0.1,0.9,0.2855993321,922,0.9721812577,0.01153507503
144,0.1,0.9,0.2855993321,924,0.9721459122,0.01155025135
144,0.1,0.9,0.2855993321,926,0.9721144637,0.01156341248
144,0.1,0.9,0.2855993321,928,0.9720811359,0.01157829607
144,0.1,0.9,0.2855993321,930,0.9720495442,0.0115939506
144,0.1,0.9,0.2855993321,932,0.9720189759,0.01161116344
144,0.1,0.9,0.2855993321,934,0.9719922833,0.01162658541
144,0.1,0.9,0.2855993321,936,0.9719700316,0.01163903454
144,0.1,0.9,0.2855993321,938,0.9719532194,0.01165304006
144,0.1,0.9,0.2855993321,940,0.9719396269,0.01167062448
144,0.1,0.9,0.2855993321,942,0.9719211654,0.01168966222
144,0.1,0.9,0.2855993321,944,0.9719005451,0.01170841062
144,0.1,0.9,0.2855993321,946,0.9718784398,0.01172915497
144,0.1,0.9,0.2855993321,948,0.9718577199,0.01174685851
144,0.1,0.9,0.2855993321,950,0.9718384252,0.01176463203
144,0.1,0.9,0.2855993321,952,0.9718156386,0.01177794714
144,0.1,0.9,0.2855993321,954,0.97179339,0.01179194282
144,0.1,0.9,0.2855993321,956,0.9717695187,0.01180335223
144,0.1,0.9,0.2855993321,958,0.9717444222,0.01181477806
144,0.1,0.9,0.2855993321,960,0.9717089744,0.01182312393
144,0.1,0.9,0.2855993321,962,0.9716749132,0.01182969805
144,0.1,0.9,0.2855993321,964,0.9716413373,0.01183388951
144,0.1,0.9,0.2855993321,966,0.9716077383,0.01184183684
144,0.1,0.9,0.2855993321,968,0.971581734,0.01185074409
144,0.1,0.9,0.2855993321,970,0.9715559265,0.01185969509
144,0.1,0.9,0.2855993321,972,0.9715270647,0.0118638792
144,0.1,0.9,0.2855993321,974,0.9715000999,0.01187183989
144,0.1,0.9,0.2855993321,976,0.971470138,0.01187980185
144,0.1,0.9,0.2855993321,978,0.971443799,0.01189019738
144,0.1,0.9,0.2855993321,980,0.9714158516,0.01189817081
144,0.1,0.9,0.2855993321,982,0.9713865345,0.01190520511
144,0.1,0.9,0.2855993321,984,0.9713608663,0.01190724386
144,0.1,0.9,0.2855993321,986,0.9713260113,0.01190839231
144,0.1,0.9,0.2855993321,988,0.9712827225,0.01191125846
144,0.1,0.9,0.2855993321,990,0.9712386576,0.01191303661
144,0.1,0.9,0.2855993321,992,0.9711958541,0.01191248792
144,0.1,0.9,0.2855993321,994,0.9711472862,0.0119088106
144,0.1,0.9,0.2855993321,996,0.9711017921,0.01190867809
144,0.1,0.9,0.2855993321,998,0.9710487436,0.0119103091
144,0.1,0.9,0.2855993321,1000,0.9709965396,0.01191870505
144,0.1,0.9,0.2855993321,1002,0.9709492269,0.01192649493
144,0.1,0.9,0.2855993321,1004,0.9709047805,0.01192795634
144,0.1,0.9,0.2855993321,1006,0.970866891,0.01192696573
144,0.1,0.9,0.2855993321,1008,0.9708286482,0.01192606012
144,0.1,0.9,0.2855993321,1010,0.9707878275,0.01192544178
144,0.1,0.9,0.2855993321,1012,0.9707470806,0.01191888255
144,0.1,0.9,0.2855993321,1014,0.9707107135,0.01191083945
144,0.1,0.9,0.2855993321,1016,0.9706763535,0.01189839001
144,0.1,0.9,0.2855993321,1018,0.9706459632,0.01188801813
144,0.1,0.9,0.2855993321,1020,0.9706115844,0.01187925068
144,0.1,0.9,0.2855993321,1022,0.9705743672,0.01186966572
144,0.1,0.9,0.2855993321,1024,0.9705364417,0.01186262401
144,0.1,0.9,0.2855993321,1026,0.9705056263,0.0118530341
144,0.1,0.9,0.2855993321,1028,0.9704722819,0.01184169284
144,0.1,0.9,0.2855993321,1030,0.9704349793,0.01182426112
144,0.1,0.9,0.2855993321,1032,0.9704029811,0.0118087351
144,0.1,0.9,0.2855993321,1034,0.9703768985,0.0117925609
144,0.1,0.9,0.2855993321,1036,0.9703476194,0.0117820185
144,0.1,0.9,0.2855993321,1038,0.9703129732,0.0117698776
144,0.1,0.9,0.2855993321,1040,0.9702773078,0.01175976799
144,0.1,0.9,0.2855993321,1042,0.970248237,0.01174609588
144,0.1,0.9,0.2855993321,1044,0.9702211328,0.01173150584
144,0.1,0.9,0.2855993321,1046,0.970191035,0.01171652184
144,0.1,0.9,0.2855993321,1048,0.9701675958,0.01170096294
144,0.1,0.9,0.2855993321,1050,0.9701426659,0.01168671652
144,0.1,0.9,0.2855993321,1052,0.9701126705,0.01167581489
144,0.1,0.9,0.2855993321,1054,0.9700812928,0.01166288294
144,0.1,0.9,0.2855993321,1056,0.9700527104,0.01164885163
144,0.1,0.9,0.2855993321,1058,0.9700264466,0.01163265768
144,0.1,0.9,0.2855993321,1060,0.9700027191,0.01161864674
144,0.1,0.9,0.2855993321,1062,0.9699771309,0.01160957942
144,0.1,0.9,0.2855993321,1064,0.9699652777,0.01159936971
144,0.1,0.9,0.2855993321,1066,0.9699532516,0.01158899054
144,0.1,0.9,0.2855993321,1068,0.9699516808,0.01157961643
144,0.1,0.9,0.2855993321,1070,0.969955646,0.01157136146
144,0.1,0.9,0.2855993321,1072,0.9699613037,0.01156014659
144,0.1,0.9,0.2855993321,1074,0.9699527858,0.01154811558
144,0.1,0.9,0.2855993321,1076,0.9699432927,0.0115353842
144,0.1,0.9,0.2855993321,1078,0.9699396449,0.01151945499
144,0.1,0.9,0.2855993321,1080,0.9699253494,0.01150572322
144,0.1,0.9,0.2855993321,1082,0.9699067477,0.01149301771
144,0.1,0.9,0.2855993321,1084,0.9698853379,0.01147783415
144,0.1,0.9,0.2855993321,1086,0.9698656811,0.01146596784
144,0.1,0.9,0.2855993321,1088,0.9698380479,0.01145455134
144,0.1,0.9,0.2855993321,1090,0.9698217204,0.01144156054
144,0.1,0.9,0.2855993321,1092,0.9698086161,0.01142930583
144,0.1,0.9,0.2855993321,1094,0.9697911953,0.0114197254
144,0.1,0.9,0.2855993321,1096,0.9697687124,0.01141257916
144,0.1,0.9,0.2855993321,1098,0.9697482608,0.01140718592
144,0.1,0.9,0.2855993321,1100,0.9697204365,0.01140537947
144,0.1,0.9,0.2855993321,1102,0.9696918382,0.0114030637
144,0.1,0.9,0.2855993321,1104,0.9696640128,0.01139797305
144,0.1,0.9,0.2855993321,1106,0.9696394552,0.01139120464
144,0.1,0.9,0.2855993321,1108,0.9696141143,0.01138434255
144,0.1,0.9,0.2855993321,1110,0.9695879945,0.01138067651
144,0.1,0.9,0.2855993321,1112,0.9695587594,0.01137586687
144,0.1,0.9,0.2855993321,1114,0.9695241191,0.0113754974
144,0.1,0.9,0.2855993321,1116,0.969492166,0.01137850652
144,0.1,0.9,0.2855993321,1118,0.9694645134,0.01138043185
144,0.1,0.9,0.2855993321,1120,0.9694389758,0.01138557639
144,0.1,0.9,0.2855993321,1122,0.9694158353,0.01138899572
144,0.1,0.9,0.2855993321,1124,0.9693903719,0.01139217688
144,0.1,0.9,0.2855993321,1126,0.9693585749,0.01139688681
144,0.1,0.9,0.2855993321,1128,0.9693287749,0.01140164492
144,0.1,0.9,0.2855993321,1130,0.9693027005,0.01140330355
144,0.1,0.9,0.2855993321,1132,0.9692693812,0.01140740458
144,0.1,0.9,0.2855993321,1134,0.9692420202,0.01141298903
144,0.1,0.9,0.2855993321,1136,0.9692167242,0.01141692429
144,0.1,0.9,0.2855993321,1138,0.969188205,0.01142033806
144,0.1,0.9,0.2855993321,1140,0.9691590462,0.01142583894
144,0.1,0.9,0.2855993321,1142,0.9691305489,0.01143055725
144,0.1,0.9,0.2855993321,1144,0.9690981658,0.01143476047
144,0.1,0.9,0.2855993321,1146,0.9690613114,0.01144310014
144,0.1,0.9,0.2855993321,1148,0.9690229986,0.01145519927
144,0.1,0.9,0.2855993321,1150,0.9689875406,0.01146292424
144,0.1,0.9,0.2855993321,1152,0.9689553273,0.0114762423
144,0.1,0.9,0.2855993321,1154,0.9689209667,0.01148979294
144,0.1,0.9,0.2855993321,1156,0.9688851944,0.01150192509
144,0.1,0.9,0.2855993321,1158,0.9688433832,0.01151607233
144,0.1,0.9,0.2855993321,1160,0.9688027964,0.01152824614
144,0.1,0.9,0.2855993321,1162,0.9687579813,0.01153915328
144,0.1,0.9,0.2855993321,1164,0.968716558,0.01155514763
144,0.1,0.9,0.2855993321,1166,0.9686788684,0.01156557382
144,0.1,0.9,0.2855993321,1168,0.9686362509,0.0115803477
144,0.1,0.9,0.2855993321,1170,0.9685941463,0.01159974627
144,0.1,0.9,0.2855993321,1172,0.9685570039,0.01162208395
144,0.1,0.9,0.2855993321,1174,0.9685114248,0.01164139593
144,0.1,0.9,0.2855993321,1176,0.9684654091,0.01166230878
144,0.1,0.9,0.2855993321,1178,0.968422794,0.01168558621
144,0.1,0.9,0.2855993321,1180,0.9683848381,0.01170974357
144,0.1,0.9,0.2855993321,1182,0.9683445258,0.01173373443
144,0.1,0.9,0.2855993321,1184,0.9683047343,0.01175594209
144,0.1,0.9,0.2855993321,1186,0.9682759723,0.0117778233
144,0.1,0.9,0.2855993321,1188,0.9682422916,0.01179497132
144,0.1,0.9,0.2855993321,1190,0.9682114828,0.01181358174
144,0.1,0.9,0.2855993321,1192,0.9681750711,0.01183202676
144,0.1,0.9,0.2855993321,1194,0.9681290371,0.01185188417
144,0.1,0.9,0.2855993321,1196,0.9680799527,0.01187210561
144,0.1,0.9,0.2855993321,1198,0.9680299747,0.01189041601
144,0.1,0.9,0.2855993321,1200,0.967975667,0.01190848218
144,0.1,0.9,0.2855993321,1202,0.9679188071,0.01192510338
144,0.1,0.9,0.2855993321,1204,0.9678627361,0.01193701456
144,0.1,0.9,0.2855993321,1206,0.9678109101,0.01194989294
144,0.1,0.9,0.2855993321,1208,0.967756702,0.01196147309
144,0.1,0.9,0.2855993321,1210,0.9677075986,0.01197289309
144,0.1,0.9,0.2855993321,1212,0.9676615023,0.01198786011
144,0.1,0.9,0.2855993321,1214,0.9676224542,0.01200446796
144,0.1,0.9,0.2855993321,1216,0.9675881797,0.01201665483
144,0.1,0.9,0.2855993321,1218,0.9675492964,0.01202665145
144,0.1,0.9,0.2855993321,1220,0.9675107532,0.0120341427
144,0.1,0.9,0.2855993321,1222,0.9674780813,0.0120440912
144,0.1,0.9,0.2855993321,1224,0.9674552395,0.01205163199
144,0.1,0.9,0.2855993321,1226,0.9674325648,0.01205881859
144,0.1,0.9,0.2855993321,1228,0.9674022082,0.0120672535
144,0.1,0.9,0.2855993321,1230,0.9673789552,0.01207564824
144,0.1,0.9,0.2855993321,1232,0.9673547599,0.01207981463
144,0.1,0.9,0.2855993321,1234,0.9673316989,0.01208546875
144,0.1,0.9,0.2855993321,1236,0.9673040915,0.01209142887
144,0.1,0.9,0.2855993321,1238,0.9672746643,0.01209398179
144,0.1,0.9,0.2855993321,1240,0.9672438815,0.01209360887
144,0.1,0.9,0.2855993321,1242,0.9672123346,0.01209248433
144,0.1,0.9,0.2855993321,1244,0.967172304,0.01208865363
144,0.1,0.9,0.2855993321,1246,0.9671393574,0.01209112329
144,0.1,0.9,0.2855993321,1248,0.9671119683,0.01208953125
