n_chains,eps_AB,delta_eps,q_peak,lag_time,F_psi_mean,F_psi_sem
144,1,0,0.4038984489,0,1,0
144,1,0,0.4038984489,2,0.995896656,0.0006324160115
144,1,0,0.4038984489,4,0.992280693,0.00120606574
144,1,0,0.4038984489,6,0.9891609507,0.00174339764
144,1,0,0.4038984489,8,0.9863072723,0.002239678605
144,1,0,0.4038984489,10,0.9836204081,0.002687371145
144,1,0,0.4038984489,12,0.9811037771,0.003115040192
144,1,0,0.4038984489,14,0.9786954665,0.003546510229
144,1,0,0.4038984489,16,0.9763153458,0.00398597352
144,1,0,0.4038984489,18,0.9739233264,0.004436436564
144,1,0,0.4038984489,20,0.9716083018,0.004870179821
144,1,0,0.4038984489,22,0.9693499968,0.005248656232
144,1,0,0.4038984489,24,0.9672068572,0.005625431676
144,1,0,0.4038984489,26,0.9651921639,0.005973843873
144,1,0,0.4038984489,28,0.9631738048,0.006301614237
144,1,0,0.4038984489,30,0.9611628147,0.00664171407
144,1,0,0.4038984489,32,0.9592522122,0.006942748144
144,1,0,0.4038984489,34,0.9573559097,0.007239258075
144,1,0,0.4038984489,36,0.9554559303,0.007536120762
144,1,0,0.4038984489,38,0.9535896915,0.007851013243
144,1,0,0.4038984489,40,0.9517342867,0.008179446746
144,1,0,0.4038984489,42,0.9499429255,0.008522469543
144,1,0,0.4038984489,44,0.948189045,0.008831361115
144,1,0,0.4038984489,46,0.9465154308,0.009143669281
144,1,0,0.4038984489,48,0.944799577,0.009481402574
144,1,0,0.4038984489,50,0.9430063842,0.009836273362
144,1,0,0.4038984489,52,0.9412848882,0.01012771145
144,1,0,0.4038984489,54,0.9395790408,0.01040645112
144,1,0,0.4038984489,56,0.9378732401,0.01067994825
144,1,0,0.4038984489,58,0.9362213844,0.01091760665
144,1,0,0.4038984489,60,0.9345332644,0.01117308665
144,1,0,0.4038984489,62,0.9329019808,0.01139538996
144,1,0,0.4038984489,64,0.9312491637,0.01163183971
144,1,0,0.4038984489,66,0.929552554,0.01189150898
144,1,0,0.4038984489,68,0.9279279734,0.01212882125
144,1,0,0.4038984489,70,0.9262116235,0.01240070842
144,1,0,0.4038984489,72,0.9245576271,0.0126666152
144,1,0,0.4038984489,74,0.9229264852,0.01291968067
144,1,0,0.4038984489,76,0.9213082378,0.01315499399
144,1,0,0.4038984489,78,0.9197371325,0.01336678838
144,1,0,0.4038984489,80,0.9181805376,0.01360870132
144,1,0,0.4038984489,82,0.91659632,0.01389877672
144,1,0,0.4038984489,84,0.9150207102,0.0141662879
144,1,0,0.4038984489,86,0.9134447632,0.01445794439
144,1,0,0.4038984489,88,0.9119001816,0.01473740109
144,1,0,0.4038984489,90,0.9104168772,0.0150049693
144,1,0,0.4038984489,92,0.9090098762,0.01524160106
144,1,0,0.4038984489,94,0.907649408,0.01546421864
144,1,0,0.4038984489,96,0.9062756372,0.01572404474
144,1,0,0.4038984489,98,0.9048961121,0.01598605733
144,1,0,0.4038984489,100,0.903592992,0.01622269916
144,1,0,0.4038984489,102,0.9022902913,0.01646711202
144,1,0,0.4038984489,104,0.900975267,0.016710347
144,1,0,0.4038984489,106,0.8997284199,0.0169363982
144,1,0,0.4038984489,108,0.8984980508,0.0171515542
144,1,0,0.4038984489,110,0.8971688605,0.01737066413
144,1,0,0.4038984489,112,0.8958827784,0.01755313228
144,1,0,0.4038984489,114,0.8946549678,0.0177607359
144,1,0,0.4038984489,116,0.8934501926,0.01796584105
144,1,0,0.4038984489,118,0.8922626367,0.01815804542
144,1,0,0.4038984489,120,0.8910806401,0.018332339
144,1,0,0.4038984489,122,0.8899143292,0.01854475265
144,1,0,0.4038984489,124,0.8887288102,0.01875086083
144,1,0,0.4038984489,126,0.8875412136,0.01894138821
144,1,0,0.4038984489,128,0.8863339305,0.01911954731
144,1,0,0.4038984489,130,0.8851386637,0.01927844578
144,1,0,0.4038984489,132,0.8839472707,0.01946285945
144,1,0,0.4038984489,134,0.8827324332,0.0196861431
144,1,0,0.4038984489,136,0.8815131898,0.01991605535
144,1,0,0.4038984489,138,0.8802952269,0.02013456444
144,1,0,0.4038984489,140,0.8790544654,0.02040579061
144,1,0,0.4038984489,142,0.8778390889,0.02063280745
144,1,0,0.4038984489,144,0.8765752599,0.02087739191
144,1,0,0.4038984489,146,0.8753339376,0.02108395587
144,1,0,0.4038984489,148,0.874079875,0.02130738126
144,1,0,0.4038984489,150,0.8728476373,0.02155854359
144,1,0,0.4038984489,152,0.8716195286,0.02184786155
144,1,0,0.4038984489,154,0.8703645182,0.02215084285
144,1,0,0.4038984489,156,0.8691303309,0.02244137916
144,1,0,0.4038984489,158,0.8679206233,0.02272531606
144,1,0,0.4038984489,160,0.866718034,0.0230040131
144,1,0,0.4038984489,162,0.8654829937,0.02330075009
144,1,0,0.4038984489,164,0.8642913887,0.02356802846
144,1,0,0.4038984489,166,0.863094519,0.02385154992
144,1,0,0.4038984489,168,0.8619181448,0.02413323158
144,1,0,0.4038984489,170,0.8607208996,0.02441789328
144,1,0,0.4038984489,172,0.8595582368,0.02469073334
144,1,0,0.4038984489,174,0.8583739183,0.02496513589
144,1,0,0.4038984489,176,0.8572439216,0.02523955163
144,1,0,0.4038984489,178,0.8561545946,0.02549834057
144,1,0,0.4038984489,180,0.8549814681,0.02572864759
144,1,0,0.4038984489,182,0.8537968031,0.02594064367
144,1,0,0.4038984489,184,0.8526117919,0.0261393646
144,1,0,0.4038984489,186,0.8514572814,0.02634895003
144,1,0,0.4038984489,188,0.8503029109,0.02654736643
144,1,0,0.4038984489,190,0.8491892739,0.0267347795
144,1,0,0.4038984489,192,0.8480436959,0.02695220677
144,1,0,0.4038984489,194,0.8468982417,0.02719626545
144,1,0,0.4038984489,196,0.8457450276,0.02742269089
144,1,0,0.4038984489,198,0.8445135166,0.02766410831
144,1,0,0.4038984489,200,0.8433177379,0.02789494941
144,1,0,0.4038984489,202,0.8421046092,0.02810913139
144,1,0,0.4038984489,204,0.8409165195,0.02831321428
144,1,0,0.4038984489,206,0.8396850455,0.02851803621
144,1,0,0.4038984489,208,0.8384999835,0.02871852261
144,1,0,0.4038984489,210,0.83736612,0.02890346165
144,1,0,0.4038984489,212,0.8362746607,0.02908858381
144,1,0,0.4038984489,214,0.8351300494,0.02928309791
144,1,0,0.4038984489,216,0.8339625648,0.02949030366
144,1,0,0.4038984489,218,0.8328826348,0.02965813395
144,1,0,0.4038984489,220,0.8317874961,0.02982250117
144,1,0,0.4038984489,222,0.8306952818,0.02999902052
144,1,0,0.4038984489,224,0.8296089328,0.03018778035
144,1,0,0.4038984489,226,0.8285655967,0.03036057587
144,1,0,0.4038984489,228,0.8274956335,0.03057217889
144,1,0,0.4038984489,230,0.8264076597,0.03076294541
144,1,0,0.4038984489,232,0.8253082134,0.03096342476
144,1,0,0.4038984489,234,0.8241775369,0.03117031824
144,1,0,0.4038984489,236,0.8230777332,0.03136263764
144,1,0,0.4038984489,238,0.821960178,0.03159636559
144,1,0,0.4038984489,240,0.8208464897,0.03184376708
144,1,0,0.4038984489,242,0.8197704058,0.03207222282
144,1,0,0.4038984489,244,0.8186758004,0.03229314095
144,1,0,0.4038984489,246,0.8175973397,0.032517286
144,1,0,0.4038984489,248,0.8165783845,0.03271114411
144,1,0,0.4038984489,250,0.8155683555,0.03290296337
144,1,0,0.4038984489,252,0.8145661215,0.03309461108
144,1,0,0.4038984489,254,0.8135035745,0.03331027018
144,1,0,0.4038984489,256,0.8124264909,0.03351964514
144,1,0,0.4038984489,258,0.8113626031,0.03372392865
144,1,0,0.4038984489,260,0.8103134087,0.03390436729
144,1,0,0.4038984489,262,0.8093350439,0.0340461507
144,1,0,0.4038984489,264,0.8083818133,0.03421154452
144,1,0,0.4038984489,266,0.8074138192,0.03439831599
144,1,0,0.4038984489,268,0.8064357769,0.03460109907
144,1,0,0.4038984489,270,0.805517815,0.03477631593
144,1,0,0.4038984489,272,0.8046269817,0.03494656976
144,1,0,0.4038984489,274,0.8037739866,0.0351376103
144,1,0,0.4038984489,276,0.8029662499,0.03529077631
144,1,0,0.4038984489,278,0.8021895088,0.0353999769
144,1,0,0.4038984489,280,0.8014655114,0.03549476858
144,1,0,0.4038984489,282,0.8007881785,0.03557734768
144,1,0,0.4038984489,284,0.8000980229,0.03566599306
144,1,0,0.4038984489,286,0.799285,0.03581277823
144,1,0,0.4038984489,288,0.7983987907,0.0359704974
144,1,0,0.4038984489,290,0.7975111863,0.03613815356
144,1,0,0.4038984489,292,0.7966334707,0.03633972813
144,1,0,0.4038984489,294,0.7957109589,0.03652715996
144,1,0,0.4038984489,296,0.7947641862,0.03670277176
144,1,0,0.4038984489,298,0.793837588,0.0368562697
144,1,0,0.4038984489,300,0.792973055,0.03701349288
144,1,0,0.4038984489,302,0.7921292108,0.03715179872
144,1,0,0.4038984489,304,0.79127486,0.03730950313
144,1,0,0.4038984489,306,0.7904648963,0.03742623391
144,1,0,0.4038984489,308,0.789589422,0.0375529913
144,1,0,0.4038984489,310,0.7887284068,0.03769776242
144,1,0,0.4038984489,312,0.7879577153,0.0378279093
144,1,0,0.4038984489,314,0.7872303518,0.03794155442
144,1,0,0.4038984489,316,0.7864873972,0.03805519981
144,1,0,0.4038984489,318,0.785732576,0.03817367697
144,1,0,0.4038984489,320,0.7849237895,0.03829819396
144,1,0,0.4038984489,322,0.7840737173,0.0384390803
144,1,0,0.4038984489,324,0.783193499,0.03855984336
144,1,0,0.4038984489,326,0.7823797011,0.03867952586
144,1,0,0.4038984489,328,0.7815950341,0.0388206618
144,1,0,0.4038984489,330,0.7808296251,0.03895537653
144,1,0,0.4038984489,332,0.7800544229,0.03910297304
144,1,0,0.4038984489,334,0.779351625,0.03919376432
144,1,0,0.4038984489,336,0.7786510064,0.03932705796
144,1,0,0.4038984489,338,0.7779632269,0.03942022929
144,1,0,0.4038984489,340,0.7773024203,0.03952441966
144,1,0,0.4038984489,342,0.7767158829,0.03959759855
144,1,0,0.4038984489,344,0.7760919956,0.03969070254
144,1,0,0.4038984489,346,0.7754212153,0.03976144903
144,1,0,0.4038984489,348,0.7747897592,0.03982898476
144,1,0,0.4038984489,350,0.7741798791,0.03988270912
144,1,0,0.4038984489,352,0.7735365962,0.03998302166
144,1,0,0.4038984489,354,0.7728428684,0.04010524979
144,1,0,0.4038984489,356,0.7720874074,0.04024182961
144,1,0,0.4038984489,358,0.7713636907,0.04041762621
144,1,0,0.4038984489,360,0.7705760484,0.04060999727
144,1,0,0.4038984489,362,0.769772205,0.04077285115
144,1,0,0.4038984489,364,0.7689877164,0.04092154363
144,1,0,0.4038984489,366,0.7681592458,0.04104138063
144,1,0,0.4038984489,368,0.7673434613,0.04115759216
144,1,0,0.4038984489,370,0.766570905,0.04122493214
144,1,0,0.4038984489,372,0.7657231796,0.04129709367
144,1,0,0.4038984489,374,0.7648651125,0.04138602294
144,1,0,0.4038984489,376,0.7640165956,0.04146713232
144,1,0,0.4038984489,378,0.7631920578,0.04156543234
144,1,0,0.4038984489,380,0.7624055624,0.04167154888
144,1,0,0.4038984489,382,0.7616130751,0.04179146088
144,1,0,0.4038984489,384,0.7608032348,0.04190817582
144,1,0,0.4038984489,386,0.7600265731,0.04203074445
144,1,0,0.4038984489,388,0.7591994566,0.04215801018
144,1,0,0.4038984489,390,0.7583415558,0.04232429904
144,1,0,0.4038984489,392,0.7575341395,0.04245578903
144,1,0,0.4038984489,394,0.7568086646,0.04255502702
144,1,0,0.4038984489,396,0.7560353594,0.04264428626
144,1,0,0.4038984489,398,0.7552322862,0.04270970903
144,1,0,0.4038984489,400,0.7544090233,0.0428011462
144,1,0,0.4038984489,402,0.7535955771,0.04294118941
144,1,0,0.4038984489,404,0.7527532683,0.04304840771
144,1,0,0.4038984489,406,0.751852708,0.04316534381
144,1,0,0.4038984489,408,0.7509888391,0.04331610017
144,1,0,0.4038984489,410,0.7501903898,0.04345777801
144,1,0,0.4038984489,412,0.7493947207,0.04351066082
144,1,0,0.4038984489,414,0.748665131,0.04357890485
144,1,0,0.4038984489,416,0.7479315626,0.04363667737
144,1,0,0.4038984489,418,0.7472268866,0.04367773667
144,1,0,0.4038984489,420,0.7465100324,0.04372450294
144,1,0,0.4038984489,422,0.7457588111,0.04380425979
144,1,0,0.4038984489,424,0.7449830576,0.04389957209
144,1,0,0.4038984489,426,0.7442768206,0.04398991517
144,1,0,0.4038984489,428,0.7435938909,0.04406365596
144,1,0,0.4038984489,430,0.7429010316,0.04409607851
144,1,0,0.4038984489,432,0.7421824793,0.04415060939
144,1,0,0.4038984489,434,0.741426665,0.04420139594
144,1,0,0.4038984489,436,0.7405955496,0.04427641948
144,1,0,0.4038984489,438,0.7396861387,0.04435116958
144,1,0,0.4038984489,440,0.7387804879,0.04441446453
144,1,0,0.4038984489,442,0.7379160325,0.04446673326
144,1,0,0.4038984489,444,0.7370994384,0.0444932118
144,1,0,0.4038984489,446,0.7363380109,0.04449200342
144,1,0,0.4038984489,448,0.7355294554,0.0445446989
144,1,0,0.4038984489,450,0.7347001937,0.04458738454
144,1,0,0.4038984489,452,0.7338170659,0.04463406792
144,1,0,0.4038984489,454,0.7329886301,0.04467829357
144,1,0,0.4038984489,456,0.7320973625,0.04475491684
144,1,0,0.4038984489,458,0.7311707216,0.04484007905
144,1,0,0.4038984489,460,0.7302619492,0.04494709935
144,1,0,0.4038984489,462,0.7293536353,0.04503734342
144,1,0,0.4038984489,464,0.7284573804,0.04513526839
144,1,0,0.4038984489,466,0.7276041409,0.04519612998
144,1,0,0.4038984489,468,0.726783916,0.04527314205
144,1,0,0.4038984489,470,0.725986554,0.04531147927
144,1,0,0.4038984489,472,0.7252091701,0.04534803612
144,1,0,0.4038984489,474,0.72444509,0.04541965315
144,1,0,0.4038984489,476,0.723742598,0.04547848151
144,1,0,0.4038984489,478,0.7229609965,0.04556691073
144,1,0,0.4038984489,480,0.7221506569,0.04564386949
144,1,0,0.4038984489,482,0.7213316371,0.04573272536
144,1,0,0.4038984489,484,0.7205576951,0.04583834594
144,1,0,0.4038984489,486,0.7197742688,0.0459209639
144,1,0,0.4038984489,488,0.7189519663,0.04599330535
144,1,0,0.4038984489,490,0.7181366794,0.04609275958
144,1,0,0.4038984489,492,0.7173526877,0.04621407035
144,1,0,0.4038984489,494,0.7165965884,0.04632209699
144,1,0,0.4038984489,496,0.7158391349,0.04637392053
144,1,0,0.4038984489,498,0.7151820912,0.04641755407
144,1,0,0.4038984489,500,0.7145334059,0.04650821656
144,1,0,0.4038984489,502,0.7138758938,0.0466213595
144,1,0,0.4038984489,504,0.713235214,0.04670716696
144,1,0,0.4038984489,506,0.7124793122,0.04682109637
144,1,0,0.4038984489,508,0.7117336945,0.04693715363
144,1,0,0.4038984489,510,0.710987786,0.04703244252
144,1,0,0.4038984489,512,0.7102932935,0.04712870314
144,1,0,0.4038984489,514,0.7095896855,0.04721876623
144,1,0,0.4038984489,516,0.7087771767,0.04734669966
144,1,0,0.4038984489,518,0.7080522588,0.04743068587
144,1,0,0.4038984489,520,0.707293593,0.04750482048
144,1,0,0.4038984489,522,0.7065022319,0.04757166207
144,1,0,0.4038984489,524,0.7057372726,0.0476098318
144,1,0,0.4038984489,526,0.704934685,0.04764285709
144,1,0,0.4038984489,528,0.7041348764,0.04770335781
144,1,0,0.4038984489,530,0.703378808,0.04771380089
144,1,0,0.4038984489,532,0.7026108038,0.04778033454
144,1,0,0.4038984489,534,0.7019131464,0.04786376616
144,1,0,0.4038984489,536,0.7011498591,0.04795105842
144,1,0,0.4038984489,538,0.700372643,0.04803699174
144,1,0,0.4038984489,540,0.6995700785,0.04811306007
144,1,0,0.4038984489,542,0.6987495163,0.04815793288
144,1,0,0.4038984489,544,0.6979477949,0.0482032929
144,1,0,0.4038984489,546,0.6971472436,0.04825380269
144,1,0,0.4038984489,548,0.6963505206,0.04829464429
144,1,0,0.4038984489,550,0.6955911079,0.04831533554
144,1,0,0.4038984489,552,0.6948809574,0.04826755769
144,1,0,0.4038984489,554,0.6941212145,0.04826034694
144,1,0,0.4038984489,556,0.6934167591,0.04825641494
144,1,0,0.4038984489,558,0.692665843,0.04825487364
144,1,0,0.4038984489,560,0.6918798255,0.04827010906
144,1,0,0.4038984489,562,0.6911024207,0.04830936326
144,1,0,0.4038984489,564,0.6903123642,0.04837313128
144,1,0,0.4038984489,566,0.6895194626,0.04846493903
144,1,0,0.4038984489,568,0.6886573326,0.04856140923
144,1,0,0.4038984489,570,0.6877617045,0.0486479637
144,1,0,0.4038984489,572,0.6868598525,0.04870536492
144,1,0,0.4038984489,574,0.6859199286,0.04873393446
144,1,0,0.4038984489,576,0.6849944516,0.04875560268
144,1,0,0.4038984489,578,0.6840228122,0.04880251983
144,1,0,0.4038984489,580,0.6830716232,0.04887462184
144,1,0,0.4038984489,582,0.6821514214,0.0489444446
144,1,0,0.4038984489,584,0.6812609271,0.04899440549
144,1,0,0.4038984489,586,0.6803510197,0.04908642416
144,1,0,0.4038984489,588,0.6794294466,0.04915135386
144,1,0,0.4038984489,590,0.6785245355,0.04918592838
144,1,0,0.4038984489,592,0.6776662613,0.04921081247
144,1,0,0.4038984489,594,0.6767650843,0.04927819515
144,1,0,0.4038984489,596,0.675958316,0.04936905466
144,1,0,0.4038984489,598,0.6751130695,0.04944944928
144,1,0,0.4038984489,600,0.6742162431,0.04954064249
144,1,0,0.4038984489,602,0.6733207907,0.04962083964
144,1,0,0.4038984489,604,0.6723675361,0.049736958
144,1,0,0.4038984489,606,0.6714439865,0.04985105629
144,1,0,0.4038984489,608,0.6705618152,0.04992223906
144,1,0,0.4038984489,610,0.6696697137,0.04998058455
144,1,0,0.4038984489,612,0.6688046587,0.0500267674
144,1,0,0.4038984489,614,0.6679306524,0.05004890872
144,1,0,0.4038984489,616,0.6670239939,0.05008239088
144,1,0,0.4038984489,618,0.6662082303,0.05014173139
144,1,0,0.4038984489,620,0.665394116,0.05018612535
144,1,0,0.4038984489,622,0.6645700286,0.05025065356
144,1,0,0.4038984489,624,0.6637943118,0.0503388949
144,1,0,0.4038984489,626,0.6631074669,0.0504207237
144,1,0,0.4038984489,628,0.6623903729,0.05049285528
144,1,0,0.4038984489,630,0.6617174179,0.05052693204
144,1,0,0.4038984489,632,0.661029445,0.05052586585
144,1,0,0.4038984489,634,0.6603117967,0.0505055784
144,1,0,0.4038984489,636,0.6596219475,0.05043972357
144,1,0,0.4038984489,638,0.6589110476,0.05040308234
144,1,0,0.4038984489,640,0.6582737768,0.0503368233
144,1,0,0.4038984489,642,0.6576809857,0.05026222145
144,1,0,0.4038984489,644,0.6571388714,0.05014144748
144,1,0,0.4038984489,646,0.656635874,0.05002429934
144,1,0,0.4038984489,648,0.6560210474,0.04997641697
144,1,0,0.4038984489,650,0.6554289165,0.04993122211
144,1,0,0.4038984489,652,0.6548055583,0.04985208914
144,1,0,0.4038984489,654,0.6541612863,0.04977803642
144,1,0,0.4038984489,656,0.6535695367,0.04973131924
144,1,0,0.4038984489,658,0.6528977369,0.04969076713
144,1,0,0.4038984489,660,0.6521500971,0.0496988509
144,1,0,0.4038984489,662,0.651421522,0.04972219444
144,1,0,0.4038984489,664,0.6506876914,0.04978909497
144,1,0,0.4038984489,666,0.6499126162,0.04982487596
144,1,0,0.4038984489,668,0.6491094069,0.04987160321
144,1,0,0.4038984489,670,0.648291034,0.04995249072
144,1,0,0.4038984489,672,0.6473777462,0.05005015799
144,1,0,0.4038984489,674,0.6464502452,0.05014596377
144,1,0,0.4038984489,676,0.6455641409,0.05023028934
144,1,0,0.4038984489,678,0.6446586338,0.05032485454
144,1,0,0.4038984489,680,0.6437741012,0.05036204552
144,1,0,0.4038984489,682,0.6429116504,0.05037111909
144,1,0,0.4038984489,684,0.6419989364,0.0503614382
144,1,0,0.4038984489,686,0.6410787987,0.05033278816
144,1,0,0.4038984489,688,0.6401624175,0.05032351926
144,1,0,0.4038984489,690,0.6392029981,0.05033548002
144,1,0,0.4038984489,692,0.6382918151,0.0503131228
144,1,0,0.4038984489,694,0.6374319017,0.0503042923
144,1,0,0.4038984489,696,0.6365637524,0.05032821129
144,1,0,0.4038984489,698,0.6357633026,0.05033641505
144,1,0,0.4038984489,700,0.634988738,0.05034914714
144,1,0,0.4038984489,702,0.6342002701,0.05034995072
144,1,0,0.4038984489,704,0.6334365899,0.05033641787
144,1,0,0.4038984489,706,0.6326649116,0.05032317532
144,1,0,0.4038984489,708,0.6318703931,0.05036164851
144,1,0,0.4038984489,710,0.6310946417,0.0504019285
144,1,0,0.4038984489,712,0.6302609411,0.05049882596
144,1,0,0.4038984489,714,0.6294141043,0.05059653028
144,1,0,0.4038984489,716,0.6285151318,0.05071348385
144,1,0,0.4038984489,718,0.6276434614,0.05081197467
144,1,0,0.4038984489,720,0.6267528708,0.0508685539
144,1,0,0.4038984489,722,0.6258757699,0.0509463233
144,1,0,0.4038984489,724,0.625049823,0.05099191442
144,1,0,0.4038984489,726,0.6242380034,0.05108384096
144,1,0,0.4038984489,728,0.6234818864,0.05118974302
144,1,0,0.4038984489,730,0.6227267027,0.0513189797
144,1,0,0.4038984489,732,0.6218903747,0.05139642138
144,1,0,0.4038984489,734,0.621046141,0.05147470743
144,1,0,0.4038984489,736,0.620209942,0.05155511985
144,1,0,0.4038984489,738,0.6194005389,0.05167519208
144,1,0,0.4038984489,740,0.6185472681,0.05179667354
144,1,0,0.4038984489,742,0.6177244801,0.05188790618
144,1,0,0.4038984489,744,0.6168591367,0.05197986049
144,1,0,0.4038984489,746,0.6160212401,0.05207542955
144,1,0,0.4038984489,748,0.6152257366,0.05213586003
144,1,0,0.4038984489,750,0.6143983537,0.05222168632
144,1,0,0.4038984489,752,0.6135417979,0.05229313974
144,1,0,0.4038984489,754,0.6126645561,0.05233430512
144,1,0,0.4038984489,756,0.6118856297,0.05235068805
144,1,0,0.4038984489,758,0.6111375327,0.05239006104
144,1,0,0.4038984489,760,0.6103692763,0.05242974114
144,1,0,0.4038984489,762,0.6096051517,0.05246826813
144,1,0,0.4038984489,764,0.6088115837,0.05250025735
144,1,0,0.4038984489,766,0.6080209081,0.05255245021
144,1,0,0.4038984489,768,0.607201284,0.05260429146
144,1,0,0.4038984489,770,0.6063152047,0.05269806111
144,1,0,0.4038984489,772,0.6054044907,0.05280056437
144,1,0,0.4038984489,774,0.6045609081,0.05288972697
144,1,0,0.4038984489,776,0.6037555877,0.05298810835
144,1,0,0.4038984489,778,0.6029276615,0.0530904751
144,1,0,0.4038984489,780,0.6020656272,0.05318360088
144,1,0,0.4038984489,782,0.6012536192,0.05330395934
144,1,0,0.4038984489,784,0.6004333896,0.05336530886
144,1,0,0.4038984489,786,0.5996565973,0.05345341976
144,1,0,0.4038984489,788,0.5989240315,0.05354755648
144,1,0,0.4038984489,790,0.5981773917,0.05360728507
144,1,0,0.4038984489,792,0.5974061236,0.05367363275
144,1,0,0.4038984489,794,0.5965474192,0.05378230168
144,1,0,0.4038984489,796,0.5957048868,0.05390805534
144,1,0,0.4038984489,798,0.594892724,0.05402310582
144,1,0,0.4038984489,800,0.594000429,0.05413917814
144,1,0,0.4038984489,802,0.5931698758,0.05420033339
144,1,0,0.4038984489,804,0.5924035706,0.05426850178
144,1,0,0.4038984489,806,0.5915920887,0.05440138493
144,1,0,0.4038984489,808,0.5907319132,0.05454493756
144,1,0,0.4038984489,810,0.5898569355,0.05469542815
144,1,0,0.4038984489,812,0.5890003338,0.05481357058
144,1,0,0.4038984489,814,0.5881942679,0.05488099803
144,1,0,0.4038984489,816,0.5873329105,0.05493934445
144,1,0,0.4038984489,818,0.5864954733,0.05499292212
144,1,0,0.4038984489,820,0.5856682338,0.05506134975
144,1,0,0.4038984489,822,0.5847771578,0.0551151496
144,1,0,0.4038984489,824,0.5839163977,0.05517508579
144,1,0,0.4038984489,826,0.5830837236,0.05522199194
144,1,0,0.4038984489,828,0.5822693119,0.05527130722
144,1,0,0.4038984489,830,0.5813886923,0.05531579342
144,1,0,0.4038984489,832,0.5805084351,0.05536786918
144,1,0,0.4038984489,834,0.5796057586,0.05542895029
144,1,0,0.4038984489,836,0.578780929,0.05549745033
144,1,0,0.4038984489,838,0.5779048611,0.05559986011
144,1,0,0.4038984489,840,0.5770001011,0.05571459871
144,1,0,0.4038984489,842,0.5760923333,0.05584093586
144,1,0,0.4038984489,844,0.5752201066,0.05597671822
144,1,0,0.4038984489,846,0.5743809763,0.05610775568
144,1,0,0.4038984489,848,0.5735549178,0.0561796406
144,1,0,0.4038984489,850,0.5727819957,0.05623760974
144,1,0,0.4038984489,852,0.5720325368,0.05626307932
144,1,0,0.4038984489,854,0.5712364047,0.05626423654
144,1,0,0.4038984489,856,0.5704625422,0.05624717329
144,1,0,0.4038984489,858,0.5696408669,0.05627622575
144,1,0,0.4038984489,860,0.5688811395,0.05632166732
144,1,0,0.4038984489,862,0.5681037666,0.05643016731
144,1,0,0.4038984489,864,0.5673052016,0.05651694305
144,1,0,0.4038984489,866,0.5665687789,0.05656330286
144,1,0,0.4038984489,868,0.5658306616,0.05655890084
144,1,0,0.4038984489,870,0.5650427479,0.05655754021
144,1,0,0.4038984489,872,0.564249988,0.05658163455
144,1,0,0.4038984489,874,0.5634869561,0.05659878473
144,1,0,0.4038984489,876,0.5626909953,0.05661377602
144,1,0,0.4038984489,878,0.5619199564,0.05659170881
144,1,0,0.4038984489,880,0.5611725617,0.05656005034
144,1,0,0.4038984489,882,0.5604552836,0.05652252144
144,1,0,0.4038984489,884,0.5596607968,0.05646745745
144,1,0,0.4038984489,886,0.5589598409,0.05643585923
144,1,0,0.4038984489,888,0.5582282095,0.05636723339
144,1,0,0.4038984489,890,0.5575071551,0.05631070612
144,1,0,0.4038984489,892,0.5568149599,0.05626084456
144,1,0,0.4038984489,894,0.5561548825,0.05620976387
144,1,0,0.4038984489,896,0.555558296,0.05614281664
144,1,0,0.4038984489,898,0.5549280184,0.05609172385
144,1,0,0.4038984489,900,0.554247269,0.05606542202
144,1,0,0.4038984489,902,0.553586412,0.0560142095
144,1,0,0.4038984489,904,0.552808574,0.05598038146
144,1,0,0.4038984489,906,0.5520301036,0.05591033306
144,1,0,0.4038984489,908,0.5513098096,0.0558794776
144,1,0,0.4038984489,910,0.5505610971,0.05583498931
144,1,0,0.4038984489,912,0.549883886,0.05581436753
144,1,0,0.4038984489,914,0.5493013837,0.05572763298
144,1,0,0.4038984489,916,0.5486837743,0.05564277453
144,1,0,0.4038984489,918,0.5481235539,0.05555721881
144,1,0,0.4038984489,920,0.5475720994,0.05544612374
144,1,0,0.4038984489,922,0.5469810639,0.05539939906
144,1,0,0.4038984489,924,0.5464756534,0.05534450568
144,1,0,0.4038984489,926,0.546020765,0.05526329496
144,1,0,0.4038984489,928,0.5456015296,0.05520740307
144,1,0,0.4038984489,930,0.5451305751,0.05514936708
144,1,0,0.4038984489,932,0.5446237836,0.05506501013
144,1,0,0.4038984489,934,0.5441709648,0.05494419676
144,1,0,0.4038984489,936,0.5436836702,0.054850871
144,1,0,0.4038984489,938,0.5432425392,0.0547348697
144,1,0,0.4038984489,940,0.542795603,0.05463538488
144,1,0,0.4038984489,942,0.5423640097,0.05454529195
144,1,0,0.4038984489,944,0.5418978235,0.05447229988
144,1,0,0.4038984489,946,0.5414373812,0.05437275562
144,1,0,0.4038984489,948,0.5411232889,0.0542253525
144,1,0,0.4038984489,950,0.540790712,0.05403191691
144,1,0,0.4038984489,952,0.5404135653,0.05378531039
144,1,0,0.4038984489,954,0.5400457904,0.05362501262
144,1,0,0.4038984489,956,0.5396394642,0.05344889799
144,1,0,0.4038984489,958,0.5392777647,0.05326834406
144,1,0,0.4038984489,960,0.5388983041,0.05310265247
144,1,0,0.4038984489,962,0.5384649088,0.05294834097
144,1,0,0.4038984489,964,0.5379570403,0.05281129734
144,1,0,0.4038984489,966,0.5375068885,0.05264053655
144,1,0,0.4038984489,968,0.5370906654,0.05247347547
144,1,0,0.4038984489,970,0.53665562,0.05233140154
144,1,0,0.4038984489,972,0.536208962,0.05218942889
144,1,0,0.4038984489,974,0.5357784891,0.05201548626
144,1,0,0.4038984489,976,0.5353414279,0.05183694658
144,1,0,0.4038984489,978,0.5349238043,0.05165721438
144,1,0,0.4038984489,980,0.5344621938,0.05151561807
144,1,0,0.4038984489,982,0.5339408844,0.0513600548
144,1,0,0.4038984489,984,0.5334372379,0.05119728037
144,1,0,0.4038984489,986,0.5329519366,0.05098057451
144,1,0,0.4038984489,988,0.5324432464,0.05080145668
144,1,0,0.4038984489,990,0.5318573007,0.05066160676
144,1,0,0.4038984489,992,0.5312987148,0.05046412502
144,1,0,0.4038984489,994,0.5307356584,0.0503048199
144,1,0,0.4038984489,996,0.5301848708,0.0501204287
144,1,0,0.4038984489,998,0.5295771253,0.04996328051
144,1,0,0.4038984489,1000,0.5289372355,0.04982233763
144,1,0,0.4038984489,1002,0.5282840339,0.04968905094
144,1,0,0.4038984489,1004,0.5276041416,0.04955086632
144,1,0,0.4038984489,1006,0.5269560036,0.04938805414
144,1,0,0.4038984489,1008,0.5262744616,0.04924064624
144,1,0,0.4038984489,1010,0.5255534701,0.04910809038
144,1,0,0.4038984489,1012,0.5249306568,0.04896972949
144,1,0,0.4038984489,1014,0.5242912346,0.04882901047
144,1,0,0.4038984489,1016,0.5236128071,0.04871967725
144,1,0,0.4038984489,1018,0.5230105959,0.0485781971
144,1,0,0.4038984489,1020,0.5224048929,0.04843107019
144,1,0,0.4038984489,1022,0.5217249272,0.04830754968
144,1,0,0.4038984489,1024,0.521082107,0.04818043689
144,1,0,0.4038984489,1026,0.520480698,0.04803545789
144,1,0,0.4038984489,1028,0.5199082683,0.04791367815
144,1,0,0.4038984489,1030,0.5192515077,0.04784610589
144,1,0,0.4038984489,1032,0.5185272045,0.04775882598
144,1,0,0.4038984489,1034,0.5177431515,0.04764963373
144,1,0,0.4038984489,1036,0.5169319948,0.04758708308
144,1,0,0.4038984489,1038,0.5161179236,0.04749328592
144,1,0,0.4038984489,1040,0.5152996724,0.04737137845
144,1,0,0.4038984489,1042,0.5145421191,0.04727379661
144,1,0,0.4038984489,1044,0.5137441018,0.0471760611
144,1,0,0.4038984489,1046,0.5129136286,0.04707500783
144,1,0,0.4038984489,1048,0.512040486,0.04701852895
144,1,0,0.4038984489,1050,0.5112295293,0.04695974403
144,1,0,0.4038984489,1052,0.5104472424,0.04694539593
144,1,0,0.4038984489,1054,0.5097188198,0.0469456366
144,1,0,0.4038984489,1056,0.5090881742,0.04689106881
144,1,0,0.4038984489,1058,0.5083832308,0.04684173427
144,1,0,0.4038984489,1060,0.5076945537,0.04678941204
144,1,0,0.4038984489,1062,0.5070147571,0.04673763479
144,1,0,0.4038984489,1064,0.5062815685,0.04672475721
144,1,0,0.4038984489,1066,0.505577693,0.04669545288
144,1,0,0.4038984489,1068,0.5048976107,0.04662481155
144,1,0,0.4038984489,1070,0.5042655796,0.04653620731
144,1,0,0.4038984489,1072,0.5035956215,0.04644747502
144,1,0,0.4038984489,1074,0.502986254,0.0463618998
144,1,0,0.4038984489,1076,0.5024523702,0.0462488079
144,1,0,0.4038984489,1078,0.5018486927,0.04618374072
144,1,0,0.4038984489,1080,0.5012813988,0.04610200419
144,1,0,0.4038984489,1082,0.5006785361,0.04602721823
144,1,0,0.4038984489,1084,0.500082822,0.04594008171
144,1,0,0.4038984489,1086,0.4994291243,0.0458333034
144,1,0,0.4038984489,1088,0.4988773535,0.04572362884
144,1,0,0.4038984489,1090,0.4982363091,0.04566234501
144,1,0,0.4038984489,1092,0.4976370826,0.04558675471
144,1,0,0.4038984489,1094,0.4970254043,0.04557750275
144,1,0,0.4038984489,1096,0.4963591985,0.04558227471
144,1,0,0.4038984489,1098,0.495717178,0.04552712441
144,1,0,0.4038984489,1100,0.495014466,0.04547714658
144,1,0,0.4038984489,1102,0.4942080549,0.04543479012
144,1,0,0.4038984489,1104,0.4934019735,0.04545144976
144,1,0,0.4038984489,1106,0.4926316272,0.04550991372
144,1,0,0.4038984489,1108,0.4918167883,0.04556458987
144,1,0,0.4038984489,1110,0.4910116662,0.04562959327
144,1,0,0.4038984489,1112,0.4902284191,0.04567733093
144,1,0,0.4038984489,1114,0.4894189408,0.04574146733
144,1,0,0.4038984489,1116,0.4884603702,0.04580900389
144,1,0,0.4038984489,1118,0.4875416482,0.04586854423
144,1,0,0.4038984489,1120,0.4867038139,0.04586841707
144,1,0,0.4038984489,1122,0.4859769724,0.04585553414
144,1,0,0.4038984489,1124,0.4852281743,0.04588647362
144,1,0,0.4038984489,1126,0.4844183132,0.04587213013
144,1,0,0.4038984489,1128,0.4835962209,0.04590269251
144,1,0,0.4038984489,1130,0.4828257819,0.0459424749
144,1,0,0.4038984489,1132,0.4820917486,0.04599930916
144,1,0,0.4038984489,1134,0.4813706233,0.04601657536
144,1,0,0.4038984489,1136,0.4806993291,0.04608472548
144,1,0,0.4038984489,1138,0.480076896,0.04613642543
144,1,0,0.4038984489,1140,0.479451194,0.0461603499
144,1,0,0.4038984489,1142,0.4788152413,0.04620739137
144,1,0,0.4038984489,1144,0.478168894,0.046246497
144,1,0,0.4038984489,1146,0.4774452483,0.04630865808
144,1,0,0.4038984489,1148,0.4767101888,0.04638450994
144,1,0,0.4038984489,1150,0.4760418861,0.04645510981
144,1,0,0.4038984489,1152,0.4753293118,0.04654007963
144,1,0,0.4038984489,1154,0.4746317213,0.0466215595
144,1,0,0.4038984489,1156,0.4738956147,0.04672722532
144,1,0,0.4038984489,1158,0.4730796774,0.04680640433
144,1,0,0.4038984489,1160,0.4722113322,0.04686882144
144,1,0,0.4038984489,1162,0.4713677815,0.0469273113
144,1,0,0.4038984489,1164,0.4704980286,0.04702934785
144,1,0,0.4038984489,1166,0.4696160312,0.04718238654
144,1,0,0.4038984489,1168,0.4687001305,0.0472629651
144,1,0,0.4038984489,1170,0.4677651671,0.04737260822
144,1,0,0.4038984489,1172,0.4667414139,0.0475018822
144,1,0,0.4038984489,1174,0.4657105295,0.04762824548
144,1,0,0.4038984489,1176,0.4646840365,0.04776983626
144,1,0,0.4038984489,1178,0.4637285493,0.04789319236
144,1,0,0.4038984489,1180,0.4628094502,0.0480154744
144,1,0,0.4038984489,1182,0.4618164878,0.04813771812
144,1,0,0.4038984489,1184,0.4607348452,0.0483234647
144,1,0,0.4038984489,1186,0.4596995515,0.04850174355
144,1,0,0.4038984489,1188,0.4586166265,0.04863954963
144,1,0,0.4038984489,1190,0.4575371222,0.04877922616
144,1,0,0.4038984489,1192,0.456511893,0.0489305052
144,1,0,0.4038984489,1194,0.455536872,0.04905130759
144,1,0,0.4038984489,1196,0.4545393419,0.04920428354
144,1,0,0.4038984489,1198,0.4534436499,0.04935302762
144,1,0,0.4038984489,1200,0.4523854735,0.04951532704
144,1,0,0.4038984489,1202,0.451311394,0.04966494773
144,1,0,0.4038984489,1204,0.4502261885,0.04981639156
144,1,0,0.4038984489,1206,0.4491789063,0.04993337909
144,1,0,0.4038984489,1208,0.4481501947,0.0500386205
144,1,0,0.4038984489,1210,0.4471273501,0.05014748748
144,1,0,0.4038984489,1212,0.4461571879,0.05025309929
144,1,0,0.4038984489,1214,0.4451700322,0.05038292221
144,1,0,0.4038984489,1216,0.4441494781,0.05054808707
144,1,0,0.4038984489,1218,0.4431460721,0.05074335634
144,1,0,0.4038984489,1220,0.4422003821,0.05091535945
144,1,0,0.4038984489,1222,0.441179295,0.05106452054
144,1,0,0.4038984489,1224,0.440166295,0.05120694786
144,1,0,0.4038984489,1226,0.4391054439,0.05138052505
144,1,0,0.4038984489,1228,0.4380408295,0.05158467314
144,1,0,0.4038984489,1230,0.4369549711,0.05182274698
144,1,0,0.4038984489,1232,0.4358814465,0.05206986674
144,1,0,0.4038984489,1234,0.4347769463,0.05226626015
144,1,0,0.4038984489,1236,0.4336757492,0.05244606731
144,1,0,0.4038984489,1238,0.4325982592,0.05265522647
144,1,0,0.4038984489,1240,0.4315501094,0.05283857835
144,1,0,0.4038984489,1242,0.4305107002,0.05304286177
144,1,0,0.4038984489,1244,0.4295024006,0.05325768547
144,1,0,0.4038984489,1246,0.4284689056,0.05347861938
144,1,0,0.4038984489,1248,0.4275338651,0.05368321269
144,0.975,0.025,0.2855993321,0,1,0
144,0.975,0.025,0.2855993321,2,0.9980146357,0.0005822138259
144,0.975,0.025,0.2855993321,4,0.9960925791,0.001167685679
144,0.975,0.025,0.2855993321,6,0.9943712099,0.001689684883
144,0.975,0.025,0.2855993321,8,0.9928152123,0.002148197977
144,0.975,0.025,0.2855993321,10,0.9913479067,0.002574001335
144,0.975,0.025,0.2855993321,12,0.989920437,0.003014161768
144,0.975,0.025,0.2855993321,14,0.9885605915,0.003439702772
144,0.975,0.025,0.2855993321,16,0.9872206293,0.00385949765
144,0.975,0.025,0.2855993321,18,0.9859444781,0.004240190283
144,0.975,0.025,0.2855993321,20,0.9847265795,0.004598450965
144,0.975,0.025,0.2855993321,22,0.9835239258,0.004944360587
144,0.975,0.025,0.2855993321,24,0.9823775665,0.005267573798
144,0.975,0.025,0.2855993321,26,0.9812424998,0.005596438512
144,0.975,0.025,0.2855993321,28,0.9801105729,0.005951643564
144,0.975,0.025,0.2855993321,30,0.9789628168,0.006312817536
144,0.975,0.025,0.2855993321,32,0.9778704123,0.006652361734
144,0.975,0.025,0.2855993321,34,0.9768233284,0.006972407293
144,0.975,0.025,0.2855993321,36,0.9757587753,0.007325532413
144,0.975,0.025,0.2855993321,38,0.9746953183,0.007677228117
144,0.975,0.025,0.2855993321,40,0.9736336721,0.008027727148
144,0.975,0.025,0.2855993321,42,0.9726228425,0.008375406045
144,0.975,0.025,0.2855993321,44,0.9715979044,0.0087250225
144,0.975,0.025,0.2855993321,46,0.970546498,0.009058085286
144,0.975,0.025,0.2855993321,48,0.9695036124,0.009407271023
144,0.975,0.025,0.2855993321,50,0.9684378803,0.009787969287
144,0.975,0.025,0.2855993321,52,0.9674344309,0.01014923943
144,0.975,0.025,0.2855993321,54,0.9664682557,0.01050673638
144,0.975,0.025,0.2855993321,56,0.9654955438,0.01088989466
144,0.975,0.025,0.2855993321,58,0.9644936179,0.01129475491
144,0.975,0.025,0.2855993321,60,0.9635000412,0.01166957894
144,0.975,0.025,0.2855993321,62,0.9624953139,0.01203671899
144,0.975,0.025,0.2855993321,64,0.9615031565,0.01240129557
144,0.975,0.025,0.2855993321,66,0.9605192444,0.01275759837
144,0.975,0.025,0.2855993321,68,0.9595830895,0.01309981944
144,0.975,0.025,0.2855993321,70,0.9586490598,0.01344428407
144,0.975,0.025,0.2855993321,72,0.9577105624,0.01378809597
144,0.975,0.025,0.2855993321,74,0.9567654567,0.01414888544
144,0.975,0.025,0.2855993321,76,0.9558117006,0.014502253
144,0.975,0.025,0.2855993321,78,0.9549093094,0.01483224514
144,0.975,0.025,0.2855993321,80,0.9540120425,0.01517151811
144,0.975,0.025,0.2855993321,82,0.9531015583,0.01552324315
144,0.975,0.025,0.2855993321,84,0.9521722908,0.01588788778
144,0.975,0.025,0.2855993321,86,0.9512791645,0.01624281997
144,0.975,0.025,0.2855993321,88,0.9504090065,0.0165859311
144,0.975,0.025,0.2855993321,90,0.9495555488,0.01693881181
144,0.975,0.025,0.2855993321,92,0.9487106002,0.01729228928
144,0.975,0.025,0.2855993321,94,0.9478630832,0.01762871464
144,0.975,0.025,0.2855993321,96,0.9469627941,0.01796463662
144,0.975,0.025,0.2855993321,98,0.9460279848,0.01831794073
144,0.975,0.025,0.2855993321,100,0.9451415269,0.01864346483
144,0.975,0.025,0.2855993321,102,0.9442782206,0.01895188531
144,0.975,0.025,0.2855993321,104,0.9434040858,0.01926582364
144,0.975,0.025,0.2855993321,106,0.9425706984,0.01959097557
144,0.975,0.025,0.2855993321,108,0.9417186451,0.01991628135
144,0.975,0.025,0.2855993321,110,0.9408778531,0.02023807093
144,0.975,0.025,0.2855993321,112,0.9400372711,0.02056037038
144,0.975,0.025,0.2855993321,114,0.9392627039,0.0208214607
144,0.975,0.025,0.2855993321,116,0.9384531476,0.02107623394
144,0.975,0.025,0.2855993321,118,0.937625332,0.02135309937
144,0.975,0.025,0.2855993321,120,0.9367934431,0.02164153608
144,0.975,0.025,0.2855993321,122,0.9359664327,0.02191084989
144,0.975,0.025,0.2855993321,124,0.9351564265,0.02216374371
144,0.975,0.025,0.2855993321,126,0.9343175427,0.0224381279
144,0.975,0.025,0.2855993321,128,0.9334802031,0.02273148406
144,0.975,0.025,0.2855993321,130,0.9326983887,0.02300328256
144,0.975,0.025,0.2855993321,132,0.9318786692,0.0232753352
144,0.975,0.025,0.2855993321,134,0.931058958,0.0235666056
144,0.975,0.025,0.2855993321,136,0.930226132,0.0238533305
144,0.975,0.025,0.2855993321,138,0.9293842324,0.02414141108
144,0.975,0.025,0.2855993321,140,0.9285732509,0.02441254643
144,0.975,0.025,0.2855993321,142,0.9277293985,0.02467839015
144,0.975,0.025,0.2855993321,144,0.9269229275,0.02491467221
144,0.975,0.025,0.2855993321,146,0.9260778336,0.02516530847
144,0.975,0.025,0.2855993321,148,0.9252536113,0.02539144152
144,0.975,0.025,0.2855993321,150,0.9244353314,0.02559594098
144,0.975,0.025,0.2855993321,152,0.9236945509,0.02579571709
144,0.975,0.025,0.2855993321,154,0.9229371757,0.02600629163
144,0.975,0.025,0.2855993321,156,0.9221569548,0.02617524278
144,0.975,0.025,0.2855993321,158,0.9213784414,0.02636023012
144,0.975,0.025,0.2855993321,160,0.9205910307,0.02651269226
144,0.975,0.025,0.2855993321,162,0.9198376686,0.02665818346
144,0.975,0.025,0.2855993321,164,0.9190810644,0.02683016696
144,0.975,0.025,0.2855993321,166,0.9183103496,0.02701584442
144,0.975,0.025,0.2855993321,168,0.9175730207,0.02718359965
144,0.975,0.025,0.2855993321,170,0.9168084188,0.02738554533
144,0.975,0.025,0.2855993321,172,0.9160209034,0.02757943093
144,0.975,0.025,0.2855993321,174,0.915235641,0.02775729332
144,0.975,0.025,0.2855993321,176,0.9144441932,0.0279603374
144,0.975,0.025,0.2855993321,178,0.9136524576,0.0281793928
144,0.975,0.025,0.2855993321,180,0.9128728617,0.02838011148
144,0.975,0.025,0.2855993321,182,0.9121293343,0.02857932088
144,0.975,0.025,0.2855993321,184,0.9113787772,0.02875134846
144,0.975,0.025,0.2855993321,186,0.9106493025,0.02893884487
144,0.975,0.025,0.2855993321,188,0.9098728263,0.02915673394
144,0.975,0.025,0.2855993321,190,0.9090783775,0.02939178241
144,0.975,0.025,0.2855993321,192,0.9082971685,0.02963533361
144,0.975,0.025,0.2855993321,194,0.9074869473,0.02987779567
144,0.975,0.025,0.2855993321,196,0.9066788665,0.03010630976
144,0.975,0.025,0.2855993321,198,0.9058238059,0.03037115225
144,0.975,0.025,0.2855993321,200,0.9049891682,0.03060324533
144,0.975,0.025,0.2855993321,202,0.9041812042,0.03082931928
144,0.975,0.025,0.2855993321,204,0.9033934225,0.03103335026
144,0.975,0.025,0.2855993321,206,0.9026265304,0.03121827167
144,0.975,0.025,0.2855993321,208,0.9018856578,0.03142262342
144,0.975,0.025,0.2855993321,210,0.9011538401,0.03162233403
144,0.975,0.025,0.2855993321,212,0.9004311763,0.03184431427
144,0.975,0.025,0.2855993321,214,0.8997514396,0.03203995595
144,0.975,0.025,0.2855993321,216,0.8990833718,0.03223659877
144,0.975,0.025,0.2855993321,218,0.8984235631,0.03243733991
144,0.975,0.025,0.2855993321,220,0.8977731867,0.03265544826
144,0.975,0.025,0.2855993321,222,0.8970829614,0.03289557358
144,0.975,0.025,0.2855993321,224,0.8964013395,0.03315212648
144,0.975,0.025,0.2855993321,226,0.8957435558,0.03338528492
144,0.975,0.025,0.2855993321,228,0.8950040076,0.03362535137
144,0.975,0.025,0.2855993321,230,0.8942824308,0.03385684046
144,0.975,0.025,0.2855993321,232,0.8935417351,0.03413114625
144,0.975,0.025,0.2855993321,234,0.89280247,0.03439117904
144,0.975,0.025,0.2855993321,236,0.8920736913,0.03463059996
144,0.975,0.025,0.2855993321,238,0.8913969543,0.03487567832
144,0.975,0.025,0.2855993321,240,0.8906796951,0.03513769147
144,0.975,0.025,0.2855993321,242,0.8899881848,0.03539708837
144,0.975,0.025,0.2855993321,244,0.8892725843,0.03567578098
144,0.975,0.025,0.2855993321,246,0.8885704569,0.03593363807
144,0.975,0.025,0.2855993321,248,0.8878879266,0.03617421625
144,0.975,0.025,0.2855993321,250,0.8871879388,0.03641271916
144,0.975,0.025,0.2855993321,252,0.8865608577,0.03659898817
144,0.975,0.025,0.2855993321,254,0.8859271738,0.03678064224
144,0.975,0.025,0.2855993321,256,0.88526668,0.03695889403
144,0.975,0.025,0.2855993321,258,0.8846410769,0.03713783849
144,0.975,0.025,0.2855993321,260,0.8840465935,0.03731386955
144,0.975,0.025,0.2855993321,262,0.8834560782,0.03748001353
144,0.975,0.025,0.2855993321,264,0.8828286138,0.03765900868
144,0.975,0.025,0.2855993321,266,0.8821622275,0.03783265173
144,0.975,0.025,0.2855993321,268,0.8814845268,0.038038413
144,0.975,0.025,0.2855993321,270,0.8807391568,0.0382523759
144,0.975,0.025,0.2855993321,272,0.8800459142,0.03847637639
144,0.975,0.025,0.2855993321,274,0.8793467509,0.03867577221
144,0.975,0.025,0.2855993321,276,0.8786419671,0.0388729857
144,0.975,0.025,0.2855993321,278,0.8779397457,0.03903435895
144,0.975,0.025,0.2855993321,280,0.8772463998,0.03922756435
144,0.975,0.025,0.2855993321,282,0.8765224953,0.03942689878
144,0.975,0.025,0.2855993321,284,0.8757979884,0.03965874328
144,0.975,0.025,0.2855993321,286,0.8750677248,0.03990960979
144,0.975,0.025,0.2855993321,288,0.8743415743,0.04015937861
144,0.975,0.025,0.2855993321,290,0.8736108418,0.04040880844
144,0.975,0.025,0.2855993321,292,0.8729196446,0.040622306
144,0.975,0.025,0.2855993321,294,0.8722460506,0.04081428924
144,0.975,0.025,0.2855993321,296,0.8716038186,0.04103464596
144,0.975,0.025,0.2855993321,298,0.8709390291,0.04132696016
144,0.975,0.025,0.2855993321,300,0.8702235177,0.0416359657
144,0.975,0.025,0.2855993321,302,0.869503264,0.04191185957
144,0.975,0.025,0.2855993321,304,0.8687777143,0.0421892149
144,0.975,0.025,0.2855993321,306,0.8680391311,0.04245914161
144,0.975,0.025,0.2855993321,308,0.8672744382,0.04274223481
144,0.975,0.025,0.2855993321,310,0.8665736639,0.04298354463
144,0.975,0.025,0.2855993321,312,0.8658644725,0.04325043108
144,0.975,0.025,0.2855993321,314,0.8651630047,0.04352787505
144,0.975,0.025,0.2855993321,316,0.8644478978,0.04377351158
144,0.975,0.025,0.2855993321,318,0.8637108282,0.04402007476
144,0.975,0.025,0.2855993321,320,0.862996299,0.04421243963
144,0.975,0.025,0.2855993321,322,0.8622752886,0.04442228706
144,0.975,0.025,0.2855993321,324,0.861581583,0.04464219822
144,0.975,0.025,0.2855993321,326,0.860888546,0.04488648012
144,0.975,0.025,0.2855993321,328,0.8601957906,0.04515028166
144,0.975,0.025,0.2855993321,330,0.8593896364,0.04546377266
144,0.975,0.025,0.2855993321,332,0.8585441648,0.04577568345
144,0.975,0.025,0.2855993321,334,0.8577442269,0.04603579671
144,0.975,0.025,0.2855993321,336,0.8569603833,0.04627941408
144,0.975,0.025,0.2855993321,338,0.8562030735,0.046502697
144,0.975,0.025,0.2855993321,340,0.8554745019,0.04669961536
144,0.975,0.025,0.2855993321,342,0.8547395666,0.0469102852
144,0.975,0.025,0.2855993321,344,0.8540034258,0.04714004108
144,0.975,0.025,0.2855993321,346,0.8532133931,0.04740101502
144,0.975,0.025,0.2855993321,348,0.8524300826,0.04765045589
144,0.975,0.025,0.2855993321,350,0.8517225708,0.0478539285
144,0.975,0.025,0.2855993321,352,0.8510347958,0.0480504051
144,0.975,0.025,0.2855993321,354,0.850340727,0.04825440669
144,0.975,0.025,0.2855993321,356,0.8496620771,0.04844026764
144,0.975,0.025,0.2855993321,358,0.8489915478,0.04862691156
144,0.975,0.025,0.2855993321,360,0.8482909164,0.04885164367
144,0.975,0.025,0.2855993321,362,0.8475942945,0.04908022272
144,0.975,0.025,0.2855993321,364,0.8469007973,0.04931844288
144,0.975,0.025,0.2855993321,366,0.8462260747,0.04954531232
144,0.975,0.025,0.2855993321,368,0.8455957434,0.04974055057
144,0.975,0.025,0.2855993321,370,0.8449817414,0.04994065645
144,0.975,0.025,0.2855993321,372,0.8444064928,0.05012092896
144,0.975,0.025,0.2855993321,374,0.8438421719,0.05029977572
144,0.975,0.025,0.2855993321,376,0.8432043249,0.05046237424
144,0.975,0.025,0.2855993321,378,0.8425706957,0.05061498121
144,0.975,0.025,0.2855993321,380,0.8419601519,0.0507480605
144,0.975,0.025,0.2855993321,382,0.8413493656,0.05089859453
144,0.975,0.025,0.2855993321,384,0.8407628791,0.05104016863
144,0.975,0.025,0.2855993321,386,0.8401950822,0.05120991718
144,0.975,0.025,0.2855993321,388,0.8396076615,0.05137327393
144,0.975,0.025,0.2855993321,390,0.8389955701,0.05152769997
144,0.975,0.025,0.2855993321,392,0.8384868901,0.05164701684
144,0.975,0.025,0.2855993321,394,0.8379814918,0.05177597313
144,0.975,0.025,0.2855993321,396,0.8374512978,0.05193597538
144,0.975,0.025,0.2855993321,398,0.836917896,0.05211265461
144,0.975,0.025,0.2855993321,400,0.8363852673,0.05229162231
144,0.975,0.025,0.2855993321,402,0.8358765442,0.0524526874
144,0.975,0.025,0.2855993321,404,0.8353801591,0.05262198242
144,0.975,0.025,0.2855993321,406,0.8348899444,0.05280929789
144,0.975,0.025,0.2855993321,408,0.8343857961,0.05302957957
144,0.975,0.025,0.2855993321,410,0.833917284,0.05320428904
144,0.975,0.025,0.2855993321,412,0.8334665404,0.05338634987
144,0.975,0.025,0.2855993321,414,0.8330222545,0.05351761143
144,0.975,0.025,0.2855993321,416,0.8325636031,0.05366617923
144,0.975,0.025,0.2855993321,418,0.8321295125,0.0538140072
144,0.975,0.025,0.2855993321,420,0.8316770486,0.05395396793
144,0.975,0.025,0.2855993321,422,0.8312239327,0.05409707167
144,0.975,0.025,0.2855993321,424,0.830728082,0.05426035373
144,0.975,0.025,0.2855993321,426,0.8302405184,0.05441563165
144,0.975,0.025,0.2855993321,428,0.829758839,0.0545855648
144,0.975,0.025,0.2855993321,430,0.8292969739,0.05474056407
144,0.975,0.025,0.2855993321,432,0.8288308423,0.05489073098
144,0.975,0.025,0.2855993321,434,0.8284612074,0.0549583707
144,0.975,0.025,0.2855993321,436,0.8280690034,0.05504865733
144,0.975,0.025,0.2855993321,438,0.8277189397,0.05511251792
144,0.975,0.025,0.2855993321,440,0.8273540351,0.05519596152
144,0.975,0.025,0.2855993321,442,0.8270048395,0.0552608727
144,0.975,0.025,0.2855993321,444,0.8266890901,0.05531702846
144,0.975,0.025,0.2855993321,446,0.8263966429,0.05535453041
144,0.975,0.025,0.2855993321,448,0.8260663259,0.0553928833
144,0.975,0.025,0.2855993321,450,0.8257106224,0.055458672
144,0.975,0.025,0.2855993321,452,0.8253546107,0.0555214919
144,0.975,0.025,0.2855993321,454,0.825041175,0.05555729128
144,0.975,0.025,0.2855993321,456,0.8246843822,0.05561706095
144,0.975,0.025,0.2855993321,458,0.824325543,0.05567377442
144,0.975,0.025,0.2855993321,460,0.823975957,0.05573292474
144,0.975,0.025,0.2855993321,462,0.823646826,0.05576928918
144,0.975,0.025,0.2855993321,464,0.823316004,0.05579410578
144,0.975,0.025,0.2855993321,466,0.822966693,0.05582705892
144,0.975,0.025,0.2855993321,468,0.8225809043,0.05581588042
144,0.975,0.025,0.2855993321,470,0.8221790226,0.05583396399
144,0.975,0.025,0.2855993321,472,0.8218173923,0.05583028437
144,0.975,0.025,0.2855993321,474,0.8214455007,0.0558202775
144,0.975,0.025,0.2855993321,476,0.8210648251,0.05585641894
144,0.975,0.025,0.2855993321,478,0.820677053,0.05586719437
144,0.975,0.025,0.2855993321,480,0.8202676338,0.05589527315
144,0.975,0.025,0.2855993321,482,0.8198958398,0.05589764073
144,0.975,0.025,0.2855993321,484,0.8195444471,0.05588121902
144,0.975,0.025,0.2855993321,486,0.8191956278,0.05584752936
144,0.975,0.025,0.2855993321,488,0.8188218908,0.05580352741
144,0.975,0.025,0.2855993321,490,0.818464453,0.05575277934
144,0.975,0.025,0.2855993321,492,0.8181175943,0.05569941178
144,0.975,0.025,0.2855993321,494,0.8178177766,0.05567240987
144,0.975,0.025,0.2855993321,496,0.8175257831,0.05561931666
144,0.975,0.025,0.2855993321,498,0.8172067593,0.0555932717
144,0.975,0.025,0.2855993321,500,0.8169113402,0.05556955294
144,0.975,0.025,0.2855993321,502,0.8166416138,0.05553150431
144,0.975,0.025,0.2855993321,504,0.8162906515,0.05556580391
144,0.975,0.025,0.2855993321,506,0.8158809815,0.05560669141
144,0.975,0.025,0.2855993321,508,0.8154871026,0.05559581664
144,0.975,0.025,0.2855993321,510,0.8151422041,0.0555296785
144,0.975,0.025,0.2855993321,512,0.81477321,0.05547173964
144,0.975,0.025,0.2855993321,514,0.8144298989,0.0554165887
144,0.975,0.025,0.2855993321,516,0.8140780796,0.05537176772
144,0.975,0.025,0.2855993321,518,0.8137371255,0.05535105566
144,0.975,0.025,0.2855993321,520,0.8134002484,0.05531376593
144,0.975,0.025,0.2855993321,522,0.8130483647,0.05525825824
144,0.975,0.025,0.2855993321,524,0.8126935889,0.05515879389
144,0.975,0.025,0.2855993321,526,0.8123288943,0.05506736049
144,0.975,0.025,0.2855993321,528,0.8119227634,0.05497868785
144,0.975,0.025,0.2855993321,530,0.8114750512,0.05488323285
144,0.975,0.025,0.2855993321,532,0.8110271921,0.05478942898
144,0.975,0.025,0.2855993321,534,0.8106194906,0.05468529398
144,0.975,0.025,0.2855993321,536,0.8102356168,0.05456839319
144,0.975,0.025,0.2855993321,538,0.8098298078,0.05449469906
144,0.975,0.025,0.2855993321,540,0.8094866089,0.05438132961
144,0.975,0.025,0.2855993321,542,0.8091626104,0.05426416799
144,0.975,0.025,0.2855993321,544,0.8088692957,0.05410538933
144,0.975,0.025,0.2855993321,546,0.8085445412,0.05397889531
144,0.975,0.025,0.2855993321,548,0.8082464891,0.05382875561
144,0.975,0.025,0.2855993321,550,0.8079314025,0.0537090037
144,0.975,0.025,0.2855993321,552,0.8076332364,0.05360674365
144,0.975,0.025,0.2855993321,554,0.8073809094,0.05350684863
144,0.975,0.025,0.2855993321,556,0.8071812103,0.05340370066
144,0.975,0.025,0.2855993321,558,0.8069572161,0.05329294181
144,0.975,0.025,0.2855993321,560,0.8067403743,0.05323004353
144,0.975,0.025,0.2855993321,562,0.8064763982,0.05321237013
144,0.975,0.025,0.2855993321,564,0.8062302992,0.05314999417
144,0.975,0.025,0.2855993321,566,0.8059791131,0.05311587555
144,0.975,0.025,0.2855993321,568,0.8057681033,0.05305348605
144,0.975,0.025,0.2855993321,570,0.8055906846,0.05296672842
144,0.975,0.025,0.2855993321,572,0.8054260153,0.05290133263
144,0.975,0.025,0.2855993321,574,0.805322633,0.05282323885
144,0.975,0.025,0.2855993321,576,0.8051554972,0.05274664277
144,0.975,0.025,0.2855993321,578,0.8050098147,0.05262114205
144,0.975,0.025,0.2855993321,580,0.8047827452,0.05255164773
144,0.975,0.025,0.2855993321,582,0.804551966,0.05248724353
144,0.975,0.025,0.2855993321,584,0.8043057794,0.05243733563
144,0.975,0.025,0.2855993321,586,0.8040226557,0.05240441673
144,0.975,0.025,0.2855993321,588,0.8037747786,0.05236723219
144,0.975,0.025,0.2855993321,590,0.8035569598,0.05228309783
144,0.975,0.025,0.2855993321,592,0.8033903277,0.05221349058
144,0.975,0.025,0.2855993321,594,0.8032344878,0.0520946738
144,0.975,0.025,0.2855993321,596,0.8030562713,0.05201186896
144,0.975,0.025,0.2855993321,598,0.80287691,0.05193670505
144,0.975,0.025,0.2855993321,600,0.802700263,0.05187284951
144,0.975,0.025,0.2855993321,602,0.802610554,0.05174409474
144,0.975,0.025,0.2855993321,604,0.8025248925,0.05159384328
144,0.975,0.025,0.2855993321,606,0.8024392787,0.05146110169
144,0.975,0.025,0.2855993321,608,0.8023588837,0.05130744731
144,0.975,0.025,0.2855993321,610,0.8023082973,0.051182941
144,0.975,0.025,0.2855993321,612,0.802258624,0.05106770082
144,0.975,0.025,0.2855993321,614,0.8021982993,0.05095964136
144,0.975,0.025,0.2855993321,616,0.8021468131,0.0508754768
144,0.975,0.025,0.2855993321,618,0.8020702888,0.05083574092
144,0.975,0.025,0.2855993321,620,0.8019685143,0.05078922669
144,0.975,0.025,0.2855993321,622,0.8018367427,0.05072985536
144,0.975,0.025,0.2855993321,624,0.8017287334,0.05065727911
144,0.975,0.025,0.2855993321,626,0.8016696585,0.05057082493
144,0.975,0.025,0.2855993321,628,0.8015874863,0.05047819847
144,0.975,0.025,0.2855993321,630,0.8014674367,0.0504187979
144,0.975,0.025,0.2855993321,632,0.8012983593,0.05041416704
144,0.975,0.025,0.2855993321,634,0.8011570123,0.05040735382
144,0.975,0.025,0.2855993321,636,0.8010568303,0.0503476252
144,0.975,0.025,0.2855993321,638,0.8009105822,0.05027625707
144,0.975,0.025,0.2855993321,640,0.8007929975,0.05022342382
144,0.975,0.025,0.2855993321,642,0.8006745568,0.05019117892
144,0.975,0.025,0.2855993321,644,0.800493109,0.050156525
144,0.975,0.025,0.2855993321,646,0.8003103365,0.05009151845
144,0.975,0.025,0.2855993321,648,0.8001292027,0.05000937602
144,0.975,0.025,0.2855993321,650,0.7999688613,0.04994428909
144,0.975,0.025,0.2855993321,652,0.7998378509,0.04987459176
144,0.975,0.025,0.2855993321,654,0.7997214447,0.04976859895
144,0.975,0.025,0.2855993321,656,0.7996218307,0.04965266203
144,0.975,0.025,0.2855993321,658,0.7994949715,0.04954103533
144,0.975,0.025,0.2855993321,660,0.7993650256,0.04944440669
144,0.975,0.025,0.2855993321,662,0.7991980209,0.04938064414
144,0.975,0.025,0.2855993321,664,0.7990141013,0.04932107152
144,0.975,0.025,0.2855993321,666,0.7988614818,0.04922804522
144,0.975,0.025,0.2855993321,668,0.7986980243,0.04911185035
144,0.975,0.025,0.2855993321,670,0.7985260012,0.04897668327
144,0.975,0.025,0.2855993321,672,0.7983355946,0.04887500903
144,0.975,0.025,0.2855993321,674,0.7981324238,0.04878992521
144,0.975,0.025,0.2855993321,676,0.7979320038,0.04869993622
144,0.975,0.025,0.2855993321,678,0.7977052588,0.04862881767
144,0.975,0.025,0.2855993321,680,0.7975397841,0.04850440953
144,0.975,0.025,0.2855993321,682,0.7974060946,0.04838274051
144,0.975,0.025,0.2855993321,684,0.7972496097,0.04826268261
144,0.975,0.025,0.2855993321,686,0.79709286,0.04812289024
144,0.975,0.025,0.2855993321,688,0.7969328364,0.0480174568
144,0.975,0.025,0.2855993321,690,0.7967877549,0.04793571855
144,0.975,0.025,0.2855993321,692,0.7966837649,0.04781710907
144,0.975,0.025,0.2855993321,694,0.7965816248,0.04771133153
144,0.975,0.025,0.2855993321,696,0.7964342434,0.04767323882
144,0.975,0.025,0.2855993321,698,0.7962982473,0.04764029157
144,0.975,0.025,0.2855993321,700,0.7961696336,0.04757629824
144,0.975,0.025,0.2855993321,702,0.7960232369,0.04752676594
144,0.975,0.025,0.2855993321,704,0.7957961145,0.04752187703
144,0.975,0.025,0.2855993321,706,0.7955764679,0.047520151
144,0.975,0.025,0.2855993321,708,0.7953808083,0.04751202589
144,0.975,0.025,0.2855993321,710,0.7951977713,0.04747418035
144,0.975,0.025,0.2855993321,712,0.7949484855,0.04746166812
144,0.975,0.025,0.2855993321,714,0.7946491587,0.04747992267
144,0.975,0.025,0.2855993321,716,0.7943690402,0.04748215412
144,0.975,0.025,0.2855993321,718,0.7941491688,0.04747159523
144,0.975,0.025,0.2855993321,720,0.7939392988,0.0474837728
144,0.975,0.025,0.2855993321,722,0.7937533263,0.04747433377
144,0.975,0.025,0.2855993321,724,0.7934967895,0.04751287783
144,0.975,0.025,0.2855993321,726,0.7932751872,0.04759075183
144,0.975,0.025,0.2855993321,728,0.7931240659,0.04763286126
144,0.975,0.025,0.2855993321,730,0.7929620966,0.04767160794
144,0.975,0.025,0.2855993321,732,0.792832322,0.04769529574
144,0.975,0.025,0.2855993321,734,0.7927046082,0.04776808416
144,0.975,0.025,0.2855993321,736,0.7925824025,0.04785412566
144,0.975,0.025,0.2855993321,738,0.7924744379,0.04793996759
144,0.975,0.025,0.2855993321,740,0.7922882977,0.04801148742
144,0.975,0.025,0.2855993321,742,0.7921305985,0.04808459851
144,0.975,0.025,0.2855993321,744,0.7919397476,0.04815676024
144,0.975,0.025,0.2855993321,746,0.7916922533,0.04828365749
144,0.975,0.025,0.2855993321,748,0.7913670623,0.04844414819
144,0.975,0.025,0.2855993321,750,0.7910755908,0.04860173646
144,0.975,0.025,0.2855993321,752,0.7908079944,0.04879353858
144,0.975,0.025,0.2855993321,754,0.7905312839,0.04904258796
144,0.975,0.025,0.2855993321,756,0.7902458731,0.04926590592
144,0.975,0.025,0.2855993321,758,0.7899684271,0.04950094226
144,0.975,0.025,0.2855993321,760,0.7896698785,0.0497389657
144,0.975,0.025,0.2855993321,762,0.789310106,0.05002849656
144,0.975,0.025,0.2855993321,764,0.7889733493,0.05031118896
144,0.975,0.025,0.2855993321,766,0.7886959544,0.05054670811
144,0.975,0.025,0.2855993321,768,0.7884443058,0.05078099806
144,0.975,0.025,0.2855993321,770,0.788206671,0.05095978302
144,0.975,0.025,0.2855993321,772,0.7878839726,0.05114459013
144,0.975,0.025,0.2855993321,774,0.7875632124,0.051371502
144,0.975,0.025,0.2855993321,776,0.7872035443,0.05159449151
144,0.975,0.025,0.2855993321,778,0.7869492793,0.051796868
144,0.975,0.025,0.2855993321,780,0.7867236451,0.05199272094
144,0.975,0.025,0.2855993321,782,0.7865731447,0.05218768503
144,0.975,0.025,0.2855993321,784,0.7864370942,0.05236252905
144,0.975,0.025,0.2855993321,786,0.7862848726,0.05253617437
144,0.975,0.025,0.2855993321,788,0.7861375196,0.05271510681
144,0.975,0.025,0.2855993321,790,0.7859929909,0.05283010027
144,0.975,0.025,0.2855993321,792,0.7858096418,0.05299632991
144,0.975,0.025,0.2855993321,794,0.785572226,0.05316032432
144,0.975,0.025,0.2855993321,796,0.7853589837,0.05332880398
144,0.975,0.025,0.2855993321,798,0.7851660739,0.05349793323
144,0.975,0.025,0.2855993321,800,0.7849684083,0.05365542138
144,0.975,0.025,0.2855993321,802,0.7847151258,0.0538174828
144,0.975,0.025,0.2855993321,804,0.7844740181,0.05397476802
144,0.975,0.025,0.2855993321,806,0.7842437976,0.05409477211
144,0.975,0.025,0.2855993321,808,0.784014001,0.05416539655
144,0.975,0.025,0.2855993321,810,0.7837542226,0.05421630637
144,0.975,0.025,0.2855993321,812,0.7835040498,0.05426770185
144,0.975,0.025,0.2855993321,814,0.7832247942,0.054363482
144,0.975,0.025,0.2855993321,816,0.7829531109,0.05447795378
144,0.975,0.025,0.2855993321,818,0.7826993596,0.05453437319
144,0.975,0.025,0.2855993321,820,0.7825147068,0.05457472249
144,0.975,0.025,0.2855993321,822,0.7823375825,0.05459871369
144,0.975,0.025,0.2855993321,824,0.782156655,0.05459817787
144,0.975,0.025,0.2855993321,826,0.7819485423,0.05461988843
144,0.975,0.025,0.2855993321,828,0.7817137139,0.05461826973
144,0.975,0.025,0.2855993321,830,0.7815210622,0.0546171648
144,0.975,0.025,0.2855993321,832,0.7813709718,0.0545985072
144,0.975,0.025,0.2855993321,834,0.7812462252,0.05454167069
144,0.975,0.025,0.2855993321,836,0.7811550611,0.05448764798
144,0.975,0.025,0.2855993321,838,0.7810821346,0.05446285441
144,0.975,0.025,0.2855993321,840,0.7810128808,0.05446629213
144,0.975,0.025,0.2855993321,842,0.7809388496,0.05448540077
144,0.975,0.025,0.2855993321,844,0.7808679415,0.0545240536
144,0.975,0.025,0.2855993321,846,0.7808535484,0.05456195727
144,0.975,0.025,0.2855993321,848,0.7808487002,0.05458984636
144,0.975,0.025,0.2855993321,850,0.7807796259,0.05465655456
144,0.975,0.025,0.2855993321,852,0.7807022653,0.05465453469
144,0.975,0.025,0.2855993321,854,0.7805606895,0.05470778973
144,0.975,0.025,0.2855993321,856,0.7804526312,0.05474825283
144,0.975,0.025,0.2855993321,858,0.7803548653,0.05478954245
144,0.975,0.025,0.2855993321,860,0.7802814058,0.05480847698
144,0.975,0.025,0.2855993321,862,0.780159277,0.05483562778
144,0.975,0.025,0.2855993321,864,0.7800421226,0.05484318779
144,0.975,0.025,0.2855993321,866,0.7798464735,0.05486099059
144,0.975,0.025,0.2855993321,868,0.7797339058,0.05484116103
144,0.975,0.025,0.2855993321,870,0.7796581269,0.05477120029
144,0.975,0.025,0.2855993321,872,0.7795909993,0.054700427
144,0.975,0.025,0.2855993321,874,0.7795505648,0.05464221534
144,0.975,0.025,0.2855993321,876,0.7794886894,0.05457305815
144,0.975,0.025,0.2855993321,878,0.7794101662,0.05452892672
144,0.975,0.025,0.2855993321,880,0.7793471305,0.05450489398
144,0.975,0.025,0.2855993321,882,0.7793725773,0.05443929783
144,0.975,0.025,0.2855993321,884,0.7793839891,0.0543773941
144,0.975,0.025,0.2855993321,886,0.7794265487,0.05433100901
144,0.975,0.025,0.2855993321,888,0.7793955986,0.05430110917
144,0.975,0.025,0.2855993321,890,0.7793351752,0.05427187501
144,0.975,0.025,0.2855993321,892,0.7793464064,0.05417802025
144,0.975,0.025,0.2855993321,894,0.7793614141,0.05411256762
144,0.975,0.025,0.2855993321,896,0.7793456625,0.05404258301
144,0.975,0.025,0.2855993321,898,0.779277669,0.05402822892
144,0.975,0.025,0.2855993321,900,0.7792065827,0.05403968106
144,0.975,0.025,0.2855993321,902,0.7791836466,0.05402542503
144,0.975,0.025,0.2855993321,904,0.7791610592,0.05401109482
144,0.975,0.025,0.2855993321,906,0.7790992725,0.0540215247
144,0.975,0.025,0.2855993321,908,0.7790567352,0.05399912345
144,0.975,0.025,0.2855993321,910,0.7789702833,0.05402796501
144,0.975,0.025,0.2855993321,912,0.7789527943,0.05403808886
144,0.975,0.025,0.2855993321,914,0.7788767626,0.05405197721
144,0.975,0.025,0.2855993321,916,0.7788104254,0.05403678871
144,0.975,0.025,0.2855993321,918,0.7788064257,0.05403721315
144,0.975,0.025,0.2855993321,920,0.7788202817,0.05400702827
144,0.975,0.025,0.2855993321,922,0.7788379253,0.05394851353
144,0.975,0.025,0.2855993321,924,0.7788039012,0.05392997573
144,0.975,0.025,0.2855993321,926,0.7787202683,0.05395545037
144,0.975,0.025,0.2855993321,928,0.7786189252,0.05397578899
144,0.975,0.025,0.2855993321,930,0.7786045296,0.05394829851
144,0.975,0.025,0.2855993321,932,0.7785737578,0.05392799559
144,0.975,0.025,0.2855993321,934,0.7784480256,0.05390100287
144,0.975,0.025,0.2855993321,936,0.7783369067,0.05386382883
144,0.975,0.025,0.2855993321,938,0.778239106,0.05381563513
144,0.975,0.025,0.2855993321,940,0.7781329848,0.05380882302
144,0.975,0.025,0.2855993321,942,0.7780169542,0.05379088336
144,0.975,0.025,0.2855993321,944,0.7779023164,0.05377857314
144,0.975,0.025,0.2855993321,946,0.7777989534,0.0537766225
144,0.975,0.025,0.2855993321,948,0.7776476404,0.0537890004
144,0.975,0.025,0.2855993321,950,0.777570942,0.05381089513
144,0.975,0.025,0.2855993321,952,0.777540475,0.05379857054
144,0.975,0.025,0.2855993321,954,0.7775057173,0.05376358781
144,0.975,0.025,0.2855993321,956,0.7774656234,0.05373029895
144,0.975,0.025,0.2855993321,958,0.7774224194,0.05367634285
144,0.975,0.025,0.2855993321,960,0.7772716782,0.05363819569
144,0.975,0.025,0.2855993321,962,0.7771796145,0.05354726554
144,0.975,0.025,0.2855993321,964,0.7770656608,0.05346157195
144,0.975,0.025,0.2855993321,966,0.7769693294,0.05336156082
144,0.975,0.025,0.2855993321,968,0.7769056739,0.05327441174
144,0.975,0.025,0.2855993321,970,0.7768239025,0.05321499712
144,0.975,0.025,0.2855993321,972,0.776719105,0.05312877146
144,0.975,0.025,0.2855993321,974,0.7766102768,0.05306252555
144,0.975,0.025,0.2855993321,976,0.7764800755,0.0530255204
144,0.975,0.025,0.2855993321,978,0.7763769398,0.05301615606
144,0.975,0.025,0.2855993321,980,0.7763082935,0.05308112356
144,0.975,0.025,0.2855993321,982,0.7762731331,0.05311575967
144,0.975,0.025,0.2855993321,984,0.7762839164,0.0531246008
144,0.975,0.025,0.2855993321,986,0.776234234,0.053157605
144,0.975,0.025,0.2855993321,988,0.7762063545,0.05319550225
144,0.975,0.025,0.2855993321,990,0.7761564117,0.05323019633
144,0.975,0.025,0.2855993321,992,0.7761167199,0.05324238084
144,0.975,0.025,0.2855993321,994,0.7760522211,0.05328044223
144,0.975,0.025,0.2855993321,996,0.7759743145,0.05335964178
144,0.975,0.025,0.2855993321,998,0.7759119372,0.05340532717
144,0.975,0.025,0.2855993321,1000,0.7759006035,0.05339636166
144,0.975,0.025,0.2855993321,1002,0.7758803692,0.05340306088
144,0.975,0.025,0.2855993321,1004,0.7758250822,0.05347437901
144,0.975,0.025,0.2855993321,1006,0.7757450455,0.05356284313
144,0.975,0.025,0.2855993321,1008,0.7756996383,0.05360619563
144,0.975,0.025,0.2855993321,1010,0.7755937198,0.05365697483
144,0.975,0.025,0.2855993321,1012,0.7756069737,0.05364896577
144,0.975,0.025,0.2855993321,1014,0.775503892,0.05368637818
144,0.975,0.025,0.2855993321,1016,0.7753819072,0.05368039302
144,0.975,0.025,0.2855993321,1018,0.7752252214,0.05369571664
144,0.975,0.025,0.2855993321,1020,0.7751303221,0.05368899621
144,0.975,0.025,0.2855993321,1022,0.7750083673,0.05369740678
144,0.975,0.025,0.2855993321,1024,0.7749349877,0.05366790562
144,0.975,0.025,0.2855993321,1026,0.7749312024,0.05354226675
144,0.975,0.025,0.2855993321,1028,0.7749544082,0.05339884682
144,0.975,0.025,0.2855993321,1030,0.7749729401,0.05328371202
144,0.975,0.025,0.2855993321,1032,0.7750213782,0.05315392843
144,0.975,0.025,0.2855993321,1034,0.7750851856,0.05300388155
144,0.975,0.025,0.2855993321,1036,0.7751166617,0.05288610493
144,0.975,0.025,0.2855993321,1038,0.7751548058,0.05275070268
144,0.975,0.025,0.2855993321,1040,0.7752062256,0.05263980117
144,0.975,0.025,0.2855993321,1042,0.7752638029,0.05256282064
144,0.975,0.025,0.2855993321,1044,0.775339016,0.05247269908
144,0.975,0.025,0.2855993321,1046,0.7754460274,0.05238525195
144,0.975,0.025,0.2855993321,1048,0.7755533644,0.05229075189
144,0.975,0.025,0.2855993321,1050,0.775658997,0.05218027213
144,0.975,0.025,0.2855993321,1052,0.775796025,0.0520657812
144,0.975,0.025,0.2855993321,1054,0.7758974445,0.05196140959
144,0.975,0.025,0.2855993321,1056,0.7759601513,0.05184392545
144,0.975,0.025,0.2855993321,1058,0.7760827672,0.05173585434
144,0.975,0.025,0.2855993321,1060,0.7761593122,0.05163887205
144,0.975,0.025,0.2855993321,1062,0.776210486,0.05154145065
144,0.975,0.025,0.2855993321,1064,0.7762697721,0.05145214628
144,0.975,0.025,0.2855993321,1066,0.7763332232,0.05133288975
144,0.975,0.025,0.2855993321,1068,0.7763425559,0.05121886751
144,0.975,0.025,0.2855993321,1070,0.7763456675,0.05110764224
144,0.975,0.025,0.2855993321,1072,0.7763640858,0.05101277314
144,0.975,0.025,0.2855993321,1074,0.7763460276,0.05094194914
144,0.975,0.025,0.2855993321,1076,0.7763090973,0.05094854473
144,0.975,0.025,0.2855993321,1078,0.7763815152,0.0509033404
144,0.975,0.025,0.2855993321,1080,0.7763835062,0.05085796845
144,0.975,0.025,0.2855993321,1082,0.7763588478,0.05083678374
144,0.975,0.025,0.2855993321,1084,0.7762470154,0.05085798307
144,0.975,0.025,0.2855993321,1086,0.7760839782,0.05092126982
144,0.975,0.025,0.2855993321,1088,0.7759338236,0.05094410379
144,0.975,0.025,0.2855993321,1090,0.7758182139,0.05093743182
144,0.975,0.025,0.2855993321,1092,0.775723936,0.05089218097
144,0.975,0.025,0.2855993321,1094,0.7756964895,0.05076893836
144,0.975,0.025,0.2855993321,1096,0.7756135983,0.05068923546
144,0.975,0.025,0.2855993321,1098,0.7754987164,0.05063184543
144,0.975,0.025,0.2855993321,1100,0.7753972957,0.0505633263
144,0.975,0.025,0.2855993321,1102,0.7753303355,0.05046566401
144,0.975,0.025,0.2855993321,1104,0.7752838854,0.05038429623
144,0.975,0.025,0.2855993321,1106,0.7752508615,0.05028910467
144,0.975,0.025,0.2855993321,1108,0.7752501755,0.05018077771
144,0.975,0.025,0.2855993321,1110,0.7752258934,0.05011655141
144,0.975,0.025,0.2855993321,1112,0.7752490575,0.04999376311
144,0.975,0.025,0.2855993321,1114,0.7753530568,0.04982340289
144,0.975,0.025,0.2855993321,1116,0.775432116,0.04965679185
144,0.975,0.025,0.2855993321,1118,0.7754766242,0.0494929947
144,0.975,0.025,0.2855993321,1120,0.7755311891,0.04931594284
144,0.975,0.025,0.2855993321,1122,0.7756156011,0.04913253647
144,0.975,0.025,0.2855993321,1124,0.7757007451,0.04895227663
144,0.975,0.025,0.2855993321,1126,0.7757874268,0.04870412885
144,0.975,0.025,0.2855993321,1128,0.7758154579,0.04842635432
144,0.975,0.025,0.2855993321,1130,0.775805813,0.0481363996
144,0.975,0.025,0.2855993321,1132,0.775807798,0.04788026902
144,0.975,0.025,0.2855993321,1134,0.775772329,0.04767108427
144,0.975,0.025,0.2855993321,1136,0.7757800674,0.04748075508
144,0.975,0.025,0.2855993321,1138,0.7758006792,0.04729888097
144,0.975,0.025,0.2855993321,1140,0.7757979456,0.04707250126
144,0.975,0.025,0.2855993321,1142,0.7757840203,0.04683885113
144,0.975,0.025,0.2855993321,1144,0.7757252053,0.04664992829
144,0.975,0.025,0.2855993321,1146,0.7756218721,0.04650864922
144,0.975,0.025,0.2855993321,1148,0.7755269816,0.0463739053
144,0.975,0.025,0.2855993321,1150,0.7754911726,0.0462190072
144,0.975,0.025,0.2855993321,1152,0.7754715791,0.04607757373
144,0.975,0.025,0.2855993321,1154,0.7754301528,0.04593506703
144,0.975,0.025,0.2855993321,1156,0.7753318298,0.04582617729
144,0.975,0.025,0.2855993321,1158,0.7752194753,0.0457695067
144,0.975,0.025,0.2855993321,1160,0.7751481839,0.0457026804
144,0.975,0.025,0.2855993321,1162,0.7750707479,0.04562877196
144,0.975,0.025,0.2855993321,1164,0.775072138,0.04551649241
144,0.975,0.025,0.2855993321,1166,0.7751232779,0.04539749058
144,0.975,0.025,0.2855993321,1168,0.7751874998,0.04522653704
144,0.975,0.025,0.2855993321,1170,0.7751935767,0.04509122701
144,0.975,0.025,0.2855993321,1172,0.7752599611,0.0449372414
144,0.975,0.025,0.2855993321,1174,0.7752810217,0.0447812562
144,0.975,0.025,0.2855993321,1176,0.7752498679,0.04471247952
144,0.975,0.025,0.2855993321,1178,0.7752953394,0.04464963992
144,0.975,0.025,0.2855993321,1180,0.7752549628,0.04458984248
144,0.975,0.025,0.2855993321,1182,0.7752495395,0.04452871751
144,0.975,0.025,0.2855993321,1184,0.7752087597,0.04444522922
144,0.975,0.025,0.2855993321,1186,0.7751872491,0.04433509905
144,0.975,0.025,0.2855993321,1188,0.7751721476,0.04417558453
144,0.975,0.025,0.2855993321,1190,0.7751519415,0.04404989533
144,0.975,0.025,0.2855993321,1192,0.7751398847,0.04389331949
144,0.975,0.025,0.2855993321,1194,0.7751296312,0.04366188462
144,0.975,0.025,0.2855993321,1196,0.7751248043,0.04336847206
144,0.975,0.025,0.2855993321,1198,0.7750713515,0.04312209107
144,0.975,0.025,0.2855993321,1200,0.7750306728,0.04285471088
144,0.975,0.025,0.2855993321,1202,0.7749911551,0.04262223884
144,0.975,0.025,0.2855993321,1204,0.7749031345,0.04241600744
144,0.975,0.025,0.2855993321,1206,0.7748566897,0.04219596032
144,0.975,0.025,0.2855993321,1208,0.7747850581,0.04197470356
144,0.975,0.025,0.2855993321,1210,0.7747335538,0.04176970728
144,0.975,0.025,0.2855993321,1212,0.7746488828,0.04159252919
144,0.975,0.025,0.2855993321,1214,0.7745618582,0.04140690124
144,0.975,0.025,0.2855993321,1216,0.7744431105,0.04123487797
144,0.975,0.025,0.2855993321,1218,0.7743789055,0.04097169227
144,0.975,0.025,0.2855993321,1220,0.7742846203,0.04073502077
144,0.975,0.025,0.2855993321,1222,0.7741613345,0.04047395747
144,0.975,0.025,0.2855993321,1224,0.773953207,0.04025380956
144,0.975,0.025,0.2855993321,1226,0.7736882978,0.04007858938
144,0.975,0.025,0.2855993321,1228,0.7735645463,0.03981479156
144,0.975,0.025,0.2855993321,1230,0.7734903708,0.03951588876
144,0.975,0.025,0.2855993321,1232,0.7733540658,0.03923482043
144,0.975,0.025,0.2855993321,1234,0.7732421961,0.03894066207
144,0.975,0.025,0.2855993321,1236,0.7731352629,0.03868122075
144,0.975,0.025,0.2855993321,1238,0.7729972698,0.03843627261
144,0.975,0.025,0.2855993321,1240,0.7728177171,0.03821966761
144,0.975,0.025,0.2855993321,1242,0.772594125,0.03803843903
144,0.975,0.025,0.2855993321,1244,0.7723285421,0.03788784162
144,0.975,0.025,0.2855993321,1246,0.7721131341,0.03769706797
144,0.975,0.025,0.2855993321,1248,0.7719311357,0.03747019558
144,0.95,0.05,0.2855993321,0,1,0
144,0.95,0.05,0.2855993321,2,0.9990044025,0.0002759242309
144,0.95,0.05,0.2855993321,4,0.9980270939,0.000529631799
144,0.95,0.05,0.2855993321,6,0.9971658257,0.0007700694855
144,0.95,0.05,0.2855993321,8,0.9963689554,0.001005061407
144,0.95,0.05,0.2855993321,10,0.9956044396,0.001231906041
144,0.95,0.05,0.2855993321,12,0.9948767643,0.001452639811
144,0.95,0.05,0.2855993321,14,0.9941300708,0.001685698268
144,0.95,0.05,0.2855993321,16,0.9934082269,0.001912571562
144,0.95,0.05,0.2855993321,18,0.9926863466,0.002130023844
144,0.95,0.05,0.2855993321,20,0.9919605053,0.002350685872
144,0.95,0.05,0.2855993321,22,0.991264787,0.002557464023
144,0.95,0.05,0.2855993321,24,0.9905979266,0.002771744661
144,0.95,0.05,0.2855993321,26,0.9899182906,0.002996904122
144,0.95,0.05,0.2855993321,28,0.9892419465,0.0032252139
144,0.95,0.05,0.2855993321,30,0.9885893277,0.003449193904
144,0.95,0.05,0.2855993321,32,0.987954862,0.003660411375
144,0.95,0.05,0.2855993321,34,0.9873088814,0.003877645481
144,0.95,0.05,0.2855993321,36,0.9866852135,0.004089712223
144,0.95,0.05,0.2855993321,38,0.9860255546,0.004312026534
144,0.95,0.05,0.2855993321,40,0.9853684255,0.004532710103
144,0.95,0.05,0.2855993321,42,0.9847195515,0.004727066238
144,0.95,0.05,0.2855993321,44,0.9840893414,0.004910785969
144,0.95,0.05,0.2855993321,46,0.9834738376,0.005091064513
144,0.95,0.05,0.2855993321,48,0.982865857,0.005255143404
144,0.95,0.05,0.2855993321,50,0.9822315435,0.005421492566
144,0.95,0.05,0.2855993321,52,0.9815962997,0.005597113175
144,0.95,0.05,0.2855993321,54,0.9809669645,0.005758636442
144,0.95,0.05,0.2855993321,56,0.9803623221,0.005912411811
144,0.95,0.05,0.2855993321,58,0.9797491109,0.006074737736
144,0.95,0.05,0.2855993321,60,0.9791429921,0.006229943933
144,0.95,0.05,0.2855993321,62,0.9785381315,0.006389241791
144,0.95,0.05,0.2855993321,64,0.9779682999,0.006536468848
144,0.95,0.05,0.2855993321,66,0.9773964818,0.006663069895
144,0.95,0.05,0.2855993321,68,0.9768014398,0.00680269677
144,0.95,0.05,0.2855993321,70,0.976225565,0.00694427043
144,0.95,0.05,0.2855993321,72,0.9756740555,0.007082070351
144,0.95,0.05,0.2855993321,74,0.9751228293,0.00722418789
144,0.95,0.05,0.2855993321,76,0.9745842808,0.007366154951
144,0.95,0.05,0.2855993321,78,0.9740518005,0.00750456181
144,0.95,0.05,0.2855993321,80,0.9735386917,0.007641169501
144,0.95,0.05,0.2855993321,82,0.9730110927,0.007786165655
144,0.95,0.05,0.2855993321,84,0.9724898617,0.007911481521
144,0.95,0.05,0.2855993321,86,0.9719720243,0.008043936702
144,0.95,0.05,0.2855993321,88,0.9714527437,0.008173726512
144,0.95,0.05,0.2855993321,90,0.9709376027,0.008298970155
144,0.95,0.05,0.2855993321,92,0.9704136491,0.008425190567
144,0.95,0.05,0.2855993321,94,0.9698958605,0.008564183492
144,0.95,0.05,0.2855993321,96,0.9693854573,0.008717759258
144,0.95,0.05,0.2855993321,98,0.9688858395,0.008870704219
144,0.95,0.05,0.2855993321,100,0.9683871386,0.009023439273
144,0.95,0.05,0.2855993321,102,0.9679231007,0.009164519262
144,0.95,0.05,0.2855993321,104,0.9674596331,0.009302068489
144,0.95,0.05,0.2855993321,106,0.9670018872,0.00943132306
144,0.95,0.05,0.2855993321,108,0.9665272987,0.009557499323
144,0.95,0.05,0.2855993321,110,0.9660362158,0.009704287531
144,0.95,0.05,0.2855993321,112,0.9655565729,0.009845886138
144,0.95,0.05,0.2855993321,114,0.9650766833,0.009981002678
144,0.95,0.05,0.2855993321,116,0.9646165024,0.01011284725
144,0.95,0.05,0.2855993321,118,0.9641400334,0.01025521887
144,0.95,0.05,0.2855993321,120,0.9636768208,0.01039277487
144,0.95,0.05,0.2855993321,122,0.9632344146,0.01052074304
144,0.95,0.05,0.2855993321,124,0.9627959779,0.01062315672
144,0.95,0.05,0.2855993321,126,0.9623482562,0.01073169075
144,0.95,0.05,0.2855993321,128,0.9619131534,0.01083674019
144,0.95,0.05,0.2855993321,130,0.9614777874,0.01093967597
144,0.95,0.05,0.2855993321,132,0.9610597576,0.0110372769
144,0.95,0.05,0.2855993321,134,0.9606384284,0.01114758624
144,0.95,0.05,0.2855993321,136,0.9602047702,0.01127080504
144,0.95,0.05,0.2855993321,138,0.9597639926,0.01140085496
144,0.95,0.05,0.2855993321,140,0.9593240368,0.01153290342
144,0.95,0.05,0.2855993321,142,0.9588726094,0.01165911715
144,0.95,0.05,0.2855993321,144,0.9584393768,0.0117752417
144,0.95,0.05,0.2855993321,146,0.9579557453,0.01190313757
144,0.95,0.05,0.2855993321,148,0.9574871369,0.01202112172
144,0.95,0.05,0.2855993321,150,0.9570046043,0.01213922398
144,0.95,0.05,0.2855993321,152,0.9565114844,0.01225458285
144,0.95,0.05,0.2855993321,154,0.9560513537,0.01237129189
144,0.95,0.05,0.2855993321,156,0.9555916077,0.0124862046
144,0.95,0.05,0.2855993321,158,0.9551248594,0.01259419522
144,0.95,0.05,0.2855993321,160,0.9546681081,0.01269641649
144,0.95,0.05,0.2855993321,162,0.9541957291,0.01280635125
144,0.95,0.05,0.2855993321,164,0.9537137009,0.01292704328
144,0.95,0.05,0.2855993321,166,0.9532409655,0.01304646864
144,0.95,0.05,0.2855993321,168,0.952764964,0.01316599355
144,0.95,0.05,0.2855993321,170,0.9522856622,0.01327984174
144,0.95,0.05,0.2855993321,172,0.9517905052,0.01339731222
144,0.95,0.05,0.2855993321,174,0.9512903405,0.01351470313
144,0.95,0.05,0.2855993321,176,0.9507906235,0.01364979235
144,0.95,0.05,0.2855993321,178,0.9502962217,0.01379856635
144,0.95,0.05,0.2855993321,180,0.9498157127,0.01392816997
144,0.95,0.05,0.2855993321,182,0.9493494686,0.01405228827
144,0.95,0.05,0.2855993321,184,0.9488933742,0.01417095294
144,0.95,0.05,0.2855993321,186,0.9484218262,0.01429144224
144,0.95,0.05,0.2855993321,188,0.9479709874,0.01440870162
144,0.95,0.05,0.2855993321,190,0.9475373719,0.01451220314
144,0.95,0.05,0.2855993321,192,0.9471285476,0.01461093914
144,0.95,0.05,0.2855993321,194,0.9467045654,0.01470979096
144,0.95,0.05,0.2855993321,196,0.946262944,0.01481826509
144,0.95,0.05,0.2855993321,198,0.9458241738,0.01493289261
144,0.95,0.05,0.2855993321,200,0.9453720024,0.01503115253
144,0.95,0.05,0.2855993321,202,0.9449060797,0.01513702094
144,0.95,0.05,0.2855993321,204,0.9444382465,0.01523162005
144,0.95,0.05,0.2855993321,206,0.943989588,0.0153169792
144,0.95,0.05,0.2855993321,208,0.9435306636,0.01541684866
144,0.95,0.05,0.2855993321,210,0.9430634608,0.01552159644
144,0.95,0.05,0.2855993321,212,0.9426179334,0.01561140203
144,0.95,0.05,0.2855993321,214,0.9421728508,0.01571920859
144,0.95,0.05,0.2855993321,216,0.9417385762,0.01581252844
144,0.95,0.05,0.2855993321,218,0.9413154074,0.01590331629
144,0.95,0.05,0.2855993321,220,0.9409124983,0.01599117284
144,0.95,0.05,0.2855993321,222,0.9405207767,0.01608569477
144,0.95,0.05,0.2855993321,224,0.9400945636,0.01619424933
144,0.95,0.05,0.2855993321,226,0.9396530028,0.01630531134
144,0.95,0.05,0.2855993321,228,0.9392073712,0.01640631233
144,0.95,0.05,0.2855993321,230,0.9387177016,0.01651369409
144,0.95,0.05,0.2855993321,232,0.938191174,0.016615709
144,0.95,0.05,0.2855993321,234,0.9376963786,0.01669250134
144,0.95,0.05,0.2855993321,236,0.9371964153,0.01676109312
144,0.95,0.05,0.2855993321,238,0.9367092572,0.01681795052
144,0.95,0.05,0.2855993321,240,0.936216766,0.01689394875
144,0.95,0.05,0.2855993321,242,0.9357624269,0.01696173097
144,0.95,0.05,0.2855993321,244,0.9352873283,0.01703621386
144,0.95,0.05,0.2855993321,246,0.9348074019,0.017110027
144,0.95,0.05,0.2855993321,248,0.9343574949,0.01715961612
144,0.95,0.05,0.2855993321,250,0.9339180258,0.01721383757
144,0.95,0.05,0.2855993321,252,0.9334629868,0.01726500348
144,0.95,0.05,0.2855993321,254,0.9329951096,0.01731627878
144,0.95,0.05,0.2855993321,256,0.9325104542,0.01738074449
144,0.95,0.05,0.2855993321,258,0.93201529,0.01744668052
144,0.95,0.05,0.2855993321,260,0.931522721,0.01750285584
144,0.95,0.05,0.2855993321,262,0.9310140265,0.01757257054
144,0.95,0.05,0.2855993321,264,0.9305226952,0.01764336069
144,0.95,0.05,0.2855993321,266,0.9300425749,0.01769355269
144,0.95,0.05,0.2855993321,268,0.9295322842,0.01775922005
144,0.95,0.05,0.2855993321,270,0.9290327616,0.01781134769
144,0.95,0.05,0.2855993321,272,0.9285333268,0.0178771717
144,0.95,0.05,0.2855993321,274,0.9280560844,0.01793095155
144,0.95,0.05,0.2855993321,276,0.9275492327,0.01799183236
144,0.95,0.05,0.2855993321,278,0.9270634486,0.01804059906
144,0.95,0.05,0.2855993321,280,0.9265705271,0.01809282797
144,0.95,0.05,0.2855993321,282,0.9260947439,0.01814249588
144,0.95,0.05,0.2855993321,284,0.9256068101,0.01820128457
144,0.95,0.05,0.2855993321,286,0.9251228514,0.01825852602
144,0.95,0.05,0.2855993321,288,0.9246300283,0.01831263576
144,0.95,0.05,0.2855993321,290,0.9241103641,0.0183649095
144,0.95,0.05,0.2855993321,292,0.9235937255,0.01841592028
144,0.95,0.05,0.2855993321,294,0.9230444681,0.01849028456
144,0.95,0.05,0.2855993321,296,0.9225102707,0.01853445248
144,0.95,0.05,0.2855993321,298,0.9219812627,0.01857354882
144,0.95,0.05,0.2855993321,300,0.9214666567,0.01862026239
144,0.95,0.05,0.2855993321,302,0.9209696206,0.01866234579
144,0.95,0.05,0.2855993321,304,0.9204891161,0.01869972197
144,0.95,0.05,0.2855993321,306,0.9200046296,0.01873728902
144,0.95,0.05,0.2855993321,308,0.9195221848,0.01877296078
144,0.95,0.05,0.2855993321,310,0.9190349024,0.01880850927
144,0.95,0.05,0.2855993321,312,0.9185221294,0.01885783511
144,0.95,0.05,0.2855993321,314,0.9180203635,0.01890850583
144,0.95,0.05,0.2855993321,316,0.917522599,0.01897445425
144,0.95,0.05,0.2855993321,318,0.9170172347,0.01904289699
144,0.95,0.05,0.2855993321,320,0.9165077892,0.01911943181
144,0.95,0.05,0.2855993321,322,0.9160164841,0.01917894994
144,0.95,0.05,0.2855993321,324,0.9155346193,0.01923482219
144,0.95,0.05,0.2855993321,326,0.9150404521,0.01930386286
144,0.95,0.05,0.2855993321,328,0.9145485499,0.01936721394
144,0.95,0.05,0.2855993321,330,0.9140640812,0.01942103124
144,0.95,0.05,0.2855993321,332,0.913596009,0.01946214635
144,0.95,0.05,0.2855993321,334,0.913131348,0.01949540623
144,0.95,0.05,0.2855993321,336,0.912681781,0.01953531411
144,0.95,0.05,0.2855993321,338,0.9122165848,0.01958750431
144,0.95,0.05,0.2855993321,340,0.9117381719,0.01963428812
144,0.95,0.05,0.2855993321,342,0.9112786191,0.01967755798
144,0.95,0.05,0.2855993321,344,0.9108077069,0.01972932379
144,0.95,0.05,0.2855993321,346,0.9103106366,0.01978863982
144,0.95,0.05,0.2855993321,348,0.9098085105,0.01984305181
144,0.95,0.05,0.2855993321,350,0.9092876717,0.01991271103
144,0.95,0.05,0.2855993321,352,0.9087987227,0.01998285637
144,0.95,0.05,0.2855993321,354,0.9082908105,0.0200523861
144,0.95,0.05,0.2855993321,356,0.9077929852,0.02011220094
144,0.95,0.05,0.2855993321,358,0.9073131381,0.02017408477
144,0.95,0.05,0.2855993321,360,0.9068330584,0.02024597872
144,0.95,0.05,0.2855993321,362,0.9063303895,0.0203352675
144,0.95,0.05,0.2855993321,364,0.9057585783,0.02042895808
144,0.95,0.05,0.2855993321,366,0.905225682,0.0204963096
144,0.95,0.05,0.2855993321,368,0.9047309162,0.02056152585
144,0.95,0.05,0.2855993321,370,0.9042470469,0.02062924608
144,0.95,0.05,0.2855993321,372,0.9037151051,0.02070949158
144,0.95,0.05,0.2855993321,374,0.9031858817,0.02079446821
144,0.95,0.05,0.2855993321,376,0.9026499087,0.0208786156
144,0.95,0.05,0.2855993321,378,0.9021285377,0.0209553763
144,0.95,0.05,0.2855993321,380,0.9015929486,0.02102670448
144,0.95,0.05,0.2855993321,382,0.9010434493,0.02111462677
144,0.95,0.05,0.2855993321,384,0.9005043751,0.02119102145
144,0.95,0.05,0.2855993321,386,0.8999390858,0.02128406756
144,0.95,0.05,0.2855993321,388,0.8993753716,0.02136601335
144,0.95,0.05,0.2855993321,390,0.8988338559,0.02144080835
144,0.95,0.05,0.2855993321,392,0.8983380366,0.02150718269
144,0.95,0.05,0.2855993321,394,0.8978257275,0.02158440109
144,0.95,0.05,0.2855993321,396,0.8973139695,0.02167767999
144,0.95,0.05,0.2855993321,398,0.8967931337,0.02176672147
144,0.95,0.05,0.2855993321,400,0.8962799067,0.02185083252
144,0.95,0.05,0.2855993321,402,0.8957730646,0.02193247497
144,0.95,0.05,0.2855993321,404,0.8952764115,0.02200861778
144,0.95,0.05,0.2855993321,406,0.8947788111,0.02208152497
144,0.95,0.05,0.2855993321,408,0.8942448113,0.02215601443
144,0.95,0.05,0.2855993321,410,0.8936826529,0.02223410918
144,0.95,0.05,0.2855993321,412,0.8931268642,0.02231026292
144,0.95,0.05,0.2855993321,414,0.8925836259,0.02238246685
144,0.95,0.05,0.2855993321,416,0.8920375447,0.02246715392
144,0.95,0.05,0.2855993321,418,0.8914836454,0.02256157843
144,0.95,0.05,0.2855993321,420,0.890937066,0.02265548221
144,0.95,0.05,0.2855993321,422,0.8903650265,0.02276194234
144,0.95,0.05,0.2855993321,424,0.8897887898,0.02287444035
144,0.95,0.05,0.2855993321,426,0.8892174207,0.02297024969
144,0.95,0.05,0.2855993321,428,0.8886318148,0.02306871287
144,0.95,0.05,0.2855993321,430,0.8880648162,0.02315921666
144,0.95,0.05,0.2855993321,432,0.8874954392,0.02323868144
144,0.95,0.05,0.2855993321,434,0.8869491892,0.02331618811
144,0.95,0.05,0.2855993321,436,0.8863634999,0.02340160068
144,0.95,0.05,0.2855993321,438,0.8857706753,0.02347993784
144,0.95,0.05,0.2855993321,440,0.885165895,0.02356738058
144,0.95,0.05,0.2855993321,442,0.8845778749,0.02364944897
144,0.95,0.05,0.2855993321,444,0.8839748162,0.02372626934
144,0.95,0.05,0.2855993321,446,0.8833775682,0.02381137792
144,0.95,0.05,0.2855993321,448,0.8827592585,0.02390281895
144,0.95,0.05,0.2855993321,450,0.8821522823,0.02398317719
144,0.95,0.05,0.2855993321,452,0.881569406,0.02405814656
144,0.95,0.05,0.2855993321,454,0.8809898431,0.02412433766
144,0.95,0.05,0.2855993321,456,0.8803961488,0.02419879029
144,0.95,0.05,0.2855993321,458,0.879773682,0.02427969313
144,0.95,0.05,0.2855993321,460,0.8791527993,0.02436393225
144,0.95,0.05,0.2855993321,462,0.878524903,0.02444404853
144,0.95,0.05,0.2855993321,464,0.8778841896,0.02452015737
144,0.95,0.05,0.2855993321,466,0.8772538343,0.02459597648
144,0.95,0.05,0.2855993321,468,0.8766343854,0.02466979622
144,0.95,0.05,0.2855993321,470,0.8760175708,0.02474205291
144,0.95,0.05,0.2855993321,472,0.8754154696,0.0248208183
144,0.95,0.05,0.2855993321,474,0.8748081608,0.0249052835
144,0.95,0.05,0.2855993321,476,0.8741897117,0.02499446028
144,0.95,0.05,0.2855993321,478,0.8735982411,0.02507115504
144,0.95,0.05,0.2855993321,480,0.8729618548,0.02516157752
144,0.95,0.05,0.2855993321,482,0.8723389792,0.0252465108
144,0.95,0.05,0.2855993321,484,0.8717262805,0.02532680491
144,0.95,0.05,0.2855993321,486,0.8711537292,0.02539022515
144,0.95,0.05,0.2855993321,488,0.8705583269,0.02544854757
144,0.95,0.05,0.2855993321,490,0.8699313802,0.02551131583
144,0.95,0.05,0.2855993321,492,0.8692902445,0.02557189456
144,0.95,0.05,0.2855993321,494,0.8686977874,0.02562221031
144,0.95,0.05,0.2855993321,496,0.8680729813,0.02567793055
144,0.95,0.05,0.2855993321,498,0.8674593985,0.02572721803
144,0.95,0.05,0.2855993321,500,0.8668598387,0.02577203822
144,0.95,0.05,0.2855993321,502,0.8662738186,0.02581037613
144,0.95,0.05,0.2855993321,504,0.8657059704,0.02584619143
144,0.95,0.05,0.2855993321,506,0.865147967,0.02587582176
144,0.95,0.05,0.2855993321,508,0.8645957107,0.02591768289
144,0.95,0.05,0.2855993321,510,0.864032356,0.02597524499
144,0.95,0.05,0.2855993321,512,0.8634662564,0.02605420841
144,0.95,0.05,0.2855993321,514,0.8628719733,0.02614548524
144,0.95,0.05,0.2855993321,516,0.8622868564,0.02623559932
144,0.95,0.05,0.2855993321,518,0.8617287272,0.02631560693
144,0.95,0.05,0.2855993321,520,0.861164382,0.02638772686
144,0.95,0.05,0.2855993321,522,0.8605721429,0.02646073584
144,0.95,0.05,0.2855993321,524,0.8599941555,0.02653061237
144,0.95,0.05,0.2855993321,526,0.8594235577,0.02660877019
144,0.95,0.05,0.2855993321,528,0.8588153793,0.02669499862
144,0.95,0.05,0.2855993321,530,0.8582340354,0.02678554536
144,0.95,0.05,0.2855993321,532,0.8576608204,0.02686496613
144,0.95,0.05,0.2855993321,534,0.8571069237,0.02693968006
144,0.95,0.05,0.2855993321,536,0.856553072,0.02700433072
144,0.95,0.05,0.2855993321,538,0.8559871595,0.02705576785
144,0.95,0.05,0.2855993321,540,0.8554229773,0.02709977929
144,0.95,0.05,0.2855993321,542,0.8548408423,0.02714566779
144,0.95,0.05,0.2855993321,544,0.8542674284,0.02719229423
144,0.95,0.05,0.2855993321,546,0.8536820467,0.02724771673
144,0.95,0.05,0.2855993321,548,0.8530914896,0.02731367381
144,0.95,0.05,0.2855993321,550,0.8525561,0.02735834704
144,0.95,0.05,0.2855993321,552,0.8520558867,0.02738369072
144,0.95,0.05,0.2855993321,554,0.8515442103,0.02741545431
144,0.95,0.05,0.2855993321,556,0.8509985099,0.0274565673
144,0.95,0.05,0.2855993321,558,0.8504471145,0.02749700147
144,0.95,0.05,0.2855993321,560,0.8498559038,0.02755049633
144,0.95,0.05,0.2855993321,562,0.8492600009,0.02759989501
144,0.95,0.05,0.2855993321,564,0.8486623112,0.02766477901
144,0.95,0.05,0.2855993321,566,0.8480375203,0.02774195951
144,0.95,0.05,0.2855993321,568,0.8473740014,0.02782626459
144,0.95,0.05,0.2855993321,570,0.8466941565,0.02791675966
144,0.95,0.05,0.2855993321,572,0.8460237499,0.02801162081
144,0.95,0.05,0.2855993321,574,0.8453573527,0.0280929258
144,0.95,0.05,0.2855993321,576,0.8447103047,0.02817451332
144,0.95,0.05,0.2855993321,578,0.8440893917,0.02823752562
144,0.95,0.05,0.2855993321,580,0.8434719827,0.02830627815
144,0.95,0.05,0.2855993321,582,0.8428339074,0.02837350935
144,0.95,0.05,0.2855993321,584,0.8422006416,0.02844164227
144,0.95,0.05,0.2855993321,586,0.8415713279,0.0285102387
144,0.95,0.05,0.2855993321,588,0.8409768417,0.02857245377
144,0.95,0.05,0.2855993321,590,0.840421531,0.02863533897
144,0.95,0.05,0.2855993321,592,0.839874684,0.02869285383
144,0.95,0.05,0.2855993321,594,0.8393307241,0.02873861865
144,0.95,0.05,0.2855993321,596,0.8388022401,0.02879377404
144,0.95,0.05,0.2855993321,598,0.8382754371,0.02885814315
144,0.95,0.05,0.2855993321,600,0.8377762937,0.02890589677
144,0.95,0.05,0.2855993321,602,0.8372909504,0.02894945163
144,0.95,0.05,0.2855993321,604,0.8367696884,0.02901127659
144,0.95,0.05,0.2855993321,606,0.8362473198,0.02906897713
144,0.95,0.05,0.2855993321,608,0.8356958476,0.02913690571
144,0.95,0.05,0.2855993321,610,0.835146277,0.02919760027
144,0.95,0.05,0.2855993321,612,0.8345894584,0.02926210121
144,0.95,0.05,0.2855993321,614,0.8340218773,0.02931690327
144,0.95,0.05,0.2855993321,616,0.8334260913,0.02938494312
144,0.95,0.05,0.2855993321,618,0.8328575002,0.02946286787
144,0.95,0.05,0.2855993321,620,0.8323117679,0.02954334782
144,0.95,0.05,0.2855993321,622,0.8317819264,0.02960265078
144,0.95,0.05,0.2855993321,624,0.8312859605,0.02966066579
144,0.95,0.05,0.2855993321,626,0.8308169849,0.02970915968
144,0.95,0.05,0.2855993321,628,0.8303641961,0.02975760534
144,0.95,0.05,0.2855993321,630,0.8299055786,0.02980764107
144,0.95,0.05,0.2855993321,632,0.8294234712,0.02986860813
144,0.95,0.05,0.2855993321,634,0.8289294114,0.02992992711
144,0.95,0.05,0.2855993321,636,0.828438634,0.02999778781
144,0.95,0.05,0.2855993321,638,0.8279462807,0.03006059387
144,0.95,0.05,0.2855993321,640,0.8274739226,0.03011706722
144,0.95,0.05,0.2855993321,642,0.8269769629,0.03017754625
144,0.95,0.05,0.2855993321,644,0.8264786028,0.03024190778
144,0.95,0.05,0.2855993321,646,0.8259970347,0.03029431689
144,0.95,0.05,0.2855993321,648,0.8255213837,0.03035067279
144,0.95,0.05,0.2855993321,650,0.8250456278,0.030409485
144,0.95,0.05,0.2855993321,652,0.8245720005,0.03046843576
144,0.95,0.05,0.2855993321,654,0.8241232303,0.03051344654
144,0.95,0.05,0.2855993321,656,0.8236667696,0.03055309276
144,0.95,0.05,0.2855993321,658,0.8232247836,0.03057851469
144,0.95,0.05,0.2855993321,660,0.8227767159,0.03060169262
144,0.95,0.05,0.2855993321,662,0.8223025889,0.03063162267
144,0.95,0.05,0.2855993321,664,0.8217965071,0.0306694116
144,0.95,0.05,0.2855993321,666,0.8213008326,0.03070304309
144,0.95,0.05,0.2855993321,668,0.8207922583,0.03073887347
144,0.95,0.05,0.2855993321,670,0.8202658428,0.03077385773
144,0.95,0.05,0.2855993321,672,0.8197239271,0.03081739682
144,0.95,0.05,0.2855993321,674,0.8191843675,0.03085494122
144,0.95,0.05,0.2855993321,676,0.818643983,0.03088644006
144,0.95,0.05,0.2855993321,678,0.8180824994,0.03091256573
144,0.95,0.05,0.2855993321,680,0.8175191782,0.03094112953
144,0.95,0.05,0.2855993321,682,0.8169831515,0.03096281006
144,0.95,0.05,0.2855993321,684,0.8164537804,0.03098726616
144,0.95,0.05,0.2855993321,686,0.8159175524,0.03101996935
144,0.95,0.05,0.2855993321,688,0.8153711566,0.03104908971
144,0.95,0.05,0.2855993321,690,0.8148200931,0.03106821477
144,0.95,0.05,0.2855993321,692,0.8142717709,0.03108202554
144,0.95,0.05,0.2855993321,694,0.8137481404,0.03109182959
144,0.95,0.05,0.2855993321,696,0.8132544555,0.03108957564
144,0.95,0.05,0.2855993321,698,0.8127574994,0.03109024071
144,0.95,0.05,0.2855993321,700,0.8122820098,0.0310860255
144,0.95,0.05,0.2855993321,702,0.8117685188,0.03111100667
144,0.95,0.05,0.2855993321,704,0.8112481833,0.03114139194
144,0.95,0.05,0.2855993321,706,0.8107617381,0.0311602543
144,0.95,0.05,0.2855993321,708,0.8103216547,0.03115848397
144,0.95,0.05,0.2855993321,710,0.8098839884,0.03115787038
144,0.95,0.05,0.2855993321,712,0.8094402952,0.03115980478
144,0.95,0.05,0.2855993321,714,0.8089955886,0.03117172145
144,0.95,0.05,0.2855993321,716,0.8085403786,0.03117714538
144,0.95,0.05,0.2855993321,718,0.8080333773,0.03119657481
144,0.95,0.05,0.2855993321,720,0.8075048287,0.03121382789
144,0.95,0.05,0.2855993321,722,0.8070262286,0.03122039954
144,0.95,0.05,0.2855993321,724,0.8065588952,0.03123332607
144,0.95,0.05,0.2855993321,726,0.8061118084,0.03121820436
144,0.95,0.05,0.2855993321,728,0.805700876,0.03119628039
144,0.95,0.05,0.2855993321,730,0.8052825928,0.0311713004
144,0.95,0.05,0.2855993321,732,0.8048756912,0.03115093165
144,0.95,0.05,0.2855993321,734,0.8044910672,0.03112756893
144,0.95,0.05,0.2855993321,736,0.8040668846,0.03109874238
144,0.95,0.05,0.2855993321,738,0.8036238132,0.03106114817
144,0.95,0.05,0.2855993321,740,0.8032067334,0.03101666675
144,0.95,0.05,0.2855993321,742,0.8028300945,0.03097573749
144,0.95,0.05,0.2855993321,744,0.8024741284,0.0309341294
144,0.95,0.05,0.2855993321,746,0.8021183385,0.03089339882
144,0.95,0.05,0.2855993321,748,0.8017612558,0.03085004347
144,0.95,0.05,0.2855993321,750,0.8013914169,0.03081315056
144,0.95,0.05,0.2855993321,752,0.8010101176,0.03077737279
144,0.95,0.05,0.2855993321,754,0.8006263138,0.03074343956
144,0.95,0.05,0.2855993321,756,0.8002386313,0.03070818549
144,0.95,0.05,0.2855993321,758,0.7998477825,0.03068291457
144,0.95,0.05,0.2855993321,760,0.799455491,0.03065507278
144,0.95,0.05,0.2855993321,762,0.7990735523,0.03061176802
144,0.95,0.05,0.2855993321,764,0.7987084165,0.03056555849
144,0.95,0.05,0.2855993321,766,0.798340569,0.03051914177
144,0.95,0.05,0.2855993321,768,0.7979832798,0.03046530432
144,0.95,0.05,0.2855993321,770,0.7976417895,0.03041622455
144,0.95,0.05,0.2855993321,772,0.7972805527,0.03037936389
144,0.95,0.05,0.2855993321,774,0.7969279951,0.03034569116
144,0.95,0.05,0.2855993321,776,0.7965474889,0.03031439935
144,0.95,0.05,0.2855993321,778,0.7961609415,0.0302845193
144,0.95,0.05,0.2855993321,780,0.7957939401,0.0302665502
144,0.95,0.05,0.2855993321,782,0.7954439822,0.03023723357
144,0.95,0.05,0.2855993321,784,0.7950858176,0.03020571349
144,0.95,0.05,0.2855993321,786,0.7947213206,0.03018366473
144,0.95,0.05,0.2855993321,788,0.7943142825,0.03017349714
144,0.95,0.05,0.2855993321,790,0.7938820693,0.03017842554
144,0.95,0.05,0.2855993321,792,0.7934364889,0.03018803843
144,0.95,0.05,0.2855993321,794,0.7929941084,0.0302020872
144,0.95,0.05,0.2855993321,796,0.7925729674,0.03021151817
144,0.95,0.05,0.2855993321,798,0.7922039544,0.03020811787
144,0.95,0.05,0.2855993321,800,0.7918291613,0.03020152893
144,0.95,0.05,0.2855993321,802,0.7914791823,0.03019344312
144,0.95,0.05,0.2855993321,804,0.7911188618,0.03019677998
144,0.95,0.05,0.2855993321,806,0.7907774941,0.03019430675
144,0.95,0.05,0.2855993321,808,0.7904336022,0.03018799246
144,0.95,0.05,0.2855993321,810,0.7900829776,0.0301840928
144,0.95,0.05,0.2855993321,812,0.7896726993,0.03019208894
144,0.95,0.05,0.2855993321,814,0.7892490701,0.0302005521
144,0.95,0.05,0.2855993321,816,0.7888483841,0.0302105237
144,0.95,0.05,0.2855993321,818,0.7884915583,0.03020661839
144,0.95,0.05,0.2855993321,820,0.7881076857,0.03020210713
144,0.95,0.05,0.2855993321,822,0.7877330361,0.03020075445
144,0.95,0.05,0.2855993321,824,0.787308321,0.03019792373
144,0.95,0.05,0.2855993321,826,0.7868318248,0.03020951486
144,0.95,0.05,0.2855993321,828,0.7863920014,0.03022999691
144,0.95,0.05,0.2855993321,830,0.7859535308,0.03024705635
144,0.95,0.05,0.2855993321,832,0.7854927318,0.03025714862
144,0.95,0.05,0.2855993321,834,0.7850770653,0.03025672341
144,0.95,0.05,0.2855993321,836,0.7846479355,0.03026662046
144,0.95,0.05,0.2855993321,838,0.7842169939,0.03028632306
144,0.95,0.05,0.2855993321,840,0.7838010653,0.03029720357
144,0.95,0.05,0.2855993321,842,0.783381801,0.03031134774
144,0.95,0.05,0.2855993321,844,0.7829964348,0.0303345322
144,0.95,0.05,0.2855993321,846,0.7825962807,0.03034383318
144,0.95,0.05,0.2855993321,848,0.7821835763,0.0303490112
144,0.95,0.05,0.2855993321,850,0.7817826885,0.03034784981
144,0.95,0.05,0.2855993321,852,0.7813877156,0.03034526783
144,0.95,0.05,0.2855993321,854,0.7809899671,0.03033574718
144,0.95,0.05,0.2855993321,856,0.7806027981,0.03033163878
144,0.95,0.05,0.2855993321,858,0.7801787596,0.03033589856
144,0.95,0.05,0.2855993321,860,0.7797611684,0.0303415426
144,0.95,0.05,0.2855993321,862,0.7793465955,0.03034238609
144,0.95,0.05,0.2855993321,864,0.7789178144,0.03035646202
144,0.95,0.05,0.2855993321,866,0.77851996,0.03036641968
144,0.95,0.05,0.2855993321,868,0.7781352469,0.03037161356
144,0.95,0.05,0.2855993321,870,0.7777308808,0.03038976724
144,0.95,0.05,0.2855993321,872,0.7773152357,0.03040583692
144,0.95,0.05,0.2855993321,874,0.7768910377,0.03042310523
144,0.95,0.05,0.2855993321,876,0.7764739904,0.03043399058
144,0.95,0.05,0.2855993321,878,0.7760759592,0.03042204309
144,0.95,0.05,0.2855993321,880,0.7756839886,0.03040781363
144,0.95,0.05,0.2855993321,882,0.7752574442,0.03041516246
144,0.95,0.05,0.2855993321,884,0.7747910801,0.0304187837
144,0.95,0.05,0.2855993321,886,0.774337061,0.03041533477
144,0.95,0.05,0.2855993321,888,0.7738620239,0.03040273978
144,0.95,0.05,0.2855993321,890,0.7734003506,0.03038501565
144,0.95,0.05,0.2855993321,892,0.772964555,0.0303687685
144,0.95,0.05,0.2855993321,894,0.7725782344,0.03034293452
144,0.95,0.05,0.2855993321,896,0.7721889169,0.0303065951
144,0.95,0.05,0.2855993321,898,0.7718173977,0.03027334505
144,0.95,0.05,0.2855993321,900,0.7714294782,0.03024582107
144,0.95,0.05,0.2855993321,902,0.7710054534,0.03023151493
144,0.95,0.05,0.2855993321,904,0.7705734792,0.03021065022
144,0.95,0.05,0.2855993321,906,0.7701616663,0.03018526421
144,0.95,0.05,0.2855993321,908,0.7697548545,0.03014393925
144,0.95,0.05,0.2855993321,910,0.7693428353,0.03010177994
144,0.95,0.05,0.2855993321,912,0.7689646936,0.03005843265
144,0.95,0.05,0.2855993321,914,0.7686042842,0.03001366139
144,0.95,0.05,0.2855993321,916,0.7682492879,0.02996482707
144,0.95,0.05,0.2855993321,918,0.7678525108,0.02992441475
144,0.95,0.05,0.2855993321,920,0.7674563093,0.02988342515
144,0.95,0.05,0.2855993321,922,0.76704837,0.02984690398
144,0.95,0.05,0.2855993321,924,0.7666197174,0.02982628522
144,0.95,0.05,0.2855993321,926,0.7661876896,0.0298062034
144,0.95,0.05,0.2855993321,928,0.7657442746,0.02979432135
144,0.95,0.05,0.2855993321,930,0.765304608,0.02977066833
144,0.95,0.05,0.2855993321,932,0.7648748509,0.0297476908
144,0.95,0.05,0.2855993321,934,0.7644593483,0.02972361461
144,0.95,0.05,0.2855993321,936,0.7640382725,0.02969298262
144,0.95,0.05,0.2855993321,938,0.7636105648,0.02966455086
144,0.95,0.05,0.2855993321,940,0.7631811431,0.02964022051
144,0.95,0.05,0.2855993321,942,0.762779145,0.0296037725
144,0.95,0.05,0.2855993321,944,0.7623502822,0.0295857421
144,0.95,0.05,0.2855993321,946,0.7619078675,0.02957109668
144,0.95,0.05,0.2855993321,948,0.7614414241,0.02956822015
144,0.95,0.05,0.2855993321,950,0.760957943,0.02956449004
144,0.95,0.05,0.2855993321,952,0.7604691848,0.02955370978
144,0.95,0.05,0.2855993321,954,0.7599953326,0.02954208379
144,0.95,0.05,0.2855993321,956,0.7595285502,0.0295324781
144,0.95,0.05,0.2855993321,958,0.759064502,0.02952903275
144,0.95,0.05,0.2855993321,960,0.758596804,0.029535663
144,0.95,0.05,0.2855993321,962,0.7581495362,0.02953654827
144,0.95,0.05,0.2855993321,964,0.7576877172,0.0295273897
144,0.95,0.05,0.2855993321,966,0.7572747529,0.02950758225
144,0.95,0.05,0.2855993321,968,0.7568881276,0.02949869873
144,0.95,0.05,0.2855993321,970,0.7564946335,0.02949124367
144,0.95,0.05,0.2855993321,972,0.7561035643,0.02947170364
144,0.95,0.05,0.2855993321,974,0.7556806696,0.02945529153
144,0.95,0.05,0.2855993321,976,0.7552408781,0.02944938928
144,0.95,0.05,0.2855993321,978,0.7547691624,0.02944733174
144,0.95,0.05,0.2855993321,980,0.7543371503,0.02943901713
144,0.95,0.05,0.2855993321,982,0.7539213548,0.02940695176
144,0.95,0.05,0.2855993321,984,0.753498182,0.02938328832
144,0.95,0.05,0.2855993321,986,0.7530527389,0.02935096075
144,0.95,0.05,0.2855993321,988,0.7526347477,0.0293099552
144,0.95,0.05,0.2855993321,990,0.7522354673,0.02925758685
144,0.95,0.05,0.2855993321,992,0.751862095,0.02920588416
144,0.95,0.05,0.2855993321,994,0.7514875865,0.02916512688
144,0.95,0.05,0.2855993321,996,0.7511333303,0.02913548018
144,0.95,0.05,0.2855993321,998,0.7508041469,0.02910428404
144,0.95,0.05,0.2855993321,1000,0.7504831636,0.02906037498
144,0.95,0.05,0.2855993321,1002,0.7501753206,0.02902644875
144,0.95,0.05,0.2855993321,1004,0.7498693222,0.0289898884
144,0.95,0.05,0.2855993321,1006,0.7495862562,0.02894514063
144,0.95,0.05,0.2855993321,1008,0.7492568062,0.02890796414
144,0.95,0.05,0.2855993321,1010,0.7488797377,0.0288840687
144,0.95,0.05,0.2855993321,1012,0.7485288493,0.02884033199
144,0.95,0.05,0.2855993321,1014,0.7481869774,0.02879664463
144,0.95,0.05,0.2855993321,1016,0.7478384533,0.02874719206
144,0.95,0.05,0.2855993321,1018,0.7474582561,0.02869357135
144,0.95,0.05,0.2855993321,1020,0.7470972766,0.02864500064
144,0.95,0.05,0.2855993321,1022,0.7467588572,0.0285869285
144,0.95,0.05,0.2855993321,1024,0.7464596474,0.02850320214
144,0.95,0.05,0.2855993321,1026,0.7461547239,0.02841432366
144,0.95,0.05,0.2855993321,1028,0.7458339748,0.02832570351
144,0.95,0.05,0.2855993321,1030,0.7455493173,0.0282377994
144,0.95,0.05,0.2855993321,1032,0.7452768735,0.02815301151
144,0.95,0.05,0.2855993321,1034,0.7450033926,0.02806046224
144,0.95,0.05,0.2855993321,1036,0.7447533046,0.02796166259
144,0.95,0.05,0.2855993321,1038,0.7445280984,0.02786074108
144,0.95,0.05,0.2855993321,1040,0.7442966497,0.02776076899
144,0.95,0.05,0.2855993321,1042,0.7440273564,0.02766141379
144,0.95,0.05,0.2855993321,1044,0.7437380485,0.02755671116
144,0.95,0.05,0.2855993321,1046,0.7434403979,0.02745368281
144,0.95,0.05,0.2855993321,1048,0.7431644284,0.02734449615
144,0.95,0.05,0.2855993321,1050,0.7429141245,0.02722218513
144,0.95,0.05,0.2855993321,1052,0.742648372,0.02711290653
144,0.95,0.05,0.2855993321,1054,0.7423586462,0.02701174112
144,0.95,0.05,0.2855993321,1056,0.7420734995,0.02691440366
144,0.95,0.05,0.2855993321,1058,0.7417973369,0.02681423534
144,0.95,0.05,0.2855993321,1060,0.7415417507,0.02670567258
144,0.95,0.05,0.2855993321,1062,0.7412864947,0.0266020664
144,0.95,0.05,0.2855993321,1064,0.741005539,0.02650226577
144,0.95,0.05,0.2855993321,1066,0.7407401823,0.02641813344
144,0.95,0.05,0.2855993321,1068,0.7404509547,0.02632424573
144,0.95,0.05,0.2855993321,1070,0.740175818,0.02623421134
144,0.95,0.05,0.2855993321,1072,0.7399403297,0.02614118613
144,0.95,0.05,0.2855993321,1074,0.7396954537,0.02605345422
144,0.95,0.05,0.2855993321,1076,0.739432508,0.02595816851
144,0.95,0.05,0.2855993321,1078,0.7391505425,0.02587893983
144,0.95,0.05,0.2855993321,1080,0.7388536448,0.02580893661
144,0.95,0.05,0.2855993321,1082,0.7385414968,0.02574302759
144,0.95,0.05,0.2855993321,1084,0.7382312819,0.02567545093
144,0.95,0.05,0.2855993321,1086,0.7379398355,0.02560454181
144,0.95,0.05,0.2855993321,1088,0.7376470271,0.02552637939
144,0.95,0.05,0.2855993321,1090,0.7373417315,0.02545596951
144,0.95,0.05,0.2855993321,1092,0.7370206872,0.0253879665
144,0.95,0.05,0.2855993321,1094,0.7366960358,0.02530581176
144,0.95,0.05,0.2855993321,1096,0.7363541598,0.02522820868
144,0.95,0.05,0.2855993321,1098,0.7360137773,0.0251635796
144,0.95,0.05,0.2855993321,1100,0.735685085,0.02508651696
144,0.95,0.05,0.2855993321,1102,0.7353513665,0.02499886572
144,0.95,0.05,0.2855993321,1104,0.7350185733,0.02490183495
144,0.95,0.05,0.2855993321,1106,0.7346831412,0.02480272231
144,0.95,0.05,0.2855993321,1108,0.7343487841,0.02469611301
144,0.95,0.05,0.2855993321,1110,0.7340463661,0.02459171453
144,0.95,0.05,0.2855993321,1112,0.7337465448,0.02448527467
144,0.95,0.05,0.2855993321,1114,0.7334719998,0.02438481747
144,0.95,0.05,0.2855993321,1116,0.7332302295,0.02428757668
144,0.95,0.05,0.2855993321,1118,0.7329759709,0.02417700815
144,0.95,0.05,0.2855993321,1120,0.7326990305,0.02406073832
144,0.95,0.05,0.2855993321,1122,0.7324115701,0.0239414989
144,0.95,0.05,0.2855993321,1124,0.7321298315,0.02382929854
144,0.95,0.05,0.2855993321,1126,0.7318992648,0.02370589025
144,0.95,0.05,0.2855993321,1128,0.7316423083,0.0235773813
144,0.95,0.05,0.2855993321,1130,0.7313813628,0.02344816166
144,0.95,0.05,0.2855993321,1132,0.7311159843,0.0233137259
144,0.95,0.05,0.2855993321,1134,0.7308154417,0.02318579109
144,0.95,0.05,0.2855993321,1136,0.7305610752,0.02306409245
144,0.95,0.05,0.2855993321,1138,0.7302790538,0.02294657404
144,0.95,0.05,0.2855993321,1140,0.7299876458,0.02282791134
144,0.95,0.05,0.2855993321,1142,0.729695601,0.02271046072
144,0.95,0.05,0.2855993321,1144,0.7293900774,0.02258116896
144,0.95,0.05,0.2855993321,1146,0.729043329,0.02245854922
144,0.95,0.05,0.2855993321,1148,0.728737596,0.02234973141
144,0.95,0.05,0.2855993321,1150,0.7283961832,0.0222402046
144,0.95,0.05,0.2855993321,1152,0.7280499425,0.02212670458
144,0.95,0.05,0.2855993321,1154,0.7277040891,0.02203055817
144,0.95,0.05,0.2855993321,1156,0.7273597058,0.02193930211
144,0.95,0.05,0.2855993321,1158,0.7270035225,0.02184412721
144,0.95,0.05,0.2855993321,1160,0.726683001,0.02173167301
144,0.95,0.05,0.2855993321,1162,0.7263636142,0.0216222853
144,0.95,0.05,0.2855993321,1164,0.7260496025,0.02150985116
144,0.95,0.05,0.2855993321,1166,0.7257350856,0.02141256547
144,0.95,0.05,0.2855993321,1168,0.7254624779,0.02132155713
144,0.95,0.05,0.2855993321,1170,0.7251858273,0.02121696647
144,0.95,0.05,0.2855993321,1172,0.7249026536,0.02110962415
144,0.95,0.05,0.2855993321,1174,0.7246486802,0.02101449858
144,0.95,0.05,0.2855993321,1176,0.7243968752,0.02091635475
144,0.95,0.05,0.2855993321,1178,0.7241201068,0.02080582515
144,0.95,0.05,0.2855993321,1180,0.7238460866,0.02070110401
144,0.95,0.05,0.2855993321,1182,0.7235844623,0.02060510772
144,0.95,0.05,0.2855993321,1184,0.7233058318,0.02050804321
144,0.95,0.05,0.2855993321,1186,0.7230435401,0.02039743078
144,0.95,0.05,0.2855993321,1188,0.7228284429,0.02028858729
144,0.95,0.05,0.2855993321,1190,0.7226384404,0.02018094285
144,0.95,0.05,0.2855993321,1192,0.7223977972,0.02007779968
144,0.95,0.05,0.2855993321,1194,0.7221464067,0.01997671947
144,0.95,0.05,0.2855993321,1196,0.7219234391,0.01986878314
144,0.95,0.05,0.2855993321,1198,0.7217112693,0.01976443373
144,0.95,0.05,0.2855993321,1200,0.7214905169,0.01965561172
144,0.95,0.05,0.2855993321,1202,0.7213035743,0.01953882755
144,0.95,0.05,0.2855993321,1204,0.7210866394,0.01943500077
144,0.95,0.05,0.2855993321,1206,0.7208299227,0.01934706594
144,0.95,0.05,0.2855993321,1208,0.7205907882,0.01927633277
144,0.95,0.05,0.2855993321,1210,0.7203064698,0.01919824959
144,0.95,0.05,0.2855993321,1212,0.7200829449,0.01910113099
144,0.95,0.05,0.2855993321,1214,0.7198498317,0.01899929933
144,0.95,0.05,0.2855993321,1216,0.7196399586,0.01889913434
144,0.95,0.05,0.2855993321,1218,0.7194029546,0.01880932153
144,0.95,0.05,0.2855993321,1220,0.7191634445,0.01871998405
144,0.95,0.05,0.2855993321,1222,0.7189654739,0.01862904351
144,0.95,0.05,0.2855993321,1224,0.7187757765,0.01854865178
144,0.95,0.05,0.2855993321,1226,0.7185483576,0.01846068459
144,0.95,0.05,0.2855993321,1228,0.7182872826,0.01837027298
144,0.95,0.05,0.2855993321,1230,0.7180592247,0.01829383252
144,0.95,0.05,0.2855993321,1232,0.7178264851,0.01821843421
144,0.95,0.05,0.2855993321,1234,0.717632548,0.01811899665
144,0.95,0.05,0.2855993321,1236,0.7174445916,0.01803376259
144,0.95,0.05,0.2855993321,1238,0.7172552525,0.01795292318
144,0.95,0.05,0.2855993321,1240,0.7170434242,0.01786064665
144,0.95,0.05,0.2855993321,1242,0.7168285597,0.01777292763
144,0.95,0.05,0.2855993321,1244,0.7165828768,0.01767941899
144,0.95,0.05,0.2855993321,1246,0.7163392423,0.0175811172
144,0.95,0.05,0.2855993321,1248,0.7161042542,0.01748820297
144,0.9,0.1,0.2855993321,0,1,0
144,0.9,0.1,0.2855993321,2,0.9994202233,0.0001791574333
144,0.9,0.1,0.2855993321,4,0.9988213926,0.0003739028147
144,0.9,0.1,0.2855993321,6,0.9982810583,0.0005403786297
144,0.9,0.1,0.2855993321,8,0.9977757028,0.0006881550078
144,0.9,0.1,0.2855993321,10,0.9973108756,0.0008167576872
144,0.9,0.1,0.2855993321,12,0.9968589711,0.0009414181176
144,0.9,0.1,0.2855993321,14,0.9964119927,0.001063432335
144,0.9,0.1,0.2855993321,16,0.9959721645,0.001181923459
144,0.9,0.1,0.2855993321,18,0.9955528145,0.001285857229
144,0.9,0.1,0.2855993321,20,0.995135272,0.001388432209
144,0.9,0.1,0.2855993321,22,0.994718914,0.001489029201
144,0.9,0.1,0.2855993321,24,0.9943144544,0.001582978348
144,0.9,0.1,0.2855993321,26,0.9938909725,0.001695118625
144,0.9,0.1,0.2855993321,28,0.9934836676,0.001801943547
144,0.9,0.1,0.2855993321,30,0.9931005122,0.001908477164
144,0.9,0.1,0.2855993321,32,0.992717968,0.002011459323
144,0.9,0.1,0.2855993321,34,0.9923521091,0.002105611933
144,0.9,0.1,0.2855993321,36,0.9919740283,0.002211795515
144,0.9,0.1,0.2855993321,38,0.9916142446,0.002300023483
144,0.9,0.1,0.2855993321,40,0.9912544742,0.00238629133
144,0.9,0.1,0.2855993321,42,0.9908850865,0.002479931306
144,0.9,0.1,0.2855993321,44,0.9905042821,0.002578747041
144,0.9,0.1,0.2855993321,46,0.9901185565,0.002672530731
144,0.9,0.1,0.2855993321,48,0.9897296721,0.00275935251
144,0.9,0.1,0.2855993321,50,0.9893254048,0.002844427749
144,0.9,0.1,0.2855993321,52,0.9889334326,0.002918877394
144,0.9,0.1,0.2855993321,54,0.9885484238,0.002991118531
144,0.9,0.1,0.2855993321,56,0.9881629905,0.003078318897
144,0.9,0.1,0.2855993321,58,0.9877670571,0.003176618089
144,0.9,0.1,0.2855993321,60,0.9873709396,0.00327185233
144,0.9,0.1,0.2855993321,62,0.9869777798,0.003358797028
144,0.9,0.1,0.2855993321,64,0.986598853,0.003452126199
144,0.9,0.1,0.2855993321,66,0.9862061303,0.003553113276
144,0.9,0.1,0.2855993321,68,0.9858038087,0.003657399396
144,0.9,0.1,0.2855993321,70,0.9854136393,0.003758474132
144,0.9,0.1,0.2855993321,72,0.9850049456,0.003878951989
144,0.9,0.1,0.2855993321,74,0.9845761825,0.004005568447
144,0.9,0.1,0.2855993321,76,0.9841537603,0.004130545969
144,0.9,0.1,0.2855993321,78,0.9837394117,0.0042499827
144,0.9,0.1,0.2855993321,80,0.9833103823,0.004380521095
144,0.9,0.1,0.2855993321,82,0.9828861716,0.004512752162
144,0.9,0.1,0.2855993321,84,0.9824732411,0.004637179938
144,0.9,0.1,0.2855993321,86,0.9820880769,0.004748406588
144,0.9,0.1,0.2855993321,88,0.9817295878,0.004849041478
144,0.9,0.1,0.2855993321,90,0.981377386,0.004934074419
144,0.9,0.1,0.2855993321,92,0.9810278993,0.005006087889
144,0.9,0.1,0.2855993321,94,0.9806747063,0.005087974708
144,0.9,0.1,0.2855993321,96,0.98032674,0.005171426683
144,0.9,0.1,0.2855993321,98,0.9799680529,0.005258868408
144,0.9,0.1,0.2855993321,100,0.9796150231,0.005360500919
144,0.9,0.1,0.2855993321,102,0.9792789159,0.00545355443
144,0.9,0.1,0.2855993321,104,0.9789389638,0.005559306872
144,0.9,0.1,0.2855993321,106,0.9786067411,0.005658802538
144,0.9,0.1,0.2855993321,108,0.9782729755,0.005745991776
144,0.9,0.1,0.2855993321,110,0.977946987,0.005831054426
144,0.9,0.1,0.2855993321,112,0.9776196745,0.005914625451
144,0.9,0.1,0.2855993321,114,0.9772880964,0.006001255351
144,0.9,0.1,0.2855993321,116,0.9769528342,0.006093170204
144,0.9,0.1,0.2855993321,118,0.9766238443,0.00617593269
144,0.9,0.1,0.2855993321,120,0.976310325,0.006248697583
144,0.9,0.1,0.2855993321,122,0.9759964763,0.006328096381
144,0.9,0.1,0.2855993321,124,0.9756732127,0.006406558262
144,0.9,0.1,0.2855993321,126,0.975358378,0.006473881556
144,0.9,0.1,0.2855993321,128,0.9750382772,0.006546114345
144,0.9,0.1,0.2855993321,130,0.9747266343,0.006606043738
144,0.9,0.1,0.2855993321,132,0.9744292144,0.006652365746
144,0.9,0.1,0.2855993321,134,0.9741182867,0.006704220247
144,0.9,0.1,0.2855993321,136,0.9738101915,0.006759496652
144,0.9,0.1,0.2855993321,138,0.973500351,0.00680883886
144,0.9,0.1,0.2855993321,140,0.9731919737,0.006851400485
144,0.9,0.1,0.2855993321,142,0.9728722484,0.00690344892
144,0.9,0.1,0.2855993321,144,0.9725544003,0.006963469043
144,0.9,0.1,0.2855993321,146,0.9722387615,0.007008214975
144,0.9,0.1,0.2855993321,148,0.9719210361,0.007052032276
144,0.9,0.1,0.2855993321,150,0.9716110357,0.007093031517
144,0.9,0.1,0.2855993321,152,0.9712978459,0.007127231902
144,0.9,0.1,0.2855993321,154,0.9709640065,0.007167714917
144,0.9,0.1,0.2855993321,156,0.9706325065,0.007205986294
144,0.9,0.1,0.2855993321,158,0.9703284426,0.007217289685
144,0.9,0.1,0.2855993321,160,0.9700334082,0.007234172587
144,0.9,0.1,0.2855993321,162,0.9697458393,0.00725272093
144,0.9,0.1,0.2855993321,164,0.9694639974,0.007272589949
144,0.9,0.1,0.2855993321,166,0.9691696203,0.007301844502
144,0.9,0.1,0.2855993321,168,0.9688844571,0.007330233896
144,0.9,0.1,0.2855993321,170,0.9685843636,0.007355377079
144,0.9,0.1,0.2855993321,172,0.968288821,0.007385077778
144,0.9,0.1,0.2855993321,174,0.9680071234,0.007396462873
144,0.9,0.1,0.2855993321,176,0.967713012,0.007407010584
144,0.9,0.1,0.2855993321,178,0.9674301825,0.00741898717
144,0.9,0.1,0.2855993321,180,0.9671612681,0.007426395747
144,0.9,0.1,0.2855993321,182,0.9668860476,0.007436052214
144,0.9,0.1,0.2855993321,184,0.9666266555,0.007433931952
144,0.9,0.1,0.2855993321,186,0.9663713118,0.007431295436
144,0.9,0.1,0.2855993321,188,0.9660977489,0.00742973226
144,0.9,0.1,0.2855993321,190,0.9658198559,0.007422440499
144,0.9,0.1,0.2855993321,192,0.9655367555,0.007408812378
144,0.9,0.1,0.2855993321,194,0.9652575814,0.00739114057
144,0.9,0.1,0.2855993321,196,0.9649707495,0.007383463467
144,0.9,0.1,0.2855993321,198,0.9646701513,0.007377298809
144,0.9,0.1,0.2855993321,200,0.9643846487,0.00737018088
144,0.9,0.1,0.2855993321,202,0.9641164933,0.007358142952
144,0.9,0.1,0.2855993321,204,0.9638468058,0.00735658139
144,0.9,0.1,0.2855993321,206,0.9635585183,0.007367155825
144,0.9,0.1,0.2855993321,208,0.9632909922,0.007372709147
144,0.9,0.1,0.2855993321,210,0.9630357359,0.007376773584
144,0.9,0.1,0.2855993321,212,0.962791337,0.007366534975
144,0.9,0.1,0.2855993321,214,0.9625634916,0.007343376901
144,0.9,0.1,0.2855993321,216,0.9623304665,0.007327048227
144,0.9,0.1,0.2855993321,218,0.9620918739,0.007334108855
144,0.9,0.1,0.2855993321,220,0.9618346369,0.00735175024
144,0.9,0.1,0.2855993321,222,0.9615719256,0.007372005574
144,0.9,0.1,0.2855993321,224,0.9613031122,0.007404066037
144,0.9,0.1,0.2855993321,226,0.9610375243,0.007441407929
144,0.9,0.1,0.2855993321,228,0.96077279,0.007473973112
144,0.9,0.1,0.2855993321,230,0.960506452,0.007504748291
144,0.9,0.1,0.2855993321,232,0.9602386153,0.00753716872
144,0.9,0.1,0.2855993321,234,0.9599724114,0.007565159908
144,0.9,0.1,0.2855993321,236,0.9597062205,0.007602461282
144,0.9,0.1,0.2855993321,238,0.9594486444,0.007631713352
144,0.9,0.1,0.2855993321,240,0.9591937118,0.007661167908
144,0.9,0.1,0.2855993321,242,0.9589518738,0.007682964093
144,0.9,0.1,0.2855993321,244,0.9587054491,0.007710110344
144,0.9,0.1,0.2855993321,246,0.9584471516,0.007743996893
144,0.9,0.1,0.2855993321,248,0.9581786843,0.007780106126
144,0.9,0.1,0.2855993321,250,0.9579103014,0.007812122543
144,0.9,0.1,0.2855993321,252,0.9576423388,0.007844048171
144,0.9,0.1,0.2855993321,254,0.9573773074,0.007868194852
144,0.9,0.1,0.2855993321,256,0.957102996,0.007897525954
144,0.9,0.1,0.2855993321,258,0.95684061,0.007927690024
144,0.9,0.1,0.2855993321,260,0.9565928143,0.007962048058
144,0.9,0.1,0.2855993321,262,0.9563307666,0.007997529755
144,0.9,0.1,0.2855993321,264,0.9560785887,0.008036491859
144,0.9,0.1,0.2855993321,266,0.955836857,0.00806730315
144,0.9,0.1,0.2855993321,268,0.9555988873,0.00810112936
144,0.9,0.1,0.2855993321,270,0.9553388622,0.008139588045
144,0.9,0.1,0.2855993321,272,0.9550709052,0.008180155116
144,0.9,0.1,0.2855993321,274,0.9548017385,0.008226145725
144,0.9,0.1,0.2855993321,276,0.9545400242,0.008267695192
144,0.9,0.1,0.2855993321,278,0.954291813,0.00831856986
144,0.9,0.1,0.2855993321,280,0.9540344515,0.008376267854
144,0.9,0.1,0.2855993321,282,0.9537903093,0.008421972581
144,0.9,0.1,0.2855993321,284,0.9535448733,0.008458587369
144,0.9,0.1,0.2855993321,286,0.953288848,0.008503803154
144,0.9,0.1,0.2855993321,288,0.9530281325,0.00854912949
144,0.9,0.1,0.2855993321,290,0.9527695017,0.008592831307
144,0.9,0.1,0.2855993321,292,0.9525003595,0.008634973964
144,0.9,0.1,0.2855993321,294,0.9522146112,0.008690066192
144,0.9,0.1,0.2855993321,296,0.9519167424,0.008752734746
144,0.9,0.1,0.2855993321,298,0.9516148138,0.008818569173
144,0.9,0.1,0.2855993321,300,0.9513256542,0.00886988734
144,0.9,0.1,0.2855993321,302,0.9510580013,0.008909394886
144,0.9,0.1,0.2855993321,304,0.9507983309,0.008949282733
144,0.9,0.1,0.2855993321,306,0.9505371523,0.008993315037
144,0.9,0.1,0.2855993321,308,0.950259851,0.009048711321
144,0.9,0.1,0.2855993321,310,0.9499906663,0.009108459473
144,0.9,0.1,0.2855993321,312,0.9497419751,0.009155647854
144,0.9,0.1,0.2855993321,314,0.9494999084,0.00919492895
144,0.9,0.1,0.2855993321,316,0.9492521046,0.009233997932
144,0.9,0.1,0.2855993321,318,0.949008625,0.009272828735
144,0.9,0.1,0.2855993321,320,0.9487540926,0.009312987598
144,0.9,0.1,0.2855993321,322,0.9484919041,0.009358307074
144,0.9,0.1,0.2855993321,324,0.9482187647,0.009404320174
144,0.9,0.1,0.2855993321,326,0.9479371574,0.009459905133
144,0.9,0.1,0.2855993321,328,0.9476793373,0.009512147263
144,0.9,0.1,0.2855993321,330,0.9474418742,0.009552856765
144,0.9,0.1,0.2855993321,332,0.947202882,0.009600088902
144,0.9,0.1,0.2855993321,334,0.9469599379,0.009651882451
144,0.9,0.1,0.2855993321,336,0.9467231798,0.009718362186
144,0.9,0.1,0.2855993321,338,0.946482184,0.009782062476
144,0.9,0.1,0.2855993321,340,0.9462152051,0.009855875798
144,0.9,0.1,0.2855993321,342,0.9459510357,0.009938813323
144,0.9,0.1,0.2855993321,344,0.9456865926,0.01000989509
144,0.9,0.1,0.2855993321,346,0.9454243822,0.01007432978
144,0.9,0.1,0.2855993321,348,0.9451541855,0.01012732847
144,0.9,0.1,0.2855993321,350,0.9448797271,0.01019157518
144,0.9,0.1,0.2855993321,352,0.9446312134,0.01024512548
144,0.9,0.1,0.2855993321,354,0.9444022326,0.01029610781
144,0.9,0.1,0.2855993321,356,0.9441885947,0.01035442582
144,0.9,0.1,0.2855993321,358,0.9439756448,0.01041301378
144,0.9,0.1,0.2855993321,360,0.9437721665,0.01046928229
144,0.9,0.1,0.2855993321,362,0.9435869107,0.01051580772
144,0.9,0.1,0.2855993321,364,0.9433986868,0.01055267453
144,0.9,0.1,0.2855993321,366,0.943213377,0.01059504012
144,0.9,0.1,0.2855993321,368,0.9430040663,0.01065163493
144,0.9,0.1,0.2855993321,370,0.9427889368,0.01072784459
144,0.9,0.1,0.2855993321,372,0.9425800095,0.01078871158
144,0.9,0.1,0.2855993321,374,0.942370735,0.01084501497
144,0.9,0.1,0.2855993321,376,0.9421512828,0.01090740138
144,0.9,0.1,0.2855993321,378,0.9419089839,0.01097576495
144,0.9,0.1,0.2855993321,380,0.9416646329,0.01105532202
144,0.9,0.1,0.2855993321,382,0.941412404,0.01114408417
144,0.9,0.1,0.2855993321,384,0.9411560929,0.01122446374
144,0.9,0.1,0.2855993321,386,0.9408969666,0.01130803253
144,0.9,0.1,0.2855993321,388,0.9406286627,0.01139321609
144,0.9,0.1,0.2855993321,390,0.9403585223,0.01149166865
144,0.9,0.1,0.2855993321,392,0.9400731505,0.01159758024
144,0.9,0.1,0.2855993321,394,0.939781303,0.01170683664
144,0.9,0.1,0.2855993321,396,0.9394804298,0.01182656942
144,0.9,0.1,0.2855993321,398,0.9391796282,0.01193893244
144,0.9,0.1,0.2855993321,400,0.9388843634,0.01205289365
144,0.9,0.1,0.2855993321,402,0.9386154556,0.01215682413
144,0.9,0.1,0.2855993321,404,0.9383260607,0.01227001675
144,0.9,0.1,0.2855993321,406,0.9380107039,0.0123978813
144,0.9,0.1,0.2855993321,408,0.9376892575,0.01253328175
144,0.9,0.1,0.2855993321,410,0.9373663788,0.01266934681
144,0.9,0.1,0.2855993321,412,0.9370549542,0.01279644974
144,0.9,0.1,0.2855993321,414,0.9367682132,0.01289699762
144,0.9,0.1,0.2855993321,416,0.9364832313,0.01298023285
144,0.9,0.1,0.2855993321,418,0.9361823091,0.01307111238
144,0.9,0.1,0.2855993321,420,0.935859578,0.01317692464
144,0.9,0.1,0.2855993321,422,0.9355495793,0.01327024007
144,0.9,0.1,0.2855993321,424,0.9352344473,0.01336317327
144,0.9,0.1,0.2855993321,426,0.9349443223,0.01344371926
144,0.9,0.1,0.2855993321,428,0.934644316,0.01352468116
144,0.9,0.1,0.2855993321,430,0.9343302036,0.0136027484
144,0.9,0.1,0.2855993321,432,0.9340255713,0.01368112482
144,0.9,0.1,0.2855993321,434,0.9337156162,0.01375527738
144,0.9,0.1,0.2855993321,436,0.9334019413,0.01383365614
144,0.9,0.1,0.2855993321,438,0.9330893158,0.01392131222
144,0.9,0.1,0.2855993321,440,0.9328141067,0.01398817528
144,0.9,0.1,0.2855993321,442,0.932533496,0.01406092904
144,0.9,0.1,0.2855993321,444,0.9322581069,0.01414037775
144,0.9,0.1,0.2855993321,446,0.9320019886,0.01421166808
144,0.9,0.1,0.2855993321,448,0.9317241413,0.01429339882
144,0.9,0.1,0.2855993321,450,0.9314629667,0.01435789185
144,0.9,0.1,0.2855993321,452,0.9312049346,0.01442262664
144,0.9,0.1,0.2855993321,454,0.9309371009,0.01449948615
144,0.9,0.1,0.2855993321,456,0.9306577991,0.01458468759
144,0.9,0.1,0.2855993321,458,0.9303722061,0.01467543611
144,0.9,0.1,0.2855993321,460,0.930083349,0.01476420561
144,0.9,0.1,0.2855993321,462,0.9298001695,0.01485359313
144,0.9,0.1,0.2855993321,464,0.9295291555,0.01493348865
144,0.9,0.1,0.2855993321,466,0.9292432463,0.01502411265
144,0.9,0.1,0.2855993321,468,0.9289593403,0.01512074303
144,0.9,0.1,0.2855993321,470,0.9286745759,0.01521184439
144,0.9,0.1,0.2855993321,472,0.9283885928,0.0153069882
144,0.9,0.1,0.2855993321,474,0.9281281955,0.01538317585
144,0.9,0.1,0.2855993321,476,0.9278626516,0.01546805014
144,0.9,0.1,0.2855993321,478,0.9275887702,0.0155395384
144,0.9,0.1,0.2855993321,480,0.9273083601,0.01560976402
144,0.9,0.1,0.2855993321,482,0.9270118277,0.01569516309
144,0.9,0.1,0.2855993321,484,0.9267072754,0.01577916848
144,0.9,0.1,0.2855993321,486,0.9263981499,0.01587049001
144,0.9,0.1,0.2855993321,488,0.926096353,0.01596149116
144,0.9,0.1,0.2855993321,490,0.9258090049,0.01605570277
144,0.9,0.1,0.2855993321,492,0.9255185992,0.01615370474
144,0.9,0.1,0.2855993321,494,0.9252358376,0.01624826109
144,0.9,0.1,0.2855993321,496,0.9249581845,0.01633501683
144,0.9,0.1,0.2855993321,498,0.9246802394,0.01641842931
144,0.9,0.1,0.2855993321,500,0.9244131175,0.01649614035
144,0.9,0.1,0.2855993321,502,0.9241365979,0.01658396885
144,0.9,0.1,0.2855993321,504,0.9238655853,0.01666690825
144,0.9,0.1,0.2855993321,506,0.9236043036,0.01674862598
144,0.9,0.1,0.2855993321,508,0.9233493155,0.01683488784
144,0.9,0.1,0.2855993321,510,0.9230946314,0.0169227993
144,0.9,0.1,0.2855993321,512,0.9228502741,0.01701484905
144,0.9,0.1,0.2855993321,514,0.9226007064,0.01711205821
144,0.9,0.1,0.2855993321,516,0.9223339688,0.01721553549
144,0.9,0.1,0.2855993321,518,0.9220616477,0.01733691946
144,0.9,0.1,0.2855993321,520,0.9217783442,0.01746924782
144,0.9,0.1,0.2855993321,522,0.9214957489,0.01759587358
144,0.9,0.1,0.2855993321,524,0.9212054242,0.01772108134
144,0.9,0.1,0.2855993321,526,0.920929124,0.01783596135
144,0.9,0.1,0.2855993321,528,0.9206354419,0.01797033868
144,0.9,0.1,0.2855993321,530,0.9203666676,0.01808432953
144,0.9,0.1,0.2855993321,532,0.9201022581,0.01818624526
144,0.9,0.1,0.2855993321,534,0.9198385581,0.01828775303
144,0.9,0.1,0.2855993321,536,0.9195735647,0.01838386596
144,0.9,0.1,0.2855993321,538,0.9193041226,0.0184930845
144,0.9,0.1,0.2855993321,540,0.9190450429,0.01859952105
144,0.9,0.1,0.2855993321,542,0.9188134386,0.01870018127
144,0.9,0.1,0.2855993321,544,0.9185905936,0.01879811883
144,0.9,0.1,0.2855993321,546,0.918388547,0.01889946702
144,0.9,0.1,0.2855993321,548,0.9181972462,0.0190032784
144,0.9,0.1,0.2855993321,550,0.9180031181,0.01910512469
144,0.9,0.1,0.2855993321,552,0.9178227036,0.01919908254
144,0.9,0.1,0.2855993321,554,0.9176511883,0.0192879602
144,0.9,0.1,0.2855993321,556,0.917478627,0.01937365224
144,0.9,0.1,0.2855993321,558,0.9172848938,0.01946074564
144,0.9,0.1,0.2855993321,560,0.9170967201,0.019546293
144,0.9,0.1,0.2855993321,562,0.9169136729,0.01963692362
144,0.9,0.1,0.2855993321,564,0.916751701,0.01971817754
144,0.9,0.1,0.2855993321,566,0.9166148599,0.0197814844
144,0.9,0.1,0.2855993321,568,0.9164662565,0.0198504492
144,0.9,0.1,0.2855993321,570,0.9163043328,0.01993384389
144,0.9,0.1,0.2855993321,572,0.9161254167,0.02003110581
144,0.9,0.1,0.2855993321,574,0.9159302335,0.02012476142
144,0.9,0.1,0.2855993321,576,0.91574401,0.02020311126
144,0.9,0.1,0.2855993321,578,0.9155693049,0.02026477947
144,0.9,0.1,0.2855993321,580,0.9153792018,0.02033415724
144,0.9,0.1,0.2855993321,582,0.915188684,0.02039474148
144,0.9,0.1,0.2855993321,584,0.9150088659,0.02045600353
144,0.9,0.1,0.2855993321,586,0.9148252184,0.02051601956
144,0.9,0.1,0.2855993321,588,0.914639657,0.0205854452
144,0.9,0.1,0.2855993321,590,0.9144538305,0.02066525461
144,0.9,0.1,0.2855993321,592,0.914232522,0.02076388853
144,0.9,0.1,0.2855993321,594,0.914043783,0.02085507838
144,0.9,0.1,0.2855993321,596,0.9138587881,0.0209451893
144,0.9,0.1,0.2855993321,598,0.9136476303,0.02103988592
144,0.9,0.1,0.2855993321,600,0.9134412744,0.02114268308
144,0.9,0.1,0.2855993321,602,0.9132390266,0.02124640194
144,0.9,0.1,0.2855993321,604,0.9130177615,0.02135719165
144,0.9,0.1,0.2855993321,606,0.9127979792,0.02146173358
144,0.9,0.1,0.2855993321,608,0.9125938804,0.02154460577
144,0.9,0.1,0.2855993321,610,0.9123644184,0.02163861668
144,0.9,0.1,0.2855993321,612,0.9121260176,0.02173138038
144,0.9,0.1,0.2855993321,614,0.9118874107,0.02181485502
144,0.9,0.1,0.2855993321,616,0.9116462069,0.02189150262
144,0.9,0.1,0.2855993321,618,0.9113839498,0.02198389684
144,0.9,0.1,0.2855993321,620,0.9111206579,0.02208154045
144,0.9,0.1,0.2855993321,622,0.910858959,0.02218573652
144,0.9,0.1,0.2855993321,624,0.9105814105,0.02229395861
144,0.9,0.1,0.2855993321,626,0.9102934322,0.02240391308
144,0.9,0.1,0.2855993321,628,0.9100112431,0.02251188654
144,0.9,0.1,0.2855993321,630,0.9097279455,0.02261355219
144,0.9,0.1,0.2855993321,632,0.9094528522,0.02270122028
144,0.9,0.1,0.2855993321,634,0.9091869484,0.02278571684
144,0.9,0.1,0.2855993321,636,0.9089264659,0.02287541543
144,0.9,0.1,0.2855993321,638,0.9086766608,0.02295369886
144,0.9,0.1,0.2855993321,640,0.9084399609,0.02303340486
144,0.9,0.1,0.2855993321,642,0.9082011298,0.02311265023
144,0.9,0.1,0.2855993321,644,0.9079558966,0.0232021693
144,0.9,0.1,0.2855993321,646,0.9077101484,0.02329574666
144,0.9,0.1,0.2855993321,648,0.9074503705,0.02338713783
144,0.9,0.1,0.2855993321,650,0.9071961581,0.0234744234
144,0.9,0.1,0.2855993321,652,0.9069426379,0.02354782304
144,0.9,0.1,0.2855993321,654,0.9066813408,0.02363181021
144,0.9,0.1,0.2855993321,656,0.9064135808,0.02372584283
144,0.9,0.1,0.2855993321,658,0.9061391145,0.02382614262
144,0.9,0.1,0.2855993321,660,0.905847827,0.02395240824
144,0.9,0.1,0.2855993321,662,0.9055669819,0.02407080504
144,0.9,0.1,0.2855993321,664,0.9052755702,0.02418167556
144,0.9,0.1,0.2855993321,666,0.9049861207,0.02429258024
144,0.9,0.1,0.2855993321,668,0.9046963245,0.02439683486
144,0.9,0.1,0.2855993321,670,0.9044115564,0.02450501969
144,0.9,0.1,0.2855993321,672,0.904097266,0.02463111946
144,0.9,0.1,0.2855993321,674,0.9037596076,0.02476477657
144,0.9,0.1,0.2855993321,676,0.9034038378,0.02491096814
144,0.9,0.1,0.2855993321,678,0.9030490427,0.02506820095
144,0.9,0.1,0.2855993321,680,0.9026986947,0.02522767694
144,0.9,0.1,0.2855993321,682,0.9023564727,0.02538321689
144,0.9,0.1,0.2855993321,684,0.902000344,0.02554182102
144,0.9,0.1,0.2855993321,686,0.9016252653,0.02571667669
144,0.9,0.1,0.2855993321,688,0.9012505225,0.02589621452
144,0.9,0.1,0.2855993321,690,0.9008847263,0.0260700556
144,0.9,0.1,0.2855993321,692,0.9005230404,0.02624604002
144,0.9,0.1,0.2855993321,694,0.9001753632,0.02640511611
144,0.9,0.1,0.2855993321,696,0.8998187094,0.02657072639
144,0.9,0.1,0.2855993321,698,0.8994449945,0.0267477537
144,0.9,0.1,0.2855993321,700,0.8990871415,0.02693210564
144,0.9,0.1,0.2855993321,702,0.8987138793,0.02712389793
144,0.9,0.1,0.2855993321,704,0.8983668839,0.027307465
144,0.9,0.1,0.2855993321,706,0.898029906,0.02748383893
144,0.9,0.1,0.2855993321,708,0.897670716,0.02766686729
144,0.9,0.1,0.2855993321,710,0.8973067262,0.02784895758
144,0.9,0.1,0.2855993321,712,0.8969342145,0.02803366703
144,0.9,0.1,0.2855993321,714,0.8965573702,0.02821091197
144,0.9,0.1,0.2855993321,716,0.8961731237,0.02839097098
144,0.9,0.1,0.2855993321,718,0.8957791486,0.02856885656
144,0.9,0.1,0.2855993321,720,0.8953857756,0.0287578206
144,0.9,0.1,0.2855993321,722,0.8949956358,0.02895105341
144,0.9,0.1,0.2855993321,724,0.8946056615,0.02915971878
144,0.9,0.1,0.2855993321,726,0.8942421968,0.02936150233
144,0.9,0.1,0.2855993321,728,0.893890122,0.02953988948
144,0.9,0.1,0.2855993321,730,0.8935368152,0.02971061902
144,0.9,0.1,0.2855993321,732,0.8931786026,0.02989900316
144,0.9,0.1,0.2855993321,734,0.8928012763,0.03010008218
144,0.9,0.1,0.2855993321,736,0.8924294068,0.03030695819
144,0.9,0.1,0.2855993321,738,0.8920434175,0.03053733614
144,0.9,0.1,0.2855993321,740,0.8916485052,0.03077005503
144,0.9,0.1,0.2855993321,742,0.8912618743,0.03098736724
144,0.9,0.1,0.2855993321,744,0.8908672168,0.03120844354
144,0.9,0.1,0.2855993321,746,0.8904838315,0.03142067204
144,0.9,0.1,0.2855993321,748,0.8900981816,0.03164490083
144,0.9,0.1,0.2855993321,750,0.889725884,0.03186517062
144,0.9,0.1,0.2855993321,752,0.8893844309,0.03206792747
144,0.9,0.1,0.2855993321,754,0.8890475724,0.03225858477
144,0.9,0.1,0.2855993321,756,0.8887004596,0.03245749614
144,0.9,0.1,0.2855993321,758,0.8883505257,0.03265491421
144,0.9,0.1,0.2855993321,760,0.8880040504,0.0328456579
144,0.9,0.1,0.2855993321,762,0.8876569457,0.03303059866
144,0.9,0.1,0.2855993321,764,0.8873119904,0.03322769089
144,0.9,0.1,0.2855993321,766,0.8869657505,0.03341486973
144,0.9,0.1,0.2855993321,768,0.8866030842,0.03362557217
144,0.9,0.1,0.2855993321,770,0.8862392209,0.03382264715
144,0.9,0.1,0.2855993321,772,0.8858903966,0.03400546181
144,0.9,0.1,0.2855993321,774,0.8855589188,0.03417675843
144,0.9,0.1,0.2855993321,776,0.8852354334,0.03434582471
144,0.9,0.1,0.2855993321,778,0.8849182112,0.0345060298
144,0.9,0.1,0.2855993321,780,0.8845983055,0.03465512206
144,0.9,0.1,0.2855993321,782,0.8842713167,0.03479802243
144,0.9,0.1,0.2855993321,784,0.8839379635,0.03493330917
144,0.9,0.1,0.2855993321,786,0.8835734378,0.03509870859
144,0.9,0.1,0.2855993321,788,0.8831893517,0.03527171728
144,0.9,0.1,0.2855993321,790,0.8828402186,0.03543182446
144,0.9,0.1,0.2855993321,792,0.8825047697,0.03557040908
144,0.9,0.1,0.2855993321,794,0.8821690844,0.03572021046
144,0.9,0.1,0.2855993321,796,0.8818399138,0.0358655198
144,0.9,0.1,0.2855993321,798,0.8815113959,0.03600850455
144,0.9,0.1,0.2855993321,800,0.8811679261,0.03615640211
144,0.9,0.1,0.2855993321,802,0.8808077471,0.03630650756
144,0.9,0.1,0.2855993321,804,0.8804541689,0.0364588471
144,0.9,0.1,0.2855993321,806,0.8801155153,0.0366118791
144,0.9,0.1,0.2855993321,808,0.8797816204,0.03676661467
144,0.9,0.1,0.2855993321,810,0.8794408586,0.0369317408
144,0.9,0.1,0.2855993321,812,0.8790975375,0.03709274098
144,0.9,0.1,0.2855993321,814,0.8787648764,0.03726116914
144,0.9,0.1,0.2855993321,816,0.8784665592,0.03741938978
144,0.9,0.1,0.2855993321,818,0.878173493,0.03755576975
144,0.9,0.1,0.2855993321,820,0.8778792075,0.03767967112
144,0.9,0.1,0.2855993321,822,0.877553816,0.03781517787
144,0.9,0.1,0.2855993321,824,0.8772199113,0.03795365239
144,0.9,0.1,0.2855993321,826,0.8768797844,0.03810307775
144,0.9,0.1,0.2855993321,828,0.8765531535,0.03825442658
144,0.9,0.1,0.2855993321,830,0.8762425886,0.03838605043
144,0.9,0.1,0.2855993321,832,0.8759344433,0.03851156589
144,0.9,0.1,0.2855993321,834,0.8756036953,0.03864862887
144,0.9,0.1,0.2855993321,836,0.8752875804,0.03879296144
144,0.9,0.1,0.2855993321,838,0.8749734466,0.03892929403
144,0.9,0.1,0.2855993321,840,0.8746288868,0.03907815993
144,0.9,0.1,0.2855993321,842,0.8742851747,0.03923508452
144,0.9,0.1,0.2855993321,844,0.8739378168,0.03937623329
144,0.9,0.1,0.2855993321,846,0.8735781652,0.03952138971
144,0.9,0.1,0.2855993321,848,0.8732391294,0.03966156277
144,0.9,0.1,0.2855993321,850,0.8728963976,0.03979747177
144,0.9,0.1,0.2855993321,852,0.8725565751,0.03993707676
144,0.9,0.1,0.2855993321,854,0.8722263795,0.04008504882
144,0.9,0.1,0.2855993321,856,0.8719212788,0.04021987388
144,0.9,0.1,0.2855993321,858,0.87159825,0.04035597936
144,0.9,0.1,0.2855993321,860,0.8712587241,0.04050403728
144,0.9,0.1,0.2855993321,862,0.8709093045,0.04066388764
144,0.9,0.1,0.2855993321,864,0.8705533541,0.04082449673
144,0.9,0.1,0.2855993321,866,0.8702097599,0.04098358037
144,0.9,0.1,0.2855993321,868,0.8698830464,0.04111817057
144,0.9,0.1,0.2855993321,870,0.869575092,0.04124479003
144,0.9,0.1,0.2855993321,872,0.8692590849,0.04139041669
144,0.9,0.1,0.2855993321,874,0.8689322434,0.0415456614
144,0.9,0.1,0.2855993321,876,0.8685984392,0.04169911451
144,0.9,0.1,0.2855993321,878,0.8682564174,0.04184904747
144,0.9,0.1,0.2855993321,880,0.8679117559,0.0419912025
144,0.9,0.1,0.2855993321,882,0.8675772147,0.04211831655
144,0.9,0.1,0.2855993321,884,0.8672252465,0.04226031773
144,0.9,0.1,0.2855993321,886,0.8668689423,0.04240056447
144,0.9,0.1,0.2855993321,888,0.8665231949,0.04254637172
144,0.9,0.1,0.2855993321,890,0.8662000512,0.04269424641
144,0.9,0.1,0.2855993321,892,0.8658850728,0.04283337169
144,0.9,0.1,0.2855993321,894,0.8655568926,0.04298133537
144,0.9,0.1,0.2855993321,896,0.8652241634,0.04313317625
144,0.9,0.1,0.2855993321,898,0.8648899756,0.04328166304
144,0.9,0.1,0.2855993321,900,0.8645579126,0.04341520585
144,0.9,0.1,0.2855993321,902,0.8642102563,0.04355670723
144,0.9,0.1,0.2855993321,904,0.863855123,0.04370897949
144,0.9,0.1,0.2855993321,906,0.8635064452,0.04386140131
144,0.9,0.1,0.2855993321,908,0.8631446683,0.04402438188
144,0.9,0.1,0.2855993321,910,0.8627651253,0.04419219717
144,0.9,0.1,0.2855993321,912,0.8624008009,0.04434233448
144,0.9,0.1,0.2855993321,914,0.8620622553,0.04448157547
144,0.9,0.1,0.2855993321,916,0.8617400943,0.04460868846
144,0.9,0.1,0.2855993321,918,0.8614088604,0.04474385713
144,0.9,0.1,0.2855993321,920,0.8610922505,0.04487805824
144,0.9,0.1,0.2855993321,922,0.8608142942,0.0450082667
144,0.9,0.1,0.2855993321,924,0.8605362424,0.04513890303
144,0.9,0.1,0.2855993321,926,0.8602481116,0.04528175513
144,0.9,0.1,0.2855993321,928,0.8599605308,0.04543591542
144,0.9,0.1,0.2855993321,930,0.8596845396,0.04558626067
144,0.9,0.1,0.2855993321,932,0.8593850584,0.0457287706
144,0.9,0.1,0.2855993321,934,0.859092229,0.04587663471
144,0.9,0.1,0.2855993321,936,0.8588016951,0.04602702993
144,0.9,0.1,0.2855993321,938,0.8585523692,0.04616951722
144,0.9,0.1,0.2855993321,940,0.8582875523,0.04632105921
144,0.9,0.1,0.2855993321,942,0.8580205606,0.04647685617
144,0.9,0.1,0.2855993321,944,0.857741762,0.0466297536
144,0.9,0.1,0.2855993321,946,0.8574899247,0.04675692152
144,0.9,0.1,0.2855993321,948,0.8572455599,0.04686630796
144,0.9,0.1,0.2855993321,950,0.8570154413,0.04696853895
144,0.9,0.1,0.2855993321,952,0.856771228,0.04708023719
144,0.9,0.1,0.2855993321,954,0.8565305223,0.0471793286
144,0.9,0.1,0.2855993321,956,0.8562785246,0.04730316916
144,0.9,0.1,0.2855993321,958,0.8560050594,0.04744254348
144,0.9,0.1,0.2855993321,960,0.8557613857,0.04755921747
144,0.9,0.1,0.2855993321,962,0.8555323869,0.04766702862
144,0.9,0.1,0.2855993321,964,0.8553014485,0.04778250484
144,0.9,0.1,0.2855993321,966,0.8550569165,0.04789851544
144,0.9,0.1,0.2855993321,968,0.8548188899,0.04800641723
144,0.9,0.1,0.2855993321,970,0.8546249638,0.04807396401
144,0.9,0.1,0.2855993321,972,0.8544438222,0.04813819341
144,0.9,0.1,0.2855993321,974,0.8542314868,0.04822561876
144,0.9,0.1,0.2855993321,976,0.8540096132,0.04831257081
144,0.9,0.1,0.2855993321,978,0.8537841462,0.04839537558
144,0.9,0.1,0.2855993321,980,0.8535607927,0.04849404643
144,0.9,0.1,0.2855993321,982,0.8533350141,0.04858898437
144,0.9,0.1,0.2855993321,984,0.8531245937,0.04867081518
144,0.9,0.1,0.2855993321,986,0.8528947667,0.04876489218
144,0.9,0.1,0.2855993321,988,0.8526739404,0.04884809831
144,0.9,0.1,0.2855993321,990,0.852434149,0.04894170433
144,0.9,0.1,0.2855993321,992,0.8521931336,0.04904127442
144,0.9,0.1,0.2855993321,994,0.8519437543,0.04913143774
144,0.9,0.1,0.2855993321,996,0.8517154232,0.04920812424
144,0.9,0.1,0.2855993321,998,0.851475208,0.04931343559
144,0.9,0.1,0.2855993321,1000,0.8512573534,0.04940435814
144,0.9,0.1,0.2855993321,1002,0.8510279875,0.04949587763
144,0.9,0.1,0.2855993321,1004,0.8507963499,0.04961239173
144,0.9,0.1,0.2855993321,1006,0.8505685575,0.04972721775
144,0.9,0.1,0.2855993321,1008,0.8503260437,0.04983221102
144,0.9,0.1,0.2855993321,1010,0.8500948182,0.04993458699
144,0.9,0.1,0.2855993321,1012,0.8498635478,0.05002300383
144,0.9,0.1,0.2855993321,1014,0.8496405215,0.05011349925
144,0.9,0.1,0.2855993321,1016,0.8494438651,0.05019796549
144,0.9,0.1,0.2855993321,1018,0.8492420667,0.05027211748
144,0.9,0.1,0.2855993321,1020,0.8490548759,0.05033057963
144,0.9,0.1,0.2855993321,1022,0.8488748308,0.05038116688
144,0.9,0.1,0.2855993321,1024,0.8486898746,0.0504426423
144,0.9,0.1,0.2855993321,1026,0.8484956248,0.05051127208
144,0.9,0.1,0.2855993321,1028,0.8483017116,0.05058434755
144,0.9,0.1,0.2855993321,1030,0.8481132028,0.05065468124
144,0.9,0.1,0.2855993321,1032,0.8479277425,0.05072430408
144,0.9,0.1,0.2855993321,1034,0.8477484146,0.05080157178
144,0.9,0.1,0.2855993321,1036,0.8475594791,0.05090223745
144,0.9,0.1,0.2855993321,1038,0.8473685292,0.05100459771
144,0.9,0.1,0.2855993321,1040,0.8471902217,0.05110315741
144,0.9,0.1,0.2855993321,1042,0.8470092283,0.05119824807
144,0.9,0.1,0.2855993321,1044,0.8468381462,0.05128766185
144,0.9,0.1,0.2855993321,1046,0.8466680447,0.05137469239
144,0.9,0.1,0.2855993321,1048,0.8465000376,0.05146813684
144,0.9,0.1,0.2855993321,1050,0.8463472029,0.05154837696
144,0.9,0.1,0.2855993321,1052,0.8462095616,0.0516226342
144,0.9,0.1,0.2855993321,1054,0.8460494846,0.05170796242
144,0.9,0.1,0.2855993321,1056,0.8458806986,0.05180137441
144,0.9,0.1,0.2855993321,1058,0.8456977364,0.05191328364
144,0.9,0.1,0.2855993321,1060,0.845529156,0.05203087808
144,0.9,0.1,0.2855993321,1062,0.8453741512,0.05215007649
144,0.9,0.1,0.2855993321,1064,0.8452227834,0.05226013455
144,0.9,0.1,0.2855993321,1066,0.8450561212,0.05236392547
144,0.9,0.1,0.2855993321,1068,0.8448829566,0.05246679728
144,0.9,0.1,0.2855993321,1070,0.8447137567,0.05256571472
144,0.9,0.1,0.2855993321,1072,0.8445702624,0.05265214047
144,0.9,0.1,0.2855993321,1074,0.8444156348,0.05274734016
144,0.9,0.1,0.2855993321,1076,0.8442339063,0.05286528376
144,0.9,0.1,0.2855993321,1078,0.8440814701,0.0529806131
144,0.9,0.1,0.2855993321,1080,0.8439423822,0.0530971086
144,0.9,0.1,0.2855993321,1082,0.8437888189,0.05321282404
144,0.9,0.1,0.2855993321,1084,0.8436052705,0.05334202369
144,0.9,0.1,0.2855993321,1086,0.8434326419,0.05346013266
144,0.9,0.1,0.2855993321,1088,0.8432710155,0.05356530698
144,0.9,0.1,0.2855993321,1090,0.8431342215,0.05364816259
144,0.9,0.1,0.2855993321,1092,0.8429797073,0.05373596901
144,0.9,0.1,0.2855993321,1094,0.8428236317,0.05382108131
144,0.9,0.1,0.2855993321,1096,0.8426956063,0.05390096329
144,0.9,0.1,0.2855993321,1098,0.8425596662,0.05399868574
144,0.9,0.1,0.2855993321,1100,0.8424066081,0.05409244708
144,0.9,0.1,0.2855993321,1102,0.8422338599,0.05419032457
144,0.9,0.1,0.2855993321,1104,0.8420527473,0.05427891332
144,0.9,0.1,0.2855993321,1106,0.8418603036,0.05437692978
144,0.9,0.1,0.2855993321,1108,0.8416762,0.05447577025
144,0.9,0.1,0.2855993321,1110,0.8414825021,0.05458000584
144,0.9,0.1,0.2855993321,1112,0.8412789591,0.05468389216
144,0.9,0.1,0.2855993321,1114,0.8410764967,0.05479122865
144,0.9,0.1,0.2855993321,1116,0.840849009,0.05491297651
144,0.9,0.1,0.2855993321,1118,0.8406063709,0.05504583066
144,0.9,0.1,0.2855993321,1120,0.8403519631,0.05518945101
144,0.9,0.1,0.2855993321,1122,0.8401170078,0.05532938588
144,0.9,0.1,0.2855993321,1124,0.8398967736,0.05547891948
144,0.9,0.1,0.2855993321,1126,0.8396577509,0.05565095404
144,0.9,0.1,0.2855993321,1128,0.8394058324,0.05582518728
144,0.9,0.1,0.2855993321,1130,0.8391614638,0.05598907588
144,0.9,0.1,0.2855993321,1132,0.8389233542,0.05615595062
144,0.9,0.1,0.2855993321,1134,0.8387243105,0.05629323801
144,0.9,0.1,0.2855993321,1136,0.8385235885,0.0564397703
144,0.9,0.1,0.2855993321,1138,0.8383340652,0.05658653661
144,0.9,0.1,0.2855993321,1140,0.838129889,0.05675905959
144,0.9,0.1,0.2855993321,1142,0.8379219916,0.05692733102
144,0.9,0.1,0.2855993321,1144,0.8377479176,0.05708313229
144,0.9,0.1,0.2855993321,1146,0.8375945972,0.05723257219
144,0.9,0.1,0.2855993321,1148,0.8374473226,0.0573864052
144,0.9,0.1,0.2855993321,1150,0.8373456755,0.05751574842
144,0.9,0.1,0.2855993321,1152,0.8372386013,0.05763808753
144,0.9,0.1,0.2855993321,1154,0.8371193558,0.05774497727
144,0.9,0.1,0.2855993321,1156,0.8370002689,0.0578579506
144,0.9,0.1,0.2855993321,1158,0.8368869508,0.05796721169
144,0.9,0.1,0.2855993321,1160,0.8367728514,0.05808131111
144,0.9,0.1,0.2855993321,1162,0.8366206837,0.05820826697
144,0.9,0.1,0.2855993321,1164,0.8364502009,0.05833891128
144,0.9,0.1,0.2855993321,1166,0.8362940089,0.05847156272
144,0.9,0.1,0.2855993321,1168,0.8361819271,0.05858006833
144,0.9,0.1,0.2855993321,1170,0.8360513942,0.05867610058
144,0.9,0.1,0.2855993321,1172,0.8358976338,0.05879221536
144,0.9,0.1,0.2855993321,1174,0.8357673212,0.05888698729
144,0.9,0.1,0.2855993321,1176,0.8356501269,0.05897638958
144,0.9,0.1,0.2855993321,1178,0.8355080698,0.05907323568
144,0.9,0.1,0.2855993321,1180,0.8353275257,0.05918967408
144,0.9,0.1,0.2855993321,1182,0.8351162798,0.05933896473
144,0.9,0.1,0.2855993321,1184,0.8349275605,0.05945168214
144,0.9,0.1,0.2855993321,1186,0.8347316067,0.05954906723
144,0.9,0.1,0.2855993321,1188,0.8345388255,0.05965276677
144,0.9,0.1,0.2855993321,1190,0.8343386042,0.059753318
144,0.9,0.1,0.2855993321,1192,0.8341558567,0.05985939841
144,0.9,0.1,0.2855993321,1194,0.8339805947,0.05997241725
144,0.9,0.1,0.2855993321,1196,0.8338010969,0.0600836967
144,0.9,0.1,0.2855993321,1198,0.8336358238,0.06019678488
144,0.9,0.1,0.2855993321,1200,0.8334439099,0.06031558272
144,0.9,0.1,0.2855993321,1202,0.8332357583,0.06045310949
144,0.9,0.1,0.2855993321,1204,0.8330388994,0.06058672101
144,0.9,0.1,0.2855993321,1206,0.8328226375,0.06072962655
144,0.9,0.1,0.2855993321,1208,0.8326341807,0.06085703231
144,0.9,0.1,0.2855993321,1210,0.8324834069,0.06098488637
144,0.9,0.1,0.2855993321,1212,0.8323199336,0.0611287507
144,0.9,0.1,0.2855993321,1214,0.832181402,0.0612569202
144,0.9,0.1,0.2855993321,1216,0.8320215783,0.06139037261
144,0.9,0.1,0.2855993321,1218,0.8318996258,0.06152298825
144,0.9,0.1,0.2855993321,1220,0.8317875968,0.061642831
144,0.9,0.1,0.2855993321,1222,0.8316847108,0.06175909751
144,0.9,0.1,0.2855993321,1224,0.831615239,0.06185978756
144,0.9,0.1,0.2855993321,1226,0.8315430441,0.06195688701
144,0.9,0.1,0.2855993321,1228,0.8314931299,0.06203677817
144,0.9,0.1,0.2855993321,1230,0.8314475689,0.0621175306
144,0.9,0.1,0.2855993321,1232,0.8314062615,0.06220950279
144,0.9,0.1,0.2855993321,1234,0.8313511609,0.06231352685
144,0.9,0.1,0.2855993321,1236,0.831290778,0.06241025699
144,0.9,0.1,0.2855993321,1238,0.831222362,0.06249928805
144,0.9,0.1,0.2855993321,1240,0.8311714921,0.0625688593
144,0.9,0.1,0.2855993321,1242,0.831105403,0.06262891987
144,0.9,0.1,0.2855993321,1244,0.8310342793,0.06269638877
144,0.9,0.1,0.2855993321,1246,0.8309778193,0.06276402148
144,0.9,0.1,0.2855993321,1248,0.8309573811,0.06280923127
144,0.85,0.15,0.2855993321,0,1,0
144,0.85,0.15,0.2855993321,2,0.9998055178,5.162961198e-05
144,0.85,0.15,0.2855993321,4,0.9995873016,0.0001093860634
144,0.85,0.15,0.2855993321,6,0.9993898482,0.0001575531231
144,0.85,0.15,0.2855993321,8,0.9992066309,0.0002017173351
144,0.85,0.15,0.2855993321,10,0.9990365056,0.0002427336047
144,0.85,0.15,0.2855993321,12,0.9988725844,0.0002914185239
144,0.85,0.15,0.2855993321,14,0.9987137079,0.0003429579701
144,0.85,0.15,0.2855993321,16,0.9985701799,0.0003936125726
144,0.85,0.15,0.2855993321,18,0.9984295662,0.0004390756358
144,0.85,0.15,0.2855993321,20,0.9983086026,0.0004777918472
144,0.85,0.15,0.2855993321,22,0.9981890204,0.0005187486392
144,0.85,0.15,0.2855993321,24,0.9980755367,0.0005596433558
144,0.85,0.15,0.2855993321,26,0.9979654363,0.000591221709
144,0.85,0.15,0.2855993321,28,0.99785845,0.0006256419279
144,0.85,0.15,0.2855993321,30,0.9977462246,0.0006702702987
144,0.85,0.15,0.2855993321,32,0.9976238221,0.0007180066209
144,0.85,0.15,0.2855993321,34,0.9975032477,0.0007634400236
144,0.85,0.15,0.2855993321,36,0.9973860338,0.0008094061638
144,0.85,0.15,0.2855993321,38,0.9972716245,0.0008553795807
144,0.85,0.15,0.2855993321,40,0.9971651112,0.0008978599058
144,0.85,0.15,0.2855993321,42,0.9970605023,0.0009419241527
144,0.85,0.15,0.2855993321,44,0.9969520878,0.0009837364944
144,0.85,0.15,0.2855993321,46,0.9968469674,0.001024564602
144,0.85,0.15,0.2855993321,48,0.996734529,0.001067568066
144,0.85,0.15,0.2855993321,50,0.9966160678,0.001110831678
144,0.85,0.15,0.2855993321,52,0.9965022329,0.001155033615
144,0.85,0.15,0.2855993321,54,0.9963846424,0.001198342069
144,0.85,0.15,0.2855993321,56,0.9962722233,0.001239898761
144,0.85,0.15,0.2855993321,58,0.996154091,0.001284071296
144,0.85,0.15,0.2855993321,60,0.9960384926,0.001322182829
144,0.85,0.15,0.2855993321,62,0.9959289985,0.001355869868
144,0.85,0.15,0.2855993321,64,0.9958243248,0.001388017509
144,0.85,0.15,0.2855993321,66,0.9957140607,0.001423298599
144,0.85,0.15,0.2855993321,68,0.995604865,0.001461412954
144,0.85,0.15,0.2855993321,70,0.9954968965,0.001493546601
144,0.85,0.15,0.2855993321,72,0.9953759798,0.001524906013
144,0.85,0.15,0.2855993321,74,0.9952544735,0.001556758331
144,0.85,0.15,0.2855993321,76,0.9951297184,0.0015879628
144,0.85,0.15,0.2855993321,78,0.994999683,0.001622402986
144,0.85,0.15,0.2855993321,80,0.9948714491,0.001655940017
144,0.85,0.15,0.2855993321,82,0.9947544352,0.00169416825
144,0.85,0.15,0.2855993321,84,0.9946415294,0.001741524206
144,0.85,0.15,0.2855993321,86,0.9945342721,0.001787594505
144,0.85,0.15,0.2855993321,88,0.9944264662,0.001831920878
144,0.85,0.15,0.2855993321,90,0.9943164208,0.001879395239
144,0.85,0.15,0.2855993321,92,0.9942047799,0.001922440681
144,0.85,0.15,0.2855993321,94,0.9940933088,0.001971786265
144,0.85,0.15,0.2855993321,96,0.9939852568,0.002018880927
144,0.85,0.15,0.2855993321,98,0.9938718123,0.002067280858
144,0.85,0.15,0.2855993321,100,0.9937581744,0.002108326067
144,0.85,0.15,0.2855993321,102,0.9936402954,0.002145399808
144,0.85,0.15,0.2855993321,104,0.9935197287,0.002184405276
144,0.85,0.15,0.2855993321,106,0.99339766,0.002226437257
144,0.85,0.15,0.2855993321,108,0.9932731668,0.002268551005
144,0.85,0.15,0.2855993321,110,0.9931510363,0.002310334798
144,0.85,0.15,0.2855993321,112,0.9930408383,0.002346485991
144,0.85,0.15,0.2855993321,114,0.9929274537,0.002387942276
144,0.85,0.15,0.2855993321,116,0.9928088342,0.002427086451
144,0.85,0.15,0.2855993321,118,0.9927018074,0.002463283546
144,0.85,0.15,0.2855993321,120,0.9925879908,0.002497929022
144,0.85,0.15,0.2855993321,122,0.9924770631,0.002533565828
144,0.85,0.15,0.2855993321,124,0.9923644106,0.002575246471
144,0.85,0.15,0.2855993321,126,0.9922571928,0.002620595124
144,0.85,0.15,0.2855993321,128,0.992147854,0.002660582017
144,0.85,0.15,0.2855993321,130,0.9920422796,0.002697047849
144,0.85,0.15,0.2855993321,132,0.9919356183,0.002733607438
144,0.85,0.15,0.2855993321,134,0.9918226294,0.002767890959
144,0.85,0.15,0.2855993321,136,0.9917045061,0.00280112438
144,0.85,0.15,0.2855993321,138,0.9915781946,0.002839809688
144,0.85,0.15,0.2855993321,140,0.991446932,0.002880270454
144,0.85,0.15,0.2855993321,142,0.9913150877,0.002914983205
144,0.85,0.15,0.2855993321,144,0.991186491,0.002946189193
144,0.85,0.15,0.2855993321,146,0.9910700991,0.002971061196
144,0.85,0.15,0.2855993321,148,0.9909493278,0.002997159133
144,0.85,0.15,0.2855993321,150,0.990831429,0.003026566307
144,0.85,0.15,0.2855993321,152,0.9907248827,0.00305091649
144,0.85,0.15,0.2855993321,154,0.9906168279,0.003077907243
144,0.85,0.15,0.2855993321,156,0.9905224716,0.003099822541
144,0.85,0.15,0.2855993321,158,0.9904238946,0.00312344407
144,0.85,0.15,0.2855993321,160,0.9903235528,0.003143808697
144,0.85,0.15,0.2855993321,162,0.9902241704,0.003165398009
144,0.85,0.15,0.2855993321,164,0.9901267062,0.003193583234
144,0.85,0.15,0.2855993321,166,0.9900187296,0.003226336535
144,0.85,0.15,0.2855993321,168,0.9899104307,0.003260992417
144,0.85,0.15,0.2855993321,170,0.9898007335,0.003290078194
144,0.85,0.15,0.2855993321,172,0.9896947564,0.003320551359
144,0.85,0.15,0.2855993321,174,0.9895933486,0.003356309521
144,0.85,0.15,0.2855993321,176,0.9894861893,0.003391403912
144,0.85,0.15,0.2855993321,178,0.9893790999,0.003424865081
144,0.85,0.15,0.2855993321,180,0.9892752629,0.003459366077
144,0.85,0.15,0.2855993321,182,0.9891751437,0.003484331183
144,0.85,0.15,0.2855993321,184,0.9890740405,0.003509618082
144,0.85,0.15,0.2855993321,186,0.9889790602,0.003534994043
144,0.85,0.15,0.2855993321,188,0.9888882208,0.003550079832
144,0.85,0.15,0.2855993321,190,0.9888017468,0.003570734713
144,0.85,0.15,0.2855993321,192,0.9887071816,0.00359124972
144,0.85,0.15,0.2855993321,194,0.9886067544,0.00361166658
144,0.85,0.15,0.2855993321,196,0.9885063981,0.003634369469
144,0.85,0.15,0.2855993321,198,0.988407199,0.003657476065
144,0.85,0.15,0.2855993321,200,0.9883044776,0.003680610594
144,0.85,0.15,0.2855993321,202,0.9881970748,0.003708757409
144,0.85,0.15,0.2855993321,204,0.9880986342,0.003738178806
144,0.85,0.15,0.2855993321,206,0.9880114102,0.003765983784
144,0.85,0.15,0.2855993321,208,0.9879173153,0.003788558922
144,0.85,0.15,0.2855993321,210,0.9878203316,0.003806374769
144,0.85,0.15,0.2855993321,212,0.9877210598,0.003824910314
144,0.85,0.15,0.2855993321,214,0.9876192216,0.003844550765
144,0.85,0.15,0.2855993321,216,0.9875260402,0.003863563649
144,0.85,0.15,0.2855993321,218,0.9874224881,0.003884141041
144,0.85,0.15,0.2855993321,220,0.9873097346,0.003913482619
144,0.85,0.15,0.2855993321,222,0.987205226,0.003942913703
144,0.85,0.15,0.2855993321,224,0.9871016919,0.003971345602
144,0.85,0.15,0.2855993321,226,0.9870050236,0.004002550601
144,0.85,0.15,0.2855993321,228,0.9869059391,0.00403197479
144,0.85,0.15,0.2855993321,230,0.9867979647,0.004056764011
144,0.85,0.15,0.2855993321,232,0.9866896123,0.004082409341
144,0.85,0.15,0.2855993321,234,0.9865859094,0.004104775155
144,0.85,0.15,0.2855993321,236,0.9864870541,0.004123015409
144,0.85,0.15,0.2855993321,238,0.9863777945,0.004148372977
144,0.85,0.15,0.2855993321,240,0.9862620659,0.004175859128
144,0.85,0.15,0.2855993321,242,0.9861458124,0.004205067078
144,0.85,0.15,0.2855993321,244,0.9860381169,0.00423220638
144,0.85,0.15,0.2855993321,246,0.9859465494,0.004253254869
144,0.85,0.15,0.2855993321,248,0.9858553999,0.004272620019
144,0.85,0.15,0.2855993321,250,0.9857636728,0.004292662208
144,0.85,0.15,0.2855993321,252,0.9856619608,0.004312931974
144,0.85,0.15,0.2855993321,254,0.9855499942,0.004333699642
144,0.85,0.15,0.2855993321,256,0.9854448788,0.004355764959
144,0.85,0.15,0.2855993321,258,0.9853520683,0.004381380675
144,0.85,0.15,0.2855993321,260,0.9852587892,0.004403617976
144,0.85,0.15,0.2855993321,262,0.9851615451,0.004419445765
144,0.85,0.15,0.2855993321,264,0.985070611,0.004432962907
144,0.85,0.15,0.2855993321,266,0.9849848981,0.004448092547
144,0.85,0.15,0.2855993321,268,0.9849017501,0.004466311302
144,0.85,0.15,0.2855993321,270,0.9848193871,0.004480313179
144,0.85,0.15,0.2855993321,272,0.9847233248,0.004497262793
144,0.85,0.15,0.2855993321,274,0.9846233973,0.004515809185
144,0.85,0.15,0.2855993321,276,0.984526636,0.004535104968
144,0.85,0.15,0.2855993321,278,0.9844079685,0.004557055884
144,0.85,0.15,0.2855993321,280,0.9842902314,0.004581932341
144,0.85,0.15,0.2855993321,282,0.9841765666,0.004599492723
144,0.85,0.15,0.2855993321,284,0.9840590068,0.004617812733
144,0.85,0.15,0.2855993321,286,0.983942221,0.004635651823
144,0.85,0.15,0.2855993321,288,0.9838307222,0.004653833078
144,0.85,0.15,0.2855993321,290,0.983718605,0.004669713199
144,0.85,0.15,0.2855993321,292,0.9836139214,0.004684746739
144,0.85,0.15,0.2855993321,294,0.9835110634,0.004693125869
144,0.85,0.15,0.2855993321,296,0.9834086077,0.004698482614
144,0.85,0.15,0.2855993321,298,0.9832984537,0.004708006115
144,0.85,0.15,0.2855993321,300,0.9831855983,0.004727852244
144,0.85,0.15,0.2855993321,302,0.9830735342,0.004744125918
144,0.85,0.15,0.2855993321,304,0.9829637179,0.004758066107
144,0.85,0.15,0.2855993321,306,0.9828491187,0.004775048613
144,0.85,0.15,0.2855993321,308,0.9827194821,0.004793576083
144,0.85,0.15,0.2855993321,310,0.9825942939,0.004813063678
144,0.85,0.15,0.2855993321,312,0.9824773308,0.004826823539
144,0.85,0.15,0.2855993321,314,0.9823621024,0.004843673123
144,0.85,0.15,0.2855993321,316,0.9822383331,0.004867350815
144,0.85,0.15,0.2855993321,318,0.9821114761,0.004893810608
144,0.85,0.15,0.2855993321,320,0.9819901459,0.004917691907
144,0.85,0.15,0.2855993321,322,0.9818744353,0.004939066826
144,0.85,0.15,0.2855993321,324,0.9817512449,0.004961193158
144,0.85,0.15,0.2855993321,326,0.9816190809,0.004984623409
144,0.85,0.15,0.2855993321,328,0.9814916999,0.005001457162
144,0.85,0.15,0.2855993321,330,0.9813660511,0.005023435802
144,0.85,0.15,0.2855993321,332,0.9812347531,0.005043459779
144,0.85,0.15,0.2855993321,334,0.9811050518,0.005060282317
144,0.85,0.15,0.2855993321,336,0.9809776651,0.005076623065
144,0.85,0.15,0.2855993321,338,0.9808536249,0.005095657591
144,0.85,0.15,0.2855993321,340,0.9807195287,0.00511590227
144,0.85,0.15,0.2855993321,342,0.980575257,0.005139463029
144,0.85,0.15,0.2855993321,344,0.980432695,0.005165876418
144,0.85,0.15,0.2855993321,346,0.9802809287,0.005207543671
144,0.85,0.15,0.2855993321,348,0.9801297877,0.005244537079
144,0.85,0.15,0.2855993321,350,0.9799868999,0.005284742912
144,0.85,0.15,0.2855993321,352,0.9798490446,0.005328228857
144,0.85,0.15,0.2855993321,354,0.9797171126,0.00537721614
144,0.85,0.15,0.2855993321,356,0.9795783303,0.005433971561
144,0.85,0.15,0.2855993321,358,0.97943117,0.005485578763
144,0.85,0.15,0.2855993321,360,0.9792932642,0.005533582644
144,0.85,0.15,0.2855993321,362,0.9791605388,0.005580600977
144,0.85,0.15,0.2855993321,364,0.9790315546,0.005634801683
144,0.85,0.15,0.2855993321,366,0.9789043444,0.005689351552
144,0.85,0.15,0.2855993321,368,0.9787884725,0.005741526143
144,0.85,0.15,0.2855993321,370,0.9786770516,0.00578759714
144,0.85,0.15,0.2855993321,372,0.9785641447,0.005837373491
144,0.85,0.15,0.2855993321,374,0.9784404289,0.005884153069
144,0.85,0.15,0.2855993321,376,0.9783136195,0.005938604785
144,0.85,0.15,0.2855993321,378,0.9781867916,0.00599195097
144,0.85,0.15,0.2855993321,380,0.978056054,0.006039558376
144,0.85,0.15,0.2855993321,382,0.9779180772,0.006087269697
144,0.85,0.15,0.2855993321,384,0.9777758828,0.006132803921
144,0.85,0.15,0.2855993321,386,0.9776332784,0.006183586692
144,0.85,0.15,0.2855993321,388,0.9774898429,0.006235339332
144,0.85,0.15,0.2855993321,390,0.9773392661,0.006282307393
144,0.85,0.15,0.2855993321,392,0.9771898335,0.006323130458
144,0.85,0.15,0.2855993321,394,0.9770428345,0.006370989851
144,0.85,0.15,0.2855993321,396,0.9768956607,0.006425893395
144,0.85,0.15,0.2855993321,398,0.976752786,0.006478097792
144,0.85,0.15,0.2855993321,400,0.9766182099,0.006526340641
144,0.85,0.15,0.2855993321,402,0.9764845205,0.006574825298
144,0.85,0.15,0.2855993321,404,0.9763507191,0.00662695699
144,0.85,0.15,0.2855993321,406,0.9762150552,0.006682843784
144,0.85,0.15,0.2855993321,408,0.9760765412,0.00673746289
144,0.85,0.15,0.2855993321,410,0.9759251467,0.006793158542
144,0.85,0.15,0.2855993321,412,0.9757780012,0.006853061616
144,0.85,0.15,0.2855993321,414,0.9756201283,0.00690901117
144,0.85,0.15,0.2855993321,416,0.9754664268,0.00695911728
144,0.85,0.15,0.2855993321,418,0.9753142381,0.007004033291
144,0.85,0.15,0.2855993321,420,0.9751694899,0.00705037995
144,0.85,0.15,0.2855993321,422,0.9750155015,0.007089964183
144,0.85,0.15,0.2855993321,424,0.9748633678,0.007129861278
144,0.85,0.15,0.2855993321,426,0.9747146179,0.007171542999
144,0.85,0.15,0.2855993321,428,0.9745684611,0.007223049802
144,0.85,0.15,0.2855993321,430,0.9744198604,0.007272867728
144,0.85,0.15,0.2855993321,432,0.9742667462,0.00731699389
144,0.85,0.15,0.2855993321,434,0.9741199805,0.007357871776
144,0.85,0.15,0.2855993321,436,0.973988049,0.007397389033
144,0.85,0.15,0.2855993321,438,0.9738538174,0.007445818828
144,0.85,0.15,0.2855993321,440,0.9737347022,0.007494207204
144,0.85,0.15,0.2855993321,442,0.9736193237,0.007547800925
144,0.85,0.15,0.2855993321,444,0.9734972024,0.007609534851
144,0.85,0.15,0.2855993321,446,0.973375034,0.007664447503
144,0.85,0.15,0.2855993321,448,0.9732476125,0.007720098123
144,0.85,0.15,0.2855993321,450,0.9731225262,0.007779783346
144,0.85,0.15,0.2855993321,452,0.9729866361,0.007849668011
144,0.85,0.15,0.2855993321,454,0.972858386,0.007919576427
144,0.85,0.15,0.2855993321,456,0.972727864,0.007985257331
144,0.85,0.15,0.2855993321,458,0.9725950803,0.008051218534
144,0.85,0.15,0.2855993321,460,0.9724635838,0.008120137522
144,0.85,0.15,0.2855993321,462,0.9723238736,0.008193193725
144,0.85,0.15,0.2855993321,464,0.9721748923,0.008266644717
144,0.85,0.15,0.2855993321,466,0.9720234469,0.00834295584
144,0.85,0.15,0.2855993321,468,0.9718601478,0.008414537497
144,0.85,0.15,0.2855993321,470,0.9717027472,0.008478495947
144,0.85,0.15,0.2855993321,472,0.971545091,0.008544967268
144,0.85,0.15,0.2855993321,474,0.971400832,0.008603611944
144,0.85,0.15,0.2855993321,476,0.9712488338,0.008653318347
144,0.85,0.15,0.2855993321,478,0.971094249,0.008702148934
144,0.85,0.15,0.2855993321,480,0.9709407979,0.008751162657
144,0.85,0.15,0.2855993321,482,0.9707931952,0.008805124253
144,0.85,0.15,0.2855993321,484,0.9706335966,0.00885733262
144,0.85,0.15,0.2855993321,486,0.9704724795,0.008913113618
144,0.85,0.15,0.2855993321,488,0.9703130368,0.008968822552
144,0.85,0.15,0.2855993321,490,0.9701444201,0.009028460342
144,0.85,0.15,0.2855993321,492,0.9699729244,0.009093325431
144,0.85,0.15,0.2855993321,494,0.9698010324,0.009161873595
144,0.85,0.15,0.2855993321,496,0.9696225286,0.009231900487
144,0.85,0.15,0.2855993321,498,0.9694514511,0.00930186644
144,0.85,0.15,0.2855993321,500,0.969278765,0.009371031658
144,0.85,0.15,0.2855993321,502,0.9691086163,0.009437694957
144,0.85,0.15,0.2855993321,504,0.9689353053,0.009499018503
144,0.85,0.15,0.2855993321,506,0.9687678763,0.009560588811
144,0.85,0.15,0.2855993321,508,0.9685985975,0.009627325096
144,0.85,0.15,0.2855993321,510,0.9684269862,0.009690822563
144,0.85,0.15,0.2855993321,512,0.9682615607,0.009747182986
144,0.85,0.15,0.2855993321,514,0.9680980553,0.009806822073
144,0.85,0.15,0.2855993321,516,0.9679281944,0.009864513153
144,0.85,0.15,0.2855993321,518,0.9677511274,0.00991970878
144,0.85,0.15,0.2855993321,520,0.9675733471,0.009974679815
144,0.85,0.15,0.2855993321,522,0.9674025402,0.01002214874
144,0.85,0.15,0.2855993321,524,0.9672344373,0.01006997686
144,0.85,0.15,0.2855993321,526,0.9670836674,0.01011311188
144,0.85,0.15,0.2855993321,528,0.9669419655,0.01016434205
144,0.85,0.15,0.2855993321,530,0.9668015723,0.01022024952
144,0.85,0.15,0.2855993321,532,0.9666495346,0.01027511076
144,0.85,0.15,0.2855993321,534,0.966492409,0.01032510453
144,0.85,0.15,0.2855993321,536,0.9663431768,0.01037434732
144,0.85,0.15,0.2855993321,538,0.9661864504,0.01042709562
144,0.85,0.15,0.2855993321,540,0.9660292133,0.01047583847
144,0.85,0.15,0.2855993321,542,0.9658583902,0.01052588288
144,0.85,0.15,0.2855993321,544,0.9656997475,0.01057390086
144,0.85,0.15,0.2855993321,546,0.9655420493,0.01061801153
144,0.85,0.15,0.2855993321,548,0.9653905473,0.01065854092
144,0.85,0.15,0.2855993321,550,0.9652313403,0.0106949568
144,0.85,0.15,0.2855993321,552,0.9650730963,0.01073620571
144,0.85,0.15,0.2855993321,554,0.9649180993,0.01077768368
144,0.85,0.15,0.2855993321,556,0.9647790533,0.0108143108
144,0.85,0.15,0.2855993321,558,0.9646449215,0.01084185667
144,0.85,0.15,0.2855993321,560,0.9645168585,0.01087265225
144,0.85,0.15,0.2855993321,562,0.9643936084,0.0109130946
144,0.85,0.15,0.2855993321,564,0.9642663832,0.01095461939
144,0.85,0.15,0.2855993321,566,0.9641392692,0.01099972124
144,0.85,0.15,0.2855993321,568,0.9640142123,0.01104906668
144,0.85,0.15,0.2855993321,570,0.9639030991,0.01110415473
144,0.85,0.15,0.2855993321,572,0.9637914557,0.01115645836
144,0.85,0.15,0.2855993321,574,0.9636884437,0.01120544559
144,0.85,0.15,0.2855993321,576,0.9635794466,0.01124673681
144,0.85,0.15,0.2855993321,578,0.9634757651,0.01128748707
144,0.85,0.15,0.2855993321,580,0.9633652903,0.01131952017
144,0.85,0.15,0.2855993321,582,0.9632537258,0.01135400675
144,0.85,0.15,0.2855993321,584,0.9631411988,0.01139984212
144,0.85,0.15,0.2855993321,586,0.9630333039,0.01144215679
144,0.85,0.15,0.2855993321,588,0.9629226497,0.0114754086
144,0.85,0.15,0.2855993321,590,0.9628154172,0.0115048777
144,0.85,0.15,0.2855993321,592,0.9627014359,0.01153768927
144,0.85,0.15,0.2855993321,594,0.9625795693,0.01157012505
144,0.85,0.15,0.2855993321,596,0.9624545539,0.01160178215
144,0.85,0.15,0.2855993321,598,0.9623315458,0.01163566994
144,0.85,0.15,0.2855993321,600,0.9622153211,0.01167555753
144,0.85,0.15,0.2855993321,602,0.9621026009,0.01172231797
144,0.85,0.15,0.2855993321,604,0.9619944759,0.01176696292
144,0.85,0.15,0.2855993321,606,0.9618740262,0.01181080889
144,0.85,0.15,0.2855993321,608,0.9617517904,0.01185886163
144,0.85,0.15,0.2855993321,610,0.9616297951,0.01191166096
144,0.85,0.15,0.2855993321,612,0.9614943688,0.01196781018
144,0.85,0.15,0.2855993321,614,0.9613550183,0.01201982651
144,0.85,0.15,0.2855993321,616,0.9612106294,0.01207561936
144,0.85,0.15,0.2855993321,618,0.9610765632,0.01213598179
144,0.85,0.15,0.2855993321,620,0.9609385463,0.01219935194
144,0.85,0.15,0.2855993321,622,0.9608089067,0.0122551564
144,0.85,0.15,0.2855993321,624,0.9606739381,0.01230320277
144,0.85,0.15,0.2855993321,626,0.9605281352,0.01234749181
144,0.85,0.15,0.2855993321,628,0.960383176,0.01238823572
144,0.85,0.15,0.2855993321,630,0.9602424616,0.01242705904
144,0.85,0.15,0.2855993321,632,0.9601117019,0.01246277912
144,0.85,0.15,0.2855993321,634,0.9599831992,0.01250749814
144,0.85,0.15,0.2855993321,636,0.9598586603,0.01255021847
144,0.85,0.15,0.2855993321,638,0.9597370359,0.01259759452
144,0.85,0.15,0.2855993321,640,0.9596097458,0.01263180428
144,0.85,0.15,0.2855993321,642,0.9594777223,0.01266882307
144,0.85,0.15,0.2855993321,644,0.9593404353,0.01271200365
144,0.85,0.15,0.2855993321,646,0.9591993066,0.01276082356
144,0.85,0.15,0.2855993321,648,0.9590626991,0.01281278239
144,0.85,0.15,0.2855993321,650,0.9589288302,0.01287424372
144,0.85,0.15,0.2855993321,652,0.9587836359,0.01293157048
144,0.85,0.15,0.2855993321,654,0.95863424,0.01299102416
144,0.85,0.15,0.2855993321,656,0.9584931515,0.0130553499
144,0.85,0.15,0.2855993321,658,0.9583566125,0.01311497664
144,0.85,0.15,0.2855993321,660,0.9582107263,0.0131801747
144,0.85,0.15,0.2855993321,662,0.9580752869,0.01324282449
144,0.85,0.15,0.2855993321,664,0.9579361029,0.01330745176
144,0.85,0.15,0.2855993321,666,0.9577950517,0.01337515488
144,0.85,0.15,0.2855993321,668,0.9576525451,0.01344276332
144,0.85,0.15,0.2855993321,670,0.9575134277,0.01351211041
144,0.85,0.15,0.2855993321,672,0.9573680217,0.01357478451
144,0.85,0.15,0.2855993321,674,0.9572208402,0.01363216852
144,0.85,0.15,0.2855993321,676,0.9570665679,0.01369249783
144,0.85,0.15,0.2855993321,678,0.9569082668,0.01376443468
144,0.85,0.15,0.2855993321,680,0.956750955,0.01383345304
144,0.85,0.15,0.2855993321,682,0.956592478,0.01389431919
144,0.85,0.15,0.2855993321,684,0.9564299369,0.01394589201
144,0.85,0.15,0.2855993321,686,0.9562607644,0.01399695345
144,0.85,0.15,0.2855993321,688,0.9560968906,0.01404130926
144,0.85,0.15,0.2855993321,690,0.9559203006,0.01409220822
144,0.85,0.15,0.2855993321,692,0.9557421402,0.014137291
144,0.85,0.15,0.2855993321,694,0.9555625355,0.01418553386
144,0.85,0.15,0.2855993321,696,0.955386508,0.01423450371
144,0.85,0.15,0.2855993321,698,0.9552053485,0.01427999564
144,0.85,0.15,0.2855993321,700,0.9550196306,0.01431402232
144,0.85,0.15,0.2855993321,702,0.9548254263,0.01434542016
144,0.85,0.15,0.2855993321,704,0.9546282555,0.0143786064
144,0.85,0.15,0.2855993321,706,0.9544262263,0.01441440103
144,0.85,0.15,0.2855993321,708,0.9542266992,0.01444934923
144,0.85,0.15,0.2855993321,710,0.9540266432,0.01448790717
144,0.85,0.15,0.2855993321,712,0.9538319669,0.0145242363
144,0.85,0.15,0.2855993321,714,0.9536367163,0.01455636441
144,0.85,0.15,0.2855993321,716,0.9534455631,0.01458450989
144,0.85,0.15,0.2855993321,718,0.9532482611,0.01462034648
144,0.85,0.15,0.2855993321,720,0.9530468861,0.01465267391
144,0.85,0.15,0.2855993321,722,0.9528449722,0.01467861441
144,0.85,0.15,0.2855993321,724,0.9526434651,0.01469650766
144,0.85,0.15,0.2855993321,726,0.9524350717,0.01471257914
144,0.85,0.15,0.2855993321,728,0.9522270854,0.01472930691
144,0.85,0.15,0.2855993321,730,0.9520214577,0.01474434305
144,0.85,0.15,0.2855993321,732,0.9518265107,0.01475287299
144,0.85,0.15,0.2855993321,734,0.9516333642,0.01475965956
144,0.85,0.15,0.2855993321,736,0.9514374269,0.01476622973
144,0.85,0.15,0.2855993321,738,0.9512321239,0.01478328366
144,0.85,0.15,0.2855993321,740,0.9510177396,0.01480390423
144,0.85,0.15,0.2855993321,742,0.9508071655,0.01483075081
144,0.85,0.15,0.2855993321,744,0.9505992005,0.01485378109
144,0.85,0.15,0.2855993321,746,0.950395836,0.01487626455
144,0.85,0.15,0.2855993321,748,0.9501839452,0.01490210964
144,0.85,0.15,0.2855993321,750,0.9499613074,0.01493253922
144,0.85,0.15,0.2855993321,752,0.9497324515,0.01495791056
144,0.85,0.15,0.2855993321,754,0.9495095931,0.01498604901
144,0.85,0.15,0.2855993321,756,0.9492925211,0.01501096199
144,0.85,0.15,0.2855993321,758,0.9490751018,0.01503551518
144,0.85,0.15,0.2855993321,760,0.9488641456,0.01506063167
144,0.85,0.15,0.2855993321,762,0.9486429684,0.01508378241
144,0.85,0.15,0.2855993321,764,0.9484143277,0.01510771291
144,0.85,0.15,0.2855993321,766,0.9481820141,0.01513128917
144,0.85,0.15,0.2855993321,768,0.9479427271,0.01516237495
144,0.85,0.15,0.2855993321,770,0.9476989068,0.01519240699
144,0.85,0.15,0.2855993321,772,0.9474598435,0.01521944966
144,0.85,0.15,0.2855993321,774,0.9472254137,0.0152498976
144,0.85,0.15,0.2855993321,776,0.9469957317,0.01528228961
144,0.85,0.15,0.2855993321,778,0.9467643888,0.01530821439
144,0.85,0.15,0.2855993321,780,0.9465359597,0.01533813726
144,0.85,0.15,0.2855993321,782,0.9463090671,0.01537226695
144,0.85,0.15,0.2855993321,784,0.9460739848,0.01540676563
144,0.85,0.15,0.2855993321,786,0.945850741,0.01543065569
144,0.85,0.15,0.2855993321,788,0.9456291175,0.0154524291
144,0.85,0.15,0.2855993321,790,0.9454072284,0.01548230151
144,0.85,0.15,0.2855993321,792,0.9451878429,0.015514597
144,0.85,0.15,0.2855993321,794,0.9449650666,0.01554261829
144,0.85,0.15,0.2855993321,796,0.9447419217,0.01558036438
144,0.85,0.15,0.2855993321,798,0.9445284675,0.0156166663
144,0.85,0.15,0.2855993321,800,0.9443249471,0.015651821
144,0.85,0.15,0.2855993321,802,0.9441159427,0.01567941283
144,0.85,0.15,0.2855993321,804,0.9439024135,0.0157079692
144,0.85,0.15,0.2855993321,806,0.9436958388,0.01573062376
144,0.85,0.15,0.2855993321,808,0.9434875,0.01575481894
144,0.85,0.15,0.2855993321,810,0.9432767109,0.01577508915
144,0.85,0.15,0.2855993321,812,0.9430636627,0.01580144278
144,0.85,0.15,0.2855993321,814,0.9428500587,0.01581916661
144,0.85,0.15,0.2855993321,816,0.9426323145,0.01582796814
144,0.85,0.15,0.2855993321,818,0.9424090955,0.01584323064
144,0.85,0.15,0.2855993321,820,0.9421980562,0.01585918344
144,0.85,0.15,0.2855993321,822,0.9419964506,0.0158693633
144,0.85,0.15,0.2855993321,824,0.94180063,0.01587332452
144,0.85,0.15,0.2855993321,826,0.9415935279,0.01587390856
144,0.85,0.15,0.2855993321,828,0.9413988267,0.01588502545
144,0.85,0.15,0.2855993321,830,0.9412150362,0.01589453047
144,0.85,0.15,0.2855993321,832,0.9410353327,0.01589634584
144,0.85,0.15,0.2855993321,834,0.9408644789,0.01589606644
144,0.85,0.15,0.2855993321,836,0.9406963663,0.01589171291
144,0.85,0.15,0.2855993321,838,0.940535743,0.01589314979
144,0.85,0.15,0.2855993321,840,0.9403667789,0.01589649736
144,0.85,0.15,0.2855993321,842,0.9402027078,0.01590099879
144,0.85,0.15,0.2855993321,844,0.9400324146,0.01590985931
144,0.85,0.15,0.2855993321,846,0.9398558159,0.01592446753
144,0.85,0.15,0.2855993321,848,0.9396685732,0.01593019358
144,0.85,0.15,0.2855993321,850,0.9394813318,0.0159325607
144,0.85,0.15,0.2855993321,852,0.9393000257,0.01593488068
144,0.85,0.15,0.2855993321,854,0.9391110321,0.01593642464
144,0.85,0.15,0.2855993321,856,0.9389297877,0.01594026912
144,0.85,0.15,0.2855993321,858,0.9387376059,0.01594420007
144,0.85,0.15,0.2855993321,860,0.9385503288,0.01595020524
144,0.85,0.15,0.2855993321,862,0.9383684281,0.0159575956
144,0.85,0.15,0.2855993321,864,0.9381939463,0.01596721303
144,0.85,0.15,0.2855993321,866,0.9380222617,0.01596842972
144,0.85,0.15,0.2855993321,868,0.9378548017,0.0159704605
144,0.85,0.15,0.2855993321,870,0.9376840961,0.01597519224
144,0.85,0.15,0.2855993321,872,0.9375196794,0.01598673259
144,0.85,0.15,0.2855993321,874,0.9373528514,0.01599950339
144,0.85,0.15,0.2855993321,876,0.9371910889,0.01600688048
144,0.85,0.15,0.2855993321,878,0.9370381574,0.01600736787
144,0.85,0.15,0.2855993321,880,0.93687926,0.01600593715
144,0.85,0.15,0.2855993321,882,0.9367158042,0.01600222351
144,0.85,0.15,0.2855993321,884,0.9365396415,0.01599205241
144,0.85,0.15,0.2855993321,886,0.9363742922,0.01597757053
144,0.85,0.15,0.2855993321,888,0.9362115672,0.01596275114
144,0.85,0.15,0.2855993321,890,0.9360525904,0.01595448228
144,0.85,0.15,0.2855993321,892,0.9358812676,0.01594473483
144,0.85,0.15,0.2855993321,894,0.9357075602,0.01593393215
144,0.85,0.15,0.2855993321,896,0.9355239786,0.01591987757
144,0.85,0.15,0.2855993321,898,0.9353463433,0.01590210216
144,0.85,0.15,0.2855993321,900,0.9351710079,0.01588478074
144,0.85,0.15,0.2855993321,902,0.9349983034,0.01587261019
144,0.85,0.15,0.2855993321,904,0.934829862,0.01586370177
144,0.85,0.15,0.2855993321,906,0.9346715122,0.01584754679
144,0.85,0.15,0.2855993321,908,0.9345108442,0.01582683558
144,0.85,0.15,0.2855993321,910,0.9343420088,0.01581605631
144,0.85,0.15,0.2855993321,912,0.9341804053,0.01580026994
144,0.85,0.15,0.2855993321,914,0.9340144176,0.01578113392
144,0.85,0.15,0.2855993321,916,0.9338377976,0.01576213026
144,0.85,0.15,0.2855993321,918,0.9336511717,0.01574495722
144,0.85,0.15,0.2855993321,920,0.9334561647,0.01573028634
144,0.85,0.15,0.2855993321,922,0.9332621228,0.01571788633
144,0.85,0.15,0.2855993321,924,0.9330633818,0.01570950351
144,0.85,0.15,0.2855993321,926,0.9328640855,0.01570822083
144,0.85,0.15,0.2855993321,928,0.9326763428,0.01571301557
144,0.85,0.15,0.2855993321,930,0.9324991393,0.01571644548
144,0.85,0.15,0.2855993321,932,0.9323109354,0.01571995179
144,0.85,0.15,0.2855993321,934,0.932110953,0.01571568723
144,0.85,0.15,0.2855993321,936,0.9319034056,0.01570873254
144,0.85,0.15,0.2855993321,938,0.9316991995,0.01569692139
144,0.85,0.15,0.2855993321,940,0.9315007322,0.01569064347
144,0.85,0.15,0.2855993321,942,0.9313101776,0.01568787538
144,0.85,0.15,0.2855993321,944,0.93112346,0.01568812891
144,0.85,0.15,0.2855993321,946,0.9309186458,0.01569174531
144,0.85,0.15,0.2855993321,948,0.9307229175,0.01569697888
144,0.85,0.15,0.2855993321,950,0.9305248396,0.0157028079
144,0.85,0.15,0.2855993321,952,0.9303231339,0.01569952639
144,0.85,0.15,0.2855993321,954,0.9301136699,0.0156899759
144,0.85,0.15,0.2855993321,956,0.9298942947,0.01567889329
144,0.85,0.15,0.2855993321,958,0.9296902334,0.01566550351
144,0.85,0.15,0.2855993321,960,0.929488247,0.01565013231
144,0.85,0.15,0.2855993321,962,0.9292902206,0.01563343201
144,0.85,0.15,0.2855993321,964,0.9291127633,0.01561529226
144,0.85,0.15,0.2855993321,966,0.9289319249,0.01559637871
144,0.85,0.15,0.2855993321,968,0.9287528347,0.01558045991
144,0.85,0.15,0.2855993321,970,0.9285690789,0.01557301622
144,0.85,0.15,0.2855993321,972,0.9283714633,0.01557969347
144,0.85,0.15,0.2855993321,974,0.9281690532,0.01558805123
144,0.85,0.15,0.2855993321,976,0.9279823867,0.01558757149
144,0.85,0.15,0.2855993321,978,0.9278018652,0.01558464283
144,0.85,0.15,0.2855993321,980,0.9276328365,0.01558019025
144,0.85,0.15,0.2855993321,982,0.9274670949,0.01556653978
144,0.85,0.15,0.2855993321,984,0.927286947,0.01555397074
144,0.85,0.15,0.2855993321,986,0.9270991184,0.01555033853
144,0.85,0.15,0.2855993321,988,0.9269142706,0.01554462848
144,0.85,0.15,0.2855993321,990,0.9267237592,0.01554141149
144,0.85,0.15,0.2855993321,992,0.9265483563,0.01553374663
144,0.85,0.15,0.2855993321,994,0.9263687428,0.01551815522
144,0.85,0.15,0.2855993321,996,0.9261956089,0.01549680592
144,0.85,0.15,0.2855993321,998,0.9260200045,0.01548349096
144,0.85,0.15,0.2855993321,1000,0.9258377391,0.01546440557
144,0.85,0.15,0.2855993321,1002,0.9256829051,0.01544369063
144,0.85,0.15,0.2855993321,1004,0.9255303934,0.01541837255
144,0.85,0.15,0.2855993321,1006,0.925365453,0.01539131426
144,0.85,0.15,0.2855993321,1008,0.9251991911,0.0153620808
144,0.85,0.15,0.2855993321,1010,0.9250288486,0.01533569776
144,0.85,0.15,0.2855993321,1012,0.9248510445,0.01530642347
144,0.85,0.15,0.2855993321,1014,0.9246791701,0.01528038491
144,0.85,0.15,0.2855993321,1016,0.9245156356,0.01525373011
144,0.85,0.15,0.2855993321,1018,0.9243659581,0.0152094526
144,0.85,0.15,0.2855993321,1020,0.9242127293,0.01517445411
144,0.85,0.15,0.2855993321,1022,0.92405239,0.01514597627
144,0.85,0.15,0.2855993321,1024,0.9238943777,0.01511958324
144,0.85,0.15,0.2855993321,1026,0.9237403352,0.01509233998
144,0.85,0.15,0.2855993321,1028,0.9235787549,0.01505864019
144,0.85,0.15,0.2855993321,1030,0.9234131204,0.01502309264
144,0.85,0.15,0.2855993321,1032,0.9232461285,0.01497311903
144,0.85,0.15,0.2855993321,1034,0.9230910579,0.01492972271
144,0.85,0.15,0.2855993321,1036,0.9229355758,0.01488944906
144,0.85,0.15,0.2855993321,1038,0.9227715275,0.01485171738
144,0.85,0.15,0.2855993321,1040,0.9226100903,0.01481613314
144,0.85,0.15,0.2855993321,1042,0.9224379458,0.01477907395
144,0.85,0.15,0.2855993321,1044,0.9222726668,0.01473015515
144,0.85,0.15,0.2855993321,1046,0.9221186203,0.01468724979
144,0.85,0.15,0.2855993321,1048,0.9219693727,0.0146523983
144,0.85,0.15,0.2855993321,1050,0.9218036728,0.01462883842
144,0.85,0.15,0.2855993321,1052,0.9216376404,0.01460658053
144,0.85,0.15,0.2855993321,1054,0.9214663073,0.01458062771
144,0.85,0.15,0.2855993321,1056,0.9212936496,0.01455669178
144,0.85,0.15,0.2855993321,1058,0.9211069789,0.01453804052
144,0.85,0.15,0.2855993321,1060,0.9209095796,0.01452387272
144,0.85,0.15,0.2855993321,1062,0.92070729,0.01451661876
144,0.85,0.15,0.2855993321,1064,0.9205213866,0.01451707416
144,0.85,0.15,0.2855993321,1066,0.9203344907,0.01451201234
144,0.85,0.15,0.2855993321,1068,0.920164477,0.01450102478
144,0.85,0.15,0.2855993321,1070,0.9199821493,0.01449791087
144,0.85,0.15,0.2855993321,1072,0.9197783932,0.01450414885
144,0.85,0.15,0.2855993321,1074,0.9195899966,0.01450165455
144,0.85,0.15,0.2855993321,1076,0.9194218186,0.01449053949
144,0.85,0.15,0.2855993321,1078,0.9192604089,0.0144810236
144,0.85,0.15,0.2855993321,1080,0.9190941598,0.0144759731
144,0.85,0.15,0.2855993321,1082,0.9189306865,0.01447619578
144,0.85,0.15,0.2855993321,1084,0.9187593187,0.01447826159
144,0.85,0.15,0.2855993321,1086,0.9185899997,0.01447714207
144,0.85,0.15,0.2855993321,1088,0.9184266995,0.01447196972
144,0.85,0.15,0.2855993321,1090,0.9182611793,0.01447186294
144,0.85,0.15,0.2855993321,1092,0.9180852272,0.01447108133
144,0.85,0.15,0.2855993321,1094,0.9179112279,0.01447133613
144,0.85,0.15,0.2855993321,1096,0.9177347786,0.01447126919
144,0.85,0.15,0.2855993321,1098,0.9175521648,0.01446529996
144,0.85,0.15,0.2855993321,1100,0.9173617581,0.01447135204
144,0.85,0.15,0.2855993321,1102,0.9171648443,0.01446836735
144,0.85,0.15,0.2855993321,1104,0.916965196,0.0144710714
144,0.85,0.15,0.2855993321,1106,0.9167757684,0.01447268398
144,0.85,0.15,0.2855993321,1108,0.9165813529,0.01447334188
144,0.85,0.15,0.2855993321,1110,0.9163895874,0.01447722643
144,0.85,0.15,0.2855993321,1112,0.9162105842,0.01448354275
144,0.85,0.15,0.2855993321,1114,0.916022302,0.01448551913
144,0.85,0.15,0.2855993321,1116,0.9158407484,0.01450225186
144,0.85,0.15,0.2855993321,1118,0.9156673146,0.01451657036
144,0.85,0.15,0.2855993321,1120,0.915495271,0.01453680445
144,0.85,0.15,0.2855993321,1122,0.9153057862,0.01455703385
144,0.85,0.15,0.2855993321,1124,0.9151106253,0.01458089991
144,0.85,0.15,0.2855993321,1126,0.9149288329,0.01459420972
144,0.85,0.15,0.2855993321,1128,0.9147408293,0.01460630638
144,0.85,0.15,0.2855993321,1130,0.9145507711,0.01461101618
144,0.85,0.15,0.2855993321,1132,0.914358047,0.01461660771
144,0.85,0.15,0.2855993321,1134,0.9141547484,0.01463188306
144,0.85,0.15,0.2855993321,1136,0.9139664906,0.01463767726
144,0.85,0.15,0.2855993321,1138,0.9137883989,0.01462776116
144,0.85,0.15,0.2855993321,1140,0.9136052544,0.01461238157
144,0.85,0.15,0.2855993321,1142,0.9134151738,0.01460587819
144,0.85,0.15,0.2855993321,1144,0.9132341894,0.01459908006
144,0.85,0.15,0.2855993321,1146,0.9130567852,0.01460884639
144,0.85,0.15,0.2855993321,1148,0.9128950539,0.0146109235
144,0.85,0.15,0.2855993321,1150,0.9127360005,0.01460173164
144,0.85,0.15,0.2855993321,1152,0.9125847888,0.01459174383
144,0.85,0.15,0.2855993321,1154,0.9124326983,0.01457370809
144,0.85,0.15,0.2855993321,1156,0.9122675046,0.01455369667
144,0.85,0.15,0.2855993321,1158,0.9120945035,0.01453175643
144,0.85,0.15,0.2855993321,1160,0.9119194663,0.01449483365
144,0.85,0.15,0.2855993321,1162,0.9117404906,0.01446114061
144,0.85,0.15,0.2855993321,1164,0.9115740845,0.01441882753
144,0.85,0.15,0.2855993321,1166,0.9114099628,0.01438170209
144,0.85,0.15,0.2855993321,1168,0.9112369719,0.01434859528
144,0.85,0.15,0.2855993321,1170,0.9110785624,0.01430925423
144,0.85,0.15,0.2855993321,1172,0.9108979026,0.01426949191
144,0.85,0.15,0.2855993321,1174,0.9107276455,0.01422524254
144,0.85,0.15,0.2855993321,1176,0.9105487218,0.01417890332
144,0.85,0.15,0.2855993321,1178,0.9103580621,0.01413361437
144,0.85,0.15,0.2855993321,1180,0.9101553592,0.01409771268
144,0.85,0.15,0.2855993321,1182,0.9099458423,0.01406961315
144,0.85,0.15,0.2855993321,1184,0.9097421926,0.01404262529
144,0.85,0.15,0.2855993321,1186,0.9095405795,0.0140108382
144,0.85,0.15,0.2855993321,1188,0.9093294734,0.01399475616
144,0.85,0.15,0.2855993321,1190,0.9091202878,0.0139742828
144,0.85,0.15,0.2855993321,1192,0.9089111325,0.01394055473
144,0.85,0.15,0.2855993321,1194,0.9086834091,0.01390500499
144,0.85,0.15,0.2855993321,1196,0.9084572892,0.01387108739
144,0.85,0.15,0.2855993321,1198,0.9082304528,0.01383193637
144,0.85,0.15,0.2855993321,1200,0.908011713,0.01378753262
144,0.85,0.15,0.2855993321,1202,0.9077796673,0.0137580744
144,0.85,0.15,0.2855993321,1204,0.9075572383,0.01373560445
144,0.85,0.15,0.2855993321,1206,0.9073377554,0.01370964695
144,0.85,0.15,0.2855993321,1208,0.9071251801,0.01368961103
144,0.85,0.15,0.2855993321,1210,0.9069023049,0.01367782323
144,0.85,0.15,0.2855993321,1212,0.9066799889,0.01367693733
144,0.85,0.15,0.2855993321,1214,0.9064861155,0.01366386785
144,0.85,0.15,0.2855993321,1216,0.9062889963,0.01365825
144,0.85,0.15,0.2855993321,1218,0.9060963118,0.01364392466
144,0.85,0.15,0.2855993321,1220,0.9058973833,0.01362741812
144,0.85,0.15,0.2855993321,1222,0.9056825544,0.01361120516
144,0.85,0.15,0.2855993321,1224,0.9054645204,0.01360270205
144,0.85,0.15,0.2855993321,1226,0.905232676,0.01359981393
144,0.85,0.15,0.2855993321,1228,0.9050037184,0.01360790645
144,0.85,0.15,0.2855993321,1230,0.9047724355,0.01360628649
144,0.85,0.15,0.2855993321,1232,0.9045536534,0.01359717503
144,0.85,0.15,0.2855993321,1234,0.9043304347,0.01359412758
144,0.85,0.15,0.2855993321,1236,0.9040972012,0.01359090042
144,0.85,0.15,0.2855993321,1238,0.9038683477,0.01358625005
144,0.85,0.15,0.2855993321,1240,0.9036384328,0.01358418585
144,0.85,0.15,0.2855993321,1242,0.9034159098,0.01358383898
144,0.85,0.15,0.2855993321,1244,0.9031883204,0.0135826337
144,0.85,0.15,0.2855993321,1246,0.9029592735,0.01358368407
144,0.85,0.15,0.2855993321,1248,0.9027355572,0.01358419537
144,0.8,0.2,0.2855993321,0,1,0
144,0.8,0.2,0.2855993321,2,0.9998322546,2.201405489e-05
144,0.8,0.2,0.2855993321,4,0.9996393714,4.338000405e-05
144,0.8,0.2,0.2855993321,6,0.9994618215,6.800341329e-05
144,0.8,0.2,0.2855993321,8,0.9992907647,9.184099327e-05
144,0.8,0.2,0.2855993321,10,0.999132727,0.0001194407068
144,0.8,0.2,0.2855993321,12,0.9989823922,0.0001503408033
144,0.8,0.2,0.2855993321,14,0.9988403493,0.0001800546842
144,0.8,0.2,0.2855993321,16,0.9987005139,0.0002115712077
144,0.8,0.2,0.2855993321,18,0.9985645851,0.0002387038608
144,0.8,0.2,0.2855993321,20,0.9984352401,0.0002634981979
144,0.8,0.2,0.2855993321,22,0.9983081046,0.0002854294688
144,0.8,0.2,0.2855993321,24,0.9981864031,0.0003064026421
144,0.8,0.2,0.2855993321,26,0.9980606381,0.0003272112359
144,0.8,0.2,0.2855993321,28,0.9979387255,0.0003426334787
144,0.8,0.2,0.2855993321,30,0.9978149782,0.0003567174434
144,0.8,0.2,0.2855993321,32,0.997693897,0.000370025433
144,0.8,0.2,0.2855993321,34,0.9975705399,0.0003872205788
144,0.8,0.2,0.2855993321,36,0.997453607,0.0004047559007
144,0.8,0.2,0.2855993321,38,0.9973278863,0.0004235526874
144,0.8,0.2,0.2855993321,40,0.9972000154,0.0004431318926
144,0.8,0.2,0.2855993321,42,0.9970756978,0.0004617449094
144,0.8,0.2,0.2855993321,44,0.9969510342,0.0004794189526
144,0.8,0.2,0.2855993321,46,0.9968240452,0.0004968972191
144,0.8,0.2,0.2855993321,48,0.9966921184,0.0005165778871
144,0.8,0.2,0.2855993321,50,0.9965558109,0.0005365906579
144,0.8,0.2,0.2855993321,52,0.9964160267,0.0005528568573
144,0.8,0.2,0.2855993321,54,0.9962736869,0.00057058103
144,0.8,0.2,0.2855993321,56,0.9961317316,0.0005933530246
144,0.8,0.2,0.2855993321,58,0.995992338,0.0006153623841
144,0.8,0.2,0.2855993321,60,0.9958535565,0.0006396143282
144,0.8,0.2,0.2855993321,62,0.9957192833,0.0006628126296
144,0.8,0.2,0.2855993321,64,0.9955885429,0.0006863239437
144,0.8,0.2,0.2855993321,66,0.9954580097,0.0007113308838
144,0.8,0.2,0.2855993321,68,0.9953296029,0.0007376427214
144,0.8,0.2,0.2855993321,70,0.9952009461,0.0007624956242
144,0.8,0.2,0.2855993321,72,0.9950774844,0.0007908259733
144,0.8,0.2,0.2855993321,74,0.9949569668,0.0008173959904
144,0.8,0.2,0.2855993321,76,0.9948342443,0.0008455175816
144,0.8,0.2,0.2855993321,78,0.9947149668,0.0008762632452
144,0.8,0.2,0.2855993321,80,0.99458582,0.0009055466972
144,0.8,0.2,0.2855993321,82,0.9944541273,0.0009357493432
144,0.8,0.2,0.2855993321,84,0.9943263748,0.0009690505857
144,0.8,0.2,0.2855993321,86,0.9942011547,0.0009976660353
144,0.8,0.2,0.2855993321,88,0.994083179,0.001023559574
144,0.8,0.2,0.2855993321,90,0.9939709762,0.001051045975
144,0.8,0.2,0.2855993321,92,0.9938582636,0.001078353767
144,0.8,0.2,0.2855993321,94,0.9937451897,0.001101022073
144,0.8,0.2,0.2855993321,96,0.9936330259,0.001120112156
144,0.8,0.2,0.2855993321,98,0.9935259826,0.001135788581
144,0.8,0.2,0.2855993321,100,0.9934230999,0.001152197555
144,0.8,0.2,0.2855993321,102,0.9933159252,0.001169440828
144,0.8,0.2,0.2855993321,104,0.9932072779,0.001191244276
144,0.8,0.2,0.2855993321,106,0.9931021519,0.001211579476
144,0.8,0.2,0.2855993321,108,0.9929930242,0.001232098894
144,0.8,0.2,0.2855993321,110,0.9928806007,0.00125206378
144,0.8,0.2,0.2855993321,112,0.9927681062,0.00127262261
144,0.8,0.2,0.2855993321,114,0.9926627955,0.001291998596
144,0.8,0.2,0.2855993321,116,0.9925587661,0.001312831304
144,0.8,0.2,0.2855993321,118,0.9924608993,0.001334673559
144,0.8,0.2,0.2855993321,120,0.9923652116,0.001361878959
144,0.8,0.2,0.2855993321,122,0.9922694507,0.001389574893
144,0.8,0.2,0.2855993321,124,0.992177612,0.001419753557
144,0.8,0.2,0.2855993321,126,0.992085459,0.001447518558
144,0.8,0.2,0.2855993321,128,0.9919921187,0.001475083299
144,0.8,0.2,0.2855993321,130,0.9919018737,0.001505530612
144,0.8,0.2,0.2855993321,132,0.9918185456,0.001539052361
144,0.8,0.2,0.2855993321,134,0.9917230791,0.00157342664
144,0.8,0.2,0.2855993321,136,0.9916235741,0.001609331464
144,0.8,0.2,0.2855993321,138,0.9915333168,0.001645181059
144,0.8,0.2,0.2855993321,140,0.9914491984,0.001681004466
144,0.8,0.2,0.2855993321,142,0.9913561925,0.001713999753
144,0.8,0.2,0.2855993321,144,0.9912612082,0.001749669791
144,0.8,0.2,0.2855993321,146,0.9911620648,0.001791771451
144,0.8,0.2,0.2855993321,148,0.9910620108,0.00183935157
144,0.8,0.2,0.2855993321,150,0.9909633294,0.001888922115
144,0.8,0.2,0.2855993321,152,0.9908686353,0.00193573687
144,0.8,0.2,0.2855993321,154,0.9907695925,0.001982523166
144,0.8,0.2,0.2855993321,156,0.9906676666,0.002031029187
144,0.8,0.2,0.2855993321,158,0.9905671554,0.00207966521
144,0.8,0.2,0.2855993321,160,0.9904613956,0.002124171483
144,0.8,0.2,0.2855993321,162,0.9903562707,0.002171989849
144,0.8,0.2,0.2855993321,164,0.9902451225,0.002219791944
144,0.8,0.2,0.2855993321,166,0.990146409,0.002269671219
144,0.8,0.2,0.2855993321,168,0.9900401458,0.00232298587
144,0.8,0.2,0.2855993321,170,0.9899332638,0.002374581961
144,0.8,0.2,0.2855993321,172,0.9898280931,0.002425228072
144,0.8,0.2,0.2855993321,174,0.9897284215,0.002475626462
144,0.8,0.2,0.2855993321,176,0.9896242242,0.002520657743
144,0.8,0.2,0.2855993321,178,0.9895244314,0.00256378418
144,0.8,0.2,0.2855993321,180,0.9894282426,0.00260419407
144,0.8,0.2,0.2855993321,182,0.9893317936,0.002643971065
144,0.8,0.2,0.2855993321,184,0.9892368641,0.00268740581
144,0.8,0.2,0.2855993321,186,0.9891351563,0.002726412052
144,0.8,0.2,0.2855993321,188,0.989033593,0.002759899151
144,0.8,0.2,0.2855993321,190,0.9889319752,0.002793076362
144,0.8,0.2,0.2855993321,192,0.9888364433,0.002824053842
144,0.8,0.2,0.2855993321,194,0.9887375814,0.002857928695
144,0.8,0.2,0.2855993321,196,0.9886384958,0.00289144122
144,0.8,0.2,0.2855993321,198,0.9885296803,0.002925303502
144,0.8,0.2,0.2855993321,200,0.9884233219,0.002959383524
144,0.8,0.2,0.2855993321,202,0.9883208481,0.002986954985
144,0.8,0.2,0.2855993321,204,0.9882232974,0.003010219891
144,0.8,0.2,0.2855993321,206,0.9881263982,0.003030668473
144,0.8,0.2,0.2855993321,208,0.9880328551,0.003051704424
144,0.8,0.2,0.2855993321,210,0.9879440444,0.003071250318
144,0.8,0.2,0.2855993321,212,0.9878538498,0.003087516794
144,0.8,0.2,0.2855993321,214,0.9877641641,0.003108465039
144,0.8,0.2,0.2855993321,216,0.987679308,0.003131533841
144,0.8,0.2,0.2855993321,218,0.9875891295,0.003156399351
144,0.8,0.2,0.2855993321,220,0.987496524,0.003181195555
144,0.8,0.2,0.2855993321,222,0.987404508,0.00320820597
144,0.8,0.2,0.2855993321,224,0.9873081661,0.003238117412
144,0.8,0.2,0.2855993321,226,0.9872117095,0.0032688749
144,0.8,0.2,0.2855993321,228,0.987116895,0.003294110525
144,0.8,0.2,0.2855993321,230,0.9870185549,0.003323530802
144,0.8,0.2,0.2855993321,232,0.9869198918,0.003352974617
144,0.8,0.2,0.2855993321,234,0.9868203306,0.003382520112
144,0.8,0.2,0.2855993321,236,0.9867138364,0.003410286345
144,0.8,0.2,0.2855993321,238,0.9866108045,0.003435139542
144,0.8,0.2,0.2855993321,240,0.9865096702,0.003457271857
144,0.8,0.2,0.2855993321,242,0.9864025601,0.003478118228
144,0.8,0.2,0.2855993321,244,0.9862934118,0.003496549478
144,0.8,0.2,0.2855993321,246,0.9861882373,0.003518552458
144,0.8,0.2,0.2855993321,248,0.9860820586,0.003536486773
144,0.8,0.2,0.2855993321,250,0.9859757,0.003558165573
144,0.8,0.2,0.2855993321,252,0.9858699952,0.00357954508
144,0.8,0.2,0.2855993321,254,0.9857578322,0.003595541686
144,0.8,0.2,0.2855993321,256,0.985641693,0.003612824921
144,0.8,0.2,0.2855993321,258,0.9855245931,0.003627861839
144,0.8,0.2,0.2855993321,260,0.9854083397,0.003641910117
144,0.8,0.2,0.2855993321,262,0.9852918357,0.003656292765
144,0.8,0.2,0.2855993321,264,0.9851801599,0.00366976431
144,0.8,0.2,0.2855993321,266,0.985073922,0.003682307419
144,0.8,0.2,0.2855993321,268,0.984966257,0.003691566297
144,0.8,0.2,0.2855993321,270,0.9848555277,0.003702502354
144,0.8,0.2,0.2855993321,272,0.9847484714,0.003720539657
144,0.8,0.2,0.2855993321,274,0.9846482552,0.00374009766
144,0.8,0.2,0.2855993321,276,0.984549045,0.003761939809
144,0.8,0.2,0.2855993321,278,0.9844526791,0.003781405615
144,0.8,0.2,0.2855993321,280,0.9843592224,0.003801575472
144,0.8,0.2,0.2855993321,282,0.9842627781,0.00382318815
144,0.8,0.2,0.2855993321,284,0.9841646146,0.003841528675
144,0.8,0.2,0.2855993321,286,0.9840738848,0.003860854236
144,0.8,0.2,0.2855993321,288,0.9839815103,0.003882160401
144,0.8,0.2,0.2855993321,290,0.9838883288,0.003901696831
144,0.8,0.2,0.2855993321,292,0.9837947544,0.003923929489
144,0.8,0.2,0.2855993321,294,0.9837004022,0.003945230588
144,0.8,0.2,0.2855993321,296,0.9836044068,0.003971464903
144,0.8,0.2,0.2855993321,298,0.983510483,0.00400263399
144,0.8,0.2,0.2855993321,300,0.9834170784,0.004032468611
144,0.8,0.2,0.2855993321,302,0.983316828,0.004063133805
144,0.8,0.2,0.2855993321,304,0.9832276734,0.004097933149
144,0.8,0.2,0.2855993321,306,0.9831380212,0.004139130115
144,0.8,0.2,0.2855993321,308,0.9830525906,0.004177511835
144,0.8,0.2,0.2855993321,310,0.9829691168,0.004215717225
144,0.8,0.2,0.2855993321,312,0.9828807382,0.004252208744
144,0.8,0.2,0.2855993321,314,0.9827967749,0.004288011349
144,0.8,0.2,0.2855993321,316,0.9827133777,0.004328519742
144,0.8,0.2,0.2855993321,318,0.9826285661,0.004373180932
144,0.8,0.2,0.2855993321,320,0.9825525093,0.004412539812
144,0.8,0.2,0.2855993321,322,0.982475615,0.00445184912
144,0.8,0.2,0.2855993321,324,0.9823971852,0.004496825371
144,0.8,0.2,0.2855993321,326,0.9823195772,0.004544083643
144,0.8,0.2,0.2855993321,328,0.982247526,0.004590493742
144,0.8,0.2,0.2855993321,330,0.9821702839,0.004637188578
144,0.8,0.2,0.2855993321,332,0.9820982048,0.004679322721
144,0.8,0.2,0.2855993321,334,0.9820221737,0.004715709306
144,0.8,0.2,0.2855993321,336,0.9819431213,0.004752264302
144,0.8,0.2,0.2855993321,338,0.9818718155,0.004791079377
144,0.8,0.2,0.2855993321,340,0.9817933691,0.004831400192
144,0.8,0.2,0.2855993321,342,0.9817214775,0.004871295721
144,0.8,0.2,0.2855993321,344,0.9816556477,0.004914465517
144,0.8,0.2,0.2855993321,346,0.9815899636,0.0049559325
144,0.8,0.2,0.2855993321,348,0.9815239188,0.004992313972
144,0.8,0.2,0.2855993321,350,0.9814598025,0.005032440836
144,0.8,0.2,0.2855993321,352,0.9814051239,0.005071842656
144,0.8,0.2,0.2855993321,354,0.9813489197,0.005113650921
144,0.8,0.2,0.2855993321,356,0.981295606,0.005154689732
144,0.8,0.2,0.2855993321,358,0.98123563,0.005194176324
144,0.8,0.2,0.2855993321,360,0.9811783246,0.005230244441
144,0.8,0.2,0.2855993321,362,0.981117263,0.00526537965
144,0.8,0.2,0.2855993321,364,0.9810614589,0.005302958351
144,0.8,0.2,0.2855993321,366,0.9810054727,0.00534405857
144,0.8,0.2,0.2855993321,368,0.98095059,0.005388605025
144,0.8,0.2,0.2855993321,370,0.9808959683,0.005431343148
144,0.8,0.2,0.2855993321,372,0.9808394899,0.005479079913
144,0.8,0.2,0.2855993321,374,0.9807876739,0.005519568458
144,0.8,0.2,0.2855993321,376,0.9807401307,0.005559496533
144,0.8,0.2,0.2855993321,378,0.9806950384,0.005596593801
144,0.8,0.2,0.2855993321,380,0.9806506431,0.005633739704
144,0.8,0.2,0.2855993321,382,0.9806067301,0.005671688123
144,0.8,0.2,0.2855993321,384,0.9805691269,0.005703465118
144,0.8,0.2,0.2855993321,386,0.9805274092,0.005731946642
144,0.8,0.2,0.2855993321,388,0.9804915937,0.005760573904
144,0.8,0.2,0.2855993321,390,0.9804584882,0.005790800784
144,0.8,0.2,0.2855993321,392,0.9804290525,0.005821144181
144,0.8,0.2,0.2855993321,394,0.9803981242,0.00585365477
144,0.8,0.2,0.2855993321,396,0.9803607444,0.005884440323
144,0.8,0.2,0.2855993321,398,0.9803168534,0.005909800028
144,0.8,0.2,0.2855993321,400,0.9802743902,0.005937031943
144,0.8,0.2,0.2855993321,402,0.9802304837,0.005961470273
144,0.8,0.2,0.2855993321,404,0.9801962818,0.005982241293
144,0.8,0.2,0.2855993321,406,0.9801632902,0.006005957145
144,0.8,0.2,0.2855993321,408,0.980132627,0.006028171271
144,0.8,0.2,0.2855993321,410,0.980106234,0.006050351255
144,0.8,0.2,0.2855993321,412,0.9800850454,0.006075508414
144,0.8,0.2,0.2855993321,414,0.9800654575,0.006103549123
144,0.8,0.2,0.2855993321,416,0.9800450935,0.006130554863
144,0.8,0.2,0.2855993321,418,0.9800199558,0.00615644683
144,0.8,0.2,0.2855993321,420,0.9799898175,0.006179756876
144,0.8,0.2,0.2855993321,422,0.9799607559,0.006199664606
144,0.8,0.2,0.2855993321,424,0.9799309109,0.006220206144
144,0.8,0.2,0.2855993321,426,0.9798944796,0.00624150316
144,0.8,0.2,0.2855993321,428,0.979856764,0.006267493527
144,0.8,0.2,0.2855993321,430,0.9798191557,0.006294315682
144,0.8,0.2,0.2855993321,432,0.9797806007,0.006317917484
144,0.8,0.2,0.2855993321,434,0.9797449138,0.006338010383
144,0.8,0.2,0.2855993321,436,0.9797015909,0.006361635838
144,0.8,0.2,0.2855993321,438,0.9796591074,0.006378401212
144,0.8,0.2,0.2855993321,440,0.979618224,0.006392082218
144,0.8,0.2,0.2855993321,442,0.9795680851,0.006406100483
144,0.8,0.2,0.2855993321,444,0.9795162278,0.006426755197
144,0.8,0.2,0.2855993321,446,0.979467271,0.006449698592
144,0.8,0.2,0.2855993321,448,0.9794350439,0.006474756417
144,0.8,0.2,0.2855993321,450,0.9794098267,0.00649597175
144,0.8,0.2,0.2855993321,452,0.9793896272,0.00651402422
144,0.8,0.2,0.2855993321,454,0.9793673571,0.006535324342
144,0.8,0.2,0.2855993321,456,0.9793388837,0.006558752218
144,0.8,0.2,0.2855993321,458,0.9793031184,0.006584747589
144,0.8,0.2,0.2855993321,460,0.9792684754,0.006608146889
144,0.8,0.2,0.2855993321,462,0.9792388178,0.006630611279
144,0.8,0.2,0.2855993321,464,0.9792067751,0.006651660266
144,0.8,0.2,0.2855993321,466,0.9791685222,0.006676004834
144,0.8,0.2,0.2855993321,468,0.9791458805,0.006701895819
144,0.8,0.2,0.2855993321,470,0.9791220763,0.006725774329
144,0.8,0.2,0.2855993321,472,0.9790910642,0.006747945883
144,0.8,0.2,0.2855993321,474,0.9790539753,0.006773039467
144,0.8,0.2,0.2855993321,476,0.9790091276,0.00679679125
144,0.8,0.2,0.2855993321,478,0.9789619787,0.006819652284
144,0.8,0.2,0.2855993321,480,0.9789080515,0.00683989561
144,0.8,0.2,0.2855993321,482,0.9788524785,0.006867287927
144,0.8,0.2,0.2855993321,484,0.9788094853,0.006892885662
144,0.8,0.2,0.2855993321,486,0.9787584697,0.006916703378
144,0.8,0.2,0.2855993321,488,0.978706478,0.006943362085
144,0.8,0.2,0.2855993321,490,0.9786458054,0.006971622144
144,0.8,0.2,0.2855993321,492,0.978573921,0.00699191411
144,0.8,0.2,0.2855993321,494,0.9785031938,0.007013128685
144,0.8,0.2,0.2855993321,496,0.978422875,0.00703048076
144,0.8,0.2,0.2855993321,498,0.9783464948,0.007051947787
144,0.8,0.2,0.2855993321,500,0.9782744839,0.007075517406
144,0.8,0.2,0.2855993321,502,0.9782064519,0.007097398664
144,0.8,0.2,0.2855993321,504,0.9781340461,0.007120893557
144,0.8,0.2,0.2855993321,506,0.9780576844,0.007144510885
144,0.8,0.2,0.2855993321,508,0.9779853602,0.0071672759
144,0.8,0.2,0.2855993321,510,0.9779147636,0.007188628426
144,0.8,0.2,0.2855993321,512,0.9778451238,0.007209448069
144,0.8,0.2,0.2855993321,514,0.9777706697,0.007225725311
144,0.8,0.2,0.2855993321,516,0.9776897353,0.007242197301
144,0.8,0.2,0.2855993321,518,0.9776079149,0.007257403859
144,0.8,0.2,0.2855993321,520,0.9775175083,0.007274335526
144,0.8,0.2,0.2855993321,522,0.9774331225,0.007294559292
144,0.8,0.2,0.2855993321,524,0.9773446359,0.007314770677
144,0.8,0.2,0.2855993321,526,0.9772673361,0.007337061183
144,0.8,0.2,0.2855993321,528,0.9771850617,0.007357321622
144,0.8,0.2,0.2855993321,530,0.9770963755,0.007381304807
144,0.8,0.2,0.2855993321,532,0.9770078471,0.007405850031
144,0.8,0.2,0.2855993321,534,0.9769167732,0.007434649468
144,0.8,0.2,0.2855993321,536,0.9768251557,0.007465331685
144,0.8,0.2,0.2855993321,538,0.9767410932,0.00749782045
144,0.8,0.2,0.2855993321,540,0.976656652,0.007535075403
144,0.8,0.2,0.2855993321,542,0.9765599076,0.007573561233
144,0.8,0.2,0.2855993321,544,0.9764561706,0.007611653581
144,0.8,0.2,0.2855993321,546,0.9763475862,0.007645910323
144,0.8,0.2,0.2855993321,548,0.9762519201,0.007681540298
144,0.8,0.2,0.2855993321,550,0.9761641184,0.007722020926
144,0.8,0.2,0.2855993321,552,0.9760690461,0.007760172613
144,0.8,0.2,0.2855993321,554,0.9759809459,0.007799439343
144,0.8,0.2,0.2855993321,556,0.9758863564,0.007841094371
144,0.8,0.2,0.2855993321,558,0.975790133,0.007879495028
144,0.8,0.2,0.2855993321,560,0.9757034316,0.007918992597
144,0.8,0.2,0.2855993321,562,0.9756258522,0.007957145858
144,0.8,0.2,0.2855993321,564,0.9755372142,0.007995540385
144,0.8,0.2,0.2855993321,566,0.9754507968,0.008029886208
144,0.8,0.2,0.2855993321,568,0.9753741936,0.008062791052
144,0.8,0.2,0.2855993321,570,0.9752969769,0.008091449263
144,0.8,0.2,0.2855993321,572,0.9752259476,0.008125783825
144,0.8,0.2,0.2855993321,574,0.9751472334,0.00816449649
144,0.8,0.2,0.2855993321,576,0.9750757072,0.00819937939
144,0.8,0.2,0.2855993321,578,0.9749944248,0.008232290131
144,0.8,0.2,0.2855993321,580,0.9749110417,0.0082656478
144,0.8,0.2,0.2855993321,582,0.9748247866,0.008291283901
144,0.8,0.2,0.2855993321,584,0.9747371517,0.008312292705
144,0.8,0.2,0.2855993321,586,0.9746452484,0.00832981295
144,0.8,0.2,0.2855993321,588,0.974543224,0.008348171641
144,0.8,0.2,0.2855993321,590,0.9744339238,0.008372932721
144,0.8,0.2,0.2855993321,592,0.9743282272,0.008395492929
144,0.8,0.2,0.2855993321,594,0.974218677,0.008415693733
144,0.8,0.2,0.2855993321,596,0.9741101348,0.008438331449
144,0.8,0.2,0.2855993321,598,0.9740019688,0.008460652784
144,0.8,0.2,0.2855993321,600,0.9738991627,0.00848171121
144,0.8,0.2,0.2855993321,602,0.9737848381,0.00850617062
144,0.8,0.2,0.2855993321,604,0.9736575569,0.008529607383
144,0.8,0.2,0.2855993321,606,0.9735287268,0.008551079447
144,0.8,0.2,0.2855993321,608,0.9734050493,0.00856972307
144,0.8,0.2,0.2855993321,610,0.9732842273,0.008591725424
144,0.8,0.2,0.2855993321,612,0.9731650057,0.008612041652
144,0.8,0.2,0.2855993321,614,0.9730501872,0.008626751982
144,0.8,0.2,0.2855993321,616,0.9729357288,0.008646121831
144,0.8,0.2,0.2855993321,618,0.9728185488,0.008668020601
144,0.8,0.2,0.2855993321,620,0.9727007027,0.008689206841
144,0.8,0.2,0.2855993321,622,0.9725835028,0.008700950558
144,0.8,0.2,0.2855993321,624,0.9724613365,0.008710586308
144,0.8,0.2,0.2855993321,626,0.9723455337,0.008721595652
144,0.8,0.2,0.2855993321,628,0.9722233902,0.00873573714
144,0.8,0.2,0.2855993321,630,0.9721052825,0.008746553927
144,0.8,0.2,0.2855993321,632,0.9719897242,0.008759558878
144,0.8,0.2,0.2855993321,634,0.971869662,0.00877321588
144,0.8,0.2,0.2855993321,636,0.971747966,0.008785400487
144,0.8,0.2,0.2855993321,638,0.9716264058,0.008799113292
144,0.8,0.2,0.2855993321,640,0.9715109832,0.008812810567
144,0.8,0.2,0.2855993321,642,0.9713873341,0.008826960441
144,0.8,0.2,0.2855993321,644,0.9712523165,0.008841562003
144,0.8,0.2,0.2855993321,646,0.9711185728,0.008853260283
144,0.8,0.2,0.2855993321,648,0.9709824855,0.008862178566
144,0.8,0.2,0.2855993321,650,0.9708567654,0.008871466366
144,0.8,0.2,0.2855993321,652,0.9707464618,0.008877268519
144,0.8,0.2,0.2855993321,654,0.9706287017,0.008888398456
144,0.8,0.2,0.2855993321,656,0.9704977875,0.008901414175
144,0.8,0.2,0.2855993321,658,0.9703658992,0.008905376363
144,0.8,0.2,0.2855993321,660,0.9702351539,0.008916894872
144,0.8,0.2,0.2855993321,662,0.9701077931,0.008924904042
144,0.8,0.2,0.2855993321,664,0.9699841645,0.00892948101
144,0.8,0.2,0.2855993321,666,0.9698645729,0.008936562592
144,0.8,0.2,0.2855993321,668,0.9697513765,0.008937139162
144,0.8,0.2,0.2855993321,670,0.9696447915,0.008944493769
144,0.8,0.2,0.2855993321,672,0.9695279688,0.008958339013
144,0.8,0.2,0.2855993321,674,0.9694030567,0.008970517258
144,0.8,0.2,0.2855993321,676,0.9692766464,0.008978693743
144,0.8,0.2,0.2855993321,678,0.96914825,0.008981578521
144,0.8,0.2,0.2855993321,680,0.9690206344,0.008985224807
144,0.8,0.2,0.2855993321,682,0.9688959394,0.008992175704
144,0.8,0.2,0.2855993321,684,0.9687748385,0.009003317352
144,0.8,0.2,0.2855993321,686,0.9686546559,0.00901317711
144,0.8,0.2,0.2855993321,688,0.9685236361,0.009028097629
144,0.8,0.2,0.2855993321,690,0.9683963763,0.009040542827
144,0.8,0.2,0.2855993321,692,0.9682764914,0.009058424801
144,0.8,0.2,0.2855993321,694,0.9681565515,0.009075646922
144,0.8,0.2,0.2855993321,696,0.9680393828,0.009088720746
144,0.8,0.2,0.2855993321,698,0.9679145564,0.009100435475
144,0.8,0.2,0.2855993321,700,0.9677900437,0.009108456897
144,0.8,0.2,0.2855993321,702,0.9676625163,0.009113498014
144,0.8,0.2,0.2855993321,704,0.9675360446,0.009113564181
144,0.8,0.2,0.2855993321,706,0.9674193765,0.009112581638
144,0.8,0.2,0.2855993321,708,0.9673011759,0.009122150741
144,0.8,0.2,0.2855993321,710,0.9671810467,0.009129908449
144,0.8,0.2,0.2855993321,712,0.9670629183,0.009136427006
144,0.8,0.2,0.2855993321,714,0.9669471433,0.009146246452
144,0.8,0.2,0.2855993321,716,0.9668273661,0.009158633394
144,0.8,0.2,0.2855993321,718,0.966702178,0.009175074492
144,0.8,0.2,0.2855993321,720,0.9665921968,0.009189314395
144,0.8,0.2,0.2855993321,722,0.966496783,0.00920357638
144,0.8,0.2,0.2855993321,724,0.9663961839,0.009219945334
144,0.8,0.2,0.2855993321,726,0.9662927338,0.009231285675
144,0.8,0.2,0.2855993321,728,0.9661876069,0.009247465219
144,0.8,0.2,0.2855993321,730,0.9660720154,0.009263789107
144,0.8,0.2,0.2855993321,732,0.9659428687,0.009287047913
144,0.8,0.2,0.2855993321,734,0.9658162254,0.009310103025
144,0.8,0.2,0.2855993321,736,0.9656949275,0.009333515472
144,0.8,0.2,0.2855993321,738,0.9655667326,0.009357121743
144,0.8,0.2,0.2855993321,740,0.9654415964,0.00937938068
144,0.8,0.2,0.2855993321,742,0.9653137668,0.009405365023
144,0.8,0.2,0.2855993321,744,0.9651889825,0.009426911382
144,0.8,0.2,0.2855993321,746,0.9650686097,0.00944825246
144,0.8,0.2,0.2855993321,748,0.9649446352,0.009470848316
144,0.8,0.2,0.2855993321,750,0.9648192585,0.009491027362
144,0.8,0.2,0.2855993321,752,0.9646971189,0.009508718443
144,0.8,0.2,0.2855993321,754,0.9645838283,0.009519249991
144,0.8,0.2,0.2855993321,756,0.9644800685,0.009526662285
144,0.8,0.2,0.2855993321,758,0.9643796701,0.009528221107
144,0.8,0.2,0.2855993321,760,0.9642737607,0.009530158668
144,0.8,0.2,0.2855993321,762,0.96416717,0.009536750824
144,0.8,0.2,0.2855993321,764,0.9640645198,0.009547021189
144,0.8,0.2,0.2855993321,766,0.9639702478,0.009551177447
144,0.8,0.2,0.2855993321,768,0.9638768567,0.009557136273
144,0.8,0.2,0.2855993321,770,0.9637738359,0.009559746471
144,0.8,0.2,0.2855993321,772,0.9636711993,0.009563730113
144,0.8,0.2,0.2855993321,774,0.9635718044,0.009557376171
144,0.8,0.2,0.2855993321,776,0.9634761031,0.009549123944
144,0.8,0.2,0.2855993321,778,0.9633857709,0.009539514182
144,0.8,0.2,0.2855993321,780,0.9632982396,0.009528859121
144,0.8,0.2,0.2855993321,782,0.9632019965,0.009517447784
144,0.8,0.2,0.2855993321,784,0.9630998115,0.009511088143
144,0.8,0.2,0.2855993321,786,0.9630001893,0.009508125064
144,0.8,0.2,0.2855993321,788,0.9628895751,0.009512303556
144,0.8,0.2,0.2855993321,790,0.9627743785,0.009517442563
144,0.8,0.2,0.2855993321,792,0.9626680145,0.009522684932
144,0.8,0.2,0.2855993321,794,0.9625602563,0.009528234916
144,0.8,0.2,0.2855993321,796,0.9624513622,0.009535519499
144,0.8,0.2,0.2855993321,798,0.9623438503,0.009549723764
144,0.8,0.2,0.2855993321,800,0.9622287984,0.009563538008
144,0.8,0.2,0.2855993321,802,0.9621142216,0.009571900387
144,0.8,0.2,0.2855993321,804,0.9619975394,0.009572497406
144,0.8,0.2,0.2855993321,806,0.9618907286,0.009568479696
144,0.8,0.2,0.2855993321,808,0.9617901236,0.009563406022
144,0.8,0.2,0.2855993321,810,0.9616865614,0.009555119724
144,0.8,0.2,0.2855993321,812,0.96158089,0.009551960514
144,0.8,0.2,0.2855993321,814,0.9614721918,0.009549776033
144,0.8,0.2,0.2855993321,816,0.9613726654,0.009545000467
144,0.8,0.2,0.2855993321,818,0.9612718686,0.009538642919
144,0.8,0.2,0.2855993321,820,0.9611632245,0.009526861103
144,0.8,0.2,0.2855993321,822,0.9610599105,0.009509092269
144,0.8,0.2,0.2855993321,824,0.9609557735,0.009492710124
144,0.8,0.2,0.2855993321,826,0.9608566413,0.009480558489
144,0.8,0.2,0.2855993321,828,0.9607572457,0.00946964165
144,0.8,0.2,0.2855993321,830,0.9606625004,0.00945356783
144,0.8,0.2,0.2855993321,832,0.960564028,0.009436258927
144,0.8,0.2,0.2855993321,834,0.960464503,0.009423201777
144,0.8,0.2,0.2855993321,836,0.9603643083,0.009407694323
144,0.8,0.2,0.2855993321,838,0.9602640974,0.009392126328
144,0.8,0.2,0.2855993321,840,0.9601666494,0.009372510173
144,0.8,0.2,0.2855993321,842,0.9600687339,0.009354624169
144,0.8,0.2,0.2855993321,844,0.9599777699,0.00934595597
144,0.8,0.2,0.2855993321,846,0.9598806788,0.009334163064
144,0.8,0.2,0.2855993321,848,0.9597856915,0.009325505226
144,0.8,0.2,0.2855993321,850,0.9596768212,0.009311574442
144,0.8,0.2,0.2855993321,852,0.9595712039,0.009307912791
144,0.8,0.2,0.2855993321,854,0.9594786434,0.009303313093
144,0.8,0.2,0.2855993321,856,0.9593832985,0.009305242364
144,0.8,0.2,0.2855993321,858,0.9592832021,0.009306256068
144,0.8,0.2,0.2855993321,860,0.9591954468,0.009307308861
144,0.8,0.2,0.2855993321,862,0.9591056998,0.009307363084
144,0.8,0.2,0.2855993321,864,0.9590098407,0.009309622324
144,0.8,0.2,0.2855993321,866,0.9589144343,0.009310787594
144,0.8,0.2,0.2855993321,868,0.9588219744,0.009313402469
144,0.8,0.2,0.2855993321,870,0.9587193609,0.009311547499
144,0.8,0.2,0.2855993321,872,0.9586071823,0.009310209766
144,0.8,0.2,0.2855993321,874,0.9584893499,0.009305899285
144,0.8,0.2,0.2855993321,876,0.9583780385,0.00930392562
144,0.8,0.2,0.2855993321,878,0.9582769595,0.009306190663
144,0.8,0.2,0.2855993321,880,0.9581736522,0.009313437305
144,0.8,0.2,0.2855993321,882,0.9580631928,0.009317511249
144,0.8,0.2,0.2855993321,884,0.9579552045,0.009317135387
144,0.8,0.2,0.2855993321,886,0.9578530795,0.009315989501
144,0.8,0.2,0.2855993321,888,0.957737937,0.009315253218
144,0.8,0.2,0.2855993321,890,0.9576280873,0.009320909301
144,0.8,0.2,0.2855993321,892,0.957522617,0.009325164078
144,0.8,0.2,0.2855993321,894,0.9574174433,0.009330947791
144,0.8,0.2,0.2855993321,896,0.957306227,0.009330899874
144,0.8,0.2,0.2855993321,898,0.9572010693,0.009327883572
144,0.8,0.2,0.2855993321,900,0.9570898193,0.009318213705
144,0.8,0.2,0.2855993321,902,0.9569860825,0.009313298904
144,0.8,0.2,0.2855993321,904,0.9568817141,0.009301904499
144,0.8,0.2,0.2855993321,906,0.9567707442,0.009294984325
144,0.8,0.2,0.2855993321,908,0.9566595557,0.009286921151
144,0.8,0.2,0.2855993321,910,0.9565472568,0.009282160054
144,0.8,0.2,0.2855993321,912,0.9564299778,0.00927059151
144,0.8,0.2,0.2855993321,914,0.9563001729,0.009256576242
144,0.8,0.2,0.2855993321,916,0.9561714412,0.009245308921
144,0.8,0.2,0.2855993321,918,0.9560382853,0.009228875032
144,0.8,0.2,0.2855993321,920,0.9559103073,0.009218171112
144,0.8,0.2,0.2855993321,922,0.9557840246,0.009219782977
144,0.8,0.2,0.2855993321,924,0.9556594502,0.009219294725
144,0.8,0.2,0.2855993321,926,0.9555373388,0.009219692768
144,0.8,0.2,0.2855993321,928,0.9554210871,0.009207717505
144,0.8,0.2,0.2855993321,930,0.9553074698,0.009195606765
144,0.8,0.2,0.2855993321,932,0.9552004025,0.009184238527
144,0.8,0.2,0.2855993321,934,0.9550890948,0.009178995212
144,0.8,0.2,0.2855993321,936,0.9549761578,0.009174202828
144,0.8,0.2,0.2855993321,938,0.9548671521,0.009171409951
144,0.8,0.2,0.2855993321,940,0.9547545168,0.009172062803
144,0.8,0.2,0.2855993321,942,0.9546416136,0.009171759349
144,0.8,0.2,0.2855993321,944,0.9545215742,0.009173540621
144,0.8,0.2,0.2855993321,946,0.954412369,0.009169581589
144,0.8,0.2,0.2855993321,948,0.9542989549,0.00916801811
144,0.8,0.2,0.2855993321,950,0.9541869331,0.009165497782
144,0.8,0.2,0.2855993321,952,0.9540713875,0.009168773955
144,0.8,0.2,0.2855993321,954,0.953954835,0.009172988019
144,0.8,0.2,0.2855993321,956,0.9538353822,0.009180757616
144,0.8,0.2,0.2855993321,958,0.9537233176,0.009187759861
144,0.8,0.2,0.2855993321,960,0.9536040054,0.009185476863
144,0.8,0.2,0.2855993321,962,0.9534914754,0.009174986851
144,0.8,0.2,0.2855993321,964,0.9533768115,0.009163383968
144,0.8,0.2,0.2855993321,966,0.9532621334,0.009153712237
144,0.8,0.2,0.2855993321,968,0.9531390677,0.009142492839
144,0.8,0.2,0.2855993321,970,0.9530031877,0.009136028293
144,0.8,0.2,0.2855993321,972,0.9528580683,0.00913798854
144,0.8,0.2,0.2855993321,974,0.952727341,0.009139805097
144,0.8,0.2,0.2855993321,976,0.9525973956,0.009147239514
144,0.8,0.2,0.2855993321,978,0.9524679801,0.009158487129
144,0.8,0.2,0.2855993321,980,0.9523457813,0.009168976654
144,0.8,0.2,0.2855993321,982,0.9522200936,0.009178238197
144,0.8,0.2,0.2855993321,984,0.9520944421,0.00919031994
144,0.8,0.2,0.2855993321,986,0.9519714804,0.009205438183
144,0.8,0.2,0.2855993321,988,0.9518566952,0.00922073185
144,0.8,0.2,0.2855993321,990,0.9517407297,0.00923887745
144,0.8,0.2,0.2855993321,992,0.9516331364,0.009251070643
144,0.8,0.2,0.2855993321,994,0.951515113,0.009260470311
144,0.8,0.2,0.2855993321,996,0.9514034485,0.009269275233
144,0.8,0.2,0.2855993321,998,0.951292242,0.00927786656
144,0.8,0.2,0.2855993321,1000,0.9511836493,0.009285886397
144,0.8,0.2,0.2855993321,1002,0.9510787229,0.009289609176
144,0.8,0.2,0.2855993321,1004,0.9509719411,0.009292673049
144,0.8,0.2,0.2855993321,1006,0.9508704368,0.009293247045
144,0.8,0.2,0.2855993321,1008,0.9507660055,0.00928898788
144,0.8,0.2,0.2855993321,1010,0.9506607386,0.009277766483
144,0.8,0.2,0.2855993321,1012,0.9505574155,0.009266537274
144,0.8,0.2,0.2855993321,1014,0.9504502026,0.009255485644
144,0.8,0.2,0.2855993321,1016,0.9503349172,0.009249723358
144,0.8,0.2,0.2855993321,1018,0.9502217252,0.009255082469
144,0.8,0.2,0.2855993321,1020,0.9501243094,0.009253139166
144,0.8,0.2,0.2855993321,1022,0.9500181634,0.009243204156
144,0.8,0.2,0.2855993321,1024,0.9499038964,0.009233908043
144,0.8,0.2,0.2855993321,1026,0.9497877195,0.009228524258
144,0.8,0.2,0.2855993321,1028,0.9496726249,0.009228931462
144,0.8,0.2,0.2855993321,1030,0.949556091,0.009223766902
144,0.8,0.2,0.2855993321,1032,0.9494474342,0.009214618152
144,0.8,0.2,0.2855993321,1034,0.9493342853,0.009204237996
144,0.8,0.2,0.2855993321,1036,0.9492272956,0.009193907207
144,0.8,0.2,0.2855993321,1038,0.9491107488,0.00918317732
144,0.8,0.2,0.2855993321,1040,0.9490079392,0.009171423851
144,0.8,0.2,0.2855993321,1042,0.9489069985,0.009159943865
144,0.8,0.2,0.2855993321,1044,0.9488126295,0.009144027372
144,0.8,0.2,0.2855993321,1046,0.948726511,0.009132035536
144,0.8,0.2,0.2855993321,1048,0.9486365371,0.009130974842
144,0.8,0.2,0.2855993321,1050,0.9485422703,0.009133879894
144,0.8,0.2,0.2855993321,1052,0.9484581072,0.009140462904
144,0.8,0.2,0.2855993321,1054,0.9483644162,0.009146339475
144,0.8,0.2,0.2855993321,1056,0.9482725521,0.009160204098
144,0.8,0.2,0.2855993321,1058,0.9481802913,0.00916774655
144,0.8,0.2,0.2855993321,1060,0.9480805953,0.009170662451
144,0.8,0.2,0.2855993321,1062,0.9479743915,0.009168412343
144,0.8,0.2,0.2855993321,1064,0.9478698087,0.009161398363
144,0.8,0.2,0.2855993321,1066,0.9477773884,0.00914566438
144,0.8,0.2,0.2855993321,1068,0.9476844957,0.009129980321
144,0.8,0.2,0.2855993321,1070,0.9475976275,0.009119701013
144,0.8,0.2,0.2855993321,1072,0.9475191982,0.00911579151
144,0.8,0.2,0.2855993321,1074,0.9474462212,0.009121333739
144,0.8,0.2,0.2855993321,1076,0.9473775963,0.009122137777
144,0.8,0.2,0.2855993321,1078,0.947304722,0.009123834655
144,0.8,0.2,0.2855993321,1080,0.9472359251,0.009117139908
144,0.8,0.2,0.2855993321,1082,0.9471691271,0.009112608181
144,0.8,0.2,0.2855993321,1084,0.9470877475,0.00911477219
144,0.8,0.2,0.2855993321,1086,0.9470055622,0.009113501594
144,0.8,0.2,0.2855993321,1088,0.9469233883,0.00911161266
144,0.8,0.2,0.2855993321,1090,0.9468502026,0.009110477464
144,0.8,0.2,0.2855993321,1092,0.9467716613,0.009109701665
144,0.8,0.2,0.2855993321,1094,0.9467016341,0.009100391843
144,0.8,0.2,0.2855993321,1096,0.9466285512,0.00909316256
144,0.8,0.2,0.2855993321,1098,0.9465448762,0.009085565844
144,0.8,0.2,0.2855993321,1100,0.9464616868,0.009080433052
144,0.8,0.2,0.2855993321,1102,0.9463728591,0.009076702962
144,0.8,0.2,0.2855993321,1104,0.9462849359,0.009074658593
144,0.8,0.2,0.2855993321,1106,0.9461983847,0.009075251621
144,0.8,0.2,0.2855993321,1108,0.9461046579,0.009078829463
144,0.8,0.2,0.2855993321,1110,0.9460113229,0.009076380269
144,0.8,0.2,0.2855993321,1112,0.9459132015,0.009079536238
144,0.8,0.2,0.2855993321,1114,0.9458063758,0.009080634829
144,0.8,0.2,0.2855993321,1116,0.9456906207,0.009085698565
144,0.8,0.2,0.2855993321,1118,0.945579319,0.009092192363
144,0.8,0.2,0.2855993321,1120,0.9454646034,0.009089709701
144,0.8,0.2,0.2855993321,1122,0.9453558092,0.009090243288
144,0.8,0.2,0.2855993321,1124,0.9452449852,0.009084943477
144,0.8,0.2,0.2855993321,1126,0.9451349669,0.009079447456
144,0.8,0.2,0.2855993321,1128,0.9450292086,0.009073720272
144,0.8,0.2,0.2855993321,1130,0.944926207,0.009069478622
144,0.8,0.2,0.2855993321,1132,0.9448145395,0.009075639037
144,0.8,0.2,0.2855993321,1134,0.9447041045,0.0090765051
144,0.8,0.2,0.2855993321,1136,0.9446061654,0.00908132955
144,0.8,0.2,0.2855993321,1138,0.9445107435,0.009089138671
144,0.8,0.2,0.2855993321,1140,0.9444127808,0.00910390178
144,0.8,0.2,0.2855993321,1142,0.9443182231,0.009115166441
144,0.8,0.2,0.2855993321,1144,0.9442186127,0.009128056836
144,0.8,0.2,0.2855993321,1146,0.9441078386,0.00914115863
144,0.8,0.2,0.2855993321,1148,0.9439975314,0.009161383802
144,0.8,0.2,0.2855993321,1150,0.9438712464,0.009183753269
144,0.8,0.2,0.2855993321,1152,0.9437424926,0.009209865172
144,0.8,0.2,0.2855993321,1154,0.9436040052,0.009235415835
144,0.8,0.2,0.2855993321,1156,0.9434487986,0.009258732519
144,0.8,0.2,0.2855993321,1158,0.9432900072,0.009275422308
144,0.8,0.2,0.2855993321,1160,0.9431329455,0.00928985632
144,0.8,0.2,0.2855993321,1162,0.9429728375,0.009302262394
144,0.8,0.2,0.2855993321,1164,0.9428215244,0.009319196754
144,0.8,0.2,0.2855993321,1166,0.942668944,0.009340106025
144,0.8,0.2,0.2855993321,1168,0.9425205529,0.009356302129
144,0.8,0.2,0.2855993321,1170,0.9423645723,0.009371907656
144,0.8,0.2,0.2855993321,1172,0.9422142636,0.009386022079
144,0.8,0.2,0.2855993321,1174,0.9420633492,0.009399521152
144,0.8,0.2,0.2855993321,1176,0.9419201036,0.009407850058
144,0.8,0.2,0.2855993321,1178,0.9417793543,0.009409286986
144,0.8,0.2,0.2855993321,1180,0.9416218302,0.009412158806
144,0.8,0.2,0.2855993321,1182,0.9414604594,0.009423923258
144,0.8,0.2,0.2855993321,1184,0.9413087501,0.009433990712
144,0.8,0.2,0.2855993321,1186,0.941155878,0.009447905147
144,0.8,0.2,0.2855993321,1188,0.9410118492,0.009465725501
144,0.8,0.2,0.2855993321,1190,0.9408582142,0.009484809403
144,0.8,0.2,0.2855993321,1192,0.9407079775,0.009499626149
144,0.8,0.2,0.2855993321,1194,0.9405535722,0.009509073413
144,0.8,0.2,0.2855993321,1196,0.9404041898,0.009522383454
144,0.8,0.2,0.2855993321,1198,0.9402398323,0.009538979764
144,0.8,0.2,0.2855993321,1200,0.9400754406,0.009550836588
144,0.8,0.2,0.2855993321,1202,0.9399207991,0.009557908618
144,0.8,0.2,0.2855993321,1204,0.9397641765,0.009573230321
144,0.8,0.2,0.2855993321,1206,0.9395994438,0.009590981139
144,0.8,0.2,0.2855993321,1208,0.9394455947,0.009604857775
144,0.8,0.2,0.2855993321,1210,0.9392947856,0.009625528173
144,0.8,0.2,0.2855993321,1212,0.9391565347,0.009649136438
144,0.8,0.2,0.2855993321,1214,0.9390163578,0.009668471675
144,0.8,0.2,0.2855993321,1216,0.9388854017,0.00969472597
144,0.8,0.2,0.2855993321,1218,0.9387498931,0.009707741159
144,0.8,0.2,0.2855993321,1220,0.9386213318,0.009710685913
144,0.8,0.2,0.2855993321,1222,0.9384953542,0.009718581118
144,0.8,0.2,0.2855993321,1224,0.9383808268,0.009729572857
144,0.8,0.2,0.2855993321,1226,0.9382728049,0.009739675434
144,0.8,0.2,0.2855993321,1228,0.938162349,0.009746379969
144,0.8,0.2,0.2855993321,1230,0.9380635691,0.009763011047
144,0.8,0.2,0.2855993321,1232,0.937967257,0.009778158643
144,0.8,0.2,0.2855993321,1234,0.9378626404,0.00979122056
144,0.8,0.2,0.2855993321,1236,0.9377474411,0.009806995284
144,0.8,0.2,0.2855993321,1238,0.9376300864,0.009813477611
144,0.8,0.2,0.2855993321,1240,0.9375245355,0.009819442166
144,0.8,0.2,0.2855993321,1242,0.9374167334,0.009825957455
144,0.8,0.2,0.2855993321,1244,0.9373148235,0.009832156164
144,0.8,0.2,0.2855993321,1246,0.9372117489,0.009835274818
144,0.8,0.2,0.2855993321,1248,0.9371079809,0.009843159538
144,0.7,0.3,0.2855993321,0,1,0
144,0.7,0.3,0.2855993321,2,0.9998782939,9.369374871e-06
144,0.7,0.3,0.2855993321,4,0.9997241624,2.198859342e-05
144,0.7,0.3,0.2855993321,6,0.9995889594,3.816144726e-05
144,0.7,0.3,0.2855993321,8,0.9994674609,5.177273815e-05
144,0.7,0.3,0.2855993321,10,0.9993558164,6.502210725e-05
144,0.7,0.3,0.2855993321,12,0.9992497668,7.964774433e-05
144,0.7,0.3,0.2855993321,14,0.999148194,9.050702102e-05
144,0.7,0.3,0.2855993321,16,0.9990448499,0.0001018413276
144,0.7,0.3,0.2855993321,18,0.9989447608,0.0001111865325
144,0.7,0.3,0.2855993321,20,0.9988505059,0.0001214033113
144,0.7,0.3,0.2855993321,22,0.9987600856,0.0001300468157
144,0.7,0.3,0.2855993321,24,0.998672519,0.0001378047403
144,0.7,0.3,0.2855993321,26,0.998585224,0.0001457005799
144,0.7,0.3,0.2855993321,28,0.9984982163,0.0001531566764
144,0.7,0.3,0.2855993321,30,0.9984110986,0.0001594182444
144,0.7,0.3,0.2855993321,32,0.9983272369,0.0001682049744
144,0.7,0.3,0.2855993321,34,0.9982412533,0.0001755753753
144,0.7,0.3,0.2855993321,36,0.998151144,0.0001823083543
144,0.7,0.3,0.2855993321,38,0.9980593917,0.0001887407918
144,0.7,0.3,0.2855993321,40,0.9979702896,0.0001968110713
144,0.7,0.3,0.2855993321,42,0.9978859585,0.0002063581651
144,0.7,0.3,0.2855993321,44,0.9977917009,0.0002151977296
144,0.7,0.3,0.2855993321,46,0.9977008974,0.0002225136893
144,0.7,0.3,0.2855993321,48,0.9976049552,0.0002291252353
144,0.7,0.3,0.2855993321,50,0.9975112394,0.0002387809908
144,0.7,0.3,0.2855993321,52,0.99741672,0.0002479876716
144,0.7,0.3,0.2855993321,54,0.9973183758,0.0002528719453
144,0.7,0.3,0.2855993321,56,0.9972275332,0.0002579697599
144,0.7,0.3,0.2855993321,58,0.997133125,0.0002615344798
144,0.7,0.3,0.2855993321,60,0.9970402738,0.0002685827846
144,0.7,0.3,0.2855993321,62,0.9969490476,0.0002761838894
144,0.7,0.3,0.2855993321,64,0.9968639916,0.0002854846164
144,0.7,0.3,0.2855993321,66,0.9967787007,0.0002916502068
144,0.7,0.3,0.2855993321,68,0.9966894452,0.000297464437
144,0.7,0.3,0.2855993321,70,0.9966038825,0.0003059380033
144,0.7,0.3,0.2855993321,72,0.9965211214,0.0003161577231
144,0.7,0.3,0.2855993321,74,0.9964392361,0.0003250151742
144,0.7,0.3,0.2855993321,76,0.9963573569,0.0003373669197
144,0.7,0.3,0.2855993321,78,0.9962716418,0.0003501425538
144,0.7,0.3,0.2855993321,80,0.9961886175,0.0003626325992
144,0.7,0.3,0.2855993321,82,0.9961011848,0.0003715790705
144,0.7,0.3,0.2855993321,84,0.9960106334,0.0003820580447
144,0.7,0.3,0.2855993321,86,0.9959262885,0.0003924644472
144,0.7,0.3,0.2855993321,88,0.9958412924,0.0004050554737
144,0.7,0.3,0.2855993321,90,0.9957556009,0.0004181810132
144,0.7,0.3,0.2855993321,92,0.9956680666,0.0004339106421
144,0.7,0.3,0.2855993321,94,0.9955838027,0.0004450839315
144,0.7,0.3,0.2855993321,96,0.9955038909,0.0004568796254
144,0.7,0.3,0.2855993321,98,0.9954252439,0.0004688131747
144,0.7,0.3,0.2855993321,100,0.9953492665,0.0004814281962
144,0.7,0.3,0.2855993321,102,0.9952693414,0.0004927259822
144,0.7,0.3,0.2855993321,104,0.9951908491,0.0005048372414
144,0.7,0.3,0.2855993321,106,0.9951178912,0.0005172363334
144,0.7,0.3,0.2855993321,108,0.9950497258,0.000530013055
144,0.7,0.3,0.2855993321,110,0.9949807026,0.0005407171801
144,0.7,0.3,0.2855993321,112,0.9949128555,0.0005535691227
144,0.7,0.3,0.2855993321,114,0.9948515507,0.00056744886
144,0.7,0.3,0.2855993321,116,0.9947914261,0.0005792922855
144,0.7,0.3,0.2855993321,118,0.9947254807,0.0005929397756
144,0.7,0.3,0.2855993321,120,0.9946579166,0.0006082241484
144,0.7,0.3,0.2855993321,122,0.9945930251,0.00062494354
144,0.7,0.3,0.2855993321,124,0.9945279023,0.0006439547463
144,0.7,0.3,0.2855993321,126,0.9944596316,0.00065871022
144,0.7,0.3,0.2855993321,128,0.9943906382,0.0006725038254
144,0.7,0.3,0.2855993321,130,0.9943223443,0.0006893552673
144,0.7,0.3,0.2855993321,132,0.9942558849,0.0007101570865
144,0.7,0.3,0.2855993321,134,0.9941873732,0.0007263534118
144,0.7,0.3,0.2855993321,136,0.9941195331,0.0007428131207
144,0.7,0.3,0.2855993321,138,0.9940509815,0.0007613575517
144,0.7,0.3,0.2855993321,140,0.9939852615,0.0007807667252
144,0.7,0.3,0.2855993321,142,0.9939210507,0.0007989958145
144,0.7,0.3,0.2855993321,144,0.9938573514,0.0008165219517
144,0.7,0.3,0.2855993321,146,0.9937974366,0.0008354664376
144,0.7,0.3,0.2855993321,148,0.9937348843,0.0008556546358
144,0.7,0.3,0.2855993321,150,0.9936810828,0.0008780480758
144,0.7,0.3,0.2855993321,152,0.9936206026,0.0009007460527
144,0.7,0.3,0.2855993321,154,0.9935598574,0.0009216478494
144,0.7,0.3,0.2855993321,156,0.9935060622,0.0009453998462
144,0.7,0.3,0.2855993321,158,0.9934510714,0.0009643450543
144,0.7,0.3,0.2855993321,160,0.9933868988,0.0009864769189
144,0.7,0.3,0.2855993321,162,0.9933188767,0.001007729813
144,0.7,0.3,0.2855993321,164,0.9932489774,0.001031088531
144,0.7,0.3,0.2855993321,166,0.9931782585,0.001054695344
144,0.7,0.3,0.2855993321,168,0.9931094087,0.001071449627
144,0.7,0.3,0.2855993321,170,0.9930417514,0.001090162889
144,0.7,0.3,0.2855993321,172,0.9929800346,0.001107977568
144,0.7,0.3,0.2855993321,174,0.9929163884,0.001123847574
144,0.7,0.3,0.2855993321,176,0.992849126,0.001142120681
144,0.7,0.3,0.2855993321,178,0.9927781742,0.001158760022
144,0.7,0.3,0.2855993321,180,0.9927078518,0.001174408988
144,0.7,0.3,0.2855993321,182,0.9926376267,0.001187187624
144,0.7,0.3,0.2855993321,184,0.992568816,0.00119939225
144,0.7,0.3,0.2855993321,186,0.9924983544,0.001211127295
144,0.7,0.3,0.2855993321,188,0.9924370806,0.001221953044
144,0.7,0.3,0.2855993321,190,0.9923823231,0.001234614846
144,0.7,0.3,0.2855993321,192,0.9923324338,0.001245574725
144,0.7,0.3,0.2855993321,194,0.9922680718,0.001259367199
144,0.7,0.3,0.2855993321,196,0.9922078028,0.001275039624
144,0.7,0.3,0.2855993321,198,0.9921460886,0.001294739858
144,0.7,0.3,0.2855993321,200,0.9920798082,0.001312084157
144,0.7,0.3,0.2855993321,202,0.9920182167,0.001328896294
144,0.7,0.3,0.2855993321,204,0.9919534894,0.001344072093
144,0.7,0.3,0.2855993321,206,0.9918934358,0.00135960497
144,0.7,0.3,0.2855993321,208,0.9918385109,0.001378229409
144,0.7,0.3,0.2855993321,210,0.9917833165,0.001394095923
144,0.7,0.3,0.2855993321,212,0.9917199841,0.001407587673
144,0.7,0.3,0.2855993321,214,0.9916538846,0.00141882229
144,0.7,0.3,0.2855993321,216,0.9915917685,0.00142741327
144,0.7,0.3,0.2855993321,218,0.9915336532,0.001435952777
144,0.7,0.3,0.2855993321,220,0.9914763782,0.001446241548
144,0.7,0.3,0.2855993321,222,0.9914219023,0.001455358974
144,0.7,0.3,0.2855993321,224,0.9913703287,0.001463700145
144,0.7,0.3,0.2855993321,226,0.9913235555,0.001469931402
144,0.7,0.3,0.2855993321,228,0.9912757095,0.001475013431
144,0.7,0.3,0.2855993321,230,0.9912279851,0.001478539152
144,0.7,0.3,0.2855993321,232,0.9911721933,0.001483381525
144,0.7,0.3,0.2855993321,234,0.9911086627,0.001486490197
144,0.7,0.3,0.2855993321,236,0.9910438726,0.001492214964
144,0.7,0.3,0.2855993321,238,0.9909781899,0.001498559241
144,0.7,0.3,0.2855993321,240,0.9909111481,0.001503678189
144,0.7,0.3,0.2855993321,242,0.990845896,0.001503651061
144,0.7,0.3,0.2855993321,244,0.9907889611,0.001501223636
144,0.7,0.3,0.2855993321,246,0.990733017,0.001500584858
144,0.7,0.3,0.2855993321,248,0.9906707198,0.001501857655
144,0.7,0.3,0.2855993321,250,0.9906060951,0.001507404944
144,0.7,0.3,0.2855993321,252,0.990544975,0.001510502144
144,0.7,0.3,0.2855993321,254,0.9904738651,0.001511118248
144,0.7,0.3,0.2855993321,256,0.9903994612,0.001510953107
144,0.7,0.3,0.2855993321,258,0.9903230928,0.001511146442
144,0.7,0.3,0.2855993321,260,0.9902448919,0.001507083297
144,0.7,0.3,0.2855993321,262,0.99016698,0.001501158394
144,0.7,0.3,0.2855993321,264,0.9900942574,0.001498807973
144,0.7,0.3,0.2855993321,266,0.9900192684,0.001499477073
144,0.7,0.3,0.2855993321,268,0.9899454083,0.001496970442
144,0.7,0.3,0.2855993321,270,0.9898727522,0.001492098764
144,0.7,0.3,0.2855993321,272,0.9897923245,0.001490536937
144,0.7,0.3,0.2855993321,274,0.989712499,0.001492129433
144,0.7,0.3,0.2855993321,276,0.9896403256,0.001491651661
144,0.7,0.3,0.2855993321,278,0.9895660556,0.001488000579
144,0.7,0.3,0.2855993321,280,0.98948919,0.001479346508
144,0.7,0.3,0.2855993321,282,0.9894097409,0.001466484054
144,0.7,0.3,0.2855993321,284,0.9893318867,0.001454202484
144,0.7,0.3,0.2855993321,286,0.9892632272,0.001443707635
144,0.7,0.3,0.2855993321,288,0.9891925216,0.001435084324
144,0.7,0.3,0.2855993321,290,0.9891250798,0.001427297385
144,0.7,0.3,0.2855993321,292,0.9890556594,0.001418229736
144,0.7,0.3,0.2855993321,294,0.9889900152,0.001407661958
144,0.7,0.3,0.2855993321,296,0.9889289017,0.001403764226
144,0.7,0.3,0.2855993321,298,0.988863669,0.001400542367
144,0.7,0.3,0.2855993321,300,0.9887945472,0.001395524541
144,0.7,0.3,0.2855993321,302,0.9887209663,0.001394642654
144,0.7,0.3,0.2855993321,304,0.9886471916,0.001391521457
144,0.7,0.3,0.2855993321,306,0.9885787316,0.001384741436
144,0.7,0.3,0.2855993321,308,0.9885092223,0.001376496775
144,0.7,0.3,0.2855993321,310,0.9884341468,0.001368942566
144,0.7,0.3,0.2855993321,312,0.9883698244,0.001363100251
144,0.7,0.3,0.2855993321,314,0.9883100298,0.001357288763
144,0.7,0.3,0.2855993321,316,0.9882541171,0.001348497512
144,0.7,0.3,0.2855993321,318,0.9881970495,0.001342197979
144,0.7,0.3,0.2855993321,320,0.9881438414,0.001335525066
144,0.7,0.3,0.2855993321,322,0.9880905342,0.001328813794
144,0.7,0.3,0.2855993321,324,0.9880379655,0.001321825816
144,0.7,0.3,0.2855993321,326,0.9879904789,0.001317470054
144,0.7,0.3,0.2855993321,328,0.987947469,0.001312232144
144,0.7,0.3,0.2855993321,330,0.9879068717,0.001310120659
144,0.7,0.3,0.2855993321,332,0.9878629138,0.001307568411
144,0.7,0.3,0.2855993321,334,0.9878135577,0.001305332176
144,0.7,0.3,0.2855993321,336,0.9877614943,0.001305984434
144,0.7,0.3,0.2855993321,338,0.9877117668,0.001305476942
144,0.7,0.3,0.2855993321,340,0.9876653434,0.001302655337
144,0.7,0.3,0.2855993321,342,0.9876109797,0.001301555105
144,0.7,0.3,0.2855993321,344,0.9875597145,0.001299505657
144,0.7,0.3,0.2855993321,346,0.9875004111,0.001299503426
144,0.7,0.3,0.2855993321,348,0.9874393397,0.001304298877
144,0.7,0.3,0.2855993321,350,0.987377402,0.001310522577
144,0.7,0.3,0.2855993321,352,0.9873158142,0.00131517783
144,0.7,0.3,0.2855993321,354,0.9872542375,0.001320078827
144,0.7,0.3,0.2855993321,356,0.9871953336,0.001324967392
144,0.7,0.3,0.2855993321,358,0.9871427572,0.001326437664
144,0.7,0.3,0.2855993321,360,0.9870944263,0.001325057178
144,0.7,0.3,0.2855993321,362,0.9870419002,0.001326270433
144,0.7,0.3,0.2855993321,364,0.986983733,0.001331346763
144,0.7,0.3,0.2855993321,366,0.986921013,0.001336313202
144,0.7,0.3,0.2855993321,368,0.9868590385,0.001339496082
144,0.7,0.3,0.2855993321,370,0.9868033053,0.001340689811
144,0.7,0.3,0.2855993321,372,0.9867464671,0.001347084005
144,0.7,0.3,0.2855993321,374,0.986685881,0.001352985817
144,0.7,0.3,0.2855993321,376,0.9866238832,0.001358154818
144,0.7,0.3,0.2855993321,378,0.9865586433,0.001359259491
144,0.7,0.3,0.2855993321,380,0.9864961211,0.001364280477
144,0.7,0.3,0.2855993321,382,0.9864399351,0.001372083793
144,0.7,0.3,0.2855993321,384,0.9863812762,0.001377496401
144,0.7,0.3,0.2855993321,386,0.9863166977,0.001381761289
144,0.7,0.3,0.2855993321,388,0.9862467128,0.001391229244
144,0.7,0.3,0.2855993321,390,0.986170054,0.001403309407
144,0.7,0.3,0.2855993321,392,0.9860929138,0.001416057566
144,0.7,0.3,0.2855993321,394,0.9860143748,0.001429305969
144,0.7,0.3,0.2855993321,396,0.9859348759,0.001441612407
144,0.7,0.3,0.2855993321,398,0.9858521383,0.001456692
144,0.7,0.3,0.2855993321,400,0.9857728735,0.001472197413
144,0.7,0.3,0.2855993321,402,0.98568792,0.0014897161
144,0.7,0.3,0.2855993321,404,0.9856103271,0.001512198615
144,0.7,0.3,0.2855993321,406,0.985536424,0.001533670782
144,0.7,0.3,0.2855993321,408,0.9854575716,0.001555566097
144,0.7,0.3,0.2855993321,410,0.9853761675,0.001575238801
144,0.7,0.3,0.2855993321,412,0.9852985909,0.001596095268
144,0.7,0.3,0.2855993321,414,0.9852168302,0.001618369382
144,0.7,0.3,0.2855993321,416,0.9851358893,0.001643230509
144,0.7,0.3,0.2855993321,418,0.9850512443,0.001667107937
144,0.7,0.3,0.2855993321,420,0.9849597631,0.001688906854
144,0.7,0.3,0.2855993321,422,0.9848819653,0.001708612138
144,0.7,0.3,0.2855993321,424,0.984795014,0.001727578709
144,0.7,0.3,0.2855993321,426,0.984709116,0.001745500468
144,0.7,0.3,0.2855993321,428,0.9846262355,0.001760947243
144,0.7,0.3,0.2855993321,430,0.9845365216,0.001776195626
144,0.7,0.3,0.2855993321,432,0.9844502143,0.001794518226
144,0.7,0.3,0.2855993321,434,0.9843594494,0.001817121443
144,0.7,0.3,0.2855993321,436,0.9842720789,0.001840351534
144,0.7,0.3,0.2855993321,438,0.9841837482,0.001863709332
144,0.7,0.3,0.2855993321,440,0.9840997124,0.001883569662
144,0.7,0.3,0.2855993321,442,0.9840132098,0.001902603416
144,0.7,0.3,0.2855993321,444,0.9839252584,0.001919170391
144,0.7,0.3,0.2855993321,446,0.9838373915,0.001938309441
144,0.7,0.3,0.2855993321,448,0.9837437608,0.001954699549
144,0.7,0.3,0.2855993321,450,0.9836465239,0.001967579999
144,0.7,0.3,0.2855993321,452,0.9835549413,0.001984483603
144,0.7,0.3,0.2855993321,454,0.9834697574,0.002002237125
144,0.7,0.3,0.2855993321,456,0.9833889137,0.002012489708
144,0.7,0.3,0.2855993321,458,0.9833121945,0.002023573032
144,0.7,0.3,0.2855993321,460,0.9832359989,0.002037502038
144,0.7,0.3,0.2855993321,462,0.9831518403,0.002053128824
144,0.7,0.3,0.2855993321,464,0.9830689436,0.002067318981
144,0.7,0.3,0.2855993321,466,0.9829880465,0.002080281878
144,0.7,0.3,0.2855993321,468,0.982911884,0.002090090522
144,0.7,0.3,0.2855993321,470,0.982829493,0.002100147257
144,0.7,0.3,0.2855993321,472,0.9827477772,0.002111282689
144,0.7,0.3,0.2855993321,474,0.9826641571,0.002120556892
144,0.7,0.3,0.2855993321,476,0.9825753275,0.002127510553
144,0.7,0.3,0.2855993321,478,0.982488159,0.00213488753
144,0.7,0.3,0.2855993321,480,0.9824036398,0.002142977007
144,0.7,0.3,0.2855993321,482,0.9823193891,0.002148713551
144,0.7,0.3,0.2855993321,484,0.9822302338,0.002158461846
144,0.7,0.3,0.2855993321,486,0.9821468635,0.002165797089
144,0.7,0.3,0.2855993321,488,0.9820721698,0.002172801262
144,0.7,0.3,0.2855993321,490,0.9819958926,0.00218459759
144,0.7,0.3,0.2855993321,492,0.9819048752,0.00219587008
144,0.7,0.3,0.2855993321,494,0.9818088683,0.002209406331
144,0.7,0.3,0.2855993321,496,0.9817165181,0.002224118297
144,0.7,0.3,0.2855993321,498,0.9816302765,0.002238753578
144,0.7,0.3,0.2855993321,500,0.9815402411,0.002252852184
144,0.7,0.3,0.2855993321,502,0.9814453604,0.002265363481
144,0.7,0.3,0.2855993321,504,0.9813477741,0.002278957108
144,0.7,0.3,0.2855993321,506,0.9812537133,0.002295205553
144,0.7,0.3,0.2855993321,508,0.981158047,0.002308821913
144,0.7,0.3,0.2855993321,510,0.9810650897,0.002315812224
144,0.7,0.3,0.2855993321,512,0.9809683711,0.002323063937
144,0.7,0.3,0.2855993321,514,0.9808736121,0.002330261821
144,0.7,0.3,0.2855993321,516,0.980779098,0.002336406658
144,0.7,0.3,0.2855993321,518,0.9806775072,0.002346457174
144,0.7,0.3,0.2855993321,520,0.9805774296,0.002357091565
144,0.7,0.3,0.2855993321,522,0.9804865227,0.00237129461
144,0.7,0.3,0.2855993321,524,0.9803984192,0.002388971242
144,0.7,0.3,0.2855993321,526,0.980310217,0.00240344015
144,0.7,0.3,0.2855993321,528,0.9802218619,0.00241657456
144,0.7,0.3,0.2855993321,530,0.9801312916,0.002425856573
144,0.7,0.3,0.2855993321,532,0.9800422958,0.002434848886
144,0.7,0.3,0.2855993321,534,0.9799589502,0.002444838826
144,0.7,0.3,0.2855993321,536,0.9798779643,0.002455575967
144,0.7,0.3,0.2855993321,538,0.9798032532,0.002463884941
144,0.7,0.3,0.2855993321,540,0.97972987,0.00247502253
144,0.7,0.3,0.2855993321,542,0.9796612199,0.00248299317
144,0.7,0.3,0.2855993321,544,0.9795932772,0.002490230777
144,0.7,0.3,0.2855993321,546,0.9795170594,0.002496840092
144,0.7,0.3,0.2855993321,548,0.9794419364,0.002506373521
144,0.7,0.3,0.2855993321,550,0.9793603294,0.002517362156
144,0.7,0.3,0.2855993321,552,0.97927835,0.002523581573
144,0.7,0.3,0.2855993321,554,0.9791926755,0.002532526911
144,0.7,0.3,0.2855993321,556,0.9791122977,0.002543773453
144,0.7,0.3,0.2855993321,558,0.9790331117,0.002554334837
144,0.7,0.3,0.2855993321,560,0.978950298,0.002564206993
144,0.7,0.3,0.2855993321,562,0.9788692121,0.002573792907
144,0.7,0.3,0.2855993321,564,0.9787892963,0.002581856685
144,0.7,0.3,0.2855993321,566,0.978716562,0.002590814539
144,0.7,0.3,0.2855993321,568,0.978648119,0.002599161728
144,0.7,0.3,0.2855993321,570,0.9785772735,0.002607347427
144,0.7,0.3,0.2855993321,572,0.9784980119,0.002615425805
144,0.7,0.3,0.2855993321,574,0.9784280879,0.002622930429
144,0.7,0.3,0.2855993321,576,0.9783507082,0.002623924129
144,0.7,0.3,0.2855993321,578,0.9782669336,0.002626779658
144,0.7,0.3,0.2855993321,580,0.9781807809,0.002631660008
144,0.7,0.3,0.2855993321,582,0.9780973888,0.0026339409
144,0.7,0.3,0.2855993321,584,0.9780092277,0.002636571568
144,0.7,0.3,0.2855993321,586,0.9779227432,0.002638471797
144,0.7,0.3,0.2855993321,588,0.9778369602,0.002640539148
144,0.7,0.3,0.2855993321,590,0.9777589771,0.002642621646
144,0.7,0.3,0.2855993321,592,0.9776769205,0.002649056323
144,0.7,0.3,0.2855993321,594,0.9775950634,0.002657463314
144,0.7,0.3,0.2855993321,596,0.9775045564,0.002667599209
144,0.7,0.3,0.2855993321,598,0.9774218888,0.00267632955
144,0.7,0.3,0.2855993321,600,0.9773444033,0.002681889124
144,0.7,0.3,0.2855993321,602,0.9772660997,0.002684972419
144,0.7,0.3,0.2855993321,604,0.9771871927,0.0026885373
144,0.7,0.3,0.2855993321,606,0.9770985092,0.00269332611
144,0.7,0.3,0.2855993321,608,0.9770153459,0.002699149736
144,0.7,0.3,0.2855993321,610,0.9769320217,0.002708317819
144,0.7,0.3,0.2855993321,612,0.9768515266,0.002717261498
144,0.7,0.3,0.2855993321,614,0.9767649458,0.002728733821
144,0.7,0.3,0.2855993321,616,0.976678985,0.002740518194
144,0.7,0.3,0.2855993321,618,0.976594127,0.002755347335
144,0.7,0.3,0.2855993321,620,0.9765154482,0.002773668655
144,0.7,0.3,0.2855993321,622,0.9764408902,0.002789031518
144,0.7,0.3,0.2855993321,624,0.9763573022,0.00281027428
144,0.7,0.3,0.2855993321,626,0.9762681986,0.00282952481
144,0.7,0.3,0.2855993321,628,0.9761733613,0.002848490349
144,0.7,0.3,0.2855993321,630,0.9760780917,0.002868911713
144,0.7,0.3,0.2855993321,632,0.9759852991,0.002889018866
144,0.7,0.3,0.2855993321,634,0.9758902053,0.002908933881
144,0.7,0.3,0.2855993321,636,0.9757879484,0.002931522329
144,0.7,0.3,0.2855993321,638,0.9756952049,0.002954562204
144,0.7,0.3,0.2855993321,640,0.9755928042,0.002980502015
144,0.7,0.3,0.2855993321,642,0.9754867117,0.003008727918
144,0.7,0.3,0.2855993321,644,0.975377281,0.003031899349
144,0.7,0.3,0.2855993321,646,0.9752749794,0.003057133669
144,0.7,0.3,0.2855993321,648,0.9751793146,0.003086694491
144,0.7,0.3,0.2855993321,650,0.975076935,0.003120748965
144,0.7,0.3,0.2855993321,652,0.9749718294,0.003152541058
144,0.7,0.3,0.2855993321,654,0.9748667477,0.003184891505
144,0.7,0.3,0.2855993321,656,0.974770578,0.003215119514
144,0.7,0.3,0.2855993321,658,0.9746769721,0.003248029218
144,0.7,0.3,0.2855993321,660,0.9745692339,0.003280885501
144,0.7,0.3,0.2855993321,662,0.9744612898,0.00331348342
144,0.7,0.3,0.2855993321,664,0.9743517578,0.003344198562
144,0.7,0.3,0.2855993321,666,0.9742407155,0.003376082992
144,0.7,0.3,0.2855993321,668,0.9741341284,0.003409579008
144,0.7,0.3,0.2855993321,670,0.9740370575,0.00343892382
144,0.7,0.3,0.2855993321,672,0.9739350992,0.003472617949
144,0.7,0.3,0.2855993321,674,0.9738459121,0.00350390695
144,0.7,0.3,0.2855993321,676,0.9737429374,0.003538618059
144,0.7,0.3,0.2855993321,678,0.9736381884,0.003575065969
144,0.7,0.3,0.2855993321,680,0.9735276071,0.003610410516
144,0.7,0.3,0.2855993321,682,0.9734207623,0.003650688377
144,0.7,0.3,0.2855993321,684,0.9733098958,0.003690411164
144,0.7,0.3,0.2855993321,686,0.9732068349,0.003726731477
144,0.7,0.3,0.2855993321,688,0.9731187185,0.003754901019
144,0.7,0.3,0.2855993321,690,0.973027704,0.003785969004
144,0.7,0.3,0.2855993321,692,0.9729328318,0.003824220517
144,0.7,0.3,0.2855993321,694,0.9728399344,0.003863620628
144,0.7,0.3,0.2855993321,696,0.9727468212,0.003897931797
144,0.7,0.3,0.2855993321,698,0.9726551032,0.003929322182
144,0.7,0.3,0.2855993321,700,0.9725549168,0.003959628515
144,0.7,0.3,0.2855993321,702,0.9724624486,0.003988146015
144,0.7,0.3,0.2855993321,704,0.9723756014,0.004013552205
144,0.7,0.3,0.2855993321,706,0.9722806565,0.004039632663
144,0.7,0.3,0.2855993321,708,0.972179731,0.004064384739
144,0.7,0.3,0.2855993321,710,0.9720749638,0.004087892501
144,0.7,0.3,0.2855993321,712,0.9719754589,0.004112981277
144,0.7,0.3,0.2855993321,714,0.9718766218,0.00414150168
144,0.7,0.3,0.2855993321,716,0.9717779225,0.004171156013
144,0.7,0.3,0.2855993321,718,0.9716806417,0.004199746213
144,0.7,0.3,0.2855993321,720,0.9715884843,0.004226449608
144,0.7,0.3,0.2855993321,722,0.9715057772,0.00425476087
144,0.7,0.3,0.2855993321,724,0.9714306325,0.004284741061
144,0.7,0.3,0.2855993321,726,0.9713487488,0.004315627675
144,0.7,0.3,0.2855993321,728,0.9712639715,0.004342968674
144,0.7,0.3,0.2855993321,730,0.9711798035,0.004363521706
144,0.7,0.3,0.2855993321,732,0.9710900561,0.00438378391
144,0.7,0.3,0.2855993321,734,0.9709995184,0.004405499085
144,0.7,0.3,0.2855993321,736,0.9709197134,0.004425203638
144,0.7,0.3,0.2855993321,738,0.9708277223,0.004442833748
144,0.7,0.3,0.2855993321,740,0.970728859,0.004458830417
144,0.7,0.3,0.2855993321,742,0.9706240014,0.004470503512
144,0.7,0.3,0.2855993321,744,0.9705206502,0.004487646317
144,0.7,0.3,0.2855993321,746,0.9704175555,0.004505447743
144,0.7,0.3,0.2855993321,748,0.9703130622,0.004521419546
144,0.7,0.3,0.2855993321,750,0.9702067661,0.004538036737
144,0.7,0.3,0.2855993321,752,0.9700978119,0.004556560394
144,0.7,0.3,0.2855993321,754,0.9699907283,0.004575107051
144,0.7,0.3,0.2855993321,756,0.9698818842,0.004590787932
144,0.7,0.3,0.2855993321,758,0.9697688431,0.004607189824
144,0.7,0.3,0.2855993321,760,0.9696555353,0.004625491833
144,0.7,0.3,0.2855993321,762,0.9695396891,0.004644068256
144,0.7,0.3,0.2855993321,764,0.9694296942,0.004663854909
144,0.7,0.3,0.2855993321,766,0.9693219792,0.004683886912
144,0.7,0.3,0.2855993321,768,0.9692202354,0.004706360191
144,0.7,0.3,0.2855993321,770,0.9691171453,0.004723775399
144,0.7,0.3,0.2855993321,772,0.9690206494,0.004734833843
144,0.7,0.3,0.2855993321,774,0.9689182183,0.004748438654
144,0.7,0.3,0.2855993321,776,0.9688190191,0.004761816945
144,0.7,0.3,0.2855993321,778,0.9687147779,0.004775289669
144,0.7,0.3,0.2855993321,780,0.9686046375,0.004788726038
144,0.7,0.3,0.2855993321,782,0.9684962207,0.004808912507
144,0.7,0.3,0.2855993321,784,0.9683775324,0.004830150612
144,0.7,0.3,0.2855993321,786,0.9682621636,0.004851047666
144,0.7,0.3,0.2855993321,788,0.9681512493,0.004867855576
144,0.7,0.3,0.2855993321,790,0.9680377802,0.004876752636
144,0.7,0.3,0.2855993321,792,0.9679247032,0.004884808111
144,0.7,0.3,0.2855993321,794,0.9678189949,0.004886814547
144,0.7,0.3,0.2855993321,796,0.9677141521,0.004891108218
144,0.7,0.3,0.2855993321,798,0.9676209857,0.004893877188
144,0.7,0.3,0.2855993321,800,0.9675280128,0.004895183618
144,0.7,0.3,0.2855993321,802,0.9674376834,0.004901951096
144,0.7,0.3,0.2855993321,804,0.9673532921,0.004910534199
144,0.7,0.3,0.2855993321,806,0.9672654302,0.00491583845
144,0.7,0.3,0.2855993321,808,0.9671835804,0.004915781373
144,0.7,0.3,0.2855993321,810,0.9671037691,0.00491753788
144,0.7,0.3,0.2855993321,812,0.9670091151,0.004918573157
144,0.7,0.3,0.2855993321,814,0.9669174913,0.00491940357
144,0.7,0.3,0.2855993321,816,0.9668219593,0.004924979296
144,0.7,0.3,0.2855993321,818,0.9667278235,0.004925939196
144,0.7,0.3,0.2855993321,820,0.9666290756,0.00492578664
144,0.7,0.3,0.2855993321,822,0.9665277335,0.004922285953
144,0.7,0.3,0.2855993321,824,0.9664318605,0.004926010885
144,0.7,0.3,0.2855993321,826,0.9663269023,0.004934879777
144,0.7,0.3,0.2855993321,828,0.9662288345,0.004939875184
144,0.7,0.3,0.2855993321,830,0.9661235457,0.004944667226
144,0.7,0.3,0.2855993321,832,0.9660184513,0.00495639021
144,0.7,0.3,0.2855993321,834,0.9659112193,0.004970548233
144,0.7,0.3,0.2855993321,836,0.9658081713,0.004981903719
144,0.7,0.3,0.2855993321,838,0.965709576,0.004994229923
144,0.7,0.3,0.2855993321,840,0.9656076443,0.005006885228
144,0.7,0.3,0.2855993321,842,0.9654903634,0.005018680835
144,0.7,0.3,0.2855993321,844,0.9653650474,0.005029043693
144,0.7,0.3,0.2855993321,846,0.9652451814,0.005039438949
144,0.7,0.3,0.2855993321,848,0.9651215654,0.005051360083
144,0.7,0.3,0.2855993321,850,0.9650000167,0.005057853242
144,0.7,0.3,0.2855993321,852,0.964879261,0.005064539171
144,0.7,0.3,0.2855993321,854,0.9647549826,0.005070202078
144,0.7,0.3,0.2855993321,856,0.9646270546,0.005083071856
144,0.7,0.3,0.2855993321,858,0.9645089248,0.00509576223
144,0.7,0.3,0.2855993321,860,0.9643881401,0.005106451504
144,0.7,0.3,0.2855993321,862,0.9642633581,0.005115296076
144,0.7,0.3,0.2855993321,864,0.9641256094,0.005127650075
144,0.7,0.3,0.2855993321,866,0.9639947917,0.005140243626
144,0.7,0.3,0.2855993321,868,0.9638604521,0.005151442553
144,0.7,0.3,0.2855993321,870,0.9637303513,0.005163365635
144,0.7,0.3,0.2855993321,872,0.9636059219,0.005176240476
144,0.7,0.3,0.2855993321,874,0.9634809469,0.005186888159
144,0.7,0.3,0.2855993321,876,0.9633604587,0.005194524259
144,0.7,0.3,0.2855993321,878,0.9632472889,0.005199706633
144,0.7,0.3,0.2855993321,880,0.9631281384,0.005205981382
144,0.7,0.3,0.2855993321,882,0.9630065521,0.005211895021
144,0.7,0.3,0.2855993321,884,0.9628858042,0.005215110563
144,0.7,0.3,0.2855993321,886,0.9627625369,0.005219356202
144,0.7,0.3,0.2855993321,888,0.9626420943,0.005215597477
144,0.7,0.3,0.2855993321,890,0.9625184441,0.005210600432
144,0.7,0.3,0.2855993321,892,0.9623880613,0.005210248463
144,0.7,0.3,0.2855993321,894,0.9622554738,0.005213120149
144,0.7,0.3,0.2855993321,896,0.9621302154,0.005219750994
144,0.7,0.3,0.2855993321,898,0.9619958244,0.005230233295
144,0.7,0.3,0.2855993321,900,0.9618546019,0.005239764844
144,0.7,0.3,0.2855993321,902,0.9617159984,0.005247340372
144,0.7,0.3,0.2855993321,904,0.9615801092,0.005254668671
144,0.7,0.3,0.2855993321,906,0.9614462319,0.005268511272
144,0.7,0.3,0.2855993321,908,0.9613098773,0.005275309939
144,0.7,0.3,0.2855993321,910,0.9611728143,0.005282858668
144,0.7,0.3,0.2855993321,912,0.9610388071,0.005283758521
144,0.7,0.3,0.2855993321,914,0.9609185821,0.005287965897
144,0.7,0.3,0.2855993321,916,0.9608152898,0.005294094445
144,0.7,0.3,0.2855993321,918,0.9607095135,0.005308852528
144,0.7,0.3,0.2855993321,920,0.9606014892,0.005323582792
144,0.7,0.3,0.2855993321,922,0.9604873762,0.005332119338
144,0.7,0.3,0.2855993321,924,0.9603645121,0.005333979462
144,0.7,0.3,0.2855993321,926,0.9602420876,0.005337391658
144,0.7,0.3,0.2855993321,928,0.960123207,0.005340664973
144,0.7,0.3,0.2855993321,930,0.9600081845,0.005345863157
144,0.7,0.3,0.2855993321,932,0.9598895391,0.005353404122
144,0.7,0.3,0.2855993321,934,0.9597716399,0.005358293362
144,0.7,0.3,0.2855993321,936,0.9596563799,0.005365567526
144,0.7,0.3,0.2855993321,938,0.959546168,0.00537001806
144,0.7,0.3,0.2855993321,940,0.9594260535,0.005369344353
144,0.7,0.3,0.2855993321,942,0.9593113296,0.005366031845
144,0.7,0.3,0.2855993321,944,0.9591988978,0.005367809844
144,0.7,0.3,0.2855993321,946,0.9590795785,0.005367355362
144,0.7,0.3,0.2855993321,948,0.9589710695,0.005368832275
144,0.7,0.3,0.2855993321,950,0.9588570042,0.005372384179
144,0.7,0.3,0.2855993321,952,0.9587450703,0.005383366524
144,0.7,0.3,0.2855993321,954,0.9586381442,0.005392973235
144,0.7,0.3,0.2855993321,956,0.958532459,0.00540042457
144,0.7,0.3,0.2855993321,958,0.9584285313,0.005412951674
144,0.7,0.3,0.2855993321,960,0.958323914,0.005425797596
144,0.7,0.3,0.2855993321,962,0.9582225375,0.005442799908
144,0.7,0.3,0.2855993321,964,0.9581118745,0.00545561092
144,0.7,0.3,0.2855993321,966,0.9580003469,0.005469226546
144,0.7,0.3,0.2855993321,968,0.9578857421,0.005481664271
144,0.7,0.3,0.2855993321,970,0.9577682805,0.005492687464
144,0.7,0.3,0.2855993321,972,0.9576426137,0.005501852962
144,0.7,0.3,0.2855993321,974,0.9575198037,0.005514844148
144,0.7,0.3,0.2855993321,976,0.957395959,0.005528722664
144,0.7,0.3,0.2855993321,978,0.9572791992,0.005548169003
144,0.7,0.3,0.2855993321,980,0.9571610968,0.005561255613
144,0.7,0.3,0.2855993321,982,0.9570336831,0.005572047709
144,0.7,0.3,0.2855993321,984,0.9569092149,0.005579862137
144,0.7,0.3,0.2855993321,986,0.9567802509,0.00559345383
144,0.7,0.3,0.2855993321,988,0.9566546782,0.005605765878
144,0.7,0.3,0.2855993321,990,0.9565378936,0.005618610949
144,0.7,0.3,0.2855993321,992,0.9564202192,0.005633799914
144,0.7,0.3,0.2855993321,994,0.9563018225,0.005648273201
144,0.7,0.3,0.2855993321,996,0.9561952745,0.005663553497
144,0.7,0.3,0.2855993321,998,0.9560855853,0.005677997321
144,0.7,0.3,0.2855993321,1000,0.9559716511,0.005687972505
144,0.7,0.3,0.2855993321,1002,0.9558620498,0.0056982779
144,0.7,0.3,0.2855993321,1004,0.9557585833,0.005712706583
144,0.7,0.3,0.2855993321,1006,0.9556563463,0.005732028413
144,0.7,0.3,0.2855993321,1008,0.9555466915,0.005754511543
144,0.7,0.3,0.2855993321,1010,0.9554334991,0.005779370901
144,0.7,0.3,0.2855993321,1012,0.9553187526,0.005809146051
144,0.7,0.3,0.2855993321,1014,0.955214823,0.005834282268
144,0.7,0.3,0.2855993321,1016,0.9551053058,0.005858437462
144,0.7,0.3,0.2855993321,1018,0.9549930444,0.00588403308
144,0.7,0.3,0.2855993321,1020,0.9548808475,0.005908564205
144,0.7,0.3,0.2855993321,1022,0.9547658797,0.005931574325
144,0.7,0.3,0.2855993321,1024,0.9546482257,0.005950585766
144,0.7,0.3,0.2855993321,1026,0.9545390183,0.005968554939
144,0.7,0.3,0.2855993321,1028,0.9544283794,0.0059793474
144,0.7,0.3,0.2855993321,1030,0.9543155824,0.005988586263
144,0.7,0.3,0.2855993321,1032,0.9541975399,0.006001536382
144,0.7,0.3,0.2855993321,1034,0.9540664185,0.006011750122
144,0.7,0.3,0.2855993321,1036,0.9539291164,0.006021777442
144,0.7,0.3,0.2855993321,1038,0.9537944886,0.00603585119
144,0.7,0.3,0.2855993321,1040,0.95367332,0.006055295031
144,0.7,0.3,0.2855993321,1042,0.9535559336,0.006079011514
144,0.7,0.3,0.2855993321,1044,0.9534289608,0.006092554996
144,0.7,0.3,0.2855993321,1046,0.9533011528,0.00610903097
144,0.7,0.3,0.2855993321,1048,0.9531703906,0.00612663754
144,0.7,0.3,0.2855993321,1050,0.9530477192,0.006142517604
144,0.7,0.3,0.2855993321,1052,0.9529291048,0.006156917347
144,0.7,0.3,0.2855993321,1054,0.9528156484,0.006172235883
144,0.7,0.3,0.2855993321,1056,0.9527003536,0.006191885427
144,0.7,0.3,0.2855993321,1058,0.952586578,0.006212710268
144,0.7,0.3,0.2855993321,1060,0.9524752832,0.006228032922
144,0.7,0.3,0.2855993321,1062,0.9523676794,0.00624102859
144,0.7,0.3,0.2855993321,1064,0.9522542489,0.00625326163
144,0.7,0.3,0.2855993321,1066,0.9521442674,0.006266942021
144,0.7,0.3,0.2855993321,1068,0.9520336219,0.006282743541
144,0.7,0.3,0.2855993321,1070,0.9519242707,0.006296311991
144,0.7,0.3,0.2855993321,1072,0.9518314665,0.006306861477
144,0.7,0.3,0.2855993321,1074,0.951736016,0.006320534383
144,0.7,0.3,0.2855993321,1076,0.951635669,0.006335132095
144,0.7,0.3,0.2855993321,1078,0.9515330491,0.006350869573
144,0.7,0.3,0.2855993321,1080,0.9514235998,0.006367906739
144,0.7,0.3,0.2855993321,1082,0.9512936979,0.006387817568
144,0.7,0.3,0.2855993321,1084,0.9511744269,0.006407196754
144,0.7,0.3,0.2855993321,1086,0.9510622838,0.006419388949
144,0.7,0.3,0.2855993321,1088,0.9509544506,0.006427682743
144,0.7,0.3,0.2855993321,1090,0.9508410318,0.006437558909
144,0.7,0.3,0.2855993321,1092,0.9507188832,0.00644281121
144,0.7,0.3,0.2855993321,1094,0.9505901871,0.006451360339
144,0.7,0.3,0.2855993321,1096,0.9504562305,0.006462642348
144,0.7,0.3,0.2855993321,1098,0.9503259415,0.006478481037
144,0.7,0.3,0.2855993321,1100,0.9501973326,0.006490838079
144,0.7,0.3,0.2855993321,1102,0.9500609221,0.006502488706
144,0.7,0.3,0.2855993321,1104,0.94992745,0.006517986722
144,0.7,0.3,0.2855993321,1106,0.9497851386,0.006527479901
144,0.7,0.3,0.2855993321,1108,0.949639495,0.006541951293
144,0.7,0.3,0.2855993321,1110,0.9494948791,0.006555133654
144,0.7,0.3,0.2855993321,1112,0.9493639914,0.006562349506
144,0.7,0.3,0.2855993321,1114,0.9492205318,0.006575583731
144,0.7,0.3,0.2855993321,1116,0.9490740511,0.006593793042
144,0.7,0.3,0.2855993321,1118,0.9489293195,0.006610156327
144,0.7,0.3,0.2855993321,1120,0.9487924543,0.006625959184
144,0.7,0.3,0.2855993321,1122,0.9486576022,0.006644533431
144,0.7,0.3,0.2855993321,1124,0.9485238753,0.006661292623
144,0.7,0.3,0.2855993321,1126,0.948397344,0.006680159729
144,0.7,0.3,0.2855993321,1128,0.9482699439,0.006701888118
144,0.7,0.3,0.2855993321,1130,0.948142805,0.006727119871
144,0.7,0.3,0.2855993321,1132,0.9479993185,0.006758041792
144,0.7,0.3,0.2855993321,1134,0.9478550608,0.006787607902
144,0.7,0.3,0.2855993321,1136,0.9477153286,0.006823238604
144,0.7,0.3,0.2855993321,1138,0.9475762624,0.006857085507
144,0.7,0.3,0.2855993321,1140,0.9474408822,0.006889858821
144,0.7,0.3,0.2855993321,1142,0.9473081696,0.006919955894
144,0.7,0.3,0.2855993321,1144,0.9471761683,0.006953525863
144,0.7,0.3,0.2855993321,1146,0.9470417023,0.006988845425
144,0.7,0.3,0.2855993321,1148,0.9469014984,0.007021822625
144,0.7,0.3,0.2855993321,1150,0.9467675791,0.007055893745
144,0.7,0.3,0.2855993321,1152,0.9466381013,0.007089057939
144,0.7,0.3,0.2855993321,1154,0.9465052148,0.007119943928
144,0.7,0.3,0.2855993321,1156,0.9463651768,0.007153818296
144,0.7,0.3,0.2855993321,1158,0.946224442,0.007195429083
144,0.7,0.3,0.2855993321,1160,0.9460678542,0.007243690468
144,0.7,0.3,0.2855993321,1162,0.945908064,0.007298542349
144,0.7,0.3,0.2855993321,1164,0.9457407086,0.007352122289
144,0.7,0.3,0.2855993321,1166,0.9455800271,0.007409743046
144,0.7,0.3,0.2855993321,1168,0.9454318994,0.007462268062
144,0.7,0.3,0.2855993321,1170,0.9452765279,0.007516810817
144,0.7,0.3,0.2855993321,1172,0.9451263663,0.007566777509
144,0.7,0.3,0.2855993321,1174,0.9449784801,0.007621396783
144,0.7,0.3,0.2855993321,1176,0.944834959,0.007672544459
144,0.7,0.3,0.2855993321,1178,0.9446858658,0.007720424067
144,0.7,0.3,0.2855993321,1180,0.9445330645,0.007769346319
144,0.7,0.3,0.2855993321,1182,0.9443934351,0.00781505081
144,0.7,0.3,0.2855993321,1184,0.9442507488,0.007867192747
144,0.7,0.3,0.2855993321,1186,0.9441127369,0.007921447846
144,0.7,0.3,0.2855993321,1188,0.9439750995,0.007976786194
144,0.7,0.3,0.2855993321,1190,0.9438328891,0.008037712391
144,0.7,0.3,0.2855993321,1192,0.9436878798,0.008092558075
144,0.7,0.3,0.2855993321,1194,0.9435336025,0.008144551438
144,0.7,0.3,0.2855993321,1196,0.9433823741,0.008201049998
144,0.7,0.3,0.2855993321,1198,0.9432249655,0.008264973771
144,0.7,0.3,0.2855993321,1200,0.9430593314,0.008324756193
144,0.7,0.3,0.2855993321,1202,0.9429001988,0.008386962
144,0.7,0.3,0.2855993321,1204,0.9427301473,0.00844541414
144,0.7,0.3,0.2855993321,1206,0.9425720688,0.008498336406
144,0.7,0.3,0.2855993321,1208,0.9424104035,0.008556109091
144,0.7,0.3,0.2855993321,1210,0.9422490848,0.008619873748
144,0.7,0.3,0.2855993321,1212,0.9420829639,0.008681297284
144,0.7,0.3,0.2855993321,1214,0.941921306,0.008743513182
144,0.7,0.3,0.2855993321,1216,0.9417656355,0.00880949204
144,0.7,0.3,0.2855993321,1218,0.9415915394,0.008882045588
144,0.7,0.3,0.2855993321,1220,0.9414171153,0.008950997485
144,0.7,0.3,0.2855993321,1222,0.9412445806,0.009020259641
144,0.7,0.3,0.2855993321,1224,0.9410777389,0.009087739328
144,0.7,0.3,0.2855993321,1226,0.9409012354,0.009156207966
144,0.7,0.3,0.2855993321,1228,0.940726352,0.009223652932
144,0.7,0.3,0.2855993321,1230,0.9405522558,0.009282212597
144,0.7,0.3,0.2855993321,1232,0.9403789222,0.009335889881
144,0.7,0.3,0.2855993321,1234,0.9401985089,0.009384251459
144,0.7,0.3,0.2855993321,1236,0.9400263377,0.00942540512
144,0.7,0.3,0.2855993321,1238,0.9398580788,0.00946518579
144,0.7,0.3,0.2855993321,1240,0.9396840979,0.00951266614
144,0.7,0.3,0.2855993321,1242,0.9395038149,0.009564696299
144,0.7,0.3,0.2855993321,1244,0.9393171743,0.009615902147
144,0.7,0.3,0.2855993321,1246,0.939144535,0.009665954321
144,0.7,0.3,0.2855993321,1248,0.9389813436,0.009715219038
144,0.6,0.4,0.2855993321,0,1,0
144,0.6,0.4,0.2855993321,2,0.9998678092,1.377863338e-05
144,0.6,0.4,0.2855993321,4,0.9997127692,2.380059519e-05
144,0.6,0.4,0.2855993321,6,0.999575462,3.171646961e-05
144,0.6,0.4,0.2855993321,8,0.9994457224,4.143458433e-05
144,0.6,0.4,0.2855993321,10,0.9993240496,5.166237818e-05
144,0.6,0.4,0.2855993321,12,0.9992074859,5.887109891e-05
144,0.6,0.4,0.2855993321,14,0.9990917212,6.526701944e-05
144,0.6,0.4,0.2855993321,16,0.9989802504,7.380084889e-05
144,0.6,0.4,0.2855993321,18,0.9988759508,8.364469439e-05
144,0.6,0.4,0.2855993321,20,0.9987763024,9.48564894e-05
144,0.6,0.4,0.2855993321,22,0.9986838418,0.0001062622227
144,0.6,0.4,0.2855993321,24,0.9985915425,0.0001172844343
144,0.6,0.4,0.2855993321,26,0.9985036905,0.0001306387322
144,0.6,0.4,0.2855993321,28,0.998411756,0.0001422590048
144,0.6,0.4,0.2855993321,30,0.9983120923,0.0001528533291
144,0.6,0.4,0.2855993321,32,0.9982158216,0.0001616190881
144,0.6,0.4,0.2855993321,34,0.9981168615,0.0001693470886
144,0.6,0.4,0.2855993321,36,0.9980257787,0.0001759939593
144,0.6,0.4,0.2855993321,38,0.9979334718,0.0001784786233
144,0.6,0.4,0.2855993321,40,0.9978461273,0.0001798743297
144,0.6,0.4,0.2855993321,42,0.9977602266,0.0001820647346
144,0.6,0.4,0.2855993321,44,0.99767139,0.000186400217
144,0.6,0.4,0.2855993321,46,0.9975821523,0.0001873409312
144,0.6,0.4,0.2855993321,48,0.9974903836,0.0001887985733
144,0.6,0.4,0.2855993321,50,0.997403478,0.0001910041674
144,0.6,0.4,0.2855993321,52,0.9973138691,0.0001922445514
144,0.6,0.4,0.2855993321,54,0.9972263259,0.0001953443861
144,0.6,0.4,0.2855993321,56,0.9971410444,0.0001989003815
144,0.6,0.4,0.2855993321,58,0.9970634632,0.0002031707195
144,0.6,0.4,0.2855993321,60,0.9969798604,0.0002065004973
144,0.6,0.4,0.2855993321,62,0.9968950885,0.0002075903399
144,0.6,0.4,0.2855993321,64,0.9968075574,0.0002059299588
144,0.6,0.4,0.2855993321,66,0.9967210619,0.0002060875932
144,0.6,0.4,0.2855993321,68,0.9966307183,0.0002101037492
144,0.6,0.4,0.2855993321,70,0.9965468095,0.0002136746361
144,0.6,0.4,0.2855993321,72,0.9964565379,0.0002161362665
144,0.6,0.4,0.2855993321,74,0.9963654499,0.0002192114158
144,0.6,0.4,0.2855993321,76,0.9962731895,0.0002220547446
144,0.6,0.4,0.2855993321,78,0.9961869548,0.0002252937603
144,0.6,0.4,0.2855993321,80,0.9960973689,0.0002287245506
144,0.6,0.4,0.2855993321,82,0.9960082109,0.0002314522005
144,0.6,0.4,0.2855993321,84,0.9959163754,0.0002380045443
144,0.6,0.4,0.2855993321,86,0.9958261888,0.0002461262144
144,0.6,0.4,0.2855993321,88,0.9957379545,0.0002523445609
144,0.6,0.4,0.2855993321,90,0.9956515258,0.0002584550273
144,0.6,0.4,0.2855993321,92,0.9955607121,0.0002609285992
144,0.6,0.4,0.2855993321,94,0.9954759125,0.0002644070309
144,0.6,0.4,0.2855993321,96,0.9953888881,0.0002676671559
144,0.6,0.4,0.2855993321,98,0.9953035222,0.0002731690907
144,0.6,0.4,0.2855993321,100,0.9952175208,0.0002763384708
144,0.6,0.4,0.2855993321,102,0.9951309544,0.0002772942061
144,0.6,0.4,0.2855993321,104,0.9950425492,0.0002807541254
144,0.6,0.4,0.2855993321,106,0.9949546071,0.0002868699443
144,0.6,0.4,0.2855993321,108,0.9948659769,0.0002950694885
144,0.6,0.4,0.2855993321,110,0.9947781766,0.0003044574598
144,0.6,0.4,0.2855993321,112,0.9946945813,0.0003094953154
144,0.6,0.4,0.2855993321,114,0.9946084855,0.0003113896136
144,0.6,0.4,0.2855993321,116,0.9945197523,0.0003163852623
144,0.6,0.4,0.2855993321,118,0.9944337865,0.0003233146728
144,0.6,0.4,0.2855993321,120,0.9943463474,0.0003301761674
144,0.6,0.4,0.2855993321,122,0.9942568056,0.0003375624324
144,0.6,0.4,0.2855993321,124,0.9941676516,0.0003478861774
144,0.6,0.4,0.2855993321,126,0.994077492,0.0003574217364
144,0.6,0.4,0.2855993321,128,0.9939894509,0.0003645386152
144,0.6,0.4,0.2855993321,130,0.9939009041,0.000367265352
144,0.6,0.4,0.2855993321,132,0.9938090857,0.0003678027323
144,0.6,0.4,0.2855993321,134,0.9937170231,0.00036621127
144,0.6,0.4,0.2855993321,136,0.9936251919,0.0003672548189
144,0.6,0.4,0.2855993321,138,0.9935363278,0.000371828955
144,0.6,0.4,0.2855993321,140,0.9934442978,0.0003802762421
144,0.6,0.4,0.2855993321,142,0.9933536828,0.0003880647581
144,0.6,0.4,0.2855993321,144,0.9932604025,0.0003978803831
144,0.6,0.4,0.2855993321,146,0.9931630271,0.0004075510276
144,0.6,0.4,0.2855993321,148,0.9930673259,0.0004181230285
144,0.6,0.4,0.2855993321,150,0.9929748465,0.000424463264
144,0.6,0.4,0.2855993321,152,0.9928838843,0.0004319615214
144,0.6,0.4,0.2855993321,154,0.9927949693,0.0004416323187
144,0.6,0.4,0.2855993321,156,0.9927090651,0.0004474495367
144,0.6,0.4,0.2855993321,158,0.9926213571,0.0004499802659
144,0.6,0.4,0.2855993321,160,0.9925312181,0.0004545615932
144,0.6,0.4,0.2855993321,162,0.9924427112,0.0004608323627
144,0.6,0.4,0.2855993321,164,0.9923563605,0.0004627727011
144,0.6,0.4,0.2855993321,166,0.9922682505,0.0004630065565
144,0.6,0.4,0.2855993321,168,0.9921828559,0.0004640755413
144,0.6,0.4,0.2855993321,170,0.9920998672,0.0004657263983
144,0.6,0.4,0.2855993321,172,0.9920156944,0.0004687726647
144,0.6,0.4,0.2855993321,174,0.9919329568,0.0004716734749
144,0.6,0.4,0.2855993321,176,0.9918472691,0.0004728602929
144,0.6,0.4,0.2855993321,178,0.9917598128,0.0004751010061
144,0.6,0.4,0.2855993321,180,0.991667095,0.0004773209833
144,0.6,0.4,0.2855993321,182,0.9915778643,0.0004763044728
144,0.6,0.4,0.2855993321,184,0.9914917667,0.0004739039167
144,0.6,0.4,0.2855993321,186,0.9914079604,0.0004744173519
144,0.6,0.4,0.2855993321,188,0.9913241739,0.0004777599072
144,0.6,0.4,0.2855993321,190,0.991241557,0.0004817230589
144,0.6,0.4,0.2855993321,192,0.9911528611,0.0004887636065
144,0.6,0.4,0.2855993321,194,0.9910632611,0.0004949315405
144,0.6,0.4,0.2855993321,196,0.990980194,0.0004994048123
144,0.6,0.4,0.2855993321,198,0.9908974541,0.0005006496282
144,0.6,0.4,0.2855993321,200,0.9908225757,0.0005019155923
144,0.6,0.4,0.2855993321,202,0.9907445033,0.0005023546428
144,0.6,0.4,0.2855993321,204,0.9906638862,0.0005041747165
144,0.6,0.4,0.2855993321,206,0.9905798304,0.0005099619261
144,0.6,0.4,0.2855993321,208,0.9904924082,0.0005120485025
144,0.6,0.4,0.2855993321,210,0.9904098861,0.0005115655131
144,0.6,0.4,0.2855993321,212,0.9903310342,0.0005110805035
144,0.6,0.4,0.2855993321,214,0.9902492648,0.0005130319739
144,0.6,0.4,0.2855993321,216,0.9901725879,0.0005147528306
144,0.6,0.4,0.2855993321,218,0.9900965556,0.0005162431721
144,0.6,0.4,0.2855993321,220,0.9900226906,0.0005146214756
144,0.6,0.4,0.2855993321,222,0.9899520633,0.0005126065685
144,0.6,0.4,0.2855993321,224,0.9898745179,0.0005146112144
144,0.6,0.4,0.2855993321,226,0.9897966202,0.0005189297786
144,0.6,0.4,0.2855993321,228,0.989722245,0.0005255992357
144,0.6,0.4,0.2855993321,230,0.9896486941,0.0005283422133
144,0.6,0.4,0.2855993321,232,0.9895767597,0.0005310924263
144,0.6,0.4,0.2855993321,234,0.9895059359,0.0005341285365
144,0.6,0.4,0.2855993321,236,0.9894280991,0.0005395167703
144,0.6,0.4,0.2855993321,238,0.9893523007,0.0005475564667
144,0.6,0.4,0.2855993321,240,0.9892758915,0.0005524826649
144,0.6,0.4,0.2855993321,242,0.9891979152,0.0005548250951
144,0.6,0.4,0.2855993321,244,0.9891222155,0.000558820044
144,0.6,0.4,0.2855993321,246,0.9890534988,0.0005648876391
144,0.6,0.4,0.2855993321,248,0.9889879872,0.0005695593436
144,0.6,0.4,0.2855993321,250,0.9889288425,0.000577478868
144,0.6,0.4,0.2855993321,252,0.9888736462,0.0005826035701
144,0.6,0.4,0.2855993321,254,0.9888130657,0.00059116383
144,0.6,0.4,0.2855993321,256,0.9887554758,0.0006018214828
144,0.6,0.4,0.2855993321,258,0.9887023156,0.0006092567012
144,0.6,0.4,0.2855993321,260,0.9886536361,0.0006194337267
144,0.6,0.4,0.2855993321,262,0.9886000015,0.0006268633905
144,0.6,0.4,0.2855993321,264,0.9885445477,0.0006349280504
144,0.6,0.4,0.2855993321,266,0.9884907849,0.000641452555
144,0.6,0.4,0.2855993321,268,0.988436036,0.0006479484492
144,0.6,0.4,0.2855993321,270,0.9883825693,0.0006566857532
144,0.6,0.4,0.2855993321,272,0.9883284908,0.0006645632167
144,0.6,0.4,0.2855993321,274,0.9882730668,0.0006701009946
144,0.6,0.4,0.2855993321,276,0.9882183603,0.0006771443219
144,0.6,0.4,0.2855993321,278,0.988165461,0.0006856865461
144,0.6,0.4,0.2855993321,280,0.9881187135,0.0006931479023
144,0.6,0.4,0.2855993321,282,0.9880734917,0.0007030583031
144,0.6,0.4,0.2855993321,284,0.9880271672,0.0007123885118
144,0.6,0.4,0.2855993321,286,0.9879852269,0.0007208229143
144,0.6,0.4,0.2855993321,288,0.9879460286,0.0007312716552
144,0.6,0.4,0.2855993321,290,0.9879083189,0.0007423249982
144,0.6,0.4,0.2855993321,292,0.987868079,0.0007485350155
144,0.6,0.4,0.2855993321,294,0.9878242449,0.000757771148
144,0.6,0.4,0.2855993321,296,0.9877770264,0.0007680908235
144,0.6,0.4,0.2855993321,298,0.9877310056,0.0007735524993
144,0.6,0.4,0.2855993321,300,0.9876904516,0.0007787538905
144,0.6,0.4,0.2855993321,302,0.987645476,0.0007821165818
144,0.6,0.4,0.2855993321,304,0.987598597,0.0007861578931
144,0.6,0.4,0.2855993321,306,0.9875543121,0.0007918740959
144,0.6,0.4,0.2855993321,308,0.9875134368,0.000802175094
144,0.6,0.4,0.2855993321,310,0.9874714768,0.0008115229529
144,0.6,0.4,0.2855993321,312,0.987433138,0.0008221263846
144,0.6,0.4,0.2855993321,314,0.9873978525,0.0008318245065
144,0.6,0.4,0.2855993321,316,0.9873581875,0.0008395753807
144,0.6,0.4,0.2855993321,318,0.9873133931,0.0008422650158
144,0.6,0.4,0.2855993321,320,0.9872640125,0.0008480577908
144,0.6,0.4,0.2855993321,322,0.9872161673,0.0008498418583
144,0.6,0.4,0.2855993321,324,0.9871731039,0.0008512635937
144,0.6,0.4,0.2855993321,326,0.9871351328,0.0008537364298
144,0.6,0.4,0.2855993321,328,0.9870958351,0.0008596116764
144,0.6,0.4,0.2855993321,330,0.9870534394,0.0008649704032
144,0.6,0.4,0.2855993321,332,0.9870066494,0.0008695315908
144,0.6,0.4,0.2855993321,334,0.9869559467,0.0008727696304
144,0.6,0.4,0.2855993321,336,0.9869078708,0.0008790249856
144,0.6,0.4,0.2855993321,338,0.9868575911,0.0008840681195
144,0.6,0.4,0.2855993321,340,0.9868037434,0.0008850293604
144,0.6,0.4,0.2855993321,342,0.9867550037,0.0008869174011
144,0.6,0.4,0.2855993321,344,0.9867038003,0.0008910937022
144,0.6,0.4,0.2855993321,346,0.9866556411,0.0008894520219
144,0.6,0.4,0.2855993321,348,0.9866161413,0.0008880669701
144,0.6,0.4,0.2855993321,350,0.9865760689,0.0008874061054
144,0.6,0.4,0.2855993321,352,0.9865346539,0.0008892736804
144,0.6,0.4,0.2855993321,354,0.9864915711,0.0008907604204
144,0.6,0.4,0.2855993321,356,0.986453984,0.0008953501587
144,0.6,0.4,0.2855993321,358,0.9864228191,0.0009006098244
144,0.6,0.4,0.2855993321,360,0.9863846488,0.0009034975677
144,0.6,0.4,0.2855993321,362,0.9863457191,0.0009057720763
144,0.6,0.4,0.2855993321,364,0.9863104906,0.0009122695496
144,0.6,0.4,0.2855993321,366,0.9862789453,0.0009189441388
144,0.6,0.4,0.2855993321,368,0.9862473247,0.0009224913762
144,0.6,0.4,0.2855993321,370,0.9862152523,0.0009266567217
144,0.6,0.4,0.2855993321,372,0.9861809576,0.0009327601924
144,0.6,0.4,0.2855993321,374,0.9861489668,0.0009345343991
144,0.6,0.4,0.2855993321,376,0.9861134801,0.0009376389624
144,0.6,0.4,0.2855993321,378,0.9860810887,0.0009414953254
144,0.6,0.4,0.2855993321,380,0.9860441984,0.0009433596001
144,0.6,0.4,0.2855993321,382,0.9860072848,0.0009414634636
144,0.6,0.4,0.2855993321,384,0.9859694323,0.000943984748
144,0.6,0.4,0.2855993321,386,0.9859305793,0.0009422990081
144,0.6,0.4,0.2855993321,388,0.9858868631,0.0009402926844
144,0.6,0.4,0.2855993321,390,0.985840823,0.000939563281
144,0.6,0.4,0.2855993321,392,0.9857940395,0.0009346411939
144,0.6,0.4,0.2855993321,394,0.9857511079,0.0009298383475
144,0.6,0.4,0.2855993321,396,0.985711969,0.0009276212708
144,0.6,0.4,0.2855993321,398,0.9856659934,0.0009223552396
144,0.6,0.4,0.2855993321,400,0.9856248358,0.0009181091131
144,0.6,0.4,0.2855993321,402,0.9855769925,0.0009128185737
144,0.6,0.4,0.2855993321,404,0.9855264808,0.0009087323364
144,0.6,0.4,0.2855993321,406,0.9854744448,0.0008961273265
144,0.6,0.4,0.2855993321,408,0.9854254665,0.0008834104524
144,0.6,0.4,0.2855993321,410,0.9853787859,0.0008769097471
144,0.6,0.4,0.2855993321,412,0.9853337785,0.0008746280807
144,0.6,0.4,0.2855993321,414,0.9852941182,0.0008774596322
144,0.6,0.4,0.2855993321,416,0.9852513386,0.0008796114986
144,0.6,0.4,0.2855993321,418,0.9852072532,0.0008856368941
144,0.6,0.4,0.2855993321,420,0.9851579873,0.0008917078035
144,0.6,0.4,0.2855993321,422,0.9851110596,0.000899640625
144,0.6,0.4,0.2855993321,424,0.985060809,0.0009065689786
144,0.6,0.4,0.2855993321,426,0.9850116147,0.0009097791773
144,0.6,0.4,0.2855993321,428,0.9849648921,0.0009177672413
144,0.6,0.4,0.2855993321,430,0.984910025,0.0009264911737
144,0.6,0.4,0.2855993321,432,0.9848571634,0.000934193331
144,0.6,0.4,0.2855993321,434,0.984797342,0.0009354033932
144,0.6,0.4,0.2855993321,436,0.984743546,0.0009328789315
144,0.6,0.4,0.2855993321,438,0.9846941326,0.0009351891666
144,0.6,0.4,0.2855993321,440,0.9846379188,0.0009354112809
144,0.6,0.4,0.2855993321,442,0.9845837014,0.0009362909638
144,0.6,0.4,0.2855993321,444,0.9845218528,0.0009350660234
144,0.6,0.4,0.2855993321,446,0.9844588698,0.0009344055777
144,0.6,0.4,0.2855993321,448,0.984397868,0.0009333509026
144,0.6,0.4,0.2855993321,450,0.9843430634,0.000930317953
144,0.6,0.4,0.2855993321,452,0.9842876138,0.0009229249928
144,0.6,0.4,0.2855993321,454,0.9842320533,0.0009159611382
144,0.6,0.4,0.2855993321,456,0.9841857757,0.0009072564949
144,0.6,0.4,0.2855993321,458,0.9841394661,0.0008990038782
144,0.6,0.4,0.2855993321,460,0.984088019,0.000889694044
144,0.6,0.4,0.2855993321,462,0.9840344828,0.0008828921685
144,0.6,0.4,0.2855993321,464,0.9839856032,0.000874769612
144,0.6,0.4,0.2855993321,466,0.9839345035,0.0008614239517
144,0.6,0.4,0.2855993321,468,0.9838822589,0.0008465378667
144,0.6,0.4,0.2855993321,470,0.9838274069,0.0008311228674
144,0.6,0.4,0.2855993321,472,0.9837677018,0.0008172997113
144,0.6,0.4,0.2855993321,474,0.98370675,0.0008038666711
144,0.6,0.4,0.2855993321,476,0.9836445645,0.0007974570812
144,0.6,0.4,0.2855993321,478,0.9835901676,0.0007917758512
144,0.6,0.4,0.2855993321,480,0.9835333227,0.0007900668231
144,0.6,0.4,0.2855993321,482,0.9834740027,0.0007849963796
144,0.6,0.4,0.2855993321,484,0.9834172856,0.0007798456539
144,0.6,0.4,0.2855993321,486,0.9833606989,0.0007740121523
144,0.6,0.4,0.2855993321,488,0.9833061603,0.0007702720997
144,0.6,0.4,0.2855993321,490,0.9832520551,0.0007658786804
144,0.6,0.4,0.2855993321,492,0.9831970407,0.000764626628
144,0.6,0.4,0.2855993321,494,0.9831400011,0.0007601849604
144,0.6,0.4,0.2855993321,496,0.9830857001,0.0007529300986
144,0.6,0.4,0.2855993321,498,0.9830339454,0.000747934008
144,0.6,0.4,0.2855993321,500,0.9829904154,0.0007443718544
144,0.6,0.4,0.2855993321,502,0.9829473399,0.0007370720487
144,0.6,0.4,0.2855993321,504,0.9829040308,0.0007320644209
144,0.6,0.4,0.2855993321,506,0.9828611763,0.0007298069953
144,0.6,0.4,0.2855993321,508,0.98281351,0.0007289954049
144,0.6,0.4,0.2855993321,510,0.9827638314,0.0007307966876
144,0.6,0.4,0.2855993321,512,0.9827083587,0.0007380214039
144,0.6,0.4,0.2855993321,514,0.9826519331,0.0007434436521
144,0.6,0.4,0.2855993321,516,0.9825904144,0.0007522105943
144,0.6,0.4,0.2855993321,518,0.9825303467,0.0007577353645
144,0.6,0.4,0.2855993321,520,0.9824719664,0.0007589447405
144,0.6,0.4,0.2855993321,522,0.9824147125,0.0007631208286
144,0.6,0.4,0.2855993321,524,0.9823579263,0.0007665831509
144,0.6,0.4,0.2855993321,526,0.9822993371,0.0007644054075
144,0.6,0.4,0.2855993321,528,0.9822506991,0.0007637585786
144,0.6,0.4,0.2855993321,530,0.9821962005,0.0007679029233
144,0.6,0.4,0.2855993321,532,0.9821439445,0.0007740885151
144,0.6,0.4,0.2855993321,534,0.9820981855,0.0007867528934
144,0.6,0.4,0.2855993321,536,0.9820557915,0.0007999248888
144,0.6,0.4,0.2855993321,538,0.9820218895,0.0008126452068
144,0.6,0.4,0.2855993321,540,0.9819847956,0.0008236009503
144,0.6,0.4,0.2855993321,542,0.981950356,0.0008317741769
144,0.6,0.4,0.2855993321,544,0.9819223387,0.0008422485039
144,0.6,0.4,0.2855993321,546,0.9818897209,0.0008533327514
144,0.6,0.4,0.2855993321,548,0.9818549298,0.0008711218222
144,0.6,0.4,0.2855993321,550,0.9818170367,0.0008838783605
144,0.6,0.4,0.2855993321,552,0.9817760863,0.0008985886721
144,0.6,0.4,0.2855993321,554,0.9817344672,0.0009146539217
144,0.6,0.4,0.2855993321,556,0.9816975447,0.0009352095339
144,0.6,0.4,0.2855993321,558,0.9816608444,0.0009559991186
144,0.6,0.4,0.2855993321,560,0.981625656,0.0009801663789
144,0.6,0.4,0.2855993321,562,0.9815974873,0.001002359418
144,0.6,0.4,0.2855993321,564,0.9815682354,0.0010228163
144,0.6,0.4,0.2855993321,566,0.9815345462,0.001043636238
144,0.6,0.4,0.2855993321,568,0.981498789,0.001064639916
144,0.6,0.4,0.2855993321,570,0.9814675796,0.001085526809
144,0.6,0.4,0.2855993321,572,0.981438827,0.001110084086
144,0.6,0.4,0.2855993321,574,0.9814079827,0.001135212271
144,0.6,0.4,0.2855993321,576,0.9813804015,0.001159816281
144,0.6,0.4,0.2855993321,578,0.9813526259,0.001187623122
144,0.6,0.4,0.2855993321,580,0.9813148263,0.001214305537
144,0.6,0.4,0.2855993321,582,0.9812809906,0.00124455573
144,0.6,0.4,0.2855993321,584,0.9812393953,0.001273509207
144,0.6,0.4,0.2855993321,586,0.9812022909,0.001298321423
144,0.6,0.4,0.2855993321,588,0.9811694059,0.001322186422
144,0.6,0.4,0.2855993321,590,0.9811451185,0.00134335271
144,0.6,0.4,0.2855993321,592,0.981115918,0.00137055814
144,0.6,0.4,0.2855993321,594,0.9810903191,0.0013955286
144,0.6,0.4,0.2855993321,596,0.9810641221,0.001419429422
144,0.6,0.4,0.2855993321,598,0.9810443445,0.001444245561
144,0.6,0.4,0.2855993321,600,0.9810242769,0.001464644104
144,0.6,0.4,0.2855993321,602,0.9809989381,0.001481956524
144,0.6,0.4,0.2855993321,604,0.9809787038,0.00149824222
144,0.6,0.4,0.2855993321,606,0.9809584716,0.00151018892
144,0.6,0.4,0.2855993321,608,0.9809424287,0.001523075491
144,0.6,0.4,0.2855993321,610,0.9809281486,0.001540659946
144,0.6,0.4,0.2855993321,612,0.9809053625,0.001560455431
144,0.6,0.4,0.2855993321,614,0.9808803554,0.001579356548
144,0.6,0.4,0.2855993321,616,0.9808522163,0.001595811622
144,0.6,0.4,0.2855993321,618,0.9808246937,0.001611668445
144,0.6,0.4,0.2855993321,620,0.9807944184,0.001634495034
144,0.6,0.4,0.2855993321,622,0.9807629716,0.001656948738
144,0.6,0.4,0.2855993321,624,0.9807290425,0.001678922611
144,0.6,0.4,0.2855993321,626,0.9806945883,0.001696783918
144,0.6,0.4,0.2855993321,628,0.98066277,0.00171331484
144,0.6,0.4,0.2855993321,630,0.9806276152,0.001726070689
144,0.6,0.4,0.2855993321,632,0.9805963985,0.001737460078
144,0.6,0.4,0.2855993321,634,0.980565709,0.001744943387
144,0.6,0.4,0.2855993321,636,0.9805378325,0.001751162753
144,0.6,0.4,0.2855993321,638,0.9805123833,0.001757249408
144,0.6,0.4,0.2855993321,640,0.9804878301,0.001758894905
144,0.6,0.4,0.2855993321,642,0.9804576399,0.001756826598
144,0.6,0.4,0.2855993321,644,0.9804224542,0.001759969832
144,0.6,0.4,0.2855993321,646,0.9803822794,0.001763303088
144,0.6,0.4,0.2855993321,648,0.9803456371,0.001772453483
144,0.6,0.4,0.2855993321,650,0.9803039409,0.001784322981
144,0.6,0.4,0.2855993321,652,0.9802680282,0.001802760093
144,0.6,0.4,0.2855993321,654,0.9802377144,0.0018241106
144,0.6,0.4,0.2855993321,656,0.9802028961,0.001839885863
144,0.6,0.4,0.2855993321,658,0.9801684743,0.001854543834
144,0.6,0.4,0.2855993321,660,0.9801393781,0.001865294023
144,0.6,0.4,0.2855993321,662,0.9801139252,0.001872815339
144,0.6,0.4,0.2855993321,664,0.9800948247,0.001879849627
144,0.6,0.4,0.2855993321,666,0.9800740507,0.001881119633
144,0.6,0.4,0.2855993321,668,0.9800668855,0.001885767042
144,0.6,0.4,0.2855993321,670,0.9800571252,0.001889930413
144,0.6,0.4,0.2855993321,672,0.9800456266,0.001898081034
144,0.6,0.4,0.2855993321,674,0.9800322349,0.001908107304
144,0.6,0.4,0.2855993321,676,0.9800145335,0.001916949161
144,0.6,0.4,0.2855993321,678,0.9799829618,0.001925567456
144,0.6,0.4,0.2855993321,680,0.9799458377,0.001932665441
144,0.6,0.4,0.2855993321,682,0.9799028854,0.001944488087
144,0.6,0.4,0.2855993321,684,0.9798736055,0.001952306907
144,0.6,0.4,0.2855993321,686,0.9798487396,0.001965191882
144,0.6,0.4,0.2855993321,688,0.9798262881,0.001976395344
144,0.6,0.4,0.2855993321,690,0.9797994043,0.001987453288
144,0.6,0.4,0.2855993321,692,0.9797612215,0.002000609
144,0.6,0.4,0.2855993321,694,0.9797225481,0.002011690869
144,0.6,0.4,0.2855993321,696,0.9796845712,0.002023394201
144,0.6,0.4,0.2855993321,698,0.979643716,0.00203262735
144,0.6,0.4,0.2855993321,700,0.9796009639,0.002039968308
144,0.6,0.4,0.2855993321,702,0.9795561372,0.002049430358
144,0.6,0.4,0.2855993321,704,0.9795170231,0.002061048218
144,0.6,0.4,0.2855993321,706,0.9794768066,0.002072170305
144,0.6,0.4,0.2855993321,708,0.9794320472,0.002079524466
144,0.6,0.4,0.2855993321,710,0.9793852546,0.002082431004
144,0.6,0.4,0.2855993321,712,0.9793412076,0.002086108295
144,0.6,0.4,0.2855993321,714,0.9792998845,0.002088358639
144,0.6,0.4,0.2855993321,716,0.9792575083,0.002091361795
144,0.6,0.4,0.2855993321,718,0.9792238135,0.002091489038
144,0.6,0.4,0.2855993321,720,0.979190416,0.0020879974
144,0.6,0.4,0.2855993321,722,0.9791596324,0.002090224077
144,0.6,0.4,0.2855993321,724,0.9791289547,0.002091521776
144,0.6,0.4,0.2855993321,726,0.9790949077,0.002090746843
144,0.6,0.4,0.2855993321,728,0.9790555019,0.002087058638
144,0.6,0.4,0.2855993321,730,0.9790214006,0.002085499323
144,0.6,0.4,0.2855993321,732,0.9789824301,0.002081909708
144,0.6,0.4,0.2855993321,734,0.9789508051,0.002082706386
144,0.6,0.4,0.2855993321,736,0.9789227591,0.002089090391
144,0.6,0.4,0.2855993321,738,0.9788982739,0.002095338102
144,0.6,0.4,0.2855993321,740,0.9788742178,0.002099248105
144,0.6,0.4,0.2855993321,742,0.9788510777,0.002100954827
144,0.6,0.4,0.2855993321,744,0.9788256634,0.002101091919
144,0.6,0.4,0.2855993321,746,0.9788009357,0.002102637725
144,0.6,0.4,0.2855993321,748,0.978775155,0.002107905234
144,0.6,0.4,0.2855993321,750,0.9787515697,0.002108482133
144,0.6,0.4,0.2855993321,752,0.9787298417,0.002112126936
144,0.6,0.4,0.2855993321,754,0.9787071643,0.002107723618
144,0.6,0.4,0.2855993321,756,0.9786737662,0.00210215993
144,0.6,0.4,0.2855993321,758,0.9786414553,0.002097738241
144,0.6,0.4,0.2855993321,760,0.9785995005,0.002093339563
144,0.6,0.4,0.2855993321,762,0.9785611451,0.002088703552
144,0.6,0.4,0.2855993321,764,0.9785202815,0.002089470522
144,0.6,0.4,0.2855993321,766,0.978477655,0.002096183636
144,0.6,0.4,0.2855993321,768,0.978431734,0.002096961672
144,0.6,0.4,0.2855993321,770,0.9783886734,0.002102338098
144,0.6,0.4,0.2855993321,772,0.9783469584,0.00210733238
144,0.6,0.4,0.2855993321,774,0.9782978179,0.002107154401
144,0.6,0.4,0.2855993321,776,0.9782364897,0.002103483148
144,0.6,0.4,0.2855993321,778,0.9781774662,0.002103820615
144,0.6,0.4,0.2855993321,780,0.9781219267,0.002106348948
144,0.6,0.4,0.2855993321,782,0.9780728506,0.002111051641
144,0.6,0.4,0.2855993321,784,0.9780304258,0.002116225374
144,0.6,0.4,0.2855993321,786,0.9779840754,0.002118323005
144,0.6,0.4,0.2855993321,788,0.9779347937,0.00211646126
144,0.6,0.4,0.2855993321,790,0.9778879147,0.002115182264
144,0.6,0.4,0.2855993321,792,0.9778414814,0.002119194549
144,0.6,0.4,0.2855993321,794,0.9777959811,0.002122261615
144,0.6,0.4,0.2855993321,796,0.9777403004,0.002125106585
144,0.6,0.4,0.2855993321,798,0.9776858636,0.002132293695
144,0.6,0.4,0.2855993321,800,0.9776299024,0.002141131715
144,0.6,0.4,0.2855993321,802,0.9775729152,0.002151308675
144,0.6,0.4,0.2855993321,804,0.9775162744,0.002161543792
144,0.6,0.4,0.2855993321,806,0.9774605688,0.002168073456
144,0.6,0.4,0.2855993321,808,0.9774098685,0.002174313502
144,0.6,0.4,0.2855993321,810,0.9773776097,0.002176338707
144,0.6,0.4,0.2855993321,812,0.9773315544,0.002178654438
144,0.6,0.4,0.2855993321,814,0.9772897554,0.002180154455
144,0.6,0.4,0.2855993321,816,0.9772527196,0.00218204428
144,0.6,0.4,0.2855993321,818,0.9772154066,0.002181927679
144,0.6,0.4,0.2855993321,820,0.9771738934,0.00218653526
144,0.6,0.4,0.2855993321,822,0.9771281518,0.002189505327
144,0.6,0.4,0.2855993321,824,0.9770790493,0.002193085732
144,0.6,0.4,0.2855993321,826,0.9770250124,0.002199979613
144,0.6,0.4,0.2855993321,828,0.9769705511,0.002201275361
144,0.6,0.4,0.2855993321,830,0.9769229689,0.002201707234
144,0.6,0.4,0.2855993321,832,0.9768723881,0.002207108715
144,0.6,0.4,0.2855993321,834,0.9768174249,0.002211938495
144,0.6,0.4,0.2855993321,836,0.9767529615,0.002213524587
144,0.6,0.4,0.2855993321,838,0.9766873662,0.002214408572
144,0.6,0.4,0.2855993321,840,0.9766159242,0.002216791413
144,0.6,0.4,0.2855993321,842,0.9765534314,0.002218951517
144,0.6,0.4,0.2855993321,844,0.9764879617,0.002222552607
144,0.6,0.4,0.2855993321,846,0.9764264037,0.002221603203
144,0.6,0.4,0.2855993321,848,0.9763624961,0.002223745285
144,0.6,0.4,0.2855993321,850,0.9762917119,0.002234544053
144,0.6,0.4,0.2855993321,852,0.976225034,0.00224243075
144,0.6,0.4,0.2855993321,854,0.9761598393,0.002246994361
144,0.6,0.4,0.2855993321,856,0.9760852834,0.002256510339
144,0.6,0.4,0.2855993321,858,0.9760129888,0.002264311067
144,0.6,0.4,0.2855993321,860,0.9759358066,0.002269726854
144,0.6,0.4,0.2855993321,862,0.9758687926,0.002272995159
144,0.6,0.4,0.2855993321,864,0.9757971569,0.002279958224
144,0.6,0.4,0.2855993321,866,0.9757164762,0.002289144815
144,0.6,0.4,0.2855993321,868,0.975640602,0.002295358758
144,0.6,0.4,0.2855993321,870,0.9755749902,0.002302951076
144,0.6,0.4,0.2855993321,872,0.9755065968,0.002305323456
144,0.6,0.4,0.2855993321,874,0.9754410693,0.002302935715
144,0.6,0.4,0.2855993321,876,0.9753746051,0.002299308715
144,0.6,0.4,0.2855993321,878,0.9753119734,0.002299557912
144,0.6,0.4,0.2855993321,880,0.9752631497,0.002303048486
144,0.6,0.4,0.2855993321,882,0.9752105351,0.002316663834
144,0.6,0.4,0.2855993321,884,0.975141949,0.002329529509
144,0.6,0.4,0.2855993321,886,0.9750718925,0.002341516118
144,0.6,0.4,0.2855993321,888,0.9750017893,0.002350206312
144,0.6,0.4,0.2855993321,890,0.9749374408,0.002361684843
144,0.6,0.4,0.2855993321,892,0.9748600328,0.002372507768
144,0.6,0.4,0.2855993321,894,0.9747900203,0.00238917248
144,0.6,0.4,0.2855993321,896,0.9747232863,0.002406738988
144,0.6,0.4,0.2855993321,898,0.9746646923,0.002425646724
144,0.6,0.4,0.2855993321,900,0.9745994001,0.002442460116
144,0.6,0.4,0.2855993321,902,0.9745410841,0.002461898199
144,0.6,0.4,0.2855993321,904,0.9745012579,0.002486801791
144,0.6,0.4,0.2855993321,906,0.9744653439,0.002514162231
144,0.6,0.4,0.2855993321,908,0.9744212097,0.00254064177
144,0.6,0.4,0.2855993321,910,0.9743736099,0.002565432951
144,0.6,0.4,0.2855993321,912,0.974319099,0.002590173145
144,0.6,0.4,0.2855993321,914,0.9742753316,0.002612065941
144,0.6,0.4,0.2855993321,916,0.974231971,0.002640149746
144,0.6,0.4,0.2855993321,918,0.974186586,0.002671168572
144,0.6,0.4,0.2855993321,920,0.9741370586,0.002702842651
144,0.6,0.4,0.2855993321,922,0.9740901506,0.002729244156
144,0.6,0.4,0.2855993321,924,0.9740444397,0.002754457933
144,0.6,0.4,0.2855993321,926,0.9739988046,0.002782108446
144,0.6,0.4,0.2855993321,928,0.973949769,0.002806967713
144,0.6,0.4,0.2855993321,930,0.9739030138,0.002829631798
144,0.6,0.4,0.2855993321,932,0.9738557601,0.002854553806
144,0.6,0.4,0.2855993321,934,0.9738094578,0.002877296734
144,0.6,0.4,0.2855993321,936,0.9737543715,0.002901568484
144,0.6,0.4,0.2855993321,938,0.9737064239,0.002931715986
144,0.6,0.4,0.2855993321,940,0.973651115,0.002959257853
144,0.6,0.4,0.2855993321,942,0.9735923653,0.002984196212
144,0.6,0.4,0.2855993321,944,0.9735379151,0.00301020935
144,0.6,0.4,0.2855993321,946,0.9734834705,0.003035838942
144,0.6,0.4,0.2855993321,948,0.9734350439,0.003066387205
144,0.6,0.4,0.2855993321,950,0.9733921037,0.0030930383
144,0.6,0.4,0.2855993321,952,0.973346292,0.003119629914
144,0.6,0.4,0.2855993321,954,0.9733034334,0.003146392526
144,0.6,0.4,0.2855993321,956,0.9732628117,0.003172174549
144,0.6,0.4,0.2855993321,958,0.973214988,0.003202691794
144,0.6,0.4,0.2855993321,960,0.9731660563,0.003230319898
144,0.6,0.4,0.2855993321,962,0.9731158663,0.003259603615
144,0.6,0.4,0.2855993321,964,0.9730683436,0.003287237104
144,0.6,0.4,0.2855993321,966,0.973027588,0.003313306532
144,0.6,0.4,0.2855993321,968,0.9729821169,0.003340215596
144,0.6,0.4,0.2855993321,970,0.9729379211,0.003367997448
144,0.6,0.4,0.2855993321,972,0.9729001853,0.00339752865
144,0.6,0.4,0.2855993321,974,0.9728590913,0.003427178586
144,0.6,0.4,0.2855993321,976,0.9728198097,0.00345648173
144,0.6,0.4,0.2855993321,978,0.9727732294,0.003484698542
144,0.6,0.4,0.2855993321,980,0.9727296352,0.003511105098
144,0.6,0.4,0.2855993321,982,0.9726733761,0.003537831965
144,0.6,0.4,0.2855993321,984,0.9726188387,0.003567528158
144,0.6,0.4,0.2855993321,986,0.9725581435,0.003597318427
144,0.6,0.4,0.2855993321,988,0.9724972499,0.003627063477
144,0.6,0.4,0.2855993321,990,0.9724362724,0.00365887309
144,0.6,0.4,0.2855993321,992,0.9723740265,0.003692428722
144,0.6,0.4,0.2855993321,994,0.9723073489,0.003721599044
144,0.6,0.4,0.2855993321,996,0.9722344636,0.003746294084
144,0.6,0.4,0.2855993321,998,0.9721699886,0.003769459417
144,0.6,0.4,0.2855993321,1000,0.9721043997,0.003795350691
144,0.6,0.4,0.2855993321,1002,0.9720344802,0.003825411127
144,0.6,0.4,0.2855993321,1004,0.9719739035,0.003856208657
144,0.6,0.4,0.2855993321,1006,0.9719063532,0.003883445244
144,0.6,0.4,0.2855993321,1008,0.9718371381,0.003908133995
144,0.6,0.4,0.2855993321,1010,0.971767572,0.003929912389
144,0.6,0.4,0.2855993321,1012,0.9716922425,0.003952774296
144,0.6,0.4,0.2855993321,1014,0.9716148422,0.003976998837
144,0.6,0.4,0.2855993321,1016,0.9715244607,0.004004157774
144,0.6,0.4,0.2855993321,1018,0.9714317616,0.004034207016
144,0.6,0.4,0.2855993321,1020,0.9713439672,0.00406192356
144,0.6,0.4,0.2855993321,1022,0.9712614908,0.004087372499
144,0.6,0.4,0.2855993321,1024,0.9711748669,0.004116814522
144,0.6,0.4,0.2855993321,1026,0.9710841866,0.004147272251
144,0.6,0.4,0.2855993321,1028,0.9709967896,0.004177898433
144,0.6,0.4,0.2855993321,1030,0.9709090389,0.004216480447
144,0.6,0.4,0.2855993321,1032,0.9708152521,0.004252125325
144,0.6,0.4,0.2855993321,1034,0.9707222348,0.004282889693
144,0.6,0.4,0.2855993321,1036,0.9706343602,0.004314039728
144,0.6,0.4,0.2855993321,1038,0.9705481185,0.004347943225
144,0.6,0.4,0.2855993321,1040,0.9704635865,0.004383351623
144,0.6,0.4,0.2855993321,1042,0.9703836174,0.004422530744
144,0.6,0.4,0.2855993321,1044,0.970307047,0.004464996173
144,0.6,0.4,0.2855993321,1046,0.9702422859,0.004503964958
144,0.6,0.4,0.2855993321,1048,0.9701818229,0.004543711157
144,0.6,0.4,0.2855993321,1050,0.9701165847,0.004582511841
144,0.6,0.4,0.2855993321,1052,0.9700470695,0.00462553039
144,0.6,0.4,0.2855993321,1054,0.9699732209,0.00466709437
144,0.6,0.4,0.2855993321,1056,0.9699123366,0.004715912189
144,0.6,0.4,0.2855993321,1058,0.9698548094,0.004758449135
144,0.6,0.4,0.2855993321,1060,0.9697963042,0.004800846049
144,0.6,0.4,0.2855993321,1062,0.9697285431,0.004843575372
144,0.6,0.4,0.2855993321,1064,0.9696527832,0.004882789394
144,0.6,0.4,0.2855993321,1066,0.9695749439,0.00492213335
144,0.6,0.4,0.2855993321,1068,0.9694967167,0.004964548714
144,0.6,0.4,0.2855993321,1070,0.9694298424,0.005005740409
144,0.6,0.4,0.2855993321,1072,0.9693646908,0.00504726399
144,0.6,0.4,0.2855993321,1074,0.9693033907,0.005084112271
144,0.6,0.4,0.2855993321,1076,0.9692350181,0.005125510692
144,0.6,0.4,0.2855993321,1078,0.9691549275,0.005169347376
144,0.6,0.4,0.2855993321,1080,0.9690779112,0.005209358424
144,0.6,0.4,0.2855993321,1082,0.9689957801,0.00524188115
144,0.6,0.4,0.2855993321,1084,0.9689102639,0.0052732674
144,0.6,0.4,0.2855993321,1086,0.9688219856,0.005298780496
144,0.6,0.4,0.2855993321,1088,0.9687335055,0.00532374577
144,0.6,0.4,0.2855993321,1090,0.9686456124,0.00535445494
144,0.6,0.4,0.2855993321,1092,0.9685747444,0.005386138565
144,0.6,0.4,0.2855993321,1094,0.9685054343,0.005423438415
144,0.6,0.4,0.2855993321,1096,0.9684325362,0.005458020017
144,0.6,0.4,0.2855993321,1098,0.9683694201,0.005498011008
144,0.6,0.4,0.2855993321,1100,0.9683026585,0.005542294608
144,0.6,0.4,0.2855993321,1102,0.968236045,0.005585665946
144,0.6,0.4,0.2855993321,1104,0.9681539538,0.005626487289
144,0.6,0.4,0.2855993321,1106,0.9680752886,0.005668662592
144,0.6,0.4,0.2855993321,1108,0.9679934501,0.005710046266
144,0.6,0.4,0.2855993321,1110,0.9679113432,0.005746049197
144,0.6,0.4,0.2855993321,1112,0.9678206145,0.005780110451
144,0.6,0.4,0.2855993321,1114,0.9677290621,0.005816096637
144,0.6,0.4,0.2855993321,1116,0.9676331709,0.005845625799
144,0.6,0.4,0.2855993321,1118,0.967545228,0.005883415918
144,0.6,0.4,0.2855993321,1120,0.9674595143,0.005923509661
144,0.6,0.4,0.2855993321,1122,0.9673704168,0.005963876849
144,0.6,0.4,0.2855993321,1124,0.9672811175,0.005998040729
144,0.6,0.4,0.2855993321,1126,0.9671899386,0.006030774886
144,0.6,0.4,0.2855993321,1128,0.9670977446,0.006066720895
144,0.6,0.4,0.2855993321,1130,0.9670120084,0.006100181271
144,0.6,0.4,0.2855993321,1132,0.9669237543,0.006128588461
144,0.6,0.4,0.2855993321,1134,0.9668381905,0.006155811695
144,0.6,0.4,0.2855993321,1136,0.9667508483,0.006181786468
144,0.6,0.4,0.2855993321,1138,0.9666706927,0.006209111776
144,0.6,0.4,0.2855993321,1140,0.9665832189,0.00623974701
144,0.6,0.4,0.2855993321,1142,0.9664950027,0.006270385315
144,0.6,0.4,0.2855993321,1144,0.9663994418,0.006293330762
144,0.6,0.4,0.2855993321,1146,0.9662918044,0.006317441153
144,0.6,0.4,0.2855993321,1148,0.9661873115,0.006338939952
144,0.6,0.4,0.2855993321,1150,0.9660671544,0.006360813323
144,0.6,0.4,0.2855993321,1152,0.9659416317,0.006387032857
144,0.6,0.4,0.2855993321,1154,0.9658270487,0.006404306081
144,0.6,0.4,0.2855993321,1156,0.9657023927,0.006418216678
144,0.6,0.4,0.2855993321,1158,0.9655829774,0.006436998594
144,0.6,0.4,0.2855993321,1160,0.9654688307,0.006454154115
144,0.6,0.4,0.2855993321,1162,0.9653521363,0.006468049098
144,0.6,0.4,0.2855993321,1164,0.9652352708,0.006487706725
144,0.6,0.4,0.2855993321,1166,0.9651134609,0.006505425826
144,0.6,0.4,0.2855993321,1168,0.9649863129,0.006523303407
144,0.6,0.4,0.2855993321,1170,0.9648548418,0.006544252145
144,0.6,0.4,0.2855993321,1172,0.9647317808,0.006567654195
144,0.6,0.4,0.2855993321,1174,0.9646119601,0.006591506437
144,0.6,0.4,0.2855993321,1176,0.964491433,0.006610194533
144,0.6,0.4,0.2855993321,1178,0.9643804789,0.006628271983
144,0.6,0.4,0.2855993321,1180,0.9642750882,0.006651601071
144,0.6,0.4,0.2855993321,1182,0.9641541302,0.006673753188
144,0.6,0.4,0.2855993321,1184,0.9640393325,0.006695179575
144,0.6,0.4,0.2855993321,1186,0.9639349801,0.006711858987
144,0.6,0.4,0.2855993321,1188,0.9638273712,0.006729332846
144,0.6,0.4,0.2855993321,1190,0.963724401,0.006743733786
144,0.6,0.4,0.2855993321,1192,0.9636100785,0.006756968439
144,0.6,0.4,0.2855993321,1194,0.9634942358,0.00677185906
144,0.6,0.4,0.2855993321,1196,0.9633824185,0.006787799212
144,0.6,0.4,0.2855993321,1198,0.9632699363,0.006801505513
144,0.6,0.4,0.2855993321,1200,0.9631433075,0.006813294608
144,0.6,0.4,0.2855993321,1202,0.9630062911,0.00682827507
144,0.6,0.4,0.2855993321,1204,0.9628792227,0.006842921151
144,0.6,0.4,0.2855993321,1206,0.9627490984,0.00685969362
144,0.6,0.4,0.2855993321,1208,0.9626158872,0.006878433185
144,0.6,0.4,0.2855993321,1210,0.9624842383,0.006900183963
144,0.6,0.4,0.2855993321,1212,0.9623466611,0.006926329566
144,0.6,0.4,0.2855993321,1214,0.9622142412,0.006949085867
144,0.6,0.4,0.2855993321,1216,0.9620870137,0.006983124835
144,0.6,0.4,0.2855993321,1218,0.9619570199,0.007020257017
144,0.6,0.4,0.2855993321,1220,0.9618294529,0.007057519302
144,0.6,0.4,0.2855993321,1222,0.961696033,0.007090244695
144,0.6,0.4,0.2855993321,1224,0.9615568708,0.007123791502
144,0.6,0.4,0.2855993321,1226,0.961413791,0.007163819861
144,0.6,0.4,0.2855993321,1228,0.9612717514,0.007202181133
144,0.6,0.4,0.2855993321,1230,0.9611237327,0.007239721692
144,0.6,0.4,0.2855993321,1232,0.9609833948,0.007279522981
144,0.6,0.4,0.2855993321,1234,0.9608374401,0.007318970803
144,0.6,0.4,0.2855993321,1236,0.96069405,0.00735889393
144,0.6,0.4,0.2855993321,1238,0.9605577193,0.007393600242
144,0.6,0.4,0.2855993321,1240,0.9604127316,0.007425328446
144,0.6,0.4,0.2855993321,1242,0.9602656634,0.007458831754
144,0.6,0.4,0.2855993321,1244,0.9601233617,0.007493639228
144,0.6,0.4,0.2855993321,1246,0.9599810668,0.007529641039
144,0.6,0.4,0.2855993321,1248,0.9598456208,0.007567610353
144,0.5,0.5,0.2855993321,0,1,0
144,0.5,0.5,0.2855993321,2,0.9998697776,1.010824324e-05
144,0.5,0.5,0.2855993321,4,0.9997227406,1.971422732e-05
144,0.5,0.5,0.2855993321,6,0.9995942598,2.920601258e-05
144,0.5,0.5,0.2855993321,8,0.9994789208,3.769979412e-05
144,0.5,0.5,0.2855993321,10,0.999370143,4.77520877e-05
144,0.5,0.5,0.2855993321,12,0.9992681993,5.705070625e-05
144,0.5,0.5,0.2855993321,14,0.9991656647,6.132918786e-05
144,0.5,0.5,0.2855993321,16,0.9990636255,6.706067142e-05
144,0.5,0.5,0.2855993321,18,0.9989629418,7.552159552e-05
144,0.5,0.5,0.2855993321,20,0.9988659967,8.52922876e-05
144,0.5,0.5,0.2855993321,22,0.9987764064,9.239525568e-05
144,0.5,0.5,0.2855993321,24,0.9986875015,9.969428987e-05
144,0.5,0.5,0.2855993321,26,0.9986037543,0.0001061758927
144,0.5,0.5,0.2855993321,28,0.9985098323,0.0001133994405
144,0.5,0.5,0.2855993321,30,0.9984195871,0.0001226842513
144,0.5,0.5,0.2855993321,32,0.9983293582,0.0001323048567
144,0.5,0.5,0.2855993321,34,0.9982423396,0.000137974691
144,0.5,0.5,0.2855993321,36,0.9981557357,0.0001432535236
144,0.5,0.5,0.2855993321,38,0.998064339,0.0001484911747
144,0.5,0.5,0.2855993321,40,0.9979736974,0.0001509672134
144,0.5,0.5,0.2855993321,42,0.9978840134,0.0001541679035
144,0.5,0.5,0.2855993321,44,0.9977898288,0.0001581147599
144,0.5,0.5,0.2855993321,46,0.9977037112,0.0001610790634
144,0.5,0.5,0.2855993321,48,0.997621748,0.0001684241064
144,0.5,0.5,0.2855993321,50,0.9975391338,0.0001763388078
144,0.5,0.5,0.2855993321,52,0.9974532215,0.0001821480213
144,0.5,0.5,0.2855993321,54,0.9973672139,0.0001856261165
144,0.5,0.5,0.2855993321,56,0.9972793223,0.0001875164559
144,0.5,0.5,0.2855993321,58,0.997190849,0.0001912272479
144,0.5,0.5,0.2855993321,60,0.9970989607,0.000197837084
144,0.5,0.5,0.2855993321,62,0.9970079805,0.0002056050603
144,0.5,0.5,0.2855993321,64,0.9969175176,0.0002082855865
144,0.5,0.5,0.2855993321,66,0.9968372939,0.0002122247845
144,0.5,0.5,0.2855993321,68,0.9967516842,0.0002198262813
144,0.5,0.5,0.2855993321,70,0.9966671546,0.0002258078491
144,0.5,0.5,0.2855993321,72,0.9965832793,0.0002297064871
144,0.5,0.5,0.2855993321,74,0.9964965183,0.0002357679874
144,0.5,0.5,0.2855993321,76,0.996408039,0.0002449768956
144,0.5,0.5,0.2855993321,78,0.9963150896,0.0002574024381
144,0.5,0.5,0.2855993321,80,0.996222393,0.0002690428056
144,0.5,0.5,0.2855993321,82,0.9961282075,0.0002803478957
144,0.5,0.5,0.2855993321,84,0.9960369868,0.000296376498
144,0.5,0.5,0.2855993321,86,0.995952387,0.0003131563706
144,0.5,0.5,0.2855993321,88,0.9958676404,0.000329831544
144,0.5,0.5,0.2855993321,90,0.9957839977,0.0003456461383
144,0.5,0.5,0.2855993321,92,0.9957047748,0.0003605775199
144,0.5,0.5,0.2855993321,94,0.9956236316,0.0003738778733
144,0.5,0.5,0.2855993321,96,0.9955387132,0.000388488362
144,0.5,0.5,0.2855993321,98,0.9954509662,0.0004046701918
144,0.5,0.5,0.2855993321,100,0.9953651087,0.0004197091091
144,0.5,0.5,0.2855993321,102,0.9952812866,0.0004332028929
144,0.5,0.5,0.2855993321,104,0.9952020567,0.0004478951587
144,0.5,0.5,0.2855993321,106,0.995117238,0.0004609062939
144,0.5,0.5,0.2855993321,108,0.9950341105,0.0004728943339
144,0.5,0.5,0.2855993321,110,0.994951226,0.0004888889343
144,0.5,0.5,0.2855993321,112,0.9948720265,0.0005067893403
144,0.5,0.5,0.2855993321,114,0.9947876885,0.0005209275929
144,0.5,0.5,0.2855993321,116,0.9946985672,0.0005360945475
144,0.5,0.5,0.2855993321,118,0.9946134274,0.0005529225044
144,0.5,0.5,0.2855993321,120,0.9945291304,0.0005747186471
144,0.5,0.5,0.2855993321,122,0.9944433514,0.0005935156916
144,0.5,0.5,0.2855993321,124,0.994356675,0.0006129721417
144,0.5,0.5,0.2855993321,126,0.9942684471,0.000627745884
144,0.5,0.5,0.2855993321,128,0.99417854,0.00064155126
144,0.5,0.5,0.2855993321,130,0.9940902244,0.0006530193696
144,0.5,0.5,0.2855993321,132,0.9939981896,0.0006651382031
144,0.5,0.5,0.2855993321,134,0.9939117076,0.0006822259221
144,0.5,0.5,0.2855993321,136,0.9938248144,0.0007034989916
144,0.5,0.5,0.2855993321,138,0.9937331092,0.0007261977287
144,0.5,0.5,0.2855993321,140,0.9936361012,0.0007427403838
144,0.5,0.5,0.2855993321,142,0.9935361706,0.0007612577614
144,0.5,0.5,0.2855993321,144,0.9934370855,0.0007794406509
144,0.5,0.5,0.2855993321,146,0.9933386816,0.0007990078206
144,0.5,0.5,0.2855993321,148,0.9932389184,0.000814006439
144,0.5,0.5,0.2855993321,150,0.993141484,0.0008292690184
144,0.5,0.5,0.2855993321,152,0.9930509645,0.0008445858171
144,0.5,0.5,0.2855993321,154,0.9929602109,0.0008572859517
144,0.5,0.5,0.2855993321,156,0.9928760925,0.000867826412
144,0.5,0.5,0.2855993321,158,0.9927936585,0.0008790241387
144,0.5,0.5,0.2855993321,160,0.9927055196,0.000889435334
144,0.5,0.5,0.2855993321,162,0.9926105916,0.0009051781463
144,0.5,0.5,0.2855993321,164,0.9925220011,0.0009187586498
144,0.5,0.5,0.2855993321,166,0.9924354896,0.0009338042574
144,0.5,0.5,0.2855993321,168,0.9923560682,0.0009529135604
144,0.5,0.5,0.2855993321,170,0.9922820193,0.0009676352613
144,0.5,0.5,0.2855993321,172,0.9922094994,0.0009789454699
144,0.5,0.5,0.2855993321,174,0.9921375083,0.0009921353637
144,0.5,0.5,0.2855993321,176,0.9920612091,0.001003966628
144,0.5,0.5,0.2855993321,178,0.9919815758,0.001015425834
144,0.5,0.5,0.2855993321,180,0.9919019942,0.001025951628
144,0.5,0.5,0.2855993321,182,0.9918289405,0.001033899973
144,0.5,0.5,0.2855993321,184,0.991751935,0.001044719149
144,0.5,0.5,0.2855993321,186,0.9916761106,0.001057791001
144,0.5,0.5,0.2855993321,188,0.9916068467,0.001070377593
144,0.5,0.5,0.2855993321,190,0.991528327,0.001083290851
144,0.5,0.5,0.2855993321,192,0.9914498567,0.001096182766
144,0.5,0.5,0.2855993321,194,0.9913761055,0.001112444513
144,0.5,0.5,0.2855993321,196,0.9913019878,0.001124447357
144,0.5,0.5,0.2855993321,198,0.9912210398,0.001137051366
144,0.5,0.5,0.2855993321,200,0.9911389371,0.001154100576
144,0.5,0.5,0.2855993321,202,0.9910589709,0.001165917061
144,0.5,0.5,0.2855993321,204,0.9909797722,0.001174421578
144,0.5,0.5,0.2855993321,206,0.9909065177,0.001182114783
144,0.5,0.5,0.2855993321,208,0.9908286878,0.00119164616
144,0.5,0.5,0.2855993321,210,0.990750673,0.001200874474
144,0.5,0.5,0.2855993321,212,0.9906687797,0.0012111044
144,0.5,0.5,0.2855993321,214,0.9905908104,0.001223964837
144,0.5,0.5,0.2855993321,216,0.9905160105,0.001232780598
144,0.5,0.5,0.2855993321,218,0.99044664,0.001238019567
144,0.5,0.5,0.2855993321,220,0.9903718973,0.001243925213
144,0.5,0.5,0.2855993321,222,0.9902979914,0.001247936589
144,0.5,0.5,0.2855993321,224,0.9902230761,0.001253906348
144,0.5,0.5,0.2855993321,226,0.9901547595,0.001262613943
144,0.5,0.5,0.2855993321,228,0.9900876835,0.001271913884
144,0.5,0.5,0.2855993321,230,0.9900193959,0.00128301019
144,0.5,0.5,0.2855993321,232,0.9899573365,0.001291451844
144,0.5,0.5,0.2855993321,234,0.9899004678,0.001296497938
144,0.5,0.5,0.2855993321,236,0.9898433264,0.001299649434
144,0.5,0.5,0.2855993321,238,0.9897855338,0.001302120198
144,0.5,0.5,0.2855993321,240,0.989722595,0.001307174217
144,0.5,0.5,0.2855993321,242,0.9896595122,0.001309457629
144,0.5,0.5,0.2855993321,244,0.9896002358,0.001316778474
144,0.5,0.5,0.2855993321,246,0.9895369282,0.001326699119
144,0.5,0.5,0.2855993321,248,0.989476961,0.001335416294
144,0.5,0.5,0.2855993321,250,0.9894195072,0.001341620285
144,0.5,0.5,0.2855993321,252,0.9893633889,0.00134558327
144,0.5,0.5,0.2855993321,254,0.989307759,0.001347885491
144,0.5,0.5,0.2855993321,256,0.9892541849,0.001349347818
144,0.5,0.5,0.2855993321,258,0.9891965444,0.001353422818
144,0.5,0.5,0.2855993321,260,0.9891394714,0.001358071373
144,0.5,0.5,0.2855993321,262,0.9890909752,0.001365432573
144,0.5,0.5,0.2855993321,264,0.9890372832,0.001368096433
144,0.5,0.5,0.2855993321,266,0.988978258,0.001373427325
144,0.5,0.5,0.2855993321,268,0.988920075,0.001379871749
144,0.5,0.5,0.2855993321,270,0.9888546229,0.00138199009
144,0.5,0.5,0.2855993321,272,0.9887848818,0.001384705265
144,0.5,0.5,0.2855993321,274,0.9887167379,0.001388220218
144,0.5,0.5,0.2855993321,276,0.9886615102,0.001394962948
144,0.5,0.5,0.2855993321,278,0.9886071342,0.001401553396
144,0.5,0.5,0.2855993321,280,0.9885500341,0.001406957546
144,0.5,0.5,0.2855993321,282,0.9884892017,0.001414209378
144,0.5,0.5,0.2855993321,284,0.988433621,0.001419134661
144,0.5,0.5,0.2855993321,286,0.9883803939,0.001425661726
144,0.5,0.5,0.2855993321,288,0.9883266437,0.001432084398
144,0.5,0.5,0.2855993321,290,0.9882690538,0.001437708702
144,0.5,0.5,0.2855993321,292,0.9882098317,0.001441319896
144,0.5,0.5,0.2855993321,294,0.9881520524,0.001445613375
144,0.5,0.5,0.2855993321,296,0.9880989175,0.00144914563
144,0.5,0.5,0.2855993321,298,0.9880486714,0.001453708816
144,0.5,0.5,0.2855993321,300,0.9879975564,0.001459327648
144,0.5,0.5,0.2855993321,302,0.9879494422,0.001465066812
144,0.5,0.5,0.2855993321,304,0.9879002568,0.001471228023
144,0.5,0.5,0.2855993321,306,0.9878545416,0.001478971487
144,0.5,0.5,0.2855993321,308,0.987802982,0.001492672111
144,0.5,0.5,0.2855993321,310,0.9877555013,0.001501926036
144,0.5,0.5,0.2855993321,312,0.9877160926,0.001513183772
144,0.5,0.5,0.2855993321,314,0.9876772117,0.001519763087
144,0.5,0.5,0.2855993321,316,0.987635869,0.001524231126
144,0.5,0.5,0.2855993321,318,0.9875990207,0.001531302989
144,0.5,0.5,0.2855993321,320,0.9875587938,0.001542367066
144,0.5,0.5,0.2855993321,322,0.9875129787,0.001551055157
144,0.5,0.5,0.2855993321,324,0.987459107,0.001558586263
144,0.5,0.5,0.2855993321,326,0.9874099155,0.001573418386
144,0.5,0.5,0.2855993321,328,0.9873677092,0.001587688672
144,0.5,0.5,0.2855993321,330,0.9873228712,0.001596366586
144,0.5,0.5,0.2855993321,332,0.9872851983,0.001606273342
144,0.5,0.5,0.2855993321,334,0.9872418832,0.00161565393
144,0.5,0.5,0.2855993321,336,0.9871991452,0.001623183885
144,0.5,0.5,0.2855993321,338,0.9871489532,0.001629857249
144,0.5,0.5,0.2855993321,340,0.9871066602,0.001635866048
144,0.5,0.5,0.2855993321,342,0.9870703111,0.001641046796
144,0.5,0.5,0.2855993321,344,0.987031627,0.001647223198
144,0.5,0.5,0.2855993321,346,0.9869884263,0.001656886428
144,0.5,0.5,0.2855993321,348,0.9869419523,0.001668421094
144,0.5,0.5,0.2855993321,350,0.9868968271,0.001678432811
144,0.5,0.5,0.2855993321,352,0.9868528372,0.001692014516
144,0.5,0.5,0.2855993321,354,0.9868115378,0.001707573406
144,0.5,0.5,0.2855993321,356,0.9867695717,0.001719287503
144,0.5,0.5,0.2855993321,358,0.9867321327,0.001730752575
144,0.5,0.5,0.2855993321,360,0.9866970663,0.001742615879
144,0.5,0.5,0.2855993321,362,0.9866614478,0.001755032492
144,0.5,0.5,0.2855993321,364,0.9866194898,0.00176532318
144,0.5,0.5,0.2855993321,366,0.9865849942,0.001775187967
144,0.5,0.5,0.2855993321,368,0.9865446942,0.001790640226
144,0.5,0.5,0.2855993321,370,0.9865046756,0.001809655966
144,0.5,0.5,0.2855993321,372,0.9864607218,0.001826103219
144,0.5,0.5,0.2855993321,374,0.9864175228,0.001838753335
144,0.5,0.5,0.2855993321,376,0.9863791742,0.00184819679
144,0.5,0.5,0.2855993321,378,0.9863485904,0.001856382735
144,0.5,0.5,0.2855993321,380,0.9863210006,0.001861621748
144,0.5,0.5,0.2855993321,382,0.9862924278,0.001865922752
144,0.5,0.5,0.2855993321,384,0.9862647433,0.001868392276
144,0.5,0.5,0.2855993321,386,0.9862340568,0.001871318784
144,0.5,0.5,0.2855993321,388,0.986207854,0.001875550765
144,0.5,0.5,0.2855993321,390,0.9861816022,0.001874469608
144,0.5,0.5,0.2855993321,392,0.9861597447,0.00187343645
144,0.5,0.5,0.2855993321,394,0.9861308349,0.001880413763
144,0.5,0.5,0.2855993321,396,0.9861019768,0.001886497127
144,0.5,0.5,0.2855993321,398,0.9860755972,0.001893064864
144,0.5,0.5,0.2855993321,400,0.9860455988,0.001900750817
144,0.5,0.5,0.2855993321,402,0.9860165111,0.001914467674
144,0.5,0.5,0.2855993321,404,0.9859938042,0.001927931148
144,0.5,0.5,0.2855993321,406,0.9859742957,0.001940183245
144,0.5,0.5,0.2855993321,408,0.9859535309,0.001953804402
144,0.5,0.5,0.2855993321,410,0.9859322394,0.00196678361
144,0.5,0.5,0.2855993321,412,0.9859190191,0.001978618737
144,0.5,0.5,0.2855993321,414,0.9859073238,0.001992034238
144,0.5,0.5,0.2855993321,416,0.9858911692,0.002009418028
144,0.5,0.5,0.2855993321,418,0.9858701618,0.002029424294
144,0.5,0.5,0.2855993321,420,0.985854154,0.002047243332
144,0.5,0.5,0.2855993321,422,0.9858321349,0.002066394864
144,0.5,0.5,0.2855993321,424,0.9858210551,0.00208348157
144,0.5,0.5,0.2855993321,426,0.9858052521,0.002102657357
144,0.5,0.5,0.2855993321,428,0.9857821425,0.00211783746
144,0.5,0.5,0.2855993321,430,0.9857591684,0.002132481905
144,0.5,0.5,0.2855993321,432,0.9857337728,0.002146961385
144,0.5,0.5,0.2855993321,434,0.9857066568,0.002164084429
144,0.5,0.5,0.2855993321,436,0.985670857,0.002178664355
144,0.5,0.5,0.2855993321,438,0.9856374329,0.002187773597
144,0.5,0.5,0.2855993321,440,0.9856059667,0.002194269557
144,0.5,0.5,0.2855993321,442,0.9855720208,0.002197007954
144,0.5,0.5,0.2855993321,444,0.9855372286,0.002203047097
144,0.5,0.5,0.2855993321,446,0.985504854,0.002209197542
144,0.5,0.5,0.2855993321,448,0.9854713295,0.002219855298
144,0.5,0.5,0.2855993321,450,0.9854320398,0.002227342083
144,0.5,0.5,0.2855993321,452,0.98539296,0.002234047941
144,0.5,0.5,0.2855993321,454,0.9853561169,0.0022418056
144,0.5,0.5,0.2855993321,456,0.9853181713,0.002252993821
144,0.5,0.5,0.2855993321,458,0.9852827605,0.002263455377
144,0.5,0.5,0.2855993321,460,0.9852489799,0.002271585049
144,0.5,0.5,0.2855993321,462,0.9852162661,0.002275956503
144,0.5,0.5,0.2855993321,464,0.9851834434,0.002279587165
144,0.5,0.5,0.2855993321,466,0.985149865,0.002283342919
144,0.5,0.5,0.2855993321,468,0.9851159885,0.002289274304
144,0.5,0.5,0.2855993321,470,0.9850889598,0.002294211634
144,0.5,0.5,0.2855993321,472,0.9850562994,0.002297851646
144,0.5,0.5,0.2855993321,474,0.9850201746,0.002305122283
144,0.5,0.5,0.2855993321,476,0.9849866252,0.002308148952
144,0.5,0.5,0.2855993321,478,0.984947326,0.002308327195
144,0.5,0.5,0.2855993321,480,0.9849070311,0.002308222847
144,0.5,0.5,0.2855993321,482,0.9848664464,0.002309964303
144,0.5,0.5,0.2855993321,484,0.9848277011,0.002313806695
144,0.5,0.5,0.2855993321,486,0.9847834795,0.002317959465
144,0.5,0.5,0.2855993321,488,0.984733628,0.002322279687
144,0.5,0.5,0.2855993321,490,0.9846792485,0.002327550058
144,0.5,0.5,0.2855993321,492,0.9846328856,0.002331110277
144,0.5,0.5,0.2855993321,494,0.9845868771,0.002331422132
144,0.5,0.5,0.2855993321,496,0.9845426443,0.002328718007
144,0.5,0.5,0.2855993321,498,0.9845071323,0.002326997344
144,0.5,0.5,0.2855993321,500,0.9844777447,0.002326957135
144,0.5,0.5,0.2855993321,502,0.9844500616,0.0023344888
144,0.5,0.5,0.2855993321,504,0.9844230678,0.00234545076
144,0.5,0.5,0.2855993321,506,0.9843993366,0.002357553247
144,0.5,0.5,0.2855993321,508,0.9843710795,0.002366382405
144,0.5,0.5,0.2855993321,510,0.9843289376,0.002371559142
144,0.5,0.5,0.2855993321,512,0.984282933,0.002374752858
144,0.5,0.5,0.2855993321,514,0.9842375079,0.002381274285
144,0.5,0.5,0.2855993321,516,0.9841883911,0.002384995863
144,0.5,0.5,0.2855993321,518,0.9841432531,0.002388821442
144,0.5,0.5,0.2855993321,520,0.9840981853,0.002389913915
144,0.5,0.5,0.2855993321,522,0.9840583377,0.002389249097
144,0.5,0.5,0.2855993321,524,0.9840230185,0.002386039231
144,0.5,0.5,0.2855993321,526,0.9839940256,0.002379815177
144,0.5,0.5,0.2855993321,528,0.9839632,0.002376422882
144,0.5,0.5,0.2855993321,530,0.9839393797,0.002371149426
144,0.5,0.5,0.2855993321,532,0.9839108904,0.002363684372
144,0.5,0.5,0.2855993321,534,0.9838838024,0.002357424483
144,0.5,0.5,0.2855993321,536,0.9838602431,0.002353377851
144,0.5,0.5,0.2855993321,538,0.9838354938,0.002348169179
144,0.5,0.5,0.2855993321,540,0.9838147784,0.002343963076
144,0.5,0.5,0.2855993321,542,0.9838013035,0.002336522756
144,0.5,0.5,0.2855993321,544,0.9837979041,0.002330237502
144,0.5,0.5,0.2855993321,546,0.9837892362,0.002326442625
144,0.5,0.5,0.2855993321,548,0.9837759587,0.002328148599
144,0.5,0.5,0.2855993321,550,0.9837614781,0.002326807192
144,0.5,0.5,0.2855993321,552,0.9837403423,0.002326551669
144,0.5,0.5,0.2855993321,554,0.9837187328,0.002324502037
144,0.5,0.5,0.2855993321,556,0.9837001353,0.002320456752
144,0.5,0.5,0.2855993321,558,0.9836810024,0.002318071532
144,0.5,0.5,0.2855993321,560,0.9836710518,0.00231968424
144,0.5,0.5,0.2855993321,562,0.9836704066,0.002318929314
144,0.5,0.5,0.2855993321,564,0.9836648287,0.002314543055
144,0.5,0.5,0.2855993321,566,0.9836535203,0.00231045961
144,0.5,0.5,0.2855993321,568,0.9836309159,0.002309122958
144,0.5,0.5,0.2855993321,570,0.9836101284,0.002308535007
144,0.5,0.5,0.2855993321,572,0.9835878351,0.002309483615
144,0.5,0.5,0.2855993321,574,0.9835635576,0.002312071983
144,0.5,0.5,0.2855993321,576,0.9835418438,0.002317150414
144,0.5,0.5,0.2855993321,578,0.9835148448,0.002325823081
144,0.5,0.5,0.2855993321,580,0.9834908618,0.002337706754
144,0.5,0.5,0.2855993321,582,0.9834683257,0.002351175648
144,0.5,0.5,0.2855993321,584,0.9834420823,0.002361368225
144,0.5,0.5,0.2855993321,586,0.9834139299,0.002368588761
144,0.5,0.5,0.2855993321,588,0.9833890401,0.002374363187
144,0.5,0.5,0.2855993321,590,0.9833698572,0.002379710554
144,0.5,0.5,0.2855993321,592,0.983348565,0.002382432073
144,0.5,0.5,0.2855993321,594,0.9833298647,0.002389179109
144,0.5,0.5,0.2855993321,596,0.9833109813,0.002393965778
144,0.5,0.5,0.2855993321,598,0.983289208,0.002395534915
144,0.5,0.5,0.2855993321,600,0.9832582067,0.002395109113
144,0.5,0.5,0.2855993321,602,0.9832320441,0.002401706473
144,0.5,0.5,0.2855993321,604,0.9832098666,0.002407602838
144,0.5,0.5,0.2855993321,606,0.9831847832,0.002414597772
144,0.5,0.5,0.2855993321,608,0.9831611385,0.002426758433
144,0.5,0.5,0.2855993321,610,0.9831403088,0.002437632626
144,0.5,0.5,0.2855993321,612,0.9831195232,0.002449925925
144,0.5,0.5,0.2855993321,614,0.9830987901,0.002459559654
144,0.5,0.5,0.2855993321,616,0.9830846265,0.002471006858
144,0.5,0.5,0.2855993321,618,0.9830739578,0.002486101411
144,0.5,0.5,0.2855993321,620,0.9830602709,0.002500764977
144,0.5,0.5,0.2855993321,622,0.9830445952,0.002515834158
144,0.5,0.5,0.2855993321,624,0.9830275844,0.002535984659
144,0.5,0.5,0.2855993321,626,0.9830142606,0.00255755776
144,0.5,0.5,0.2855993321,628,0.9830034155,0.002578011094
144,0.5,0.5,0.2855993321,630,0.9829894028,0.002598001817
144,0.5,0.5,0.2855993321,632,0.9829728606,0.002614459401
144,0.5,0.5,0.2855993321,634,0.982949315,0.002631465901
144,0.5,0.5,0.2855993321,636,0.9829180737,0.00264826768
144,0.5,0.5,0.2855993321,638,0.9828941118,0.002661153712
144,0.5,0.5,0.2855993321,640,0.9828671395,0.002678139854
144,0.5,0.5,0.2855993321,642,0.982842934,0.002697017605
144,0.5,0.5,0.2855993321,644,0.9828192621,0.00271885009
144,0.5,0.5,0.2855993321,646,0.9827944678,0.002738638079
144,0.5,0.5,0.2855993321,648,0.9827768482,0.002754438417
144,0.5,0.5,0.2855993321,650,0.9827549711,0.002771002789
144,0.5,0.5,0.2855993321,652,0.9827317929,0.002785215524
144,0.5,0.5,0.2855993321,654,0.9827119673,0.002800214771
144,0.5,0.5,0.2855993321,656,0.9827014747,0.002816758748
144,0.5,0.5,0.2855993321,658,0.9826920257,0.002832042349
144,0.5,0.5,0.2855993321,660,0.9826823853,0.002851027143
144,0.5,0.5,0.2855993321,662,0.9826704537,0.002870454535
144,0.5,0.5,0.2855993321,664,0.9826607217,0.002890438302
144,0.5,0.5,0.2855993321,666,0.9826436148,0.002913667466
144,0.5,0.5,0.2855993321,668,0.9826260041,0.002934046562
144,0.5,0.5,0.2855993321,670,0.982612761,0.002956953649
144,0.5,0.5,0.2855993321,672,0.982597284,0.00298247945
144,0.5,0.5,0.2855993321,674,0.9825772343,0.003005364664
144,0.5,0.5,0.2855993321,676,0.9825493898,0.003025170407
144,0.5,0.5,0.2855993321,678,0.9825197161,0.003045447435
144,0.5,0.5,0.2855993321,680,0.9824784413,0.003067064974
144,0.5,0.5,0.2855993321,682,0.9824482241,0.003085580318
144,0.5,0.5,0.2855993321,684,0.9824174905,0.003109832641
144,0.5,0.5,0.2855993321,686,0.9823891807,0.003133722868
144,0.5,0.5,0.2855993321,688,0.982358637,0.003156256549
144,0.5,0.5,0.2855993321,690,0.982317137,0.003179287806
144,0.5,0.5,0.2855993321,692,0.9822627744,0.003207536709
144,0.5,0.5,0.2855993321,694,0.982219181,0.003237656523
144,0.5,0.5,0.2855993321,696,0.9821748517,0.003268195959
144,0.5,0.5,0.2855993321,698,0.9821307519,0.003295442677
144,0.5,0.5,0.2855993321,700,0.9820862824,0.003319583732
144,0.5,0.5,0.2855993321,702,0.982038038,0.003343274148
144,0.5,0.5,0.2855993321,704,0.9819891741,0.003360658812
144,0.5,0.5,0.2855993321,706,0.9819423605,0.003375784865
144,0.5,0.5,0.2855993321,708,0.9818930123,0.00338826873
144,0.5,0.5,0.2855993321,710,0.9818497824,0.00339836691
144,0.5,0.5,0.2855993321,712,0.9818043879,0.003410763998
144,0.5,0.5,0.2855993321,714,0.9817687366,0.003422820837
144,0.5,0.5,0.2855993321,716,0.981729088,0.003433869337
144,0.5,0.5,0.2855993321,718,0.9816813526,0.003451141481
144,0.5,0.5,0.2855993321,720,0.9816404469,0.00346447043
144,0.5,0.5,0.2855993321,722,0.9816037889,0.003480336783
144,0.5,0.5,0.2855993321,724,0.9815631384,0.003497062356
144,0.5,0.5,0.2855993321,726,0.9815112299,0.003505103791
144,0.5,0.5,0.2855993321,728,0.9814576487,0.003524466468
144,0.5,0.5,0.2855993321,730,0.9813998181,0.003536476362
144,0.5,0.5,0.2855993321,732,0.9813416761,0.003551792143
144,0.5,0.5,0.2855993321,734,0.9812821897,0.003568012616
144,0.5,0.5,0.2855993321,736,0.9812268973,0.003584510534
144,0.5,0.5,0.2855993321,738,0.9811845972,0.003600096398
144,0.5,0.5,0.2855993321,740,0.9811375463,0.003611456334
144,0.5,0.5,0.2855993321,742,0.9810899323,0.003624291113
144,0.5,0.5,0.2855993321,744,0.9810424012,0.003634959116
144,0.5,0.5,0.2855993321,746,0.9809920463,0.003647907258
144,0.5,0.5,0.2855993321,748,0.9809499682,0.003664921319
144,0.5,0.5,0.2855993321,750,0.9809102225,0.003682442017
144,0.5,0.5,0.2855993321,752,0.9808733564,0.003703067217
144,0.5,0.5,0.2855993321,754,0.9808331357,0.00372335442
144,0.5,0.5,0.2855993321,756,0.9807909633,0.003745646994
144,0.5,0.5,0.2855993321,758,0.9807531619,0.003770192609
144,0.5,0.5,0.2855993321,760,0.9807084126,0.003793687164
144,0.5,0.5,0.2855993321,762,0.9806687858,0.003820474042
144,0.5,0.5,0.2855993321,764,0.9806264848,0.003844998809
144,0.5,0.5,0.2855993321,766,0.9805850237,0.003865127539
144,0.5,0.5,0.2855993321,768,0.9805400487,0.003886384613
144,0.5,0.5,0.2855993321,770,0.9804976497,0.003904015295
144,0.5,0.5,0.2855993321,772,0.9804562177,0.003920586439
144,0.5,0.5,0.2855993321,774,0.9804159477,0.003937763018
144,0.5,0.5,0.2855993321,776,0.980376345,0.003953683037
144,0.5,0.5,0.2855993321,778,0.9803340485,0.003965190703
144,0.5,0.5,0.2855993321,780,0.9802899036,0.003974256724
144,0.5,0.5,0.2855993321,782,0.9802525654,0.00398542387
144,0.5,0.5,0.2855993321,784,0.9802140134,0.003997914022
144,0.5,0.5,0.2855993321,786,0.9801573264,0.004007462536
144,0.5,0.5,0.2855993321,788,0.9801028688,0.004019882235
144,0.5,0.5,0.2855993321,790,0.9800595823,0.004031000271
144,0.5,0.5,0.2855993321,792,0.9800151919,0.004045349846
144,0.5,0.5,0.2855993321,794,0.9799678743,0.00406223804
144,0.5,0.5,0.2855993321,796,0.9799161753,0.004071173081
144,0.5,0.5,0.2855993321,798,0.9798686875,0.004082462235
144,0.5,0.5,0.2855993321,800,0.9798152212,0.004091980712
144,0.5,0.5,0.2855993321,802,0.9797671999,0.004100772565
144,0.5,0.5,0.2855993321,804,0.9797185916,0.004106781155
144,0.5,0.5,0.2855993321,806,0.9796822422,0.00410888753
144,0.5,0.5,0.2855993321,808,0.9796418045,0.004116490133
144,0.5,0.5,0.2855993321,810,0.9796088883,0.004128972982
144,0.5,0.5,0.2855993321,812,0.9795808839,0.004143463667
144,0.5,0.5,0.2855993321,814,0.979549952,0.004159745349
144,0.5,0.5,0.2855993321,816,0.9795220834,0.004176573535
144,0.5,0.5,0.2855993321,818,0.9794906636,0.004189070849
144,0.5,0.5,0.2855993321,820,0.9794641949,0.004199975045
144,0.5,0.5,0.2855993321,822,0.9794315882,0.004202753044
144,0.5,0.5,0.2855993321,824,0.979400712,0.00420626303
144,0.5,0.5,0.2855993321,826,0.9793640916,0.004205098194
144,0.5,0.5,0.2855993321,828,0.979325958,0.004203042703
144,0.5,0.5,0.2855993321,830,0.979285326,0.004203296046
144,0.5,0.5,0.2855993321,832,0.9792429516,0.004206298863
144,0.5,0.5,0.2855993321,834,0.9791996592,0.004209426516
144,0.5,0.5,0.2855993321,836,0.9791539814,0.004213419596
144,0.5,0.5,0.2855993321,838,0.9791106873,0.004211268323
144,0.5,0.5,0.2855993321,840,0.9790597852,0.004210022177
144,0.5,0.5,0.2855993321,842,0.9790097253,0.004209691852
144,0.5,0.5,0.2855993321,844,0.9789585151,0.004212698591
144,0.5,0.5,0.2855993321,846,0.9789035167,0.004210514199
144,0.5,0.5,0.2855993321,848,0.9788398637,0.004213436249
144,0.5,0.5,0.2855993321,850,0.9787737138,0.004211286504
144,0.5,0.5,0.2855993321,852,0.9786946851,0.004208599468
144,0.5,0.5,0.2855993321,854,0.9786154591,0.004205061196
144,0.5,0.5,0.2855993321,856,0.9785380407,0.004204374815
144,0.5,0.5,0.2855993321,858,0.978463465,0.004207244462
144,0.5,0.5,0.2855993321,860,0.9783912085,0.004211020972
144,0.5,0.5,0.2855993321,862,0.9783167885,0.004211533638
144,0.5,0.5,0.2855993321,864,0.9782481721,0.004216341239
144,0.5,0.5,0.2855993321,866,0.9781814142,0.004218175528
144,0.5,0.5,0.2855993321,868,0.9781233228,0.004218637615
144,0.5,0.5,0.2855993321,870,0.978061268,0.004216121854
144,0.5,0.5,0.2855993321,872,0.9780065157,0.004219673213
144,0.5,0.5,0.2855993321,874,0.9779511783,0.004222906498
144,0.5,0.5,0.2855993321,876,0.9778971626,0.004225667019
144,0.5,0.5,0.2855993321,878,0.9778516082,0.00422599764
144,0.5,0.5,0.2855993321,880,0.9778046751,0.004222667155
144,0.5,0.5,0.2855993321,882,0.9777569457,0.004213273478
144,0.5,0.5,0.2855993321,884,0.9777071436,0.004202814259
144,0.5,0.5,0.2855993321,886,0.977657841,0.004193950805
144,0.5,0.5,0.2855993321,888,0.9776106927,0.004188963649
144,0.5,0.5,0.2855993321,890,0.9775616267,0.00417947855
144,0.5,0.5,0.2855993321,892,0.9775116694,0.004164206671
144,0.5,0.5,0.2855993321,894,0.9774592715,0.004147601376
144,0.5,0.5,0.2855993321,896,0.9774155385,0.004129786021
144,0.5,0.5,0.2855993321,898,0.9773722231,0.004115170717
144,0.5,0.5,0.2855993321,900,0.9773251896,0.00410252856
144,0.5,0.5,0.2855993321,902,0.9772705779,0.004087690483
144,0.5,0.5,0.2855993321,904,0.9772161102,0.004069648919
144,0.5,0.5,0.2855993321,906,0.9771596182,0.004053682905
144,0.5,0.5,0.2855993321,908,0.9771020823,0.004040734578
144,0.5,0.5,0.2855993321,910,0.9770284516,0.004028619078
144,0.5,0.5,0.2855993321,912,0.9769612107,0.004016590506
144,0.5,0.5,0.2855993321,914,0.9768987672,0.004005407742
144,0.5,0.5,0.2855993321,916,0.9768372515,0.003997686267
144,0.5,0.5,0.2855993321,918,0.9767727671,0.003986378628
144,0.5,0.5,0.2855993321,920,0.9767203129,0.003976851886
144,0.5,0.5,0.2855993321,922,0.9766736161,0.00396899352
144,0.5,0.5,0.2855993321,924,0.9766224172,0.003964030769
144,0.5,0.5,0.2855993321,926,0.9765717065,0.003960014508
144,0.5,0.5,0.2855993321,928,0.976529656,0.003957133437
144,0.5,0.5,0.2855993321,930,0.9764971974,0.003951115685
144,0.5,0.5,0.2855993321,932,0.9764553745,0.00394509534
144,0.5,0.5,0.2855993321,934,0.976404032,0.003943327338
144,0.5,0.5,0.2855993321,936,0.976338899,0.003937452532
144,0.5,0.5,0.2855993321,938,0.9762775653,0.003929929481
144,0.5,0.5,0.2855993321,940,0.9762103495,0.003920236221
144,0.5,0.5,0.2855993321,942,0.9761535279,0.00390820119
144,0.5,0.5,0.2855993321,944,0.9761061047,0.00389964688
144,0.5,0.5,0.2855993321,946,0.9760568136,0.003896258515
144,0.5,0.5,0.2855993321,948,0.9760094899,0.003886898546
144,0.5,0.5,0.2855993321,950,0.9759565178,0.003879519469
144,0.5,0.5,0.2855993321,952,0.9759143528,0.003870556183
144,0.5,0.5,0.2855993321,954,0.9758668248,0.003861366498
144,0.5,0.5,0.2855993321,956,0.9758185135,0.003856195852
144,0.5,0.5,0.2855993321,958,0.9757671757,0.003856328587
144,0.5,0.5,0.2855993321,960,0.9757153175,0.003859362569
144,0.5,0.5,0.2855993321,962,0.975661668,0.003859840137
144,0.5,0.5,0.2855993321,964,0.9756121065,0.003856272141
144,0.5,0.5,0.2855993321,966,0.9755704932,0.003848751883
144,0.5,0.5,0.2855993321,968,0.9755403041,0.003835758467
144,0.5,0.5,0.2855993321,970,0.9755014921,0.003821266013
144,0.5,0.5,0.2855993321,972,0.9754526968,0.003810865612
144,0.5,0.5,0.2855993321,974,0.9754049788,0.003801724513
144,0.5,0.5,0.2855993321,976,0.9753438115,0.003791177289
144,0.5,0.5,0.2855993321,978,0.9752742634,0.003779298712
144,0.5,0.5,0.2855993321,980,0.9752084296,0.003764419301
144,0.5,0.5,0.2855993321,982,0.975142206,0.00374459631
144,0.5,0.5,0.2855993321,984,0.9750799156,0.00372277878
144,0.5,0.5,0.2855993321,986,0.9750102594,0.003708086423
144,0.5,0.5,0.2855993321,988,0.9749454164,0.003693035809
144,0.5,0.5,0.2855993321,990,0.9748806679,0.003680886353
144,0.5,0.5,0.2855993321,992,0.9748120656,0.003664518587
144,0.5,0.5,0.2855993321,994,0.9747420346,0.003644057526
144,0.5,0.5,0.2855993321,996,0.9746705683,0.003623745947
144,0.5,0.5,0.2855993321,998,0.9746046397,0.003606307212
144,0.5,0.5,0.2855993321,1000,0.9745404102,0.003588739134
144,0.5,0.5,0.2855993321,1002,0.9744820323,0.003572044116
144,0.5,0.5,0.2855993321,1004,0.9744243405,0.00355762435
144,0.5,0.5,0.2855993321,1006,0.9743701934,0.003547409962
144,0.5,0.5,0.2855993321,1008,0.9743238217,0.003532955303
144,0.5,0.5,0.2855993321,1010,0.9742686146,0.003525921362
144,0.5,0.5,0.2855993321,1012,0.9742139795,0.003526806731
144,0.5,0.5,0.2855993321,1014,0.974147348,0.003528099745
144,0.5,0.5,0.2855993321,1016,0.974078957,0.003529258081
144,0.5,0.5,0.2855993321,1018,0.9740103684,0.003530548185
144,0.5,0.5,0.2855993321,1020,0.9739349723,0.003528634503
144,0.5,0.5,0.2855993321,1022,0.9738541524,0.003522248117
144,0.5,0.5,0.2855993321,1024,0.9737741007,0.003513184661
144,0.5,0.5,0.2855993321,1026,0.9736997649,0.003504550393
144,0.5,0.5,0.2855993321,1028,0.973627773,0.003496944649
144,0.5,0.5,0.2855993321,1030,0.9735509161,0.003486735996
144,0.5,0.5,0.2855993321,1032,0.9734658238,0.003475610257
144,0.5,0.5,0.2855993321,1034,0.973387983,0.003466786805
144,0.5,0.5,0.2855993321,1036,0.9733198892,0.003464114089
144,0.5,0.5,0.2855993321,1038,0.9732465997,0.003461327821
144,0.5,0.5,0.2855993321,1040,0.9731737059,0.003451576557
144,0.5,0.5,0.2855993321,1042,0.9731072741,0.003443618862
144,0.5,0.5,0.2855993321,1044,0.9730437483,0.003436136329
144,0.5,0.5,0.2855993321,1046,0.9729745628,0.003431305631
144,0.5,0.5,0.2855993321,1048,0.9729090447,0.003426806432
144,0.5,0.5,0.2855993321,1050,0.9728488972,0.003419086063
144,0.5,0.5,0.2855993321,1052,0.9727875476,0.003400532613
144,0.5,0.5,0.2855993321,1054,0.9727242491,0.003387840964
144,0.5,0.5,0.2855993321,1056,0.9726575898,0.003379481253
144,0.5,0.5,0.2855993321,1058,0.9725973629,0.0033716469
144,0.5,0.5,0.2855993321,1060,0.9725423451,0.00336339248
144,0.5,0.5,0.2855993321,1062,0.9724845527,0.003355911924
144,0.5,0.5,0.2855993321,1064,0.9724166627,0.003352265706
144,0.5,0.5,0.2855993321,1066,0.9723479166,0.003346779221
144,0.5,0.5,0.2855993321,1068,0.9722839369,0.003346124974
144,0.5,0.5,0.2855993321,1070,0.9722292943,0.003342468182
144,0.5,0.5,0.2855993321,1072,0.972177894,0.003338062881
144,0.5,0.5,0.2855993321,1074,0.972130219,0.003331029963
144,0.5,0.5,0.2855993321,1076,0.972088689,0.003319779106
144,0.5,0.5,0.2855993321,1078,0.9720421644,0.003309573548
144,0.5,0.5,0.2855993321,1080,0.9720033585,0.003302306946
144,0.5,0.5,0.2855993321,1082,0.9719670405,0.003300690274
144,0.5,0.5,0.2855993321,1084,0.9719219091,0.003301212224
144,0.5,0.5,0.2855993321,1086,0.971882882,0.003301259821
144,0.5,0.5,0.2855993321,1088,0.9718433842,0.003302437565
144,0.5,0.5,0.2855993321,1090,0.9718040571,0.003302226533
144,0.5,0.5,0.2855993321,1092,0.9717567725,0.00329778479
144,0.5,0.5,0.2855993321,1094,0.9717111709,0.003290471876
144,0.5,0.5,0.2855993321,1096,0.9716654521,0.003279613884
144,0.5,0.5,0.2855993321,1098,0.9716096824,0.003267358034
144,0.5,0.5,0.2855993321,1100,0.9715455784,0.003262922494
144,0.5,0.5,0.2855993321,1102,0.9714801239,0.003259112082
144,0.5,0.5,0.2855993321,1104,0.9714100687,0.003259659617
144,0.5,0.5,0.2855993321,1106,0.9713360733,0.003260964834
144,0.5,0.5,0.2855993321,1108,0.9712521487,0.003261637317
144,0.5,0.5,0.2855993321,1110,0.9711646896,0.003257004417
144,0.5,0.5,0.2855993321,1112,0.9710947456,0.003249288502
144,0.5,0.5,0.2855993321,1114,0.9710235521,0.003239652034
144,0.5,0.5,0.2855993321,1116,0.9709426663,0.003228658861
144,0.5,0.5,0.2855993321,1118,0.9708671781,0.003224450301
144,0.5,0.5,0.2855993321,1120,0.9708015077,0.003227364086
144,0.5,0.5,0.2855993321,1122,0.9707323704,0.003228833392
144,0.5,0.5,0.2855993321,1124,0.9706764892,0.003223590695
144,0.5,0.5,0.2855993321,1126,0.970621772,0.003219208063
144,0.5,0.5,0.2855993321,1128,0.9705650206,0.003218996549
144,0.5,0.5,0.2855993321,1130,0.9705090857,0.003220904254
144,0.5,0.5,0.2855993321,1132,0.9704434542,0.003223874088
144,0.5,0.5,0.2855993321,1134,0.9703818246,0.003228823197
144,0.5,0.5,0.2855993321,1136,0.9703257927,0.003229073562
144,0.5,0.5,0.2855993321,1138,0.9702737502,0.003228075154
144,0.5,0.5,0.2855993321,1140,0.9702232843,0.003233886375
144,0.5,0.5,0.2855993321,1142,0.9701610624,0.00324164084
144,0.5,0.5,0.2855993321,1144,0.9701080377,0.003254210634
144,0.5,0.5,0.2855993321,1146,0.9700527339,0.003267514768
144,0.5,0.5,0.2855993321,1148,0.9700075194,0.003284997292
144,0.5,0.5,0.2855993321,1150,0.969956497,0.00330854533
144,0.5,0.5,0.2855993321,1152,0.969905484,0.003333099376
144,0.5,0.5,0.2855993321,1154,0.969838581,0.003355708239
144,0.5,0.5,0.2855993321,1156,0.9697651758,0.003376993036
144,0.5,0.5,0.2855993321,1158,0.9697029528,0.003397665377
144,0.5,0.5,0.2855993321,1160,0.969641103,0.003423634166
144,0.5,0.5,0.2855993321,1162,0.9695812535,0.003449804643
144,0.5,0.5,0.2855993321,1164,0.9695096992,0.003473751555
144,0.5,0.5,0.2855993321,1166,0.9694401061,0.003495369554
144,0.5,0.5,0.2855993321,1168,0.969374136,0.003512165495
144,0.5,0.5,0.2855993321,1170,0.9693048952,0.003525841424
144,0.5,0.5,0.2855993321,1172,0.9692434399,0.003538754249
144,0.5,0.5,0.2855993321,1174,0.9691816439,0.003547738301
144,0.5,0.5,0.2855993321,1176,0.9691122801,0.003560791838
144,0.5,0.5,0.2855993321,1178,0.9690422167,0.003575628693
144,0.5,0.5,0.2855993321,1180,0.9689692141,0.003587323791
144,0.5,0.5,0.2855993321,1182,0.968893731,0.003599114806
144,0.5,0.5,0.2855993321,1184,0.9688203139,0.00361654747
144,0.5,0.5,0.2855993321,1186,0.9687436199,0.003637514286
144,0.5,0.5,0.2855993321,1188,0.9686775784,0.003669926994
144,0.5,0.5,0.2855993321,1190,0.9686230775,0.003702199237
144,0.5,0.5,0.2855993321,1192,0.9685538921,0.003731703656
144,0.5,0.5,0.2855993321,1194,0.9684776748,0.003765458816
144,0.5,0.5,0.2855993321,1196,0.9684039017,0.003797476593
144,0.5,0.5,0.2855993321,1198,0.9683376166,0.003830565347
144,0.5,0.5,0.2855993321,1200,0.9682728712,0.003861550324
144,0.5,0.5,0.2855993321,1202,0.9682154854,0.003901196593
144,0.5,0.5,0.2855993321,1204,0.9681566569,0.003945428413
144,0.5,0.5,0.2855993321,1206,0.9681101809,0.003986593165
144,0.5,0.5,0.2855993321,1208,0.9680539178,0.004015662013
144,0.5,0.5,0.2855993321,1210,0.9679956193,0.00404680862
144,0.5,0.5,0.2855993321,1212,0.9679351723,0.004082898047
144,0.5,0.5,0.2855993321,1214,0.9678741169,0.004109350866
144,0.5,0.5,0.2855993321,1216,0.9678201512,0.004132133967
144,0.5,0.5,0.2855993321,1218,0.9677592849,0.004157745854
144,0.5,0.5,0.2855993321,1220,0.9677000372,0.004183886697
144,0.5,0.5,0.2855993321,1222,0.967639906,0.004208161503
144,0.5,0.5,0.2855993321,1224,0.9675921731,0.004230935505
144,0.5,0.5,0.2855993321,1226,0.9675443296,0.004249611202
144,0.5,0.5,0.2855993321,1228,0.9674952725,0.004266795145
144,0.5,0.5,0.2855993321,1230,0.9674452923,0.004289074498
144,0.5,0.5,0.2855993321,1232,0.9673959534,0.004309684164
144,0.5,0.5,0.2855993321,1234,0.9673415639,0.004329505037
144,0.5,0.5,0.2855993321,1236,0.967273887,0.004358580824
144,0.5,0.5,0.2855993321,1238,0.9671991943,0.00438384617
144,0.5,0.5,0.2855993321,1240,0.9671301776,0.004412142289
144,0.5,0.5,0.2855993321,1242,0.9670569471,0.004437580934
144,0.5,0.5,0.2855993321,1244,0.9669910192,0.004463221371
144,0.5,0.5,0.2855993321,1246,0.9669334675,0.004492830166
144,0.5,0.5,0.2855993321,1248,0.9668845384,0.004517361135
144,0.3,0.7,0.2855993321,0,1,0
144,0.3,0.7,0.2855993321,2,0.9998705537,7.570156389e-06
144,0.3,0.7,0.2855993321,4,0.9997134128,1.298492923e-05
144,0.3,0.7,0.2855993321,6,0.99956854,1.903494632e-05
144,0.3,0.7,0.2855993321,8,0.9994333614,2.79189078e-05
144,0.3,0.7,0.2855993321,10,0.9993124338,3.671335883e-05
144,0.3,0.7,0.2855993321,12,0.9991936977,4.116264926e-05
144,0.3,0.7,0.2855993321,14,0.9990763907,4.712251982e-05
144,0.3,0.7,0.2855993321,16,0.9989604751,5.326928816e-05
144,0.3,0.7,0.2855993321,18,0.9988461558,5.980013269e-05
144,0.3,0.7,0.2855993321,20,0.9987307549,6.243213691e-05
144,0.3,0.7,0.2855993321,22,0.9986152181,6.647656371e-05
144,0.3,0.7,0.2855993321,24,0.998501888,7.16398901e-05
144,0.3,0.7,0.2855993321,26,0.9983980654,7.465147861e-05
144,0.3,0.7,0.2855993321,28,0.9982957525,7.817480305e-05
144,0.3,0.7,0.2855993321,30,0.9981967028,8.337687931e-05
144,0.3,0.7,0.2855993321,32,0.9980939624,9.1685361e-05
144,0.3,0.7,0.2855993321,34,0.9979891121,9.606628633e-05
144,0.3,0.7,0.2855993321,36,0.9978804349,9.768768838e-05
144,0.3,0.7,0.2855993321,38,0.9977757991,9.813431586e-05
144,0.3,0.7,0.2855993321,40,0.9976819894,0.0001013862326
144,0.3,0.7,0.2855993321,42,0.9975929516,0.0001030376648
144,0.3,0.7,0.2855993321,44,0.9974954292,0.0001045071053
144,0.3,0.7,0.2855993321,46,0.9974016889,0.0001061122695
144,0.3,0.7,0.2855993321,48,0.9973076403,0.0001049962682
144,0.3,0.7,0.2855993321,50,0.9972104504,0.0001030941097
144,0.3,0.7,0.2855993321,52,0.9971203239,0.0001033695693
144,0.3,0.7,0.2855993321,54,0.9970267617,0.0001029591199
144,0.3,0.7,0.2855993321,56,0.99692625,0.0001049233345
144,0.3,0.7,0.2855993321,58,0.9968283196,0.0001095426022
144,0.3,0.7,0.2855993321,60,0.9967250713,0.0001115475736
144,0.3,0.7,0.2855993321,62,0.9966246883,0.0001170264084
144,0.3,0.7,0.2855993321,64,0.9965212966,0.0001248231207
144,0.3,0.7,0.2855993321,66,0.9964200106,0.0001294086164
144,0.3,0.7,0.2855993321,68,0.9963208555,0.0001353687186
144,0.3,0.7,0.2855993321,70,0.9962208847,0.0001395788884
144,0.3,0.7,0.2855993321,72,0.9961188935,0.0001434009063
144,0.3,0.7,0.2855993321,74,0.9960226111,0.0001555777221
144,0.3,0.7,0.2855993321,76,0.9959247913,0.0001686136442
144,0.3,0.7,0.2855993321,78,0.9958287406,0.0001789448455
144,0.3,0.7,0.2855993321,80,0.9957304825,0.0001876804645
144,0.3,0.7,0.2855993321,82,0.995637754,0.0001923822382
144,0.3,0.7,0.2855993321,84,0.9955456379,0.0001960484176
144,0.3,0.7,0.2855993321,86,0.9954526928,0.000197608797
144,0.3,0.7,0.2855993321,88,0.9953532616,0.0002018758727
144,0.3,0.7,0.2855993321,90,0.9952598755,0.0002053685187
144,0.3,0.7,0.2855993321,92,0.9951716938,0.0002085299369
144,0.3,0.7,0.2855993321,94,0.9950791783,0.0002081427872
144,0.3,0.7,0.2855993321,96,0.9949847883,0.0002101670095
144,0.3,0.7,0.2855993321,98,0.9948918984,0.0002107850832
144,0.3,0.7,0.2855993321,100,0.9948033622,0.0002127294579
144,0.3,0.7,0.2855993321,102,0.994712728,0.0002139907087
144,0.3,0.7,0.2855993321,104,0.994617375,0.0002151831525
144,0.3,0.7,0.2855993321,106,0.9945265608,0.0002204109145
144,0.3,0.7,0.2855993321,108,0.9944381742,0.0002282428941
144,0.3,0.7,0.2855993321,110,0.9943503912,0.0002378837633
144,0.3,0.7,0.2855993321,112,0.9942675027,0.0002471483372
144,0.3,0.7,0.2855993321,114,0.9941818237,0.0002559766201
144,0.3,0.7,0.2855993321,116,0.9940946529,0.0002664381644
144,0.3,0.7,0.2855993321,118,0.9940063375,0.000278821961
144,0.3,0.7,0.2855993321,120,0.9939166197,0.0002925300662
144,0.3,0.7,0.2855993321,122,0.9938276633,0.0003080871887
144,0.3,0.7,0.2855993321,124,0.9937367411,0.0003208329102
144,0.3,0.7,0.2855993321,126,0.9936453886,0.0003345193873
144,0.3,0.7,0.2855993321,128,0.9935530039,0.0003460818052
144,0.3,0.7,0.2855993321,130,0.9934622749,0.0003594062631
144,0.3,0.7,0.2855993321,132,0.9933708115,0.0003711747402
144,0.3,0.7,0.2855993321,134,0.993279188,0.0003844269815
144,0.3,0.7,0.2855993321,136,0.99319115,0.0003972335494
144,0.3,0.7,0.2855993321,138,0.9930973658,0.0004122643938
144,0.3,0.7,0.2855993321,140,0.993006616,0.0004289623111
144,0.3,0.7,0.2855993321,142,0.9929141179,0.0004446015047
144,0.3,0.7,0.2855993321,144,0.9928201152,0.0004574685105
144,0.3,0.7,0.2855993321,146,0.9927297762,0.0004691623111
144,0.3,0.7,0.2855993321,148,0.9926485606,0.0004826139643
144,0.3,0.7,0.2855993321,150,0.9925609052,0.0004940108024
144,0.3,0.7,0.2855993321,152,0.99247351,0.0005057328964
144,0.3,0.7,0.2855993321,154,0.9923870748,0.0005184434918
144,0.3,0.7,0.2855993321,156,0.992294759,0.0005303024232
144,0.3,0.7,0.2855993321,158,0.9922044878,0.0005374617587
144,0.3,0.7,0.2855993321,160,0.9921224434,0.000544724468
144,0.3,0.7,0.2855993321,162,0.992052155,0.0005543711663
144,0.3,0.7,0.2855993321,164,0.9919809621,0.0005630957366
144,0.3,0.7,0.2855993321,166,0.9919126936,0.0005704622338
144,0.3,0.7,0.2855993321,168,0.991842106,0.000577531207
144,0.3,0.7,0.2855993321,170,0.9917667058,0.0005860617334
144,0.3,0.7,0.2855993321,172,0.9916914543,0.0005975519101
144,0.3,0.7,0.2855993321,174,0.9916169629,0.0006083741946
144,0.3,0.7,0.2855993321,176,0.9915488588,0.0006197431487
144,0.3,0.7,0.2855993321,178,0.9914825354,0.0006263769433
144,0.3,0.7,0.2855993321,180,0.9914103836,0.0006328851161
144,0.3,0.7,0.2855993321,182,0.991330919,0.0006414685349
144,0.3,0.7,0.2855993321,184,0.9912534077,0.0006471483939
144,0.3,0.7,0.2855993321,186,0.9911773239,0.0006527461243
144,0.3,0.7,0.2855993321,188,0.9910952725,0.0006561476672
144,0.3,0.7,0.2855993321,190,0.9910083571,0.0006590260939
144,0.3,0.7,0.2855993321,192,0.9909191854,0.0006621900607
144,0.3,0.7,0.2855993321,194,0.9908341861,0.0006660970019
144,0.3,0.7,0.2855993321,196,0.990752363,0.0006676567552
144,0.3,0.7,0.2855993321,198,0.9906649772,0.0006717576454
144,0.3,0.7,0.2855993321,200,0.9905743206,0.0006773057531
144,0.3,0.7,0.2855993321,202,0.9904797624,0.0006861030034
144,0.3,0.7,0.2855993321,204,0.9903840888,0.0006914134713
144,0.3,0.7,0.2855993321,206,0.9902853079,0.0006984668438
144,0.3,0.7,0.2855993321,208,0.9901836645,0.0007046287169
144,0.3,0.7,0.2855993321,210,0.9900824888,0.0007106196172
144,0.3,0.7,0.2855993321,212,0.9899843066,0.0007171476967
144,0.3,0.7,0.2855993321,214,0.9898848223,0.0007239370103
144,0.3,0.7,0.2855993321,216,0.9897896403,0.0007321751775
144,0.3,0.7,0.2855993321,218,0.9896938835,0.000741684546
144,0.3,0.7,0.2855993321,220,0.9896047261,0.0007525509351
144,0.3,0.7,0.2855993321,222,0.9895176388,0.0007622268595
144,0.3,0.7,0.2855993321,224,0.9894286467,0.0007706359854
144,0.3,0.7,0.2855993321,226,0.9893454743,0.0007763902992
144,0.3,0.7,0.2855993321,228,0.9892549416,0.0007797234767
144,0.3,0.7,0.2855993321,230,0.9891690689,0.0007825373851
144,0.3,0.7,0.2855993321,232,0.9890810572,0.0007887386187
144,0.3,0.7,0.2855993321,234,0.9889906328,0.0007927961053
144,0.3,0.7,0.2855993321,236,0.9889036161,0.000801362899
144,0.3,0.7,0.2855993321,238,0.9888152811,0.0008074690399
144,0.3,0.7,0.2855993321,240,0.9887243328,0.0008142273151
144,0.3,0.7,0.2855993321,242,0.9886381262,0.0008214885304
144,0.3,0.7,0.2855993321,244,0.9885544934,0.0008260062825
144,0.3,0.7,0.2855993321,246,0.9884667752,0.0008300216619
144,0.3,0.7,0.2855993321,248,0.9883852058,0.0008317428283
144,0.3,0.7,0.2855993321,250,0.9883001263,0.0008394861844
144,0.3,0.7,0.2855993321,252,0.9882155898,0.0008502113284
144,0.3,0.7,0.2855993321,254,0.9881340189,0.0008644940813
144,0.3,0.7,0.2855993321,256,0.9880509487,0.0008795700354
144,0.3,0.7,0.2855993321,258,0.9879617409,0.0008918849739
144,0.3,0.7,0.2855993321,260,0.9878701505,0.0009017839731
144,0.3,0.7,0.2855993321,262,0.987777869,0.000909701932
144,0.3,0.7,0.2855993321,264,0.987692539,0.0009218985847
144,0.3,0.7,0.2855993321,266,0.9876028333,0.0009342568013
144,0.3,0.7,0.2855993321,268,0.9875105144,0.0009442208223
144,0.3,0.7,0.2855993321,270,0.9874210034,0.000953219936
144,0.3,0.7,0.2855993321,272,0.9873247832,0.000961593392
144,0.3,0.7,0.2855993321,274,0.9872321464,0.0009704766798
144,0.3,0.7,0.2855993321,276,0.9871444948,0.0009814894619
144,0.3,0.7,0.2855993321,278,0.9870578711,0.0009928645748
144,0.3,0.7,0.2855993321,280,0.9869663559,0.001006488201
144,0.3,0.7,0.2855993321,282,0.9868705416,0.001022559066
144,0.3,0.7,0.2855993321,284,0.9867757088,0.001037917178
144,0.3,0.7,0.2855993321,286,0.9866843645,0.001056134131
144,0.3,0.7,0.2855993321,288,0.9865973456,0.001071171964
144,0.3,0.7,0.2855993321,290,0.9865159558,0.001083486896
144,0.3,0.7,0.2855993321,292,0.9864372934,0.001096420023
144,0.3,0.7,0.2855993321,294,0.9863499137,0.001107954577
144,0.3,0.7,0.2855993321,296,0.9862647957,0.001118884526
144,0.3,0.7,0.2855993321,298,0.9861770762,0.001132171603
144,0.3,0.7,0.2855993321,300,0.9860923965,0.00114955133
144,0.3,0.7,0.2855993321,302,0.9860085965,0.001168719222
144,0.3,0.7,0.2855993321,304,0.9859317773,0.001189170337
144,0.3,0.7,0.2855993321,306,0.9858477275,0.001209692935
144,0.3,0.7,0.2855993321,308,0.9857645387,0.001226538555
144,0.3,0.7,0.2855993321,310,0.9856792818,0.001243410115
144,0.3,0.7,0.2855993321,312,0.985594508,0.001259449315
144,0.3,0.7,0.2855993321,314,0.9855183162,0.001278254721
144,0.3,0.7,0.2855993321,316,0.9854407621,0.001296756178
144,0.3,0.7,0.2855993321,318,0.9853647048,0.001311767277
144,0.3,0.7,0.2855993321,320,0.9852829037,0.001326137338
144,0.3,0.7,0.2855993321,322,0.9852004696,0.001339466813
144,0.3,0.7,0.2855993321,324,0.9851209898,0.001354407366
144,0.3,0.7,0.2855993321,326,0.9850385468,0.001371253621
144,0.3,0.7,0.2855993321,328,0.9849559852,0.001388874143
144,0.3,0.7,0.2855993321,330,0.9848739043,0.001407999748
144,0.3,0.7,0.2855993321,332,0.9847964635,0.001424697158
144,0.3,0.7,0.2855993321,334,0.9847193982,0.001439881126
144,0.3,0.7,0.2855993321,336,0.9846431077,0.001456833116
144,0.3,0.7,0.2855993321,338,0.9845666614,0.001475816857
144,0.3,0.7,0.2855993321,340,0.9844907085,0.001495056666
144,0.3,0.7,0.2855993321,342,0.9844155955,0.001510082372
144,0.3,0.7,0.2855993321,344,0.984340675,0.00152449167
144,0.3,0.7,0.2855993321,346,0.9842659579,0.001539896113
144,0.3,0.7,0.2855993321,348,0.9841890712,0.001550559947
144,0.3,0.7,0.2855993321,350,0.9841109886,0.001565311116
144,0.3,0.7,0.2855993321,352,0.9840336143,0.001577038613
144,0.3,0.7,0.2855993321,354,0.9839602403,0.001588840507
144,0.3,0.7,0.2855993321,356,0.9838854638,0.00159795471
144,0.3,0.7,0.2855993321,358,0.9838116696,0.001606730859
144,0.3,0.7,0.2855993321,360,0.9837327877,0.001615756663
144,0.3,0.7,0.2855993321,362,0.9836543349,0.001625271338
144,0.3,0.7,0.2855993321,364,0.9835700803,0.001632648548
144,0.3,0.7,0.2855993321,366,0.983484782,0.001638325728
144,0.3,0.7,0.2855993321,368,0.9833974729,0.001644542286
144,0.3,0.7,0.2855993321,370,0.9833107149,0.001649127078
144,0.3,0.7,0.2855993321,372,0.9832267561,0.001653581753
144,0.3,0.7,0.2855993321,374,0.9831437812,0.001658563791
144,0.3,0.7,0.2855993321,376,0.9830652391,0.001664675281
144,0.3,0.7,0.2855993321,378,0.9829892917,0.001676158967
144,0.3,0.7,0.2855993321,380,0.9829121097,0.001687671261
144,0.3,0.7,0.2855993321,382,0.9828356341,0.001697025059
144,0.3,0.7,0.2855993321,384,0.9827647077,0.001702752725
144,0.3,0.7,0.2855993321,386,0.9826864644,0.001708263517
144,0.3,0.7,0.2855993321,388,0.9826028456,0.001714482326
144,0.3,0.7,0.2855993321,390,0.9825254524,0.001722386231
144,0.3,0.7,0.2855993321,392,0.982453074,0.001730538462
144,0.3,0.7,0.2855993321,394,0.9823815595,0.001736068308
144,0.3,0.7,0.2855993321,396,0.9823138288,0.001739979884
144,0.3,0.7,0.2855993321,398,0.9822416672,0.001742860217
144,0.3,0.7,0.2855993321,400,0.9821595188,0.001746337637
144,0.3,0.7,0.2855993321,402,0.9820787285,0.001749960443
144,0.3,0.7,0.2855993321,404,0.9819999601,0.001754615326
144,0.3,0.7,0.2855993321,406,0.9819254742,0.001762051596
144,0.3,0.7,0.2855993321,408,0.9818504912,0.001772575631
144,0.3,0.7,0.2855993321,410,0.9817731691,0.001778350719
144,0.3,0.7,0.2855993321,412,0.9816967399,0.001782299164
144,0.3,0.7,0.2855993321,414,0.9816242084,0.001788890539
144,0.3,0.7,0.2855993321,416,0.9815562544,0.00179466982
144,0.3,0.7,0.2855993321,418,0.9814858277,0.001805056347
144,0.3,0.7,0.2855993321,420,0.9814072545,0.001815485916
144,0.3,0.7,0.2855993321,422,0.9813342911,0.0018255246
144,0.3,0.7,0.2855993321,424,0.981264559,0.001838060862
144,0.3,0.7,0.2855993321,426,0.98119767,0.001850565997
144,0.3,0.7,0.2855993321,428,0.9811316892,0.001862767205
144,0.3,0.7,0.2855993321,430,0.9810600208,0.001872706328
144,0.3,0.7,0.2855993321,432,0.9809929098,0.001880928817
144,0.3,0.7,0.2855993321,434,0.9809236836,0.001888735105
144,0.3,0.7,0.2855993321,436,0.9808519389,0.001896279666
144,0.3,0.7,0.2855993321,438,0.9807779107,0.00190545872
144,0.3,0.7,0.2855993321,440,0.9807068937,0.001917446307
144,0.3,0.7,0.2855993321,442,0.9806296242,0.001929515644
144,0.3,0.7,0.2855993321,444,0.9805511391,0.001938187056
144,0.3,0.7,0.2855993321,446,0.9804675019,0.001942965114
144,0.3,0.7,0.2855993321,448,0.9803892742,0.001949423137
144,0.3,0.7,0.2855993321,450,0.9803119974,0.001957367723
144,0.3,0.7,0.2855993321,452,0.9802282535,0.001965252948
144,0.3,0.7,0.2855993321,454,0.9801464893,0.001974286186
144,0.3,0.7,0.2855993321,456,0.9800658802,0.001984418356
144,0.3,0.7,0.2855993321,458,0.9799817465,0.001992338574
144,0.3,0.7,0.2855993321,460,0.979889724,0.002001536162
144,0.3,0.7,0.2855993321,462,0.9798029316,0.002016305644
144,0.3,0.7,0.2855993321,464,0.979713797,0.00203311045
144,0.3,0.7,0.2855993321,466,0.9796238361,0.002052065497
144,0.3,0.7,0.2855993321,468,0.9795372065,0.002073115495
144,0.3,0.7,0.2855993321,470,0.9794525413,0.002098456589
144,0.3,0.7,0.2855993321,472,0.9793640822,0.002127913064
144,0.3,0.7,0.2855993321,474,0.9792730253,0.002155907708
144,0.3,0.7,0.2855993321,476,0.9791841621,0.002182690046
144,0.3,0.7,0.2855993321,478,0.9790941068,0.002209312751
144,0.3,0.7,0.2855993321,480,0.9790038719,0.00223459171
144,0.3,0.7,0.2855993321,482,0.9789144128,0.002258925101
144,0.3,0.7,0.2855993321,484,0.9788254863,0.002285321328
144,0.3,0.7,0.2855993321,486,0.9787332606,0.002305875776
144,0.3,0.7,0.2855993321,488,0.9786440049,0.002326782164
144,0.3,0.7,0.2855993321,490,0.9785542653,0.002350704204
144,0.3,0.7,0.2855993321,492,0.9784642625,0.002374325561
144,0.3,0.7,0.2855993321,494,0.9783814102,0.002401397419
144,0.3,0.7,0.2855993321,496,0.9782974259,0.002429719608
144,0.3,0.7,0.2855993321,498,0.9782106997,0.002458833329
144,0.3,0.7,0.2855993321,500,0.9781200905,0.002491453566
144,0.3,0.7,0.2855993321,502,0.9780306865,0.002521971396
144,0.3,0.7,0.2855993321,504,0.9779370531,0.002551974913
144,0.3,0.7,0.2855993321,506,0.9778467091,0.002578220183
144,0.3,0.7,0.2855993321,508,0.9777630177,0.002602058573
144,0.3,0.7,0.2855993321,510,0.9776779612,0.002626249244
144,0.3,0.7,0.2855993321,512,0.9775950561,0.002650193244
144,0.3,0.7,0.2855993321,514,0.9775122132,0.002674734448
144,0.3,0.7,0.2855993321,516,0.9774275423,0.002699190795
144,0.3,0.7,0.2855993321,518,0.9773428598,0.002723572944
144,0.3,0.7,0.2855993321,520,0.9772679746,0.002747373967
144,0.3,0.7,0.2855993321,522,0.9771880753,0.002770865403
144,0.3,0.7,0.2855993321,524,0.9771077698,0.002793987794
144,0.3,0.7,0.2855993321,526,0.9770274423,0.002821112963
144,0.3,0.7,0.2855993321,528,0.9769561039,0.002849120468
144,0.3,0.7,0.2855993321,530,0.9768829038,0.00287839845
144,0.3,0.7,0.2855993321,532,0.9768109503,0.002911196868
144,0.3,0.7,0.2855993321,534,0.9767434394,0.002944959255
144,0.3,0.7,0.2855993321,536,0.9766697985,0.002981415881
144,0.3,0.7,0.2855993321,538,0.9765954033,0.003012812511
144,0.3,0.7,0.2855993321,540,0.9765218214,0.003045360531
144,0.3,0.7,0.2855993321,542,0.9764435372,0.003074620356
144,0.3,0.7,0.2855993321,544,0.9763633393,0.003101992031
144,0.3,0.7,0.2855993321,546,0.9762899493,0.003132439076
144,0.3,0.7,0.2855993321,548,0.9762134209,0.00316264354
144,0.3,0.7,0.2855993321,550,0.9761420428,0.003189153113
144,0.3,0.7,0.2855993321,552,0.9760745355,0.00321328915
144,0.3,0.7,0.2855993321,554,0.9759985128,0.003237418102
144,0.3,0.7,0.2855993321,556,0.9759193968,0.003266521154
144,0.3,0.7,0.2855993321,558,0.9758398609,0.003294033463
144,0.3,0.7,0.2855993321,560,0.9757571735,0.00332026601
144,0.3,0.7,0.2855993321,562,0.9756750312,0.003347988425
144,0.3,0.7,0.2855993321,564,0.9755942936,0.003377113063
144,0.3,0.7,0.2855993321,566,0.9755147168,0.003409180529
144,0.3,0.7,0.2855993321,568,0.9754323708,0.003442328231
144,0.3,0.7,0.2855993321,570,0.9753442898,0.003475240908
144,0.3,0.7,0.2855993321,572,0.975259425,0.00350796459
144,0.3,0.7,0.2855993321,574,0.9751721406,0.003536220541
144,0.3,0.7,0.2855993321,576,0.9750809402,0.003565312571
144,0.3,0.7,0.2855993321,578,0.9749967122,0.003594223722
144,0.3,0.7,0.2855993321,580,0.9749124551,0.003624896751
144,0.3,0.7,0.2855993321,582,0.9748325339,0.003657691921
144,0.3,0.7,0.2855993321,584,0.9747475972,0.003685621338
144,0.3,0.7,0.2855993321,586,0.9746536995,0.003715028464
144,0.3,0.7,0.2855993321,588,0.9745625657,0.003747717064
144,0.3,0.7,0.2855993321,590,0.9744642338,0.003781290881
144,0.3,0.7,0.2855993321,592,0.9743661667,0.00381404147
144,0.3,0.7,0.2855993321,594,0.9742642574,0.003849048723
144,0.3,0.7,0.2855993321,596,0.9741630845,0.003881182651
144,0.3,0.7,0.2855993321,598,0.9740642474,0.003911972511
144,0.3,0.7,0.2855993321,600,0.9739599111,0.003939901067
144,0.3,0.7,0.2855993321,602,0.9738457365,0.003963146239
144,0.3,0.7,0.2855993321,604,0.9737368272,0.003990202919
144,0.3,0.7,0.2855993321,606,0.9736283831,0.004016507746
144,0.3,0.7,0.2855993321,608,0.9735116679,0.004037602643
144,0.3,0.7,0.2855993321,610,0.9733953719,0.004060581476
144,0.3,0.7,0.2855993321,612,0.9732819792,0.004084346445
144,0.3,0.7,0.2855993321,614,0.9731733081,0.004106214802
144,0.3,0.7,0.2855993321,616,0.9730626638,0.00412715336
144,0.3,0.7,0.2855993321,618,0.9729494951,0.004150838756
144,0.3,0.7,0.2855993321,620,0.9728361561,0.004170750186
144,0.3,0.7,0.2855993321,622,0.9727241521,0.004192106505
144,0.3,0.7,0.2855993321,624,0.9726157883,0.004211463641
144,0.3,0.7,0.2855993321,626,0.9725090494,0.004231332776
144,0.3,0.7,0.2855993321,628,0.9724023433,0.004250504968
144,0.3,0.7,0.2855993321,630,0.9722861097,0.004267766837
144,0.3,0.7,0.2855993321,632,0.9721690496,0.004289186948
144,0.3,0.7,0.2855993321,634,0.9720563417,0.00431081303
144,0.3,0.7,0.2855993321,636,0.9719441955,0.004338534746
144,0.3,0.7,0.2855993321,638,0.9718295058,0.004363629519
144,0.3,0.7,0.2855993321,640,0.9717122629,0.004386530275
144,0.3,0.7,0.2855993321,642,0.9715978385,0.004405639148
144,0.3,0.7,0.2855993321,644,0.9714854954,0.004427200031
144,0.3,0.7,0.2855993321,646,0.9713728595,0.00445112572
144,0.3,0.7,0.2855993321,648,0.9712618423,0.004482097431
144,0.3,0.7,0.2855993321,650,0.9711550972,0.004513115037
144,0.3,0.7,0.2855993321,652,0.9710476325,0.004541503249
144,0.3,0.7,0.2855993321,654,0.9709389388,0.004568789346
144,0.3,0.7,0.2855993321,656,0.9708329613,0.004590954364
144,0.3,0.7,0.2855993321,658,0.9707287655,0.004607759861
144,0.3,0.7,0.2855993321,660,0.970621387,0.004627045787
144,0.3,0.7,0.2855993321,662,0.9705126789,0.004647829169
144,0.3,0.7,0.2855993321,664,0.9704012364,0.004668940959
144,0.3,0.7,0.2855993321,666,0.9702892397,0.004686408827
144,0.3,0.7,0.2855993321,668,0.9701775522,0.004710472311
144,0.3,0.7,0.2855993321,670,0.9700693355,0.004740106228
144,0.3,0.7,0.2855993321,672,0.9699723093,0.004765617918
144,0.3,0.7,0.2855993321,674,0.9698738071,0.004791916304
144,0.3,0.7,0.2855993321,676,0.9697816207,0.004819298024
144,0.3,0.7,0.2855993321,678,0.9696856449,0.004846917792
144,0.3,0.7,0.2855993321,680,0.9695814831,0.004876563785
144,0.3,0.7,0.2855993321,682,0.9694761731,0.004904868507
144,0.3,0.7,0.2855993321,684,0.9693777878,0.004935108969
144,0.3,0.7,0.2855993321,686,0.9692857733,0.004965779825
144,0.3,0.7,0.2855993321,688,0.9691942294,0.00499629297
144,0.3,0.7,0.2855993321,690,0.9690997292,0.005032842615
144,0.3,0.7,0.2855993321,692,0.9689960158,0.005071522099
144,0.3,0.7,0.2855993321,694,0.9688985837,0.005106705902
144,0.3,0.7,0.2855993321,696,0.968807967,0.00514401558
144,0.3,0.7,0.2855993321,698,0.9687064504,0.005181486446
144,0.3,0.7,0.2855993321,700,0.9686046718,0.005216632923
144,0.3,0.7,0.2855993321,702,0.9685108154,0.005250888525
144,0.3,0.7,0.2855993321,704,0.9684117527,0.005283507335
144,0.3,0.7,0.2855993321,706,0.9683139306,0.005316783397
144,0.3,0.7,0.2855993321,708,0.9682150287,0.005348648847
144,0.3,0.7,0.2855993321,710,0.9681120994,0.005381126507
144,0.3,0.7,0.2855993321,712,0.9680061332,0.005413309562
144,0.3,0.7,0.2855993321,714,0.9678965051,0.005445133509
144,0.3,0.7,0.2855993321,716,0.9677846266,0.005477399669
144,0.3,0.7,0.2855993321,718,0.9676683933,0.005508906165
144,0.3,0.7,0.2855993321,720,0.9675632214,0.005544107248
144,0.3,0.7,0.2855993321,722,0.9674623376,0.005582487164
144,0.3,0.7,0.2855993321,724,0.9673698565,0.005619349464
144,0.3,0.7,0.2855993321,726,0.9672783974,0.005659640811
144,0.3,0.7,0.2855993321,728,0.9671831398,0.0057012982
144,0.3,0.7,0.2855993321,730,0.9670846657,0.005745569827
144,0.3,0.7,0.2855993321,732,0.9669911141,0.00579582916
144,0.3,0.7,0.2855993321,734,0.9668826843,0.005843927544
144,0.3,0.7,0.2855993321,736,0.9667753061,0.005892696839
144,0.3,0.7,0.2855993321,738,0.9666718817,0.005941049026
144,0.3,0.7,0.2855993321,740,0.9665764671,0.00599325743
144,0.3,0.7,0.2855993321,742,0.966473401,0.006040937892
144,0.3,0.7,0.2855993321,744,0.9663711171,0.006091190262
144,0.3,0.7,0.2855993321,746,0.9662692542,0.006139437844
144,0.3,0.7,0.2855993321,748,0.966173134,0.006190735801
144,0.3,0.7,0.2855993321,750,0.9660797021,0.006237313573
144,0.3,0.7,0.2855993321,752,0.9659888995,0.006284333286
144,0.3,0.7,0.2855993321,754,0.9659051631,0.006333426193
144,0.3,0.7,0.2855993321,756,0.9658232232,0.006380108842
144,0.3,0.7,0.2855993321,758,0.9657375181,0.006426980118
144,0.3,0.7,0.2855993321,760,0.9656518165,0.006476194856
144,0.3,0.7,0.2855993321,762,0.9655675574,0.006528015091
144,0.3,0.7,0.2855993321,764,0.9654767456,0.006576283363
144,0.3,0.7,0.2855993321,766,0.9653876413,0.006622998529
144,0.3,0.7,0.2855993321,768,0.9652948794,0.006664966261
144,0.3,0.7,0.2855993321,770,0.9652058464,0.006711139226
144,0.3,0.7,0.2855993321,772,0.9651246535,0.006754393841
144,0.3,0.7,0.2855993321,774,0.9650425502,0.006803066696
144,0.3,0.7,0.2855993321,776,0.9649634813,0.00685678894
144,0.3,0.7,0.2855993321,778,0.9648804984,0.006908837088
144,0.3,0.7,0.2855993321,780,0.9647997736,0.006960389405
144,0.3,0.7,0.2855993321,782,0.9647146114,0.007012336465
144,0.3,0.7,0.2855993321,784,0.9646269191,0.00706452017
144,0.3,0.7,0.2855993321,786,0.9645517817,0.007118772189
144,0.3,0.7,0.2855993321,788,0.9644737963,0.007168015463
144,0.3,0.7,0.2855993321,790,0.9643901778,0.007220087791
144,0.3,0.7,0.2855993321,792,0.9643085853,0.007269925728
144,0.3,0.7,0.2855993321,794,0.9642180565,0.007315727362
144,0.3,0.7,0.2855993321,796,0.964128417,0.007360079569
144,0.3,0.7,0.2855993321,798,0.9640399607,0.007405120664
144,0.3,0.7,0.2855993321,800,0.9639474987,0.007448439009
144,0.3,0.7,0.2855993321,802,0.963853307,0.007494710327
144,0.3,0.7,0.2855993321,804,0.9637631977,0.00754017648
144,0.3,0.7,0.2855993321,806,0.9636726363,0.007583289543
144,0.3,0.7,0.2855993321,808,0.9635853642,0.007624521798
144,0.3,0.7,0.2855993321,810,0.9634984055,0.007663563092
144,0.3,0.7,0.2855993321,812,0.9634217292,0.007705908683
144,0.3,0.7,0.2855993321,814,0.9633423353,0.00774523954
144,0.3,0.7,0.2855993321,816,0.9632569929,0.007788247115
144,0.3,0.7,0.2855993321,818,0.9631681643,0.007834131424
144,0.3,0.7,0.2855993321,820,0.9630808616,0.007881637967
144,0.3,0.7,0.2855993321,822,0.96299508,0.007931838569
144,0.3,0.7,0.2855993321,824,0.9629045895,0.007982591955
144,0.3,0.7,0.2855993321,826,0.9628076444,0.008031534951
144,0.3,0.7,0.2855993321,828,0.9627115068,0.008078785707
144,0.3,0.7,0.2855993321,830,0.9626096205,0.008126271693
144,0.3,0.7,0.2855993321,832,0.9625047755,0.008172563925
144,0.3,0.7,0.2855993321,834,0.9624000949,0.008213164168
144,0.3,0.7,0.2855993321,836,0.9623063152,0.008255454863
144,0.3,0.7,0.2855993321,838,0.9622167104,0.008301013358
144,0.3,0.7,0.2855993321,840,0.9621230778,0.008349005514
144,0.3,0.7,0.2855993321,842,0.9620201742,0.008399091234
144,0.3,0.7,0.2855993321,844,0.9619238952,0.008443051148
144,0.3,0.7,0.2855993321,846,0.9618264843,0.008484494707
144,0.3,0.7,0.2855993321,848,0.9617152621,0.008521181629
144,0.3,0.7,0.2855993321,850,0.961596865,0.008560522302
144,0.3,0.7,0.2855993321,852,0.961475219,0.008602279572
144,0.3,0.7,0.2855993321,854,0.9613605601,0.008635874339
144,0.3,0.7,0.2855993321,856,0.9612512842,0.008666711286
144,0.3,0.7,0.2855993321,858,0.9611435551,0.008702670385
144,0.3,0.7,0.2855993321,860,0.9610340643,0.00874295001
144,0.3,0.7,0.2855993321,862,0.9609304465,0.008780260806
144,0.3,0.7,0.2855993321,864,0.9608239807,0.008820709868
144,0.3,0.7,0.2855993321,866,0.9607165297,0.008855478881
144,0.3,0.7,0.2855993321,868,0.960611415,0.008888981302
144,0.3,0.7,0.2855993321,870,0.9605007275,0.008925213872
144,0.3,0.7,0.2855993321,872,0.9603858286,0.008964711495
144,0.3,0.7,0.2855993321,874,0.9602810001,0.009004819699
144,0.3,0.7,0.2855993321,876,0.9601808706,0.009045654544
144,0.3,0.7,0.2855993321,878,0.9600706921,0.009089415462
144,0.3,0.7,0.2855993321,880,0.9599570941,0.009132187046
144,0.3,0.7,0.2855993321,882,0.9598464678,0.009172456155
144,0.3,0.7,0.2855993321,884,0.9597378054,0.00920837894
144,0.3,0.7,0.2855993321,886,0.959625256,0.009243405723
144,0.3,0.7,0.2855993321,888,0.9595154155,0.009279649146
144,0.3,0.7,0.2855993321,890,0.95940638,0.009312379351
144,0.3,0.7,0.2855993321,892,0.959296203,0.009341280812
144,0.3,0.7,0.2855993321,894,0.9591901511,0.009373349174
144,0.3,0.7,0.2855993321,896,0.9590871751,0.009402537073
144,0.3,0.7,0.2855993321,898,0.9589886654,0.009435883869
144,0.3,0.7,0.2855993321,900,0.9588807239,0.009467020796
144,0.3,0.7,0.2855993321,902,0.9587669507,0.009497232009
144,0.3,0.7,0.2855993321,904,0.9586517372,0.009524343604
144,0.3,0.7,0.2855993321,906,0.9585375688,0.009553011367
144,0.3,0.7,0.2855993321,908,0.9584185304,0.009583719555
144,0.3,0.7,0.2855993321,910,0.9583007043,0.009619277317
144,0.3,0.7,0.2855993321,912,0.9581952808,0.009655322826
144,0.3,0.7,0.2855993321,914,0.9580930658,0.009690914946
144,0.3,0.7,0.2855993321,916,0.9579920462,0.009725638382
144,0.3,0.7,0.2855993321,918,0.9578907088,0.009760801289
144,0.3,0.7,0.2855993321,920,0.9577962431,0.009789479324
144,0.3,0.7,0.2855993321,922,0.9577012097,0.009822548678
144,0.3,0.7,0.2855993321,924,0.9576042667,0.009856541551
144,0.3,0.7,0.2855993321,926,0.957502258,0.009882649865
144,0.3,0.7,0.2855993321,928,0.9574051422,0.009912074695
144,0.3,0.7,0.2855993321,930,0.9573116143,0.009942306806
144,0.3,0.7,0.2855993321,932,0.9572116942,0.009969264836
144,0.3,0.7,0.2855993321,934,0.9571002509,0.009993768035
144,0.3,0.7,0.2855993321,936,0.9569871699,0.01001553338
144,0.3,0.7,0.2855993321,938,0.9568705565,0.01003864011
144,0.3,0.7,0.2855993321,940,0.9567516311,0.01006309877
144,0.3,0.7,0.2855993321,942,0.9566341433,0.01009185668
144,0.3,0.7,0.2855993321,944,0.9565233504,0.0101179344
144,0.3,0.7,0.2855993321,946,0.9564144993,0.01014136897
144,0.3,0.7,0.2855993321,948,0.9563132441,0.01016640225
144,0.3,0.7,0.2855993321,950,0.9562118736,0.01019071053
144,0.3,0.7,0.2855993321,952,0.9561051146,0.01021535174
144,0.3,0.7,0.2855993321,954,0.9559995357,0.01024494557
144,0.3,0.7,0.2855993321,956,0.9558924267,0.01027246487
144,0.3,0.7,0.2855993321,958,0.9557820021,0.01029731129
144,0.3,0.7,0.2855993321,960,0.955658873,0.01032121214
144,0.3,0.7,0.2855993321,962,0.9555399662,0.01034818756
144,0.3,0.7,0.2855993321,964,0.9554182867,0.01037838898
144,0.3,0.7,0.2855993321,966,0.9553084772,0.01040838993
144,0.3,0.7,0.2855993321,968,0.9552046457,0.01043513579
144,0.3,0.7,0.2855993321,970,0.9551097809,0.01045859094
144,0.3,0.7,0.2855993321,972,0.9550040913,0.01048407719
144,0.3,0.7,0.2855993321,974,0.9548901222,0.01050354802
144,0.3,0.7,0.2855993321,976,0.9547690028,0.01052931865
144,0.3,0.7,0.2855993321,978,0.95464653,0.01055721438
144,0.3,0.7,0.2855993321,980,0.954524188,0.01058295036
144,0.3,0.7,0.2855993321,982,0.9543926499,0.01061086995
144,0.3,0.7,0.2855993321,984,0.9542597686,0.01063747236
144,0.3,0.7,0.2855993321,986,0.9541328953,0.01065762388
144,0.3,0.7,0.2855993321,988,0.9540019469,0.0106787853
144,0.3,0.7,0.2855993321,990,0.9538670295,0.01069849007
144,0.3,0.7,0.2855993321,992,0.9537376142,0.01071713198
144,0.3,0.7,0.2855993321,994,0.9536205062,0.01073612992
144,0.3,0.7,0.2855993321,996,0.9535148633,0.01075808241
144,0.3,0.7,0.2855993321,998,0.9534096187,0.01077838209
144,0.3,0.7,0.2855993321,1000,0.953301107,0.0107994128
144,0.3,0.7,0.2855993321,1002,0.9531924962,0.01081931629
144,0.3,0.7,0.2855993321,1004,0.953080214,0.01084097613
144,0.3,0.7,0.2855993321,1006,0.9529714822,0.01086484371
144,0.3,0.7,0.2855993321,1008,0.9528656953,0.01088363742
144,0.3,0.7,0.2855993321,1010,0.9527580271,0.01090103155
144,0.3,0.7,0.2855993321,1012,0.9526594238,0.01092448398
144,0.3,0.7,0.2855993321,1014,0.9525584098,0.0109472222
144,0.3,0.7,0.2855993321,1016,0.952464554,0.01097203135
144,0.3,0.7,0.2855993321,1018,0.9523685282,0.01100090583
144,0.3,0.7,0.2855993321,1020,0.9522736144,0.01103105774
144,0.3,0.7,0.2855993321,1022,0.9521802385,0.01105895165
144,0.3,0.7,0.2855993321,1024,0.9520923969,0.01108322408
144,0.3,0.7,0.2855993321,1026,0.9520055198,0.01110594279
144,0.3,0.7,0.2855993321,1028,0.9519196333,0.01113205469
144,0.3,0.7,0.2855993321,1030,0.9518283945,0.01116254842
144,0.3,0.7,0.2855993321,1032,0.9517328629,0.01119754778
144,0.3,0.7,0.2855993321,1034,0.9516378508,0.01123453702
144,0.3,0.7,0.2855993321,1036,0.9515472223,0.01126739552
144,0.3,0.7,0.2855993321,1038,0.9514545811,0.01130390491
144,0.3,0.7,0.2855993321,1040,0.9513669573,0.01134429503
144,0.3,0.7,0.2855993321,1042,0.9512758186,0.01138851091
144,0.3,0.7,0.2855993321,1044,0.9511967222,0.01143024182
144,0.3,0.7,0.2855993321,1046,0.9511079921,0.0114691743
144,0.3,0.7,0.2855993321,1048,0.9510252502,0.01151259304
144,0.3,0.7,0.2855993321,1050,0.9509406937,0.01155330113
144,0.3,0.7,0.2855993321,1052,0.9508563318,0.01159146868
144,0.3,0.7,0.2855993321,1054,0.9507744834,0.01162645199
144,0.3,0.7,0.2855993321,1056,0.9506916178,0.01165690212
144,0.3,0.7,0.2855993321,1058,0.9506121961,0.01169161787
144,0.3,0.7,0.2855993321,1060,0.9505311562,0.01173560774
144,0.3,0.7,0.2855993321,1062,0.9504517754,0.01178030442
144,0.3,0.7,0.2855993321,1064,0.950372202,0.01182567839
144,0.3,0.7,0.2855993321,1066,0.9502929167,0.01186906722
144,0.3,0.7,0.2855993321,1068,0.9502187267,0.0119079548
144,0.3,0.7,0.2855993321,1070,0.9501455715,0.01194982736
144,0.3,0.7,0.2855993321,1072,0.9500711171,0.01199686289
144,0.3,0.7,0.2855993321,1074,0.9499872746,0.01204000556
144,0.3,0.7,0.2855993321,1076,0.949911425,0.01208316651
144,0.3,0.7,0.2855993321,1078,0.9498401798,0.01212248894
144,0.3,0.7,0.2855993321,1080,0.9497643454,0.01216219745
144,0.3,0.7,0.2855993321,1082,0.949681789,0.01220115799
144,0.3,0.7,0.2855993321,1084,0.949601361,0.01223590781
144,0.3,0.7,0.2855993321,1086,0.9495273727,0.01227666874
144,0.3,0.7,0.2855993321,1088,0.9494579563,0.01232215166
144,0.3,0.7,0.2855993321,1090,0.9493880365,0.01236694533
144,0.3,0.7,0.2855993321,1092,0.949312659,0.01240890583
144,0.3,0.7,0.2855993321,1094,0.94923923,0.01245663373
144,0.3,0.7,0.2855993321,1096,0.9491671746,0.01250774686
144,0.3,0.7,0.2855993321,1098,0.949092296,0.01255681151
144,0.3,0.7,0.2855993321,1100,0.9490193082,0.0126042423
144,0.3,0.7,0.2855993321,1102,0.9489447979,0.01265003393
144,0.3,0.7,0.2855993321,1104,0.9488588888,0.01268991187
144,0.3,0.7,0.2855993321,1106,0.9487745628,0.01273186326
144,0.3,0.7,0.2855993321,1108,0.9486728181,0.01277534998
144,0.3,0.7,0.2855993321,1110,0.9485730107,0.01282038132
144,0.3,0.7,0.2855993321,1112,0.9484732486,0.01286289092
144,0.3,0.7,0.2855993321,1114,0.9483674512,0.01290243953
144,0.3,0.7,0.2855993321,1116,0.9482612126,0.01294236205
144,0.3,0.7,0.2855993321,1118,0.9481659995,0.01297993902
144,0.3,0.7,0.2855993321,1120,0.9480796303,0.0130185682
144,0.3,0.7,0.2855993321,1122,0.9479930146,0.0130506137
144,0.3,0.7,0.2855993321,1124,0.9479086619,0.013079157
144,0.3,0.7,0.2855993321,1126,0.9478346021,0.01310811664
144,0.3,0.7,0.2855993321,1128,0.9477433978,0.01313948958
144,0.3,0.7,0.2855993321,1130,0.9476443741,0.013171179
144,0.3,0.7,0.2855993321,1132,0.9475493005,0.01320496009
144,0.3,0.7,0.2855993321,1134,0.9474520763,0.01323900437
144,0.3,0.7,0.2855993321,1136,0.9473593798,0.01327181742
144,0.3,0.7,0.2855993321,1138,0.9472654962,0.01330210334
144,0.3,0.7,0.2855993321,1140,0.9471650751,0.01333800967
144,0.3,0.7,0.2855993321,1142,0.947054639,0.01338102175
144,0.3,0.7,0.2855993321,1144,0.9469339886,0.01342041687
144,0.3,0.7,0.2855993321,1146,0.9468239623,0.01345975375
144,0.3,0.7,0.2855993321,1148,0.9467198165,0.01349944524
144,0.3,0.7,0.2855993321,1150,0.9466094319,0.01353480353
144,0.3,0.7,0.2855993321,1152,0.9465010421,0.01357379494
144,0.3,0.7,0.2855993321,1154,0.946403203,0.01361458201
144,0.3,0.7,0.2855993321,1156,0.9462939677,0.01365958604
144,0.3,0.7,0.2855993321,1158,0.9461897303,0.0137105466
144,0.3,0.7,0.2855993321,1160,0.9460780906,0.01375535407
144,0.3,0.7,0.2855993321,1162,0.9459621972,0.01379751247
144,0.3,0.7,0.2855993321,1164,0.9458503576,0.01383830366
144,0.3,0.7,0.2855993321,1166,0.9457455988,0.01387756723
144,0.3,0.7,0.2855993321,1168,0.9456372952,0.0139217915
144,0.3,0.7,0.2855993321,1170,0.9455194527,0.01396162552
144,0.3,0.7,0.2855993321,1172,0.9454044529,0.0140067887
144,0.3,0.7,0.2855993321,1174,0.945281634,0.01405313563
144,0.3,0.7,0.2855993321,1176,0.9451544693,0.01410182907
144,0.3,0.7,0.2855993321,1178,0.9450288469,0.01414877874
144,0.3,0.7,0.2855993321,1180,0.9449053203,0.01419789927
144,0.3,0.7,0.2855993321,1182,0.9447834782,0.01424253635
144,0.3,0.7,0.2855993321,1184,0.9446510211,0.01427919731
144,0.3,0.7,0.2855993321,1186,0.9445165873,0.0143168508
144,0.3,0.7,0.2855993321,1188,0.9443850704,0.01436074292
144,0.3,0.7,0.2855993321,1190,0.9442489479,0.0144016614
144,0.3,0.7,0.2855993321,1192,0.9441237774,0.01444266798
144,0.3,0.7,0.2855993321,1194,0.9439809765,0.01448287455
144,0.3,0.7,0.2855993321,1196,0.9438265135,0.01452007931
144,0.3,0.7,0.2855993321,1198,0.9436707104,0.01455837806
144,0.3,0.7,0.2855993321,1200,0.9435178981,0.01459150473
144,0.3,0.7,0.2855993321,1202,0.9433571792,0.01462349996
144,0.3,0.7,0.2855993321,1204,0.9432078852,0.01466001173
144,0.3,0.7,0.2855993321,1206,0.943061699,0.0146929223
144,0.3,0.7,0.2855993321,1208,0.9429145654,0.01472491441
144,0.3,0.7,0.2855993321,1210,0.9427779089,0.01475571016
144,0.3,0.7,0.2855993321,1212,0.9426408432,0.01478663734
144,0.3,0.7,0.2855993321,1214,0.9424985298,0.01481599184
144,0.3,0.7,0.2855993321,1216,0.9423620461,0.01484750492
144,0.3,0.7,0.2855993321,1218,0.9422301156,0.01487775858
144,0.3,0.7,0.2855993321,1220,0.9420991362,0.01490639266
144,0.3,0.7,0.2855993321,1222,0.9419639648,0.0149380714
144,0.3,0.7,0.2855993321,1224,0.9418219834,0.01497131556
144,0.3,0.7,0.2855993321,1226,0.9416822687,0.01500388048
144,0.3,0.7,0.2855993321,1228,0.9415425631,0.01503750217
144,0.3,0.7,0.2855993321,1230,0.9413949859,0.01507231663
144,0.3,0.7,0.2855993321,1232,0.9412482995,0.01510507154
144,0.3,0.7,0.2855993321,1234,0.9411058202,0.01513690241
144,0.3,0.7,0.2855993321,1236,0.9409633735,0.01517185802
144,0.3,0.7,0.2855993321,1238,0.9408217825,0.01520682858
144,0.3,0.7,0.2855993321,1240,0.9406701801,0.01524255104
144,0.3,0.7,0.2855993321,1242,0.9405106496,0.01527544719
144,0.3,0.7,0.2855993321,1244,0.9403561059,0.01530908282
144,0.3,0.7,0.2855993321,1246,0.9402049788,0.01534144702
144,0.3,0.7,0.2855993321,1248,0.9400510435,0.01537473834
144,0.1,0.9,0.2855993321,0,1,0
144,0.1,0.9,0.2855993321,2,0.9998772732,1.628538163e-06
144,0.1,0.9,0.2855993321,4,0.9997276687,4.296775791e-06
144,0.1,0.9,0.2855993321,6,0.9995915141,1.174148629e-05
144,0.1,0.9,0.2855993321,8,0.9994629554,1.911331067e-05
144,0.1,0.9,0.2855993321,10,0.999340181,2.206534141e-05
144,0.1,0.9,0.2855993321,12,0.9992199226,2.511672065e-05
144,0.1,0.9,0.2855993321,14,0.9991016424,2.642061441e-05
144,0.1,0.9,0.2855993321,16,0.9989828856,2.557412577e-05
144,0.1,0.9,0.2855993321,18,0.9988665872,2.797250022e-05
144,0.1,0.9,0.2855993321,20,0.9987583605,3.352988179e-05
144,0.1,0.9,0.2855993321,22,0.9986525715,3.835212413e-05
144,0.1,0.9,0.2855993321,24,0.9985471851,4.044773955e-05
144,0.1,0.9,0.2855993321,26,0.9984348651,4.218188925e-05
144,0.1,0.9,0.2855993321,28,0.9983268702,4.597434936e-05
144,0.1,0.9,0.2855993321,30,0.9982295117,4.893153072e-05
144,0.1,0.9,0.2855993321,32,0.9981388101,5.347343321e-05
144,0.1,0.9,0.2855993321,34,0.9980498695,5.758192731e-05
144,0.1,0.9,0.2855993321,36,0.9979558026,6.109335415e-05
144,0.1,0.9,0.2855993321,38,0.9978680814,6.69723875e-05
144,0.1,0.9,0.2855993321,40,0.9977784813,7.076951468e-05
144,0.1,0.9,0.2855993321,42,0.9976882156,7.461506312e-05
144,0.1,0.9,0.2855993321,44,0.9975953671,7.94887097e-05
144,0.1,0.9,0.2855993321,46,0.9975047748,8.202281566e-05
144,0.1,0.9,0.2855993321,48,0.9974147523,8.229941025e-05
144,0.1,0.9,0.2855993321,50,0.9973307245,8.215494686e-05
144,0.1,0.9,0.2855993321,52,0.997248396,8.278031663e-05
144,0.1,0.9,0.2855993321,54,0.99716725,8.390590276e-05
144,0.1,0.9,0.2855993321,56,0.9970784294,8.343949371e-05
144,0.1,0.9,0.2855993321,58,0.9969911905,8.330573823e-05
144,0.1,0.9,0.2855993321,60,0.9968964015,7.891871107e-05
144,0.1,0.9,0.2855993321,62,0.9967979519,7.716004042e-05
144,0.1,0.9,0.2855993321,64,0.9967019691,7.420198274e-05
144,0.1,0.9,0.2855993321,66,0.9966068405,7.154339157e-05
144,0.1,0.9,0.2855993321,68,0.9965117698,7.07195512e-05
144,0.1,0.9,0.2855993321,70,0.9964155821,7.06508871e-05
144,0.1,0.9,0.2855993321,72,0.9963177292,7.243963105e-05
144,0.1,0.9,0.2855993321,74,0.9962159801,7.435171576e-05
144,0.1,0.9,0.2855993321,76,0.9961101384,7.576240437e-05
144,0.1,0.9,0.2855993321,78,0.9960023328,7.949443673e-05
144,0.1,0.9,0.2855993321,80,0.9959076192,8.685099608e-05
144,0.1,0.9,0.2855993321,82,0.9958135431,9.330590707e-05
144,0.1,0.9,0.2855993321,84,0.9957223056,9.891507475e-05
144,0.1,0.9,0.2855993321,86,0.9956344303,0.0001045347458
144,0.1,0.9,0.2855993321,88,0.9955417667,0.0001083253419
144,0.1,0.9,0.2855993321,90,0.9954497028,0.0001125404788
144,0.1,0.9,0.2855993321,92,0.995365,0.0001160116178
144,0.1,0.9,0.2855993321,94,0.9952801166,0.0001158528143
144,0.1,0.9,0.2855993321,96,0.9951927194,0.0001172240092
144,0.1,0.9,0.2855993321,98,0.9951062866,0.0001207845776
144,0.1,0.9,0.2855993321,100,0.9950176208,0.0001215746977
144,0.1,0.9,0.2855993321,102,0.9949294775,0.0001212684091
144,0.1,0.9,0.2855993321,104,0.9948368081,0.0001206287964
144,0.1,0.9,0.2855993321,106,0.994745372,0.0001198853683
144,0.1,0.9,0.2855993321,108,0.9946623816,0.0001218202561
144,0.1,0.9,0.2855993321,110,0.9945782869,0.0001216184036
144,0.1,0.9,0.2855993321,112,0.9944953994,0.0001197045413
144,0.1,0.9,0.2855993321,114,0.9944087411,0.0001206269966
144,0.1,0.9,0.2855993321,116,0.9943193855,0.0001224681042
144,0.1,0.9,0.2855993321,118,0.9942293223,0.0001247902141
144,0.1,0.9,0.2855993321,120,0.9941399661,0.0001240411298
144,0.1,0.9,0.2855993321,122,0.9940566365,0.000121909484
144,0.1,0.9,0.2855993321,124,0.9939730817,0.0001202641079
144,0.1,0.9,0.2855993321,126,0.9938845866,0.0001180141306
144,0.1,0.9,0.2855993321,128,0.9937946045,0.0001201674113
144,0.1,0.9,0.2855993321,130,0.9937040119,0.0001210027913
144,0.1,0.9,0.2855993321,132,0.9936123451,0.0001205636216
144,0.1,0.9,0.2855993321,134,0.9935214015,0.0001246622612
144,0.1,0.9,0.2855993321,136,0.9934316161,0.0001291793175
144,0.1,0.9,0.2855993321,138,0.993345534,0.0001352828607
144,0.1,0.9,0.2855993321,140,0.9932548548,0.0001417748775
144,0.1,0.9,0.2855993321,142,0.9931667455,0.0001481695918
144,0.1,0.9,0.2855993321,144,0.9930805189,0.0001519662948
144,0.1,0.9,0.2855993321,146,0.9929902464,0.0001576156043
144,0.1,0.9,0.2855993321,148,0.9929051882,0.0001636230167
144,0.1,0.9,0.2855993321,150,0.9928213577,0.0001684958259
144,0.1,0.9,0.2855993321,152,0.9927347164,0.0001730707947
144,0.1,0.9,0.2855993321,154,0.9926459611,0.0001831806989
144,0.1,0.9,0.2855993321,156,0.9925537795,0.0001910432328
144,0.1,0.9,0.2855993321,158,0.9924633348,0.0001993388671
144,0.1,0.9,0.2855993321,160,0.9923700798,0.0002067831192
144,0.1,0.9,0.2855993321,162,0.9922758898,0.0002138337574
144,0.1,0.9,0.2855993321,164,0.9921927553,0.000225338821
144,0.1,0.9,0.2855993321,166,0.992117525,0.000236086445
144,0.1,0.9,0.2855993321,168,0.9920439489,0.0002451456793
144,0.1,0.9,0.2855993321,170,0.9919656608,0.0002556539254
144,0.1,0.9,0.2855993321,172,0.9918815109,0.0002676567794
144,0.1,0.9,0.2855993321,174,0.9918041708,0.0002813078639
144,0.1,0.9,0.2855993321,176,0.9917292061,0.0002920332104
144,0.1,0.9,0.2855993321,178,0.9916527261,0.000306032981
144,0.1,0.9,0.2855993321,180,0.9915715209,0.0003182963736
144,0.1,0.9,0.2855993321,182,0.9914930554,0.0003263275388
144,0.1,0.9,0.2855993321,184,0.9914099107,0.0003360189077
144,0.1,0.9,0.2855993321,186,0.9913210099,0.0003479079899
144,0.1,0.9,0.2855993321,188,0.9912360012,0.00036104139
144,0.1,0.9,0.2855993321,190,0.9911515362,0.0003758583944
144,0.1,0.9,0.2855993321,192,0.9910787474,0.0003899582973
144,0.1,0.9,0.2855993321,194,0.9910067453,0.0004044911739
144,0.1,0.9,0.2855993321,196,0.9909327559,0.0004140079523
144,0.1,0.9,0.2855993321,198,0.9908560129,0.0004195816486
144,0.1,0.9,0.2855993321,200,0.9907711072,0.0004225957422
144,0.1,0.9,0.2855993321,202,0.9906817434,0.0004246334109
144,0.1,0.9,0.2855993321,204,0.9905969149,0.0004248283506
144,0.1,0.9,0.2855993321,206,0.9905145516,0.0004275608852
144,0.1,0.9,0.2855993321,208,0.9904321782,0.00043419077
144,0.1,0.9,0.2855993321,210,0.9903469356,0.0004405905182
144,0.1,0.9,0.2855993321,212,0.9902617125,0.0004455380856
144,0.1,0.9,0.2855993321,214,0.9901808822,0.0004509834191
144,0.1,0.9,0.2855993321,216,0.9901043095,0.0004593139014
144,0.1,0.9,0.2855993321,218,0.9900312592,0.0004663029311
144,0.1,0.9,0.2855993321,220,0.989959701,0.0004750192719
144,0.1,0.9,0.2855993321,222,0.9898863625,0.0004855732189
144,0.1,0.9,0.2855993321,224,0.9898141273,0.0004970259614
144,0.1,0.9,0.2855993321,226,0.9897410901,0.0005085576512
144,0.1,0.9,0.2855993321,228,0.9896775722,0.0005222042381
144,0.1,0.9,0.2855993321,230,0.9896143433,0.0005373966365
144,0.1,0.9,0.2855993321,232,0.9895487969,0.0005521801219
144,0.1,0.9,0.2855993321,234,0.9894844271,0.0005650353493
144,0.1,0.9,0.2855993321,236,0.989420901,0.0005782677571
144,0.1,0.9,0.2855993321,238,0.9893575009,0.0005880150494
144,0.1,0.9,0.2855993321,240,0.9892894243,0.0005959761515
144,0.1,0.9,0.2855993321,242,0.9892171393,0.00060192698
144,0.1,0.9,0.2855993321,244,0.9891505871,0.0006127223938
144,0.1,0.9,0.2855993321,246,0.9890833038,0.0006232669381
144,0.1,0.9,0.2855993321,248,0.9890217601,0.0006336131924
144,0.1,0.9,0.2855993321,250,0.9889637467,0.0006451853221
144,0.1,0.9,0.2855993321,252,0.9889069854,0.0006556890791
144,0.1,0.9,0.2855993321,254,0.988848336,0.0006644309568
144,0.1,0.9,0.2855993321,256,0.9887887059,0.0006710124753
144,0.1,0.9,0.2855993321,258,0.9887357404,0.0006763437228
144,0.1,0.9,0.2855993321,260,0.9886801597,0.0006809620574
144,0.1,0.9,0.2855993321,262,0.9886263319,0.0006831985644
144,0.1,0.9,0.2855993321,264,0.9885759389,0.0006895788097
144,0.1,0.9,0.2855993321,266,0.9885245108,0.0006921894126
144,0.1,0.9,0.2855993321,268,0.9884672991,0.0006946431073
144,0.1,0.9,0.2855993321,270,0.9884099768,0.0007006587205
144,0.1,0.9,0.2855993321,272,0.9883529157,0.000705206463
144,0.1,0.9,0.2855993321,274,0.9883023994,0.0007094131818
144,0.1,0.9,0.2855993321,276,0.9882491132,0.0007141466621
144,0.1,0.9,0.2855993321,278,0.9881926072,0.0007214486976
144,0.1,0.9,0.2855993321,280,0.9881350505,0.0007257744032
144,0.1,0.9,0.2855993321,282,0.9880749111,0.0007304084195
144,0.1,0.9,0.2855993321,284,0.9880173066,0.0007356786605
144,0.1,0.9,0.2855993321,286,0.9879616852,0.0007441721964
144,0.1,0.9,0.2855993321,288,0.9879090996,0.000752511203
144,0.1,0.9,0.2855993321,290,0.9878571043,0.0007549616553
144,0.1,0.9,0.2855993321,292,0.9878083976,0.000756688959
144,0.1,0.9,0.2855993321,294,0.9877549636,0.0007568074973
144,0.1,0.9,0.2855993321,296,0.9877054669,0.0007578305778
144,0.1,0.9,0.2855993321,298,0.9876501272,0.0007603337383
144,0.1,0.9,0.2855993321,300,0.987601063,0.000762599067
144,0.1,0.9,0.2855993321,302,0.9875447782,0.0007636415209
144,0.1,0.9,0.2855993321,304,0.9874929542,0.0007655707169
144,0.1,0.9,0.2855993321,306,0.9874375571,0.0007704772302
144,0.1,0.9,0.2855993321,308,0.9873780678,0.000775696798
144,0.1,0.9,0.2855993321,310,0.9873217992,0.000779013083
144,0.1,0.9,0.2855993321,312,0.9872705383,0.0007811327155
144,0.1,0.9,0.2855993321,314,0.9872191685,0.0007849204227
144,0.1,0.9,0.2855993321,316,0.9871621384,0.0007841480255
144,0.1,0.9,0.2855993321,318,0.987108048,0.0007840296459
144,0.1,0.9,0.2855993321,320,0.9870541266,0.0007853613352
144,0.1,0.9,0.2855993321,322,0.9869995863,0.0007851620795
144,0.1,0.9,0.2855993321,324,0.9869455506,0.0007854715084
144,0.1,0.9,0.2855993321,326,0.9868902449,0.0007868820291
144,0.1,0.9,0.2855993321,328,0.9868425005,0.0007919526914
144,0.1,0.9,0.2855993321,330,0.9867939888,0.0007982887933
144,0.1,0.9,0.2855993321,332,0.9867442618,0.0008052338942
144,0.1,0.9,0.2855993321,334,0.9866845833,0.0008125236046
144,0.1,0.9,0.2855993321,336,0.9866266252,0.0008232935297
144,0.1,0.9,0.2855993321,338,0.9865686968,0.0008357004263
144,0.1,0.9,0.2855993321,340,0.9865084223,0.000848166539
144,0.1,0.9,0.2855993321,342,0.9864441195,0.0008632990918
144,0.1,0.9,0.2855993321,344,0.9863773046,0.0008760913103
144,0.1,0.9,0.2855993321,346,0.9863041174,0.0008895241134
144,0.1,0.9,0.2855993321,348,0.9862309734,0.0009004207964
144,0.1,0.9,0.2855993321,350,0.9861635024,0.0009090880031
144,0.1,0.9,0.2855993321,352,0.9860972198,0.0009218512271
144,0.1,0.9,0.2855993321,354,0.9860351884,0.0009342084322
144,0.1,0.9,0.2855993321,356,0.9859667739,0.0009469411757
144,0.1,0.9,0.2855993321,358,0.9858953406,0.0009584716077
144,0.1,0.9,0.2855993321,360,0.9858233917,0.0009695161289
144,0.1,0.9,0.2855993321,362,0.9857525927,0.0009807908565
144,0.1,0.9,0.2855993321,364,0.9856847088,0.0009938242065
144,0.1,0.9,0.2855993321,366,0.9856254202,0.001006793698
144,0.1,0.9,0.2855993321,368,0.9855674594,0.00101705122
144,0.1,0.9,0.2855993321,370,0.9855143437,0.001027668416
144,0.1,0.9,0.2855993321,372,0.9854614311,0.001038322206
144,0.1,0.9,0.2855993321,374,0.9854008261,0.001049710501
144,0.1,0.9,0.2855993321,376,0.9853380023,0.001060372376
144,0.1,0.9,0.2855993321,378,0.9852733051,0.001073049307
144,0.1,0.9,0.2855993321,380,0.9852109485,0.001089104089
144,0.1,0.9,0.2855993321,382,0.9851492117,0.001105634037
144,0.1,0.9,0.2855993321,384,0.9850894665,0.001119047018
144,0.1,0.9,0.2855993321,386,0.9850230257,0.001130845916
144,0.1,0.9,0.2855993321,388,0.984959441,0.001142043699
144,0.1,0.9,0.2855993321,390,0.9848949003,0.001154285513
144,0.1,0.9,0.2855993321,392,0.9848332185,0.001167896235
144,0.1,0.9,0.2855993321,394,0.984770672,0.001180917967
144,0.1,0.9,0.2855993321,396,0.9847044312,0.001198457346
144,0.1,0.9,0.2855993321,398,0.9846380237,0.001217053232
144,0.1,0.9,0.2855993321,400,0.9845715448,0.00123355019
144,0.1,0.9,0.2855993321,402,0.9845065998,0.001252484245
144,0.1,0.9,0.2855993321,404,0.9844417769,0.001271730205
144,0.1,0.9,0.2855993321,406,0.9843764888,0.001289750495
144,0.1,0.9,0.2855993321,408,0.9843178789,0.001307123856
144,0.1,0.9,0.2855993321,410,0.9842609652,0.001324025886
144,0.1,0.9,0.2855993321,412,0.984205851,0.00134025647
144,0.1,0.9,0.2855993321,414,0.9841543854,0.001358692218
144,0.1,0.9,0.2855993321,416,0.9840932497,0.001377701792
144,0.1,0.9,0.2855993321,418,0.9840339362,0.001397341686
144,0.1,0.9,0.2855993321,420,0.9839708377,0.001418887543
144,0.1,0.9,0.2855993321,422,0.9839066482,0.001438550683
144,0.1,0.9,0.2855993321,424,0.9838327121,0.001457314318
144,0.1,0.9,0.2855993321,426,0.9837573379,0.001472774301
144,0.1,0.9,0.2855993321,428,0.9836863406,0.001483176919
144,0.1,0.9,0.2855993321,430,0.9836169159,0.001492507502
144,0.1,0.9,0.2855993321,432,0.9835494253,0.001507273645
144,0.1,0.9,0.2855993321,434,0.9834796368,0.00152163896
144,0.1,0.9,0.2855993321,436,0.9834135192,0.001536099484
144,0.1,0.9,0.2855993321,438,0.9833503428,0.001550778396
144,0.1,0.9,0.2855993321,440,0.9832933263,0.001564494291
144,0.1,0.9,0.2855993321,442,0.9832339947,0.001582281694
144,0.1,0.9,0.2855993321,444,0.9831752245,0.001601677764
144,0.1,0.9,0.2855993321,446,0.9831089652,0.001618725329
144,0.1,0.9,0.2855993321,448,0.9830350492,0.001635785158
144,0.1,0.9,0.2855993321,450,0.9829555527,0.001652172477
144,0.1,0.9,0.2855993321,452,0.9828792138,0.001666416439
144,0.1,0.9,0.2855993321,454,0.9828046833,0.001682529925
144,0.1,0.9,0.2855993321,456,0.9827328317,0.00170203494
144,0.1,0.9,0.2855993321,458,0.9826635413,0.001722638948
144,0.1,0.9,0.2855993321,460,0.9825912328,0.001741030311
144,0.1,0.9,0.2855993321,462,0.9825203238,0.001756942247
144,0.1,0.9,0.2855993321,464,0.9824548007,0.001773506682
144,0.1,0.9,0.2855993321,466,0.9823924599,0.001789000295
144,0.1,0.9,0.2855993321,468,0.9823369185,0.001806491575
144,0.1,0.9,0.2855993321,470,0.9822790295,0.001826614235
144,0.1,0.9,0.2855993321,472,0.9822215675,0.001850033023
144,0.1,0.9,0.2855993321,474,0.9821576362,0.001870511078
144,0.1,0.9,0.2855993321,476,0.9820919721,0.001886650429
144,0.1,0.9,0.2855993321,478,0.9820207885,0.001900010692
144,0.1,0.9,0.2855993321,480,0.9819558209,0.001917334641
144,0.1,0.9,0.2855993321,482,0.9818808917,0.001928122842
144,0.1,0.9,0.2855993321,484,0.9818095761,0.001934969632
144,0.1,0.9,0.2855993321,486,0.9817333487,0.001943088633
144,0.1,0.9,0.2855993321,488,0.9816560988,0.001953967549
144,0.1,0.9,0.2855993321,490,0.9815840497,0.001962601802
144,0.1,0.9,0.2855993321,492,0.9815192297,0.001975279152
144,0.1,0.9,0.2855993321,494,0.9814562028,0.001985270474
144,0.1,0.9,0.2855993321,496,0.9813921262,0.001991839243
144,0.1,0.9,0.2855993321,498,0.9813256449,0.002001594386
144,0.1,0.9,0.2855993321,500,0.981265781,0.002013054015
144,0.1,0.9,0.2855993321,502,0.981199926,0.00202411573
144,0.1,0.9,0.2855993321,504,0.9811355441,0.002032542122
144,0.1,0.9,0.2855993321,506,0.9810612063,0.00204413863
144,0.1,0.9,0.2855993321,508,0.9809909558,0.002057970821
144,0.1,0.9,0.2855993321,510,0.9809198541,0.002072359012
144,0.1,0.9,0.2855993321,512,0.9808552604,0.002089104635
144,0.1,0.9,0.2855993321,514,0.9807894988,0.002101258399
144,0.1,0.9,0.2855993321,516,0.9807231595,0.002117775576
144,0.1,0.9,0.2855993321,518,0.9806547555,0.00213397299
144,0.1,0.9,0.2855993321,520,0.9805861282,0.002149010945
144,0.1,0.9,0.2855993321,522,0.9805266724,0.002161914703
144,0.1,0.9,0.2855993321,524,0.9804711686,0.002177044706
144,0.1,0.9,0.2855993321,526,0.9804149054,0.002191656571
144,0.1,0.9,0.2855993321,528,0.9803606846,0.002207057118
144,0.1,0.9,0.2855993321,530,0.9803027727,0.002225714908
144,0.1,0.9,0.2855993321,532,0.9802410606,0.002243304744
144,0.1,0.9,0.2855993321,534,0.9801800997,0.002259315219
144,0.1,0.9,0.2855993321,536,0.9801163715,0.002272389223
144,0.1,0.9,0.2855993321,538,0.9800609437,0.002284242585
144,0.1,0.9,0.2855993321,540,0.9800040268,0.002295232484
144,0.1,0.9,0.2855993321,542,0.9799482234,0.002305684495
144,0.1,0.9,0.2855993321,544,0.9798913493,0.002314501339
144,0.1,0.9,0.2855993321,546,0.9798284008,0.002327713395
144,0.1,0.9,0.2855993321,548,0.9797590736,0.002342056487
144,0.1,0.9,0.2855993321,550,0.9796867182,0.00235854362
144,0.1,0.9,0.2855993321,552,0.9796173434,0.002375070506
144,0.1,0.9,0.2855993321,554,0.9795430601,0.002393552394
144,0.1,0.9,0.2855993321,556,0.9794712683,0.002411471558
144,0.1,0.9,0.2855993321,558,0.9793970977,0.002426020434
144,0.1,0.9,0.2855993321,560,0.9793190178,0.002439949251
144,0.1,0.9,0.2855993321,562,0.9792411214,0.002458316107
144,0.1,0.9,0.2855993321,564,0.9791634243,0.002478992792
144,0.1,0.9,0.2855993321,566,0.9790856882,0.00249832366
144,0.1,0.9,0.2855993321,568,0.9790108786,0.002513041017
144,0.1,0.9,0.2855993321,570,0.9789372348,0.00252486465
144,0.1,0.9,0.2855993321,572,0.9788731718,0.002536020908
144,0.1,0.9,0.2855993321,574,0.9788008423,0.002545699914
144,0.1,0.9,0.2855993321,576,0.9787317069,0.002559114836
144,0.1,0.9,0.2855993321,578,0.9786573063,0.002570345691
144,0.1,0.9,0.2855993321,580,0.9785817583,0.002586141214
144,0.1,0.9,0.2855993321,582,0.9785109574,0.002601451327
144,0.1,0.9,0.2855993321,584,0.9784366249,0.002616503465
144,0.1,0.9,0.2855993321,586,0.9783680595,0.002630155268
144,0.1,0.9,0.2855993321,588,0.9782976833,0.002637697482
144,0.1,0.9,0.2855993321,590,0.9782204895,0.002647073534
144,0.1,0.9,0.2855993321,592,0.9781459402,0.002657792742
144,0.1,0.9,0.2855993321,594,0.9780722511,0.002668460688
144,0.1,0.9,0.2855993321,596,0.9779970132,0.002678408684
144,0.1,0.9,0.2855993321,598,0.9779249316,0.002685843064
144,0.1,0.9,0.2855993321,600,0.9778542621,0.002692693348
144,0.1,0.9,0.2855993321,602,0.9777862402,0.002698138753
144,0.1,0.9,0.2855993321,604,0.9777164184,0.002701794447
144,0.1,0.9,0.2855993321,606,0.9776506101,0.002703963072
144,0.1,0.9,0.2855993321,608,0.9775852897,0.002705928797
144,0.1,0.9,0.2855993321,610,0.9775166323,0.002709577359
144,0.1,0.9,0.2855993321,612,0.9774394547,0.002710345813
144,0.1,0.9,0.2855993321,614,0.9773644302,0.002710991285
144,0.1,0.9,0.2855993321,616,0.9772908808,0.002710879509
144,0.1,0.9,0.2855993321,618,0.9772140445,0.002716017887
144,0.1,0.9,0.2855993321,620,0.9771382323,0.00271987488
144,0.1,0.9,0.2855993321,622,0.9770687135,0.00272274616
144,0.1,0.9,0.2855993321,624,0.9770023749,0.002725789094
144,0.1,0.9,0.2855993321,626,0.9769434622,0.002732640128
144,0.1,0.9,0.2855993321,628,0.9768886998,0.002733625178
144,0.1,0.9,0.2855993321,630,0.9768327716,0.002739960439
144,0.1,0.9,0.2855993321,632,0.9767735566,0.002749174977
144,0.1,0.9,0.2855993321,634,0.9767045131,0.002756223251
144,0.1,0.9,0.2855993321,636,0.9766384205,0.00276403758
144,0.1,0.9,0.2855993321,638,0.9765719345,0.002765805082
144,0.1,0.9,0.2855993321,640,0.9765011966,0.002766345163
144,0.1,0.9,0.2855993321,642,0.9764337246,0.002764072409
144,0.1,0.9,0.2855993321,644,0.9763633103,0.002760139147
144,0.1,0.9,0.2855993321,646,0.9762902028,0.002759095441
144,0.1,0.9,0.2855993321,648,0.9762209043,0.002755019911
144,0.1,0.9,0.2855993321,650,0.9761458069,0.002755665387
144,0.1,0.9,0.2855993321,652,0.9760670871,0.002757337058
144,0.1,0.9,0.2855993321,654,0.975995428,0.002757978165
144,0.1,0.9,0.2855993321,656,0.9759256206,0.002756815776
144,0.1,0.9,0.2855993321,658,0.9758572689,0.00275535722
144,0.1,0.9,0.2855993321,660,0.9757832183,0.002756219341
144,0.1,0.9,0.2855993321,662,0.9756948548,0.002754216945
144,0.1,0.9,0.2855993321,664,0.9756128246,0.002748278634
144,0.1,0.9,0.2855993321,666,0.9755289301,0.00273896555
144,0.1,0.9,0.2855993321,668,0.9754445849,0.002730130301
144,0.1,0.9,0.2855993321,670,0.9753581788,0.002724741513
144,0.1,0.9,0.2855993321,672,0.975277327,0.002718533232
144,0.1,0.9,0.2855993321,674,0.9751914512,0.002714845148
144,0.1,0.9,0.2855993321,676,0.9751035702,0.002709479565
144,0.1,0.9,0.2855993321,678,0.9750132936,0.002701630101
144,0.1,0.9,0.2855993321,680,0.9749267634,0.002689492107
144,0.1,0.9,0.2855993321,682,0.9748386253,0.002680119759
144,0.1,0.9,0.2855993321,684,0.974746892,0.002672294682
144,0.1,0.9,0.2855993321,686,0.9746507864,0.002661739404
144,0.1,0.9,0.2855993321,688,0.9745586702,0.002649160341
144,0.1,0.9,0.2855993321,690,0.9744609845,0.002638002576
144,0.1,0.9,0.2855993321,692,0.9743626176,0.002628349146
144,0.1,0.9,0.2855993321,694,0.9742569506,0.002619857592
144,0.1,0.9,0.2855993321,696,0.9741555021,0.002608599871
144,0.1,0.9,0.2855993321,698,0.9740625615,0.002604407634
144,0.1,0.9,0.2855993321,700,0.9739614538,0.002603171022
144,0.1,0.9,0.2855993321,702,0.9738678595,0.002595906466
144,0.1,0.9,0.2855993321,704,0.9737787573,0.002590637688
144,0.1,0.9,0.2855993321,706,0.9736838294,0.002588348809
144,0.1,0.9,0.2855993321,708,0.9735900212,0.002590618292
144,0.1,0.9,0.2855993321,710,0.9735023774,0.002587267634
144,0.1,0.9,0.2855993321,712,0.9734148453,0.002584132295
144,0.1,0.9,0.2855993321,714,0.9733204447,0.002582125515
144,0.1,0.9,0.2855993321,716,0.9732271205,0.00257954334
144,0.1,0.9,0.2855993321,718,0.9731314979,0.002579768884
144,0.1,0.9,0.2855993321,720,0.9730352313,0.002577271842
144,0.1,0.9,0.2855993321,722,0.97293554,0.002571524274
144,0.1,0.9,0.2855993321,724,0.9728319685,0.002561776911
144,0.1,0.9,0.2855993321,726,0.9727306897,0.002559145876
144,0.1,0.9,0.2855993321,728,0.9726268779,0.00255878338
144,0.1,0.9,0.2855993321,730,0.9725263029,0.002559222991
144,0.1,0.9,0.2855993321,732,0.9724282094,0.002560018962
144,0.1,0.9,0.2855993321,734,0.9723305416,0.002560988895
144,0.1,0.9,0.2855993321,736,0.9722337676,0.002558027114
144,0.1,0.9,0.2855993321,738,0.9721336997,0.002555023816
144,0.1,0.9,0.2855993321,740,0.9720334743,0.002551316112
144,0.1,0.9,0.2855993321,742,0.9719318425,0.002545542444
144,0.1,0.9,0.2855993321,744,0.9718318386,0.002539041393
144,0.1,0.9,0.2855993321,746,0.9717321395,0.002533787222
144,0.1,0.9,0.2855993321,748,0.9716301591,0.002526098805
144,0.1,0.9,0.2855993321,750,0.9715309139,0.00251866864
144,0.1,0.9,0.2855993321,752,0.971435061,0.002512329145
144,0.1,0.9,0.2855993321,754,0.9713413695,0.002500986261
144,0.1,0.9,0.2855993321,756,0.9712499663,0.002495520902
144,0.1,0.9,0.2855993321,758,0.9711591077,0.002492818559
144,0.1,0.9,0.2855993321,760,0.9710674381,0.002493377977
144,0.1,0.9,0.2855993321,762,0.9709760928,0.002497699402
144,0.1,0.9,0.2855993321,764,0.9708950504,0.002500779588
144,0.1,0.9,0.2855993321,766,0.9708121117,0.002503126164
144,0.1,0.9,0.2855993321,768,0.9707245556,0.002502365372
144,0.1,0.9,0.2855993321,770,0.9706344253,0.00250128442
144,0.1,0.9,0.2855993321,772,0.9705473583,0.002501782919
144,0.1,0.9,0.2855993321,774,0.9704635449,0.002500171566
144,0.1,0.9,0.2855993321,776,0.9703781463,0.002501637303
144,0.1,0.9,0.2855993321,778,0.9702991197,0.002501215663
144,0.1,0.9,0.2855993321,780,0.9702176845,0.002501983533
144,0.1,0.9,0.2855993321,782,0.9701305123,0.002503952478
144,0.1,0.9,0.2855993321,784,0.9700395429,0.002507814116
144,0.1,0.9,0.2855993321,786,0.9699514003,0.002513579633
144,0.1,0.9,0.2855993321,788,0.9698632234,0.002521139276
144,0.1,0.9,0.2855993321,790,0.9697685499,0.00253209799
144,0.1,0.9,0.2855993321,792,0.9696782659,0.002545029869
144,0.1,0.9,0.2855993321,794,0.969587323,0.002560128006
144,0.1,0.9,0.2855993321,796,0.9694992793,0.002573131017
144,0.1,0.9,0.2855993321,798,0.9694157878,0.002588193106
144,0.1,0.9,0.2855993321,800,0.969336993,0.002606676056
144,0.1,0.9,0.2855993321,802,0.9692549374,0.002627885518
144,0.1,0.9,0.2855993321,804,0.9691719454,0.002653207239
144,0.1,0.9,0.2855993321,806,0.9690799664,0.002679117206
144,0.1,0.9,0.2855993321,808,0.9690015458,0.002700919409
144,0.1,0.9,0.2855993321,810,0.9689164672,0.002722150175
144,0.1,0.9,0.2855993321,812,0.9688334494,0.002744705639
144,0.1,0.9,0.2855993321,814,0.9687403032,0.002762397304
144,0.1,0.9,0.2855993321,816,0.9686488301,0.002780568678
144,0.1,0.9,0.2855993321,818,0.9685589989,0.002798668731
144,0.1,0.9,0.2855993321,820,0.9684681875,0.002823369968
144,0.1,0.9,0.2855993321,822,0.9683717002,0.002851092799
144,0.1,0.9,0.2855993321,824,0.9682708801,0.002874229282
144,0.1,0.9,0.2855993321,826,0.9681755086,0.002892577225
144,0.1,0.9,0.2855993321,828,0.9680801322,0.002916549812
144,0.1,0.9,0.2855993321,830,0.9679830843,0.002942283331
144,0.1,0.9,0.2855993321,832,0.9678854911,0.002969314937
144,0.1,0.9,0.2855993321,834,0.9677833821,0.002994988764
144,0.1,0.9,0.2855993321,836,0.9676844033,0.003017684069
144,0.1,0.9,0.2855993321,838,0.9675823865,0.003043000397
144,0.1,0.9,0.2855993321,840,0.9674797004,0.003070169758
144,0.1,0.9,0.2855993321,842,0.9673768667,0.00310080149
144,0.1,0.9,0.2855993321,844,0.9672751859,0.003129892694
144,0.1,0.9,0.2855993321,846,0.9671733139,0.003162909644
144,0.1,0.9,0.2855993321,848,0.9670732521,0.003194507406
144,0.1,0.9,0.2855993321,850,0.9669682987,0.003229146674
144,0.1,0.9,0.2855993321,852,0.9668663424,0.003264047964
144,0.1,0.9,0.2855993321,854,0.9667577179,0.003296696162
144,0.1,0.9,0.2855993321,856,0.9666509139,0.003328880959
144,0.1,0.9,0.2855993321,858,0.9665448152,0.003357733037
144,0.1,0.9,0.2855993321,860,0.9664467489,0.003382020358
144,0.1,0.9,0.2855993321,862,0.9663454081,0.003407391546
144,0.1,0.9,0.2855993321,864,0.9662337014,0.003437247177
144,0.1,0.9,0.2855993321,866,0.9661193153,0.003464838303
144,0.1,0.9,0.2855993321,868,0.9660038086,0.003486249444
144,0.1,0.9,0.2855993321,870,0.9658861874,0.003514269278
144,0.1,0.9,0.2855993321,872,0.9657706721,0.003541584973
144,0.1,0.9,0.2855993321,874,0.9656602777,0.003566216979
144,0.1,0.9,0.2855993321,876,0.965551453,0.003589390046
144,0.1,0.9,0.2855993321,878,0.9654495238,0.003615047661
144,0.1,0.9,0.2855993321,880,0.9653437224,0.003636820744
144,0.1,0.9,0.2855993321,882,0.9652381371,0.003657156529
144,0.1,0.9,0.2855993321,884,0.9651245528,0.003677935373
144,0.1,0.9,0.2855993321,886,0.9650045917,0.003703708198
144,0.1,0.9,0.2855993321,888,0.9648726391,0.003730579449
144,0.1,0.9,0.2855993321,890,0.9647407769,0.003758053881
144,0.1,0.9,0.2855993321,892,0.9646126459,0.003786571222
144,0.1,0.9,0.2855993321,894,0.9644954535,0.003811696708
144,0.1,0.9,0.2855993321,896,0.9643812982,0.003840367579
144,0.1,0.9,0.2855993321,898,0.9642559423,0.003871459608
144,0.1,0.9,0.2855993321,900,0.9641268514,0.003905241131
144,0.1,0.9,0.2855993321,902,0.9640070455,0.003937701355
144,0.1,0.9,0.2855993321,904,0.9638835463,0.003971915117
144,0.1,0.9,0.2855993321,906,0.9637640812,0.004000430708
144,0.1,0.9,0.2855993321,908,0.9636488153,0.004031618428
144,0.1,0.9,0.2855993321,910,0.9635388567,0.004065110225
144,0.1,0.9,0.2855993321,912,0.9634275843,0.004099229046
144,0.1,0.9,0.2855993321,914,0.9633215759,0.004133374525
144,0.1,0.9,0.2855993321,916,0.963206701,0.004167994045
144,0.1,0.9,0.2855993321,918,0.9630917142,0.00420022919
144,0.1,0.9,0.2855993321,920,0.9629804084,0.004229678977
144,0.1,0.9,0.2855993321,922,0.962867119,0.004255716897
144,0.1,0.9,0.2855993321,924,0.9627551915,0.004285835128
144,0.1,0.9,0.2855993321,926,0.9626387345,0.00431258289
144,0.1,0.9,0.2855993321,928,0.962518794,0.004342593048
144,0.1,0.9,0.2855993321,930,0.9623974454,0.00437153276
144,0.1,0.9,0.2855993321,932,0.9622831531,0.004399347908
144,0.1,0.9,0.2855993321,934,0.9621621607,0.004426637261
144,0.1,0.9,0.2855993321,936,0.9620352641,0.004453825745
144,0.1,0.9,0.2855993321,938,0.9619168155,0.004480804734
144,0.1,0.9,0.2855993321,940,0.9618024108,0.004508832605
144,0.1,0.9,0.2855993321,942,0.9616898809,0.004538312689
144,0.1,0.9,0.2855993321,944,0.9615783153,0.004569160401
144,0.1,0.9,0.2855993321,946,0.9614658188,0.004606426461
144,0.1,0.9,0.2855993321,948,0.9613646389,0.004641546149
144,0.1,0.9,0.2855993321,950,0.9612650107,0.004672249458
144,0.1,0.9,0.2855993321,952,0.9611483088,0.00470041307
144,0.1,0.9,0.2855993321,954,0.9610276754,0.004729319063
144,0.1,0.9,0.2855993321,956,0.9609102116,0.004751991017
144,0.1,0.9,0.2855993321,958,0.9608030296,0.00477836034
144,0.1,0.9,0.2855993321,960,0.960684391,0.004799421121
144,0.1,0.9,0.2855993321,962,0.96057159,0.004820484936
144,0.1,0.9,0.2855993321,964,0.9604583411,0.004839040951
144,0.1,0.9,0.2855993321,966,0.9603396369,0.004861550504
144,0.1,0.9,0.2855993321,968,0.9602307418,0.004883119505
144,0.1,0.9,0.2855993321,970,0.9601152926,0.004910567514
144,0.1,0.9,0.2855993321,972,0.960000086,0.004940720324
144,0.1,0.9,0.2855993321,974,0.9598754586,0.004967186925
144,0.1,0.9,0.2855993321,976,0.9597422367,0.00499443557
144,0.1,0.9,0.2855993321,978,0.9596158533,0.005016576154
144,0.1,0.9,0.2855993321,980,0.9594991311,0.00504062173
144,0.1,0.9,0.2855993321,982,0.9593802654,0.005057045033
144,0.1,0.9,0.2855993321,984,0.9592622514,0.005076187844
144,0.1,0.9,0.2855993321,986,0.9591460078,0.005097791951
144,0.1,0.9,0.2855993321,988,0.9590204939,0.005121841848
144,0.1,0.9,0.2855993321,990,0.958885865,0.005143656554
144,0.1,0.9,0.2855993321,992,0.9587396461,0.005163361693
144,0.1,0.9,0.2855993321,994,0.9585915048,0.005188806877
144,0.1,0.9,0.2855993321,996,0.9584450164,0.005217623586
144,0.1,0.9,0.2855993321,998,0.9583068945,0.005247074998
144,0.1,0.9,0.2855993321,1000,0.9581647807,0.005277433983
144,0.1,0.9,0.2855993321,1002,0.9580264641,0.005303889703
144,0.1,0.9,0.2855993321,1004,0.9578893889,0.005328844659
144,0.1,0.9,0.2855993321,1006,0.9577548405,0.005355545889
144,0.1,0.9,0.2855993321,1008,0.9576245686,0.005384820889
144,0.1,0.9,0.2855993321,1010,0.9574942558,0.005416116457
144,0.1,0.9,0.2855993321,1012,0.9573690717,0.005442168992
144,0.1,0.9,0.2855993321,1014,0.9572360837,0.005469185142
144,0.1,0.9,0.2855993321,1016,0.9571134888,0.00549733491
144,0.1,0.9,0.2855993321,1018,0.956990353,0.005525847921
144,0.1,0.9,0.2855993321,1020,0.9568672417,0.005551847704
144,0.1,0.9,0.2855993321,1022,0.9567474467,0.005577137985
144,0.1,0.9,0.2855993321,1024,0.9566177461,0.005603411925
144,0.1,0.9,0.2855993321,1026,0.9564806638,0.00562671091
144,0.1,0.9,0.2855993321,1028,0.9563408925,0.005655305972
144,0.1,0.9,0.2855993321,1030,0.9562114135,0.005687508195
144,0.1,0.9,0.2855993321,1032,0.9560852742,0.005720197915
144,0.1,0.9,0.2855993321,1034,0.9559655508,0.00575818988
144,0.1,0.9,0.2855993321,1036,0.9558422252,0.005791685124
144,0.1,0.9,0.2855993321,1038,0.955710737,0.005823133984
144,0.1,0.9,0.2855993321,1040,0.9555733857,0.005849729537
144,0.1,0.9,0.2855993321,1042,0.9554344517,0.005879331154
144,0.1,0.9,0.2855993321,1044,0.9552959687,0.005906277359
144,0.1,0.9,0.2855993321,1046,0.9551639826,0.005931620851
144,0.1,0.9,0.2855993321,1048,0.955039206,0.005952828913
144,0.1,0.9,0.2855993321,1050,0.9549107344,0.005972487402
144,0.1,0.9,0.2855993321,1052,0.9547812517,0.005997346815
144,0.1,0.9,0.2855993321,1054,0.9546622044,0.006022606953
144,0.1,0.9,0.2855993321,1056,0.954535929,0.006044564758
144,0.1,0.9,0.2855993321,1058,0.9544090093,0.006069478128
144,0.1,0.9,0.2855993321,1060,0.9542865494,0.006096059566
144,0.1,0.9,0.2855993321,1062,0.9541634567,0.006125337559
144,0.1,0.9,0.2855993321,1064,0.9540389939,0.00615334028
144,0.1,0.9,0.2855993321,1066,0.9539071498,0.006185086978
144,0.1,0.9,0.2855993321,1068,0.9537767181,0.006228170114
144,0.1,0.9,0.2855993321,1070,0.9536570578,0.00626668201
144,0.1,0.9,0.2855993321,1072,0.9535394988,0.0063057902
144,0.1,0.9,0.2855993321,1074,0.9534285609,0.006353220821
144,0.1,0.9,0.2855993321,1076,0.9533227468,0.006400049854
144,0.1,0.9,0.2855993321,1078,0.9532148573,0.006443170169
144,0.1,0.9,0.2855993321,1080,0.9531189842,0.00649037848
144,0.1,0.9,0.2855993321,1082,0.9530237866,0.006538426538
144,0.1,0.9,0.2855993321,1084,0.9529330726,0.00657962235
144,0.1,0.9,0.2855993321,1086,0.9528353162,0.006617415971
144,0.1,0.9,0.2855993321,1088,0.9527299834,0.006655283909
144,0.1,0.9,0.2855993321,1090,0.9526335654,0.006692754959
144,0.1,0.9,0.2855993321,1092,0.9525371975,0.006727028179
144,0.1,0.9,0.2855993321,1094,0.9524394769,0.006759965831
144,0.1,0.9,0.2855993321,1096,0.9523377985,0.006788249329
144,0.1,0.9,0.2855993321,1098,0.952229913,0.006812949208
144,0.1,0.9,0.2855993321,1100,0.9521127802,0.006843919997
144,0.1,0.9,0.2855993321,1102,0.9519961598,0.00687355113
144,0.1,0.9,0.2855993321,1104,0.9518799663,0.006899758381
144,0.1,0.9,0.2855993321,1106,0.9517575054,0.006923093824
144,0.1,0.9,0.2855993321,1108,0.9516380936,0.006949736032
144,0.1,0.9,0.2855993321,1110,0.9515129526,0.006976558652
144,0.1,0.9,0.2855993321,1112,0.9513885969,0.00700082482
144,0.1,0.9,0.2855993321,1114,0.951260088,0.007024103557
144,0.1,0.9,0.2855993321,1116,0.9511334506,0.007044164698
144,0.1,0.9,0.2855993321,1118,0.9509989105,0.007061998784
144,0.1,0.9,0.2855993321,1120,0.9508745107,0.007083712034
144,0.1,0.9,0.2855993321,1122,0.9507540585,0.007106986128
144,0.1,0.9,0.2855993321,1124,0.9506397286,0.007123127125
144,0.1,0.9,0.2855993321,1126,0.950520921,0.007137212934
144,0.1,0.9,0.2855993321,1128,0.9504039271,0.007147923699
144,0.1,0.9,0.2855993321,1130,0.9502851445,0.007161848633
144,0.1,0.9,0.2855993321,1132,0.9501770981,0.007182045711
144,0.1,0.9,0.2855993321,1134,0.9500578273,0.00720722568
144,0.1,0.9,0.2855993321,1136,0.9499384628,0.007230792966
144,0.1,0.9,0.2855993321,1138,0.9498225984,0.007255725335
144,0.1,0.9,0.2855993321,1140,0.9497140345,0.007284209242
144,0.1,0.9,0.2855993321,1142,0.9496098585,0.007309489075
144,0.1,0.9,0.2855993321,1144,0.9495017905,0.00733591032
144,0.1,0.9,0.2855993321,1146,0.9493874779,0.007361773217
144,0.1,0.9,0.2855993321,1148,0.9492764371,0.007389041647
144,0.1,0.9,0.2855993321,1150,0.9491558689,0.007418469158
144,0.1,0.9,0.2855993321,1152,0.9490310767,0.007448585885
144,0.1,0.9,0.2855993321,1154,0.9489090822,0.007480800878
144,0.1,0.9,0.2855993321,1156,0.9487780426,0.007520506136
144,0.1,0.9,0.2855993321,1158,0.948638358,0.007555839209
144,0.1,0.9,0.2855993321,1160,0.9484875685,0.007588832215
144,0.1,0.9,0.2855993321,1162,0.9483374979,0.007620671705
144,0.1,0.9,0.2855993321,1164,0.9481932891,0.007653704445
144,0.1,0.9,0.2855993321,1166,0.9480477305,0.007679455475
144,0.1,0.9,0.2855993321,1168,0.9479021896,0.007709670044
144,0.1,0.9,0.2855993321,1170,0.9477578728,0.007740307983
144,0.1,0.9,0.2855993321,1172,0.9476155363,0.00776650421
144,0.1,0.9,0.2855993321,1174,0.9474661436,0.007795785751
144,0.1,0.9,0.2855993321,1176,0.9473214706,0.007826987132
144,0.1,0.9,0.2855993321,1178,0.947184464,0.007860221154
144,0.1,0.9,0.2855993321,1180,0.9470435447,0.007892641535
144,0.1,0.9,0.2855993321,1182,0.9469095114,0.007927096947
144,0.1,0.9,0.2855993321,1184,0.9467777186,0.007966316335
144,0.1,0.9,0.2855993321,1186,0.9466412851,0.008002624929
144,0.1,0.9,0.2855993321,1188,0.9464993874,0.00803933856
144,0.1,0.9,0.2855993321,1190,0.9463627497,0.008079106788
144,0.1,0.9,0.2855993321,1192,0.9462259373,0.008118265452
144,0.1,0.9,0.2855993321,1194,0.9460899274,0.008154578098
144,0.1,0.9,0.2855993321,1196,0.9459471597,0.008188721635
144,0.1,0.9,0.2855993321,1198,0.9458124842,0.008225953725
144,0.1,0.9,0.2855993321,1200,0.9456700833,0.008258941136
144,0.1,0.9,0.2855993321,1202,0.9455277603,0.008288658707
144,0.1,0.9,0.2855993321,1204,0.9453814683,0.008322922622
144,0.1,0.9,0.2855993321,1206,0.9452315362,0.008357850323
144,0.1,0.9,0.2855993321,1208,0.9450768789,0.008394039664
144,0.1,0.9,0.2855993321,1210,0.9449253761,0.008437187842
144,0.1,0.9,0.2855993321,1212,0.9447650492,0.00848100935
144,0.1,0.9,0.2855993321,1214,0.9446011292,0.008526185476
144,0.1,0.9,0.2855993321,1216,0.9444410889,0.008568018711
144,0.1,0.9,0.2855993321,1218,0.9442822115,0.00860888873
144,0.1,0.9,0.2855993321,1220,0.9441291979,0.008643857131
144,0.1,0.9,0.2855993321,1222,0.9439677568,0.008678450454
144,0.1,0.9,0.2855993321,1224,0.9438030146,0.008712783298
144,0.1,0.9,0.2855993321,1226,0.9436424996,0.008753833524
144,0.1,0.9,0.2855993321,1228,0.9434834495,0.008792900341
144,0.1,0.9,0.2855993321,1230,0.9433359727,0.008831187483
144,0.1,0.9,0.2855993321,1232,0.9431829284,0.00886933437
144,0.1,0.9,0.2855993321,1234,0.9430346566,0.008911665331
144,0.1,0.9,0.2855993321,1236,0.9428788431,0.008948473335
144,0.1,0.9,0.2855993321,1238,0.9427203423,0.008975613317
144,0.1,0.9,0.2855993321,1240,0.9425515373,0.009005046961
144,0.1,0.9,0.2855993321,1242,0.9423824277,0.009041280199
144,0.1,0.9,0.2855993321,1244,0.9422037123,0.009076419009
144,0.1,0.9,0.2855993321,1246,0.9420317357,0.009113897336
144,0.1,0.9,0.2855993321,1248,0.9418744507,0.009145054403
