ensemble,epsilon,N,kappa,pi,disorder_idx,tw,lag,Q_mean,chi4,D4_mean,D4_std,n_traj,n_pairs
correlated,6.0,30,0.9,0.9,0,0,1,0.003284072249589491,0.003831417624521072,6.386695744270496,3.1161002194410297,6,406
correlated,6.0,30,0.9,0.9,0,0,2,0.0024630541871921183,0.002463054187192118,14.890853168292217,6.771662294082622,6,406
correlated,6.0,30,0.9,0.9,0,0,3,0.002052545155993432,0.0011631089217296112,22.718374662945852,9.5001391201576,6,406
correlated,6.0,30,0.9,0.9,0,0,5,0.0012315270935960591,0.0014367816091954023,41.43136727622859,16.986817319880323,6,406
correlated,6.0,30,0.9,0.9,0,0,7,0.0016420361247947454,0.0013683634373289546,61.18310445389176,22.576556062575005,6,406
correlated,6.0,30,0.9,0.9,0,0,11,0.0012315270935960591,0.0006157635467980298,114.29984926473543,24.012050246975978,6,406
correlated,6.0,30,0.9,0.9,0,0,16,0.0012315270935960591,0.0006157635467980298,195.626078064704,38.00066014347354,6,406
correlated,6.0,30,0.9,0.9,0,0,25,0.0012315270935960591,0.0006157635467980298,363.2401034785862,73.63164153323109,6,406
correlated,6.0,30,0.9,0.9,0,0,37,0.0008210180623973727,0.0005473453749315821,626.827921314437,173.71897007841332,6,406
correlated,6.0,30,0.9,0.9,0,0,55,0.0008210180623973727,0.0005473453749315821,1007.8819920399769,336.89791797241037,6,406
correlated,6.0,30,0.9,0.9,0,0,82,0.0008210180623973727,0.0005473453749315821,1493.3763964660911,564.7107061824489,6,406
correlated,6.0,30,0.9,0.9,0,0,122,0.00041050903119868636,0.0003420908593322387,1907.780647931817,767.5489049493063,6,406
correlated,6.0,30,0.9,0.9,0,0,182,0.0008210180623973727,0.0005473453749315821,2308.585838670869,938.5942176319074,6,406
correlated,6.0,30,0.9,0.9,0,0,272,0.0008210180623973727,0.0013683634373289548,2619.291202309534,996.2784951250113,6,406
correlated,6.0,30,0.9,0.9,0,0,406,0.0,0.0,2861.987289568801,1191.010203339069,6,406
correlated,6.0,30,0.9,0.9,0,0,606,0.0,0.0,3093.3564176691725,1596.1285718986674,6,406
correlated,6.0,30,0.9,0.9,0,0,905,0.0008210180623973727,0.0013683634373289548,3389.839020610479,2050.477665616161,6,406
correlated,6.0,30,0.9,0.9,0,0,1350,0.00041050903119868636,0.0003420908593322387,3457.1075660171537,2311.357329455403,6,406
correlated,6.0,30,0.9,0.9,0,0,2015,0.00041050903119868636,0.0003420908593322387,3374.651168875931,1697.3510371790067,6,406
correlated,6.0,30,0.9,0.9,0,0,3008,0.0,0.0,3302.4584099172075,1744.0407986314308,6,406
correlated,6.0,30,0.9,0.9,0,0,4489,0.00041050903119868636,0.0003420908593322387,3727.8344723808464,1913.3236986172192,6,406
correlated,6.0,30,0.9,0.9,0,0,6700,0.00041050903119868636,0.0003420908593322387,3714.3318895127936,2304.8849278083594,6,406
correlated,6.0,30,0.9,0.9,0,0,10000,0.0008210180623973727,0.0005473453749315821,3613.1803493556513,2182.851242490148,6,406
correlated,6.0,30,0.9,0.9,0,100,1,0.020525451559934318,0.06376573617952927,1.5723454029973407,0.6626858665809996,6,406
correlated,6.0,30,0.9,0.9,0,100,2,0.018883415435139574,0.05062944718117128,4.002795116135086,1.9774606483043518,6,406
correlated,6.0,30,0.9,0.9,0,100,3,0.017651888341543513,0.048782156540777215,7.573745932282161,3.870936792533055,6,406
correlated,6.0,30,0.9,0.9,0,100,5,0.014367816091954025,0.02579365079365079,10.803667269156007,5.444176106846705,6,406
correlated,6.0,30,0.9,0.9,0,100,7,0.013957307060755339,0.02189381499726325,16.37146715051603,9.23540144129589,6,406
correlated,6.0,30,0.9,0.9,0,100,11,0.011904761904761904,0.026614668856048178,25.969898916289342,14.743002395385846,6,406
correlated,6.0,30,0.9,0.9,0,100,16,0.011904761904761904,0.02415161466885607,33.42978792769397,20.235032772287262,6,406
correlated,6.0,30,0.9,0.9,0,100,25,0.012725779967159278,0.03071975916803504,44.92718411520864,26.48281835832851,6,406
correlated,6.0,30,0.9,0.9,0,100,37,0.01231527093596059,0.018883415435139588,68.2495196080763,30.260953532016472,6,406
correlated,6.0,30,0.9,0.9,0,100,55,0.006568144499178982,0.006294471811713192,94.37865222609754,36.41063688535829,6,406
correlated,6.0,30,0.9,0.9,0,100,82,0.010262725779967159,0.02086754241926656,147.07348872614335,63.45947064566106,6,406
correlated,6.0,30,0.9,0.9,0,100,122,0.010262725779967159,0.027435686918445543,206.8656203186491,118.0760685568945,6,406
correlated,6.0,30,0.9,0.9,0,100,182,0.005336617405582923,0.0060892172961138444,259.19112062401035,125.06068500654916,6,406
correlated,6.0,30,0.9,0.9,0,100,272,0.005336617405582923,0.004447181171319102,363.64080750547845,142.2880070280683,6,406
correlated,6.0,30,0.9,0.9,0,100,406,0.005336617405582923,0.003626163108921727,445.53388562036616,217.58310795358568,6,406
correlated,6.0,30,0.9,0.9,0,100,606,0.004515599343185551,0.005268199233716472,518.7752806209659,321.1182244674743,6,406
correlated,6.0,30,0.9,0.9,0,100,905,0.006157635467980295,0.008004926108374388,672.1045736452301,587.4687848319365,6,406
correlated,6.0,30,0.9,0.9,0,100,1350,0.0028735632183908046,0.0011631089217296114,691.5191006279878,532.2675450509336,6,406
correlated,6.0,30,0.9,0.9,0,100,2015,0.003284072249589491,0.0030103995621237004,643.0582734053484,337.5471203307356,6,406
correlated,6.0,30,0.9,0.9,0,100,3008,0.0024630541871921183,0.000821018062397373,768.2183745653106,543.0993556373141,6,406
correlated,6.0,30,0.9,0.9,0,100,4489,0.0016420361247947454,0.0013683634373289546,857.8225878562421,588.7195685015257,6,406
correlated,6.0,30,0.9,0.9,0,100,6700,0.0036945812807881776,0.0014367816091954018,868.2476828492337,540.0622477192634,6,406
correlated,6.0,30,0.9,0.9,0,100,10000,0.002052545155993432,0.001984126984126984,1023.485392295311,609.6513883821096,6,406
correlated,6.0,30,0.9,0.9,0,1000,1,0.05090311986863711,0.15161466885604818,0.9746554151832071,0.6906016117223965,6,406
correlated,6.0,30,0.9,0.9,0,1000,2,0.04885057471264368,0.11692665571975903,1.7963831427010601,1.169205239740949,6,406
correlated,6.0,30,0.9,0.9,0,1000,3,0.04597701149425287,0.10235358511220574,3.0384007515959675,2.2223747229857014,6,406
correlated,6.0,30,0.9,0.9,0,1000,5,0.04351395730706076,0.08429118773946352,4.2080058627140415,2.828283195651787,6,406
correlated,6.0,30,0.9,0.9,0,1000,7,0.041871921182266014,0.07963875205254492,6.503590393729684,3.685141313762239,6,406
correlated,6.0,30,0.9,0.9,0,1000,11,0.037356321839080456,0.038929939792008955,11.406182553360807,7.315067317062094,6,406
correlated,6.0,30,0.9,0.9,0,1000,16,0.03735632183908046,0.058634373289545655,16.399425190733393,9.882192281169027,6,406
correlated,6.0,30,0.9,0.9,0,1000,25,0.032430213464696225,0.02333059660645857,18.97120585815394,11.88754434303714,6,406
correlated,6.0,30,0.9,0.9,0,1000,37,0.031198686371100168,0.028461959496442143,21.182167058862166,10.681886536405269,6,406
correlated,6.0,30,0.9,0.9,0,1000,55,0.025451559934318555,0.024356869184455433,35.94804980344475,23.349052756287666,6,406
correlated,6.0,30,0.9,0.9,0,1000,82,0.029146141215106735,0.02989874110563763,46.88235798972363,23.986430723316808,6,406
correlated,6.0,30,0.9,0.9,0,1000,122,0.02586206896551724,0.030172413793103425,58.75774580153476,26.611385913605233,6,406
correlated,6.0,30,0.9,0.9,0,1000,182,0.024630541871921183,0.018883415435139543,66.10945786122338,23.88039279887286,6,406
correlated,6.0,30,0.9,0.9,0,1000,272,0.026272577996715927,0.04159824849480027,75.5325237514044,26.06568855043664,6,406
correlated,6.0,30,0.9,0.9,0,1000,406,0.020525451559934318,0.020251778872468547,98.11178253913829,35.09656172407255,6,406
correlated,6.0,30,0.9,0.9,0,1000,606,0.015599343185550082,0.015325670498084308,103.2672380320621,48.02221843331214,6,406
correlated,6.0,30,0.9,0.9,0,1000,905,0.016830870279146145,0.015941434044882262,159.4093387006348,112.97074058472678,6,406
correlated,6.0,30,0.9,0.9,0,1000,1350,0.013957307060755335,0.003010399562123716,182.89749275952298,125.3662788855202,6,406
correlated,6.0,30,0.9,0.9,0,1000,2015,0.010673234811165846,0.010399562123700056,235.89702946193984,197.31215397034353,6,406
correlated,6.0,30,0.9,0.9,0,1000,3008,0.01149425287356322,0.007115489874110547,281.18885105923073,226.08788742357663,6,406
correlated,6.0,30,0.9,0.9,0,1000,4489,0.011083743842364532,0.01375205254515599,268.1112705358284,230.52882552022214,6,406
correlated,6.0,30,0.9,0.9,0,1000,6700,0.009441707717569787,0.006089217296113848,464.42682154849194,402.0178867188029,6,406
correlated,6.0,30,0.9,0.9,0,1000,10000,0.010262725779967159,0.015941434044882317,446.2399631948767,374.62726490811013,6,406
correlated,6.0,30,0.9,0.9,0,10000,1,0.04597701149425287,0.015325670498084198,1.1501693462434224,0.5021962831425023,6,406
correlated,6.0,30,0.9,0.9,0,10000,2,0.044745484400656815,0.011836343732895466,2.521537893107087,1.4519437230605239,6,406
correlated,6.0,30,0.9,0.9,0,10000,3,0.04351395730706076,0.019430760810071127,4.347358608528623,2.588430755266755,6,406
correlated,6.0,30,0.9,0.9,0,10000,5,0.038177339901477834,0.006362889983579618,6.519093398048763,3.4309167589931167,6,406
correlated,6.0,30,0.9,0.9,0,10000,7,0.03858784893267652,0.017788724685276373,9.09737073676826,3.686430353153632,6,406
correlated,6.0,30,0.9,0.9,0,10000,11,0.036124794745484405,0.015325670498084198,13.705466503967633,8.64515273351726,6,406
correlated,6.0,30,0.9,0.9,0,10000,16,0.03489326765188835,0.021688560481663902,15.433561860265547,6.654892291137977,6,406
correlated,6.0,30,0.9,0.9,0,10000,25,0.03201970443349754,0.008210180623973596,22.959504069457736,15.606145378500974,6,406
correlated,6.0,30,0.9,0.9,0,10000,37,0.028325123152709363,0.00472085385878482,31.794843528669418,21.20568191608485,6,406
correlated,6.0,30,0.9,0.9,0,10000,55,0.024630541871921183,0.007389162561576394,36.73615644002916,21.936269672631163,6,406
correlated,6.0,30,0.9,0.9,0,10000,82,0.024220032840722494,0.0069102353585112465,43.360893507815014,22.480400220731195,6,406
correlated,6.0,30,0.9,0.9,0,10000,122,0.02175697865353038,0.012657361795292843,53.62018889006066,35.9203546139708,6,406
correlated,6.0,30,0.9,0.9,0,10000,182,0.019704433497536946,0.018883415435139564,62.93636071330928,39.451985386661654,6,406
correlated,6.0,30,0.9,0.9,0,10000,272,0.01724137931034483,0.00410509031198682,75.88235812202188,49.70321178179972,6,406
correlated,6.0,30,0.9,0.9,0,10000,406,0.015599343185550082,0.002189381499726317,95.29133118901142,63.6790717877428,6,406
correlated,6.0,30,0.9,0.9,0,10000,606,0.01477832512315271,0.009031198686371094,112.77863128233965,75.06587103180189,6,406
correlated,6.0,30,0.9,0.9,0,10000,905,0.014778325123152707,0.004105090311986897,127.1224926338167,56.490949688375046,6,406
correlated,6.0,30,0.9,0.9,0,10000,1350,0.013957307060755335,0.011220580186097433,150.34420667742776,127.65878607645747,6,406
correlated,6.0,30,0.9,0.9,0,10000,2015,0.013136288998357962,0.002189381499726339,198.07488813109342,146.91356293652944,6,406
correlated,6.0,30,0.9,0.9,0,10000,3008,0.008620689655172414,0.002257799671592776,262.9682369303156,218.93002658763226,6,406
correlated,6.0,30,0.9,0.9,0,10000,4489,0.009031198686371101,0.002189381499726317,267.950994600756,262.10339815032364,6,406
correlated,6.0,30,0.9,0.9,0,10000,6700,0.011083743842364532,0.004720853858784886,324.9680253721184,235.4671311578757,6,406
correlated,6.0,30,0.9,0.9,0,10000,10000,0.011904761904761904,0.008552271483305968,363.38870563653813,256.7325809127808,6,406
correlated,6.0,30,0.9,0.9,1,0,1,0.0024630541871921183,0.002463054187192118,7.546604686384747,2.823081278454362,6,406
correlated,6.0,30,0.9,0.9,1,0,2,0.0012315270935960591,0.0014367816091954023,15.226788027757893,5.017347503069023,6,406
correlated,6.0,30,0.9,0.9,1,0,3,0.002052545155993432,0.0011631089217296114,25.254173952984548,11.00619646121152,6,406
correlated,6.0,30,0.9,0.9,1,0,5,0.0012315270935960591,0.0014367816091954023,45.15184212864637,14.750732041577283,6,406
correlated,6.0,30,0.9,0.9,1,0,7,0.0012315270935960591,0.0014367816091954023,79.55516426367952,35.81760674413215,6,406
correlated,6.0,30,0.9,0.9,1,0,11,0.00041050903119868636,0.0003420908593322387,142.4250075860207,60.84514448141767,6,406
correlated,6.0,30,0.9,0.9,1,0,16,0.0008210180623973727,0.0005473453749315821,223.6189880183123,85.82632984038167,6,406
correlated,6.0,30,0.9,0.9,1,0,25,0.00041050903119868636,0.0003420908593322387,405.4481011722441,137.86146950683363,6,406
correlated,6.0,30,0.9,0.9,1,0,37,0.0008210180623973727,0.0013683634373289548,710.1272039252282,210.4927063600559,6,406
correlated,6.0,30,0.9,0.9,1,0,55,0.00041050903119868636,0.0003420908593322387,1035.4722270371674,339.7103886579542,6,406
correlated,6.0,30,0.9,0.9,1,0,82,0.00041050903119868636,0.0003420908593322387,1483.3708778996977,420.97461400353984,6,406
correlated,6.0,30,0.9,0.9,1,0,122,0.0,0.0,1898.390811617651,622.9704057055104,6,406
correlated,6.0,30,0.9,0.9,1,0,182,0.0,0.0,2481.2360233714353,804.894039226829,6,406
correlated,6.0,30,0.9,0.9,1,0,272,0.0008210180623973727,0.0005473453749315821,2909.429426505634,903.3515717716523,6,406
correlated,6.0,30,0.9,0.9,1,0,406,0.0012315270935960591,0.0006157635467980298,3269.5504451051984,1047.3808395140288,6,406
correlated,6.0,30,0.9,0.9,1,0,606,0.0012315270935960591,0.0006157635467980298,3644.103246734941,1243.474003124431,6,406
correlated,6.0,30,0.9,0.9,1,0,905,0.0012315270935960591,0.0006157635467980298,4120.3134801654915,1498.475555394602,6,406
correlated,6.0,30,0.9,0.9,1,0,1350,0.0016420361247947454,0.0013683634373289552,4420.670089163532,1442.936966713434,6,406
correlated,6.0,30,0.9,0.9,1,0,2015,0.0016420361247947454,0.0013683634373289546,4753.868899985652,1623.6724112444235,6,406
correlated,6.0,30,0.9,0.9,1,0,3008,0.0012315270935960591,0.0006157635467980298,4882.2914936603565,1838.0201321798488,6,406
correlated,6.0,30,0.9,0.9,1,0,4489,0.00041050903119868636,0.0003420908593322387,5033.40830672697,2074.5191184275,6,406
correlated,6.0,30,0.9,0.9,1,0,6700,0.0008210180623973727,0.0005473453749315821,5255.707938946815,1831.7864598935564,6,406
correlated,6.0,30,0.9,0.9,1,0,10000,0.0016420361247947454,0.0013683634373289552,5331.844021096001,1794.131223498823,6,406
correlated,6.0,30,0.9,0.9,1,100,1,0.015188834154351396,0.01758347016967704,3.117636940388421,1.1592081405902162,6,406
correlated,6.0,30,0.9,0.9,1,100,2,0.01600985221674877,0.013752052545155968,5.9087432654880665,1.5554127240552762,6,406
correlated,6.0,30,0.9,0.9,1,100,3,0.01477832512315271,0.013957307060755323,7.583062458933167,1.9344142704307916,6,406
correlated,6.0,30,0.9,0.9,1,100,5,0.013957307060755335,0.010399562123700067,13.264103319340657,4.566926063991568,6,406
correlated,6.0,30,0.9,0.9,1,100,7,0.01354679802955665,0.014573070607553378,19.209732302377187,6.163731729255435,6,406
correlated,6.0,30,0.9,0.9,1,100,11,0.013546798029556648,0.017857142857142877,31.04443830928635,10.461187882683086,6,406
correlated,6.0,30,0.9,0.9,1,100,16,0.011494252873563216,0.012862616310892187,48.7942593541763,16.887774352321152,6,406
correlated,6.0,30,0.9,0.9,1,100,25,0.011904761904761904,0.008552271483305968,80.46524772188326,24.475671399917278,6,406
correlated,6.0,30,0.9,0.9,1,100,37,0.010262725779967159,0.006910235358511225,106.36922993071086,50.680850595999566,6,406
correlated,6.0,30,0.9,0.9,1,100,55,0.010673234811165846,0.008757525998905301,141.28652775031324,59.714322146145534,6,406
correlated,6.0,30,0.9,0.9,1,100,82,0.010673234811165846,0.007115489874110547,230.640487836546,103.27632437624457,6,406
correlated,6.0,30,0.9,0.9,1,100,122,0.010673234811165846,0.006294471811713192,294.54689455563,102.52282326042831,6,406
correlated,6.0,30,0.9,0.9,1,100,182,0.0090311986863711,0.004652435686918448,437.4430263063643,171.4903018683158,6,406
correlated,6.0,30,0.9,0.9,1,100,272,0.009441707717569787,0.00526819923371647,533.6448337264159,167.27670763850045,6,406
correlated,6.0,30,0.9,0.9,1,100,406,0.0090311986863711,0.005473453749315826,665.7868289586442,283.2224219220778,6,406
correlated,6.0,30,0.9,0.9,1,100,606,0.007799671592775041,0.0028051450465243553,833.209082020497,367.7473671965294,6,406
correlated,6.0,30,0.9,0.9,1,100,905,0.008210180623973726,0.003831417624521077,1089.0399431712256,512.5997183373021,6,406
correlated,6.0,30,0.9,0.9,1,100,1350,0.009852216748768473,0.006568144499178979,1280.4686815346165,478.80825398198846,6,406
correlated,6.0,30,0.9,0.9,1,100,2015,0.007799671592775041,0.003626163108921727,1349.2621943763152,521.3474994345636,6,406
correlated,6.0,30,0.9,0.9,1,100,3008,0.007799671592775041,0.0028051450465243553,1535.9537725754353,780.7102665261099,6,406
correlated,6.0,30,0.9,0.9,1,100,4489,0.007799671592775041,0.003626163108921727,1593.2926472318252,873.8534312741057,6,406
correlated,6.0,30,0.9,0.9,1,100,6700,0.007389162561576355,0.002463054187192115,1716.0085702392405,783.2383053532511,6,406
correlated,6.0,30,0.9,0.9,1,100,10000,0.007799671592775041,0.006089217296113842,1740.9687522003999,743.0041206277353,6,406
correlated,6.0,30,0.9,0.9,1,1000,1,0.10262725779967159,0.11056376573617924,0.6232401435500287,0.5642237737626035,6,406
correlated,6.0,30,0.9,0.9,1,1000,2,0.09975369458128079,0.13197865353037766,1.4415998722364411,1.2588866535171592,6,406
correlated,6.0,30,0.9,0.9,1,1000,3,0.09688013136288998,0.13191023535851185,1.9472126737871338,1.3420284370590836,6,406
correlated,6.0,30,0.9,0.9,1,1000,5,0.09523809523809525,0.12452107279693347,3.4999274092822183,3.80383637558215,6,406
correlated,6.0,30,0.9,0.9,1,1000,7,0.09400656814449916,0.1456622879036686,4.3764349230092385,4.545351944339766,6,406
correlated,6.0,30,0.9,0.9,1,1000,11,0.09482758620689653,0.10242200328407332,7.517152358895209,8.023035765809743,6,406
correlated,6.0,30,0.9,0.9,1,1000,16,0.09195402298850575,0.08347016967706558,13.241177644498826,15.598829918744894,6,406
correlated,6.0,30,0.9,0.9,1,1000,25,0.09236453201970445,0.1254105090311976,13.282882702506392,12.464188530837227,6,406
correlated,6.0,30,0.9,0.9,1,1000,37,0.08866995073891626,0.12807881773398996,18.844668805838882,17.714151054383287,6,406
correlated,6.0,30,0.9,0.9,1,1000,55,0.08743842364532019,0.11063218390804647,20.47922804864239,13.704833332422364,6,406
correlated,6.0,30,0.9,0.9,1,1000,82,0.08169129720853859,0.10871647509578589,27.783197124082772,23.185748059120684,6,406
correlated,6.0,30,0.9,0.9,1,1000,122,0.08374384236453203,0.07553366174055781,37.75490432760505,38.65703781392344,6,406
correlated,6.0,30,0.9,0.9,1,1000,182,0.07922824302134647,0.09804324028461923,37.586467218303135,28.476144948896188,6,406
correlated,6.0,30,0.9,0.9,1,1000,272,0.07142857142857144,0.12151067323481093,47.70327560410478,49.01648543635065,6,406
correlated,6.0,30,0.9,0.9,1,1000,406,0.06444991789819375,0.07177066228790421,109.84346862853687,122.7655869769757,6,406
correlated,6.0,30,0.9,0.9,1,1000,606,0.06116584564860427,0.07915982484947995,123.42894806437259,149.59366853643286,6,406
correlated,6.0,30,0.9,0.9,1,1000,905,0.05829228243021347,0.06622879036672132,124.09082176114767,143.0099341999029,6,406
correlated,6.0,30,0.9,0.9,1,1000,1350,0.05870279146141214,0.08326491516146742,167.3233278373049,218.02474400440042,6,406
correlated,6.0,30,0.9,0.9,1,1000,2015,0.055829228243021355,0.06458675424192648,197.21945614984304,288.5853418514867,6,406
correlated,6.0,30,0.9,0.9,1,1000,3008,0.053366174055829226,0.03585112205801867,221.50372095241312,346.29381236932846,6,406
correlated,6.0,30,0.9,0.9,1,1000,4489,0.04638752052545156,0.03236179529282976,278.9565044374163,429.98506141565866,6,406
correlated,6.0,30,0.9,0.9,1,1000,6700,0.04885057471264368,0.04796113847837971,284.3882557923452,421.6132229982278,6,406
correlated,6.0,30,0.9,0.9,1,1000,10000,0.04885057471264368,0.024151614668855903,377.94146947409104,477.11232344375446,6,406
correlated,6.0,30,0.9,0.9,1,10000,1,0.16338259441707717,0.10974274767378235,0.1725126836106581,0.09176545473085232,6,406
correlated,6.0,30,0.9,0.9,1,10000,2,0.16174055829228243,0.11056376573617924,0.26604556365076,0.151411240935842,6,406
correlated,6.0,30,0.9,0.9,1,10000,3,0.16009852216748768,0.11412151067323573,0.38230443663060165,0.2609292583260464,6,406
correlated,6.0,30,0.9,0.9,1,10000,5,0.15886699507389163,0.15414614121510856,0.5596730454313054,0.29209977940101833,6,406
correlated,6.0,30,0.9,0.9,1,10000,7,0.15599343185550082,0.13108921729611142,0.960342906024557,0.9171492282466254,6,406
correlated,6.0,30,0.9,0.9,1,10000,11,0.15270935960591134,0.13382594417077104,1.2064052321037526,1.047083093244837,6,406
correlated,6.0,30,0.9,0.9,1,10000,16,0.1506568144499179,0.11364258347016935,1.4595749628946388,0.9952235867791075,6,406
correlated,6.0,30,0.9,0.9,1,10000,25,0.14819376026272577,0.10379036672140382,2.1722628542594022,1.7507740149653903,6,406
correlated,6.0,30,0.9,0.9,1,10000,37,0.14203612479474548,0.06376573617952958,2.4643082498285174,1.003142302540268,6,406
correlated,6.0,30,0.9,0.9,1,10000,55,0.1383415435139573,0.051245210727970274,2.8785626727634557,1.1786452995481123,6,406
correlated,6.0,30,0.9,0.9,1,10000,82,0.1354679802955665,0.08045977011494199,3.272499186622984,1.553971020466077,6,406
correlated,6.0,30,0.9,0.9,1,10000,122,0.13218390804597702,0.09742747673782191,3.961659425489474,2.324781987046491,6,406
correlated,6.0,30,0.9,0.9,1,10000,182,0.13382594417077173,0.101532567049812,3.7208926693087823,1.373590269038086,6,406
correlated,6.0,30,0.9,0.9,1,10000,272,0.12315270935960591,0.10837438423645326,5.765813436141829,1.8570314566463022,6,406
correlated,6.0,30,0.9,0.9,1,10000,406,0.1239737274220033,0.12041598248494689,7.643881370030243,4.435670500045449,6,406
correlated,6.0,30,0.9,0.9,1,10000,606,0.11617405582922825,0.14484126984126888,9.612014517292282,4.136027296081029,6,406
correlated,6.0,30,0.9,0.9,1,10000,905,0.11494252873563217,0.13519430760810222,10.735706827160413,4.159984169980906,6,406
correlated,6.0,30,0.9,0.9,1,10000,1350,0.09811165845648605,0.03236179529282906,11.834510155157817,5.950279562905363,6,406
correlated,6.0,30,0.9,0.9,1,10000,2015,0.09852216748768473,0.04022988505747099,11.757206501137935,2.373261819518562,6,406
correlated,6.0,30,0.9,0.9,1,10000,3008,0.08292282430213464,0.05227148330596639,14.161434218292252,5.956486038329404,6,406
correlated,6.0,30,0.9,0.9,1,10000,4489,0.08169129720853859,0.024151614668856607,14.088452657797534,3.677206850284882,6,406
correlated,6.0,30,0.9,0.9,1,10000,6700,0.07676518883415435,0.002805145046524713,17.32346981329098,4.446681855945125,6,406
correlated,6.0,30,0.9,0.9,1,10000,10000,0.07881773399014778,0.0894909688013138,17.233655636744817,7.672297162057099,6,406
correlated,6.0,30,0.9,0.9,2,0,1,0.004105090311986864,0.0038314176245210726,7.451243977900653,2.122799912628329,6,406
correlated,6.0,30,0.9,0.9,2,0,2,0.004105090311986864,0.0038314176245210726,17.895376527421963,3.5721515537586366,6,406
correlated,6.0,30,0.9,0.9,2,0,3,0.0036945812807881776,0.0022577996715927736,29.265949340003573,10.888989826722005,6,406
correlated,6.0,30,0.9,0.9,2,0,5,0.0036945812807881776,0.0022577996715927736,49.1917239976166,16.330325420169636,6,406
correlated,6.0,30,0.9,0.9,2,0,7,0.0028735632183908046,0.0028051450465243566,82.37771013169477,24.639876003935658,6,406
correlated,6.0,30,0.9,0.9,2,0,11,0.0028735632183908046,0.0011631089217296114,145.06658189322368,34.71545323976808,6,406
correlated,6.0,30,0.9,0.9,2,0,16,0.002052545155993432,0.0011631089217296112,243.5645850974494,46.58274409233315,6,406
correlated,6.0,30,0.9,0.9,2,0,25,0.0016420361247947454,0.0013683634373289546,460.38489534590514,35.55646418035752,6,406
correlated,6.0,30,0.9,0.9,2,0,37,0.0008210180623973727,0.0005473453749315821,794.1705319490324,81.30013656252694,6,406
correlated,6.0,30,0.9,0.9,2,0,55,0.0008210180623973727,0.0005473453749315821,1232.7690043011264,106.22854888438066,6,406
correlated,6.0,30,0.9,0.9,2,0,82,0.00041050903119868636,0.0003420908593322387,1777.3544553015247,185.24191979238225,6,406
correlated,6.0,30,0.9,0.9,2,0,122,0.00041050903119868636,0.0003420908593322387,2347.3934124575603,420.4418016262486,6,406
correlated,6.0,30,0.9,0.9,2,0,182,0.00041050903119868636,0.0003420908593322387,2866.3629536513545,634.916222830873,6,406
correlated,6.0,30,0.9,0.9,2,0,272,0.00041050903119868636,0.0003420908593322387,3245.1292678707578,742.1347161575751,6,406
correlated,6.0,30,0.9,0.9,2,0,406,0.00041050903119868636,0.0003420908593322387,3543.6635803374697,832.2801732477928,6,406
correlated,6.0,30,0.9,0.9,2,0,606,0.0008210180623973727,0.0005473453749315821,4002.7283105479723,997.2408301305271,6,406
correlated,6.0,30,0.9,0.9,2,0,905,0.0008210180623973727,0.0005473453749315821,4460.738692674203,1092.3654854604717,6,406
correlated,6.0,30,0.9,0.9,2,0,1350,0.0008210180623973727,0.0005473453749315821,4844.995020535444,1496.829475639346,6,406
correlated,6.0,30,0.9,0.9,2,0,2015,0.00041050903119868636,0.0003420908593322387,5326.5552342102355,1885.5665644879505,6,406
correlated,6.0,30,0.9,0.9,2,0,3008,0.0008210180623973727,0.0005473453749315821,5654.946437456303,2293.236591612434,6,406
correlated,6.0,30,0.9,0.9,2,0,4489,0.00041050903119868636,0.0003420908593322387,6138.631922720611,2440.950646765437,6,406
correlated,6.0,30,0.9,0.9,2,0,6700,0.0008210180623973727,0.0005473453749315821,6539.992148076537,2709.5888917170378,6,406
correlated,6.0,30,0.9,0.9,2,0,10000,0.0008210180623973727,0.0005473453749315821,6610.185260149828,2758.6939244951413,6,406
correlated,6.0,30,0.9,0.9,2,100,1,0.02134646962233169,0.07854406130268204,3.497259147283699,1.7985005035944186,6,406
correlated,6.0,30,0.9,0.9,2,100,2,0.020114942528735632,0.07341269841269844,6.803155031720265,4.183485355665696,6,406
correlated,6.0,30,0.9,0.9,2,100,3,0.020114942528735632,0.0676655719759168,13.112384999318868,9.377276389199604,6,406
correlated,6.0,30,0.9,0.9,2,100,5,0.01929392446633826,0.07177066228790369,16.863604402635612,13.843982491653414,6,406
correlated,6.0,30,0.9,0.9,2,100,7,0.01929392446633826,0.05206622879036673,22.484234124270454,16.500801256841864,6,406
correlated,6.0,30,0.9,0.9,2,100,11,0.018472906403940885,0.06137110016420365,35.47675533772049,20.29541890751892,6,406
correlated,6.0,30,0.9,0.9,2,100,16,0.018883415435139574,0.07608100711548986,47.556294931801126,30.13211156224254,6,406
correlated,6.0,30,0.9,0.9,2,100,25,0.01847290640394089,0.08025451559934313,78.39245176446222,40.87264890062484,6,406
correlated,6.0,30,0.9,0.9,2,100,37,0.017241379310344824,0.07881773399014781,126.72640622948852,74.88367584788375,6,406
correlated,6.0,30,0.9,0.9,2,100,55,0.01477832512315271,0.05829228243021343,172.2851034676551,88.67775535858222,6,406
correlated,6.0,30,0.9,0.9,2,100,82,0.014367816091954025,0.06356048166392991,220.07328880864702,105.20254945676699,6,406
correlated,6.0,30,0.9,0.9,2,100,122,0.013957307060755339,0.07115489874110566,298.6372690490913,142.2332302272981,6,406
correlated,6.0,30,0.9,0.9,2,100,182,0.012725779967159278,0.053708264915161494,397.89565393830543,176.5670563172303,6,406
correlated,6.0,30,0.9,0.9,2,100,272,0.01477832512315271,0.050903119868637076,561.547363119467,271.19775648630537,6,406
correlated,6.0,30,0.9,0.9,2,100,406,0.01477832512315271,0.04269293924466335,658.037073981424,327.335914553602,6,406
correlated,6.0,30,0.9,0.9,2,100,606,0.012725779967159278,0.05124521072796934,819.1380271381732,363.20740812877125,6,406
correlated,6.0,30,0.9,0.9,2,100,905,0.013136288998357963,0.030925013683634376,966.9255770319913,408.5794292959349,6,406
correlated,6.0,30,0.9,0.9,2,100,1350,0.01354679802955665,0.0465927750410509,1155.9715689151797,550.6769789311383,6,406
correlated,6.0,30,0.9,0.9,2,100,2015,0.013136288998357962,0.04734537493158184,1464.0143932791404,836.9200265596763,6,406
correlated,6.0,30,0.9,0.9,2,100,3008,0.01231527093596059,0.026272577996715927,1646.9224285891348,1104.0149337064363,6,406
correlated,6.0,30,0.9,0.9,2,100,4489,0.008620689655172414,0.01539408866995074,1946.7707348239016,1347.797421491993,6,406
correlated,6.0,30,0.9,0.9,2,100,6700,0.007799671592775041,0.02168856048166393,2217.4954381173557,1658.5081800219034,6,406
correlated,6.0,30,0.9,0.9,2,100,10000,0.011083743842364532,0.02114121510673234,2243.9099531119646,1722.1209153949508,6,406
correlated,6.0,30,0.9,0.9,2,1000,1,0.12110016420361247,1.3550218938149983,1.6457506895897447,2.461830113319908,6,406
correlated,6.0,30,0.9,0.9,2,1000,2,0.11986863711001643,1.3305966064586743,2.6475807669290234,3.9150652090113924,6,406
correlated,6.0,30,0.9,0.9,2,1000,3,0.11945812807881774,1.3249178981937582,2.9933537393461926,4.662988519434207,6,406
correlated,6.0,30,0.9,0.9,2,1000,5,0.11740558292282431,1.2591680350301016,3.8075616405663055,6.354898987948635,6,406
correlated,6.0,30,0.9,0.9,2,1000,7,0.11740558292282431,1.2862616310892159,4.6127688736687285,8.039925045547587,6,406
correlated,6.0,30,0.9,0.9,2,1000,11,0.11412151067323482,1.2493158182813346,6.751835518061221,11.370066891579695,6,406
correlated,6.0,30,0.9,0.9,2,1000,16,0.11165845648604271,1.1852764094143404,11.717336906019357,17.510748855516873,6,406
correlated,6.0,30,0.9,0.9,2,1000,25,0.10960591133004927,1.1549671592775035,17.797194212096,27.701863685087293,6,406
correlated,6.0,30,0.9,0.9,2,1000,37,0.10714285714285714,1.053160919540231,40.158131474931665,60.83199232574073,6,406
correlated,6.0,30,0.9,0.9,2,1000,55,0.10673234811165845,1.113847837985769,54.940649192989575,82.58605597648534,6,406
correlated,6.0,30,0.9,0.9,2,1000,82,0.10550082101806241,1.0766967706622874,58.89198495688516,85.57287202027112,6,406
correlated,6.0,30,0.9,0.9,2,1000,122,0.1018062397372742,0.9849480021893837,82.8179087241336,121.52456329653597,6,406
correlated,6.0,30,0.9,0.9,2,1000,182,0.1022167487684729,0.942323481116585,104.7936272679501,154.67141315662386,6,406
correlated,6.0,30,0.9,0.9,2,1000,272,0.09688013136288998,0.7920087575259998,145.74729398116952,219.40005983130573,6,406
correlated,6.0,30,0.9,0.9,2,1000,406,0.09564860426929393,0.7745621237000534,178.5911350787887,253.8571624766709,6,406
correlated,6.0,30,0.9,0.9,2,1000,606,0.09523809523809523,0.741926655719759,242.33341123734104,349.2256247968153,6,406
correlated,6.0,30,0.9,0.9,2,1000,905,0.08374384236453201,0.6297208538587853,332.28748247041847,515.3936776816561,6,406
correlated,6.0,30,0.9,0.9,2,1000,1350,0.08497536945812807,0.6270525451559946,379.17580923828586,562.6008045257719,6,406
correlated,6.0,30,0.9,0.9,2,1000,2015,0.07963875205254516,0.47509578544061276,498.53272518025454,788.520891561907,6,406
correlated,6.0,30,0.9,0.9,2,1000,3008,0.07307060755336617,0.5186097427476745,678.3238130816468,998.4858634772831,6,406
correlated,6.0,30,0.9,0.9,2,1000,4489,0.07019704433497538,0.4176929392446626,844.3499262915626,1210.8865788088149,6,406
correlated,6.0,30,0.9,0.9,2,1000,6700,0.06978653530377667,0.3790366721401217,948.8679632805638,1380.2717053560937,6,406
correlated,6.0,30,0.9,0.9,2,1000,10000,0.06198686371100164,0.30001368363437303,970.5140568555333,1404.1341891370605,6,406
correlated,6.0,30,0.9,0.9,2,10000,1,0.20689655172413793,0.008210180623974564,0.018557585063750243,0.015492195050480391,6,406
correlated,6.0,30,0.9,0.9,2,10000,2,0.20607553366174058,0.006294471811706226,0.05938496955521611,0.019855405076011693,6,406
correlated,6.0,30,0.9,0.9,2,10000,3,0.20689655172413793,0.008210180623974564,0.07445929748376166,0.04801735421981209,6,406
correlated,6.0,30,0.9,0.9,2,10000,5,0.2040229885057471,0.006910235358514108,0.09314873984118806,0.06008469474967722,6,406
correlated,6.0,30,0.9,0.9,2,10000,7,0.20361247947454844,0.010399562123700551,0.1139683493299309,0.06683300440736718,6,406
correlated,6.0,30,0.9,0.9,2,10000,11,0.20279146141215107,0.016146688560483027,0.15091962018904415,0.08847867423851422,6,406
correlated,6.0,30,0.9,0.9,2,10000,16,0.2023809523809524,0.0052681992337118705,0.19182208727542058,0.0903803202908699,6,406
correlated,6.0,30,0.9,0.9,2,10000,25,0.19868637110016418,0.016146688560483027,0.2521139695347798,0.1010845632577815,6,406
correlated,6.0,30,0.9,0.9,2,10000,37,0.19827586206896552,0.03838259441707623,0.3224903733006648,0.09354412246837755,6,406
correlated,6.0,30,0.9,0.9,2,10000,55,0.19745484400656813,0.032361795292833284,0.47205445042788363,0.24252005279654068,6,406
correlated,6.0,30,0.9,0.9,2,10000,82,0.19088669950738915,0.030172413793107297,0.6692564748393894,0.262860864558032,6,406
correlated,6.0,30,0.9,0.9,2,10000,122,0.18883415435139575,0.041598248494802204,0.8739594047529374,0.3266040032861685,6,406
correlated,6.0,30,0.9,0.9,2,10000,182,0.18760262725779966,0.0077312534209124095,0.8208697169331262,0.27443372427134505,6,406
correlated,6.0,30,0.9,0.9,2,10000,272,0.17939244663382595,0.055350301039957556,1.1865730542366844,0.9087907543731432,6,406
correlated,6.0,30,0.9,0.9,2,10000,406,0.17364532019704434,0.04330870279145899,1.660038969988891,0.9676371051705569,6,406
correlated,6.0,30,0.9,0.9,2,10000,606,0.17282430213464697,0.06766557197591658,2.0756666385698743,1.1248238533730326,6,406
correlated,6.0,30,0.9,0.9,2,10000,905,0.16707717569786537,0.09558018609742362,2.6329885003767175,0.9337481915773518,6,406
correlated,6.0,30,0.9,0.9,2,10000,1350,0.1625615763546798,0.0796387520525451,3.1608406408192007,1.2432734989167316,6,406
correlated,6.0,30,0.9,0.9,2,10000,2015,0.1535303776683087,0.051450465243567736,3.2856714003041767,1.150367308607562,6,406
correlated,6.0,30,0.9,0.9,2,10000,3008,0.15599343185550082,0.06458675424192506,3.8643042623740502,1.2645433900675864,6,406
correlated,6.0,30,0.9,0.9,2,10000,4489,0.1416256157635468,0.1295155993431863,3.897194897667833,1.0907050312174047,6,406
correlated,6.0,30,0.9,0.9,2,10000,6700,0.1330049261083744,0.06978653530377535,5.026180768594146,1.1188484245259536,6,406
correlated,6.0,30,0.9,0.9,2,10000,10000,0.1202791461412151,0.09147509578544127,6.159110791990341,1.7245185318198117,6,406
correlated,6.0,30,0.9,0.9,3,0,1,0.004105090311986864,0.004652435686918446,3.96152590088982,1.642189391137566,6,406
correlated,6.0,30,0.9,0.9,3,0,2,0.0036945812807881776,0.003078817733990148,8.411304542701867,3.1412907312362974,6,406
correlated,6.0,30,0.9,0.9,3,0,3,0.003284072249589491,0.005473453749315818,17.3043111513088,3.150014742326599,6,406
correlated,6.0,30,0.9,0.9,3,0,5,0.003284072249589491,0.005473453749315818,35.43847869506962,5.1661813279379984,6,406
correlated,6.0,30,0.9,0.9,3,0,7,0.002052545155993432,0.002805145046524356,55.579707922544124,13.516760807707199,6,406
correlated,6.0,30,0.9,0.9,3,0,11,0.002052545155993432,0.0011631089217296112,106.0563892856531,25.646952156772667,6,406
correlated,6.0,30,0.9,0.9,3,0,16,0.0012315270935960591,0.0014367816091954023,200.52151535280055,39.16638701659861,6,406
correlated,6.0,30,0.9,0.9,3,0,25,0.0012315270935960591,0.0014367816091954023,399.21344983053604,88.30950799436928,6,406
correlated,6.0,30,0.9,0.9,3,0,37,0.0012315270935960591,0.0014367816091954023,632.6837240003168,182.15262910129357,6,406
correlated,6.0,30,0.9,0.9,3,0,55,0.0008210180623973727,0.0005473453749315821,1034.1575684452541,328.05493494499825,6,406
correlated,6.0,30,0.9,0.9,3,0,82,0.00041050903119868636,0.0003420908593322387,1491.2213592363562,442.9448446224883,6,406
correlated,6.0,30,0.9,0.9,3,0,122,0.0,0.0,1877.1608918971172,598.7930704672341,6,406
correlated,6.0,30,0.9,0.9,3,0,182,0.00041050903119868636,0.0003420908593322387,2153.352300191494,657.130883043361,6,406
correlated,6.0,30,0.9,0.9,3,0,272,0.0,0.0,2411.1983305948525,800.3390145831776,6,406
correlated,6.0,30,0.9,0.9,3,0,406,0.00041050903119868636,0.0003420908593322387,2506.004663989684,818.7736151607755,6,406
correlated,6.0,30,0.9,0.9,3,0,606,0.00041050903119868636,0.0003420908593322387,2688.7432697680138,874.7201194987268,6,406
correlated,6.0,30,0.9,0.9,3,0,905,0.0008210180623973727,0.0005473453749315821,2856.6365006094197,917.9308602630712,6,406
correlated,6.0,30,0.9,0.9,3,0,1350,0.00041050903119868636,0.0003420908593322387,3075.5907053198716,1036.514668957197,6,406
correlated,6.0,30,0.9,0.9,3,0,2015,0.0012315270935960591,0.0006157635467980298,3229.0252729036292,1064.3139502338834,6,406
correlated,6.0,30,0.9,0.9,3,0,3008,0.0008210180623973727,0.0005473453749315821,3306.5832929413295,1128.7234834432213,6,406
correlated,6.0,30,0.9,0.9,3,0,4489,0.00041050903119868636,0.0003420908593322387,3381.392378867688,1052.4593725646228,6,406
correlated,6.0,30,0.9,0.9,3,0,6700,0.0,0.0,3239.7702101207474,887.8106853465612,6,406
correlated,6.0,30,0.9,0.9,3,0,10000,0.0,0.0,3291.0990619585377,1008.7384726976666,6,406
correlated,6.0,30,0.9,0.9,3,100,1,0.016420361247947456,0.022714833059660614,2.479821851255633,0.9442088556096979,6,406
correlated,6.0,30,0.9,0.9,3,100,2,0.014367816091954025,0.013478379857690166,5.358768529738499,2.1313255100734185,6,406
correlated,6.0,30,0.9,0.9,3,100,3,0.014367816091954025,0.013478379857690166,7.452597633560262,1.4473685695318719,6,406
correlated,6.0,30,0.9,0.9,3,100,5,0.010673234811165846,0.01696770662287903,12.708457231029733,3.2907617928268675,6,406
correlated,6.0,30,0.9,0.9,3,100,7,0.009441707717569787,0.0225095785440613,17.206403952994105,5.056980200055043,6,406
correlated,6.0,30,0.9,0.9,3,100,11,0.011083743842364532,0.030172413793103446,21.193387157450562,8.533312923546102,6,406
correlated,6.0,30,0.9,0.9,3,100,16,0.008620689655172414,0.010467980295566504,31.641001306203993,10.75994211873086,6,406
correlated,6.0,30,0.9,0.9,3,100,25,0.0090311986863711,0.007936507936507941,53.36012451145488,24.582413071611523,6,406
correlated,6.0,30,0.9,0.9,3,100,37,0.0073891625615763535,0.008210180623973728,75.54247353265414,32.81358097102155,6,406
correlated,6.0,30,0.9,0.9,3,100,55,0.007389162561576355,0.008210180623973717,96.44918657793856,28.297431190239237,6,406
correlated,6.0,30,0.9,0.9,3,100,82,0.008620689655172414,0.008825944170771755,125.22815547280372,37.86607124173224,6,406
correlated,6.0,30,0.9,0.9,3,100,122,0.007389162561576355,0.008210180623973717,185.4337875031923,90.47696709479155,6,406
correlated,6.0,30,0.9,0.9,3,100,182,0.006568144499178982,0.010399562123700058,258.9575774757657,126.86748582467307,6,406
correlated,6.0,30,0.9,0.9,3,100,272,0.004515599343185551,0.006089217296113849,298.3809405891946,117.29759851888255,6,406
correlated,6.0,30,0.9,0.9,3,100,406,0.0049261083743842365,0.005747126436781607,339.4704474828184,155.7373983197053,6,406
correlated,6.0,30,0.9,0.9,3,100,606,0.004105090311986864,0.0071154898741105635,424.3163739815562,186.13937281822479,6,406
correlated,6.0,30,0.9,0.9,3,100,905,0.005336617405582923,0.007731253420908594,488.5040216442587,212.24162562521798,6,406
correlated,6.0,30,0.9,0.9,3,100,1350,0.004105090311986864,0.0038314176245210726,570.046286783844,235.0811005120539,6,406
correlated,6.0,30,0.9,0.9,3,100,2015,0.0036945812807881776,0.003078817733990145,657.3038453520297,250.37676017986567,6,406
correlated,6.0,30,0.9,0.9,3,100,3008,0.0036945812807881776,0.0022577996715927736,727.0152370325494,279.07441741574337,6,406
correlated,6.0,30,0.9,0.9,3,100,4489,0.0036945812807881776,0.0071839080459770105,736.4771542990542,285.7862338004875,6,406
correlated,6.0,30,0.9,0.9,3,100,6700,0.003284072249589491,0.0021893814997263287,684.575133458008,211.16341248106252,6,406
correlated,6.0,30,0.9,0.9,3,100,10000,0.0028735632183908046,0.0019841269841269845,678.0536078100486,262.3357831017394,6,406
correlated,6.0,30,0.9,0.9,3,1000,1,0.035303776683087026,0.06458675424192674,0.9219608743748435,0.5190308589211142,6,406
correlated,6.0,30,0.9,0.9,3,1000,2,0.03407224958949097,0.05699233716475099,2.443085457427796,1.5353627985818463,6,406
correlated,6.0,30,0.9,0.9,3,1000,3,0.03407224958949096,0.06438149972632752,3.6286837895974924,2.442416589711484,6,406
correlated,6.0,30,0.9,0.9,3,1000,5,0.03201970443349754,0.05336617405582912,5.578682042401053,2.9586802836104913,6,406
correlated,6.0,30,0.9,0.9,3,1000,7,0.02955665024630542,0.051724137931034454,6.9192041967776445,4.29008471174312,6,406
correlated,6.0,30,0.9,0.9,3,1000,11,0.026683087027914613,0.03154077723043247,10.651838150360158,6.7905052299702975,6,406
correlated,6.0,30,0.9,0.9,3,1000,16,0.025451559934318555,0.044882320744389685,14.482021959705472,9.309498086878806,6,406
correlated,6.0,30,0.9,0.9,3,1000,25,0.020525451559934318,0.007936507936507936,23.821105191971895,13.318791785056398,6,406
correlated,6.0,30,0.9,0.9,3,1000,37,0.020935960591133007,0.019499178981937565,33.745780822172605,16.422959649756248,6,406
correlated,6.0,30,0.9,0.9,3,1000,55,0.01847290640394089,0.026888341543513914,39.03552334255206,25.097608038371735,6,406
correlated,6.0,30,0.9,0.9,3,1000,82,0.01929392446633826,0.019225506294471794,48.52222243243393,29.83363760865878,6,406
correlated,6.0,30,0.9,0.9,3,1000,122,0.014778325123152707,0.009031198686371115,61.06588616742837,30.88958426474201,6,406
correlated,6.0,30,0.9,0.9,3,1000,182,0.015599343185550082,0.012041598248494798,81.96753082861143,40.17353231682709,6,406
correlated,6.0,30,0.9,0.9,3,1000,272,0.01354679802955665,0.006362889983579651,108.40869628570597,48.59564378669086,6,406
correlated,6.0,30,0.9,0.9,3,1000,406,0.015599343185550082,0.015325670498084285,105.9122453995584,46.27810589395133,6,406
correlated,6.0,30,0.9,0.9,3,1000,606,0.014367816091954025,0.006910235358511192,139.7288230907605,51.8694329325667,6,406
correlated,6.0,30,0.9,0.9,3,1000,905,0.012725779967159276,0.006089217296113848,194.8013073695474,106.80517804395542,6,406
correlated,6.0,30,0.9,0.9,3,1000,1350,0.009852216748768473,0.004105090311986853,185.7830258330091,126.58923783500484,6,406
correlated,6.0,30,0.9,0.9,3,1000,2015,0.010673234811165846,0.0038314176245210713,198.52440660990877,154.89701748748624,6,406
correlated,6.0,30,0.9,0.9,3,1000,3008,0.008620689655172414,0.00636288998357964,259.28899678962836,175.92611471761572,6,406
correlated,6.0,30,0.9,0.9,3,1000,4489,0.009441707717569787,0.0011631089217296066,225.97722412077974,200.34041386197563,6,406
correlated,6.0,30,0.9,0.9,3,1000,6700,0.011083743842364532,0.007183908045977006,226.81998872577648,174.24783563647028,6,406
correlated,6.0,30,0.9,0.9,3,1000,10000,0.006978653530377668,0.0036261631089217353,268.43967860680385,166.37543064680824,6,406
correlated,6.0,30,0.9,0.9,3,10000,1,0.0574712643678161,0.10563765736179524,1.0871429673263402,0.5670022865368409,6,406
correlated,6.0,30,0.9,0.9,3,10000,2,0.052545155993431854,0.10235358511220609,1.6057079359544957,1.0122266916069507,6,406
correlated,6.0,30,0.9,0.9,3,10000,3,0.050492610837438424,0.09503284072249582,2.4586049932847636,1.1160213019982583,6,406
correlated,6.0,30,0.9,0.9,3,10000,5,0.05008210180623973,0.06704980842911909,5.292766827878857,3.032261213651586,6,406
correlated,6.0,30,0.9,0.9,3,10000,7,0.0480295566502463,0.06055008210180625,7.048982677865229,4.275217110145016,6,406
correlated,6.0,30,0.9,0.9,3,10000,11,0.04351395730706076,0.07443897099069517,11.650681295800178,7.886656014661525,6,406
correlated,6.0,30,0.9,0.9,3,10000,16,0.0422824302134647,0.046319102353584954,14.621425241709387,12.220387021239166,6,406
correlated,6.0,30,0.9,0.9,3,10000,25,0.03940886699507389,0.04515599343185535,15.719420660546641,10.127413367824566,6,406
correlated,6.0,30,0.9,0.9,3,10000,37,0.040229885057471264,0.02846195949644232,21.1077504905313,10.688038524500486,6,406
correlated,6.0,30,0.9,0.9,3,10000,55,0.036535303776683084,0.04057197591680362,33.84949372082911,26.18087554751877,6,406
correlated,6.0,30,0.9,0.9,3,10000,82,0.03201970443349754,0.018062397372742123,36.51634382784394,31.19861163994825,6,406
correlated,6.0,30,0.9,0.9,3,10000,122,0.029146141215106735,0.03071975916803501,51.225576441092336,40.26128919958434,6,406
correlated,6.0,30,0.9,0.9,3,10000,182,0.029146141215106735,0.027435686918445543,60.36336740971344,42.858391019217315,6,406
correlated,6.0,30,0.9,0.9,3,10000,272,0.02791461412151067,0.044882320744389734,62.429412703827516,26.696938729937855,6,406
correlated,6.0,30,0.9,0.9,3,10000,406,0.02504105090311987,0.03482484948002194,73.37166361721208,40.45840544199693,6,406
correlated,6.0,30,0.9,0.9,3,10000,606,0.02257799671592775,0.00608921729611387,82.59089181594346,53.37830637454755,6,406
correlated,6.0,30,0.9,0.9,3,10000,905,0.018062397372742203,0.01614668856048162,119.63292637617683,97.88407349055811,6,406
correlated,6.0,30,0.9,0.9,3,10000,1350,0.018883415435139574,0.007936507936507936,144.54593834616279,129.32503495662678,6,406
correlated,6.0,30,0.9,0.9,3,10000,2015,0.014367816091954021,0.014299397920087609,160.9053917671825,167.98212113350877,6,406
correlated,6.0,30,0.9,0.9,3,10000,3008,0.01477832512315271,0.02216748768472905,147.53654202353619,93.6214974141234,6,406
correlated,6.0,30,0.9,0.9,3,10000,4489,0.01683087027914614,0.022509578544061302,140.8658861947135,120.9461714474658,6,406
correlated,6.0,30,0.9,0.9,3,10000,6700,0.013957307060755335,0.014504652435686941,126.91745170479676,74.46108143156607,6,406
correlated,6.0,30,0.9,0.9,3,10000,10000,0.015599343185550084,0.017788724685276393,224.99775430279252,301.8419167166291,6,406
correlated,6.0,30,0.9,0.9,4,0,1,0.0020525451559934315,0.001163108921729612,5.335370670885529,2.3052494528687903,6,406
correlated,6.0,30,0.9,0.9,4,0,2,0.0020525451559934315,0.001163108921729612,13.077215284204776,5.438815817104374,6,406
correlated,6.0,30,0.9,0.9,4,0,3,0.0020525451559934315,0.001163108921729612,20.08884391514596,7.912589394746525,6,406
correlated,6.0,30,0.9,0.9,4,0,5,0.0016420361247947454,0.0005473453749315822,39.40067875688652,20.350482936054032,6,406
correlated,6.0,30,0.9,0.9,4,0,7,0.00041050903119868636,0.0003420908593322387,62.56630828264928,33.363192157193986,6,406
correlated,6.0,30,0.9,0.9,4,0,11,0.0016420361247947454,0.0005473453749315822,123.85134957434764,63.7403281313154,6,406
correlated,6.0,30,0.9,0.9,4,0,16,0.0012315270935960591,0.0006157635467980298,203.38676072039036,71.17738081424211,6,406
correlated,6.0,30,0.9,0.9,4,0,25,0.00041050903119868636,0.0003420908593322387,409.21158737256013,97.44893549907128,6,406
correlated,6.0,30,0.9,0.9,4,0,37,0.0008210180623973727,0.0005473453749315821,681.6013267765965,94.6042066465899,6,406
correlated,6.0,30,0.9,0.9,4,0,55,0.0008210180623973727,0.0005473453749315821,1114.1826482637546,211.4669002306352,6,406
correlated,6.0,30,0.9,0.9,4,0,82,0.0016420361247947454,0.0013683634373289552,1616.8673449967882,355.9991612745778,6,406
correlated,6.0,30,0.9,0.9,4,0,122,0.0016420361247947454,0.0013683634373289552,2297.58778273699,571.1653927436673,6,406
correlated,6.0,30,0.9,0.9,4,0,182,0.0008210180623973727,0.0005473453749315821,2604.9278269615916,711.6941878779643,6,406
correlated,6.0,30,0.9,0.9,4,0,272,0.0012315270935960591,0.0006157635467980298,3069.651337130908,1058.092781855372,6,406
correlated,6.0,30,0.9,0.9,4,0,406,0.0012315270935960591,0.0006157635467980298,3453.249870596983,1289.1417988533117,6,406
correlated,6.0,30,0.9,0.9,4,0,606,0.0008210180623973727,0.0005473453749315821,4158.148522805202,1819.6305795091314,6,406
correlated,6.0,30,0.9,0.9,4,0,905,0.0008210180623973727,0.0005473453749315821,4468.029702931886,1866.9637616668751,6,406
correlated,6.0,30,0.9,0.9,4,0,1350,0.0008210180623973727,0.0005473453749315821,4771.651247408558,2038.344954298681,6,406
correlated,6.0,30,0.9,0.9,4,0,2015,0.0016420361247947454,0.0013683634373289552,4919.840797941056,2044.5138672435596,6,406
correlated,6.0,30,0.9,0.9,4,0,3008,0.0016420361247947454,0.0013683634373289552,5073.525348928118,2065.084439938341,6,406
correlated,6.0,30,0.9,0.9,4,0,4489,0.0012315270935960591,0.0014367816091954023,5135.134243931261,2027.470633343787,6,406
correlated,6.0,30,0.9,0.9,4,0,6700,0.0012315270935960591,0.0014367816091954023,5165.770096050936,2049.32601936598,6,406
correlated,6.0,30,0.9,0.9,4,0,10000,0.0012315270935960591,0.0014367816091954023,5177.553474495431,2017.557916734226,6,406
correlated,6.0,30,0.9,0.9,4,100,1,0.029146141215106735,0.07012862616310889,2.415068006879728,1.6357530155799909,6,406
correlated,6.0,30,0.9,0.9,4,100,2,0.027504105090311984,0.08162287903667213,5.208268778644687,3.7026103425324908,6,406
correlated,6.0,30,0.9,0.9,4,100,3,0.0270935960591133,0.07963875205254514,7.268993558398782,3.8668567475452575,6,406
correlated,6.0,30,0.9,0.9,4,100,5,0.025862068965517238,0.06301313628899842,11.627037711271123,7.748028979799151,6,406
correlated,6.0,30,0.9,0.9,4,100,7,0.025041050903119866,0.06109742747673792,18.726271413954205,17.117183559112327,6,406
correlated,6.0,30,0.9,0.9,4,100,11,0.02257799671592775,0.06684455391351947,24.47468966963251,17.85639649223971,6,406
correlated,6.0,30,0.9,0.9,4,100,16,0.024630541871921183,0.07471264367816097,40.36812672325893,29.46984147376062,6,406
correlated,6.0,30,0.9,0.9,4,100,25,0.022988505747126436,0.06704980842911878,60.34278592155687,35.63463290444905,6,406
correlated,6.0,30,0.9,0.9,4,100,37,0.022988505747126436,0.08182813355227153,87.23483447828572,59.29490460048131,6,406
correlated,6.0,30,0.9,0.9,4,100,55,0.019293924466338257,0.06356048166392991,120.34947802600526,93.17438256484185,6,406
correlated,6.0,30,0.9,0.9,4,100,82,0.017651888341543513,0.049603174603174614,170.6389315663322,122.21318806805226,6,406
correlated,6.0,30,0.9,0.9,4,100,122,0.019704433497536946,0.06075533661740556,217.31859727646494,134.8605203794715,6,406
correlated,6.0,30,0.9,0.9,4,100,182,0.020114942528735635,0.046319102353585065,317.6886636833829,257.12797436477126,6,406
correlated,6.0,30,0.9,0.9,4,100,272,0.019704433497536946,0.05911330049261081,444.168783407184,363.7537888130697,6,406
correlated,6.0,30,0.9,0.9,4,100,406,0.016009852216748766,0.028530377668308713,630.0995049588299,528.4098390729092,6,406
correlated,6.0,30,0.9,0.9,4,100,606,0.018472906403940885,0.04987684729064039,888.1646107028636,786.4394576906191,6,406
correlated,6.0,30,0.9,0.9,4,100,905,0.0180623973727422,0.029282977558839608,1076.2711456041463,918.9455286518554,6,406
correlated,6.0,30,0.9,0.9,4,100,1350,0.01683087027914614,0.0381089217296114,1168.2631094451299,1082.4060644618057,6,406
correlated,6.0,30,0.9,0.9,4,100,2015,0.016420361247947452,0.030103995621237008,1217.3286343762184,1060.6425003322995,6,406
correlated,6.0,30,0.9,0.9,4,100,3008,0.016420361247947452,0.026819923371647545,1323.1333368726046,1108.1245714722354,6,406
correlated,6.0,30,0.9,0.9,4,100,4489,0.014778325123152707,0.0311986863711002,1331.3131600150916,1058.431801960311,6,406
correlated,6.0,30,0.9,0.9,4,100,6700,0.011494252873563218,0.01696770662287903,1359.498018355395,1089.870725750648,6,406
correlated,6.0,30,0.9,0.9,4,100,10000,0.015188834154351398,0.03071975916803503,1375.7518247195042,1094.0714301094315,6,406
correlated,6.0,30,0.9,0.9,4,1000,1,0.14573070607553365,0.17275588396278085,0.4098054273833658,0.6396692033460737,6,406
correlated,6.0,30,0.9,0.9,4,1000,2,0.1440886699507389,0.17138752052545317,0.5775364562315731,0.8053044118179137,6,406
correlated,6.0,30,0.9,0.9,4,1000,3,0.1412151067323481,0.16967706622879217,0.8607060093970795,1.0109710827752794,6,406
correlated,6.0,30,0.9,0.9,4,1000,5,0.138752052545156,0.17378215654077803,1.394080157991546,1.8924106214001275,6,406
correlated,6.0,30,0.9,0.9,4,1000,7,0.13752052545155993,0.19902846195949692,2.250794650558171,2.9919279012131814,6,406
correlated,6.0,30,0.9,0.9,4,1000,11,0.1346469622331691,0.13026819923372018,3.2114984234029476,5.122458857750338,6,406
correlated,6.0,30,0.9,0.9,4,1000,16,0.13505747126436782,0.1473043240284617,3.5575606729789016,5.168277025054755,6,406
correlated,6.0,30,0.9,0.9,4,1000,25,0.1325944170771757,0.14155719759168062,4.697133778065774,7.192858765792864,6,406
correlated,6.0,30,0.9,0.9,4,1000,37,0.13095238095238096,0.15469348659003934,4.973921106825576,8.00787047214809,6,406
correlated,6.0,30,0.9,0.9,4,1000,55,0.13054187192118227,0.14203612479474417,7.648518460506569,12.081329086142807,6,406
correlated,6.0,30,0.9,0.9,4,1000,82,0.12602627257799673,0.11446360153256484,9.898718143323078,13.822557792295303,6,406
correlated,6.0,30,0.9,0.9,4,1000,122,0.12315270935960593,0.05911330049260869,9.303165749749878,10.438555696786583,6,406
correlated,6.0,30,0.9,0.9,4,1000,182,0.12192118226600986,0.08271756978653591,12.141557170756753,15.955215333655769,6,406
correlated,6.0,30,0.9,0.9,4,1000,272,0.12151067323481117,0.12862616310892144,31.22533769566836,53.95716926812202,6,406
correlated,6.0,30,0.9,0.9,4,1000,406,0.11822660098522168,0.08456486042692857,57.84847096904368,109.50726252103317,6,406
correlated,6.0,30,0.9,0.9,4,1000,606,0.11371100164203612,0.05535030103995615,94.15929000348662,188.38727609944632,6,406
correlated,6.0,30,0.9,0.9,4,1000,905,0.1083743842364532,0.035303776683087526,120.4060722611628,247.28757803872807,6,406
correlated,6.0,30,0.9,0.9,4,1000,1350,0.10385878489326766,0.034003831417623545,137.75888335141414,273.9446608851974,6,406
correlated,6.0,30,0.9,0.9,4,1000,2015,0.09688013136288998,0.062123700054735095,192.29337780230205,374.4930052883684,6,406
correlated,6.0,30,0.9,0.9,4,1000,3008,0.09400656814449919,0.043856048166391895,201.10254245959854,385.13168756759717,6,406
correlated,6.0,30,0.9,0.9,4,1000,4489,0.08620689655172414,0.058292282430213206,212.13869091577018,388.6851086527278,6,406
correlated,6.0,30,0.9,0.9,4,1000,6700,0.08497536945812807,0.046592775041051145,210.19196402325272,389.0602093377719,6,406
correlated,6.0,30,0.9,0.9,4,1000,10000,0.07594417077175698,0.03236179529282941,218.0384981628962,386.1785116373843,6,406
correlated,6.0,30,0.9,0.9,4,10000,1,0.201559934318555,0.056992337164748524,0.019253879607865492,0.014941927324642031,6,406
correlated,6.0,30,0.9,0.9,4,10000,2,0.201559934318555,0.056992337164748524,0.04766207386552262,0.05842636881056634,6,406
correlated,6.0,30,0.9,0.9,4,10000,3,0.20032840722495893,0.06130268199234172,0.07840793498760819,0.08883524034611526,6,406
correlated,6.0,30,0.9,0.9,4,10000,5,0.19704433497536947,0.04269293924466379,0.12544819771759347,0.11261210299868583,6,406
correlated,6.0,30,0.9,0.9,4,10000,7,0.1962233169129721,0.05555555555555643,0.16468396744352057,0.12693472069731324,6,406
correlated,6.0,30,0.9,0.9,4,10000,11,0.1933497536945813,0.057266009852214625,0.2586366425588488,0.13011648713647692,6,406
correlated,6.0,30,0.9,0.9,4,10000,16,0.1892446633825944,0.10461138478380494,0.4140206579497147,0.2838930233098131,6,406
correlated,6.0,30,0.9,0.9,4,10000,25,0.18431855500821018,0.1456622879036693,0.5389233651200986,0.31629947760098964,6,406
correlated,6.0,30,0.9,0.9,4,10000,37,0.18308702791461415,0.13026819923371172,0.5211110135407758,0.32016624147532424,6,406
correlated,6.0,30,0.9,0.9,4,10000,55,0.17857142857142858,0.07614942528735866,0.8051836803407156,0.38571833279138557,6,406
correlated,6.0,30,0.9,0.9,4,10000,82,0.17692939244663383,0.13088396278051395,1.0055445171360218,0.37997327679474374,6,406
correlated,6.0,30,0.9,0.9,4,10000,122,0.18144499178981935,0.1015325670498106,0.9947101414959164,0.42439906384543735,6,406
correlated,6.0,30,0.9,0.9,4,10000,182,0.17610837438423643,0.10570607553366229,1.255435984064554,0.5619703813058164,6,406
correlated,6.0,30,0.9,0.9,4,10000,272,0.16461412151067326,0.07669677066228664,1.7570949341286732,0.9003940426800104,6,406
correlated,6.0,30,0.9,0.9,4,10000,406,0.16995073891625614,0.09688013136289253,1.9022910323696889,1.0401846069688017,6,406
correlated,6.0,30,0.9,0.9,4,10000,606,0.1625615763546798,0.10755336617405355,2.254295578189702,1.2679834221309054,6,406
correlated,6.0,30,0.9,0.9,4,10000,905,0.16091954022988506,0.08429118773946317,2.5840231185450357,1.475662408337852,6,406
correlated,6.0,30,0.9,0.9,4,10000,1350,0.1568144499178982,0.07772304324028381,3.2616204400569635,1.1687961906314193,6,406
correlated,6.0,30,0.9,0.9,4,10000,2015,0.15188834154351397,0.06869184455391095,4.46032425651989,2.330442995248481,6,406
correlated,6.0,30,0.9,0.9,4,10000,3008,0.15311986863711002,0.13416803503010435,5.133105396842022,2.952638165177188,6,406
correlated,6.0,30,0.9,0.9,4,10000,4489,0.13998357963875205,0.04303503010399571,5.5457180609499375,2.0702671210462076,6,406
correlated,6.0,30,0.9,0.9,4,10000,6700,0.1325944170771757,0.11610563765736144,7.022032640268866,3.8265381677203045,6,406
correlated,6.0,30,0.9,0.9,4,10000,10000,0.1239737274220033,0.09250136836343563,7.623257477173187,3.2271408397441426,6,406
correlated,6.0,30,0.9,0.9,5,0,1,0.005336617405582923,0.005268199233716476,4.643194459165551,1.33017631453072,6,406
correlated,6.0,30,0.9,0.9,5,0,2,0.005336617405582923,0.005268199233716476,12.07426190252688,3.327666080135414,6,406
correlated,6.0,30,0.9,0.9,5,0,3,0.0049261083743842365,0.004105090311986864,20.63384158090034,6.803495307539979,6,406
correlated,6.0,30,0.9,0.9,5,0,5,0.0036945812807881776,0.0022577996715927736,39.12468651505177,13.688273622670714,6,406
correlated,6.0,30,0.9,0.9,5,0,7,0.002052545155993432,0.0011631089217296112,66.40470115912804,17.41259070740368,6,406
correlated,6.0,30,0.9,0.9,5,0,11,0.0024630541871921183,0.0016420361247947454,125.98055101281363,36.5538686049761,6,406
correlated,6.0,30,0.9,0.9,5,0,16,0.0024630541871921183,0.0016420361247947454,216.01891676014125,47.738821176636485,6,406
correlated,6.0,30,0.9,0.9,5,0,25,0.0024630541871921183,0.0016420361247947454,399.4080522727231,69.60694158135657,6,406
correlated,6.0,30,0.9,0.9,5,0,37,0.0012315270935960591,0.0006157635467980298,730.5509306349464,140.9993861641274,6,406
correlated,6.0,30,0.9,0.9,5,0,55,0.0016420361247947454,0.0013683634373289546,1137.3074389459173,343.1059903157126,6,406
correlated,6.0,30,0.9,0.9,5,0,82,0.0012315270935960591,0.0006157635467980298,1653.4836075318087,511.373442405007,6,406
correlated,6.0,30,0.9,0.9,5,0,122,0.0012315270935960591,0.0014367816091954023,2352.587389009225,719.682585237351,6,406
correlated,6.0,30,0.9,0.9,5,0,182,0.0008210180623973727,0.0005473453749315821,2892.3225794467176,939.690343922082,6,406
correlated,6.0,30,0.9,0.9,5,0,272,0.0008210180623973727,0.0013683634373289548,3312.5828604145863,968.2546932825553,6,406
correlated,6.0,30,0.9,0.9,5,0,406,0.0016420361247947454,0.0021893814997263283,3648.0956234627524,1073.0116370210533,6,406
correlated,6.0,30,0.9,0.9,5,0,606,0.0016420361247947454,0.0021893814997263283,3982.8288158539326,1270.5544192711293,6,406
correlated,6.0,30,0.9,0.9,5,0,905,0.0012315270935960591,0.0014367816091954023,4283.541186816275,1381.795902308334,6,406
correlated,6.0,30,0.9,0.9,5,0,1350,0.0012315270935960591,0.0014367816091954023,4563.345147984743,1416.6565563271215,6,406
correlated,6.0,30,0.9,0.9,5,0,2015,0.0016420361247947454,0.0013683634373289546,4708.016782587471,1539.0534478410273,6,406
correlated,6.0,30,0.9,0.9,5,0,3008,0.0024630541871921183,0.0016420361247947454,4832.947841199698,1520.494006942685,6,406
correlated,6.0,30,0.9,0.9,5,0,4489,0.002052545155993432,0.001984126984126984,4842.969604161611,1485.311063854876,6,406
correlated,6.0,30,0.9,0.9,5,0,6700,0.0016420361247947454,0.0013683634373289546,4957.519803424351,1486.4303226986149,6,406
correlated,6.0,30,0.9,0.9,5,0,10000,0.002052545155993432,0.001984126984126984,4955.781800196129,1464.973331335,6,406
correlated,6.0,30,0.9,0.9,5,100,1,0.028325123152709363,0.14100985221674878,2.637425144260286,1.4085964992682494,6,406
correlated,6.0,30,0.9,0.9,5,100,2,0.02750410509031199,0.10789545703338797,4.906647030477193,2.5013371349330447,6,406
correlated,6.0,30,0.9,0.9,5,100,3,0.026272577996715927,0.10399562123700058,7.388317447085485,2.8168004831119573,6,406
correlated,6.0,30,0.9,0.9,5,100,5,0.0270935960591133,0.10098522167487682,12.288568644591045,5.4756806420102135,6,406
correlated,6.0,30,0.9,0.9,5,100,7,0.02586206896551724,0.10406403940886692,15.799552078491905,6.859681723407376,6,406
correlated,6.0,30,0.9,0.9,5,100,11,0.023399014778325122,0.1122742200328407,24.32942554200957,10.913844817921206,6,406
correlated,6.0,30,0.9,0.9,5,100,16,0.022988505747126436,0.1163108921729611,38.583626728397725,13.058836422795363,6,406
correlated,6.0,30,0.9,0.9,5,100,25,0.02175697865353038,0.1013273125342091,68.41692079704427,28.592951877089245,6,406
correlated,6.0,30,0.9,0.9,5,100,37,0.02052545155993432,0.10563765736179534,95.23526294460578,50.50100181255166,6,406
correlated,6.0,30,0.9,0.9,5,100,55,0.020114942528735632,0.08490695128626163,145.71147721876952,53.074651452149105,6,406
correlated,6.0,30,0.9,0.9,5,100,82,0.018472906403940885,0.05480295566502465,200.6214520168588,70.73002115972605,6,406
correlated,6.0,30,0.9,0.9,5,100,122,0.0180623973727422,0.0670498084291188,272.8137550049016,69.78362665535815,6,406
correlated,6.0,30,0.9,0.9,5,100,182,0.018062397372742203,0.07279693486590036,349.064653875339,73.34800628725002,6,406
correlated,6.0,30,0.9,0.9,5,100,272,0.017651888341543517,0.07177066228790367,450.0068382641394,111.08225211060406,6,406
correlated,6.0,30,0.9,0.9,5,100,406,0.02052545155993432,0.09003831417624517,573.2610593788471,201.3208626959134,6,406
correlated,6.0,30,0.9,0.9,5,100,606,0.020114942528735632,0.08408593322386426,729.8925770129127,214.93882214672232,6,406
correlated,6.0,30,0.9,0.9,5,100,905,0.01929392446633826,0.06848659003831414,846.6453566112458,284.3452855506601,6,406
correlated,6.0,30,0.9,0.9,5,100,1350,0.017651888341543517,0.12759989053092502,946.644032047494,265.5093543358104,6,406
correlated,6.0,30,0.9,0.9,5,100,2015,0.017651888341543517,0.09558018609742742,1003.0849785318404,334.76189102602524,6,406
correlated,6.0,30,0.9,0.9,5,100,3008,0.016420361247947456,0.10481663929939791,1077.1479234977564,332.1415743944118,6,406
correlated,6.0,30,0.9,0.9,5,100,4489,0.013957307060755339,0.051450465243568694,1071.1521133857427,316.01538719794615,6,406
correlated,6.0,30,0.9,0.9,5,100,6700,0.01354679802955665,0.028530377668308713,1134.1980504646874,326.4682434685739,6,406
correlated,6.0,30,0.9,0.9,5,100,10000,0.013136288998357963,0.040777230432402854,1152.0609274411936,327.88665648750043,6,406
correlated,6.0,30,0.9,0.9,5,1000,1,0.15188834154351394,0.11302681992337416,0.25907375438549446,0.22166106895526694,6,406
correlated,6.0,30,0.9,0.9,5,1000,2,0.14942528735632182,0.10645867542419478,0.42779959119615557,0.1963102280026789,6,406
correlated,6.0,30,0.9,0.9,5,1000,3,0.14901477832512314,0.10981116584564958,0.748496026118263,0.7837158579541248,6,406
correlated,6.0,30,0.9,0.9,5,1000,5,0.14614121510673236,0.12616310892172866,0.7944833929238895,0.536186832451539,6,406
correlated,6.0,30,0.9,0.9,5,1000,7,0.14367816091954022,0.12616310892173008,1.216949831790216,0.8902118588148125,6,406
correlated,6.0,30,0.9,0.9,5,1000,11,0.14121510673234813,0.14012041598248287,2.543324827818595,3.0226259639131667,6,406
correlated,6.0,30,0.9,0.9,5,1000,16,0.13752052545155993,0.09804324028461853,3.3387145025320986,3.9753594095619835,6,406
correlated,6.0,30,0.9,0.9,5,1000,25,0.13711001642036127,0.12041598248494619,3.169441238680889,3.4364723243725206,6,406
correlated,6.0,30,0.9,0.9,5,1000,37,0.1325944170771757,0.08819102353585159,5.063945961607492,4.36498663439887,6,406
correlated,6.0,30,0.9,0.9,5,1000,55,0.12848932676518884,0.03236179529283047,8.11717194611172,5.507582657465665,6,406
correlated,6.0,30,0.9,0.9,5,1000,82,0.12315270935960591,0.04433497536945687,6.777852292598155,4.341418799861361,6,406
correlated,6.0,30,0.9,0.9,5,1000,122,0.1202791461412151,0.029898741105639084,7.368564509343924,3.9098139304088217,6,406
correlated,6.0,30,0.9,0.9,5,1000,182,0.11863711001642036,0.035645867542420856,12.116782076821108,7.327189781809964,6,406
correlated,6.0,30,0.9,0.9,5,1000,272,0.11945812807881773,0.03427750410509246,22.957479063675148,19.781112680813298,6,406
correlated,6.0,30,0.9,0.9,5,1000,406,0.1083743842364532,0.03612479474548512,23.808281646637905,15.387073269203144,6,406
correlated,6.0,30,0.9,0.9,5,1000,606,0.10221674876847292,0.07614942528735584,26.71464575304807,21.785652045454036,6,406
correlated,6.0,30,0.9,0.9,5,1000,905,0.09770114942528736,0.0785440613026814,41.45380232925961,37.80791928957749,6,406
correlated,6.0,30,0.9,0.9,5,1000,1350,0.09729064039408868,0.17959770114942492,46.62419294113457,36.98932883291868,6,406
correlated,6.0,30,0.9,0.9,5,1000,2015,0.09318555008210179,0.029077723043241487,53.19729271765869,39.04896023964241,6,406
correlated,6.0,30,0.9,0.9,5,1000,3008,0.08251231527093596,0.054802955665025,57.710675785722486,40.783333878644626,6,406
correlated,6.0,30,0.9,0.9,5,1000,4489,0.07758620689655173,0.05972906403940953,66.53525368677343,50.47473650072514,6,406
correlated,6.0,30,0.9,0.9,5,1000,6700,0.07389162561576355,0.10673234811165806,79.57414085314099,73.3342186205795,6,406
correlated,6.0,30,0.9,0.9,5,1000,10000,0.06855500821018062,0.05124521072796922,87.83881115135432,93.51076094255818,6,406
correlated,6.0,30,0.9,0.9,5,10000,1,0.18226600985221675,0.0385878489326751,0.048273799908527,0.014747764826055412,6,406
correlated,6.0,30,0.9,0.9,5,10000,2,0.18144499178981935,0.031746031746033854,0.12689369190305969,0.1040217443888079,6,406
correlated,6.0,30,0.9,0.9,5,10000,3,0.1810344827586207,0.020320197044333313,0.17928977980292213,0.10940146948794564,6,406
correlated,6.0,30,0.9,0.9,5,10000,5,0.17651888341543512,0.015325670498088952,0.29281786238208385,0.14296247876300458,6,406
correlated,6.0,30,0.9,0.9,5,10000,7,0.17405582922824303,0.007936507936505646,0.35539325914783637,0.15228063752087714,6,406
correlated,6.0,30,0.9,0.9,5,10000,11,0.1715927750410509,0.009578544061303658,0.526741276548797,0.19134123962174343,6,406
correlated,6.0,30,0.9,0.9,5,10000,16,0.16789819376026272,0.02579365079364969,0.5718293747816732,0.07945712553026647,6,406
correlated,6.0,30,0.9,0.9,5,10000,25,0.16954022988505746,0.01594143404488134,0.7272466483373877,0.17173561908363733,6,406
correlated,6.0,30,0.9,0.9,5,10000,37,0.16995073891625614,0.013957307060754223,0.8929661945755157,0.12294232751741321,6,406
correlated,6.0,30,0.9,0.9,5,10000,55,0.16666666666666666,0.014504652435685016,1.1703469223051226,0.2466180201789275,6,406
correlated,6.0,30,0.9,0.9,5,10000,82,0.159688013136289,0.03236179529283047,1.6285473383777367,0.6089320295620104,6,406
correlated,6.0,30,0.9,0.9,5,10000,122,0.1621510673234811,0.024972632731254205,1.6648232315259126,0.6316562519699005,6,406
correlated,6.0,30,0.9,0.9,5,10000,182,0.15517241379310345,0.03612479474548301,2.0138613084826402,0.5451005080590464,6,406
correlated,6.0,30,0.9,0.9,5,10000,272,0.15517241379310345,0.0197044334975367,2.391348059183397,1.0275996294689722,6,406
correlated,6.0,30,0.9,0.9,5,10000,406,0.15024630541871922,0.029556650246306458,3.3180286721262493,1.803837003019845,6,406
correlated,6.0,30,0.9,0.9,5,10000,606,0.14942528735632185,0.05227148330596463,3.542512274457131,1.7525272867374084,6,406
correlated,6.0,30,0.9,0.9,5,10000,905,0.14285714285714288,0.09195402298850554,3.731457121666438,1.638213006683752,6,406
correlated,6.0,30,0.9,0.9,5,10000,1350,0.13916256157635468,0.10242200328407472,4.590404141668063,1.9450582174726891,6,406
correlated,6.0,30,0.9,0.9,5,10000,2015,0.13095238095238096,0.18096606458675402,5.277481929721646,2.348455988845444,6,406
correlated,6.0,30,0.9,0.9,5,10000,3008,0.1264367816091954,0.14997263273125547,6.417298391176914,2.8845420692953563,6,406
correlated,6.0,30,0.9,0.9,5,10000,4489,0.12068965517241381,0.14532019704433316,6.777904668542143,2.9416574706633174,6,406
correlated,6.0,30,0.9,0.9,5,10000,6700,0.1149425287356322,0.11384783798576752,7.110744140342594,2.9702994250919175,6,406
correlated,6.0,30,0.9,0.9,5,10000,10000,0.10755336617405582,0.05309250136836505,9.924681625830122,3.2941176942805215,6,406
correlated,6.0,30,0.9,0.9,6,0,1,0.0028735632183908046,0.0028051450465243566,7.737922389930571,2.8152544357344302,6,406
correlated,6.0,30,0.9,0.9,6,0,2,0.002052545155993432,0.0011631089217296112,14.024427293399201,1.5742264297032509,6,406
correlated,6.0,30,0.9,0.9,6,0,3,0.0016420361247947454,0.0013683634373289546,21.541426894666298,4.8564972517769345,6,406
correlated,6.0,30,0.9,0.9,6,0,5,0.0012315270935960591,0.0006157635467980298,46.465854079718476,15.609432031221752,6,406
correlated,6.0,30,0.9,0.9,6,0,7,0.0012315270935960591,0.0014367816091954023,76.3914691632418,27.84076376179676,6,406
correlated,6.0,30,0.9,0.9,6,0,11,0.0012315270935960591,0.0014367816091954023,166.8263894132042,82.10756451187608,6,406
correlated,6.0,30,0.9,0.9,6,0,16,0.0008210180623973727,0.0005473453749315821,273.96795279803706,86.08736597094341,6,406
correlated,6.0,30,0.9,0.9,6,0,25,0.00041050903119868636,0.0003420908593322387,496.4916599162923,144.71559392645133,6,406
correlated,6.0,30,0.9,0.9,6,0,37,0.0,0.0,792.3439755969099,219.99604743913966,6,406
correlated,6.0,30,0.9,0.9,6,0,55,0.00041050903119868636,0.0003420908593322387,1299.0835181888444,343.6237754556281,6,406
correlated,6.0,30,0.9,0.9,6,0,82,0.0,0.0,1837.130420957694,448.0839123365873,6,406
correlated,6.0,30,0.9,0.9,6,0,122,0.00041050903119868636,0.0003420908593322387,2457.2486579567108,746.718957052251,6,406
correlated,6.0,30,0.9,0.9,6,0,182,0.00041050903119868636,0.0003420908593322387,3037.733512095582,1024.7630846004706,6,406
correlated,6.0,30,0.9,0.9,6,0,272,0.0008210180623973727,0.0013683634373289548,3515.911592477767,1306.9932507093918,6,406
correlated,6.0,30,0.9,0.9,6,0,406,0.00041050903119868636,0.0003420908593322387,3877.9256882606846,1404.9763180878429,6,406
correlated,6.0,30,0.9,0.9,6,0,606,0.0012315270935960591,0.0014367816091954023,4182.1365394612685,1537.699806826188,6,406
correlated,6.0,30,0.9,0.9,6,0,905,0.0008210180623973727,0.0013683634373289548,4638.66553733219,1808.5479097356213,6,406
correlated,6.0,30,0.9,0.9,6,0,1350,0.00041050903119868636,0.0003420908593322387,4919.889697279308,1985.843743829988,6,406
correlated,6.0,30,0.9,0.9,6,0,2015,0.0008210180623973727,0.0013683634373289548,5189.824775993029,2247.055358332238,6,406
correlated,6.0,30,0.9,0.9,6,0,3008,0.0012315270935960591,0.0014367816091954023,5274.1982284156975,2310.36423180169,6,406
correlated,6.0,30,0.9,0.9,6,0,4489,0.0016420361247947454,0.0030103995621236996,5368.153841371768,2381.7313884944137,6,406
correlated,6.0,30,0.9,0.9,6,0,6700,0.0012315270935960591,0.003078817733990148,5420.823776909833,2500.393332982863,6,406
correlated,6.0,30,0.9,0.9,6,0,10000,0.0016420361247947454,0.0030103995621236996,5460.08820127355,2424.788170888353,6,406
correlated,6.0,30,0.9,0.9,6,100,1,0.020525451559934318,0.05966064586754243,2.633978272752303,1.6193599142638166,6,406
correlated,6.0,30,0.9,0.9,6,100,2,0.01929392446633826,0.06520251778872467,5.496879450273034,2.3462845521847018,6,406
correlated,6.0,30,0.9,0.9,6,100,3,0.01929392446633826,0.06520251778872467,12.782521765707587,9.71631839414786,6,406
correlated,6.0,30,0.9,0.9,6,100,5,0.019293924466338257,0.06438149972632734,18.244516868433333,15.246357342345435,6,406
correlated,6.0,30,0.9,0.9,6,100,7,0.019293924466338257,0.06438149972632734,24.192180475919827,17.29077571730372,6,406
correlated,6.0,30,0.9,0.9,6,100,11,0.018062397372742203,0.06869184455391351,38.51040503468325,18.60624644931721,6,406
correlated,6.0,30,0.9,0.9,6,100,16,0.01477832512315271,0.07799671592775038,50.08624895538754,27.80416814170654,6,406
correlated,6.0,30,0.9,0.9,6,100,25,0.015599343185550084,0.07525998905309246,67.73281050336264,29.434039521160262,6,406
correlated,6.0,30,0.9,0.9,6,100,37,0.016420361247947456,0.07361795292829773,92.35999276398594,28.055162357817157,6,406
correlated,6.0,30,0.9,0.9,6,100,55,0.01477832512315271,0.08210180623973727,139.38035722742157,58.36580982766298,6,406
correlated,6.0,30,0.9,0.9,6,100,82,0.013957307060755335,0.0875752599890531,234.06307869683937,125.19287246484154,6,406
correlated,6.0,30,0.9,0.9,6,100,122,0.013957307060755335,0.06787082649151614,326.6890983374913,185.71544675479936,6,406
correlated,6.0,30,0.9,0.9,6,100,182,0.014367816091954021,0.06273946360153261,388.68862562128214,273.83523669994867,6,406
correlated,6.0,30,0.9,0.9,6,100,272,0.01354679802955665,0.053981937602627275,503.36796728221844,310.3610853926599,6,406
correlated,6.0,30,0.9,0.9,6,100,406,0.015188834154351393,0.0684865900383142,681.6279483339629,346.5122972566912,6,406
correlated,6.0,30,0.9,0.9,6,100,606,0.012725779967159276,0.08737000547345376,712.7409850392695,305.2220546205416,6,406
correlated,6.0,30,0.9,0.9,6,100,905,0.011904761904761906,0.03892993979200875,883.9621599801741,426.8961176959243,6,406
correlated,6.0,30,0.9,0.9,6,100,1350,0.009852216748768473,0.04844006568144499,1084.137088608569,615.3936789125448,6,406
correlated,6.0,30,0.9,0.9,6,100,2015,0.011904761904761904,0.05535030103995626,1242.0258650290573,771.2964110086378,6,406
correlated,6.0,30,0.9,0.9,6,100,3008,0.010673234811165846,0.030925013683634376,1295.356646724616,820.553727676802,6,406
correlated,6.0,30,0.9,0.9,6,100,4489,0.009441707717569787,0.02168856048166393,1383.9333440224718,876.0973066692688,6,406
correlated,6.0,30,0.9,0.9,6,100,6700,0.007799671592775041,0.01676245210727969,1408.2977095027982,902.3520070048114,6,406
correlated,6.0,30,0.9,0.9,6,100,10000,0.006978653530377668,0.02250957854406131,1404.6704933509816,866.1900080779535,6,406
correlated,6.0,30,0.9,0.9,6,1000,1,0.11863711001642037,0.2860563765736176,0.3093631809997453,0.20498054575884586,6,406
correlated,6.0,30,0.9,0.9,6,1000,2,0.11781609195402298,0.3000136836343739,0.7948688782641274,0.6671820248716128,6,406
correlated,6.0,30,0.9,0.9,6,1000,3,0.11658456486042694,0.3199233716475074,1.0783857120311984,0.7762037175591856,6,406
correlated,6.0,30,0.9,0.9,6,1000,5,0.11822660098522168,0.2577996715927744,1.7119792262442868,1.2350280826679965,6,406
correlated,6.0,30,0.9,0.9,6,1000,7,0.1149425287356322,0.22879036672140016,2.0514573021818125,1.8368690191339219,6,406
correlated,6.0,30,0.9,0.9,6,1000,11,0.11412151067323482,0.2616310892172956,3.8477563392436847,3.106559052315119,6,406
correlated,6.0,30,0.9,0.9,6,1000,16,0.11124794745484401,0.2835933223864262,3.947611206795957,3.1936291844223517,6,406
correlated,6.0,30,0.9,0.9,6,1000,25,0.10755336617405582,0.2813355227148337,6.104363080767359,4.036191469276613,6,406
correlated,6.0,30,0.9,0.9,6,1000,37,0.10344827586206895,0.3259441707717581,8.008232670492658,5.190474210739414,6,406
correlated,6.0,30,0.9,0.9,6,1000,55,0.09975369458128079,0.22064860426929422,12.350638488941492,8.3360442407114,6,406
correlated,6.0,30,0.9,0.9,6,1000,82,0.09729064039408868,0.21079638752052515,22.83314838620726,19.601051460886314,6,406
correlated,6.0,30,0.9,0.9,6,1000,122,0.0956486042692939,0.27209906951286406,30.730665952929684,31.717951184956394,6,406
correlated,6.0,30,0.9,0.9,6,1000,182,0.09318555008210182,0.2597837985769008,36.59233987928482,31.530229134783667,6,406
correlated,6.0,30,0.9,0.9,6,1000,272,0.08497536945812807,0.29289819376026344,46.620494303732414,47.17712810207241,6,406
correlated,6.0,30,0.9,0.9,6,1000,406,0.08374384236453201,0.33087027914614153,57.79138695395528,54.37976890777771,6,406
correlated,6.0,30,0.9,0.9,6,1000,606,0.08292282430213466,0.27394636015325635,75.88205752224998,96.80971608861684,6,406
correlated,6.0,30,0.9,0.9,6,1000,905,0.07389162561576354,0.13054187192118274,117.12823335487717,135.59565122823474,6,406
correlated,6.0,30,0.9,0.9,6,1000,1350,0.069376026272578,0.1497673782156541,129.95298821955393,139.23354379498042,6,406
correlated,6.0,30,0.9,0.9,6,1000,2015,0.06732348111658457,0.14750957854406127,151.3119472397684,159.7909349829307,6,406
correlated,6.0,30,0.9,0.9,6,1000,3008,0.06198686371100164,0.2491105637657361,180.00599854437482,169.7461465074237,6,406
correlated,6.0,30,0.9,0.9,6,1000,4489,0.06198686371100164,0.18342911877394663,208.48717922187294,194.0973111526704,6,406
correlated,6.0,30,0.9,0.9,6,1000,6700,0.05295566502463054,0.1623563218390805,214.88167850939817,201.13840594309417,6,406
correlated,6.0,30,0.9,0.9,6,1000,10000,0.05706075533661741,0.07587575259989045,206.1039572759315,187.5764032250855,6,406
correlated,6.0,30,0.9,0.9,6,10000,1,0.18555008210180624,0.18609742747673988,0.10118239573973982,0.14222436738348448,6,406
correlated,6.0,30,0.9,0.9,6,10000,2,0.1830870279146141,0.1696770662287992,0.2038318500494061,0.26332191065160165,6,406
correlated,6.0,30,0.9,0.9,6,10000,3,0.18185550082101806,0.16126163108921732,0.2121695365657721,0.21816942706214648,6,406
correlated,6.0,30,0.9,0.9,6,10000,5,0.17898193760262726,0.14997263273125405,0.42233957623655627,0.32959411002172656,6,406
correlated,6.0,30,0.9,0.9,6,10000,7,0.17610837438423646,0.18123973727421872,0.743753494269651,0.8605172763342968,6,406
correlated,6.0,30,0.9,0.9,6,10000,11,0.1752873563218391,0.2392583470169658,0.8025564662905698,0.8242214140829123,6,406
correlated,6.0,30,0.9,0.9,6,10000,16,0.17118226600985223,0.27155172413793044,1.3052514869132568,2.148259623750748,6,406
correlated,6.0,30,0.9,0.9,6,10000,25,0.16995073891625614,0.2200328407224969,1.362007441269781,2.108429250506937,6,406
correlated,6.0,30,0.9,0.9,6,10000,37,0.16379310344827588,0.2567733990147737,2.584955456931382,3.878253579025566,6,406
correlated,6.0,30,0.9,0.9,6,10000,55,0.16133004926108374,0.25595238095238243,4.001061797632274,7.16876863435986,6,406
correlated,6.0,30,0.9,0.9,6,10000,82,0.16050903119868634,0.2770251778872497,4.364637906219861,6.941597548281988,6,406
correlated,6.0,30,0.9,0.9,6,10000,122,0.15886699507389163,0.33148604269293885,7.472870246039151,13.918356415213212,6,406
correlated,6.0,30,0.9,0.9,6,10000,182,0.15188834154351397,0.2887246852764078,5.457462844968236,8.665535233837423,6,406
correlated,6.0,30,0.9,0.9,6,10000,272,0.14860426929392448,0.240284619594963,6.935150464699298,11.420274002249988,6,406
correlated,6.0,30,0.9,0.9,6,10000,406,0.14203612479474548,0.3149972632731253,8.68023588801183,12.891610039783341,6,406
correlated,6.0,30,0.9,0.9,6,10000,606,0.13382594417077176,0.23535851122058304,9.657889191622699,12.18142726950421,6,406
correlated,6.0,30,0.9,0.9,6,10000,905,0.1354679802955665,0.20607553366174128,10.031778670265801,15.391143565157712,6,406
correlated,6.0,30,0.9,0.9,6,10000,1350,0.12848932676518884,0.2179118773946339,15.914133794589198,26.977094192002934,6,406
correlated,6.0,30,0.9,0.9,6,10000,2015,0.11330049261083745,0.19293924466338253,22.855597805341223,40.85455520167568,6,406
correlated,6.0,30,0.9,0.9,6,10000,3008,0.11124794745484401,0.2244800218938161,35.432224784145056,69.54337862024194,6,406
correlated,6.0,30,0.9,0.9,6,10000,4489,0.10057471264367818,0.07259168035029935,36.91174146078186,69.02518329470605,6,406
correlated,6.0,30,0.9,0.9,6,10000,6700,0.09729064039408868,0.1623563218390796,43.06275599829623,83.43700338117964,6,406
correlated,6.0,30,0.9,0.9,6,10000,10000,0.09400656814449919,0.06027640941433962,52.188846701115274,102.59958887237485,6,406
correlated,6.0,30,0.9,0.9,7,0,1,0.005336617405582923,0.0028051450465243527,5.169868109609451,1.3626471654273393,6,406
correlated,6.0,30,0.9,0.9,7,0,2,0.0036945812807881776,0.0022577996715927736,11.341029017014243,2.205132997949203,6,406
correlated,6.0,30,0.9,0.9,7,0,3,0.004515599343185551,0.002805145046524354,16.871732061633413,5.765529209019988,6,406
correlated,6.0,30,0.9,0.9,7,0,5,0.0028735632183908046,0.0011631089217296114,36.21592982253268,16.513452668225437,6,406
correlated,6.0,30,0.9,0.9,7,0,7,0.0020525451559934315,0.001163108921729612,51.509282884225286,20.302685868408197,6,406
correlated,6.0,30,0.9,0.9,7,0,11,0.0028735632183908046,0.0028051450465243566,98.6778251205328,36.02897616175094,6,406
correlated,6.0,30,0.9,0.9,7,0,16,0.003284072249589491,0.003831417624521072,161.12086118810603,63.25050453270206,6,406
correlated,6.0,30,0.9,0.9,7,0,25,0.0024630541871921183,0.002463054187192118,288.9797574383488,79.48535939435631,6,406
correlated,6.0,30,0.9,0.9,7,0,37,0.0020525451559934315,0.0028051450465243566,507.1647338000066,118.44955034679417,6,406
correlated,6.0,30,0.9,0.9,7,0,55,0.0016420361247947454,0.0013683634373289552,796.7589447682677,170.91222277713135,6,406
correlated,6.0,30,0.9,0.9,7,0,82,0.0012315270935960591,0.0014367816091954023,1113.0371003145758,286.5427037451882,6,406
correlated,6.0,30,0.9,0.9,7,0,122,0.0012315270935960591,0.0014367816091954023,1490.6625674649385,455.88125316747977,6,406
correlated,6.0,30,0.9,0.9,7,0,182,0.0012315270935960591,0.0014367816091954023,1891.4991826958646,527.9022401852034,6,406
correlated,6.0,30,0.9,0.9,7,0,272,0.0016420361247947454,0.0021893814997263283,2246.409236467449,602.1909584845772,6,406
correlated,6.0,30,0.9,0.9,7,0,406,0.0024630541871921183,0.0016420361247947454,2493.32878256629,620.3894667396013,6,406
correlated,6.0,30,0.9,0.9,7,0,606,0.0024630541871921183,0.0016420361247947454,2816.2726189912282,745.1740097682648,6,406
correlated,6.0,30,0.9,0.9,7,0,905,0.0020525451559934315,0.0019841269841269845,3038.901456891441,881.2881318648118,6,406
correlated,6.0,30,0.9,0.9,7,0,1350,0.0024630541871921183,0.0016420361247947454,3294.449317045948,851.0468438325302,6,406
correlated,6.0,30,0.9,0.9,7,0,2015,0.0020525451559934315,0.001163108921729612,3586.0552002273307,912.1828822003067,6,406
correlated,6.0,30,0.9,0.9,7,0,3008,0.0016420361247947454,0.0005473453749315822,3834.571810029794,1172.8053159267395,6,406
correlated,6.0,30,0.9,0.9,7,0,4489,0.002052545155993432,0.0011631089217296112,3950.2524313129384,1293.560285099381,6,406
correlated,6.0,30,0.9,0.9,7,0,6700,0.0008210180623973727,0.0005473453749315821,3959.7433114022665,1287.2732747221505,6,406
correlated,6.0,30,0.9,0.9,7,0,10000,0.0008210180623973727,0.0005473453749315821,3990.099966236207,1302.4718027154124,6,406
correlated,6.0,30,0.9,0.9,7,100,1,0.02750410509031199,0.0315407772304323,3.858121866268258,1.8235091757632171,6,406
correlated,6.0,30,0.9,0.9,7,100,2,0.0270935960591133,0.0164203612479475,6.170297595568822,3.027715868147371,6,406
correlated,6.0,30,0.9,0.9,7,100,3,0.0270935960591133,0.0164203612479475,9.383495325169335,4.809144237785834,6,406
correlated,6.0,30,0.9,0.9,7,100,5,0.026683087027914613,0.011015325670498132,13.798332856105986,6.366505868383128,6,406
correlated,6.0,30,0.9,0.9,7,100,7,0.025451559934318555,0.01696770662287904,16.763503348726697,4.910148438682072,6,406
correlated,6.0,30,0.9,0.9,7,100,11,0.024630541871921183,0.020525451559934342,22.21103626659756,3.0530656289008857,6,406
correlated,6.0,30,0.9,0.9,7,100,16,0.024220032840722494,0.011015325670498132,33.59879963834164,7.159755638856041,6,406
correlated,6.0,30,0.9,0.9,7,100,25,0.020114942528735632,0.014299397920087576,49.39851077625818,9.756426713340538,6,406
correlated,6.0,30,0.9,0.9,7,100,37,0.022167487684729065,0.020525451559934297,73.13050417914269,13.99043685527602,6,406
correlated,6.0,30,0.9,0.9,7,100,55,0.020935960591133004,0.02360426929392445,109.27088565829446,29.25352591228052,6,406
correlated,6.0,30,0.9,0.9,7,100,82,0.020525451559934318,0.018609742747673772,176.63237268046797,31.596748220228626,6,406
correlated,6.0,30,0.9,0.9,7,100,122,0.02052545155993432,0.007115489874110492,244.6142839525443,52.982895709233226,6,406
correlated,6.0,30,0.9,0.9,7,100,182,0.01600985221674877,0.017857142857142832,356.31805201164724,93.59992597883652,6,406
correlated,6.0,30,0.9,0.9,7,100,272,0.01600985221674877,0.012931034482758614,432.54682490672275,117.15558232365505,6,406
correlated,6.0,30,0.9,0.9,7,100,406,0.01477832512315271,0.010673234811165838,507.00592178358744,129.81967376343047,6,406
correlated,6.0,30,0.9,0.9,7,100,606,0.013957307060755339,0.009578544061302667,607.1245911537588,142.44407216276898,6,406
correlated,6.0,30,0.9,0.9,7,100,905,0.013136288998357963,0.010399562123700056,808.1465677703285,271.7055800678066,6,406
correlated,6.0,30,0.9,0.9,7,100,1350,0.013957307060755339,0.012862616310892154,970.1648574553128,386.03359131702456,6,406
correlated,6.0,30,0.9,0.9,7,100,2015,0.01354679802955665,0.005541871921182274,1123.0310541341612,502.4286990092646,6,406
correlated,6.0,30,0.9,0.9,7,100,3008,0.01231527093596059,0.0155993431855501,1246.0433590012412,643.9170876569799,6,406
correlated,6.0,30,0.9,0.9,7,100,4489,0.012315270935960592,0.018883415435139564,1315.3465428940538,727.5237563923733,6,406
correlated,6.0,30,0.9,0.9,7,100,6700,0.010673234811165846,0.018609742747673772,1323.3058232207504,730.9340215611455,6,406
correlated,6.0,30,0.9,0.9,7,100,10000,0.011494252873563218,0.021072796934865905,1337.3985247498786,737.9139778018152,6,406
correlated,6.0,30,0.9,0.9,7,1000,1,0.14244663382594416,0.40346195949644303,0.8512354407327319,1.6340873903909463,6,406
correlated,6.0,30,0.9,0.9,7,1000,2,0.14244663382594416,0.40346195949644303,1.4549840692973992,2.365887900166489,6,406
correlated,6.0,30,0.9,0.9,7,1000,3,0.1416256157635468,0.4226190476190475,1.4663923981100684,2.0634388148750924,6,406
correlated,6.0,30,0.9,0.9,7,1000,5,0.13916256157635468,0.4193349753694585,1.8323018601940564,2.2892654348279105,6,406
correlated,6.0,30,0.9,0.9,7,1000,7,0.13916256157635468,0.425082101806241,2.3190180168596615,2.9944774268534347,6,406
correlated,6.0,30,0.9,0.9,7,1000,11,0.1358784893267652,0.4642172961138497,4.35030761275827,5.205527452320964,6,406
correlated,6.0,30,0.9,0.9,7,1000,16,0.1354679802955665,0.4376026272578003,7.040123035838907,9.214015707002158,6,406
correlated,6.0,30,0.9,0.9,7,1000,25,0.13136288998357964,0.3700054734537481,13.40702128039228,17.9450497326555,6,406
correlated,6.0,30,0.9,0.9,7,1000,37,0.12972085385878487,0.38724685276409554,14.096311118392471,17.961831415337553,6,406
correlated,6.0,30,0.9,0.9,7,1000,55,0.12848932676518884,0.41085112205801644,14.935495912993426,18.99940969377424,6,406
correlated,6.0,30,0.9,0.9,7,1000,82,0.12561576354679801,0.3193760262725787,16.639662529490682,21.419685463153165,6,406
correlated,6.0,30,0.9,0.9,7,1000,122,0.12315270935960591,0.4187192118226605,29.764845894674135,41.526066106692916,6,406
correlated,6.0,30,0.9,0.9,7,1000,182,0.11781609195402298,0.49705801860974375,25.635339812096007,37.71468871803297,6,406
correlated,6.0,30,0.9,0.9,7,1000,272,0.11124794745484401,0.35420087575260056,27.655349278370853,31.35665639823132,6,406
correlated,6.0,30,0.9,0.9,7,1000,406,0.10467980295566504,0.3150656814449904,68.90754055003406,93.6667484692697,6,406
correlated,6.0,30,0.9,0.9,7,1000,606,0.10262725779967159,0.2961138478379862,94.49922666104756,128.47901451062495,6,406
correlated,6.0,30,0.9,0.9,7,1000,905,0.10262725779967159,0.37493158182813374,201.47701610867122,312.6565504502843,6,406
correlated,6.0,30,0.9,0.9,7,1000,1350,0.0935960591133005,0.34893267651888377,251.25874841018643,393.0502559147702,6,406
correlated,6.0,30,0.9,0.9,7,1000,2015,0.08784893267651889,0.35769020251778877,351.30575801704384,595.1268070422187,6,406
correlated,6.0,30,0.9,0.9,7,1000,3008,0.07758620689655173,0.18534482758620668,417.35361096814887,704.5235596796416,6,406
correlated,6.0,30,0.9,0.9,7,1000,4489,0.07266009852216748,0.17549261083743906,424.6024019450853,717.1587175508389,6,406
correlated,6.0,30,0.9,0.9,7,1000,6700,0.07019704433497537,0.23132183908046017,431.7726216719331,738.9869335761468,6,406
correlated,6.0,30,0.9,0.9,7,1000,10000,0.069376026272578,0.21626984126984156,437.4076467632792,727.171965917332,6,406
correlated,6.0,30,0.9,0.9,7,10000,1,0.2110016420361248,0.04980842911877677,0.015453093932993267,0.013984482248509294,6,406
correlated,6.0,30,0.9,0.9,7,10000,2,0.21059113300492607,0.049876847290646814,0.031109228036235028,0.017345487511953334,6,406
correlated,6.0,30,0.9,0.9,7,10000,3,0.21018062397372747,0.054734537493149674,0.040604524832200686,0.017636302771284383,6,406
correlated,6.0,30,0.9,0.9,7,10000,5,0.20894909688013139,0.07012862616310445,0.047158093914772437,0.025548621740836105,6,406
correlated,6.0,30,0.9,0.9,7,10000,7,0.20853858784893267,0.07608100711548861,0.07132901275072301,0.04060659658517301,6,406
correlated,6.0,30,0.9,0.9,7,10000,11,0.2068965517241379,0.06157635467981064,0.11068511447324432,0.060436452258091994,6,406
correlated,6.0,30,0.9,0.9,7,10000,16,0.2019704433497537,0.08538587848932476,0.16703229019958585,0.08619520302534446,6,406
correlated,6.0,30,0.9,0.9,7,10000,25,0.2023809523809524,0.055350301039949104,0.23779497601270175,0.08516626249552865,6,406
correlated,6.0,30,0.9,0.9,7,10000,37,0.19663382594417078,0.06766557197591236,0.2696691059427621,0.0918471420088094,6,406
correlated,6.0,30,0.9,0.9,7,10000,55,0.19786535303776684,0.051450465243567736,0.3372415999897937,0.0896917519839583,6,406
correlated,6.0,30,0.9,0.9,7,10000,82,0.19745484400656813,0.07915982484948576,0.42863900636854346,0.16035056471542242,6,406
correlated,6.0,30,0.9,0.9,7,10000,122,0.19704433497536947,0.0985221674876835,0.5236592655749656,0.26316106141716533,6,406
correlated,6.0,30,0.9,0.9,7,10000,182,0.1933497536945813,0.049876847290635545,0.7271627274401534,0.26334929242958405,6,406
correlated,6.0,30,0.9,0.9,7,10000,272,0.19047619047619047,0.10071154898741512,1.277718677765389,0.8562761050755547,6,406
correlated,6.0,30,0.9,0.9,7,10000,406,0.18801313628899838,0.10563765736179366,1.4017469177378292,1.024376528464798,6,406
correlated,6.0,30,0.9,0.9,7,10000,606,0.1834975369458128,0.1040640394088671,1.75351857954079,1.254704389550044,6,406
correlated,6.0,30,0.9,0.9,7,10000,905,0.180623973727422,0.11056376573617784,1.9380942456236239,1.7832641123389612,6,406
correlated,6.0,30,0.9,0.9,7,10000,1350,0.18267651888341543,0.13745210727969756,2.034297382394983,1.5335332663442462,6,406
correlated,6.0,30,0.9,0.9,7,10000,2015,0.1720032840722496,0.20395457033387687,2.8620431158355415,2.0409096478984408,6,406
correlated,6.0,30,0.9,0.9,7,10000,3008,0.16420361247947454,0.20580186097427658,2.9388725196721768,1.99643901070233,6,406
correlated,6.0,30,0.9,0.9,7,10000,4489,0.16379310344827588,0.1385467980295535,2.8600542919706524,1.3218150137674516,6,406
correlated,6.0,30,0.9,0.9,7,10000,6700,0.14860426929392448,0.18691844553913395,4.352380557232721,1.7976272230414387,6,406
correlated,6.0,30,0.9,0.9,7,10000,10000,0.1395730706075534,0.27312534209085704,4.667288612114745,2.0570612008565785,6,406
correlated,6.0,30,0.9,0.9,8,0,1,0.00451559934318555,0.0036261631089217297,6.474646813594709,2.21605995586713,6,406
correlated,6.0,30,0.9,0.9,8,0,2,0.0036945812807881767,0.0038998357963875223,11.919079320730125,2.9102127347356803,6,406
correlated,6.0,30,0.9,0.9,8,0,3,0.004515599343185551,0.0044471811713191,19.157486577787655,4.221270913437285,6,406
correlated,6.0,30,0.9,0.9,8,0,5,0.0049261083743842365,0.005747126436781607,39.017197983211325,8.735132142677562,6,406
correlated,6.0,30,0.9,0.9,8,0,7,0.003284072249589491,0.0030103995621237004,62.056953604578865,22.885449343146007,6,406
correlated,6.0,30,0.9,0.9,8,0,11,0.0024630541871921183,0.003284072249589491,109.52379963615617,33.99345365602632,6,406
correlated,6.0,30,0.9,0.9,8,0,16,0.0020525451559934315,0.0019841269841269845,186.39931131960302,62.994432840678506,6,406
correlated,6.0,30,0.9,0.9,8,0,25,0.0024630541871921183,0.002463054187192118,379.5146842112167,148.93725220100077,6,406
correlated,6.0,30,0.9,0.9,8,0,37,0.0024630541871921183,0.0016420361247947454,672.1161572878591,332.27187919866975,6,406
correlated,6.0,30,0.9,0.9,8,0,55,0.002052545155993432,0.0011631089217296112,1091.222716486612,586.5232673044561,6,406
correlated,6.0,30,0.9,0.9,8,0,82,0.002052545155993432,0.0011631089217296112,1666.2673686587295,740.5071522483753,6,406
correlated,6.0,30,0.9,0.9,8,0,122,0.002052545155993432,0.0011631089217296112,2168.369627658975,1021.3766932245061,6,406
correlated,6.0,30,0.9,0.9,8,0,182,0.002052545155993432,0.0011631089217296112,2646.0696186103078,1284.5561066899904,6,406
correlated,6.0,30,0.9,0.9,8,0,272,0.0012315270935960591,0.0014367816091954023,3121.8310085605135,1454.5296757629606,6,406
correlated,6.0,30,0.9,0.9,8,0,406,0.0016420361247947454,0.0005473453749315822,3589.0183986163042,1826.864245127347,6,406
correlated,6.0,30,0.9,0.9,8,0,606,0.0024630541871921183,0.002463054187192118,4018.7982723139685,2094.010983430995,6,406
correlated,6.0,30,0.9,0.9,8,0,905,0.0016420361247947454,0.0013683634373289546,4341.229898747387,2329.5538001553864,6,406
correlated,6.0,30,0.9,0.9,8,0,1350,0.0016420361247947454,0.0005473453749315822,4567.108076542627,2350.8357010276713,6,406
correlated,6.0,30,0.9,0.9,8,0,2015,0.0012315270935960591,0.0006157635467980298,4712.196536309169,2342.8817358440583,6,406
correlated,6.0,30,0.9,0.9,8,0,3008,0.0012315270935960591,0.0006157635467980298,4861.828920978976,2335.9668012520706,6,406
correlated,6.0,30,0.9,0.9,8,0,4489,0.0012315270935960591,0.0014367816091954023,4923.371330292103,2331.7880837708612,6,406
correlated,6.0,30,0.9,0.9,8,0,6700,0.002052545155993432,0.0011631089217296114,4932.617075040464,2320.1044724518265,6,406
correlated,6.0,30,0.9,0.9,8,0,10000,0.002052545155993432,0.0011631089217296112,4976.201776436821,2311.5024983256844,6,406
correlated,6.0,30,0.9,0.9,8,100,1,0.026683087027914613,0.022509578544061368,2.1126211240127413,1.1250588993728083,6,406
correlated,6.0,30,0.9,0.9,8,100,2,0.025451559934318555,0.01696770662287904,3.9698003844680216,2.3932644466268127,6,406
correlated,6.0,30,0.9,0.9,8,100,3,0.024630541871921183,0.02380952380952385,5.759483378839246,3.082707832816912,6,406
correlated,6.0,30,0.9,0.9,8,100,5,0.024220032840722498,0.01840448823207444,12.361708306397963,4.090974209769755,6,406
correlated,6.0,30,0.9,0.9,8,100,7,0.02380952380952381,0.012862616310892154,17.719128824482492,5.904201280534527,6,406
correlated,6.0,30,0.9,0.9,8,100,11,0.024630541871921183,0.015599343185550079,24.586344160916013,7.964452706854145,6,406
correlated,6.0,30,0.9,0.9,8,100,16,0.023399014778325126,0.018678160919540186,34.27874368532595,14.987091306415824,6,406
correlated,6.0,30,0.9,0.9,8,100,25,0.02380952380952381,0.02517788724685268,52.69535517817737,21.848050196839644,6,406
correlated,6.0,30,0.9,0.9,8,100,37,0.02380952380952381,0.016967706622878952,71.15955245366301,39.340189394986986,6,406
correlated,6.0,30,0.9,0.9,8,100,55,0.02257799671592775,0.009373289545703335,90.88462990336716,39.29928175384857,6,406
correlated,6.0,30,0.9,0.9,8,100,82,0.022167487684729065,0.018062397372742164,151.16494570422205,92.9716144044306,6,406
correlated,6.0,30,0.9,0.9,8,100,122,0.01929392446633826,0.013478379857690199,207.20846418785018,114.26379939873435,6,406
correlated,6.0,30,0.9,0.9,8,100,182,0.017651888341543517,0.007731253420908558,312.7573111938887,201.72253915648935,6,406
correlated,6.0,30,0.9,0.9,8,100,272,0.01929392446633826,0.015941434044882307,414.8328923691079,348.97664545313745,6,406
correlated,6.0,30,0.9,0.9,8,100,406,0.019704433497536946,0.020525451559934318,589.786894322861,465.17674338923126,6,406
correlated,6.0,30,0.9,0.9,8,100,606,0.018883415435139574,0.018609742747673793,707.814973724955,576.5130317168345,6,406
correlated,6.0,30,0.9,0.9,8,100,905,0.01642036124794746,0.012041598248494755,833.925743720637,652.7396865531496,6,406
correlated,6.0,30,0.9,0.9,8,100,1350,0.016009852216748766,0.013752052545156034,915.0569642852798,642.5898706563752,6,406
correlated,6.0,30,0.9,0.9,8,100,2015,0.01642036124794746,0.014504652435686865,967.0880141983671,640.3196602922447,6,406
correlated,6.0,30,0.9,0.9,8,100,3008,0.01765188834154351,0.01758347016967715,1054.6420040580508,652.813991647209,6,406
correlated,6.0,30,0.9,0.9,8,100,4489,0.015599343185550082,0.016967706622879018,1077.0190107572018,649.5238999494164,6,406
correlated,6.0,30,0.9,0.9,8,100,6700,0.015599343185550082,0.01943076081007115,1088.582531860468,647.346083005227,6,406
correlated,6.0,30,0.9,0.9,8,100,10000,0.01354679802955665,0.008825944170771783,1115.9454588691422,647.5318193746853,6,406
correlated,6.0,30,0.9,0.9,8,1000,1,0.1588669950738916,0.22064860426929775,0.21731422167734962,0.18624741318008328,6,406
correlated,6.0,30,0.9,0.9,8,1000,2,0.15681444991789817,0.3010399562123725,0.35157611741353106,0.34357854450716757,6,406
correlated,6.0,30,0.9,0.9,8,1000,3,0.1555829228243021,0.3221811713191055,0.37005051547055473,0.45639737328307955,6,406
correlated,6.0,30,0.9,0.9,8,1000,5,0.15435139573070608,0.33880678708264933,0.7157494807968371,0.8451488456428439,6,406
correlated,6.0,30,0.9,0.9,8,1000,7,0.14942528735632182,0.3478379857690236,0.8677307255347376,0.9389117335514814,6,406
correlated,6.0,30,0.9,0.9,8,1000,11,0.14942528735632185,0.2993979200875731,1.1404053260815896,1.2964335453535523,6,406
correlated,6.0,30,0.9,0.9,8,1000,16,0.1490147783251232,0.2518472906403895,1.716476416838242,1.8203843799494674,6,406
correlated,6.0,30,0.9,0.9,8,1000,25,0.14942528735632185,0.20826491516146584,2.4437699363229584,3.6255406806135833,6,406
correlated,6.0,30,0.9,0.9,8,1000,37,0.145320197044335,0.20443349753694326,2.5929209084087153,2.3464935128247504,6,406
correlated,6.0,30,0.9,0.9,8,1000,55,0.14244663382594416,0.13170498084291227,3.511948527869294,3.519393118111174,6,406
correlated,6.0,30,0.9,0.9,8,1000,82,0.1395730706075534,0.22386425834701384,5.8157558911959635,6.175602694225259,6,406
correlated,6.0,30,0.9,0.9,8,1000,122,0.13998357963875205,0.15633552271483456,6.461972718703433,7.278607260360244,6,406
correlated,6.0,30,0.9,0.9,8,1000,182,0.13752052545155993,0.27866721401204203,7.266991014496132,6.646659843280098,6,406
correlated,6.0,30,0.9,0.9,8,1000,272,0.1301313628899836,0.2458264915161466,14.329382425344399,16.88178687341857,6,406
correlated,6.0,30,0.9,0.9,8,1000,406,0.13136288998357964,0.16557197591680348,17.491210643806582,20.32164593875067,6,406
correlated,6.0,30,0.9,0.9,8,1000,606,0.12725779967159276,0.19266557197591924,25.438853766676022,30.527284806945847,6,406
correlated,6.0,30,0.9,0.9,8,1000,905,0.11986863711001643,0.10317460317460297,37.76334229905321,45.87720344419645,6,406
correlated,6.0,30,0.9,0.9,8,1000,1350,0.11781609195402298,0.08654898741105779,54.45545534995665,70.25646918966918,6,406
correlated,6.0,30,0.9,0.9,8,1000,2015,0.11083743842364531,0.07717569786535441,87.26678021851926,126.23798212416398,6,406
correlated,6.0,30,0.9,0.9,8,1000,3008,0.10344827586206896,0.06321839080459808,95.70375149007725,142.52967388476122,6,406
correlated,6.0,30,0.9,0.9,8,1000,4489,0.10467980295566504,0.1426518883415436,103.24991872679045,150.64649039554882,6,406
correlated,6.0,30,0.9,0.9,8,1000,6700,0.09893267651888342,0.2031335522714835,109.57695020994201,151.82429920644697,6,406
correlated,6.0,30,0.9,0.9,8,1000,10000,0.09072249589490967,0.12267378215654151,115.095061650257,157.21458378196363,6,406
correlated,6.0,30,0.9,0.9,8,10000,1,0.20894909688013139,0.06027640941433891,0.01654504356876449,0.01350912946791661,6,406
correlated,6.0,30,0.9,0.9,8,10000,2,0.20894909688013139,0.05124521072796605,0.03536391014254714,0.015046452410961511,6,406
correlated,6.0,30,0.9,0.9,8,10000,3,0.20812807881773399,0.04905582922824288,0.05091839041422269,0.033684773094473625,6,406
correlated,6.0,30,0.9,0.9,8,10000,5,0.20648604269293924,0.05370826491516377,0.0854736997684639,0.03909490906752086,6,406
correlated,6.0,30,0.9,0.9,8,10000,7,0.20361247947454844,0.06622879036672308,0.11844698165510363,0.0356147080783167,6,406
correlated,6.0,30,0.9,0.9,8,10000,11,0.20361247947454844,0.07279693486590104,0.1458248153705521,0.057156547654729196,6,406
correlated,6.0,30,0.9,0.9,8,10000,16,0.19909688013136292,0.0766967706622824,0.21685890322339607,0.04795319804508503,6,406
correlated,6.0,30,0.9,0.9,8,10000,25,0.19868637110016418,0.07033388067871177,0.32063512740286887,0.10247461033590352,6,406
correlated,6.0,30,0.9,0.9,8,10000,37,0.1929392446633826,0.03174603174602822,0.42303417082524586,0.14274050493758242,6,406
correlated,6.0,30,0.9,0.9,8,10000,55,0.19458128078817735,0.02873563218390393,0.47852903532420515,0.19793260945812333,6,406
correlated,6.0,30,0.9,0.9,8,10000,82,0.19047619047619047,0.02435686918445759,0.4754543163739233,0.11849703162597759,6,406
correlated,6.0,30,0.9,0.9,8,10000,122,0.1892446633825944,0.09065407772304508,0.7249179139286531,0.35345685402363275,6,406
correlated,6.0,30,0.9,0.9,8,10000,182,0.1867816091954023,0.047140120415980175,0.843296034593267,0.58995189731781,6,406
correlated,6.0,30,0.9,0.9,8,10000,272,0.18555008210180624,0.021893814997265504,1.0451387647759753,0.5421274050280318,6,406
correlated,6.0,30,0.9,0.9,8,10000,406,0.18226600985221675,0.04844006568144345,1.0243471722331348,0.6330208952982324,6,406
correlated,6.0,30,0.9,0.9,8,10000,606,0.17323481116584563,0.055555555555559244,1.5680870484583087,1.0990939856312394,6,406
correlated,6.0,30,0.9,0.9,8,10000,905,0.16995073891625614,0.045155993431855876,1.9077604081661317,1.126371036148885,6,406
correlated,6.0,30,0.9,0.9,8,10000,1350,0.16091954022988506,0.1195949644225521,2.7732792186628594,1.160275121143803,6,406
correlated,6.0,30,0.9,0.9,8,10000,2015,0.16379310344827586,0.061371100164203315,2.5127845213095017,0.8890659686099872,6,406
correlated,6.0,30,0.9,0.9,8,10000,3008,0.1572249589490969,0.02825670498083755,3.2237136259991885,1.542915701242133,6,406
correlated,6.0,30,0.9,0.9,8,10000,4489,0.14942528735632185,0.04816639299397735,3.6744347171705765,1.3973540708203256,6,406
correlated,6.0,30,0.9,0.9,8,10000,6700,0.14244663382594416,0.07998084291187701,4.535592346248218,2.5508919301564075,6,406
correlated,6.0,30,0.9,0.9,8,10000,10000,0.13218390804597702,0.19512862616310853,5.226314907499954,3.069445370936584,6,406
correlated,6.0,30,0.9,0.9,9,0,1,0.004515599343185551,0.0069102353585112205,6.504685229727362,2.368628365207047,6,406
correlated,6.0,30,0.9,0.9,9,0,2,0.003284072249589491,0.005473453749315818,15.596518501900414,5.539176731294074,6,406
correlated,6.0,30,0.9,0.9,9,0,3,0.004105090311986864,0.0038314176245210726,25.401812127665995,11.94086685519982,6,406
correlated,6.0,30,0.9,0.9,9,0,5,0.0028735632183908046,0.0028051450465243566,49.56930576487099,20.52037387372874,6,406
correlated,6.0,30,0.9,0.9,9,0,7,0.003284072249589491,0.0021893814997263287,72.51858934656083,28.72286685439696,6,406
correlated,6.0,30,0.9,0.9,9,0,11,0.0024630541871921183,0.0016420361247947454,150.38878441442748,59.875949303035284,6,406
correlated,6.0,30,0.9,0.9,9,0,16,0.0024630541871921183,0.001642036124794746,227.42108888986328,92.26836266722071,6,406
correlated,6.0,30,0.9,0.9,9,0,25,0.0024630541871921183,0.0016420361247947454,416.9642654955874,158.28183263278206,6,406
correlated,6.0,30,0.9,0.9,9,0,37,0.0016420361247947454,0.0005473453749315822,724.9834313199736,332.02815015356003,6,406
correlated,6.0,30,0.9,0.9,9,0,55,0.0012315270935960591,0.0014367816091954023,1104.1394341764517,410.5977057295993,6,406
correlated,6.0,30,0.9,0.9,9,0,82,0.0012315270935960591,0.0014367816091954023,1521.0768701335355,479.5848970694395,6,406
correlated,6.0,30,0.9,0.9,9,0,122,0.0016420361247947454,0.0013683634373289546,1958.688254842046,498.45895822061544,6,406
correlated,6.0,30,0.9,0.9,9,0,182,0.0012315270935960591,0.0014367816091954023,2405.935363261567,665.6887382365704,6,406
correlated,6.0,30,0.9,0.9,9,0,272,0.0016420361247947454,0.0013683634373289546,2967.8863827683417,970.6135095677805,6,406
correlated,6.0,30,0.9,0.9,9,0,406,0.0016420361247947454,0.0013683634373289546,3264.3373884108637,1024.442590614496,6,406
correlated,6.0,30,0.9,0.9,9,0,606,0.0016420361247947454,0.0013683634373289546,3409.326338858522,1101.929135712969,6,406
correlated,6.0,30,0.9,0.9,9,0,905,0.002052545155993432,0.0011631089217296114,4008.562758009742,1769.5919909713919,6,406
correlated,6.0,30,0.9,0.9,9,0,1350,0.0016420361247947454,0.0013683634373289552,4286.739520698943,1898.504680877266,6,406
correlated,6.0,30,0.9,0.9,9,0,2015,0.002052545155993432,0.0011631089217296114,4520.3091620725545,2058.1809483405073,6,406
correlated,6.0,30,0.9,0.9,9,0,3008,0.0020525451559934315,0.0019841269841269845,4592.657344816579,1952.1438750995467,6,406
correlated,6.0,30,0.9,0.9,9,0,4489,0.002052545155993432,0.0011631089217296114,4637.4624054713395,1801.484076120487,6,406
correlated,6.0,30,0.9,0.9,9,0,6700,0.002052545155993432,0.001984126984126984,4980.152328225459,2161.256696050509,6,406
correlated,6.0,30,0.9,0.9,9,0,10000,0.002052545155993432,0.0011631089217296112,5346.837156149521,2545.4877481526587,6,406
correlated,6.0,30,0.9,0.9,9,100,1,0.03694581280788178,0.09605911330049255,3.7385214854812685,3.493762809756012,6,406
correlated,6.0,30,0.9,0.9,9,100,2,0.038177339901477834,0.09421182266009857,6.602004256580141,3.6756038524059558,6,406
correlated,6.0,30,0.9,0.9,9,100,3,0.038177339901477834,0.10406403940886692,8.585509905608275,4.06944718155465,6,406
correlated,6.0,30,0.9,0.9,9,100,5,0.034482758620689655,0.09441707717569797,14.101940566622872,5.548762899276117,6,406
correlated,6.0,30,0.9,0.9,9,100,7,0.035303776683087026,0.11713191023535853,19.707277276837853,10.587736261462316,6,406
correlated,6.0,30,0.9,0.9,9,100,11,0.03571428571428571,0.10652709359605911,35.0313192650251,15.948629884184541,6,406
correlated,6.0,30,0.9,0.9,9,100,16,0.03407224958949097,0.134168035030104,43.07998019202998,15.931020141855095,6,406
correlated,6.0,30,0.9,0.9,9,100,25,0.0332512315270936,0.09092775041050907,64.75425028857052,23.14706677826004,6,406
correlated,6.0,30,0.9,0.9,9,100,37,0.031198686371100164,0.07690202517788726,92.02042548203342,38.28894804181527,6,406
correlated,6.0,30,0.9,0.9,9,100,55,0.030377668308702786,0.07936507936507961,123.44546881972552,46.80684820240151,6,406
correlated,6.0,30,0.9,0.9,9,100,82,0.0270935960591133,0.07635467980295564,166.51201033327644,77.42775822799463,6,406
correlated,6.0,30,0.9,0.9,9,100,122,0.0270935960591133,0.055829228243021424,242.94356522607282,126.61049155159102,6,406
correlated,6.0,30,0.9,0.9,9,100,182,0.0270935960591133,0.040229885057471305,373.2822361280277,216.46708968899347,6,406
correlated,6.0,30,0.9,0.9,9,100,272,0.025451559934318555,0.05227148330596604,480.1190664111668,253.37081808389897,6,406
correlated,6.0,30,0.9,0.9,9,100,406,0.025451559934318555,0.054734537493158215,589.709180811104,290.30011662434816,6,406
correlated,6.0,30,0.9,0.9,9,100,606,0.024220032840722498,0.07012862616310885,762.1796084411603,537.71371075649,6,406
correlated,6.0,30,0.9,0.9,9,100,905,0.02504105090311987,0.07177066228790369,1046.0253611829285,966.2405958423412,6,406
correlated,6.0,30,0.9,0.9,9,100,1350,0.02257799671592775,0.0422140120415982,1160.5770210262028,1074.482734615195,6,406
correlated,6.0,30,0.9,0.9,9,100,2015,0.023399014778325122,0.035098522167487683,1265.7317117141865,1184.8631297213929,6,406
correlated,6.0,30,0.9,0.9,9,100,3008,0.017651888341543513,0.02579365079365079,1299.3079764737372,1095.0393513020185,6,406
correlated,6.0,30,0.9,0.9,9,100,4489,0.021346469622331693,0.032567049808429074,1355.352842108566,1003.4025674571043,6,406
correlated,6.0,30,0.9,0.9,9,100,6700,0.01929392446633826,0.024972632731253414,1525.1634812648501,1233.7460480183747,6,406
correlated,6.0,30,0.9,0.9,9,100,10000,0.020114942528735632,0.03071975916803501,1736.8104695698132,1455.8695679584102,6,406
correlated,6.0,30,0.9,0.9,9,1000,1,0.1477832512315271,0.059934318555005583,0.2870623275165586,0.39161779010663667,6,406
correlated,6.0,30,0.9,0.9,9,1000,2,0.14614121510673236,0.057197591680348804,0.4616740795161185,0.5544374034974147,6,406
correlated,6.0,30,0.9,0.9,9,1000,3,0.14655172413793105,0.06711822660098297,0.7036967602773112,0.7515220346789616,6,406
correlated,6.0,30,0.9,0.9,9,1000,5,0.145320197044335,0.06321839080459597,0.9723549536841339,0.7212950412686305,6,406
correlated,6.0,30,0.9,0.9,9,1000,7,0.14573070607553368,0.06602353585111997,2.2324500475623235,2.7562484691648352,6,406
correlated,6.0,30,0.9,0.9,9,1000,11,0.14203612479474548,0.04652435686918497,2.2520560030109196,2.801609258834318,6,406
correlated,6.0,30,0.9,0.9,9,1000,16,0.13711001642036127,0.06458675424192366,2.9282227647342793,2.141624763790444,6,406
correlated,6.0,30,0.9,0.9,9,1000,25,0.13423645320197045,0.054802955665023946,3.7410310760051595,2.7687555303349045,6,406
correlated,6.0,30,0.9,0.9,9,1000,37,0.13382594417077176,0.04898741105637706,5.511928870558364,4.316091873993936,6,406
correlated,6.0,30,0.9,0.9,9,1000,55,0.13095238095238096,0.04714012041598158,6.504694578793661,5.113612301487528,6,406
correlated,6.0,30,0.9,0.9,9,1000,82,0.13054187192118227,0.05172413793103384,8.416006427991325,6.1304413462661635,6,406
correlated,6.0,30,0.9,0.9,9,1000,122,0.12274220032840723,0.017583470169677238,12.848750022634995,9.156584489255007,6,406
correlated,6.0,30,0.9,0.9,9,1000,182,0.12068965517241381,0.06732348111658185,17.320378616910016,12.815970368571127,6,406
correlated,6.0,30,0.9,0.9,9,1000,272,0.11822660098522168,0.029556650246304345,17.542669961638726,14.2793072814053,6,406
correlated,6.0,30,0.9,0.9,9,1000,406,0.11740558292282428,0.05473453749316094,27.372583845131988,18.730389969986373,6,406
correlated,6.0,30,0.9,0.9,9,1000,606,0.11042692939244664,0.03728790366721464,26.197341060405105,10.606576685344452,6,406
correlated,6.0,30,0.9,0.9,9,1000,905,0.10262725779967159,0.07936507936507971,50.67435047121729,25.248910038804816,6,406
correlated,6.0,30,0.9,0.9,9,1000,1350,0.09893267651888342,0.06848659003831419,68.90157896322741,45.69835663024253,6,406
correlated,6.0,30,0.9,0.9,9,1000,2015,0.08990147783251233,0.09174876847290525,87.28416270304122,34.432098262220904,6,406
correlated,6.0,30,0.9,0.9,9,1000,3008,0.09195402298850575,0.02107279693486509,114.94661709231265,53.07499558200899,6,406
correlated,6.0,30,0.9,0.9,9,1000,4489,0.08661740558292282,0.055350301039957556,144.76933597008073,83.00450139654211,6,406
correlated,6.0,30,0.9,0.9,9,1000,6700,0.08292282430213464,0.0908593322386429,237.58471875547198,167.43753501820004,6,406
correlated,6.0,30,0.9,0.9,9,1000,10000,0.07635467980295567,0.1395730706075528,316.6167272399901,273.1212242941581,6,406
correlated,6.0,30,0.9,0.9,9,10000,1,0.201559934318555,0.37554734537493173,0.03108880655200819,0.03367156513937225,6,406
correlated,6.0,30,0.9,0.9,9,10000,2,0.19991789819376027,0.3804734537493159,0.04803156131137227,0.036160734604211243,6,406
correlated,6.0,30,0.9,0.9,9,10000,3,0.19950738916256158,0.3530377668308668,0.0744897746800539,0.06530810340735763,6,406
correlated,6.0,30,0.9,0.9,9,10000,5,0.19909688013136287,0.3656951286261634,0.18630903207374097,0.15382080336483242,6,406
correlated,6.0,30,0.9,0.9,9,10000,7,0.1962233169129721,0.37082649151614644,0.24797804436197524,0.2259717679826858,6,406
correlated,6.0,30,0.9,0.9,9,10000,11,0.19376026272577998,0.353585112205799,0.34050459900099056,0.2706657317552979,6,406
correlated,6.0,30,0.9,0.9,9,10000,16,0.1929392446633826,0.33470169677066064,0.30529764616167027,0.23065506343562522,6,406
correlated,6.0,30,0.9,0.9,9,10000,25,0.1933497536945813,0.3405172413793075,0.47434342576462735,0.41681779150789955,6,406
correlated,6.0,30,0.9,0.9,9,10000,37,0.18801313628899838,0.3043240284619573,0.7462535956023307,0.764882394476793,6,406
correlated,6.0,30,0.9,0.9,9,10000,55,0.18637110016420358,0.28708264915162107,1.1080819111403615,1.2274576441853675,6,406
correlated,6.0,30,0.9,0.9,9,10000,82,0.18513957307060758,0.3673371647509516,1.1012296962905266,1.149052393163158,6,406
correlated,6.0,30,0.9,0.9,9,10000,122,0.18267651888341543,0.373905309250138,1.1733957668228767,1.077573618554254,6,406
correlated,6.0,30,0.9,0.9,9,10000,182,0.1839080459770115,0.406130268199234,2.090118104538391,2.382528375980818,6,406
correlated,6.0,30,0.9,0.9,9,10000,272,0.17692939244663383,0.4863847837985785,3.3129627501503216,4.4242601772312575,6,406
correlated,6.0,30,0.9,0.9,9,10000,406,0.17282430213464695,0.47899562123700223,4.246918257345874,5.529038720327697,6,406
correlated,6.0,30,0.9,0.9,9,10000,606,0.16133004926108377,0.586822660098519,7.204143285305519,9.859110565348026,6,406
correlated,6.0,30,0.9,0.9,9,10000,905,0.166256157635468,0.642651888341543,8.007855999723581,10.734043136107067,6,406
correlated,6.0,30,0.9,0.9,9,10000,1350,0.1592775041050903,0.6811713191023537,11.63648656246066,15.406357382409478,6,406
correlated,6.0,30,0.9,0.9,9,10000,2015,0.15394088669950737,0.7083333333333381,15.93231282274946,24.04361710723481,6,406
correlated,6.0,30,0.9,0.9,9,10000,3008,0.14942528735632185,0.5883962780514485,18.27629621574675,30.50000466293094,6,406
correlated,6.0,30,0.9,0.9,9,10000,4489,0.14449917898193762,0.5752599890530897,31.980837876638606,49.23073761559259,6,406
correlated,6.0,30,0.9,0.9,9,10000,6700,0.14532019704433496,0.6724137931034512,51.23802337698757,76.44711973207056,6,406
correlated,6.0,30,0.9,0.9,9,10000,10000,0.13177339901477833,0.3832101806239727,61.55252124128281,93.19958897270276,6,406
