ensemble,epsilon,N,kappa,pi,disorder_idx,tw,lag,Q_mean,chi4,D4_mean,D4_std,n_traj,n_pairs
correlated,6.0,30,0.7,0.8,0,0,1,0.003284072249589491,0.0046524356869184465,4.52526000508308,2.303339137784832,6,406
correlated,6.0,30,0.7,0.8,0,0,2,0.0028735632183908046,0.0028051450465243566,11.284890112558841,6.441661674696639,6,406
correlated,6.0,30,0.7,0.8,0,0,3,0.0024630541871921183,0.003284072249589491,18.675122950707777,11.86939844712475,6,406
correlated,6.0,30,0.7,0.8,0,0,5,0.0024630541871921183,0.0016420361247947454,38.4449116760128,20.17619000256727,6,406
correlated,6.0,30,0.7,0.8,0,0,7,0.002052545155993432,0.0011631089217296112,60.16352359897087,33.934922995003035,6,406
correlated,6.0,30,0.7,0.8,0,0,11,0.0008210180623973727,0.0005473453749315821,110.57974228302227,42.75494189972212,6,406
correlated,6.0,30,0.7,0.8,0,0,16,0.0012315270935960591,0.0006157635467980298,183.86099192524094,57.882886556559264,6,406
correlated,6.0,30,0.7,0.8,0,0,25,0.0016420361247947454,0.0021893814997263283,343.51506700428985,114.07534574134222,6,406
correlated,6.0,30,0.7,0.8,0,0,37,0.0008210180623973727,0.0005473453749315821,542.003604462522,168.14558858580455,6,406
correlated,6.0,30,0.7,0.8,0,0,55,0.0012315270935960591,0.0014367816091954023,874.3026985637257,308.3948342768459,6,406
correlated,6.0,30,0.7,0.8,0,0,82,0.0008210180623973727,0.0013683634373289548,1192.8241311364986,431.51847407821055,6,406
correlated,6.0,30,0.7,0.8,0,0,122,0.0020525451559934315,0.0036261631089217292,1569.7038142547651,541.6303016043963,6,406
correlated,6.0,30,0.7,0.8,0,0,182,0.0012315270935960591,0.0014367816091954023,1977.7022269363958,767.4783099135416,6,406
correlated,6.0,30,0.7,0.8,0,0,272,0.0024630541871921183,0.005747126436781609,2307.2128127943674,870.4786028566376,6,406
correlated,6.0,30,0.7,0.8,0,0,406,0.0012315270935960591,0.0014367816091954023,2667.6524173973717,952.0409755550332,6,406
correlated,6.0,30,0.7,0.8,0,0,606,0.0012315270935960591,0.0014367816091954023,2845.7185322654386,981.0518882104133,6,406
correlated,6.0,30,0.7,0.8,0,0,905,0.0012315270935960591,0.0014367816091954023,3179.4424660972622,932.8977357270766,6,406
correlated,6.0,30,0.7,0.8,0,0,1350,0.0012315270935960591,0.0014367816091954023,3385.68112515513,1068.8462672221046,6,406
correlated,6.0,30,0.7,0.8,0,0,2015,0.0012315270935960591,0.0014367816091954023,3333.9097649412047,1002.2814647364017,6,406
correlated,6.0,30,0.7,0.8,0,0,3008,0.00041050903119868636,0.0003420908593322387,3416.329365872132,1023.340892567282,6,406
correlated,6.0,30,0.7,0.8,0,0,4489,0.0012315270935960591,0.0014367816091954023,3509.159704577172,1005.9662647744677,6,406
correlated,6.0,30,0.7,0.8,0,0,6700,0.0012315270935960591,0.0014367816091954023,3645.2381146730036,994.9332810909948,6,406
correlated,6.0,30,0.7,0.8,0,0,10000,0.0008210180623973727,0.0013683634373289548,3868.058604436032,1102.1383757095878,6,406
correlated,6.0,30,0.7,0.8,0,100,1,0.022167487684729065,0.051724137931034454,2.3128007429771533,0.9532733616338931,6,406
correlated,6.0,30,0.7,0.8,0,100,2,0.019704433497536946,0.03366174055829226,5.41241795716144,4.697435968580715,6,406
correlated,6.0,30,0.7,0.8,0,100,3,0.018883415435139574,0.054734537493158195,7.442275765734787,5.886514520700501,6,406
correlated,6.0,30,0.7,0.8,0,100,5,0.016009852216748766,0.020320197044334985,12.992831265189345,8.2679895186766,6,406
correlated,6.0,30,0.7,0.8,0,100,7,0.015599343185550082,0.02435686918445539,17.466488484994283,8.494454292801482,6,406
correlated,6.0,30,0.7,0.8,0,100,11,0.01354679802955665,0.015394088669950757,26.51159789319235,11.697596259516946,6,406
correlated,6.0,30,0.7,0.8,0,100,16,0.016420361247947452,0.030103995621237008,38.596056113408395,16.706227827459344,6,406
correlated,6.0,30,0.7,0.8,0,100,25,0.012315270935960592,0.024630541871921194,66.58215521535523,35.56623825792743,6,406
correlated,6.0,30,0.7,0.8,0,100,37,0.013136288998357963,0.01450465243568693,118.45017738687282,60.563501822037026,6,406
correlated,6.0,30,0.7,0.8,0,100,55,0.013136288998357967,0.02107279693486586,165.69604010242688,85.30271757614,6,406
correlated,6.0,30,0.7,0.8,0,100,82,0.011494252873563218,0.005473453749315815,234.3673346689694,124.66100887282703,6,406
correlated,6.0,30,0.7,0.8,0,100,122,0.011494252873563218,0.006294471811713192,311.77196850405153,172.57921992964705,6,406
correlated,6.0,30,0.7,0.8,0,100,182,0.008620689655172412,0.016215106732348127,439.6047344727414,236.2598615672414,6,406
correlated,6.0,30,0.7,0.8,0,100,272,0.010262725779967159,0.01758347016967706,653.0903582494198,370.49149719086125,6,406
correlated,6.0,30,0.7,0.8,0,100,406,0.010262725779967159,0.016762452107279696,758.366535788633,486.8440438461649,6,406
correlated,6.0,30,0.7,0.8,0,100,606,0.01026272577996716,0.0249726327312534,817.2784164152049,486.8657324696357,6,406
correlated,6.0,30,0.7,0.8,0,100,905,0.010262725779967159,0.02086754241926656,1004.1308761277911,647.21892950552,6,406
correlated,6.0,30,0.7,0.8,0,100,1350,0.009852216748768473,0.02545155993431856,1084.4256618633578,621.6486562997814,6,406
correlated,6.0,30,0.7,0.8,0,100,2015,0.009852216748768473,0.004105090311986859,1003.1604867856809,492.55969670689046,6,406
correlated,6.0,30,0.7,0.8,0,100,3008,0.007799671592775039,0.014299397920087591,1119.8681420560226,618.4484508688611,6,406
correlated,6.0,30,0.7,0.8,0,100,4489,0.009441707717569785,0.023330596606458684,1188.871540109111,706.5497122769415,6,406
correlated,6.0,30,0.7,0.8,0,100,6700,0.007799671592775041,0.026614668856048167,1290.904567690837,653.6060068639342,6,406
correlated,6.0,30,0.7,0.8,0,100,10000,0.0073891625615763535,0.018883415435139588,1401.486042673774,721.8731889474609,6,406
correlated,6.0,30,0.7,0.8,0,1000,1,0.09441707717569787,0.2361795292829778,0.6596898107010608,0.38794175998271213,6,406
correlated,6.0,30,0.7,0.8,0,1000,2,0.09154351395730707,0.24828954570333797,1.5842917574184587,1.2174248077257197,6,406
correlated,6.0,30,0.7,0.8,0,1000,3,0.090311986863711,0.26984126984126944,2.054228682357464,1.7384580030814745,6,406
correlated,6.0,30,0.7,0.8,0,1000,5,0.08908045977011496,0.25732074438970876,2.739506132364408,1.6694309626252952,6,406
correlated,6.0,30,0.7,0.8,0,1000,7,0.08620689655172413,0.2873563218390812,3.0554759111213117,1.7226487211159327,6,406
correlated,6.0,30,0.7,0.8,0,1000,11,0.08702791461412152,0.2632731253420908,4.345757099001277,2.8207364272250457,6,406
correlated,6.0,30,0.7,0.8,0,1000,16,0.08538587848932677,0.22386425834701668,6.441617798294196,4.386420710435687,6,406
correlated,6.0,30,0.7,0.8,0,1000,25,0.08169129720853859,0.31068691844553986,9.142938677811165,6.518928688979339,6,406
correlated,6.0,30,0.7,0.8,0,1000,37,0.07676518883415435,0.2803092501368365,12.530131679729076,8.596583967846396,6,406
correlated,6.0,30,0.7,0.8,0,1000,55,0.07183908045977012,0.21052271483305943,17.018541322365724,9.404888434351442,6,406
correlated,6.0,30,0.7,0.8,0,1000,82,0.07019704433497538,0.23871100164203574,21.312811674853382,13.99954262435988,6,406
correlated,6.0,30,0.7,0.8,0,1000,122,0.0665024630541872,0.2479474548440064,24.273275105756138,15.804596200345296,6,406
correlated,6.0,30,0.7,0.8,0,1000,182,0.06280788177339902,0.21736453201970418,27.033320515751214,17.695577770259593,6,406
correlated,6.0,30,0.7,0.8,0,1000,272,0.06198686371100165,0.16290366721401164,38.87750747469073,25.333823589088766,6,406
correlated,6.0,30,0.7,0.8,0,1000,406,0.0636288998357964,0.22201696770662296,51.152974786357994,37.80989445703552,6,406
correlated,6.0,30,0.7,0.8,0,1000,606,0.058292282430213456,0.15243568691844578,58.1623645741381,49.82352044136913,6,406
correlated,6.0,30,0.7,0.8,0,1000,905,0.05377668308702791,0.14484126984126994,79.0778337265789,92.15890774527804,6,406
correlated,6.0,30,0.7,0.8,0,1000,1350,0.050492610837438424,0.07614942528735619,113.28646019796209,125.18190463507949,6,406
correlated,6.0,30,0.7,0.8,0,1000,2015,0.04597701149425287,0.074438970990695,105.28884896039396,97.52615879448683,6,406
correlated,6.0,30,0.7,0.8,0,1000,3008,0.04638752052545156,0.0898330596606459,109.82118632507554,97.91887657572923,6,406
correlated,6.0,30,0.7,0.8,0,1000,4489,0.043924466338259444,0.043856048166392866,106.23003414314974,82.08246934203991,6,406
correlated,6.0,30,0.7,0.8,0,1000,6700,0.0422824302134647,0.09722222222222199,184.97156902713013,168.31179450618077,6,406
correlated,6.0,30,0.7,0.8,0,1000,10000,0.03735632183908046,0.01758347016967706,186.9604376085283,163.36133854208416,6,406
correlated,6.0,30,0.7,0.8,0,10000,1,0.13793103448275865,0.505747126436779,0.3955209711830885,0.3956359906614274,6,406
correlated,6.0,30,0.7,0.8,0,10000,2,0.1358784893267652,0.5060892172961152,0.8021651823308381,0.9523914347379571,6,406
correlated,6.0,30,0.7,0.8,0,10000,3,0.13464696223316916,0.49890530925013216,0.9372427334163561,0.9567704106438912,6,406
correlated,6.0,30,0.7,0.8,0,10000,5,0.1330049261083744,0.4737274220032833,1.456244516144353,1.5321144630199326,6,406
correlated,6.0,30,0.7,0.8,0,10000,7,0.12684729064039407,0.42097701149425515,1.6529624392458668,1.7108905570514197,6,406
correlated,6.0,30,0.7,0.8,0,10000,11,0.1272577996715928,0.5268199233716463,1.9672303004396063,1.9925946844620959,6,406
correlated,6.0,30,0.7,0.8,0,10000,16,0.12479474548440066,0.5120415982484952,2.51893412452792,2.390509460123043,6,406
correlated,6.0,30,0.7,0.8,0,10000,25,0.1206896551724138,0.38341543513957227,2.723068442713219,2.095278325513447,6,406
correlated,6.0,30,0.7,0.8,0,10000,37,0.11535303776683087,0.35255883962780604,3.3308658005935246,1.8904010086184424,6,406
correlated,6.0,30,0.7,0.8,0,10000,55,0.11247947454844005,0.3379857690202531,4.837352523717933,4.203619147067353,6,406
correlated,6.0,30,0.7,0.8,0,10000,82,0.10796387520525452,0.2811302681992348,6.889041229772761,6.386225704348622,6,406
correlated,6.0,30,0.7,0.8,0,10000,122,0.1055008210180624,0.4272714833059656,11.959400328588503,14.100444327546025,6,406
correlated,6.0,30,0.7,0.8,0,10000,182,0.0993431855500821,0.3248494800218944,16.1844181141909,14.776412252576872,6,406
correlated,6.0,30,0.7,0.8,0,10000,272,0.08784893267651889,0.3363437328954569,22.42273434846371,24.176756226813264,6,406
correlated,6.0,30,0.7,0.8,0,10000,406,0.09236453201970445,0.42754515599343096,21.48213767228481,16.4240866834074,6,406
correlated,6.0,30,0.7,0.8,0,10000,606,0.08087027914614121,0.18589217296113855,25.473917002479023,26.199670365169855,6,406
correlated,6.0,30,0.7,0.8,0,10000,905,0.0784072249589491,0.19738642583470173,38.13537576193978,53.00737841827207,6,406
correlated,6.0,30,0.7,0.8,0,10000,1350,0.07635467980295567,0.2200328407224955,36.13194585131786,38.57534629570587,6,406
correlated,6.0,30,0.7,0.8,0,10000,2015,0.06650246305418718,0.21510673234811237,75.2043827052699,86.23177503107014,6,406
correlated,6.0,30,0.7,0.8,0,10000,3008,0.07224958949096878,0.1614668856048176,56.03463313561497,53.18984888872075,6,406
correlated,6.0,30,0.7,0.8,0,10000,4489,0.07224958949096881,0.18773946360153226,61.91845856559243,68.03465272916048,6,406
correlated,6.0,30,0.7,0.8,0,10000,6700,0.06609195402298851,0.13663108921729608,121.02739335605338,149.3602870572982,6,406
correlated,6.0,30,0.7,0.8,0,10000,10000,0.06486042692939244,0.08429118773946388,98.2489956198333,105.16687009355832,6,406
correlated,6.0,30,0.7,0.8,1,0,1,0.005336617405582923,0.001984126984126984,8.071476045550257,5.887946618971454,6,406
correlated,6.0,30,0.7,0.8,1,0,2,0.0049261083743842365,0.003284072249589492,19.202597401902565,11.386448734957488,6,406
correlated,6.0,30,0.7,0.8,1,0,3,0.0049261083743842365,0.004105090311986864,25.925086863854208,12.455379047906193,6,406
correlated,6.0,30,0.7,0.8,1,0,5,0.004105090311986864,0.0038314176245210726,45.29894377549213,18.622674787323902,6,406
correlated,6.0,30,0.7,0.8,1,0,7,0.004105090311986864,0.0013683634373289537,75.15785843197058,26.06800079586979,6,406
correlated,6.0,30,0.7,0.8,1,0,11,0.003284072249589491,0.0013683634373289556,144.5967738879755,47.12105977317414,6,406
correlated,6.0,30,0.7,0.8,1,0,16,0.0024630541871921183,0.0008210180623973724,226.16822277474304,57.547482494616744,6,406
correlated,6.0,30,0.7,0.8,1,0,25,0.0024630541871921183,0.0016420361247947454,425.33377148702147,104.0288180677831,6,406
correlated,6.0,30,0.7,0.8,1,0,37,0.00041050903119868636,0.0003420908593322387,739.601097575492,211.70704424361716,6,406
correlated,6.0,30,0.7,0.8,1,0,55,0.0012315270935960591,0.0006157635467980298,1188.4661262227125,342.20171944323374,6,406
correlated,6.0,30,0.7,0.8,1,0,82,0.0008210180623973727,0.0005473453749315821,1780.35360025775,401.04915098729873,6,406
correlated,6.0,30,0.7,0.8,1,0,122,0.0016420361247947454,0.0013683634373289546,2745.1425340217843,838.792207995552,6,406
correlated,6.0,30,0.7,0.8,1,0,182,0.0008210180623973727,0.0005473453749315821,3315.0494809110273,1046.1587584892275,6,406
correlated,6.0,30,0.7,0.8,1,0,272,0.00041050903119868636,0.0003420908593322387,3983.0632636172645,1726.1745238943422,6,406
correlated,6.0,30,0.7,0.8,1,0,406,0.00041050903119868636,0.0003420908593322387,4546.888885501993,2167.550405206161,6,406
correlated,6.0,30,0.7,0.8,1,0,606,0.0008210180623973727,0.0005473453749315821,4881.616080880959,2196.2118290385574,6,406
correlated,6.0,30,0.7,0.8,1,0,905,0.0008210180623973727,0.0005473453749315821,5372.8259128221625,2291.429040300852,6,406
correlated,6.0,30,0.7,0.8,1,0,1350,0.002052545155993432,0.001984126984126984,5994.03002504069,2280.010606996965,6,406
correlated,6.0,30,0.7,0.8,1,0,2015,0.0016420361247947454,0.0013683634373289546,6557.878528313027,2399.365651957416,6,406
correlated,6.0,30,0.7,0.8,1,0,3008,0.002052545155993432,0.001984126984126984,6894.182625160123,2727.977995382546,6,406
correlated,6.0,30,0.7,0.8,1,0,4489,0.0024630541871921183,0.0016420361247947454,6967.373029826161,2709.3419611291406,6,406
correlated,6.0,30,0.7,0.8,1,0,6700,0.0024630541871921183,0.0016420361247947454,7058.139862385374,2778.435970348568,6,406
correlated,6.0,30,0.7,0.8,1,0,10000,0.0024630541871921183,0.002463054187192119,7143.011081659791,2770.216529284638,6,406
correlated,6.0,30,0.7,0.8,1,100,1,0.019704433497536946,0.039408866995073864,3.6557533266582047,1.3840820278193762,6,406
correlated,6.0,30,0.7,0.8,1,100,2,0.019704433497536946,0.04844006568144499,7.170439727768547,3.028400854139195,6,406
correlated,6.0,30,0.7,0.8,1,100,3,0.01847290640394089,0.04577175697865352,11.574910362551032,5.287934653032014,6,406
correlated,6.0,30,0.7,0.8,1,100,5,0.016009852216748766,0.03920361247947457,19.534888305352272,8.85758009726447,6,406
correlated,6.0,30,0.7,0.8,1,100,7,0.016009852216748766,0.03591954022988508,27.350566366521353,12.061617649275524,6,406
correlated,6.0,30,0.7,0.8,1,100,11,0.016830870279146138,0.03728790366721407,50.95199390561587,18.98626015678948,6,406
correlated,6.0,30,0.7,0.8,1,100,16,0.016830870279146138,0.03728790366721407,74.67832072443666,33.32328051692379,6,406
correlated,6.0,30,0.7,0.8,1,100,25,0.015188834154351396,0.0282567049808429,105.84562063572623,36.33903031196781,6,406
correlated,6.0,30,0.7,0.8,1,100,37,0.016009852216748766,0.03509852216748773,152.44782094769633,63.48567710987579,6,406
correlated,6.0,30,0.7,0.8,1,100,55,0.015188834154351396,0.02333059660645868,210.2394977561842,101.8210108518488,6,406
correlated,6.0,30,0.7,0.8,1,100,82,0.011083743842364532,0.012110016420361247,277.7414536047033,146.30899691476625,6,406
correlated,6.0,30,0.7,0.8,1,100,122,0.011083743842364532,0.015394088669950734,382.73504800579923,221.1629255731267,6,406
correlated,6.0,30,0.7,0.8,1,100,182,0.011494252873563218,0.018609742747673783,582.4458318963415,421.36623656172793,6,406
correlated,6.0,30,0.7,0.8,1,100,272,0.010262725779967159,0.015941434044882317,747.3548743087845,605.414583448835,6,406
correlated,6.0,30,0.7,0.8,1,100,406,0.011494252873563218,0.025177887246852756,911.2210287097118,643.2028228208769,6,406
correlated,6.0,30,0.7,0.8,1,100,606,0.011083743842364532,0.017036124794745477,1184.7781830728682,778.356491433237,6,406
correlated,6.0,30,0.7,0.8,1,100,905,0.011904761904761904,0.014299397920087586,1392.0812382263666,779.8977152175945,6,406
correlated,6.0,30,0.7,0.8,1,100,1350,0.01108374384236453,0.017036124794745488,1698.0426200500572,876.0120849440572,6,406
correlated,6.0,30,0.7,0.8,1,100,2015,0.01231527093596059,0.01806239737274221,1959.1027145124237,932.0171836083242,6,406
correlated,6.0,30,0.7,0.8,1,100,3008,0.010673234811165845,0.012041598248494805,2140.5299390297496,1047.067745646528,6,406
correlated,6.0,30,0.7,0.8,1,100,4489,0.008620689655172415,0.010467980295566488,2225.0742107291476,1055.264243964539,6,406
correlated,6.0,30,0.7,0.8,1,100,6700,0.009441707717569787,0.0101943076081007,2286.8192367956312,1079.5631539212827,6,406
correlated,6.0,30,0.7,0.8,1,100,10000,0.010262725779967159,0.01758347016967706,2318.2407144834483,1078.889302215408,6,406
correlated,6.0,30,0.7,0.8,1,1000,1,0.10632183908045978,0.3238232074438958,0.6539036482066605,0.6720481888643083,6,406
correlated,6.0,30,0.7,0.8,1,1000,2,0.10550082101806241,0.27374110563765647,1.209964551056575,0.9565045419567175,6,406
correlated,6.0,30,0.7,0.8,1,1000,3,0.10467980295566502,0.2690886699507391,2.93722967148606,2.906041006110032,6,406
correlated,6.0,30,0.7,0.8,1,1000,5,0.10180623973727422,0.24521072796934856,5.299313353752997,4.416612778073383,6,406
correlated,6.0,30,0.7,0.8,1,1000,7,0.0993431855500821,0.26902025177887257,7.158481491403767,6.130089129313658,6,406
correlated,6.0,30,0.7,0.8,1,1000,11,0.09811165845648605,0.2655309250136833,8.19307517642224,6.119355355594286,6,406
correlated,6.0,30,0.7,0.8,1,1000,16,0.09564860426929393,0.3008347016967701,12.364390830447705,9.630009554061902,6,406
correlated,6.0,30,0.7,0.8,1,1000,25,0.0960591133004926,0.3128078817734,20.17981507795753,20.55766465696363,6,406
correlated,6.0,30,0.7,0.8,1,1000,37,0.0960591133004926,0.3144499178981938,20.95365751709139,21.654969606042688,6,406
correlated,6.0,30,0.7,0.8,1,1000,55,0.09318555008210182,0.3139709906951281,29.46373099675617,33.1668680027455,6,406
correlated,6.0,30,0.7,0.8,1,1000,82,0.09154351395730705,0.3410645867542432,47.38649903170159,65.60943591724352,6,406
correlated,6.0,30,0.7,0.8,1,1000,122,0.09441707717569786,0.3199233716475095,47.863655038163465,64.5999755665734,6,406
correlated,6.0,30,0.7,0.8,1,1000,182,0.08743842364532022,0.2280377668308698,59.37036555212464,59.39327793493687,6,406
correlated,6.0,30,0.7,0.8,1,1000,272,0.08251231527093597,0.23706896551724088,83.34788294776784,85.50473065084896,6,406
correlated,6.0,30,0.7,0.8,1,1000,406,0.08292282430213464,0.27066228790366775,122.41634001807545,151.4647794102541,6,406
correlated,6.0,30,0.7,0.8,1,1000,606,0.0812807881773399,0.22824302134646934,155.27819348338846,162.97060613087422,6,406
correlated,6.0,30,0.7,0.8,1,1000,905,0.06978653530377667,0.16064586754242,255.27479940608976,277.90420948367256,6,406
correlated,6.0,30,0.7,0.8,1,1000,1350,0.07060755336617405,0.15489874110563787,247.45426488120665,249.58708538682333,6,406
correlated,6.0,30,0.7,0.8,1,1000,2015,0.06691297208538588,0.16536672140120426,375.0838401180745,441.11164466304,6,406
correlated,6.0,30,0.7,0.8,1,1000,3008,0.0632183908045977,0.11877394636015381,364.54747935294455,401.37278775805834,6,406
correlated,6.0,30,0.7,0.8,1,1000,4489,0.06239737274220033,0.06622879036672132,475.02007443235067,618.5744893707941,6,406
correlated,6.0,30,0.7,0.8,1,1000,6700,0.05582922824302134,0.04816639299397946,518.9254839451618,708.6413843126976,6,406
correlated,6.0,30,0.7,0.8,1,1000,10000,0.055418719211822655,0.0449507389162563,530.8312604115418,722.5894855274253,6,406
correlated,6.0,30,0.7,0.8,1,10000,1,0.19417077175697864,0.02415161466885872,0.004998648349458352,0.004394226211269158,6,406
correlated,6.0,30,0.7,0.8,1,10000,2,0.1921182266009852,0.018883415435141215,0.06453952346951596,0.05952004536266922,6,406
correlated,6.0,30,0.7,0.8,1,10000,3,0.19129720853858787,0.022714833059655354,0.11386034244462766,0.08751632153024315,6,406
correlated,6.0,30,0.7,0.8,1,10000,5,0.1900656814449918,0.03154077723042935,0.25576527311186,0.15641701453988993,6,406
correlated,6.0,30,0.7,0.8,1,10000,7,0.18760262725779966,0.02743568691844911,0.2934780629999508,0.12660093159392183,6,406
correlated,6.0,30,0.7,0.8,1,10000,11,0.1830870279146141,0.03256704980843779,0.42560120301401755,0.2637627652734867,6,406
correlated,6.0,30,0.7,0.8,1,10000,16,0.1830870279146141,0.0498084291187824,0.4574837052092198,0.11236958259113128,6,406
correlated,6.0,30,0.7,0.8,1,10000,25,0.17569786535303777,0.01696770662287851,0.623221719152199,0.13449035881325394,6,406
correlated,6.0,30,0.7,0.8,1,10000,37,0.174055829228243,0.035851122058021136,0.8033069577954975,0.39565587789596585,6,406
correlated,6.0,30,0.7,0.8,1,10000,55,0.16995073891625614,0.05090311986863976,1.0012890108948083,0.15508359182994982,6,406
correlated,6.0,30,0.7,0.8,1,10000,82,0.17077175697865354,0.05883962780514259,1.1722305901726837,0.3454128854926533,6,406
correlated,6.0,30,0.7,0.8,1,10000,122,0.16420361247947454,0.09496442255062842,2.3709912873558863,2.701466659717306,6,406
correlated,6.0,30,0.7,0.8,1,10000,182,0.1625615763546798,0.1403940886699504,2.075405989145598,1.5698925905866905,6,406
correlated,6.0,30,0.7,0.8,1,10000,272,0.16009852216748768,0.06896551724137986,2.0598476551405183,0.5872739652967375,6,406
correlated,6.0,30,0.7,0.8,1,10000,406,0.15558292282430214,0.12021072796934873,2.2680636578715014,1.0915338688469007,6,406
correlated,6.0,30,0.7,0.8,1,10000,606,0.15024630541871922,0.058292282430213206,3.698562977113094,0.9384734900649767,6,406
correlated,6.0,30,0.7,0.8,1,10000,905,0.15147783251231528,0.09092775041050837,3.725857035273814,1.6258122941425868,6,406
correlated,6.0,30,0.7,0.8,1,10000,1350,0.1358784893267652,0.048782156540778186,5.794477317092522,3.4979982724825756,6,406
correlated,6.0,30,0.7,0.8,1,10000,2015,0.13423645320197045,0.0638341543513954,5.2654562634122115,2.379246560380898,6,406
correlated,6.0,30,0.7,0.8,1,10000,3008,0.1358784893267652,0.1046113847837993,5.041650084949311,1.7230304324286847,6,406
correlated,6.0,30,0.7,0.8,1,10000,4489,0.1297208538587849,0.11138478379857614,6.249986717533932,2.2441320707872596,6,406
correlated,6.0,30,0.7,0.8,1,10000,6700,0.12725779967159276,0.03995621237000701,5.96356173359753,1.9791006217440865,6,406
correlated,6.0,30,0.7,0.8,1,10000,10000,0.11576354679802957,0.026272577996715365,7.16919402848249,0.9601528720168305,6,406
correlated,6.0,30,0.7,0.8,2,0,1,0.0036945812807881776,0.0022577996715927736,6.240939103480312,2.6243342979054995,6,406
correlated,6.0,30,0.7,0.8,2,0,2,0.003284072249589491,0.0013683634373289556,15.513162728999069,6.059293821295203,6,406
correlated,6.0,30,0.7,0.8,2,0,3,0.0028735632183908046,0.0011631089217296114,24.331277631073593,10.636049409449337,6,406
correlated,6.0,30,0.7,0.8,2,0,5,0.003284072249589491,0.0013683634373289556,53.13334405790312,29.147520036110052,6,406
correlated,6.0,30,0.7,0.8,2,0,7,0.002052545155993432,0.0011631089217296114,81.11605769871633,38.21009385703317,6,406
correlated,6.0,30,0.7,0.8,2,0,11,0.0024630541871921183,0.0016420361247947454,145.45225679028587,43.035507644738345,6,406
correlated,6.0,30,0.7,0.8,2,0,16,0.0016420361247947454,0.0013683634373289546,250.80393448358072,68.43172694157408,6,406
correlated,6.0,30,0.7,0.8,2,0,25,0.0008210180623973727,0.0005473453749315821,506.58714610389137,146.18598615046974,6,406
correlated,6.0,30,0.7,0.8,2,0,37,0.0008210180623973727,0.0005473453749315821,819.6317757880639,253.25101255428814,6,406
correlated,6.0,30,0.7,0.8,2,0,55,0.0016420361247947454,0.0005473453749315822,1220.0146793579784,417.63968152709305,6,406
correlated,6.0,30,0.7,0.8,2,0,82,0.0016420361247947454,0.0013683634373289546,1799.357715281645,592.4073454487383,6,406
correlated,6.0,30,0.7,0.8,2,0,122,0.00041050903119868636,0.0003420908593322387,2350.3578756936613,848.1205869157533,6,406
correlated,6.0,30,0.7,0.8,2,0,182,0.0008210180623973727,0.0005473453749315821,2762.3014453047836,1027.4389054255691,6,406
correlated,6.0,30,0.7,0.8,2,0,272,0.0016420361247947454,0.0013683634373289546,3060.419123051808,1119.7533352235282,6,406
correlated,6.0,30,0.7,0.8,2,0,406,0.0012315270935960591,0.0014367816091954023,3431.1509639366486,1453.2291559404798,6,406
correlated,6.0,30,0.7,0.8,2,0,606,0.0016420361247947454,0.0005473453749315822,3758.021742847571,1301.3425886755656,6,406
correlated,6.0,30,0.7,0.8,2,0,905,0.0016420361247947454,0.0005473453749315822,4195.454244808055,1571.8298071557797,6,406
correlated,6.0,30,0.7,0.8,2,0,1350,0.002052545155993432,0.0011631089217296114,4747.9105010441335,1794.279115444576,6,406
correlated,6.0,30,0.7,0.8,2,0,2015,0.002052545155993432,0.0011631089217296114,5434.5933571353335,2167.83450159821,6,406
correlated,6.0,30,0.7,0.8,2,0,3008,0.002052545155993432,0.0011631089217296112,5863.189957021197,2719.264789411934,6,406
correlated,6.0,30,0.7,0.8,2,0,4489,0.0024630541871921183,0.0016420361247947454,6076.319552311893,2896.313347506921,6,406
correlated,6.0,30,0.7,0.8,2,0,6700,0.002052545155993432,0.001984126984126984,6177.73586921508,2780.1454405336694,6,406
correlated,6.0,30,0.7,0.8,2,0,10000,0.0024630541871921183,0.0016420361247947454,6252.812614971562,2797.6640517601404,6,406
correlated,6.0,30,0.7,0.8,2,100,1,0.018883415435139574,0.042419266557197556,3.2141617968165703,1.3690884510114731,6,406
correlated,6.0,30,0.7,0.8,2,100,2,0.017651888341543517,0.03318281335522712,5.718414915114971,2.493325056926428,6,406
correlated,6.0,30,0.7,0.8,2,100,3,0.01724137931034483,0.03530377668308696,8.55605234998387,3.6267414008269783,6,406
correlated,6.0,30,0.7,0.8,2,100,5,0.016009852216748766,0.028530377668308713,14.39509435866386,4.265735635872674,6,406
correlated,6.0,30,0.7,0.8,2,100,7,0.015188834154351396,0.03810892172961136,16.907154312451315,5.97346781298064,6,406
correlated,6.0,30,0.7,0.8,2,100,11,0.014367816091954025,0.03236179529282976,25.943643146095287,10.043474328484777,6,406
correlated,6.0,30,0.7,0.8,2,100,16,0.014367816091954025,0.027435686918445522,39.04355533424179,18.076073131486297,6,406
correlated,6.0,30,0.7,0.8,2,100,25,0.012725779967159278,0.03071975916803503,69.75861085958114,39.14105136604171,6,406
correlated,6.0,30,0.7,0.8,2,100,37,0.013136288998357962,0.02681992337164752,97.60751466010349,58.35220227144453,6,406
correlated,6.0,30,0.7,0.8,2,100,55,0.011083743842364532,0.01867816091954022,122.64310253768544,61.69653317269862,6,406
correlated,6.0,30,0.7,0.8,2,100,82,0.011494252873563218,0.020251778872468516,189.0499131052229,114.0624433552294,6,406
correlated,6.0,30,0.7,0.8,2,100,122,0.011904761904761904,0.022509578544061312,239.65878930672224,89.13718511768059,6,406
correlated,6.0,30,0.7,0.8,2,100,182,0.011494252873563218,0.015325670498084297,283.74664758955583,134.14473122260688,6,406
correlated,6.0,30,0.7,0.8,2,100,272,0.011904761904761904,0.02415161466885607,377.8092716379756,257.3650462918248,6,406
correlated,6.0,30,0.7,0.8,2,100,406,0.010262725779967159,0.022509578544061302,488.27750301814285,214.66118150354535,6,406
correlated,6.0,30,0.7,0.8,2,100,606,0.009852216748768473,0.02545155993431856,622.7193392765572,250.9086816118597,6,406
correlated,6.0,30,0.7,0.8,2,100,905,0.010262725779967159,0.01758347016967707,893.2523457837128,446.87768165512495,6,406
correlated,6.0,30,0.7,0.8,2,100,1350,0.009852216748768473,0.02298850574712643,1219.061692387619,753.7218745189251,6,406
correlated,6.0,30,0.7,0.8,2,100,2015,0.010262725779967159,0.015941434044882317,1654.1372193501848,1253.7909490152663,6,406
correlated,6.0,30,0.7,0.8,2,100,3008,0.0090311986863711,0.012041598248494798,1907.9218053851662,1548.3505321440084,6,406
correlated,6.0,30,0.7,0.8,2,100,4489,0.010673234811165845,0.024356869184455395,2033.0287417469742,1760.3533079083297,6,406
correlated,6.0,30,0.7,0.8,2,100,6700,0.009852216748768473,0.013136288998357958,2071.5943182831084,1796.212803194979,6,406
correlated,6.0,30,0.7,0.8,2,100,10000,0.0090311986863711,0.009578544061302678,2134.777399931063,1825.5600390838783,6,406
correlated,6.0,30,0.7,0.8,2,1000,1,0.10057471264367818,0.34434865900383077,0.6723363178793713,0.49019366131680914,6,406
correlated,6.0,30,0.7,0.8,2,1000,2,0.0993431855500821,0.3856048166392997,1.2091057436110477,0.6889393434194085,6,406
correlated,6.0,30,0.7,0.8,2,1000,3,0.09811165845648605,0.34927476737821567,2.2535422300904226,1.1646409780816867,6,406
correlated,6.0,30,0.7,0.8,2,1000,5,0.09441707717569787,0.2517788724685279,3.029779417623947,1.778654633662079,6,406
correlated,6.0,30,0.7,0.8,2,1000,7,0.09441707717569787,0.2747673782156536,3.901176962375852,2.7864327907753674,6,406
correlated,6.0,30,0.7,0.8,2,1000,11,0.0907224958949097,0.2433634373289538,5.5692444044795115,3.9928433696719874,6,406
correlated,6.0,30,0.7,0.8,2,1000,16,0.08949096880131363,0.3486590038314177,8.467001675809346,6.960536836741259,6,406
correlated,6.0,30,0.7,0.8,2,1000,25,0.08661740558292282,0.2770251778872479,10.830516306976714,9.938060587900353,6,406
correlated,6.0,30,0.7,0.8,2,1000,37,0.08004926108374384,0.18370279146141222,15.224807868715816,10.090589623985796,6,406
correlated,6.0,30,0.7,0.8,2,1000,55,0.08004926108374384,0.20587027914614134,18.961931730975312,13.494358275304572,6,406
correlated,6.0,30,0.7,0.8,2,1000,82,0.0784072249589491,0.16044061302681936,28.73991027547341,22.81515883133641,6,406
correlated,6.0,30,0.7,0.8,2,1000,122,0.07881773399014778,0.141215106732348,45.6765210642873,41.426974066599655,6,406
correlated,6.0,30,0.7,0.8,2,1000,182,0.07881773399014778,0.1486042692939239,44.399654402304655,39.66243329729613,6,406
correlated,6.0,30,0.7,0.8,2,1000,272,0.07799671592775041,0.13273125342090875,63.56776504279832,68.91350885041669,6,406
correlated,6.0,30,0.7,0.8,2,1000,406,0.0755336617405583,0.22222222222222218,95.93078308510015,97.54468440624078,6,406
correlated,6.0,30,0.7,0.8,2,1000,606,0.07101806239737275,0.2367952928297748,134.70848672612414,149.3032596275739,6,406
correlated,6.0,30,0.7,0.8,2,1000,905,0.06609195402298851,0.17357690202517775,236.63502040618212,263.18558835067887,6,406
correlated,6.0,30,0.7,0.8,2,1000,1350,0.06198686371100165,0.23269020251778802,299.3298610648225,333.3362566874272,6,406
correlated,6.0,30,0.7,0.8,2,1000,2015,0.05870279146141216,0.1341680350301033,393.4912344716051,416.537735631801,6,406
correlated,6.0,30,0.7,0.8,2,1000,3008,0.06157635467980296,0.16830870279146132,499.51994723482693,562.7636697647793,6,406
correlated,6.0,30,0.7,0.8,2,1000,4489,0.05459770114942528,0.1464833059660648,504.96309790541454,572.0495511372555,6,406
correlated,6.0,30,0.7,0.8,2,1000,6700,0.05377668308702791,0.0996852764094146,519.566232788089,590.2914711844863,6,406
correlated,6.0,30,0.7,0.8,2,1000,10000,0.05295566502463054,0.11802134646962256,552.5338548899873,608.3123339897621,6,406
correlated,6.0,30,0.7,0.8,2,10000,1,0.1810344827586207,0.17959770114942353,0.10204613327611632,0.09206927649895531,6,406
correlated,6.0,30,0.7,0.8,2,10000,2,0.1798029556650246,0.19211822660098846,0.1987340844833904,0.2173470947535921,6,406
correlated,6.0,30,0.7,0.8,2,10000,3,0.18021346469622332,0.2039545703338811,0.24707294624034962,0.23448725053913047,6,406
correlated,6.0,30,0.7,0.8,2,10000,5,0.17651888341543512,0.1844553913519461,0.40168205599673334,0.3297194656985707,6,406
correlated,6.0,30,0.7,0.8,2,10000,7,0.17323481116584563,0.19020251778872577,0.4950274872840337,0.5230989691988442,6,406
correlated,6.0,30,0.7,0.8,2,10000,11,0.1711822660098522,0.20012315270936132,0.5705206038546718,0.5681730889220667,6,406
correlated,6.0,30,0.7,0.8,2,10000,16,0.16871921182266011,0.19437602627257605,0.7840685257555767,0.5158785732697521,6,406
correlated,6.0,30,0.7,0.8,2,10000,25,0.16297208538587848,0.23761631089217344,1.1485159334194768,1.0619753516526884,6,406
correlated,6.0,30,0.7,0.8,2,10000,37,0.16379310344827583,0.2575944170771819,1.5363683385044304,1.3206924806473987,6,406
correlated,6.0,30,0.7,0.8,2,10000,55,0.16009852216748768,0.2036124794745492,2.2751747223472996,2.5295801386108407,6,406
correlated,6.0,30,0.7,0.8,2,10000,82,0.15763546798029557,0.29064039408866915,2.4727670107817343,2.603692648795702,6,406
correlated,6.0,30,0.7,0.8,2,10000,122,0.1539408866995074,0.2403530377668302,2.8757568066879338,2.81902474591067,6,406
correlated,6.0,30,0.7,0.8,2,10000,182,0.15270935960591134,0.1756978653530365,2.4631924962287957,2.1885895404429525,6,406
correlated,6.0,30,0.7,0.8,2,10000,272,0.14942528735632185,0.19512862616310994,3.9123249196624723,4.365418981224646,6,406
correlated,6.0,30,0.7,0.8,2,10000,406,0.14367816091954022,0.22796934865900395,4.956640261997473,5.535303495375631,6,406
correlated,6.0,30,0.7,0.8,2,10000,606,0.1358784893267652,0.11774767378215664,5.9881160345581135,6.6272676362573435,6,406
correlated,6.0,30,0.7,0.8,2,10000,905,0.1395730706075534,0.1163108921729575,6.826933701988048,7.674419621976405,6,406
correlated,6.0,30,0.7,0.8,2,10000,1350,0.13505747126436782,0.061918445539135517,6.901942456142829,6.710036727641306,6,406
correlated,6.0,30,0.7,0.8,2,10000,2015,0.12848932676518882,0.10050629447181343,7.994992409065966,8.731643651892742,6,406
correlated,6.0,30,0.7,0.8,2,10000,3008,0.1272577996715928,0.08839627805145045,8.455771255872959,7.639070737805267,6,406
correlated,6.0,30,0.7,0.8,2,10000,4489,0.11576354679802957,0.06486042692939117,22.946468732389672,38.67394783272884,6,406
correlated,6.0,30,0.7,0.8,2,10000,6700,0.11247947454844008,0.03667214012041521,32.294428077832585,56.23960728341425,6,406
correlated,6.0,30,0.7,0.8,2,10000,10000,0.11083743842364531,0.08784893267651966,41.137493947783625,77.51373813848406,6,406
correlated,6.0,30,0.7,0.8,3,0,1,0.004515599343185551,0.0028051450465243553,6.541594261127181,2.7319947162165636,6,406
correlated,6.0,30,0.7,0.8,3,0,2,0.003284072249589491,0.0005473453749315834,15.59340203108747,6.172002505765016,6,406
correlated,6.0,30,0.7,0.8,3,0,3,0.003284072249589491,0.0005473453749315834,20.101740487161457,5.101299238912626,6,406
correlated,6.0,30,0.7,0.8,3,0,5,0.0016420361247947454,0.0005473453749315822,35.59401815771203,8.118831946337426,6,406
correlated,6.0,30,0.7,0.8,3,0,7,0.002052545155993432,0.0011631089217296114,55.46787583641301,16.122832120215865,6,406
correlated,6.0,30,0.7,0.8,3,0,11,0.002052545155993432,0.002805145046524356,107.97927497863884,29.688181374810846,6,406
correlated,6.0,30,0.7,0.8,3,0,16,0.0024630541871921183,0.000821018062397373,182.4197553197735,62.278882729819145,6,406
correlated,6.0,30,0.7,0.8,3,0,25,0.0016420361247947454,0.0013683634373289552,339.3423699021824,84.0196054801474,6,406
correlated,6.0,30,0.7,0.8,3,0,37,0.0,0.0,583.1798343379152,157.3853047907755,6,406
correlated,6.0,30,0.7,0.8,3,0,55,0.0,0.0,892.1458983052813,252.85464615252195,6,406
correlated,6.0,30,0.7,0.8,3,0,82,0.0008210180623973727,0.0005473453749315821,1273.9014225330593,362.49381896994277,6,406
correlated,6.0,30,0.7,0.8,3,0,122,0.0008210180623973727,0.0005473453749315821,1732.0652740580256,550.9036021505982,6,406
correlated,6.0,30,0.7,0.8,3,0,182,0.0,0.0,2056.4510848025766,842.1941842798436,6,406
correlated,6.0,30,0.7,0.8,3,0,272,0.0008210180623973727,0.0005473453749315821,2345.4260306156134,1099.1108238773654,6,406
correlated,6.0,30,0.7,0.8,3,0,406,0.0012315270935960591,0.0006157635467980298,2707.4944365314464,1299.0819245956518,6,406
correlated,6.0,30,0.7,0.8,3,0,606,0.0008210180623973727,0.0005473453749315821,2983.1059253700037,1405.2966697581871,6,406
correlated,6.0,30,0.7,0.8,3,0,905,0.00041050903119868636,0.0003420908593322387,3249.1296862597624,1407.748457347942,6,406
correlated,6.0,30,0.7,0.8,3,0,1350,0.00041050903119868636,0.0003420908593322387,3419.9841361109393,1455.7794211548355,6,406
correlated,6.0,30,0.7,0.8,3,0,2015,0.0008210180623973727,0.0005473453749315821,3858.7175313776447,1713.7096730838628,6,406
correlated,6.0,30,0.7,0.8,3,0,3008,0.0012315270935960591,0.0006157635467980298,4056.8961513109693,1773.6803567175148,6,406
correlated,6.0,30,0.7,0.8,3,0,4489,0.00041050903119868636,0.0003420908593322387,4172.987005295244,1866.105681389854,6,406
correlated,6.0,30,0.7,0.8,3,0,6700,0.0,0.0,4218.237102382095,1993.1606173160847,6,406
correlated,6.0,30,0.7,0.8,3,0,10000,0.0,0.0,4291.874233147628,2033.4879927767745,6,406
correlated,6.0,30,0.7,0.8,3,100,1,0.019704433497536946,0.020525451559934318,2.809885781823715,1.010947224746144,6,406
correlated,6.0,30,0.7,0.8,3,100,2,0.016420361247947456,0.014504652435686908,5.6117897215353025,2.1118451132630787,6,406
correlated,6.0,30,0.7,0.8,3,100,3,0.0180623973727422,0.013683634373289554,7.3860326825079206,2.955572572549507,6,406
correlated,6.0,30,0.7,0.8,3,100,5,0.016420361247947456,0.017788724685276393,13.013595719915024,4.605455714884431,6,406
correlated,6.0,30,0.7,0.8,3,100,7,0.012315270935960592,0.0180623973727422,20.072982119162074,11.71592138953262,6,406
correlated,6.0,30,0.7,0.8,3,100,11,0.011083743842364532,0.00882594417077175,26.5840202244367,13.55611460477156,6,406
correlated,6.0,30,0.7,0.8,3,100,16,0.011904761904761904,0.011836343732895466,40.566979370616814,18.42240815956638,6,406
correlated,6.0,30,0.7,0.8,3,100,25,0.010673234811165845,0.012041598248494805,60.26308354209561,22.081041849808393,6,406
correlated,6.0,30,0.7,0.8,3,100,37,0.010262725779967159,0.01512041598248494,79.35338690700056,41.83296415582279,6,406
correlated,6.0,30,0.7,0.8,3,100,55,0.009441707717569787,0.007731253420908585,111.43342115313688,43.31782162951822,6,406
correlated,6.0,30,0.7,0.8,3,100,82,0.009852216748768473,0.011494252873563215,152.3625769184796,85.20064439048198,6,406
correlated,6.0,30,0.7,0.8,3,100,122,0.008210180623973728,0.0071154898741105635,199.6534941882251,142.76445331552938,6,406
correlated,6.0,30,0.7,0.8,3,100,182,0.008210180623973726,0.008757525998905318,325.25694889299547,242.0097520274417,6,406
correlated,6.0,30,0.7,0.8,3,100,272,0.007389162561576355,0.010673234811165843,403.83426392642673,294.3767321087545,6,406
correlated,6.0,30,0.7,0.8,3,100,406,0.008210180623973726,0.004652435686918454,479.62756315734754,369.89663341681546,6,406
correlated,6.0,30,0.7,0.8,3,100,606,0.009441707717569787,0.00937328954570334,585.7517742536094,453.1835078252201,6,406
correlated,6.0,30,0.7,0.8,3,100,905,0.008210180623973726,0.006294471811713198,734.9810226187809,458.56952452478566,6,406
correlated,6.0,30,0.7,0.8,3,100,1350,0.006978653530377668,0.011015325670498084,779.105073249571,494.5983321134449,6,406
correlated,6.0,30,0.7,0.8,3,100,2015,0.008210180623973728,0.009578544061302678,1091.2028197889858,854.9052569984626,6,406
correlated,6.0,30,0.7,0.8,3,100,3008,0.006568144499178982,0.003831417624521077,1228.0505993298427,900.9552884591707,6,406
correlated,6.0,30,0.7,0.8,3,100,4489,0.005747126436781608,0.004652435686918448,1270.9572174668126,903.5099570996738,6,406
correlated,6.0,30,0.7,0.8,3,100,6700,0.0036945812807881776,0.004720853858784893,1322.4892690684253,913.1832266456208,6,406
correlated,6.0,30,0.7,0.8,3,100,10000,0.005747126436781609,0.00875752599890531,1336.957587704934,928.755001835681,6,406
correlated,6.0,30,0.7,0.8,3,1000,1,0.07183908045977011,0.14730432402846239,0.5571019714158986,0.3337935024446395,6,406
correlated,6.0,30,0.7,0.8,3,1000,2,0.06691297208538587,0.13334701696770745,1.109407012757054,0.5681938571644398,6,406
correlated,6.0,30,0.7,0.8,3,1000,3,0.06650246305418718,0.1527093596059119,1.3971467824112527,0.6708747570810033,6,406
correlated,6.0,30,0.7,0.8,3,1000,5,0.06486042692939244,0.10399562123700093,2.5667524390547523,0.8471256137792483,6,406
correlated,6.0,30,0.7,0.8,3,1000,7,0.060755336617405585,0.12041598248494795,3.094494982133288,1.1020774836244376,6,406
correlated,6.0,30,0.7,0.8,3,1000,11,0.05788177339901477,0.1139162561576358,4.619700133030921,1.5292073178064522,6,406
correlated,6.0,30,0.7,0.8,3,1000,16,0.05541871921182267,0.11227422003284043,7.0336665631029796,3.4206244987268253,6,406
correlated,6.0,30,0.7,0.8,3,1000,25,0.05295566502463054,0.08928571428571458,10.291659889893397,4.6284636288625025,6,406
correlated,6.0,30,0.7,0.8,3,1000,37,0.05008210180623974,0.07361795292829793,13.867151295220738,7.553620717008817,6,406
correlated,6.0,30,0.7,0.8,3,1000,55,0.0480295566502463,0.14511494252873589,20.8489641657575,11.721226828411861,6,406
correlated,6.0,30,0.7,0.8,3,1000,82,0.04720853858784893,0.09475916803503025,32.09863099902919,19.39007562514268,6,406
correlated,6.0,30,0.7,0.8,3,1000,122,0.044745484400656815,0.06520251778872467,42.2124426768389,23.702970694634747,6,406
correlated,6.0,30,0.7,0.8,3,1000,182,0.040229885057471264,0.06704980842911891,45.46167641953434,24.3361874014379,6,406
correlated,6.0,30,0.7,0.8,3,1000,272,0.04146141215106732,0.07998084291187756,61.35786236183748,39.17997791828696,6,406
correlated,6.0,30,0.7,0.8,3,1000,406,0.03653530377668309,0.05535030103995615,58.65973905193794,36.34673060024631,6,406
correlated,6.0,30,0.7,0.8,3,1000,606,0.03653530377668309,0.04796113847837971,81.21931624739996,46.381642831976805,6,406
correlated,6.0,30,0.7,0.8,3,1000,905,0.031198686371100164,0.04734537493158177,116.05320546102388,65.12191736956152,6,406
correlated,6.0,30,0.7,0.8,3,1000,1350,0.032430213464696225,0.066023535851122,164.93561950995397,135.17014393298408,6,406
correlated,6.0,30,0.7,0.8,3,1000,2015,0.02791461412151067,0.025998905309250187,192.27856714930374,132.3678866835179,6,406
correlated,6.0,30,0.7,0.8,3,1000,3008,0.030377668308702793,0.03749315818281334,205.9615804123952,126.68804454996287,6,406
correlated,6.0,30,0.7,0.8,3,1000,4489,0.02545155993431855,0.0071154898741106025,227.14820385293066,137.59141179228155,6,406
correlated,6.0,30,0.7,0.8,3,1000,6700,0.0270935960591133,0.04761904761904766,237.99355545216295,143.4511575979347,6,406
correlated,6.0,30,0.7,0.8,3,1000,10000,0.027504105090311984,0.061097427476737874,247.29385973733676,143.26642236416055,6,406
correlated,6.0,30,0.7,0.8,3,10000,1,0.14614121510673236,0.09085933223864114,0.09103924868545066,0.06565301446971723,6,406
correlated,6.0,30,0.7,0.8,3,10000,2,0.1420361247947455,0.06212370005473298,0.3235651568491193,0.140829172209676,6,406
correlated,6.0,30,0.7,0.8,3,10000,3,0.13916256157635468,0.07943349753694623,0.4136691097930972,0.2691543604546571,6,406
correlated,6.0,30,0.7,0.8,3,10000,5,0.13793103448275862,0.08374384236453379,0.9200072291496754,0.6783308402438784,6,406
correlated,6.0,30,0.7,0.8,3,10000,7,0.13423645320197045,0.09585385878489394,1.012984279692562,0.7623553059578005,6,406
correlated,6.0,30,0.7,0.8,3,10000,11,0.1297208538587849,0.05062944718117084,1.5990656747318965,0.8687098961660092,6,406
correlated,6.0,30,0.7,0.8,3,10000,16,0.1268472906403941,0.0835385878489307,2.1406700406602837,1.1312677684593735,6,406
correlated,6.0,30,0.7,0.8,3,10000,25,0.1206896551724138,0.04926108374384246,2.551767696837137,1.4614757129946077,6,406
correlated,6.0,30,0.7,0.8,3,10000,37,0.11412151067323482,0.05062944718117014,3.5670581566812696,2.1766619789583506,6,406
correlated,6.0,30,0.7,0.8,3,10000,55,0.11330049261083742,0.04022988505747241,3.7475396777162278,1.3369669243000075,6,406
correlated,6.0,30,0.7,0.8,3,10000,82,0.10960591133004927,0.03920361247947382,4.380880962593185,1.6219829350710373,6,406
correlated,6.0,30,0.7,0.8,3,10000,122,0.10509031198686374,0.07197591680349992,5.926244338183534,2.6824162757604397,6,406
correlated,6.0,30,0.7,0.8,3,10000,182,0.09852216748768473,0.10426929392446527,9.506041652624743,4.5942407934056915,6,406
correlated,6.0,30,0.7,0.8,3,10000,272,0.0993431855500821,0.03420908593322383,11.185421596441563,4.658528287211589,6,406
correlated,6.0,30,0.7,0.8,3,10000,406,0.08702791461412152,0.07936507936507935,14.27134263533094,6.225153494619954,6,406
correlated,6.0,30,0.7,0.8,3,10000,606,0.09236453201970445,0.05972906403940742,13.37061216287986,5.326119947280044,6,406
correlated,6.0,30,0.7,0.8,3,10000,905,0.08702791461412152,0.1187739463601524,12.61840036487772,3.3927060864402288,6,406
correlated,6.0,30,0.7,0.8,3,10000,1350,0.0779967159277504,0.07115489874110655,14.94423950746868,5.811166636326019,6,406
correlated,6.0,30,0.7,0.8,3,10000,2015,0.07224958949096881,0.06048166392993919,15.835805995691416,4.169881038070886,6,406
correlated,6.0,30,0.7,0.8,3,10000,3008,0.069376026272578,0.0652025177887252,19.824310691282108,9.776570952134193,6,406
correlated,6.0,30,0.7,0.8,3,10000,4489,0.05993431855500821,0.07443897099069482,22.573859507301123,6.768778690212978,6,406
correlated,6.0,30,0.7,0.8,3,10000,6700,0.05623973727422003,0.08326491516146724,23.35902992155718,9.060534858677903,6,406
correlated,6.0,30,0.7,0.8,3,10000,10000,0.05500821018062397,0.018609742747673883,23.681938095363915,7.925899698430893,6,406
correlated,6.0,30,0.7,0.8,4,0,1,0.0028735632183908046,0.0028051450465243566,7.666957424363864,1.4087678897378655,6,406
correlated,6.0,30,0.7,0.8,4,0,2,0.0020525451559934315,0.0036261631089217292,16.20442920957751,5.382065955497516,6,406
correlated,6.0,30,0.7,0.8,4,0,3,0.0024630541871921183,0.003284072249589491,26.431512137516194,6.926444619871727,6,406
correlated,6.0,30,0.7,0.8,4,0,5,0.0024630541871921183,0.003284072249589491,44.70456049026543,17.284265663386524,6,406
correlated,6.0,30,0.7,0.8,4,0,7,0.0024630541871921183,0.003284072249589491,62.213914646195214,20.30343238106611,6,406
correlated,6.0,30,0.7,0.8,4,0,11,0.0012315270935960591,0.0006157635467980298,119.65417386076699,47.459185184872034,6,406
correlated,6.0,30,0.7,0.8,4,0,16,0.0016420361247947454,0.0021893814997263283,201.06985193605047,73.46700311886403,6,406
correlated,6.0,30,0.7,0.8,4,0,25,0.0012315270935960591,0.0014367816091954023,412.5089004706819,104.02791012088855,6,406
correlated,6.0,30,0.7,0.8,4,0,37,0.0012315270935960591,0.0014367816091954023,661.8031143493166,162.84376998139444,6,406
correlated,6.0,30,0.7,0.8,4,0,55,0.0008210180623973727,0.0013683634373289548,1050.4242579171075,283.12843767319526,6,406
correlated,6.0,30,0.7,0.8,4,0,82,0.0012315270935960591,0.0014367816091954023,1582.0217320458269,389.4170902111564,6,406
correlated,6.0,30,0.7,0.8,4,0,122,0.00041050903119868636,0.0003420908593322387,2035.685833524263,467.986509517742,6,406
correlated,6.0,30,0.7,0.8,4,0,182,0.00041050903119868636,0.0003420908593322387,2390.8264584835256,607.3344856979767,6,406
correlated,6.0,30,0.7,0.8,4,0,272,0.00041050903119868636,0.0003420908593322387,2824.2663939382296,687.9275196224536,6,406
correlated,6.0,30,0.7,0.8,4,0,406,0.0008210180623973727,0.0005473453749315821,3134.739442969975,692.6133251763392,6,406
correlated,6.0,30,0.7,0.8,4,0,606,0.0008210180623973727,0.0005473453749315821,3757.117017971868,959.084897383335,6,406
correlated,6.0,30,0.7,0.8,4,0,905,0.0008210180623973727,0.0005473453749315821,4230.233178509351,1053.2643867980555,6,406
correlated,6.0,30,0.7,0.8,4,0,1350,0.0008210180623973727,0.0005473453749315821,4486.311690526957,1067.9980408216547,6,406
correlated,6.0,30,0.7,0.8,4,0,2015,0.0016420361247947454,0.0013683634373289546,4626.271704571392,982.1744038264379,6,406
correlated,6.0,30,0.7,0.8,4,0,3008,0.0008210180623973727,0.0005473453749315821,4848.403471963839,1248.062485765077,6,406
correlated,6.0,30,0.7,0.8,4,0,4489,0.0020525451559934315,0.001163108921729612,5066.780700656472,1231.2656434036444,6,406
correlated,6.0,30,0.7,0.8,4,0,6700,0.0008210180623973727,0.0013683634373289548,5309.43369211039,1388.847960865504,6,406
correlated,6.0,30,0.7,0.8,4,0,10000,0.0020525451559934315,0.0028051450465243566,5569.192613025453,1919.0413600401023,6,406
correlated,6.0,30,0.7,0.8,4,100,1,0.02175697865353038,0.0274356869184455,2.9334165240493935,1.5478459427561404,6,406
correlated,6.0,30,0.7,0.8,4,100,2,0.021346469622331693,0.024356869184455347,5.512280062746452,1.4590241351010307,6,406
correlated,6.0,30,0.7,0.8,4,100,3,0.02175697865353038,0.02086754241926657,7.667145883506355,1.9546334732895119,6,406
correlated,6.0,30,0.7,0.8,4,100,5,0.020114942528735635,0.01429939792008751,15.452362528048724,4.5781773222167885,6,406
correlated,6.0,30,0.7,0.8,4,100,7,0.019704433497536946,0.018883415435139564,21.33517093637442,6.326444476349965,6,406
correlated,6.0,30,0.7,0.8,4,100,11,0.01929392446633826,0.029077723043240276,29.08635144453989,14.312220438506275,6,406
correlated,6.0,30,0.7,0.8,4,100,16,0.017651888341543513,0.024151614668856056,43.239586649567705,26.240260582808176,6,406
correlated,6.0,30,0.7,0.8,4,100,25,0.01600985221674877,0.013752052545155968,53.383008097957564,27.98898478923924,6,406
correlated,6.0,30,0.7,0.8,4,100,37,0.015599343185550082,0.015325670498084308,74.15711787469134,34.44236687171391,6,406
correlated,6.0,30,0.7,0.8,4,100,55,0.015188834154351396,0.019225506294471794,101.41657429928652,34.502802917969376,6,406
correlated,6.0,30,0.7,0.8,4,100,82,0.01477832512315271,0.015599343185550079,140.86696835089418,88.03088851131092,6,406
correlated,6.0,30,0.7,0.8,4,100,122,0.014778325123152707,0.02298850574712647,209.80347882745505,101.65144479929279,6,406
correlated,6.0,30,0.7,0.8,4,100,182,0.01600985221674877,0.012110016420361214,288.9128488359584,230.56419872126463,6,406
correlated,6.0,30,0.7,0.8,4,100,272,0.012725779967159278,0.011015325670498089,368.5829951175015,170.67911516805864,6,406
correlated,6.0,30,0.7,0.8,4,100,406,0.012725779967159278,0.006910235358511225,525.1130832280008,294.50109965683197,6,406
correlated,6.0,30,0.7,0.8,4,100,606,0.013957307060755335,0.011220580186097433,791.4266019353823,410.45461868661573,6,406
correlated,6.0,30,0.7,0.8,4,100,905,0.015188834154351396,0.009373289545703335,965.7412294485166,489.5688866778343,6,406
correlated,6.0,30,0.7,0.8,4,100,1350,0.013957307060755335,0.011220580186097433,1071.5266291709893,467.55976168643235,6,406
correlated,6.0,30,0.7,0.8,4,100,2015,0.011083743842364532,0.01128899835796388,1179.773389943996,495.78803574347376,6,406
correlated,6.0,30,0.7,0.8,4,100,3008,0.012725779967159278,0.013478379857690199,1317.6831301943314,718.2853111018194,6,406
correlated,6.0,30,0.7,0.8,4,100,4489,0.01354679802955665,0.010467980295566504,1468.5353839627442,857.2775412267722,6,406
correlated,6.0,30,0.7,0.8,4,100,6700,0.013136288998357963,0.013683634373289564,1598.6233451849637,992.173160387226,6,406
correlated,6.0,30,0.7,0.8,4,100,10000,0.012315270935960592,0.005747126436781607,1803.577924822801,1409.0840072968067,6,406
correlated,6.0,30,0.7,0.8,4,1000,1,0.13095238095238096,0.17850301039956334,0.23442147010994496,0.11498126576670159,6,406
correlated,6.0,30,0.7,0.8,4,1000,2,0.12931034482758622,0.15250410509031054,0.31100559790311305,0.12404094376053827,6,406
correlated,6.0,30,0.7,0.8,4,1000,3,0.12889983579638753,0.17214012041598284,0.4983966924459898,0.3606225910808097,6,406
correlated,6.0,30,0.7,0.8,4,1000,5,0.1301313628899836,0.1670087575259998,0.6080858463804091,0.20223057488960058,6,406
correlated,6.0,30,0.7,0.8,4,1000,7,0.12643678160919541,0.15325670498084304,1.2094115603720572,0.8224079230580374,6,406
correlated,6.0,30,0.7,0.8,4,1000,11,0.12479474548440066,0.17788724685276391,1.468873868197642,0.877887716863419,6,406
correlated,6.0,30,0.7,0.8,4,1000,16,0.1206896551724138,0.14367816091953867,1.7559769979949322,0.9846843583115213,6,406
correlated,6.0,30,0.7,0.8,4,1000,25,0.11904761904761903,0.17296113847838185,2.9417503532795277,2.0319466567903635,6,406
correlated,6.0,30,0.7,0.8,4,1000,37,0.11822660098522168,0.17569786535303722,5.4973776748949925,5.517119025278022,6,406
correlated,6.0,30,0.7,0.8,4,1000,55,0.11247947454844008,0.13355227148330562,5.4418708024002145,4.017366251006036,6,406
correlated,6.0,30,0.7,0.8,4,1000,82,0.11001642036124797,0.12041598248494759,7.571148926863643,5.5124907171524855,6,406
correlated,6.0,30,0.7,0.8,4,1000,122,0.11042692939244664,0.13581007115489954,8.841169604066168,5.930640730680897,6,406
correlated,6.0,30,0.7,0.8,4,1000,182,0.1083743842364532,0.12725779967159306,15.2842749379594,11.990504379120317,6,406
correlated,6.0,30,0.7,0.8,4,1000,272,0.09975369458128079,0.17467159277504074,20.823111493063553,15.720988187410185,6,406
correlated,6.0,30,0.7,0.8,4,1000,406,0.10057471264367816,0.21873289545703362,25.43602487993958,22.551840660579956,6,406
correlated,6.0,30,0.7,0.8,4,1000,606,0.0935960591133005,0.19376026272577943,32.70421531694222,36.98991412239023,6,406
correlated,6.0,30,0.7,0.8,4,1000,905,0.09113300492610837,0.1756978653530379,52.293538088801476,61.77521558566816,6,406
correlated,6.0,30,0.7,0.8,4,1000,1350,0.07963875205254516,0.22304324028461944,73.01854129723297,74.03316855726366,6,406
correlated,6.0,30,0.7,0.8,4,1000,2015,0.08210180623973727,0.20333880678708274,84.69674813175094,87.43751260895,6,406
correlated,6.0,30,0.7,0.8,4,1000,3008,0.07963875205254516,0.16310892172961172,122.83388165735539,114.3959802098897,6,406
correlated,6.0,30,0.7,0.8,4,1000,4489,0.07512315270935961,0.20751231527093547,154.55595771908494,150.0810658591302,6,406
correlated,6.0,30,0.7,0.8,4,1000,6700,0.07060755336617407,0.19102353585112158,213.24643240391592,235.18020429774697,6,406
correlated,6.0,30,0.7,0.8,4,1000,10000,0.06978653530377668,0.15489874110563823,289.5949527170498,382.296090659007,6,406
correlated,6.0,30,0.7,0.8,4,10000,1,0.20525451559934316,0.09168035030104507,0.019747519517376858,0.02184190007127408,6,406
correlated,6.0,30,0.7,0.8,4,10000,2,0.2044334975369458,0.1001642036124801,0.05524131795486198,0.03968731459774997,6,406
correlated,6.0,30,0.7,0.8,4,10000,3,0.2040229885057471,0.10214833059661003,0.07328767351820041,0.038301963870389734,6,406
correlated,6.0,30,0.7,0.8,4,10000,5,0.2019704433497537,0.08292282430213267,0.11394890095719311,0.0698534029427409,6,406
correlated,6.0,30,0.7,0.8,4,10000,7,0.20032840722495895,0.09332238642583322,0.15855215436930148,0.09069304438047163,6,406
correlated,6.0,30,0.7,0.8,4,10000,11,0.20032840722495893,0.09496442255062983,0.20253903195132508,0.10566382741981509,6,406
correlated,6.0,30,0.7,0.8,4,10000,16,0.19950738916256153,0.07471264367816938,0.2626333873251404,0.11940670731537648,6,406
correlated,6.0,30,0.7,0.8,4,10000,25,0.19909688013136287,0.09804324028462134,0.312105139969926,0.21052627807568772,6,406
correlated,6.0,30,0.7,0.8,4,10000,37,0.1925287356321839,0.1473043240284631,0.4859467393386036,0.4104898724057295,6,406
correlated,6.0,30,0.7,0.8,4,10000,55,0.19088669950738915,0.1467569786535337,0.5674496289824144,0.39507893377897735,6,406
correlated,6.0,30,0.7,0.8,4,10000,82,0.18678160919540232,0.0964012041598191,0.7736753875328776,0.4534412837880764,6,406
correlated,6.0,30,0.7,0.8,4,10000,122,0.18513957307060758,0.10789545703338406,1.0629949880181784,0.8310782473139948,6,406
correlated,6.0,30,0.7,0.8,4,10000,182,0.17857142857142858,0.17138752052545175,1.3916756176220784,1.4653516497905634,6,406
correlated,6.0,30,0.7,0.8,4,10000,272,0.1724137931034483,0.17159277504105205,1.5917975718169213,0.9340921634829955,6,406
correlated,6.0,30,0.7,0.8,4,10000,406,0.1744663382594417,0.12103174603174985,1.5883918149449094,0.9789711943237268,6,406
correlated,6.0,30,0.7,0.8,4,10000,606,0.16912972085385877,0.08675424192665668,2.1864323251513658,0.6984831330340716,6,406
correlated,6.0,30,0.7,0.8,4,10000,905,0.16091954022988508,0.11056376573617784,2.620906324035459,1.3003232233987485,6,406
correlated,6.0,30,0.7,0.8,4,10000,1350,0.16009852216748768,0.15270935960591084,2.9574713889745894,1.100147600262096,6,406
correlated,6.0,30,0.7,0.8,4,10000,2015,0.15394088669950737,0.1910919540229927,3.968008970432326,2.8001849563361265,6,406
correlated,6.0,30,0.7,0.8,4,10000,3008,0.1510673234811166,0.07525998905309313,5.684332926751032,2.8836703847860137,6,406
correlated,6.0,30,0.7,0.8,4,10000,4489,0.14326765188834154,0.11610563765736284,4.975211644056,3.161028247660211,6,406
correlated,6.0,30,0.7,0.8,4,10000,6700,0.1301313628899836,0.03318281335522595,6.864117612966549,2.475521883391496,6,406
correlated,6.0,30,0.7,0.8,4,10000,10000,0.12274220032840723,0.030719759168035977,7.503769376256212,3.0243766630340243,6,406
correlated,6.0,30,0.7,0.8,5,0,1,0.005336617405582923,0.005268199233716474,4.1531144657628785,1.6412600768629493,6,406
correlated,6.0,30,0.7,0.8,5,0,2,0.005336617405582923,0.007731253420908594,10.464677080739637,4.37518669656436,6,406
correlated,6.0,30,0.7,0.8,5,0,3,0.0049261083743842365,0.00574712643678161,17.62599639125053,6.3189661466785525,6,406
correlated,6.0,30,0.7,0.8,5,0,5,0.004105090311986864,0.0021893814997263252,33.50278295755236,14.706581004166328,6,406
correlated,6.0,30,0.7,0.8,5,0,7,0.004105090311986864,0.005473453749315817,52.692459485817714,28.222468528243013,6,406
correlated,6.0,30,0.7,0.8,5,0,11,0.0024630541871921183,0.003284072249589491,103.44934063122179,47.05554236875505,6,406
correlated,6.0,30,0.7,0.8,5,0,16,0.0016420361247947454,0.0013683634373289546,187.78602032054508,87.54622549006127,6,406
correlated,6.0,30,0.7,0.8,5,0,25,0.002052545155993432,0.0011631089217296112,327.4192214011204,147.16518432998393,6,406
correlated,6.0,30,0.7,0.8,5,0,37,0.0016420361247947454,0.0013683634373289546,546.3965460988716,219.9301154419293,6,406
correlated,6.0,30,0.7,0.8,5,0,55,0.0016420361247947454,0.0013683634373289552,920.7383645229853,339.7833536550384,6,406
correlated,6.0,30,0.7,0.8,5,0,82,0.0012315270935960591,0.0006157635467980298,1385.8858417080294,547.2470741283516,6,406
correlated,6.0,30,0.7,0.8,5,0,122,0.0008210180623973727,0.0005473453749315821,1726.08848763225,716.1582060050496,6,406
correlated,6.0,30,0.7,0.8,5,0,182,0.0020525451559934315,0.0019841269841269845,1946.3998210778498,781.3071945518435,6,406
correlated,6.0,30,0.7,0.8,5,0,272,0.0020525451559934315,0.001163108921729612,2163.3736209808376,851.7547298001097,6,406
correlated,6.0,30,0.7,0.8,5,0,406,0.0024630541871921183,0.0016420361247947454,2330.053109202341,937.8147766599631,6,406
correlated,6.0,30,0.7,0.8,5,0,606,0.0024630541871921183,0.0016420361247947454,2450.5902832356755,957.2286944834229,6,406
correlated,6.0,30,0.7,0.8,5,0,905,0.0016420361247947454,0.0005473453749315822,2616.7796679118246,1056.1694729622182,6,406
correlated,6.0,30,0.7,0.8,5,0,1350,0.0016420361247947454,0.0013683634373289546,2740.0941160537095,1062.9628846657583,6,406
correlated,6.0,30,0.7,0.8,5,0,2015,0.0012315270935960591,0.0006157635467980298,2791.027227061606,1079.6519550230307,6,406
correlated,6.0,30,0.7,0.8,5,0,3008,0.0016420361247947454,0.0013683634373289552,2822.7350705181634,939.1687758619413,6,406
correlated,6.0,30,0.7,0.8,5,0,4489,0.00041050903119868636,0.0003420908593322387,2920.3099161660652,1048.5406653242835,6,406
correlated,6.0,30,0.7,0.8,5,0,6700,0.0008210180623973727,0.0005473453749315821,2970.193536224044,1094.5928317018293,6,406
correlated,6.0,30,0.7,0.8,5,0,10000,0.00041050903119868636,0.0003420908593322387,3079.1981763302665,1301.034712628882,6,406
correlated,6.0,30,0.7,0.8,5,100,1,0.04926108374384236,0.10016420361247975,1.5651623118873392,1.2329032021166952,6,406
correlated,6.0,30,0.7,0.8,5,100,2,0.04926108374384236,0.10016420361247975,2.611535477922177,1.109025945224183,6,406
correlated,6.0,30,0.7,0.8,5,100,3,0.0480295566502463,0.1122742200328408,4.301384222658128,1.921376705750164,6,406
correlated,6.0,30,0.7,0.8,5,100,5,0.046798029556650245,0.09770114942528749,7.169660346259465,2.0764930842614477,6,406
correlated,6.0,30,0.7,0.8,5,100,7,0.047619047619047616,0.08018609742747695,8.729341849830021,2.012119091863921,6,406
correlated,6.0,30,0.7,0.8,5,100,11,0.046798029556650245,0.06321839080459773,14.791024639570475,4.804287120023071,6,406
correlated,6.0,30,0.7,0.8,5,100,16,0.044745484400656815,0.06438149972632726,20.911859518145526,9.060733033362244,6,406
correlated,6.0,30,0.7,0.8,5,100,25,0.04351395730706076,0.0506294471811712,28.541881077552535,10.4655772597706,6,406
correlated,6.0,30,0.7,0.8,5,100,37,0.042692939244663386,0.04077723043240285,38.84537306343062,15.31960323567056,6,406
correlated,6.0,30,0.7,0.8,5,100,55,0.038177339901477834,0.041666666666666616,58.402618193748744,22.197521206661342,6,406
correlated,6.0,30,0.7,0.8,5,100,82,0.040229885057471264,0.036672140120416,75.97493834361806,36.54383091060319,6,406
correlated,6.0,30,0.7,0.8,5,100,122,0.04064039408866995,0.03920361247947462,107.38576551316483,43.49783106826416,6,406
correlated,6.0,30,0.7,0.8,5,100,182,0.03858784893267652,0.032567049808428984,135.02842492225437,45.537618839733724,6,406
correlated,6.0,30,0.7,0.8,5,100,272,0.036124794745484405,0.028461959496442056,170.51298705567464,53.207227201913305,6,406
correlated,6.0,30,0.7,0.8,5,100,406,0.033251231527093604,0.03674055829228227,192.93478921871414,79.9599189223343,6,406
correlated,6.0,30,0.7,0.8,5,100,606,0.03284072249589491,0.03420908593322374,247.19941550433802,117.94485336956652,6,406
correlated,6.0,30,0.7,0.8,5,100,905,0.03448275862068966,0.028735632183907893,290.08746335597874,135.8516667168821,6,406
correlated,6.0,30,0.7,0.8,5,100,1350,0.03201970443349754,0.02545155993431856,332.57827821784434,124.36806900310832,6,406
correlated,6.0,30,0.7,0.8,5,100,2015,0.031198686371100168,0.022714833059660634,361.7891750980928,106.72232511250304,6,406
correlated,6.0,30,0.7,0.8,5,100,3008,0.031198686371100168,0.020251778872468547,397.05009809948024,103.23247786729395,6,406
correlated,6.0,30,0.7,0.8,5,100,4489,0.02586206896551724,0.02114121510673232,424.9450015330082,118.8533203552333,6,406
correlated,6.0,30,0.7,0.8,5,100,6700,0.025451559934318555,0.034209085933223915,439.0710102776982,141.1320329711095,6,406
correlated,6.0,30,0.7,0.8,5,100,10000,0.02668308702791462,0.03728790366721389,487.51751525362073,189.03176132453135,6,406
correlated,6.0,30,0.7,0.8,5,1000,1,0.166256157635468,0.2904351395730689,0.12670984563056442,0.09122548162538187,6,406
correlated,6.0,30,0.7,0.8,5,1000,2,0.16502463054187194,0.28899835796387113,0.17949006143840418,0.1068406097868675,6,406
correlated,6.0,30,0.7,0.8,5,1000,3,0.1625615763546798,0.3004926108374403,0.28002931916082335,0.12771846595928557,6,406
correlated,6.0,30,0.7,0.8,5,1000,5,0.16174055829228243,0.30842911877394735,0.3866723510281045,0.27547730586250646,6,406
correlated,6.0,30,0.7,0.8,5,1000,7,0.1592775041050903,0.30760810071154904,0.7043975622970801,0.6175605273476797,6,406
correlated,6.0,30,0.7,0.8,5,1000,11,0.15845648604269294,0.3371647509578527,0.9190250033766163,0.8390698147708878,6,406
correlated,6.0,30,0.7,0.8,5,1000,16,0.15845648604269294,0.26737821565407593,1.6538339120559276,1.603523700453984,6,406
correlated,6.0,30,0.7,0.8,5,1000,25,0.15270935960591134,0.18062397372742067,1.9507033292104359,1.8661917867199629,6,406
correlated,6.0,30,0.7,0.8,5,1000,37,0.15024630541871922,0.27257799671592764,2.535997519451754,2.8691876088100905,6,406
correlated,6.0,30,0.7,0.8,5,1000,55,0.1481937602627258,0.18753420908593058,2.9414977706682457,2.2338158309572713,6,406
correlated,6.0,30,0.7,0.8,5,1000,82,0.14819376026272577,0.25075259989053356,2.6778499229752275,1.382919877665701,6,406
correlated,6.0,30,0.7,0.8,5,1000,122,0.14860426929392448,0.21483305966064523,4.85860464482682,3.3132181725911165,6,406
correlated,6.0,30,0.7,0.8,5,1000,182,0.14121510673234813,0.22386425834701526,7.759092989699073,8.201511146402163,6,406
correlated,6.0,30,0.7,0.8,5,1000,272,0.14408866995073893,0.2600574712643669,11.142774900339838,14.057619112414091,6,406
correlated,6.0,30,0.7,0.8,5,1000,406,0.13628899835796385,0.18938149972633028,15.653673252564412,18.03771021524991,6,406
correlated,6.0,30,0.7,0.8,5,1000,606,0.12397372742200329,0.157361795292831,14.817230667628914,10.319793814998834,6,406
correlated,6.0,30,0.7,0.8,5,1000,905,0.11986863711001643,0.14258347016967637,20.311791800734365,15.953612050832227,6,406
correlated,6.0,30,0.7,0.8,5,1000,1350,0.11412151067323482,0.08757525998905286,37.88766391360837,32.07242282758564,6,406
correlated,6.0,30,0.7,0.8,5,1000,2015,0.10796387520525452,0.13581007115489885,43.07088918341882,38.027716655356706,6,406
correlated,6.0,30,0.7,0.8,5,1000,3008,0.10139573070607553,0.09722222222222233,56.7200071456379,55.201769588517685,6,406
correlated,6.0,30,0.7,0.8,5,1000,4489,0.09318555008210182,0.11446360153256695,61.24234736065,58.65082844619264,6,406
correlated,6.0,30,0.7,0.8,5,1000,6700,0.08866995073891626,0.12807881773398996,72.31392046758758,72.66762023959859,6,406
correlated,6.0,30,0.7,0.8,5,1000,10000,0.08538587848932677,0.17296113847838007,81.88251422671077,76.26712353241429,6,406
correlated,6.0,30,0.7,0.8,5,10000,1,0.21469622331691296,0.31068691844554197,0.012974787974968108,0.013030283056623113,6,406
correlated,6.0,30,0.7,0.8,5,10000,2,0.21346469622331696,0.3248494800218838,0.04180921163427734,0.012365900069863253,6,406
correlated,6.0,30,0.7,0.8,5,10000,3,0.21305418719211824,0.3224548440065646,0.07830259960423964,0.07904381037689943,6,406
correlated,6.0,30,0.7,0.8,5,10000,5,0.2114121510673235,0.3410645867542369,0.14866424391348582,0.19178410641685611,6,406
correlated,6.0,30,0.7,0.8,5,10000,7,0.21100164203612481,0.33798576902024535,0.19865338935184265,0.26986943698910226,6,406
correlated,6.0,30,0.7,0.8,5,10000,11,0.20853858784893267,0.2837985769020251,0.4340087692976013,0.7937259356831144,6,406
correlated,6.0,30,0.7,0.8,5,10000,16,0.208128078817734,0.30603448275861267,0.6615512012920349,1.2599218861116712,6,406
correlated,6.0,30,0.7,0.8,5,10000,25,0.20648604269293924,0.350916803503008,0.6886477554457516,1.1079774839176535,6,406
correlated,6.0,30,0.7,0.8,5,10000,37,0.2044334975369458,0.32348111658456175,0.5912910424846588,0.6100313975346502,6,406
correlated,6.0,30,0.7,0.8,5,10000,55,0.20238095238095236,0.34106458675424534,0.7062334422400899,0.7448437160556367,6,406
correlated,6.0,30,0.7,0.8,5,10000,82,0.19786535303776684,0.3010399562123697,1.2187125697690249,1.7710513730468778,6,406
correlated,6.0,30,0.7,0.8,5,10000,122,0.19704433497536944,0.3801313628899882,1.5410084816712588,2.077020502825476,6,406
correlated,6.0,30,0.7,0.8,5,10000,182,0.19950738916256158,0.2939244663382567,2.2568124365229956,4.06848431859392,6,406
correlated,6.0,30,0.7,0.8,5,10000,272,0.19458128078817735,0.2988505747126381,2.7260863946206673,4.761601467355136,6,406
correlated,6.0,30,0.7,0.8,5,10000,406,0.19581280788177338,0.3273809523809544,2.83943485399619,4.917145982841336,6,406
correlated,6.0,30,0.7,0.8,5,10000,606,0.19129720853858787,0.2936507936507878,2.6185305032714505,4.2676926101789086,6,406
correlated,6.0,30,0.7,0.8,5,10000,905,0.1847290640394089,0.32676518883414934,5.560202672054501,11.029429593708901,6,406
correlated,6.0,30,0.7,0.8,5,10000,1350,0.17939244663382595,0.3804734537493131,8.07792431169894,16.530476706072957,6,406
correlated,6.0,30,0.7,0.8,5,10000,2015,0.1691297208538588,0.31335522714833014,7.11917165663717,12.69647996678841,6,406
correlated,6.0,30,0.7,0.8,5,10000,3008,0.17118226600985223,0.32573891625615636,8.196677904122572,14.830344841326973,6,406
correlated,6.0,30,0.7,0.8,5,10000,4489,0.159688013136289,0.3632320744389713,17.872929395759027,36.73718109202768,6,406
correlated,6.0,30,0.7,0.8,5,10000,6700,0.159688013136289,0.23843732895457032,11.28003278890879,19.456268526851478,6,406
correlated,6.0,30,0.7,0.8,5,10000,10000,0.14901477832512314,0.2058702791461424,13.211510571845723,24.00462010091193,6,406
correlated,6.0,30,0.7,0.8,6,0,1,0.0028735632183908046,0.0028051450465243566,6.665068765050741,2.0497655288030767,6,406
correlated,6.0,30,0.7,0.8,6,0,2,0.0028735632183908046,0.0028051450465243566,13.814741578995802,3.718965107056404,6,406
correlated,6.0,30,0.7,0.8,6,0,3,0.0024630541871921183,0.002463054187192118,24.20122945089581,7.863737197211476,6,406
correlated,6.0,30,0.7,0.8,6,0,5,0.0024630541871921183,0.0016420361247947454,47.132966077495524,8.14520155660805,6,406
correlated,6.0,30,0.7,0.8,6,0,7,0.0024630541871921183,0.0016420361247947454,75.9691631355688,22.812816896397393,6,406
correlated,6.0,30,0.7,0.8,6,0,11,0.0020525451559934315,0.001163108921729612,139.23826161952698,29.963536768571732,6,406
correlated,6.0,30,0.7,0.8,6,0,16,0.0008210180623973727,0.0013683634373289548,203.9093377743383,32.30185240403798,6,406
correlated,6.0,30,0.7,0.8,6,0,25,0.0012315270935960591,0.0014367816091954023,427.72010702742995,109.51833824394762,6,406
correlated,6.0,30,0.7,0.8,6,0,37,0.0008210180623973727,0.0005473453749315821,765.0701907218686,211.44851486355262,6,406
correlated,6.0,30,0.7,0.8,6,0,55,0.0008210180623973727,0.0005473453749315821,1236.8846239379504,399.2830050030401,6,406
correlated,6.0,30,0.7,0.8,6,0,82,0.0008210180623973727,0.0005473453749315821,1824.6115491356095,738.0473510350644,6,406
correlated,6.0,30,0.7,0.8,6,0,122,0.0008210180623973727,0.0005473453749315821,2512.272820494483,1060.378659561551,6,406
correlated,6.0,30,0.7,0.8,6,0,182,0.00041050903119868636,0.0003420908593322387,3100.585968877733,1187.8075812972154,6,406
correlated,6.0,30,0.7,0.8,6,0,272,0.00041050903119868636,0.0003420908593322387,3741.361899845519,1495.562214882069,6,406
correlated,6.0,30,0.7,0.8,6,0,406,0.00041050903119868636,0.0003420908593322387,4075.6022067153494,1623.978240015883,6,406
correlated,6.0,30,0.7,0.8,6,0,606,0.00041050903119868636,0.0003420908593322387,4528.0877116654265,1704.0375996582036,6,406
correlated,6.0,30,0.7,0.8,6,0,905,0.00041050903119868636,0.0003420908593322387,4953.540774641945,2109.5380125911583,6,406
correlated,6.0,30,0.7,0.8,6,0,1350,0.0016420361247947454,0.0013683634373289552,5565.274533145246,2306.8669670423624,6,406
correlated,6.0,30,0.7,0.8,6,0,2015,0.0012315270935960591,0.0006157635467980298,6140.199562966008,2544.195954974095,6,406
correlated,6.0,30,0.7,0.8,6,0,3008,0.00041050903119868636,0.0003420908593322387,6326.605217120959,2628.5340513664723,6,406
correlated,6.0,30,0.7,0.8,6,0,4489,0.00041050903119868636,0.0003420908593322387,6593.930214803281,2510.073727608828,6,406
correlated,6.0,30,0.7,0.8,6,0,6700,0.0008210180623973727,0.0005473453749315821,6815.888656412736,2593.068087513085,6,406
correlated,6.0,30,0.7,0.8,6,0,10000,0.0008210180623973727,0.0005473453749315821,7064.661023197744,2777.873738707088,6,406
correlated,6.0,30,0.7,0.8,6,100,1,0.021346469622331693,0.030103995621236987,3.313844131989296,1.5716609167179496,6,406
correlated,6.0,30,0.7,0.8,6,100,2,0.020935960591133007,0.029351395730706067,7.046606592675073,1.7751224353117723,6,406
correlated,6.0,30,0.7,0.8,6,100,3,0.021346469622331693,0.025177887246852767,10.22426639080727,2.2019025718280187,6,406
correlated,6.0,30,0.7,0.8,6,100,5,0.020114942528735632,0.02333059660645868,16.80182372901625,4.949111442714807,6,406
correlated,6.0,30,0.7,0.8,6,100,7,0.020935960591133007,0.017036124794745432,24.367824982237067,10.902253894111166,6,406
correlated,6.0,30,0.7,0.8,6,100,11,0.01929392446633826,0.020046524356869173,37.05680889687563,18.32919099865647,6,406
correlated,6.0,30,0.7,0.8,6,100,16,0.018883415435139574,0.015325670498084285,56.52449544742793,24.672078896032733,6,406
correlated,6.0,30,0.7,0.8,6,100,25,0.01847290640394089,0.028530377668308668,87.52806740281592,35.1824676345384,6,406
correlated,6.0,30,0.7,0.8,6,100,37,0.016420361247947452,0.026819923371647545,145.6675091364615,44.967281600566075,6,406
correlated,6.0,30,0.7,0.8,6,100,55,0.015188834154351396,0.020867542419266548,210.88048118949575,96.49796172881382,6,406
correlated,6.0,30,0.7,0.8,6,100,82,0.016420361247947456,0.028461959496442254,260.3878473076432,105.52212283752547,6,406
correlated,6.0,30,0.7,0.8,6,100,122,0.01477832512315271,0.026272577996715916,380.7988359527778,168.65347561550846,6,406
correlated,6.0,30,0.7,0.8,6,100,182,0.015188834154351396,0.020046524356869194,541.3630476331388,271.9848400114714,6,406
correlated,6.0,30,0.7,0.8,6,100,272,0.016009852216748766,0.029351395730706067,669.677000180701,313.4284963978435,6,406
correlated,6.0,30,0.7,0.8,6,100,406,0.01477832512315271,0.02216748768472905,850.911208092863,353.02545307575366,6,406
correlated,6.0,30,0.7,0.8,6,100,606,0.016420361247947456,0.027640941434044854,1030.2489212977277,417.0274595637468,6,406
correlated,6.0,30,0.7,0.8,6,100,905,0.01600985221674877,0.017857142857142832,1374.7719142514616,704.7816952883146,6,406
correlated,6.0,30,0.7,0.8,6,100,1350,0.015188834154351396,0.020046524356869194,1633.1949996417964,897.6412693448724,6,406
correlated,6.0,30,0.7,0.8,6,100,2015,0.014367816091954025,0.01758347016967704,1918.5057034836202,1105.5723981801539,6,406
correlated,6.0,30,0.7,0.8,6,100,3008,0.014367816091954025,0.02250957854406128,2077.8972664757316,1264.5821016162888,6,406
correlated,6.0,30,0.7,0.8,6,100,4489,0.011494252873563218,0.014504652435686919,2230.2136455436857,1218.0732110504036,6,406
correlated,6.0,30,0.7,0.8,6,100,6700,0.01354679802955665,0.010467980295566504,2387.9354358632777,1405.3085873780055,6,406
correlated,6.0,30,0.7,0.8,6,100,10000,0.013546798029556653,0.012110016420361214,2532.3870562185657,1520.4108111129674,6,406
correlated,6.0,30,0.7,0.8,6,1000,1,0.11945812807881773,0.11063218390804717,1.0574191490172173,1.3054219642270357,6,406
correlated,6.0,30,0.7,0.8,6,1000,2,0.11781609195402298,0.12431581828133671,1.0606048220267406,1.0771757045727968,6,406
correlated,6.0,30,0.7,0.8,6,1000,3,0.11617405582922824,0.127599890530925,1.5215246046656266,1.12537279977607,6,406
correlated,6.0,30,0.7,0.8,6,1000,5,0.11699507389162561,0.12294745484400832,2.503922486388231,2.0977463316515896,6,406
correlated,6.0,30,0.7,0.8,6,1000,7,0.11781609195402298,0.12924192665572087,2.6692460155446813,2.4836926203569476,6,406
correlated,6.0,30,0.7,0.8,6,1000,11,0.11412151067323482,0.07033388067870824,4.246794223042177,4.82168607137961,6,406
correlated,6.0,30,0.7,0.8,6,1000,16,0.11371100164203612,0.09065407772304297,3.7230156865206077,3.176648030139521,6,406
correlated,6.0,30,0.7,0.8,6,1000,25,0.10673234811165845,0.10399562123700198,7.75556438424388,6.152052231566105,6,406
correlated,6.0,30,0.7,0.8,6,1000,37,0.10960591133004928,0.09010673234811006,8.020494807826841,5.739880515610937,6,406
correlated,6.0,30,0.7,0.8,6,1000,55,0.10426929392446634,0.062123700054735095,15.706614953312851,15.639059891725053,6,406
correlated,6.0,30,0.7,0.8,6,1000,82,0.10385878489326766,0.10132731253420821,20.54909685767731,21.579437614830162,6,406
correlated,6.0,30,0.7,0.8,6,1000,122,0.10262725779967159,0.10810071154898715,24.466800550480787,16.632439009134046,6,406
correlated,6.0,30,0.7,0.8,6,1000,182,0.09934318555008209,0.10727969348659026,19.740101283952768,7.570117876365647,6,406
correlated,6.0,30,0.7,0.8,6,1000,272,0.0964696223316913,0.10953749315818206,33.70583794821244,14.390749542559488,6,406
correlated,6.0,30,0.7,0.8,6,1000,406,0.09400656814449919,0.10461138478379789,73.3422806538676,65.95350179209908,6,406
correlated,6.0,30,0.7,0.8,6,1000,606,0.0899014778325123,0.08271756978653662,125.04410629328191,125.42172422827021,6,406
correlated,6.0,30,0.7,0.8,6,1000,905,0.0845648604269294,0.08757525998905286,172.89087990253998,251.34478764931296,6,406
correlated,6.0,30,0.7,0.8,6,1000,1350,0.08292282430213464,0.08429118773946352,240.55552482847907,357.34128318451695,6,406
correlated,6.0,30,0.7,0.8,6,1000,2015,0.08004926108374384,0.08107553366174107,279.3311811736429,402.6251934415746,6,406
correlated,6.0,30,0.7,0.8,6,1000,3008,0.07594417077175698,0.06684455391351969,309.67028812460654,425.98122977875244,6,406
correlated,6.0,30,0.7,0.8,6,1000,4489,0.07348111658456485,0.05863437328954689,378.007244048568,430.0666708499151,6,406
correlated,6.0,30,0.7,0.8,6,1000,6700,0.07307060755336618,0.023535851122057527,443.6310725635549,538.7640787595542,6,406
correlated,6.0,30,0.7,0.8,6,1000,10000,0.07019704433497538,0.04577175697865284,536.1404953343093,694.7199941935361,6,406
correlated,6.0,30,0.7,0.8,6,10000,1,0.19581280788177344,0.38156814449917187,0.11526863976485241,0.24897252358670469,6,406
correlated,6.0,30,0.7,0.8,6,10000,2,0.19417077175697864,0.37718938149972836,0.1515091677596103,0.31853902835674824,6,406
correlated,6.0,30,0.7,0.8,6,10000,3,0.19376026272577995,0.36918445539135264,0.1706640774298028,0.3572568442267131,6,406
correlated,6.0,30,0.7,0.8,6,10000,5,0.1900656814449918,0.3821154898741097,0.38300386739119907,0.7815926375014147,6,406
correlated,6.0,30,0.7,0.8,6,10000,7,0.18965517241379312,0.3981937602627227,0.5656563850071407,1.1388169671615065,6,406
correlated,6.0,30,0.7,0.8,6,10000,11,0.18637110016420358,0.3814997263273187,0.999660614293932,2.125311273348266,6,406
correlated,6.0,30,0.7,0.8,6,10000,16,0.18637110016420358,0.33223864258347696,0.9013130067284897,1.770607201893159,6,406
correlated,6.0,30,0.7,0.8,6,10000,25,0.18637110016420358,0.3240284619595024,1.0766788629857211,1.9262200158025915,6,406
correlated,6.0,30,0.7,0.8,6,10000,37,0.18596059113300492,0.3150656814449968,1.5359414863895235,3.126573668760956,6,406
correlated,6.0,30,0.7,0.8,6,10000,55,0.18144499178981935,0.47837985769020563,1.141371657769598,1.9366345443963258,6,406
correlated,6.0,30,0.7,0.8,6,10000,82,0.17692939244663383,0.37226327312534135,1.9640167634401327,3.3315059026922755,6,406
correlated,6.0,30,0.7,0.8,6,10000,122,0.1720032840722496,0.35255883962780327,2.4193774217835826,3.5968328612412406,6,406
correlated,6.0,30,0.7,0.8,6,10000,182,0.16502463054187191,0.4449917898193766,5.503526405820885,11.183240811621191,6,406
correlated,6.0,30,0.7,0.8,6,10000,272,0.16707717569786537,0.4207033388067848,5.604322670456117,10.782016229013898,6,406
correlated,6.0,30,0.7,0.8,6,10000,406,0.16543513957307063,0.401819923371645,5.650160952184293,9.973877949019277,6,406
correlated,6.0,30,0.7,0.8,6,10000,606,0.1592775041050903,0.3560481663929939,9.245100942832533,17.16771191220008,6,406
correlated,6.0,30,0.7,0.8,6,10000,905,0.15640394088669954,0.46941707717569436,10.835949879865337,20.711486170285355,6,406
correlated,6.0,30,0.7,0.8,6,10000,1350,0.1564039408866995,0.4176929392446647,11.858475139578395,22.448821803199056,6,406
correlated,6.0,30,0.7,0.8,6,10000,2015,0.15435139573070608,0.3191023535851112,9.933980233227048,16.96873147037965,6,406
correlated,6.0,30,0.7,0.8,6,10000,3008,0.14326765188834154,0.33942255062945015,13.664608934299212,24.470270829840008,6,406
correlated,6.0,30,0.7,0.8,6,10000,4489,0.14367816091954022,0.25095785440613105,20.498860714174786,40.27583844469373,6,406
correlated,6.0,30,0.7,0.8,6,10000,6700,0.14244663382594416,0.29262452107279907,20.267799141498763,38.95191339929641,6,406
correlated,6.0,30,0.7,0.8,6,10000,10000,0.13054187192118225,0.2709359605911352,28.863882723790145,56.25615138037498,6,406
correlated,6.0,30,0.7,0.8,7,0,1,0.003284072249589491,0.0030103995621237004,6.182048334329269,2.087387859203192,6,406
correlated,6.0,30,0.7,0.8,7,0,2,0.0024630541871921183,0.003284072249589491,14.308543521193338,8.213751690002649,6,406
correlated,6.0,30,0.7,0.8,7,0,3,0.0028735632183908046,0.0028051450465243566,24.58322414575601,16.025387011092505,6,406
correlated,6.0,30,0.7,0.8,7,0,5,0.0024630541871921183,0.003284072249589491,44.20194290545127,29.732751896867967,6,406
correlated,6.0,30,0.7,0.8,7,0,7,0.0028735632183908046,0.0036261631089217297,69.07053351886148,51.24450239234442,6,406
correlated,6.0,30,0.7,0.8,7,0,11,0.0024630541871921183,0.003284072249589491,119.04447703103598,65.94359997490251,6,406
correlated,6.0,30,0.7,0.8,7,0,16,0.0024630541871921183,0.003284072249589491,213.04928088198244,105.4202115586782,6,406
correlated,6.0,30,0.7,0.8,7,0,25,0.0020525451559934315,0.0028051450465243566,416.14177276580153,172.5361526331653,6,406
correlated,6.0,30,0.7,0.8,7,0,37,0.0020525451559934315,0.0036261631089217292,670.4471458232744,225.91125867399634,6,406
correlated,6.0,30,0.7,0.8,7,0,55,0.0020525451559934315,0.0036261631089217292,1076.9015654819561,375.4048718066541,6,406
correlated,6.0,30,0.7,0.8,7,0,82,0.0020525451559934315,0.0036261631089217292,1641.985990851667,648.9561315644459,6,406
correlated,6.0,30,0.7,0.8,7,0,122,0.0016420361247947454,0.0021893814997263283,2137.582989385725,982.1785369405336,6,406
correlated,6.0,30,0.7,0.8,7,0,182,0.0012315270935960591,0.0014367816091954023,2624.6689918271654,1244.7729251919861,6,406
correlated,6.0,30,0.7,0.8,7,0,272,0.0008210180623973727,0.0005473453749315821,2998.4942293337094,1432.0705172125436,6,406
correlated,6.0,30,0.7,0.8,7,0,406,0.0012315270935960591,0.0006157635467980298,3506.1235334159173,1546.5968574881724,6,406
correlated,6.0,30,0.7,0.8,7,0,606,0.0012315270935960591,0.0006157635467980298,3963.7006199129814,1877.6659259931487,6,406
correlated,6.0,30,0.7,0.8,7,0,905,0.0016420361247947454,0.0013683634373289552,4245.4546153438305,2074.5816023563884,6,406
correlated,6.0,30,0.7,0.8,7,0,1350,0.0016420361247947454,0.0013683634373289552,4523.268885180466,2191.1219393393194,6,406
correlated,6.0,30,0.7,0.8,7,0,2015,0.0020525451559934315,0.001163108921729612,4796.751429987862,2462.2531263189494,6,406
correlated,6.0,30,0.7,0.8,7,0,3008,0.0016420361247947454,0.0013683634373289552,5051.120314122375,2722.6341954233358,6,406
correlated,6.0,30,0.7,0.8,7,0,4489,0.0008210180623973727,0.0013683634373289548,5354.138969146498,2991.156419096018,6,406
correlated,6.0,30,0.7,0.8,7,0,6700,0.0008210180623973727,0.0013683634373289548,5694.524575848078,3441.453426390951,6,406
correlated,6.0,30,0.7,0.8,7,0,10000,0.0012315270935960591,0.0014367816091954023,5728.796935830097,3545.8978251248263,6,406
correlated,6.0,30,0.7,0.8,7,100,1,0.028325123152709356,0.07943349753694583,3.491775303930836,1.5638544272977517,6,406
correlated,6.0,30,0.7,0.8,7,100,2,0.026272577996715927,0.08018609742747677,5.176498534847545,1.1884223501130085,6,406
correlated,6.0,30,0.7,0.8,7,100,3,0.02586206896551724,0.0736863711001642,8.5230465509456,1.9865177108971916,6,406
correlated,6.0,30,0.7,0.8,7,100,5,0.026683087027914613,0.08080186097427484,15.505085538165142,6.761314060015088,6,406
correlated,6.0,30,0.7,0.8,7,100,7,0.02504105090311987,0.08408593322386426,21.080832736777456,8.928741899095444,6,406
correlated,6.0,30,0.7,0.8,7,100,11,0.025451559934318555,0.0925013683634373,31.752996362759944,13.019152100752885,6,406
correlated,6.0,30,0.7,0.8,7,100,16,0.024630541871921183,0.08784893267651891,42.09033190778187,19.040768710171932,6,406
correlated,6.0,30,0.7,0.8,7,100,25,0.022167487684729065,0.0870279146141215,65.02902371903276,23.65121754768986,6,406
correlated,6.0,30,0.7,0.8,7,100,37,0.02175697865353038,0.09804324028461954,86.17262564224932,30.00783421119977,6,406
correlated,6.0,30,0.7,0.8,7,100,55,0.020935960591133007,0.10570607553366161,125.85056832807864,46.55567521181844,6,406
correlated,6.0,30,0.7,0.8,7,100,82,0.019704433497536946,0.10262725779967162,189.01888242864302,77.66898963000689,6,406
correlated,6.0,30,0.7,0.8,7,100,122,0.020525451559934318,0.08593322386425836,237.8477361166039,86.74914925272039,6,406
correlated,6.0,30,0.7,0.8,7,100,182,0.01847290640394089,0.0662972085385878,344.5959305299882,163.8280331825735,6,406
correlated,6.0,30,0.7,0.8,7,100,272,0.01683087027914614,0.047140120415982464,438.75614978362506,152.73449984836662,6,406
correlated,6.0,30,0.7,0.8,7,100,406,0.018472906403940885,0.02196223316912974,635.2172590844249,289.6337177837317,6,406
correlated,6.0,30,0.7,0.8,7,100,606,0.019704433497536946,0.040229885057471236,769.9768304221883,373.23994228678487,6,406
correlated,6.0,30,0.7,0.8,7,100,905,0.017241379310344827,0.03201970443349755,902.5904930502251,506.1624990963329,6,406
correlated,6.0,30,0.7,0.8,7,100,1350,0.015188834154351396,0.013478379857690199,1009.3879203415503,471.3581514410292,6,406
correlated,6.0,30,0.7,0.8,7,100,2015,0.015188834154351396,0.019225506294471794,1108.7889564083318,591.3200786298913,6,406
correlated,6.0,30,0.7,0.8,7,100,3008,0.014367816091954021,0.02907772304324034,1336.0943090729193,840.1939392611183,6,406
correlated,6.0,30,0.7,0.8,7,100,4489,0.014367816091954021,0.029898741105637696,1422.218132533376,881.4813977046158,6,406
correlated,6.0,30,0.7,0.8,7,100,6700,0.013136288998357962,0.020251778872468547,1638.5697112681883,1210.1383225899583,6,406
correlated,6.0,30,0.7,0.8,7,100,10000,0.013546798029556653,0.013752052545155968,1683.838466606274,1257.1838826583842,6,406
correlated,6.0,30,0.7,0.8,7,1000,1,0.13177339901477833,0.13115763546798007,0.25560214507793694,0.319635512862035,6,406
correlated,6.0,30,0.7,0.8,7,1000,2,0.1288998357963875,0.13191023535851396,0.6739433114776197,0.8940257515760334,6,406
correlated,6.0,30,0.7,0.8,7,1000,3,0.12807881773399019,0.14039408866994618,0.8343779317134571,0.9503373466069792,6,406
correlated,6.0,30,0.7,0.8,7,1000,5,0.12766830870279147,0.12267378215653799,1.0756134887392428,1.0616321458606301,6,406
correlated,6.0,30,0.7,0.8,7,1000,7,0.1268472906403941,0.12869458128078656,1.1967218593762567,1.1714629027335235,6,406
correlated,6.0,30,0.7,0.8,7,1000,11,0.12561576354679801,0.10837438423645326,2.5047010018674762,2.0331372035943684,6,406
correlated,6.0,30,0.7,0.8,7,1000,16,0.1235632183908046,0.11938970990695112,3.4223657661340847,3.158007759545684,6,406
correlated,6.0,30,0.7,0.8,7,1000,25,0.12110016420361247,0.1505883962780528,4.448600311251067,3.874211183613493,6,406
correlated,6.0,30,0.7,0.8,7,1000,37,0.11904761904761905,0.11302681992337063,6.036178509461827,4.202197126743764,6,406
correlated,6.0,30,0.7,0.8,7,1000,55,0.11699507389162563,0.0654761904761899,10.925561565978045,10.031489787797664,6,406
correlated,6.0,30,0.7,0.8,7,1000,82,0.11288998357963877,0.04960317460317367,9.161794874762855,7.591534525758179,6,406
correlated,6.0,30,0.7,0.8,7,1000,122,0.1083743842364532,0.08784893267651966,15.335274246054789,14.030541060414581,6,406
correlated,6.0,30,0.7,0.8,7,1000,182,0.10344827586206896,0.08456486042692928,13.285308432032705,14.869659665909634,6,406
correlated,6.0,30,0.7,0.8,7,1000,272,0.10591133004926108,0.08456486042692998,24.292787627570107,22.89782645236254,6,406
correlated,6.0,30,0.7,0.8,7,1000,406,0.09688013136288998,0.10399562123700129,36.628135774204615,32.57626351157479,6,406
correlated,6.0,30,0.7,0.8,7,1000,606,0.09482758620689656,0.044950738916255596,43.89987044517619,30.220538560580678,6,406
correlated,6.0,30,0.7,0.8,7,1000,905,0.09154351395730707,0.03728790366721323,56.31126605642566,35.894369035991694,6,406
correlated,6.0,30,0.7,0.8,7,1000,1350,0.090311986863711,0.034209085933223124,88.81836648287579,77.11195171473936,6,406
correlated,6.0,30,0.7,0.8,7,1000,2015,0.08497536945812807,0.07122331691297237,132.0832200446129,124.0399972068804,6,406
correlated,6.0,30,0.7,0.8,7,1000,3008,0.08169129720853859,0.04960317460317508,203.0015380753603,260.2577957277469,6,406
correlated,6.0,30,0.7,0.8,7,1000,4489,0.07717569786535304,0.0892172961138477,236.3691487269281,312.17419089691424,6,406
correlated,6.0,30,0.7,0.8,7,1000,6700,0.07183908045977012,0.049603174603174024,358.38883785400645,457.95037469915843,6,406
correlated,6.0,30,0.7,0.8,7,1000,10000,0.07471264367816093,0.029282977558839653,365.2666141964585,432.2256477316235,6,406
correlated,6.0,30,0.7,0.8,7,10000,1,0.19991789819376027,0.23433223864258163,0.03512098880888542,0.030206612093484804,6,406
correlated,6.0,30,0.7,0.8,7,10000,2,0.19827586206896552,0.24117405582922852,0.06775683213064958,0.07157574635172177,6,406
correlated,6.0,30,0.7,0.8,7,10000,3,0.19704433497536944,0.25041050903119744,0.10751746408155438,0.11918677495692842,6,406
correlated,6.0,30,0.7,0.8,7,10000,5,0.19622331691297204,0.2525998905309319,0.1516964588639972,0.16853067730951524,6,406
correlated,6.0,30,0.7,0.8,7,10000,7,0.19458128078817735,0.20935960591132743,0.2068975516682128,0.2092157081050347,6,406
correlated,6.0,30,0.7,0.8,7,10000,11,0.19170771756978655,0.25157361795292343,0.4799847755171415,0.6610592068793146,6,406
correlated,6.0,30,0.7,0.8,7,10000,16,0.18965517241379312,0.21346469622331332,0.5890473829981935,0.6437289458233393,6,406
correlated,6.0,30,0.7,0.8,7,10000,25,0.18801313628899838,0.18035030103995459,0.9791185313114812,1.1365230700243163,6,406
correlated,6.0,30,0.7,0.8,7,10000,37,0.18842364532019706,0.21408045977011275,1.3395323341610863,1.618793277313554,6,406
correlated,6.0,30,0.7,0.8,7,10000,55,0.18513957307060758,0.28359332238642054,2.093902954817684,3.0067838935083553,6,406
correlated,6.0,30,0.7,0.8,7,10000,82,0.18185550082101806,0.2515736179529291,1.9533884243674813,2.3794621766132895,6,406
correlated,6.0,30,0.7,0.8,7,10000,122,0.18185550082101806,0.23843732895457032,2.2383443421331948,2.4743929029364624,6,406
correlated,6.0,30,0.7,0.8,7,10000,182,0.1752873563218391,0.2384373289545675,2.888219005294797,3.500122800275745,6,406
correlated,6.0,30,0.7,0.8,7,10000,272,0.1695402298850575,0.2450054734537483,4.111381164279339,5.195695491622963,6,406
correlated,6.0,30,0.7,0.8,7,10000,406,0.16871921182266011,0.2255747126436763,4.451547570621987,6.603695474646248,6,406
correlated,6.0,30,0.7,0.8,7,10000,606,0.16091954022988506,0.37903667214012243,7.9494529666754055,12.097555709208764,6,406
correlated,6.0,30,0.7,0.8,7,10000,905,0.15845648604269294,0.2550629447181155,9.672207652840163,12.51357593096727,6,406
correlated,6.0,30,0.7,0.8,7,10000,1350,0.16133004926108377,0.3938834154351351,10.39532022635003,16.31111681703103,6,406
correlated,6.0,30,0.7,0.8,7,10000,2015,0.15804597701149425,0.3279282977558838,8.657458411542782,12.301519281271863,6,406
correlated,6.0,30,0.7,0.8,7,10000,3008,0.1502463054187192,0.32922824302134845,17.11224661181028,23.9932373595204,6,406
correlated,6.0,30,0.7,0.8,7,10000,4489,0.1412151067323481,0.24685276409414375,26.902691177143563,37.29002159838381,6,406
correlated,6.0,30,0.7,0.8,7,10000,6700,0.13793103448275862,0.14614121510673286,36.683692955797646,63.361230556117896,6,406
correlated,6.0,30,0.7,0.8,7,10000,10000,0.13300492610837436,0.35467980295566764,47.99536379697965,71.64717394829641,6,406
correlated,6.0,30,0.7,0.8,8,0,1,0.004105090311986863,0.0030103995621237013,5.76849747223246,2.3849043094917,6,406
correlated,6.0,30,0.7,0.8,8,0,2,0.0036945812807881776,0.0022577996715927736,15.455796569013325,10.53500243245911,6,406
correlated,6.0,30,0.7,0.8,8,0,3,0.004515599343185551,0.002805145046524354,21.983557072700517,10.92715032416178,6,406
correlated,6.0,30,0.7,0.8,8,0,5,0.003284072249589491,0.0013683634373289565,42.274761373632934,17.27387928334753,6,406
correlated,6.0,30,0.7,0.8,8,0,7,0.0028735632183908046,0.0019841269841269853,61.47857391868923,20.288962357829593,6,406
correlated,6.0,30,0.7,0.8,8,0,11,0.0028735632183908046,0.0019841269841269853,109.52787740961678,38.63209829430455,6,406
correlated,6.0,30,0.7,0.8,8,0,16,0.0024630541871921183,0.003284072249589491,189.56328412248263,87.98668396877619,6,406
correlated,6.0,30,0.7,0.8,8,0,25,0.0016420361247947454,0.0013683634373289552,357.07154967289506,152.10355357279744,6,406
correlated,6.0,30,0.7,0.8,8,0,37,0.0012315270935960591,0.0006157635467980298,540.7580017549155,186.4810300111995,6,406
correlated,6.0,30,0.7,0.8,8,0,55,0.0008210180623973727,0.0005473453749315821,935.8139197789286,317.1958523860763,6,406
correlated,6.0,30,0.7,0.8,8,0,82,0.0016420361247947454,0.0030103995621236996,1451.8715699430502,399.53332831055286,6,406
correlated,6.0,30,0.7,0.8,8,0,122,0.0016420361247947454,0.0030103995621236996,2091.822537265957,599.7842667525555,6,406
correlated,6.0,30,0.7,0.8,8,0,182,0.0016420361247947454,0.0030103995621236996,2350.414333898747,641.4922265024173,6,406
correlated,6.0,30,0.7,0.8,8,0,272,0.0012315270935960591,0.003078817733990148,2798.3472824169694,805.255955743478,6,406
correlated,6.0,30,0.7,0.8,8,0,406,0.0016420361247947454,0.0021893814997263283,3014.8819287468727,876.3019191968516,6,406
correlated,6.0,30,0.7,0.8,8,0,606,0.0020525451559934315,0.0036261631089217292,3195.2126560429047,967.7505386458903,6,406
correlated,6.0,30,0.7,0.8,8,0,905,0.0012315270935960591,0.0014367816091954023,3358.9945124758856,1015.7005007290534,6,406
correlated,6.0,30,0.7,0.8,8,0,1350,0.0012315270935960591,0.0014367816091954023,3547.743293643156,1115.576012388185,6,406
correlated,6.0,30,0.7,0.8,8,0,2015,0.0012315270935960591,0.0014367816091954023,3743.344175816593,1211.976379392927,6,406
correlated,6.0,30,0.7,0.8,8,0,3008,0.0016420361247947454,0.0030103995621236996,3805.8590794283587,1203.5470976328245,6,406
correlated,6.0,30,0.7,0.8,8,0,4489,0.0020525451559934315,0.0036261631089217292,4106.300963459189,1301.3131308293136,6,406
correlated,6.0,30,0.7,0.8,8,0,6700,0.0016420361247947454,0.0021893814997263283,4273.789405618214,1430.0861027069616,6,406
correlated,6.0,30,0.7,0.8,8,0,10000,0.0016420361247947454,0.0013683634373289546,4300.713444236855,1459.6023695354777,6,406
correlated,6.0,30,0.7,0.8,8,100,1,0.038998357963875206,0.1538724685276409,2.430239959629937,1.2014391290912818,6,406
correlated,6.0,30,0.7,0.8,8,100,2,0.03776683087027915,0.15161466885604818,4.738779599818494,1.4960840203280703,6,406
correlated,6.0,30,0.7,0.8,8,100,3,0.03776683087027915,0.13765736179529273,7.258144698976317,3.3532725033387587,6,406
correlated,6.0,30,0.7,0.8,8,100,5,0.03735632183908046,0.12842090859332214,12.270265734732675,7.903714330580395,6,406
correlated,6.0,30,0.7,0.8,8,100,7,0.036124794745484405,0.10235358511220564,15.732891316945347,8.663665212811084,6,406
correlated,6.0,30,0.7,0.8,8,100,11,0.03407224958949096,0.10050629447181193,24.52842844202473,16.142434490931176,6,406
correlated,6.0,30,0.7,0.8,8,100,16,0.031198686371100164,0.12616310892172955,38.3425890868408,24.974317205686198,6,406
correlated,6.0,30,0.7,0.8,8,100,25,0.030377668308702793,0.1335522714833059,65.24522085602409,43.56347316762087,6,406
correlated,6.0,30,0.7,0.8,8,100,37,0.030377668308702793,0.12041598248494803,82.31321307699012,45.70403928084274,6,406
correlated,6.0,30,0.7,0.8,8,100,55,0.029146141215106735,0.08408593322386426,106.64666370598037,48.83940135516152,6,406
correlated,6.0,30,0.7,0.8,8,100,82,0.027914614121510677,0.07197591680350296,160.22951808586947,63.23625276732136,6,406
correlated,6.0,30,0.7,0.8,8,100,122,0.026272577996715927,0.104816639299398,222.78165063298957,89.879052042466,6,406
correlated,6.0,30,0.7,0.8,8,100,182,0.028325123152709356,0.09092775041050903,305.6540905617476,120.08185508287083,6,406
correlated,6.0,30,0.7,0.8,8,100,272,0.029967159277504107,0.07505473453749306,347.9244823265785,138.2317337550368,6,406
correlated,6.0,30,0.7,0.8,8,100,406,0.02586206896551724,0.05480295566502465,435.828271605199,192.3610504520375,6,406
correlated,6.0,30,0.7,0.8,8,100,606,0.026272577996715934,0.06130268199233697,495.2768617497936,215.49878481227918,6,406
correlated,6.0,30,0.7,0.8,8,100,905,0.02463054187192118,0.038587848932676506,564.3482827256018,216.59825338352871,6,406
correlated,6.0,30,0.7,0.8,8,100,1350,0.02586206896551724,0.05808702791461411,639.7372568234069,280.07111147870313,6,406
correlated,6.0,30,0.7,0.8,8,100,2015,0.025451559934318555,0.036672140120416,741.8135185125183,309.5354090701353,6,406
correlated,6.0,30,0.7,0.8,8,100,3008,0.022988505747126436,0.025177887246852767,763.8362263113754,313.0477894625602,6,406
correlated,6.0,30,0.7,0.8,8,100,4489,0.01847290640394089,0.03920361247947453,959.6197521780045,456.3821291641074,6,406
correlated,6.0,30,0.7,0.8,8,100,6700,0.016830870279146138,0.0233305966064587,1044.4315574605237,561.2863277899017,6,406
correlated,6.0,30,0.7,0.8,8,100,10000,0.017651888341543517,0.03728790366721398,1057.8843390706327,569.6830716782645,6,406
correlated,6.0,30,0.7,0.8,8,1000,1,0.1502463054187192,0.12561576354679788,0.09398474359454322,0.08032840631420833,6,406
correlated,6.0,30,0.7,0.8,8,1000,2,0.14942528735632185,0.11056376573617784,0.1800793675468534,0.09078380945845665,6,406
correlated,6.0,30,0.7,0.8,8,1000,3,0.14860426929392445,0.11795292829775691,0.2510268083994736,0.11149224238360006,6,406
correlated,6.0,30,0.7,0.8,8,1000,5,0.14614121510673236,0.14750957854405916,0.4699858958658843,0.24551272367291788,6,406
correlated,6.0,30,0.7,0.8,8,1000,7,0.1440886699507389,0.1615353037766834,0.6871145158332718,0.35589085817383825,6,406
correlated,6.0,30,0.7,0.8,8,1000,11,0.14121510673234808,0.12780514504652807,1.2826607168806377,0.6530210652623919,6,406
correlated,6.0,30,0.7,0.8,8,1000,16,0.13711001642036125,0.14586754241926678,2.6119659261106034,2.513710610430395,6,406
correlated,6.0,30,0.7,0.8,8,1000,25,0.13793103448275862,0.15435139573070744,3.0243692221813494,3.194320790507953,6,406
correlated,6.0,30,0.7,0.8,8,1000,37,0.13054187192118227,0.1362889983579631,3.469658002008156,3.3795912387305997,6,406
correlated,6.0,30,0.7,0.8,8,1000,55,0.12561576354679801,0.11001642036124845,3.729968381851093,3.62452483945435,6,406
correlated,6.0,30,0.7,0.8,8,1000,82,0.12479474548440066,0.2172961138478373,5.6034117310017635,6.909613376010933,6,406
correlated,6.0,30,0.7,0.8,8,1000,122,0.12561576354679801,0.14942528735632327,5.9231526362415865,3.160442323794053,6,406
correlated,6.0,30,0.7,0.8,8,1000,182,0.12233169129720854,0.26902025177887184,8.659331741179686,5.631001508328521,6,406
correlated,6.0,30,0.7,0.8,8,1000,272,0.11986863711001643,0.2764094143404467,13.324867898864186,8.965569225650826,6,406
correlated,6.0,30,0.7,0.8,8,1000,406,0.11904761904761905,0.25588396278051384,15.089177139438911,12.208611004245606,6,406
correlated,6.0,30,0.7,0.8,8,1000,606,0.1149425287356322,0.2205801860974277,21.563326093685145,15.016522937326865,6,406
correlated,6.0,30,0.7,0.8,8,1000,905,0.10139573070607553,0.13745210727969334,39.043815690749426,30.61369511482745,6,406
correlated,6.0,30,0.7,0.8,8,1000,1350,0.1087848932676519,0.11774767378215593,56.20960340139888,48.54100536979549,6,406
correlated,6.0,30,0.7,0.8,8,1000,2015,0.10221674876847292,0.2034072249589475,57.293108348818684,45.46979586958688,6,406
correlated,6.0,30,0.7,0.8,8,1000,3008,0.0907224958949097,0.11692665571975833,138.45435749787774,187.4680121973906,6,406
correlated,6.0,30,0.7,0.8,8,1000,4489,0.08661740558292282,0.093938149972633,203.69201720131227,298.56352558692527,6,406
correlated,6.0,30,0.7,0.8,8,1000,6700,0.07594417077175698,0.08572796934865914,230.43348560670134,333.14772168063706,6,406
correlated,6.0,30,0.7,0.8,8,1000,10000,0.06937602627257801,0.08819102353585052,239.33906527456512,340.9129102724939,6,406
correlated,6.0,30,0.7,0.8,8,10000,1,0.21223316912972087,0.047140120415980175,0.0234633754664425,0.024121157235272757,6,406
correlated,6.0,30,0.7,0.8,8,10000,2,0.21141215106732347,0.04631910235358751,0.03852126386192148,0.031143560780919375,6,406
correlated,6.0,30,0.7,0.8,8,10000,3,0.21141215106732347,0.04631910235358751,0.04942023843051776,0.03951715055149193,6,406
correlated,6.0,30,0.7,0.8,8,10000,5,0.21182266009852216,0.05090311986864117,0.06762828119428395,0.03376899792389846,6,406
correlated,6.0,30,0.7,0.8,8,10000,7,0.21141215106732347,0.0504241926655762,0.07702318840137039,0.04568981776411012,6,406
correlated,6.0,30,0.7,0.8,8,10000,11,0.20894909688013133,0.06520251778872872,0.14328855379176322,0.07940768161406063,6,406
correlated,6.0,30,0.7,0.8,8,10000,16,0.2068965517241379,0.07142857142857617,0.17608129943677522,0.07183955927432262,6,406
correlated,6.0,30,0.7,0.8,8,10000,25,0.20812807881773399,0.06137110016420613,0.21471246024448418,0.12080608879812688,6,406
correlated,6.0,30,0.7,0.8,8,10000,37,0.20238095238095236,0.07998084291187843,0.35613759907667003,0.297776153361269,6,406
correlated,6.0,30,0.7,0.8,8,10000,55,0.1995073891625616,0.04844006568143781,0.4338798580139884,0.21308938789605245,6,406
correlated,6.0,30,0.7,0.8,8,10000,82,0.19909688013136292,0.05535030103995192,0.41624852631786496,0.34154414781276904,6,406
correlated,6.0,30,0.7,0.8,8,10000,122,0.1986863711001642,0.04324028461959317,0.4512356506466029,0.23618829609021383,6,406
correlated,6.0,30,0.7,0.8,8,10000,182,0.19540229885057472,0.030925013683632735,0.6051434847875635,0.29554793816712693,6,406
correlated,6.0,30,0.7,0.8,8,10000,272,0.1900656814449918,0.027435686918443475,0.7711992784742318,0.34696001234503016,6,406
correlated,6.0,30,0.7,0.8,8,10000,406,0.18596059113300492,0.021962233169132733,1.025474892467179,0.3443370752868026,6,406
correlated,6.0,30,0.7,0.8,8,10000,606,0.18431855500821018,0.04549808429118639,1.195821165936661,0.5035297192985079,6,406
correlated,6.0,30,0.7,0.8,8,10000,905,0.18021346469622335,0.07341269841269484,1.5302877308921197,0.5804146874549794,6,406
correlated,6.0,30,0.7,0.8,8,10000,1350,0.17528735632183903,0.08490695128626402,1.5081586368715094,0.7003859434881815,6,406
correlated,6.0,30,0.7,0.8,8,10000,2015,0.1695402298850575,0.11610563765736004,2.3813184837781924,1.1344208005134193,6,406
correlated,6.0,30,0.7,0.8,8,10000,3008,0.16338259441707717,0.16885604816639385,2.9759363130458745,1.8299397786998217,6,406
correlated,6.0,30,0.7,0.8,8,10000,4489,0.159688013136289,0.14237821565407893,3.3178623683247483,1.795522176483459,6,406
correlated,6.0,30,0.7,0.8,8,10000,6700,0.14983579638752054,0.0438560481663926,4.112265859916479,1.2228761604101943,6,406
correlated,6.0,30,0.7,0.8,8,10000,10000,0.1416256157635468,0.10652709359605919,4.52614203756814,0.7895934114413926,6,406
correlated,6.0,30,0.7,0.8,9,0,1,0.0036945812807881767,0.002257799671592776,5.16049430389227,2.0429668773838996,6,406
correlated,6.0,30,0.7,0.8,9,0,2,0.0024630541871921183,0.0016420361247947454,12.52437189291389,4.816171549897999,6,406
correlated,6.0,30,0.7,0.8,9,0,3,0.003284072249589491,0.0013683634373289556,22.562562860724217,14.510923579756279,6,406
correlated,6.0,30,0.7,0.8,9,0,5,0.0024630541871921183,0.003284072249589491,37.70937695752966,16.99375779490723,6,406
correlated,6.0,30,0.7,0.8,9,0,7,0.0024630541871921183,0.003284072249589491,59.34351913138038,16.745072811540318,6,406
correlated,6.0,30,0.7,0.8,9,0,11,0.0028735632183908046,0.0028051450465243566,102.89886057628094,38.74701699956412,6,406
correlated,6.0,30,0.7,0.8,9,0,16,0.0028735632183908046,0.004447181171319102,178.4947715620499,55.960582026201095,6,406
correlated,6.0,30,0.7,0.8,9,0,25,0.0024630541871921183,0.002463054187192118,334.9850979892647,139.2809420925707,6,406
correlated,6.0,30,0.7,0.8,9,0,37,0.0024630541871921183,0.003284072249589491,534.5174478294338,196.11856575211948,6,406
correlated,6.0,30,0.7,0.8,9,0,55,0.002052545155993432,0.005268199233716475,926.8963766125368,368.405705387574,6,406
correlated,6.0,30,0.7,0.8,9,0,82,0.0016420361247947454,0.0030103995621236996,1343.385509454961,476.46243414499276,6,406
correlated,6.0,30,0.7,0.8,9,0,122,0.0016420361247947454,0.0030103995621236996,1938.8032586431464,883.3394710859129,6,406
correlated,6.0,30,0.7,0.8,9,0,182,0.0024630541871921183,0.0049261083743842365,2268.0766109866568,986.7544479408017,6,406
correlated,6.0,30,0.7,0.8,9,0,272,0.0024630541871921183,0.002463054187192118,2667.642115390869,1100.7015794461383,6,406
correlated,6.0,30,0.7,0.8,9,0,406,0.0008210180623973727,0.0005473453749315821,2921.7313852976204,1198.973611557861,6,406
correlated,6.0,30,0.7,0.8,9,0,606,0.0012315270935960591,0.0006157635467980298,3171.590373061064,1380.6492758696345,6,406
correlated,6.0,30,0.7,0.8,9,0,905,0.0016420361247947454,0.0013683634373289546,3461.5288327862763,1579.532393332109,6,406
correlated,6.0,30,0.7,0.8,9,0,1350,0.0016420361247947454,0.0013683634373289546,3766.9268631838254,1631.9517263624957,6,406
correlated,6.0,30,0.7,0.8,9,0,2015,0.0016420361247947454,0.0013683634373289546,3907.780445491062,1689.794496048696,6,406
correlated,6.0,30,0.7,0.8,9,0,3008,0.002052545155993432,0.0011631089217296112,4009.1789509727205,1732.676942927403,6,406
correlated,6.0,30,0.7,0.8,9,0,4489,0.002052545155993432,0.0011631089217296112,4230.698436152145,1786.9172959971472,6,406
correlated,6.0,30,0.7,0.8,9,0,6700,0.002052545155993432,0.0011631089217296112,4373.64729543438,1974.6064157206265,6,406
correlated,6.0,30,0.7,0.8,9,0,10000,0.002052545155993432,0.0011631089217296112,4385.827053012984,2003.144382983846,6,406
correlated,6.0,30,0.7,0.8,9,100,1,0.034482758620689655,0.17980295566502486,2.544982835858634,1.1995376082260771,6,406
correlated,6.0,30,0.7,0.8,9,100,2,0.03407224958949097,0.16618773946360166,5.899193718011577,3.415934360268127,6,406
correlated,6.0,30,0.7,0.8,9,100,3,0.03160919540229885,0.1317049808429121,8.092116802174699,4.440621909588938,6,406
correlated,6.0,30,0.7,0.8,9,100,5,0.029556650246305414,0.09113300492610847,11.497701974496147,4.096234092255175,6,406
correlated,6.0,30,0.7,0.8,9,100,7,0.029967159277504107,0.09475916803503003,14.8875972566564,6.246708329178895,6,406
correlated,6.0,30,0.7,0.8,9,100,11,0.029967159277504107,0.11364258347016966,26.017604377030022,13.933151199500267,6,406
correlated,6.0,30,0.7,0.8,9,100,16,0.028325123152709363,0.13197865353037758,43.09675310472653,26.889015852310727,6,406
correlated,6.0,30,0.7,0.8,9,100,25,0.02873563218390805,0.12452107279693479,60.81043583102956,34.89507525681745,6,406
correlated,6.0,30,0.7,0.8,9,100,37,0.02668308702791462,0.08983305966064568,71.6229860582667,45.11638532819712,6,406
correlated,6.0,30,0.7,0.8,9,100,55,0.026683087027914613,0.09475916803503012,104.21199694792442,69.52654633977733,6,406
correlated,6.0,30,0.7,0.8,9,100,82,0.026272577996715927,0.10399562123700067,174.0009677508859,103.62014609402817,6,406
correlated,6.0,30,0.7,0.8,9,100,122,0.025041050903119876,0.05945539135194286,245.6918262101661,138.7038627712376,6,406
correlated,6.0,30,0.7,0.8,9,100,182,0.024220032840722498,0.05288724685276406,343.54168910375574,214.31328246636647,6,406
correlated,6.0,30,0.7,0.8,9,100,272,0.02463054187192118,0.04844006568144499,386.09695410638386,219.9276979809326,6,406
correlated,6.0,30,0.7,0.8,9,100,406,0.023399014778325122,0.06383415435139567,440.5121713192248,259.6534263991115,6,406
correlated,6.0,30,0.7,0.8,9,100,606,0.02339901477832512,0.08353858784893271,602.6758639476485,426.9360352898805,6,406
correlated,6.0,30,0.7,0.8,9,100,905,0.021346469622331693,0.031746031746031696,725.8841779748967,465.80024853659813,6,406
correlated,6.0,30,0.7,0.8,9,100,1350,0.020935960591133007,0.03263546798029549,816.22984638998,486.92861949207025,6,406
correlated,6.0,30,0.7,0.8,9,100,2015,0.02175697865353038,0.047140120415982464,896.8379831611986,502.1438824173877,6,406
correlated,6.0,30,0.7,0.8,9,100,3008,0.020114942528735632,0.03892993979200878,928.1277906570998,501.8984494958181,6,406
correlated,6.0,30,0.7,0.8,9,100,4489,0.01929392446633826,0.03892993979200878,1063.2999150904418,573.9927800485953,6,406
correlated,6.0,30,0.7,0.8,9,100,6700,0.015599343185550084,0.027640941434044854,1135.87705489826,630.569970407229,6,406
correlated,6.0,30,0.7,0.8,9,100,10000,0.019704433497536946,0.055008210180624004,1165.9028372697496,655.978512069971,6,406
correlated,6.0,30,0.7,0.8,9,1000,1,0.16091954022988506,0.6844553913519427,0.2107521440332286,0.23065862141644083,6,406
correlated,6.0,30,0.7,0.8,9,1000,2,0.1592775041050903,0.6811713191023537,0.41166348887971305,0.5523356414514473,6,406
correlated,6.0,30,0.7,0.8,9,1000,3,0.1592775041050903,0.6565407772304328,0.6024721744951346,0.8279475148904284,6,406
correlated,6.0,30,0.7,0.8,9,1000,5,0.159688013136289,0.6949233716475091,0.7442125369511539,0.7570686474225473,6,406
correlated,6.0,30,0.7,0.8,9,1000,7,0.15599343185550082,0.6499726327312548,1.1253794481681714,1.6553757489081613,6,406
correlated,6.0,30,0.7,0.8,9,1000,11,0.15065681444991788,0.6941023535851135,1.9942526771791684,2.629879345650533,6,406
correlated,6.0,30,0.7,0.8,9,1000,16,0.15188834154351397,0.567049808429118,2.804402985203818,4.081885397378745,6,406
correlated,6.0,30,0.7,0.8,9,1000,25,0.15065681444991788,0.5849069512862648,3.568203553269869,4.023103204567683,6,406
correlated,6.0,30,0.7,0.8,9,1000,37,0.1510673234811166,0.6713191023535839,3.4628950386701813,4.2697014254166215,6,406
correlated,6.0,30,0.7,0.8,9,1000,55,0.1498357963875205,0.6382731253420938,4.650616296248326,4.976178808722756,6,406
correlated,6.0,30,0.7,0.8,9,1000,82,0.14449917898193762,0.6803503010399525,5.6990975284475125,5.474619974105605,6,406
correlated,6.0,30,0.7,0.8,9,1000,122,0.14121510673234813,0.828133552271482,10.944009431072345,12.622169587666285,6,406
correlated,6.0,30,0.7,0.8,9,1000,182,0.14080459770114942,0.7959085933223874,10.565656349798184,11.183071712357835,6,406
correlated,6.0,30,0.7,0.8,9,1000,272,0.14039408866995073,0.6346469622331687,13.081346233392445,12.73668597870561,6,406
correlated,6.0,30,0.7,0.8,9,1000,406,0.13669950738916256,0.6344417077175698,18.85009373891788,20.864221676236546,6,406
correlated,6.0,30,0.7,0.8,9,1000,606,0.1358784893267652,0.6078954570333877,24.731807237789713,26.682449772026917,6,406
correlated,6.0,30,0.7,0.8,9,1000,905,0.13669950738916256,0.6672824302134639,41.601316133099225,46.41545620653721,6,406
correlated,6.0,30,0.7,0.8,9,1000,1350,0.13300492610837436,0.5640394088669964,51.67993910402161,55.74528085862193,6,406
correlated,6.0,30,0.7,0.8,9,1000,2015,0.12561576354679801,0.5541871921182281,69.81073457213556,83.29314030043703,6,406
correlated,6.0,30,0.7,0.8,9,1000,3008,0.1239737274220033,0.5629447181171314,108.29433966443345,161.47521948460152,6,406
correlated,6.0,30,0.7,0.8,9,1000,4489,0.11863711001642037,0.5808018609742754,141.08985704701476,198.1066519846736,6,406
correlated,6.0,30,0.7,0.8,9,1000,6700,0.1083743842364532,0.48440065681445066,151.92560515726313,203.29808383178155,6,406
correlated,6.0,30,0.7,0.8,9,1000,10000,0.09564860426929393,0.23597427476737753,191.6858100910902,220.9422412708271,6,406
correlated,6.0,30,0.7,0.8,9,10000,1,0.19909688013136287,0.30329775588396574,0.011855095120589437,0.022461068822972483,6,406
correlated,6.0,30,0.7,0.8,9,10000,2,0.19909688013136287,0.3262862616310928,0.03756118517487487,0.049602284447522745,6,406
correlated,6.0,30,0.7,0.8,9,10000,3,0.19786535303776684,0.3158182813355222,0.06254733691008205,0.05128453270882479,6,406
correlated,6.0,30,0.7,0.8,9,10000,5,0.19704433497536952,0.3407224958948979,0.11640855815043531,0.1084558838112892,6,406
correlated,6.0,30,0.7,0.8,9,10000,7,0.19786535303776684,0.3437328954570363,0.13817422746929123,0.1484804951607446,6,406
correlated,6.0,30,0.7,0.8,9,10000,11,0.19704433497536947,0.34564860426929334,0.23877015083156886,0.2708747245649226,6,406
correlated,6.0,30,0.7,0.8,9,10000,16,0.19499178981937604,0.3344964422550646,0.3370502016979811,0.40062237731259104,6,406
correlated,6.0,30,0.7,0.8,9,10000,25,0.19170771756978655,0.3443486590038273,0.45236606658908407,0.39402983913086237,6,406
correlated,6.0,30,0.7,0.8,9,10000,37,0.1900656814449918,0.33039135194307023,0.6321498976443948,0.7181278361087349,6,406
correlated,6.0,30,0.7,0.8,9,10000,55,0.19047619047619047,0.2665571975916833,1.056773125112656,1.0858343911737027,6,406
correlated,6.0,30,0.7,0.8,9,10000,82,0.1839080459770115,0.26737821565407593,1.284222151052769,1.4644789780928036,6,406
correlated,6.0,30,0.7,0.8,9,10000,122,0.18513957307060755,0.29180350301040076,2.070408160720774,3.5264008024903633,6,406
correlated,6.0,30,0.7,0.8,9,10000,182,0.1839080459770115,0.30186097427476516,2.9603933634169706,4.812898003077168,6,406
correlated,6.0,30,0.7,0.8,9,10000,272,0.1810344827586207,0.4267241379310306,4.052506545314582,5.8154544756286874,6,406
correlated,6.0,30,0.7,0.8,9,10000,406,0.180623973727422,0.36343732895457015,4.710252382008913,8.286351837205117,6,406
correlated,6.0,30,0.7,0.8,9,10000,606,0.1777504105090312,0.28769841269840923,5.0751197464315885,8.382624529084719,6,406
correlated,6.0,30,0.7,0.8,9,10000,905,0.1715927750410509,0.3051450465243598,5.615395492438338,8.806515062113395,6,406
correlated,6.0,30,0.7,0.8,9,10000,1350,0.1724137931034483,0.20607553366174128,5.655936674810458,7.764934831164158,6,406
correlated,6.0,30,0.7,0.8,9,10000,2015,0.16954022988505746,0.21955391351943335,8.069132482971478,11.718459735503455,6,406
correlated,6.0,30,0.7,0.8,9,10000,3008,0.16338259441707717,0.23782156540777372,9.609006504097078,13.600503273604865,6,406
correlated,6.0,30,0.7,0.8,9,10000,4489,0.15147783251231528,0.3142446633825928,11.57464217639434,15.326825017126225,6,406
correlated,6.0,30,0.7,0.8,9,10000,6700,0.1473727422003284,0.5676655719759216,14.069615117924386,17.528598786214506,6,406
correlated,6.0,30,0.7,0.8,9,10000,10000,0.1383415435139573,0.38375752599890633,14.344367504300308,16.75570120567605,6,406
