ensemble,epsilon,N,kappa,pi,disorder_idx,tw,lag,Q_mean,chi4,D4_mean,D4_std,n_traj,n_pairs
iid,6.0,30,0.0,0.0,0,0,1,0.004515599343185551,0.0028051450465243553,5.9159886712844845,3.032795670170975,6,406
iid,6.0,30,0.0,0.0,0,0,2,0.00451559934318555,0.0028051450465243566,13.201370175682419,4.053537412911954,6,406
iid,6.0,30,0.0,0.0,0,0,3,0.0049261083743842365,0.004105090311986864,21.974167809681422,10.238531523092183,6,406
iid,6.0,30,0.0,0.0,0,0,4,0.0036945812807881776,0.0022577996715927736,30.0467772709144,11.027364604235945,6,406
iid,6.0,30,0.0,0.0,0,0,5,0.003284072249589491,0.0021893814997263287,40.47531447302463,15.027163968175925,6,406
iid,6.0,30,0.0,0.0,0,0,6,0.0028735632183908046,0.0011631089217296114,52.17813690902802,18.860332760696107,6,406
iid,6.0,30,0.0,0.0,0,0,7,0.0028735632183908046,0.0011631089217296114,61.528516045086285,23.599358908128128,6,406
iid,6.0,30,0.0,0.0,0,0,9,0.0028735632183908046,0.0011631089217296114,83.25861883655419,29.336387175907735,6,406
iid,6.0,30,0.0,0.0,0,0,10,0.002052545155993432,0.0011631089217296114,94.28494865994861,33.15049854404804,6,406
iid,6.0,30,0.0,0.0,0,0,12,0.0012315270935960591,0.0006157635467980298,121.35938910569689,37.045724752643984,6,406
iid,6.0,30,0.0,0.0,0,0,15,0.0016420361247947454,0.0005473453749315822,180.0599081638022,56.51028635559544,6,406
iid,6.0,30,0.0,0.0,0,0,17,0.0016420361247947454,0.0005473453749315822,218.0968504854403,67.36304127038805,6,406
iid,6.0,30,0.0,0.0,0,0,20,0.0012315270935960591,0.0006157635467980298,276.8019395172305,78.45264668358116,6,406
iid,6.0,30,0.0,0.0,0,0,24,0.0008210180623973727,0.0005473453749315821,353.97803775151465,73.664221496063,6,406
iid,6.0,30,0.0,0.0,0,0,28,0.0008210180623973727,0.0005473453749315821,458.33346316575467,88.4952400038822,6,406
iid,6.0,30,0.0,0.0,0,0,34,0.0012315270935960591,0.0006157635467980298,575.6195453734776,97.2810010131598,6,406
iid,6.0,30,0.0,0.0,0,0,40,0.0012315270935960591,0.0006157635467980298,729.7579150903716,127.49348414331818,6,406
iid,6.0,30,0.0,0.0,0,0,47,0.0016420361247947454,0.0005473453749315822,874.4515379790504,175.9238367763526,6,406
iid,6.0,30,0.0,0.0,0,0,56,0.0008210180623973727,0.0005473453749315821,1072.0019734525467,204.2266345616873,6,406
iid,6.0,30,0.0,0.0,0,0,66,0.0008210180623973727,0.0005473453749315821,1260.2591067830201,269.12592146461685,6,406
iid,6.0,30,0.0,0.0,0,0,78,0.0008210180623973727,0.0005473453749315821,1482.4129459818262,325.4677238062723,6,406
iid,6.0,30,0.0,0.0,0,0,92,0.00041050903119868636,0.0003420908593322387,1627.0603501370244,332.61778593567254,6,406
iid,6.0,30,0.0,0.0,0,0,109,0.0016420361247947454,0.0013683634373289546,1889.0711493969495,465.34363342692166,6,406
iid,6.0,30,0.0,0.0,0,0,129,0.0016420361247947454,0.0013683634373289546,2076.723889155386,485.2562997111883,6,406
iid,6.0,30,0.0,0.0,0,0,152,0.0012315270935960591,0.0006157635467980298,2224.789526900703,511.583078027232,6,406
iid,6.0,30,0.0,0.0,0,0,180,0.0012315270935960591,0.0006157635467980298,2371.905750555823,576.1396261208985,6,406
iid,6.0,30,0.0,0.0,0,0,212,0.0016420361247947454,0.0005473453749315822,2514.7721950014025,482.45201066348017,6,406
iid,6.0,30,0.0,0.0,0,0,251,0.002052545155993432,0.0011631089217296112,2717.0828360915416,549.2634322226504,6,406
iid,6.0,30,0.0,0.0,0,0,297,0.002052545155993432,0.0011631089217296112,2962.8934150876617,617.7579363621886,6,406
iid,6.0,30,0.0,0.0,0,0,351,0.0020525451559934315,0.001163108921729612,3103.9566455057393,648.3459635091713,6,406
iid,6.0,30,0.0,0.0,0,0,415,0.0020525451559934315,0.001163108921729612,3289.7849802632777,756.2064537643085,6,406
iid,6.0,30,0.0,0.0,0,0,491,0.0016420361247947454,0.0013683634373289552,3375.2825883363603,740.5258756331934,6,406
iid,6.0,30,0.0,0.0,0,0,580,0.0028735632183908046,0.0011631089217296114,3413.893803320376,736.3499718671993,6,406
iid,6.0,30,0.0,0.0,0,0,686,0.0024630541871921183,0.000821018062397373,3529.8893445594,781.2726549061969,6,406
iid,6.0,30,0.0,0.0,0,0,811,0.0028735632183908046,0.0011631089217296114,3615.8271467593854,859.6198182490403,6,406
iid,6.0,30,0.0,0.0,0,0,959,0.0016420361247947454,0.0013683634373289552,3697.3325405507117,886.7293599093526,6,406
iid,6.0,30,0.0,0.0,0,0,1134,0.0028735632183908046,0.0028051450465243566,3833.3135490321547,860.5691692518996,6,406
iid,6.0,30,0.0,0.0,0,0,1341,0.0028735632183908046,0.0011631089217296114,3851.2251858963295,864.8033972627697,6,406
iid,6.0,30,0.0,0.0,0,0,1585,0.0024630541871921183,0.000821018062397373,3949.7305784621476,825.893886906704,6,406
iid,6.0,30,0.0,0.0,0,0,1874,0.0024630541871921183,0.000821018062397373,4064.900426926957,956.0877465595496,6,406
iid,6.0,30,0.0,0.0,0,0,2215,0.0028735632183908046,0.0019841269841269845,4090.791583285447,898.211370386587,6,406
iid,6.0,30,0.0,0.0,0,0,2619,0.0028735632183908046,0.0011631089217296114,4127.128205717584,923.2100199214433,6,406
iid,6.0,30,0.0,0.0,0,0,3097,0.0024630541871921183,0.0008210180623973724,4121.307047084818,878.3065826611186,6,406
iid,6.0,30,0.0,0.0,0,0,3661,0.002052545155993432,0.0003420908593322384,4131.730494345349,896.4650585682114,6,406
iid,6.0,30,0.0,0.0,0,0,4329,0.002052545155993432,0.0011631089217296112,4105.919719031062,824.4882967490493,6,406
iid,6.0,30,0.0,0.0,0,0,5118,0.003284072249589491,0.0021893814997263287,4066.933642204127,769.8958820356339,6,406
iid,6.0,30,0.0,0.0,0,0,6051,0.0028735632183908046,0.0011631089217296114,4078.039385529464,773.6528113780582,6,406
iid,6.0,30,0.0,0.0,0,0,7154,0.0024630541871921183,0.0008210180623973724,4153.488134629563,847.2928417255991,6,406
iid,6.0,30,0.0,0.0,0,0,8458,0.0028735632183908046,0.0011631089217296114,4140.556762032825,840.5304968259759,6,406
iid,6.0,30,0.0,0.0,0,0,10000,0.002052545155993432,0.0011631089217296112,4154.909316931082,853.4545971410635,6,406
iid,6.0,30,0.0,0.0,0,1000,1,0.1395730706075534,0.6015325670498057,0.31980713093425356,0.42225653586171286,6,406
iid,6.0,30,0.0,0.0,0,1000,2,0.1383415435139573,0.6161056376573608,0.5545022441840949,0.7681065976727118,6,406
iid,6.0,30,0.0,0.0,0,1000,3,0.1383415435139573,0.6087164750957845,0.6414789340724124,0.7629497069102622,6,406
iid,6.0,30,0.0,0.0,0,1000,4,0.1379310344827586,0.6116584564860459,1.1620494397678403,1.4257528432609057,6,406
iid,6.0,30,0.0,0.0,0,1000,5,0.1346469622331691,0.615489874110567,1.3691133322518734,1.5401014332759546,6,406
iid,6.0,30,0.0,0.0,0,1000,6,0.13382594417077176,0.6195949644225501,1.4583583735573074,1.6230786904199903,6,406
iid,6.0,30,0.0,0.0,0,1000,7,0.13341543513957307,0.6251368363437323,1.5558295017433126,1.729977085736589,6,406
iid,6.0,30,0.0,0.0,0,1000,9,0.1325944170771757,0.6423782156540783,1.2567694372520863,1.3732244922481862,6,406
iid,6.0,30,0.0,0.0,0,1000,10,0.13218390804597702,0.646688560481663,1.4379607219965418,1.5082305560146312,6,406
iid,6.0,30,0.0,0.0,0,1000,12,0.13177339901477833,0.6492200328407224,1.863779687153774,1.9629786494957804,6,406
iid,6.0,30,0.0,0.0,0,1000,15,0.13177339901477833,0.535919540229885,2.0732097293046823,2.1452512153292935,6,406
iid,6.0,30,0.0,0.0,0,1000,17,0.13095238095238096,0.5504241926655714,2.302306406480611,2.5881500160131194,6,406
iid,6.0,30,0.0,0.0,0,1000,20,0.1301313628899836,0.6325259989053086,2.4148982599586497,2.236054101164943,6,406
iid,6.0,30,0.0,0.0,0,1000,24,0.1288998357963875,0.6064586754241942,3.104670666697358,2.9244164512092534,6,406
iid,6.0,30,0.0,0.0,0,1000,28,0.12848932676518884,0.6546934865900388,3.6995158947734175,3.7638525459842977,6,406
iid,6.0,30,0.0,0.0,0,1000,34,0.12931034482758622,0.5671182266009838,3.64187531477686,3.652248628548284,6,406
iid,6.0,30,0.0,0.0,0,1000,40,0.12807881773399016,0.511494252873563,4.575767158626071,5.6716681953687855,6,406
iid,6.0,30,0.0,0.0,0,1000,47,0.1268472906403941,0.5827175697865346,5.401456705555134,7.06811170104214,6,406
iid,6.0,30,0.0,0.0,0,1000,56,0.12807881773399016,0.6264367816091941,6.584699160376953,8.222454600128799,6,406
iid,6.0,30,0.0,0.0,0,1000,66,0.12479474548440066,0.6179529282977549,8.3995195684537,11.345836134383445,6,406
iid,6.0,30,0.0,0.0,0,1000,78,0.12192118226600984,0.5572660098522154,9.51153502836587,11.983246310822558,6,406
iid,6.0,30,0.0,0.0,0,1000,92,0.12110016420361247,0.6013273125342111,12.322460624092761,15.411225903074989,6,406
iid,6.0,30,0.0,0.0,0,1000,109,0.12192118226600986,0.5876436781609202,15.101836966079892,18.721639224501928,6,406
iid,6.0,30,0.0,0.0,0,1000,129,0.12520525451559933,0.6070744389709922,13.778694913076755,15.195705737272917,6,406
iid,6.0,30,0.0,0.0,0,1000,152,0.1239737274220033,0.630268199233716,15.841576141477633,18.848158317485147,6,406
iid,6.0,30,0.0,0.0,0,1000,180,0.11576354679802957,0.5886699507389153,18.023385779148825,24.667122965067367,6,406
iid,6.0,30,0.0,0.0,0,1000,212,0.11740558292282428,0.48905309250137013,19.20523747953187,20.5013006660467,6,406
iid,6.0,30,0.0,0.0,0,1000,251,0.1149425287356322,0.5005473453749302,21.435787687483455,23.360749101554173,6,406
iid,6.0,30,0.0,0.0,0,1000,297,0.1083743842364532,0.5180623973727423,22.608214944855906,22.19270218123643,6,406
iid,6.0,30,0.0,0.0,0,1000,351,0.11001642036124794,0.5719759168035028,24.22702784216102,25.58213347871699,6,406
iid,6.0,30,0.0,0.0,0,1000,415,0.10919540229885057,0.5358511220580198,22.46214359486287,18.499841718541486,6,406
iid,6.0,30,0.0,0.0,0,1000,491,0.10180623973727422,0.337985769020251,28.04731324346962,25.596616333824564,6,406
iid,6.0,30,0.0,0.0,0,1000,580,0.1087848932676519,0.5069102353585114,28.223375706721985,23.7473482655994,6,406
iid,6.0,30,0.0,0.0,0,1000,686,0.10385878489326765,0.41659824849479965,34.15207718964654,32.07852815949102,6,406
iid,6.0,30,0.0,0.0,0,1000,811,0.09975369458128079,0.511288998357964,41.34433496856939,44.46289095368365,6,406
iid,6.0,30,0.0,0.0,0,1000,959,0.10344827586206896,0.4564860426929394,39.57404760798119,31.771039982769654,6,406
iid,6.0,30,0.0,0.0,0,1000,1134,0.09852216748768473,0.41050903119868665,44.7466170481668,37.96974389932185,6,406
iid,6.0,30,0.0,0.0,0,1000,1341,0.09811165845648605,0.5233305966064584,51.9052671314413,48.069019470977764,6,406
iid,6.0,30,0.0,0.0,0,1000,1585,0.0993431855500821,0.44800218938149944,55.849650275173815,49.64288543424831,6,406
iid,6.0,30,0.0,0.0,0,1000,1874,0.09400656814449919,0.4609332238642579,55.064590878094826,49.28915645897148,6,406
iid,6.0,30,0.0,0.0,0,1000,2215,0.09318555008210182,0.5298987411056377,55.42606357008165,49.88607396256398,6,406
iid,6.0,30,0.0,0.0,0,1000,2619,0.09195402298850575,0.40941434044882297,58.44529169494472,51.3319023659254,6,406
iid,6.0,30,0.0,0.0,0,1000,3097,0.09318555008210182,0.4280925013683632,65.54779045533382,58.67174997172519,6,406
iid,6.0,30,0.0,0.0,0,1000,3661,0.090311986863711,0.4044882320744388,70.51024400395674,63.05263842521222,6,406
iid,6.0,30,0.0,0.0,0,1000,4329,0.09482758620689656,0.5408456486042684,64.74390727525488,55.934025264539976,6,406
iid,6.0,30,0.0,0.0,0,1000,5118,0.08908045977011496,0.38375752599890417,68.27457525382133,55.604560986479896,6,406
iid,6.0,30,0.0,0.0,0,1000,6051,0.08538587848932677,0.2969348659003831,64.28776765302155,47.73783217503406,6,406
iid,6.0,30,0.0,0.0,0,1000,7154,0.08949096880131363,0.2764094143404488,76.98480572729491,70.27873494905471,6,406
iid,6.0,30,0.0,0.0,0,1000,8458,0.08702791461412152,0.3158182813355229,88.59367828563403,87.29619483575854,6,406
iid,6.0,30,0.0,0.0,0,1000,10000,0.0845648604269294,0.2747673782156536,118.5354495748024,148.31833117029555,6,406
iid,6.0,30,0.0,0.0,0,3000,1,0.17364532019704434,0.5597290640394075,0.06508769036510663,0.07840591411035261,6,406
iid,6.0,30,0.0,0.0,0,3000,2,0.17323481116584563,0.5473453749315826,0.12109624383351512,0.17118683020482112,6,406
iid,6.0,30,0.0,0.0,0,3000,3,0.1720032840722496,0.5085522714833045,0.1774514705547681,0.21814231588780852,6,406
iid,6.0,30,0.0,0.0,0,3000,4,0.17077175697865352,0.4619594964422579,0.19272409911128682,0.23026778841260986,6,406
iid,6.0,30,0.0,0.0,0,3000,5,0.16995073891625614,0.4433497536945814,0.2687614907946883,0.38804149559932144,6,406
iid,6.0,30,0.0,0.0,0,3000,6,0.1711822660098522,0.43082922824302206,0.338586700573017,0.5351380898255065,6,406
iid,6.0,30,0.0,0.0,0,3000,7,0.1683087027914614,0.4841269841269867,0.36446235669753535,0.5736350421596469,6,406
iid,6.0,30,0.0,0.0,0,3000,9,0.16707717569786537,0.5036261631089175,0.6942722218447198,1.1951583369252559,6,406
iid,6.0,30,0.0,0.0,0,3000,10,0.16584564860426929,0.5021893814997254,0.6553633123127002,1.052788692689104,6,406
iid,6.0,30,0.0,0.0,0,3000,12,0.16338259441707717,0.5621237000547338,0.9766248931339946,1.7408060814711885,6,406
iid,6.0,30,0.0,0.0,0,3000,15,0.16338259441707717,0.5079365079365107,0.698160203140596,1.006564294206165,6,406
iid,6.0,30,0.0,0.0,0,3000,17,0.16420361247947454,0.5383141762452126,0.979174604758899,1.5725723627766819,6,406
iid,6.0,30,0.0,0.0,0,3000,20,0.16420361247947454,0.4406130268199246,0.9554674727045321,1.4757486698137912,6,406
iid,6.0,30,0.0,0.0,0,3000,24,0.16256157635467983,0.46305418719211666,0.9163567739439219,1.1485265477667392,6,406
iid,6.0,30,0.0,0.0,0,3000,28,0.16133004926108374,0.45874384236453336,1.42938890498513,2.2605748036763122,6,406
iid,6.0,30,0.0,0.0,0,3000,34,0.16091954022988506,0.48823207443897254,0.9944089176061253,1.2635834244828394,6,406
iid,6.0,30,0.0,0.0,0,3000,40,0.1605090311986864,0.48474274767377906,0.9364175590897772,1.1652929737316866,6,406
iid,6.0,30,0.0,0.0,0,3000,47,0.16174055829228243,0.5514504652435686,1.4397388686290788,2.2325975625477823,6,406
iid,6.0,30,0.0,0.0,0,3000,56,0.16133004926108374,0.535919540229885,1.7157783782033686,2.6691793425678036,6,406
iid,6.0,30,0.0,0.0,0,3000,66,0.15886699507389163,0.5006157635467974,1.597850433716271,2.471926246090525,6,406
iid,6.0,30,0.0,0.0,0,3000,78,0.16009852216748768,0.5155993431855517,1.881197170971707,2.6683692414852707,6,406
iid,6.0,30,0.0,0.0,0,3000,92,0.16091954022988506,0.5711548987411066,3.0877521055751305,5.589656401486182,6,406
iid,6.0,30,0.0,0.0,0,3000,109,0.15558292282430214,0.6317049808429116,4.582728074734688,8.959775824467382,6,406
iid,6.0,30,0.0,0.0,0,3000,129,0.1568144499178982,0.6327312534209089,4.7493803607393765,9.139350759416208,6,406
iid,6.0,30,0.0,0.0,0,3000,152,0.15886699507389163,0.5671182266009865,4.770351765684261,9.413082263352257,6,406
iid,6.0,30,0.0,0.0,0,3000,180,0.15517241379310345,0.46141215106732286,4.868327843645418,9.100325773600336,6,406
iid,6.0,30,0.0,0.0,0,3000,212,0.15270935960591134,0.5952380952380939,4.603786671261337,7.4412067397599015,6,406
iid,6.0,30,0.0,0.0,0,3000,251,0.15476190476190474,0.602148330596608,6.075969016662391,11.151143640603902,6,406
iid,6.0,30,0.0,0.0,0,3000,297,0.1539408866995074,0.5121100164203609,7.186934967827885,14.065932327621855,6,406
iid,6.0,30,0.0,0.0,0,3000,351,0.14942528735632182,0.5695128626163128,10.464082192744792,20.956399336117137,6,406
iid,6.0,30,0.0,0.0,0,3000,415,0.14367816091954025,0.563765736179529,9.337985465691466,17.92391274787101,6,406
iid,6.0,30,0.0,0.0,0,3000,491,0.14696223316912974,0.6237000547345346,10.716459269540003,20.800048739524843,6,406
iid,6.0,30,0.0,0.0,0,3000,580,0.14655172413793102,0.46284893267652205,8.165118109539348,15.030646240116706,6,406
iid,6.0,30,0.0,0.0,0,3000,686,0.14696223316912974,0.4348659003831393,9.303150974303282,16.771960806455056,6,406
iid,6.0,30,0.0,0.0,0,3000,811,0.1444991789819376,0.5366721401204174,9.321554500677523,15.035673047357974,6,406
iid,6.0,30,0.0,0.0,0,3000,959,0.14285714285714288,0.5812807881773396,9.311091633716094,14.376420037081923,6,406
iid,6.0,30,0.0,0.0,0,3000,1134,0.14039408866995073,0.6395730706075543,10.905078372515675,17.827400803044302,6,406
iid,6.0,30,0.0,0.0,0,3000,1341,0.14367816091954022,0.557197591680351,10.636495869360072,17.55249937491923,6,406
iid,6.0,30,0.0,0.0,0,3000,1585,0.138752052545156,0.6852764094143424,15.195151872825596,24.08547422879211,6,406
iid,6.0,30,0.0,0.0,0,3000,1874,0.1325944170771757,0.6743979200875755,14.274654138658407,20.861034969234147,6,406
iid,6.0,30,0.0,0.0,0,3000,2215,0.13423645320197045,0.5227832512315276,21.54637947743582,36.86204716439332,6,406
iid,6.0,30,0.0,0.0,0,3000,2619,0.1325944170771757,0.5208675424192664,27.729927966894792,50.590697750545125,6,406
iid,6.0,30,0.0,0.0,0,3000,3097,0.1354679802955665,0.7848932676518888,35.88703761228471,68.3542202446279,6,406
iid,6.0,30,0.0,0.0,0,3000,3661,0.13464696223316913,0.5153256704980828,19.92796862168726,28.20724455705968,6,406
iid,6.0,30,0.0,0.0,0,3000,4329,0.1297208538587849,0.40613026819923254,20.015086071584346,29.600796623624998,6,406
iid,6.0,30,0.0,0.0,0,3000,5118,0.12725779967159276,0.4463601532567071,14.87041810695582,16.601191611881077,6,406
iid,6.0,30,0.0,0.0,0,3000,6051,0.12602627257799673,0.4609332238642565,32.54917868022023,59.33217322061889,6,406
iid,6.0,30,0.0,0.0,0,3000,7154,0.11822660098522168,0.3415435139573068,34.33668667931749,57.6728572510766,6,406
iid,6.0,30,0.0,0.0,0,3000,8458,0.12110016420361248,0.31314997263273125,50.122698066247345,94.22482349415161,6,406
iid,6.0,30,0.0,0.0,0,3000,10000,0.11740558292282431,0.2993979200875752,60.593896488284194,115.20446175296492,6,406
iid,6.0,30,0.0,0.0,0,10000,1,0.19376026272577995,0.7304324028461968,0.12099929496589067,0.25757752613940876,6,406
iid,6.0,30,0.0,0.0,0,10000,2,0.19376026272577995,0.7304324028461968,0.22646743808656536,0.5098812085518571,6,406
iid,6.0,30,0.0,0.0,0,10000,3,0.19088669950738915,0.7723727422003324,0.3230454761115265,0.6917760457092036,6,406
iid,6.0,30,0.0,0.0,0,10000,4,0.18965517241379307,0.7594417077175754,0.46788564445086683,0.9854832507142578,6,406
iid,6.0,30,0.0,0.0,0,10000,5,0.19088669950738915,0.7699096880131375,0.5412425056684478,1.16607754785701,6,406
iid,6.0,30,0.0,0.0,0,10000,6,0.18883415435139572,0.7879036672140132,0.5449794015870095,1.1279646302317263,6,406
iid,6.0,30,0.0,0.0,0,10000,7,0.18760262725779966,0.7942665571975922,0.604503003134461,1.237191394745641,6,406
iid,6.0,30,0.0,0.0,0,10000,9,0.18513957307060755,0.7564997263273154,0.5764892456961351,1.0580494087063634,6,406
iid,6.0,30,0.0,0.0,0,10000,10,0.1847290640394089,0.8448275862068917,0.6549152840928608,1.2259892114146305,6,406
iid,6.0,30,0.0,0.0,0,10000,12,0.18513957307060755,0.7335112205801884,0.5570420284987397,0.9283978016873102,6,406
iid,6.0,30,0.0,0.0,0,10000,15,0.1839080459770115,0.7484948002189398,0.46954350101335,0.6441811641712948,6,406
iid,6.0,30,0.0,0.0,0,10000,17,0.18472906403940884,0.7208538587849003,0.5020969462927326,0.6995122207849606,6,406
iid,6.0,30,0.0,0.0,0,10000,20,0.18513957307060755,0.7343322386425839,0.5981749491465272,0.8664072039271618,6,406
iid,6.0,30,0.0,0.0,0,10000,24,0.18637110016420363,0.7443897099069483,0.6406028075207838,0.9298342535596243,6,406
iid,6.0,30,0.0,0.0,0,10000,28,0.18637110016420363,0.8149972632731262,0.7904151585741898,1.3263721648302684,6,406
iid,6.0,30,0.0,0.0,0,10000,34,0.1839080459770115,0.7805145046524369,1.1800420980361377,2.1588099630295043,6,406
iid,6.0,30,0.0,0.0,0,10000,40,0.18431855500821018,0.7491105637657364,1.2864290296259897,2.3608169631392384,6,406
iid,6.0,30,0.0,0.0,0,10000,47,0.1798029556650246,0.6986863711001686,1.3124780893268146,2.296158282717088,6,406
iid,6.0,30,0.0,0.0,0,10000,56,0.1777504105090312,0.6481253420908579,1.4343429715654599,2.4018596622794863,6,406
iid,6.0,30,0.0,0.0,0,10000,66,0.17939244663382595,0.6875342090859342,2.3629725144304294,4.896296413213019,6,406
iid,6.0,30,0.0,0.0,0,10000,78,0.18021346469622332,0.8024767378215668,2.36662573489981,4.774238220087966,6,406
iid,6.0,30,0.0,0.0,0,10000,92,0.17364532019704434,0.6869868637109977,3.890835393839325,8.178557451083629,6,406
iid,6.0,30,0.0,0.0,0,10000,109,0.17569786535303775,0.7788724685276431,3.280238069407637,6.769448819714627,6,406
iid,6.0,30,0.0,0.0,0,10000,129,0.17282430213464695,0.740900383141766,4.454216621880072,9.477369927760895,6,406
iid,6.0,30,0.0,0.0,0,10000,152,0.17446633825944172,0.7688149972632716,4.403291971287991,9.439323047308777,6,406
iid,6.0,30,0.0,0.0,0,10000,180,0.1777504105090312,0.8927887246852757,5.707833981876079,12.322672500109912,6,406
iid,6.0,30,0.0,0.0,0,10000,212,0.17939244663382595,0.7228379857690217,4.853605823318216,10.400028391908915,6,406
iid,6.0,30,0.0,0.0,0,10000,251,0.1715927750410509,0.7640941434044906,6.124729638221441,13.401088014646914,6,406
iid,6.0,30,0.0,0.0,0,10000,297,0.17036124794745486,0.8008347016967688,5.616229082549322,11.856367483330649,6,406
iid,6.0,30,0.0,0.0,0,10000,351,0.1720032840722496,0.7638888888888861,7.652443329333242,16.755281333622815,6,406
iid,6.0,30,0.0,0.0,0,10000,415,0.16912972085385877,0.61056376573618,8.757992208289103,19.228369271283565,6,406
iid,6.0,30,0.0,0.0,0,10000,491,0.16954022988505746,0.6661877394636023,9.825768371880004,21.120635739036874,6,406
iid,6.0,30,0.0,0.0,0,10000,580,0.16871921182266006,0.6327996715927788,9.441320326558872,20.012624919892758,6,406
iid,6.0,30,0.0,0.0,0,10000,686,0.1720032840722496,0.6374521072796927,8.793942966677465,18.377492944639652,6,406
iid,6.0,30,0.0,0.0,0,10000,811,0.16871921182266011,0.6254105090311955,9.533432824814856,19.473618209693967,6,406
iid,6.0,30,0.0,0.0,0,10000,959,0.16748768472906406,0.5443349753694542,17.20716144689359,37.78111366176013,6,406
iid,6.0,30,0.0,0.0,0,10000,1134,0.16420361247947454,0.5530925013683623,11.09828898523439,23.200711169587713,6,406
iid,6.0,30,0.0,0.0,0,10000,1341,0.16133004926108374,0.5170361247947437,17.603916195142972,39.08425659908776,6,406
iid,6.0,30,0.0,0.0,0,10000,1585,0.15845648604269294,0.48248494800218866,11.93630150558561,23.753993709331773,6,406
iid,6.0,30,0.0,0.0,0,10000,1874,0.15311986863711002,0.5766967706622874,15.470991917077287,31.651983020415084,6,406
iid,6.0,30,0.0,0.0,0,10000,2215,0.14942528735632182,0.42419266557197827,17.281116312482364,35.772328829926906,6,406
iid,6.0,30,0.0,0.0,0,10000,2619,0.14901477832512314,0.4259031198686379,26.288771081066063,57.005738332126896,6,406
iid,6.0,30,0.0,0.0,0,10000,3097,0.14614121510673236,0.44636015325670425,33.48103262276862,74.30686965194798,6,406
iid,6.0,30,0.0,0.0,0,10000,3661,0.14942528735632185,0.48823207443896977,37.3812735625936,84.3793045977125,6,406
iid,6.0,30,0.0,0.0,0,10000,4329,0.14203612479474548,0.4217296113847848,44.12627939533517,100.67725237673554,6,406
iid,6.0,30,0.0,0.0,0,10000,5118,0.13793103448275865,0.44417077175697406,63.832886591104796,147.86019176509362,6,406
iid,6.0,30,0.0,0.0,0,10000,6051,0.14449917898193762,0.4003831417624501,78.17780088680003,183.3035010990665,6,406
iid,6.0,30,0.0,0.0,0,10000,7154,0.14080459770114942,0.3624110563765744,70.16907435198803,163.2836038184891,6,406
iid,6.0,30,0.0,0.0,0,10000,8458,0.14285714285714285,0.4154351395730701,95.80837774389342,224.69604796991015,6,406
iid,6.0,30,0.0,0.0,0,10000,10000,0.1412151067323481,0.36425834701696846,124.14428599691438,293.8556806583249,6,406
iid,6.0,30,0.0,0.0,1,0,1,0.0049261083743842365,0.009031198686371101,5.02204176515138,2.647625110175393,6,406
iid,6.0,30,0.0,0.0,1,0,2,0.0049261083743842365,0.010673234811165845,10.124478881387395,4.027588233978009,6,406
iid,6.0,30,0.0,0.0,1,0,3,0.004105090311986864,0.007936507936507936,17.541854435492596,6.482908811406741,6,406
iid,6.0,30,0.0,0.0,1,0,4,0.004105090311986863,0.012041598248494802,25.368371497626086,10.725530509533503,6,406
iid,6.0,30,0.0,0.0,1,0,5,0.0049261083743842365,0.012315270935960588,34.69235479036133,15.431234523764934,6,406
iid,6.0,30,0.0,0.0,1,0,6,0.0049261083743842365,0.01559934318555008,43.79358262322386,22.5244804779139,6,406
iid,6.0,30,0.0,0.0,1,0,7,0.004515599343185551,0.012657361795292827,54.084557482547474,28.760007206511,6,406
iid,6.0,30,0.0,0.0,1,0,9,0.004515599343185551,0.012657361795292827,72.47792527818906,37.77642550036365,6,406
iid,6.0,30,0.0,0.0,1,0,10,0.004515599343185551,0.012657361795292827,91.57523804834771,46.06810371837782,6,406
iid,6.0,30,0.0,0.0,1,0,12,0.004515599343185551,0.012657361795292827,118.31040199046929,61.87589733304284,6,406
iid,6.0,30,0.0,0.0,1,0,15,0.004105090311986864,0.010399562123700056,168.8818709410302,74.57856917490061,6,406
iid,6.0,30,0.0,0.0,1,0,17,0.004515599343185551,0.012657361795292827,201.5293677811729,90.31052702663919,6,406
iid,6.0,30,0.0,0.0,1,0,20,0.004515599343185551,0.012657361795292827,265.556264401594,122.14543689615364,6,406
iid,6.0,30,0.0,0.0,1,0,24,0.004105090311986864,0.010399562123700056,321.8908538183602,134.2493949218103,6,406
iid,6.0,30,0.0,0.0,1,0,28,0.003284072249589491,0.006294471811713192,384.4340412167838,146.4816083778959,6,406
iid,6.0,30,0.0,0.0,1,0,34,0.0028735632183908046,0.005268199233716476,513.986323846957,202.2708822496795,6,406
iid,6.0,30,0.0,0.0,1,0,40,0.0028735632183908046,0.005268199233716476,637.4227404159298,259.50606778187756,6,406
iid,6.0,30,0.0,0.0,1,0,47,0.0024630541871921183,0.003284072249589491,757.3564213517087,307.00935814894024,6,406
iid,6.0,30,0.0,0.0,1,0,56,0.0028735632183908046,0.005268199233716476,881.2678619159692,385.5528684742173,6,406
iid,6.0,30,0.0,0.0,1,0,66,0.0016420361247947454,0.0013683634373289546,1060.8212982588414,446.00584235630123,6,406
iid,6.0,30,0.0,0.0,1,0,78,0.0024630541871921183,0.004926108374384237,1228.7615801289433,529.8087013261033,6,406
iid,6.0,30,0.0,0.0,1,0,92,0.0024630541871921183,0.004926108374384237,1403.3919775456768,629.2110687356962,6,406
iid,6.0,30,0.0,0.0,1,0,109,0.0036945812807881776,0.005541871921182265,1533.0243328585777,674.2584536145225,6,406
iid,6.0,30,0.0,0.0,1,0,129,0.0028735632183908046,0.005268199233716476,1648.1617881975326,694.7804529429037,6,406
iid,6.0,30,0.0,0.0,1,0,152,0.0028735632183908046,0.005268199233716476,1733.6900567122964,733.4842464605083,6,406
iid,6.0,30,0.0,0.0,1,0,180,0.003284072249589491,0.005473453749315818,1806.022787642182,752.5808885551828,6,406
iid,6.0,30,0.0,0.0,1,0,212,0.0036945812807881776,0.004720853858784893,1936.860719339742,826.3611867540047,6,406
iid,6.0,30,0.0,0.0,1,0,251,0.003284072249589491,0.005473453749315818,2001.8483112010706,855.4497982946012,6,406
iid,6.0,30,0.0,0.0,1,0,297,0.0028735632183908046,0.005268199233716476,2153.7515124117385,927.3783616728872,6,406
iid,6.0,30,0.0,0.0,1,0,351,0.0024630541871921183,0.004926108374384237,2246.691092899782,967.8395627271483,6,406
iid,6.0,30,0.0,0.0,1,0,415,0.0028735632183908046,0.005268199233716476,2349.5566642236668,1059.0961653798504,6,406
iid,6.0,30,0.0,0.0,1,0,491,0.003284072249589491,0.0046524356869184465,2434.2789055232047,1059.7151122583437,6,406
iid,6.0,30,0.0,0.0,1,0,580,0.003284072249589491,0.0046524356869184465,2459.894623606319,1093.5661602922507,6,406
iid,6.0,30,0.0,0.0,1,0,686,0.003284072249589491,0.005473453749315818,2487.429084694998,1104.8276542116805,6,406
iid,6.0,30,0.0,0.0,1,0,811,0.0024630541871921183,0.004926108374384237,2517.279688271275,1076.9681626035729,6,406
iid,6.0,30,0.0,0.0,1,0,959,0.002052545155993432,0.005268199233716475,2586.413410009203,1115.8636453378485,6,406
iid,6.0,30,0.0,0.0,1,0,1134,0.0024630541871921183,0.005747126436781609,2657.4881500217252,1078.761115478156,6,406
iid,6.0,30,0.0,0.0,1,0,1341,0.002052545155993432,0.005268199233716475,2734.131712486643,1108.3999211036119,6,406
iid,6.0,30,0.0,0.0,1,0,1585,0.0028735632183908046,0.005268199233716476,2820.644076944171,1153.27767424464,6,406
iid,6.0,30,0.0,0.0,1,0,1874,0.003284072249589491,0.006294471811713192,2870.456779400871,1179.1847470821695,6,406
iid,6.0,30,0.0,0.0,1,0,2215,0.003284072249589491,0.006294471811713192,2926.4403035987248,1210.8068604773564,6,406
iid,6.0,30,0.0,0.0,1,0,2619,0.003284072249589491,0.006294471811713192,2995.731253200452,1278.3924900301145,6,406
iid,6.0,30,0.0,0.0,1,0,3097,0.003284072249589491,0.006294471811713192,3031.8378251325944,1344.19648005593,6,406
iid,6.0,30,0.0,0.0,1,0,3661,0.0036945812807881776,0.008825944170771757,3103.816797707162,1403.1867716110514,6,406
iid,6.0,30,0.0,0.0,1,0,4329,0.0028735632183908046,0.005268199233716476,3122.8133847233053,1451.2864275111515,6,406
iid,6.0,30,0.0,0.0,1,0,5118,0.0028735632183908046,0.005268199233716476,3144.649886245829,1473.6513395461718,6,406
iid,6.0,30,0.0,0.0,1,0,6051,0.0028735632183908046,0.005268199233716476,3151.437305984736,1475.3569751613275,6,406
iid,6.0,30,0.0,0.0,1,0,7154,0.0028735632183908046,0.005268199233716476,3167.5931028030786,1482.599233674486,6,406
iid,6.0,30,0.0,0.0,1,0,8458,0.003284072249589491,0.007936507936507938,3200.9336468824354,1483.995674682676,6,406
iid,6.0,30,0.0,0.0,1,0,10000,0.003284072249589491,0.006294471811713192,3249.019757231437,1503.6308168715993,6,406
iid,6.0,30,0.0,0.0,1,1000,1,0.14244663382594416,0.36651614668855886,0.11020421702469985,0.10773857177693176,6,406
iid,6.0,30,0.0,0.0,1,1000,2,0.14285714285714285,0.3645320197044346,0.21065681586235319,0.19577684737725787,6,406
iid,6.0,30,0.0,0.0,1,1000,3,0.14285714285714285,0.3645320197044346,0.43528276363685087,0.5049188059680435,6,406
iid,6.0,30,0.0,0.0,1,1000,4,0.14244663382594416,0.37144225506294587,0.869206675068988,1.564288888392803,6,406
iid,6.0,30,0.0,0.0,1,1000,5,0.1420361247947455,0.3732895457033371,1.0940595087536777,1.957127574465913,6,406
iid,6.0,30,0.0,0.0,1,1000,6,0.1424466338259442,0.3673371647509558,1.5882809910178775,2.5479902149584746,6,406
iid,6.0,30,0.0,0.0,1,1000,7,0.1416256157635468,0.3585796387520546,1.7418307588855633,2.745757659703304,6,406
iid,6.0,30,0.0,0.0,1,1000,9,0.14039408866995076,0.35796387520525097,2.1444536333262714,3.4283640178917594,6,406
iid,6.0,30,0.0,0.0,1,1000,10,0.1395730706075534,0.35194307608100384,2.2153602557600314,3.4230067240695066,6,406
iid,6.0,30,0.0,0.0,1,1000,12,0.1395730706075534,0.3552271483305942,2.991674294042106,4.578353723653674,6,406
iid,6.0,30,0.0,0.0,1,1000,15,0.13957307060755336,0.3995621237000546,3.3071433869317306,4.796151414094009,6,406
iid,6.0,30,0.0,0.0,1,1000,17,0.1395730706075534,0.3962780514504614,3.658476154878884,5.625279189048699,6,406
iid,6.0,30,0.0,0.0,1,1000,20,0.13793103448275862,0.3842364532019713,3.7372604679197323,5.0586984828252035,6,406
iid,6.0,30,0.0,0.0,1,1000,24,0.13752052545155993,0.39278872468527637,3.2343505978350957,3.3084279487026276,6,406
iid,6.0,30,0.0,0.0,1,1000,28,0.1358784893267652,0.31479200875752644,3.6322973264489122,3.6534420816379023,6,406
iid,6.0,30,0.0,0.0,1,1000,34,0.1354679802955665,0.38259441707717606,4.218000769308824,3.9878350715978987,6,406
iid,6.0,30,0.0,0.0,1,1000,40,0.1354679802955665,0.3842364532019713,5.231181468424067,5.711031447626935,6,406
iid,6.0,30,0.0,0.0,1,1000,47,0.13341543513957307,0.37636836343732866,4.232136567481548,4.153591479723617,6,406
iid,6.0,30,0.0,0.0,1,1000,56,0.1330049261083744,0.34975369458128064,4.32377975448286,4.363256002621894,6,406
iid,6.0,30,0.0,0.0,1,1000,66,0.12931034482758622,0.36925287356321707,5.3621501705576895,5.82534447243715,6,406
iid,6.0,30,0.0,0.0,1,1000,78,0.12807881773399013,0.4220032840722523,6.16989721785398,6.481435507800599,6,406
iid,6.0,30,0.0,0.0,1,1000,92,0.12274220032840721,0.42316639299397973,7.931569217473666,9.060898510059086,6,406
iid,6.0,30,0.0,0.0,1,1000,109,0.12110016420361248,0.43383962780514496,7.54160766535555,7.5195421378642955,6,406
iid,6.0,30,0.0,0.0,1,1000,129,0.12274220032840723,0.4814586754241929,12.612208411045865,14.084851479128982,6,406
iid,6.0,30,0.0,0.0,1,1000,152,0.12151067323481117,0.5391351943076081,13.904972778761874,15.172232134589656,6,406
iid,6.0,30,0.0,0.0,1,1000,180,0.12027914614121511,0.5167624521072798,14.242955346617373,15.401194147195547,6,406
iid,6.0,30,0.0,0.0,1,1000,212,0.11740558292282428,0.4586754241926668,17.56134804119799,18.771716992563746,6,406
iid,6.0,30,0.0,0.0,1,1000,251,0.11945812807881773,0.41769293924466333,22.227122330637954,25.316128073476325,6,406
iid,6.0,30,0.0,0.0,1,1000,297,0.11699507389162563,0.3643267651888336,21.592510675686352,20.535097907010122,6,406
iid,6.0,30,0.0,0.0,1,1000,351,0.1145320197044335,0.3832101806239734,24.085966979537186,21.006943709905766,6,406
iid,6.0,30,0.0,0.0,1,1000,415,0.11658456486042691,0.35030103995621353,26.648304617248385,22.897808714592202,6,406
iid,6.0,30,0.0,0.0,1,1000,491,0.111247947454844,0.3123289545703344,30.99607546044223,25.12213381401436,6,406
iid,6.0,30,0.0,0.0,1,1000,580,0.10960591133004927,0.3257389162561571,32.36660920536067,24.994112202177483,6,406
iid,6.0,30,0.0,0.0,1,1000,686,0.10960591133004927,0.3717159277504092,36.171155079453435,27.781247253686864,6,406
iid,6.0,30,0.0,0.0,1,1000,811,0.10673234811165845,0.3412698412698421,38.60646737405954,28.753848059721044,6,406
iid,6.0,30,0.0,0.0,1,1000,959,0.10139573070607555,0.37308429118773895,45.12357288484703,34.81290748124049,6,406
iid,6.0,30,0.0,0.0,1,1000,1134,0.10550082101806241,0.3615900383141754,51.844492662224404,43.443031317779045,6,406
iid,6.0,30,0.0,0.0,1,1000,1341,0.10180623973727422,0.4299397920087579,51.05301665097139,41.26098827068034,6,406
iid,6.0,30,0.0,0.0,1,1000,1585,0.10139573070607553,0.34763273125342187,60.35902267182072,50.9234263522828,6,406
iid,6.0,30,0.0,0.0,1,1000,1874,0.10139573070607555,0.26881499726327157,73.08381886861632,64.72711268077039,6,406
iid,6.0,30,0.0,0.0,1,1000,2215,0.09893267651888342,0.3082238642583471,93.18167278461368,91.20366803576943,6,406
iid,6.0,30,0.0,0.0,1,1000,2619,0.09195402298850575,0.1811713191023536,99.18913406471161,104.8582028809572,6,406
iid,6.0,30,0.0,0.0,1,1000,3097,0.09236453201970445,0.23953201970443333,103.5865970236825,130.1913280633074,6,406
iid,6.0,30,0.0,0.0,1,1000,3661,0.0899014778325123,0.19437602627257886,114.971937235515,141.18224021823846,6,406
iid,6.0,30,0.0,0.0,1,1000,4329,0.08825944170771756,0.20149151614668973,126.71952257498957,141.52619288432072,6,406
iid,6.0,30,0.0,0.0,1,1000,5118,0.08825944170771759,0.18014504652435606,121.8449451893976,144.8930531863645,6,406
iid,6.0,30,0.0,0.0,1,1000,6051,0.08908045977011496,0.19163929939791927,130.55332650133565,143.8841850402122,6,406
iid,6.0,30,0.0,0.0,1,1000,7154,0.08866995073891626,0.18801313628899835,129.9000458384064,149.0955598315522,6,406
iid,6.0,30,0.0,0.0,1,1000,8458,0.09195402298850575,0.1819923371647512,138.7643137904402,159.6236564815767,6,406
iid,6.0,30,0.0,0.0,1,1000,10000,0.0812807881773399,0.16748768472906406,171.41299470005245,183.4294519859028,6,406
iid,6.0,30,0.0,0.0,1,3000,1,0.18513957307060755,0.3747263273125334,0.10635145190114566,0.12586542803021042,6,406
iid,6.0,30,0.0,0.0,1,3000,2,0.18349753694581283,0.3979885057471238,0.27031772184601993,0.4346902729965844,6,406
iid,6.0,30,0.0,0.0,1,3000,3,0.18226600985221675,0.399014778325121,0.26537927644180453,0.40136370614834144,6,406
iid,6.0,30,0.0,0.0,1,3000,4,0.18144499178981935,0.3897099069512905,0.31737110872239227,0.41018891069664,6,406
iid,6.0,30,0.0,0.0,1,3000,5,0.180623973727422,0.3987411056376577,0.49393446441096517,0.6629147613045011,6,406
iid,6.0,30,0.0,0.0,1,3000,6,0.18021346469622332,0.38868363437329045,0.6213736268710824,0.9750002100819615,6,406
iid,6.0,30,0.0,0.0,1,3000,7,0.180623973727422,0.4414340448823215,0.6555574867641755,0.9130686747782191,6,406
iid,6.0,30,0.0,0.0,1,3000,9,0.17939244663382595,0.4527230432402848,0.6363044529296223,0.9645683661842819,6,406
iid,6.0,30,0.0,0.0,1,3000,10,0.17898193760262726,0.42583470169676785,0.6482407145600538,0.9311475960746605,6,406
iid,6.0,30,0.0,0.0,1,3000,12,0.17939244663382592,0.44122879036672263,0.5593565008559671,0.7721283496655555,6,406
iid,6.0,30,0.0,0.0,1,3000,15,0.17816091954022986,0.45374931581828193,1.022982012546924,1.5543279821191938,6,406
iid,6.0,30,0.0,0.0,1,3000,17,0.17775041050903118,0.4658593322386463,0.9027425560931035,1.1006296655808605,6,406
iid,6.0,30,0.0,0.0,1,3000,20,0.17651888341543512,0.4422550629447198,0.9411786380038923,1.121515943009014,6,406
iid,6.0,30,0.0,0.0,1,3000,24,0.17610837438423643,0.4373973727422014,1.5924302879650438,1.9304422561109704,6,406
iid,6.0,30,0.0,0.0,1,3000,28,0.17692939244663383,0.4231663929939769,1.3119859803483591,1.3217577560765859,6,406
iid,6.0,30,0.0,0.0,1,3000,34,0.17651888341543512,0.41516146688560684,1.8540957294279334,2.072823591435404,6,406
iid,6.0,30,0.0,0.0,1,3000,40,0.17569786535303777,0.36836343732895294,1.4691272349516231,1.360961350953362,6,406
iid,6.0,30,0.0,0.0,1,3000,47,0.17528735632183903,0.43794471811713787,1.21515870628663,1.1063890392738642,6,406
iid,6.0,30,0.0,0.0,1,3000,56,0.17487684729064037,0.4055829228243046,1.4937046016200772,1.5777207496796966,6,406
iid,6.0,30,0.0,0.0,1,3000,66,0.17323481116584563,0.379036672140121,2.201686479243358,3.0157658932017335,6,406
iid,6.0,30,0.0,0.0,1,3000,78,0.16954022988505746,0.40099890530924953,2.279050517508123,2.9593974293366356,6,406
iid,6.0,30,0.0,0.0,1,3000,92,0.16995073891625614,0.39573070607553623,3.0165982154347337,4.733429538849821,6,406
iid,6.0,30,0.0,0.0,1,3000,109,0.1720032840722496,0.37554734537493034,2.459677376218405,3.4141130776223116,6,406
iid,6.0,30,0.0,0.0,1,3000,129,0.1715927750410509,0.39299397920087664,2.7945061015157378,3.5486016770845787,6,406
iid,6.0,30,0.0,0.0,1,3000,152,0.1683087027914614,0.42911877394636105,2.514848021010378,3.3652920062311393,6,406
iid,6.0,30,0.0,0.0,1,3000,180,0.17118226600985223,0.34872742200328205,4.230758648770481,5.662059991867763,6,406
iid,6.0,30,0.0,0.0,1,3000,212,0.16748768472906406,0.44334975369457713,5.868858519756738,9.112376702994597,6,406
iid,6.0,30,0.0,0.0,1,3000,251,0.16789819376026272,0.39278872468527637,8.26159680457351,13.622761934863936,6,406
iid,6.0,30,0.0,0.0,1,3000,297,0.166256157635468,0.3914203612479459,4.797157112009232,5.386228816937088,6,406
iid,6.0,30,0.0,0.0,1,3000,351,0.16502463054187191,0.4096880131362919,5.398337790738355,6.251742378065304,6,406
iid,6.0,30,0.0,0.0,1,3000,415,0.1592775041050903,0.4397920087575249,6.711967892986372,8.551568370610905,6,406
iid,6.0,30,0.0,0.0,1,3000,491,0.16091954022988506,0.3568691844553908,9.843397736568546,12.40509651038504,6,406
iid,6.0,30,0.0,0.0,1,3000,580,0.15517241379310345,0.3555008210180617,9.443550842161274,12.123645276464332,6,406
iid,6.0,30,0.0,0.0,1,3000,686,0.15270935960591134,0.383415435139573,8.750752187427738,10.878008428108794,6,406
iid,6.0,30,0.0,0.0,1,3000,811,0.1592775041050903,0.35851122058018603,11.332675151794419,15.237265309233264,6,406
iid,6.0,30,0.0,0.0,1,3000,959,0.15476190476190474,0.39443076081007156,12.8884476372941,17.39333895081998,6,406
iid,6.0,30,0.0,0.0,1,3000,1134,0.1535303776683087,0.4020251778872453,15.190905740121563,21.27957288519993,6,406
iid,6.0,30,0.0,0.0,1,3000,1341,0.14696223316912974,0.40448823207443735,14.594321765665008,22.46740989570137,6,406
iid,6.0,30,0.0,0.0,1,3000,1585,0.1469622331691297,0.39381499726327496,16.4412071437282,25.15632205506577,6,406
iid,6.0,30,0.0,0.0,1,3000,1874,0.14614121510673234,0.34619594964422695,29.555222059180597,40.871265860283465,6,406
iid,6.0,30,0.0,0.0,1,3000,2215,0.14162561576354682,0.29864532019704204,35.60237331198808,51.303714683091634,6,406
iid,6.0,30,0.0,0.0,1,3000,2619,0.13998357963875208,0.3016557197591649,27.315513218457827,36.24508920340951,6,406
iid,6.0,30,0.0,0.0,1,3000,3097,0.13957307060755333,0.29447181171319453,29.75585554301271,38.43204093441348,6,406
iid,6.0,30,0.0,0.0,1,3000,3661,0.13300492610837436,0.3029556650246338,22.712770548017563,26.68845682949205,6,406
iid,6.0,30,0.0,0.0,1,3000,4329,0.13054187192118227,0.28653530377668324,24.59098120733493,28.97668104614676,6,406
iid,6.0,30,0.0,0.0,1,3000,5118,0.13136288998357964,0.26984126984126944,36.111257884337846,46.41474923297812,6,406
iid,6.0,30,0.0,0.0,1,3000,6051,0.13136288998357964,0.2829775588396254,48.06403458279488,68.9124026609835,6,406
iid,6.0,30,0.0,0.0,1,3000,7154,0.1301313628899836,0.21791187739463533,51.5282003287902,74.84970522265768,6,406
iid,6.0,30,0.0,0.0,1,3000,8458,0.12479474548440066,0.2599890530925011,88.540446531437,163.29567758553796,6,406
iid,6.0,30,0.0,0.0,1,3000,10000,0.12356321839080459,0.2983716475095801,119.31479101497642,230.41113170016575,6,406
iid,6.0,30,0.0,0.0,1,10000,1,0.19950738916256158,0.18472906403940656,0.05024517244252492,0.09406734101013851,6,406
iid,6.0,30,0.0,0.0,1,10000,2,0.1986863711001642,0.18035030103995459,0.06795059462947194,0.09245116322718162,6,406
iid,6.0,30,0.0,0.0,1,10000,3,0.19909688013136292,0.1801450465243501,0.07592134822881276,0.07919486802047368,6,406
iid,6.0,30,0.0,0.0,1,10000,4,0.19909688013136292,0.1801450465243501,0.10607731895787186,0.1489601284936114,6,406
iid,6.0,30,0.0,0.0,1,10000,5,0.19786535303776684,0.17870826491516079,0.1212512341772705,0.1685234771081103,6,406
iid,6.0,30,0.0,0.0,1,10000,6,0.19827586206896552,0.16481937602626817,0.10802430576618384,0.13882140167555845,6,406
iid,6.0,30,0.0,0.0,1,10000,7,0.19827586206896552,0.16481937602626817,0.11945395746142673,0.14517567406333398,6,406
iid,6.0,30,0.0,0.0,1,10000,9,0.19745484400656818,0.16700875752599134,0.12415119135528613,0.1386315981309909,6,406
iid,6.0,30,0.0,0.0,1,10000,10,0.19745484400656813,0.1637246852764122,0.13529441900066708,0.15551153851208296,6,406
iid,6.0,30,0.0,0.0,1,10000,12,0.1954022988505747,0.19841269841270032,0.15299556242860973,0.18838202031384194,6,406
iid,6.0,30,0.0,0.0,1,10000,15,0.1929392446633826,0.18527640941433876,0.18435502997350514,0.21514023378183145,6,406
iid,6.0,30,0.0,0.0,1,10000,17,0.19170771756978652,0.17850301039956193,0.2482556229629114,0.21984787023417995,6,406
iid,6.0,30,0.0,0.0,1,10000,20,0.19211822660098524,0.16830870279146307,0.3095314115270576,0.27453343470441166,6,406
iid,6.0,30,0.0,0.0,1,10000,24,0.19129720853858787,0.17214012041598004,0.37498910633005655,0.43318592304758685,6,406
iid,6.0,30,0.0,0.0,1,10000,28,0.19088669950738915,0.19519704433497714,0.3819809808068832,0.4650553985318237,6,406
iid,6.0,30,0.0,0.0,1,10000,34,0.1892446633825944,0.21298576902025396,0.7988038248064085,1.3219963795366414,6,406
iid,6.0,30,0.0,0.0,1,10000,40,0.18801313628899838,0.2140120415982455,0.7780074467848502,1.1811397691127479,6,406
iid,6.0,30,0.0,0.0,1,10000,47,0.18637110016420363,0.29118773946359855,0.9108568114975014,1.3716618349937415,6,406
iid,6.0,30,0.0,0.0,1,10000,56,0.18801313628899838,0.2131910235358472,0.7777256628149845,1.0279720490088808,6,406
iid,6.0,30,0.0,0.0,1,10000,66,0.18596059113300492,0.16974548440065798,1.118060448808085,1.6452157392682079,6,406
iid,6.0,30,0.0,0.0,1,10000,78,0.18596059113300492,0.15414614121510997,0.9747836825863088,1.098860076012516,6,406
iid,6.0,30,0.0,0.0,1,10000,92,0.18555008210180624,0.18445539135194328,1.1850271581731517,1.278029042130665,6,406
iid,6.0,30,0.0,0.0,1,10000,109,0.18267651888341543,0.20231253420908452,1.8347382542093449,2.541168185623111,6,406
iid,6.0,30,0.0,0.0,1,10000,129,0.1839080459770115,0.20415982484947715,1.8491592324885255,2.609393020883504,6,406
iid,6.0,30,0.0,0.0,1,10000,152,0.18226600985221678,0.18308702791460996,2.3549019380799443,3.713562392696214,6,406
iid,6.0,30,0.0,0.0,1,10000,180,0.18226600985221675,0.21346469622331893,2.656364809049593,4.328075542949016,6,406
iid,6.0,30,0.0,0.0,1,10000,212,0.1814449917898194,0.19594964422549976,2.2659751448692895,3.445634550369982,6,406
iid,6.0,30,0.0,0.0,1,10000,251,0.18103448275862066,0.22229064039409294,2.955524866089183,5.286269915742994,6,406
iid,6.0,30,0.0,0.0,1,10000,297,0.17816091954022992,0.22714833059660144,4.166075982555299,8.012810493755305,6,406
iid,6.0,30,0.0,0.0,1,10000,351,0.17775041050903118,0.11528461959496877,2.2513944898326024,3.10470989711903,6,406
iid,6.0,30,0.0,0.0,1,10000,415,0.17692939244663383,0.15387246852764105,2.96952292693908,4.335114236834265,6,406
iid,6.0,30,0.0,0.0,1,10000,491,0.17610837438423643,0.14511494252873852,3.377246727664465,5.279644291130966,6,406
iid,6.0,30,0.0,0.0,1,10000,580,0.17323481116584563,0.1811713191023557,4.321386607566846,7.769782553425371,6,406
iid,6.0,30,0.0,0.0,1,10000,686,0.17323481116584563,0.2435686918445562,4.975485104144977,8.904254967196136,6,406
iid,6.0,30,0.0,0.0,1,10000,811,0.17118226600985223,0.2280377668308698,5.099740744183826,9.040065526177603,6,406
iid,6.0,30,0.0,0.0,1,10000,959,0.1683087027914614,0.13273125342090944,6.633223199748467,11.954277373005679,6,406
iid,6.0,30,0.0,0.0,1,10000,1134,0.16133004926108374,0.1672824302134659,5.9404236460805,9.719685512084222,6,406
iid,6.0,30,0.0,0.0,1,10000,1341,0.16707717569786532,0.10543240284619901,6.138698652228239,10.78255748475397,6,406
iid,6.0,30,0.0,0.0,1,10000,1585,0.16748768472906406,0.1321839080459744,7.846034600848125,15.595318667220521,6,406
iid,6.0,30,0.0,0.0,1,10000,1874,0.16995073891625614,0.15599343185550263,8.940575255549108,18.244939262825792,6,406
iid,6.0,30,0.0,0.0,1,10000,2215,0.16461412151067323,0.18014504652435853,8.19665628173771,15.158272962451644,6,406
iid,6.0,30,0.0,0.0,1,10000,2619,0.16338259441707717,0.19266557197591783,11.857413310033785,23.947519074773297,6,406
iid,6.0,30,0.0,0.0,1,10000,3097,0.16215106732348109,0.2720990695128669,20.0588659922933,43.35722367266081,6,406
iid,6.0,30,0.0,0.0,1,10000,3661,0.16338259441707717,0.18691844553913817,34.77150514267505,79.33712371098899,6,406
iid,6.0,30,0.0,0.0,1,10000,4329,0.16050903119868634,0.25075259989053356,36.76993162956412,83.5950070598888,6,406
iid,6.0,30,0.0,0.0,1,10000,5118,0.16297208538587848,0.2991926655719742,50.668985136605755,118.01340973675173,6,406
iid,6.0,30,0.0,0.0,1,10000,6051,0.1572249589490969,0.3221811713190999,62.57922056711368,145.51093601954614,6,406
iid,6.0,30,0.0,0.0,1,10000,7154,0.1502463054187192,0.23399014778325253,67.00151190806658,155.69783783193324,6,406
iid,6.0,30,0.0,0.0,1,10000,8458,0.14860426929392445,0.2796934865900406,63.74255974087325,147.86931428831167,6,406
iid,6.0,30,0.0,0.0,1,10000,10000,0.14696223316912974,0.22879036672139944,72.67826015535323,169.38225220741217,6,406
iid,6.0,30,0.0,0.0,2,0,1,0.0024630541871921183,0.008210180623973728,5.174932454144221,1.8880844521071853,6,406
iid,6.0,30,0.0,0.0,2,0,2,0.0028735632183908046,0.011836343732895455,11.451176139227492,2.416429932324665,6,406
iid,6.0,30,0.0,0.0,2,0,3,0.0024630541871921183,0.012315270935960592,19.02782805228854,4.7466742105041035,6,406
iid,6.0,30,0.0,0.0,2,0,4,0.0024630541871921183,0.012315270935960592,33.129702469870566,11.141659760038776,6,406
iid,6.0,30,0.0,0.0,2,0,5,0.0024630541871921183,0.012315270935960592,44.948737556296834,13.266011525023348,6,406
iid,6.0,30,0.0,0.0,2,0,6,0.002052545155993432,0.008552271483305965,56.40968983733651,14.138783860609959,6,406
iid,6.0,30,0.0,0.0,2,0,7,0.0016420361247947454,0.0030103995621236996,67.93274768676912,16.6826724029646,6,406
iid,6.0,30,0.0,0.0,2,0,9,0.002052545155993432,0.005268199233716475,94.76957567906506,25.06315555465239,6,406
iid,6.0,30,0.0,0.0,2,0,10,0.0016420361247947454,0.0030103995621236996,115.20934628478805,36.401358209095115,6,406
iid,6.0,30,0.0,0.0,2,0,12,0.002052545155993432,0.005268199233716475,150.50934173112202,49.08988013454556,6,406
iid,6.0,30,0.0,0.0,2,0,15,0.0024630541871921183,0.008210180623973728,206.05354389835557,48.145767009722555,6,406
iid,6.0,30,0.0,0.0,2,0,17,0.0024630541871921183,0.008210180623973728,239.06423196355095,73.83625250535344,6,406
iid,6.0,30,0.0,0.0,2,0,20,0.0024630541871921183,0.008210180623973728,321.73673841951495,105.43373902622842,6,406
iid,6.0,30,0.0,0.0,2,0,24,0.0024630541871921183,0.008210180623973728,427.4420265006008,128.92587447394786,6,406
iid,6.0,30,0.0,0.0,2,0,28,0.0024630541871921183,0.008210180623973728,500.7960043438634,180.918621084694,6,406
iid,6.0,30,0.0,0.0,2,0,34,0.0016420361247947454,0.005473453749315819,654.3115398269798,270.55091221552965,6,406
iid,6.0,30,0.0,0.0,2,0,40,0.002052545155993432,0.005268199233716475,793.3047870883588,278.6294623224543,6,406
iid,6.0,30,0.0,0.0,2,0,47,0.0012315270935960591,0.003078817733990148,1000.394035935335,280.8802438017555,6,406
iid,6.0,30,0.0,0.0,2,0,56,0.0012315270935960591,0.003078817733990148,1225.0262656642196,380.2093304066913,6,406
iid,6.0,30,0.0,0.0,2,0,66,0.0012315270935960591,0.003078817733990148,1440.4479117523058,399.1592093866436,6,406
iid,6.0,30,0.0,0.0,2,0,78,0.0012315270935960591,0.003078817733990148,1675.4198540379355,541.8475742370156,6,406
iid,6.0,30,0.0,0.0,2,0,92,0.0012315270935960591,0.003078817733990148,1838.6532995951409,617.9694769716044,6,406
iid,6.0,30,0.0,0.0,2,0,109,0.0008210180623973727,0.0013683634373289548,2079.045022496606,683.7996107321562,6,406
iid,6.0,30,0.0,0.0,2,0,129,0.0012315270935960591,0.003078817733990148,2346.7686287521765,734.5604187248559,6,406
iid,6.0,30,0.0,0.0,2,0,152,0.0008210180623973727,0.0013683634373289548,2579.9230318670784,964.5259825616672,6,406
iid,6.0,30,0.0,0.0,2,0,180,0.0008210180623973727,0.0013683634373289548,2836.134205616397,1249.6790638516768,6,406
iid,6.0,30,0.0,0.0,2,0,212,0.0008210180623973727,0.0013683634373289548,2975.88654937997,1259.187209839463,6,406
iid,6.0,30,0.0,0.0,2,0,251,0.00041050903119868636,0.0003420908593322387,3146.289568170239,1305.307615460582,6,406
iid,6.0,30,0.0,0.0,2,0,297,0.00041050903119868636,0.0003420908593322387,3240.610016056369,1368.1952447713734,6,406
iid,6.0,30,0.0,0.0,2,0,351,0.00041050903119868636,0.0003420908593322387,3343.29445269226,1452.1892861918004,6,406
iid,6.0,30,0.0,0.0,2,0,415,0.0008210180623973727,0.0013683634373289548,3444.6428008233793,1568.4665568292687,6,406
iid,6.0,30,0.0,0.0,2,0,491,0.0008210180623973727,0.0013683634373289548,3527.9776156498156,1620.270404689926,6,406
iid,6.0,30,0.0,0.0,2,0,580,0.0008210180623973727,0.0013683634373289548,3741.7421119956175,1826.4894012845139,6,406
iid,6.0,30,0.0,0.0,2,0,686,0.0008210180623973727,0.0013683634373289548,3797.8825030726753,1811.365942184396,6,406
iid,6.0,30,0.0,0.0,2,0,811,0.0008210180623973727,0.0013683634373289548,3865.6374765089718,1769.624547420702,6,406
iid,6.0,30,0.0,0.0,2,0,959,0.0008210180623973727,0.0013683634373289548,3996.117066317465,1815.330975293956,6,406
iid,6.0,30,0.0,0.0,2,0,1134,0.0008210180623973727,0.0013683634373289548,4005.8553029171017,1852.2570303631874,6,406
iid,6.0,30,0.0,0.0,2,0,1341,0.0008210180623973727,0.0013683634373289548,4124.373090214821,1946.9771744515738,6,406
iid,6.0,30,0.0,0.0,2,0,1585,0.0008210180623973727,0.0013683634373289548,4141.917853186687,1958.0435561714514,6,406
iid,6.0,30,0.0,0.0,2,0,1874,0.0008210180623973727,0.0013683634373289548,4265.988011555368,1930.6675863427056,6,406
iid,6.0,30,0.0,0.0,2,0,2215,0.00041050903119868636,0.0003420908593322387,4469.827832406925,1932.129782968828,6,406
iid,6.0,30,0.0,0.0,2,0,2619,0.00041050903119868636,0.0003420908593322387,4599.861060810776,2026.8462645687105,6,406
iid,6.0,30,0.0,0.0,2,0,3097,0.0012315270935960591,0.003078817733990148,4666.40259997631,2028.4015171943902,6,406
iid,6.0,30,0.0,0.0,2,0,3661,0.0008210180623973727,0.0013683634373289548,4846.867423483708,2016.6104160777265,6,406
iid,6.0,30,0.0,0.0,2,0,4329,0.0012315270935960591,0.003078817733990148,4929.473648834833,2050.277332755711,6,406
iid,6.0,30,0.0,0.0,2,0,5118,0.0008210180623973727,0.0013683634373289548,5033.541149308604,2081.8349625977185,6,406
iid,6.0,30,0.0,0.0,2,0,6051,0.0012315270935960591,0.003078817733990148,5153.862954278752,2044.9089348214738,6,406
iid,6.0,30,0.0,0.0,2,0,7154,0.00041050903119868636,0.0003420908593322387,5303.300681504845,1973.6865727453546,6,406
iid,6.0,30,0.0,0.0,2,0,8458,0.0012315270935960591,0.003078817733990148,5375.3012573473015,2006.349111033081,6,406
iid,6.0,30,0.0,0.0,2,0,10000,0.00041050903119868636,0.0003420908593322387,5412.1373522063695,2010.1163507986876,6,406
iid,6.0,30,0.0,0.0,2,1000,1,0.1330049261083744,0.2816091954022991,0.2473646904894754,0.3015372915400901,6,406
iid,6.0,30,0.0,0.0,2,1000,2,0.13136288998357967,0.3133552271483273,0.5605552747127039,0.6472466023568828,6,406
iid,6.0,30,0.0,0.0,2,1000,3,0.13054187192118227,0.3160919540229869,0.8530367380329174,0.59589516199204,6,406
iid,6.0,30,0.0,0.0,2,1000,4,0.1293103448275862,0.29782430213464794,0.8656683065198291,0.5205202404544605,6,406
iid,6.0,30,0.0,0.0,2,1000,5,0.12931034482758622,0.27729885057471154,1.2577319387134895,0.7102546124302379,6,406
iid,6.0,30,0.0,0.0,2,1000,6,0.12848932676518884,0.28523535851122,1.3508078709540097,0.7390937792355533,6,406
iid,6.0,30,0.0,0.0,2,1000,7,0.12766830870279147,0.29098248494799966,1.9118227873703209,1.0234102543481538,6,406
iid,6.0,30,0.0,0.0,2,1000,9,0.1301313628899836,0.29098248494800105,2.000962378182012,0.732471597716827,6,406
iid,6.0,30,0.0,0.0,2,1000,10,0.12889983579638753,0.28708264915161263,2.0253093552024106,0.7289101516695229,6,406
iid,6.0,30,0.0,0.0,2,1000,12,0.12766830870279147,0.27045703338806604,2.3874118319687363,0.9421577891976961,6,406
iid,6.0,30,0.0,0.0,2,1000,15,0.1268472906403941,0.28633004926108296,3.7524143869163638,2.158535169474387,6,406
iid,6.0,30,0.0,0.0,2,1000,17,0.12438423645320196,0.2502052545156,4.561957277058177,3.1149681455755966,6,406
iid,6.0,30,0.0,0.0,2,1000,20,0.12192118226600986,0.2584154351395717,5.4388690220372675,2.9018145131740996,6,406
iid,6.0,30,0.0,0.0,2,1000,24,0.1206896551724138,0.2364532019704425,5.385165613675656,2.998506446026751,6,406
iid,6.0,30,0.0,0.0,2,1000,28,0.11986863711001643,0.20662287903667065,6.083678958256151,3.6039020301229265,6,406
iid,6.0,30,0.0,0.0,2,1000,34,0.12151067323481117,0.23371647509578572,7.182145712065579,5.295685593045061,6,406
iid,6.0,30,0.0,0.0,2,1000,40,0.11740558292282431,0.2214012041598246,6.338659077062111,3.4584796184623747,6,406
iid,6.0,30,0.0,0.0,2,1000,47,0.11658456486042694,0.2542419266557193,8.25757655233621,4.864709631358232,6,406
iid,6.0,30,0.0,0.0,2,1000,56,0.1149425287356322,0.22222222222222077,6.7951582386694405,3.745304015774021,6,406
iid,6.0,30,0.0,0.0,2,1000,66,0.11781609195402298,0.23433223864258515,6.878536471953538,4.21765483491578,6,406
iid,6.0,30,0.0,0.0,2,1000,78,0.1149425287356322,0.25259989053092274,7.393838068153788,4.5739970460019155,6,406
iid,6.0,30,0.0,0.0,2,1000,92,0.11206896551724138,0.1648193760262724,8.798653974015885,5.8368831290602206,6,406
iid,6.0,30,0.0,0.0,2,1000,109,0.11412151067323482,0.18363437328954427,9.524103649936029,4.077217706368535,6,406
iid,6.0,30,0.0,0.0,2,1000,129,0.10960591133004928,0.24692118226600818,14.288638835445107,5.724597111061242,6,406
iid,6.0,30,0.0,0.0,2,1000,152,0.111247947454844,0.22037493158182883,18.349389443857913,7.728740534342755,6,406
iid,6.0,30,0.0,0.0,2,1000,180,0.11042692939244664,0.3082238642583478,17.594629802932197,6.923409384662521,6,406
iid,6.0,30,0.0,0.0,2,1000,212,0.11083743842364531,0.23070607553366215,19.869967091800152,11.576765471288702,6,406
iid,6.0,30,0.0,0.0,2,1000,251,0.11083743842364531,0.2627257799671607,18.509846190925078,9.221433476770551,6,406
iid,6.0,30,0.0,0.0,2,1000,297,0.1087848932676519,0.2409003831417617,15.890724031293956,5.717563103015002,6,406
iid,6.0,30,0.0,0.0,2,1000,351,0.10673234811165845,0.20826491516146725,21.53968311905017,13.281878161977877,6,406
iid,6.0,30,0.0,0.0,2,1000,415,0.10057471264367818,0.18835522714833028,28.153424891438757,15.959687236821006,6,406
iid,6.0,30,0.0,0.0,2,1000,491,0.10016420361247948,0.13601532567049843,36.40544317833429,28.466320809955672,6,406
iid,6.0,30,0.0,0.0,2,1000,580,0.09400656814449919,0.1448412698412696,43.02411064607973,21.495972467527515,6,406
iid,6.0,30,0.0,0.0,2,1000,686,0.10016420361247948,0.1417624521072795,41.96923642584832,22.847466949727853,6,406
iid,6.0,30,0.0,0.0,2,1000,811,0.09975369458128079,0.1697454844006573,44.14366711656342,21.769614714966636,6,406
iid,6.0,30,0.0,0.0,2,1000,959,0.09852216748768473,0.14860426929392495,48.709830694280775,23.29001195916604,6,406
iid,6.0,30,0.0,0.0,2,1000,1134,0.09318555008210179,0.2622468527640957,63.31239591751592,43.28714433119849,6,406
iid,6.0,30,0.0,0.0,2,1000,1341,0.09195402298850575,0.2025177887246848,88.4596264139188,65.00114147922696,6,406
iid,6.0,30,0.0,0.0,2,1000,1585,0.0870279146141215,0.11713191023535932,97.01340738295828,74.38918931209136,6,406
iid,6.0,30,0.0,0.0,2,1000,1874,0.0899014778325123,0.12376847290640451,100.73829941754992,74.81727884896094,6,406
iid,6.0,30,0.0,0.0,2,1000,2215,0.08908045977011496,0.11117952928297586,136.2004030390784,105.57665637494165,6,406
iid,6.0,30,0.0,0.0,2,1000,2619,0.0870279146141215,0.16064586754242,169.10459685729526,146.31010640105492,6,406
iid,6.0,30,0.0,0.0,2,1000,3097,0.08784893267651887,0.13519430760810083,175.92815825634568,143.48169582177698,6,406
iid,6.0,30,0.0,0.0,2,1000,3661,0.08743842364532022,0.07450738916255994,217.8559926779307,205.35110174272293,6,406
iid,6.0,30,0.0,0.0,2,1000,4329,0.0812807881773399,0.09441707717569763,231.18586330259487,204.00885148838267,6,406
iid,6.0,30,0.0,0.0,2,1000,5118,0.08497536945812807,0.07286535303776721,260.2487961239355,219.32265676152363,6,406
iid,6.0,30,0.0,0.0,2,1000,6051,0.07922824302134647,0.18671319102353542,293.24805094716294,209.7326971619419,6,406
iid,6.0,30,0.0,0.0,2,1000,7154,0.0784072249589491,0.16372468527640976,311.84318044826176,214.83239272710935,6,406
iid,6.0,30,0.0,0.0,2,1000,8458,0.08045977011494253,0.1409414340448826,323.6691115434939,211.03554134531615,6,406
iid,6.0,30,0.0,0.0,2,1000,10000,0.0755336617405583,0.14422550629447192,336.77045398297906,204.40548159828492,6,406
iid,6.0,30,0.0,0.0,2,3000,1,0.16091954022988506,0.022714833059662397,0.47806249688717145,0.39314169937121146,6,406
iid,6.0,30,0.0,0.0,2,3000,2,0.1605090311986864,0.0233305966064576,0.5544570730258508,0.46210102248841656,6,406
iid,6.0,30,0.0,0.0,2,3000,3,0.159688013136289,0.020867542419265514,0.7141757579080278,0.5945365421193709,6,406
iid,6.0,30,0.0,0.0,2,3000,4,0.1592775041050903,0.021893814997264095,0.7096370791846464,0.5654098374273488,6,406
iid,6.0,30,0.0,0.0,2,3000,5,0.15804597701149425,0.027435686918444883,0.8722292926281559,0.7527632094187766,6,406
iid,6.0,30,0.0,0.0,2,3000,6,0.15804597701149428,0.021688560481661,0.919447124958232,0.7822126146536071,6,406
iid,6.0,30,0.0,0.0,2,3000,7,0.15599343185550082,0.012041598248494337,1.1065882445601019,0.7080699030004106,6,406
iid,6.0,30,0.0,0.0,2,3000,9,0.1564039408866995,0.024425287356322004,1.067478158655591,0.91346826334493,6,406
iid,6.0,30,0.0,0.0,2,3000,10,0.15599343185550082,0.01368363437329094,1.0204902929995705,0.946371132986266,6,406
iid,6.0,30,0.0,0.0,2,3000,12,0.15435139573070608,0.011220580186097444,1.1051136965949944,0.8905743087919199,6,406
iid,6.0,30,0.0,0.0,2,3000,15,0.1535303776683087,0.017788724685276813,1.3718610123293586,0.9858860650947036,6,406
iid,6.0,30,0.0,0.0,2,3000,17,0.1539408866995074,0.008825944170769769,2.091176136721761,1.7982063098449863,6,406
iid,6.0,30,0.0,0.0,2,3000,20,0.15394088669950742,0.016215106732343214,2.8141676208476323,1.6383086053413685,6,406
iid,6.0,30,0.0,0.0,2,3000,24,0.15311986863711002,0.014299397920087553,3.501375938380054,1.3011310358429766,6,406
iid,6.0,30,0.0,0.0,2,3000,28,0.1535303776683087,0.007936507936507055,3.554368854885636,2.0552295096693642,6,406
iid,6.0,30,0.0,0.0,2,3000,34,0.15147783251231528,0.016215106732348848,3.494983607364844,2.0768871102577733,6,406
iid,6.0,30,0.0,0.0,2,3000,40,0.15229885057471262,0.02004652435687003,3.0819221510572805,1.8239709165347895,6,406
iid,6.0,30,0.0,0.0,2,3000,47,0.1477832512315271,0.033661740558289514,4.099514638454903,2.4504481200302184,6,406
iid,6.0,30,0.0,0.0,2,3000,56,0.15024630541871922,0.020525451559933593,5.4731758341023395,3.07029363535755,6,406
iid,6.0,30,0.0,0.0,2,3000,66,0.145320197044335,0.02627257799671607,5.587550522696277,3.752866479845786,6,406
iid,6.0,30,0.0,0.0,2,3000,78,0.14449917898193762,0.025177887246851667,5.954450436191153,3.6803364449268163,6,406
iid,6.0,30,0.0,0.0,2,3000,92,0.1440886699507389,0.02360426929392652,7.437167320851853,4.549783161793439,6,406
iid,6.0,30,0.0,0.0,2,3000,109,0.14203612479474545,0.008757525998909582,7.462034079324926,3.6135092075497126,6,406
iid,6.0,30,0.0,0.0,2,3000,129,0.14244663382594416,0.01676245210727964,10.018394477141875,5.887300063980775,6,406
iid,6.0,30,0.0,0.0,2,3000,152,0.14696223316912974,0.02599890530924856,9.58867515374286,5.651815780599911,6,406
iid,6.0,30,0.0,0.0,2,3000,180,0.14244663382594416,0.011015325670498573,12.435344392461579,8.429513667280437,6,406
iid,6.0,30,0.0,0.0,2,3000,212,0.1416256157635468,0.012110016420361566,14.030071657115458,10.234366588670222,6,406
iid,6.0,30,0.0,0.0,2,3000,251,0.138752052545156,0.011220580186097444,13.608462984068696,8.916432505644918,6,406
iid,6.0,30,0.0,0.0,2,3000,297,0.13669950738916256,0.016215106732348848,15.8028366521896,11.006694116088404,6,406
iid,6.0,30,0.0,0.0,2,3000,351,0.13916256157635468,0.016215106732348848,18.11523674645109,15.757722416540075,6,406
iid,6.0,30,0.0,0.0,2,3000,415,0.13916256157635468,0.012110016420362975,21.27637858872345,20.409282674105686,6,406
iid,6.0,30,0.0,0.0,2,3000,491,0.1383415435139573,0.008552271483306485,22.683932081545993,21.349332242912286,6,406
iid,6.0,30,0.0,0.0,2,3000,580,0.13628899835796385,0.006294471811716086,30.9628427549399,23.396876386283136,6,406
iid,6.0,30,0.0,0.0,2,3000,686,0.1358784893267652,0.014299397920088962,28.014604676913496,16.169470157705693,6,406
iid,6.0,30,0.0,0.0,2,3000,811,0.13136288998357964,0.013683634373289531,32.41532812294082,18.240942045895405,6,406
iid,6.0,30,0.0,0.0,2,3000,959,0.1297208538587849,0.007115489874110162,33.299955820838264,24.016019924760496,6,406
iid,6.0,30,0.0,0.0,2,3000,1134,0.13136288998357964,0.007115489874110162,36.25564880946957,24.96942714335726,6,406
iid,6.0,30,0.0,0.0,2,3000,1341,0.12766830870279144,0.025793650793651098,58.635950745573744,50.906571858982424,6,406
iid,6.0,30,0.0,0.0,2,3000,1585,0.12233169129720856,0.06787082649151546,59.12046347218808,52.816754293399605,6,406
iid,6.0,30,0.0,0.0,2,3000,1874,0.12110016420361248,0.040571975916802214,63.99782919550648,43.697355417526744,6,406
iid,6.0,30,0.0,0.0,2,3000,2215,0.12315270935960591,0.05090311986863624,69.635013340215,59.780085055823406,6,406
iid,6.0,30,0.0,0.0,2,3000,2619,0.11904761904761905,0.02599890530924856,78.928977194568,73.61681544441505,6,406
iid,6.0,30,0.0,0.0,2,3000,3097,0.11412151067323482,0.06951286261631065,100.68260821010648,77.65395988743792,6,406
iid,6.0,30,0.0,0.0,2,3000,3661,0.1141215106732348,0.052271483305967446,124.06844338392688,69.6486263292508,6,406
iid,6.0,30,0.0,0.0,2,3000,4329,0.11206896551724138,0.02278325123152681,130.3769530170895,71.12357188177846,6,406
iid,6.0,30,0.0,0.0,2,3000,5118,0.11247947454844005,0.02846195949644276,136.1040288203972,70.32853525674501,6,406
iid,6.0,30,0.0,0.0,2,3000,6051,0.111247947454844,0.015120415982485855,148.83885087006237,77.56847084414865,6,406
iid,6.0,30,0.0,0.0,2,3000,7154,0.1087848932676519,0.05124521072796957,149.33470413549693,74.8644435815687,6,406
iid,6.0,30,0.0,0.0,2,3000,8458,0.10591133004926108,0.01888341543514051,158.5826130034385,76.40829134622317,6,406
iid,6.0,30,0.0,0.0,2,3000,10000,0.10632183908045978,0.04221401204159811,153.50199356494556,71.3572218488885,6,406
iid,6.0,30,0.0,0.0,2,10000,1,0.19786535303776684,0.12452107279693488,0.036377886102958265,0.03934501203788511,6,406
iid,6.0,30,0.0,0.0,2,10000,2,0.19786535303776684,0.12452107279693488,0.05114206201174501,0.08350827346091565,6,406
iid,6.0,30,0.0,0.0,2,10000,3,0.19704433497536944,0.11822660098522583,0.10570747569729583,0.15991538657151322,6,406
iid,6.0,30,0.0,0.0,2,10000,4,0.19704433497536944,0.11822660098522583,0.11961917528614907,0.15804726244404715,6,406
iid,6.0,30,0.0,0.0,2,10000,5,0.19704433497536944,0.11822660098522583,0.1399335148008035,0.18122135756996752,6,406
iid,6.0,30,0.0,0.0,2,10000,6,0.19663382594417078,0.12924192665571738,0.14920351488849806,0.1969652632975054,6,406
iid,6.0,30,0.0,0.0,2,10000,7,0.19663382594417078,0.12924192665571738,0.22584013230314104,0.32114676620677657,6,406
iid,6.0,30,0.0,0.0,2,10000,9,0.19417077175697864,0.1111795292829829,0.19462544887575692,0.17783151762791266,6,406
iid,6.0,30,0.0,0.0,2,10000,10,0.19376026272577998,0.12041598248494619,0.2558618035835104,0.24522189085405185,6,406
iid,6.0,30,0.0,0.0,2,10000,12,0.1929392446633826,0.13929939792008458,0.24833058704614372,0.24296049396552316,6,406
iid,6.0,30,0.0,0.0,2,10000,15,0.1900656814449918,0.14155719759167779,0.2683363655482483,0.23287249529411558,6,406
iid,6.0,30,0.0,0.0,2,10000,17,0.19088669950738915,0.13936781609195745,0.2731386057602665,0.22845665670462964,6,406
iid,6.0,30,0.0,0.0,2,10000,20,0.18883415435139575,0.1384783798576891,0.3606024937831916,0.3410480515870941,6,406
iid,6.0,30,0.0,0.0,2,10000,24,0.18719211822660098,0.09523809523809593,0.5264611237499305,0.6014830526833198,6,406
iid,6.0,30,0.0,0.0,2,10000,28,0.18760262725779966,0.10625342090859591,0.4910186398790491,0.4713507289426107,6,406
iid,6.0,30,0.0,0.0,2,10000,34,0.18883415435139572,0.1417624521072823,0.49607567746574355,0.4915668842855167,6,406
iid,6.0,30,0.0,0.0,2,10000,40,0.18842364532019706,0.11227422003283885,0.7322658145379778,0.9184044694295748,6,406
iid,6.0,30,0.0,0.0,2,10000,47,0.18719211822660098,0.10180623973727389,1.0999781570253393,1.8252499758595702,6,406
iid,6.0,30,0.0,0.0,2,10000,56,0.18513957307060755,0.11774767378215804,1.5615186274367678,2.771392105517952,6,406
iid,6.0,30,0.0,0.0,2,10000,66,0.18513957307060758,0.1193897099069462,1.0423443462739137,1.6517526452723923,6,406
iid,6.0,30,0.0,0.0,2,10000,78,0.18637110016420363,0.13929939792008458,1.8139813759506414,3.295809324848704,6,406
iid,6.0,30,0.0,0.0,2,10000,92,0.1830870279146141,0.13437328954570887,1.7436846804701398,2.839662395493735,6,406
iid,6.0,30,0.0,0.0,2,10000,109,0.18021346469622332,0.16290366721401112,1.7458675241366495,2.5061277473440797,6,406
iid,6.0,30,0.0,0.0,2,10000,129,0.180623973727422,0.1622879036672145,2.1465266978502555,3.155369682265417,6,406
iid,6.0,30,0.0,0.0,2,10000,152,0.180623973727422,0.10892172961138687,2.4606633969470066,4.019991732063518,6,406
iid,6.0,30,0.0,0.0,2,10000,180,0.17610837438423646,0.14018883415435152,2.0828270067762795,2.5237298801289985,6,406
iid,6.0,30,0.0,0.0,2,10000,212,0.17651888341543512,0.11220580186097726,2.509258566060782,3.4925015033927727,6,406
iid,6.0,30,0.0,0.0,2,10000,251,0.17816091954022986,0.17542419266557605,2.6714364117646494,3.930426057819772,6,406
iid,6.0,30,0.0,0.0,2,10000,297,0.1744663382594417,0.14237821565408174,3.569405911878158,6.377774624310767,6,406
iid,6.0,30,0.0,0.0,2,10000,351,0.17241379310344826,0.15106732348112129,3.7532606221254077,6.161018896784042,6,406
iid,6.0,30,0.0,0.0,2,10000,415,0.17364532019704434,0.14511494252873147,4.093950336345263,6.553079143397706,6,406
iid,6.0,30,0.0,0.0,2,10000,491,0.16871921182266011,0.12787356321838966,5.002142773586126,8.396233794325456,6,406
iid,6.0,30,0.0,0.0,2,10000,580,0.17118226600985223,0.1664614121510662,4.88383286179699,6.7041329300580115,6,406
iid,6.0,30,0.0,0.0,2,10000,686,0.16871921182266011,0.09339080459769905,5.088255201468165,7.607075107377916,6,406
iid,6.0,30,0.0,0.0,2,10000,811,0.16789819376026274,0.09311713191023294,6.395035456148399,9.329575878024992,6,406
iid,6.0,30,0.0,0.0,2,10000,959,0.1683087027914614,0.09578544061302813,5.873994416125274,8.406821585465964,6,406
iid,6.0,30,0.0,0.0,2,10000,1134,0.16789819376026272,0.1292419266557216,6.959478121475914,9.661018711134686,6,406
iid,6.0,30,0.0,0.0,2,10000,1341,0.16707717569786532,0.1111795292829829,6.559257404871037,9.095276484360602,6,406
iid,6.0,30,0.0,0.0,2,10000,1585,0.16502463054187191,0.13218390804597724,8.10440619588404,12.71564862491266,6,406
iid,6.0,30,0.0,0.0,2,10000,1874,0.15804597701149425,0.2441844553913528,7.291729034538804,10.446025208338925,6,406
iid,6.0,30,0.0,0.0,2,10000,2215,0.15558292282430214,0.22037493158182883,7.114019238997919,9.606550903618125,6,406
iid,6.0,30,0.0,0.0,2,10000,2619,0.15763546798029557,0.33333333333333154,8.52767815541939,13.198504875321538,6,406
iid,6.0,30,0.0,0.0,2,10000,3097,0.15394088669950737,0.27811986863711263,9.600701480216848,15.232690498172586,6,406
iid,6.0,30,0.0,0.0,2,10000,3661,0.15065681444991788,0.3509168035030123,7.138401048293733,8.137546560439,6,406
iid,6.0,30,0.0,0.0,2,10000,4329,0.15065681444991788,0.32464422550629624,8.723570035169178,9.636366322141285,6,406
iid,6.0,30,0.0,0.0,2,10000,5118,0.15147783251231528,0.16153530377668202,12.086652913411063,18.91426380557786,6,406
iid,6.0,30,0.0,0.0,2,10000,6051,0.15476190476190477,0.20805966064586556,17.03801128328617,30.473771058731145,6,406
iid,6.0,30,0.0,0.0,2,10000,7154,0.15188834154351397,0.16557197591680348,17.27298125310735,30.52111607892884,6,406
iid,6.0,30,0.0,0.0,2,10000,8458,0.14285714285714288,0.14778325123152525,21.487321435433063,40.033024517847466,6,406
iid,6.0,30,0.0,0.0,2,10000,10000,0.14285714285714285,0.09852216748768632,16.89911232943738,27.969618906784046,6,406
iid,6.0,30,0.0,0.0,3,0,1,0.0036945812807881776,0.003078817733990148,4.378694788953748,0.6832399914432119,6,406
iid,6.0,30,0.0,0.0,3,0,2,0.003284072249589491,0.0021893814997263287,8.812976721909305,1.793511279478469,6,406
iid,6.0,30,0.0,0.0,3,0,3,0.0028735632183908046,0.0011631089217296114,15.655335421180427,4.017375345967921,6,406
iid,6.0,30,0.0,0.0,3,0,4,0.0024630541871921183,0.0016420361247947454,21.31779851978317,3.405927656952054,6,406
iid,6.0,30,0.0,0.0,3,0,5,0.0024630541871921183,0.0016420361247947454,30.12887363016645,6.339535359429015,6,406
iid,6.0,30,0.0,0.0,3,0,6,0.002052545155993432,0.001984126984126984,36.10359910666945,6.527538048540285,6,406
iid,6.0,30,0.0,0.0,3,0,7,0.0016420361247947454,0.0013683634373289546,51.17226974481639,11.043889572779003,6,406
iid,6.0,30,0.0,0.0,3,0,9,0.002052545155993432,0.001984126984126984,74.6040826146827,24.643865160007238,6,406
iid,6.0,30,0.0,0.0,3,0,10,0.002052545155993432,0.001984126984126984,93.70016795223898,32.14419883293619,6,406
iid,6.0,30,0.0,0.0,3,0,12,0.0012315270935960591,0.0014367816091954023,116.38817008977571,35.21625374936981,6,406
iid,6.0,30,0.0,0.0,3,0,15,0.0016420361247947454,0.0013683634373289546,162.28625546321618,47.89442286609058,6,406
iid,6.0,30,0.0,0.0,3,0,17,0.0008210180623973727,0.0013683634373289548,202.63533814342406,49.06394183898936,6,406
iid,6.0,30,0.0,0.0,3,0,20,0.0008210180623973727,0.0013683634373289548,254.8618232407629,61.022729145912194,6,406
iid,6.0,30,0.0,0.0,3,0,24,0.0008210180623973727,0.0013683634373289548,341.7764078626357,93.18513407742094,6,406
iid,6.0,30,0.0,0.0,3,0,28,0.0008210180623973727,0.0013683634373289548,427.3415732051969,115.89974192148476,6,406
iid,6.0,30,0.0,0.0,3,0,34,0.0008210180623973727,0.0013683634373289548,508.58488026659944,144.2263172420494,6,406
iid,6.0,30,0.0,0.0,3,0,40,0.0008210180623973727,0.0013683634373289548,693.6132026959393,210.79646622518655,6,406
iid,6.0,30,0.0,0.0,3,0,47,0.0012315270935960591,0.0014367816091954023,852.0401158501501,244.7394703958586,6,406
iid,6.0,30,0.0,0.0,3,0,56,0.0008210180623973727,0.0013683634373289548,1040.2287696165363,295.79342095543933,6,406
iid,6.0,30,0.0,0.0,3,0,66,0.0008210180623973727,0.0013683634373289548,1219.4378527424617,366.0802953647265,6,406
iid,6.0,30,0.0,0.0,3,0,78,0.0008210180623973727,0.0013683634373289548,1420.6548535784984,433.1094802909685,6,406
iid,6.0,30,0.0,0.0,3,0,92,0.0008210180623973727,0.0013683634373289548,1560.2162451604802,511.90939098843046,6,406
iid,6.0,30,0.0,0.0,3,0,109,0.0008210180623973727,0.0013683634373289548,1741.617840404853,571.1284141045878,6,406
iid,6.0,30,0.0,0.0,3,0,129,0.0008210180623973727,0.0013683634373289548,1894.0172759274672,627.0600085220801,6,406
iid,6.0,30,0.0,0.0,3,0,152,0.0008210180623973727,0.0013683634373289548,2058.5464808865822,650.2356649416088,6,406
iid,6.0,30,0.0,0.0,3,0,180,0.0008210180623973727,0.0013683634373289548,2174.373485618768,727.2154534959592,6,406
iid,6.0,30,0.0,0.0,3,0,212,0.0008210180623973727,0.0013683634373289548,2215.4775682424747,701.8117901180638,6,406
iid,6.0,30,0.0,0.0,3,0,251,0.0012315270935960591,0.0014367816091954023,2340.586357843229,809.070727038854,6,406
iid,6.0,30,0.0,0.0,3,0,297,0.0012315270935960591,0.0014367816091954023,2561.6510608744916,879.9782397394039,6,406
iid,6.0,30,0.0,0.0,3,0,351,0.0012315270935960591,0.0014367816091954023,2735.0726082532947,850.8931379070096,6,406
iid,6.0,30,0.0,0.0,3,0,415,0.0008210180623973727,0.0005473453749315821,2891.084596897281,919.1545981543537,6,406
iid,6.0,30,0.0,0.0,3,0,491,0.0008210180623973727,0.0005473453749315821,3031.503793071259,944.6638727054317,6,406
iid,6.0,30,0.0,0.0,3,0,580,0.0012315270935960591,0.0006157635467980298,3198.5847772937086,949.6622292512762,6,406
iid,6.0,30,0.0,0.0,3,0,686,0.0008210180623973727,0.0005473453749315821,3294.230639972327,1018.2900409165737,6,406
iid,6.0,30,0.0,0.0,3,0,811,0.0008210180623973727,0.0005473453749315821,3428.9275616284635,1102.053107094933,6,406
iid,6.0,30,0.0,0.0,3,0,959,0.0008210180623973727,0.0005473453749315821,3620.55015618867,1114.8363880773177,6,406
iid,6.0,30,0.0,0.0,3,0,1134,0.00041050903119868636,0.0003420908593322387,3739.85255536887,1174.6412569652307,6,406
iid,6.0,30,0.0,0.0,3,0,1341,0.0008210180623973727,0.0013683634373289548,3904.3727275116894,1247.9329137319519,6,406
iid,6.0,30,0.0,0.0,3,0,1585,0.0016420361247947454,0.0013683634373289546,3988.9876917402685,1280.891536533367,6,406
iid,6.0,30,0.0,0.0,3,0,1874,0.0012315270935960591,0.0014367816091954023,4007.106108494599,1306.444183456337,6,406
iid,6.0,30,0.0,0.0,3,0,2215,0.0016420361247947454,0.0013683634373289546,4116.691423849984,1260.515164308856,6,406
iid,6.0,30,0.0,0.0,3,0,2619,0.0012315270935960591,0.0014367816091954023,4135.876170187602,1289.8740909434114,6,406
iid,6.0,30,0.0,0.0,3,0,3097,0.0016420361247947454,0.0013683634373289546,4168.2462037485875,1280.2896535300738,6,406
iid,6.0,30,0.0,0.0,3,0,3661,0.0012315270935960591,0.0014367816091954023,4197.802610948283,1260.580319202867,6,406
iid,6.0,30,0.0,0.0,3,0,4329,0.0016420361247947454,0.0013683634373289546,4198.460472090928,1260.289031525099,6,406
iid,6.0,30,0.0,0.0,3,0,5118,0.002052545155993432,0.0011631089217296114,4194.331461459491,1267.1633609322478,6,406
iid,6.0,30,0.0,0.0,3,0,6051,0.0012315270935960591,0.0006157635467980298,4220.174082985131,1248.3160018612393,6,406
iid,6.0,30,0.0,0.0,3,0,7154,0.0024630541871921183,0.000821018062397373,4232.56039650647,1238.9437865519471,6,406
iid,6.0,30,0.0,0.0,3,0,8458,0.0016420361247947454,0.0005473453749315822,4231.4373837309495,1234.0057239744447,6,406
iid,6.0,30,0.0,0.0,3,0,10000,0.0012315270935960591,0.0006157635467980298,4254.136813179941,1255.8956483481136,6,406
iid,6.0,30,0.0,0.0,3,1000,1,0.1358784893267652,0.23351122058018614,0.20192636486710117,0.2112937694238063,6,406
iid,6.0,30,0.0,0.0,3,1000,2,0.13382594417077176,0.20908593322386557,0.3938300057679802,0.29899941093511956,6,406
iid,6.0,30,0.0,0.0,3,1000,3,0.1301313628899836,0.22530103995621018,0.6649592834950855,0.5841831069911193,6,406
iid,6.0,30,0.0,0.0,3,1000,4,0.12931034482758622,0.19601806239737124,0.7906775974520078,0.6718753071115057,6,406
iid,6.0,30,0.0,0.0,3,1000,5,0.1288998357963875,0.18691844553913817,0.941091465567002,0.731598872272312,6,406
iid,6.0,30,0.0,0.0,3,1000,6,0.1293103448275862,0.21161740558292488,1.04603090768796,0.9338536465005928,6,406
iid,6.0,30,0.0,0.0,3,1000,7,0.12848932676518884,0.21380678708264805,1.1276794642791892,1.0227186488287252,6,406
iid,6.0,30,0.0,0.0,3,1000,9,0.12479474548440066,0.22879036672140227,1.4823785909878024,0.9998198674851471,6,406
iid,6.0,30,0.0,0.0,3,1000,10,0.1260262725779967,0.24254241926655762,1.4712171134112804,1.0028648014890647,6,406
iid,6.0,30,0.0,0.0,3,1000,12,0.12602627257799673,0.27374110563765647,1.4384600855316372,0.9866491556565655,6,406
iid,6.0,30,0.0,0.0,3,1000,15,0.12479474548440066,0.2411056376573627,1.9766996766925429,1.1704967467903806,6,406
iid,6.0,30,0.0,0.0,3,1000,17,0.1235632183908046,0.28769841269841206,2.2317330512327973,1.4738472430923617,6,406
iid,6.0,30,0.0,0.0,3,1000,20,0.12192118226600986,0.24856321839080336,2.3894552521996046,1.5795760903969296,6,406
iid,6.0,30,0.0,0.0,3,1000,24,0.12151067323481117,0.25424192665572004,2.3625304085636114,1.552194242621256,6,406
iid,6.0,30,0.0,0.0,3,1000,28,0.12068965517241377,0.2807881773399029,3.066433956353702,2.0657865541554723,6,406
iid,6.0,30,0.0,0.0,3,1000,34,0.11740558292282428,0.20826491516146936,3.331431714175688,2.2286126112936913,6,406
iid,6.0,30,0.0,0.0,3,1000,40,0.11781609195402298,0.1637246852764101,4.045272515056059,2.593645635163331,6,406
iid,6.0,30,0.0,0.0,3,1000,47,0.11822660098522168,0.18390804597701038,4.815529553660591,3.3562706614576654,6,406
iid,6.0,30,0.0,0.0,3,1000,56,0.11863711001642036,0.1300629447181192,6.487097284994706,5.185228827284363,6,406
iid,6.0,30,0.0,0.0,3,1000,66,0.11699507389162561,0.1475779967159292,6.391738708647943,4.923517422639456,6,406
iid,6.0,30,0.0,0.0,3,1000,78,0.11288998357963877,0.15715654077722932,7.416378242160136,5.899483192411041,6,406
iid,6.0,30,0.0,0.0,3,1000,92,0.11247947454844008,0.09496442255062983,8.346495115420668,6.721508604485145,6,406
iid,6.0,30,0.0,0.0,3,1000,109,0.10755336617405582,0.1770662287903677,8.016854308043312,5.847762884983697,6,406
iid,6.0,30,0.0,0.0,3,1000,129,0.11124794745484401,0.10953749315818348,12.744402741431836,9.75048279288076,6,406
iid,6.0,30,0.0,0.0,3,1000,152,0.1091954022988506,0.10974274767378024,13.52262784164675,12.081845780409637,6,406
iid,6.0,30,0.0,0.0,3,1000,180,0.1055008210180624,0.10296934865900481,14.42309567534756,11.189175052975019,6,406
iid,6.0,30,0.0,0.0,3,1000,212,0.10139573070607553,0.15715654077723004,14.121612667305854,9.356960816773706,6,406
iid,6.0,30,0.0,0.0,3,1000,251,0.10262725779967158,0.07772304324028592,14.785425964250424,9.342169511024215,6,406
iid,6.0,30,0.0,0.0,3,1000,297,0.10262725779967159,0.13847837985769051,19.041486732780783,14.01530921221778,6,406
iid,6.0,30,0.0,0.0,3,1000,351,0.10098522167487685,0.18390804597701177,22.968263239132998,15.88348364297815,6,406
iid,6.0,30,0.0,0.0,3,1000,415,0.09852216748768472,0.1551724137931043,24.499262981700387,19.129185955493327,6,406
iid,6.0,30,0.0,0.0,3,1000,491,0.09482758620689656,0.16974548440065587,31.340833283091843,26.032876001194744,6,406
iid,6.0,30,0.0,0.0,3,1000,580,0.09811165845648606,0.18507115489873918,37.07691897148725,29.424462402768448,6,406
iid,6.0,30,0.0,0.0,3,1000,686,0.09359605911330049,0.15353037766830913,37.13721455503599,30.00078125477067,6,406
iid,6.0,30,0.0,0.0,3,1000,811,0.09359605911330049,0.16666666666666716,42.36575761645455,33.05730480743679,6,406
iid,6.0,30,0.0,0.0,3,1000,959,0.09400656814449919,0.17603995621236915,44.515248007427736,30.385888371260297,6,406
iid,6.0,30,0.0,0.0,3,1000,1134,0.09195402298850575,0.19266557197591644,50.150451506005396,33.951162953206556,6,406
iid,6.0,30,0.0,0.0,3,1000,1341,0.09482758620689656,0.21900656814449831,54.01305382498234,34.02184601977899,6,406
iid,6.0,30,0.0,0.0,3,1000,1585,0.09277504105090312,0.1622879036672138,58.592275357715636,40.01866217493571,6,406
iid,6.0,30,0.0,0.0,3,1000,1874,0.08908045977011496,0.1423782156540768,60.61253601361429,40.50714110154243,6,406
iid,6.0,30,0.0,0.0,3,1000,2215,0.08990147783251233,0.15660919540229712,65.04059793374493,42.44305398808222,6,406
iid,6.0,30,0.0,0.0,3,1000,2619,0.08210180623973727,0.14258347016967673,69.44466760813249,46.59679404251293,6,406
iid,6.0,30,0.0,0.0,3,1000,3097,0.08251231527093596,0.12048440065681447,73.09537137916878,46.73698107420479,6,406
iid,6.0,30,0.0,0.0,3,1000,3661,0.07881773399014778,0.07963875205254475,72.32635650470549,47.174050206386255,6,406
iid,6.0,30,0.0,0.0,3,1000,4329,0.07799671592775041,0.17542419266557147,75.58262939644851,50.42099698100189,6,406
iid,6.0,30,0.0,0.0,3,1000,5118,0.07799671592775041,0.11795292829775621,77.13159897455553,50.26418776001641,6,406
iid,6.0,30,0.0,0.0,3,1000,6051,0.07430213464696224,0.0947591680350299,76.38471904685836,50.81903278260551,6,406
iid,6.0,30,0.0,0.0,3,1000,7154,0.07594417077175697,0.1358100711548992,81.96637688306642,50.641787905666554,6,406
iid,6.0,30,0.0,0.0,3,1000,8458,0.07307060755336618,0.0998905309250133,83.66624673385378,52.73363514235316,6,406
iid,6.0,30,0.0,0.0,3,1000,10000,0.07224958949096881,0.08511220580186077,82.96635063992711,51.09820362561586,6,406
iid,6.0,30,0.0,0.0,3,3000,1,0.19458128078817735,0.08702791461411855,0.04537951861710767,0.03426286639463073,6,406
iid,6.0,30,0.0,0.0,3,3000,2,0.19376026272577995,0.10317460317460721,0.09513215965275534,0.07683280650389787,6,406
iid,6.0,30,0.0,0.0,3,3000,3,0.18965517241379312,0.11165845648603942,0.13468027980795064,0.07215809882313182,6,406
iid,6.0,30,0.0,0.0,3,3000,4,0.1900656814449918,0.11774767378215523,0.1878938746483085,0.12090843091453322,6,406
iid,6.0,30,0.0,0.0,3,3000,5,0.18965517241379312,0.09934318555007617,0.20351413233744017,0.10676157476547568,6,406
iid,6.0,30,0.0,0.0,3,3000,6,0.18801313628899838,0.10153256704980497,0.21892586072485234,0.11547530989387472,6,406
iid,6.0,30,0.0,0.0,3,3000,7,0.18842364532019704,0.12048440065681623,0.24022031581830883,0.13544326383175775,6,406
iid,6.0,30,0.0,0.0,3,3000,9,0.18883415435139572,0.10974274767378235,0.23312614876604928,0.10741066031233935,6,406
iid,6.0,30,0.0,0.0,3,3000,10,0.18760262725779966,0.11610563765736426,0.25135261832407635,0.12110468572162429,6,406
iid,6.0,30,0.0,0.0,3,3000,12,0.18431855500821018,0.1317049808429151,0.336338871313993,0.2130798361079179,6,406
iid,6.0,30,0.0,0.0,3,3000,15,0.18596059113300492,0.09585385878489536,0.295187112365824,0.2048135819201266,6,406
iid,6.0,30,0.0,0.0,3,3000,17,0.18637110016420363,0.09003831417624283,0.3404378175401785,0.1810974345365816,6,406
iid,6.0,30,0.0,0.0,3,3000,20,0.18431855500821015,0.08244389709907615,0.3783742268009806,0.20311002233971992,6,406
iid,6.0,30,0.0,0.0,3,3000,24,0.1814449917898194,0.10645867542418914,0.3846048586365535,0.27433821954754894,6,406
iid,6.0,30,0.0,0.0,3,3000,28,0.18308702791461415,0.11631089217296031,0.37873119922959103,0.31697409694811157,6,406
iid,6.0,30,0.0,0.0,3,3000,34,0.18308702791461415,0.09085933223863832,0.3733674013815383,0.20048368419969945,6,406
iid,6.0,30,0.0,0.0,3,3000,40,0.18185550082101806,0.09475916803502814,0.4167461444648159,0.21322202936480936,6,406
iid,6.0,30,0.0,0.0,3,3000,47,0.17857142857142858,0.11966338259441511,0.6979327231239404,0.4785205514267596,6,406
iid,6.0,30,0.0,0.0,3,3000,56,0.180623973727422,0.11631089217296031,0.7947308515113362,0.6117815462417282,6,406
iid,6.0,30,0.0,0.0,3,3000,66,0.17446633825944172,0.09065407772304226,0.9637752740493694,0.6175683570988769,6,406
iid,6.0,30,0.0,0.0,3,3000,78,0.1798029556650246,0.1001642036124801,0.8930069324148162,0.40472745933224663,6,406
iid,6.0,30,0.0,0.0,3,3000,92,0.17816091954022992,0.1122058018609688,0.8974317906781085,0.30806059220034737,6,406
iid,6.0,30,0.0,0.0,3,3000,109,0.17857142857142858,0.10077996715927671,1.1740492924691872,0.5488922578438372,6,406
iid,6.0,30,0.0,0.0,3,3000,129,0.17651888341543512,0.08675424192665808,1.3671868777959546,0.7414480492302009,6,406
iid,6.0,30,0.0,0.0,3,3000,152,0.17446633825944172,0.1456622879036651,1.2851282681187801,0.6480077677804784,6,406
iid,6.0,30,0.0,0.0,3,3000,180,0.1711822660098522,0.07861247947455074,1.6216796770407231,0.6984147861088623,6,406
iid,6.0,30,0.0,0.0,3,3000,212,0.1720032840722496,0.09804324028461711,1.7974901683134528,1.0222298544657273,6,406
iid,6.0,30,0.0,0.0,3,3000,251,0.16666666666666666,0.08511220580186288,1.845570120316996,0.7621531042715002,6,406
iid,6.0,30,0.0,0.0,3,3000,297,0.16666666666666666,0.09332238642583462,2.217198745624194,0.7371998891074079,6,406
iid,6.0,30,0.0,0.0,3,3000,351,0.16748768472906406,0.09031198686370753,2.6978256209238545,1.5365680987037686,6,406
iid,6.0,30,0.0,0.0,3,3000,415,0.16584564860426929,0.11220580186097444,2.6717041551910423,1.2505528407581854,6,406
iid,6.0,30,0.0,0.0,3,3000,491,0.16215106732348114,0.07341269841269624,2.676453250503196,1.2462032129986926,6,406
iid,6.0,30,0.0,0.0,3,3000,580,0.1568144499178982,0.07197591680350274,3.418520883990409,2.0761237005665296,6,406
iid,6.0,30,0.0,0.0,3,3000,686,0.15476190476190477,0.06356048166393072,4.11568243679642,2.2181498467929948,6,406
iid,6.0,30,0.0,0.0,3,3000,811,0.15886699507389163,0.06876026272577958,4.32601321448118,2.399222955001768,6,406
iid,6.0,30,0.0,0.0,3,3000,959,0.15517241379310345,0.05336617405582762,4.278973643529975,2.7027203406835767,6,406
iid,6.0,30,0.0,0.0,3,3000,1134,0.1568144499178982,0.05719759168035021,4.551664849794546,3.107398201700214,6,406
iid,6.0,30,0.0,0.0,3,3000,1341,0.15024630541871922,0.060755336617403885,5.041907211202214,3.330703011345937,6,406
iid,6.0,30,0.0,0.0,3,3000,1585,0.1469622331691297,0.08511220580186571,5.524051321793459,2.6905059078641593,6,406
iid,6.0,30,0.0,0.0,3,3000,1874,0.14080459770114942,0.03646688560481775,5.538765242819493,2.443305989658687,6,406
iid,6.0,30,0.0,0.0,3,3000,2215,0.14121510673234813,0.03503010399561861,5.980061900507653,3.5334994881072284,6,406
iid,6.0,30,0.0,0.0,3,3000,2619,0.13916256157635468,0.08271756978653802,6.111381128680585,4.08068448753414,6,406
iid,6.0,30,0.0,0.0,3,3000,3097,0.13177339901477833,0.04330870279146181,7.478687430060357,4.688411293410276,6,406
iid,6.0,30,0.0,0.0,3,3000,3661,0.1301313628899836,0.04221401204159882,7.531188025351245,4.068019060686655,6,406
iid,6.0,30,0.0,0.0,3,3000,4329,0.1288998357963875,0.07936507936508182,8.189017602426587,5.027676747654408,6,406
iid,6.0,30,0.0,0.0,3,3000,5118,0.12110016420361251,0.08654898741105357,9.632161665306695,6.344751132474921,6,406
iid,6.0,30,0.0,0.0,3,3000,6051,0.1202791461412151,0.03482484948002396,9.792629531851171,6.110693337089186,6,406
iid,6.0,30,0.0,0.0,3,3000,7154,0.11206896551724138,0.07122331691297167,9.968080142687507,5.860590171522696,6,406
iid,6.0,30,0.0,0.0,3,3000,8458,0.11576354679802957,0.06403940886699498,9.91378901037404,5.480765052644785,6,406
iid,6.0,30,0.0,0.0,3,3000,10000,0.1087848932676519,0.05945539135194272,10.2375493155407,5.269264816569516,6,406
iid,6.0,30,0.0,0.0,3,10000,1,0.21018062397372742,0.13108921729611847,0.020874008676702555,0.023684774861491384,6,406
iid,6.0,30,0.0,0.0,3,10000,2,0.20894909688013139,0.12513683634372869,0.022501132436739884,0.02591551756004899,6,406
iid,6.0,30,0.0,0.0,3,10000,3,0.2077175697865353,0.13108921729611284,0.037563201556690136,0.039741357837402284,6,406
iid,6.0,30,0.0,0.0,3,10000,4,0.20689655172413793,0.12151067323481059,0.05421158501990955,0.040725021512770514,6,406
iid,6.0,30,0.0,0.0,3,10000,5,0.20607553366174058,0.12123700054734167,0.0604743095987853,0.03691562976963501,6,406
iid,6.0,30,0.0,0.0,3,10000,6,0.20648604269293924,0.11856869184455635,0.0821605990598772,0.06133885158690425,6,406
iid,6.0,30,0.0,0.0,3,10000,7,0.2056650246305419,0.14265188834153938,0.09150743835662815,0.05549628808989758,6,406
iid,6.0,30,0.0,0.0,3,10000,9,0.20607553366174056,0.13191023535850832,0.11792407120925658,0.07951503397311713,6,406
iid,6.0,30,0.0,0.0,3,10000,10,0.20648604269293924,0.1440202517788727,0.13648586058735404,0.07702758408696869,6,406
iid,6.0,30,0.0,0.0,3,10000,12,0.20484400656814453,0.1785030103995563,0.16984352393306526,0.1200485762317207,6,406
iid,6.0,30,0.0,0.0,3,10000,15,0.2023809523809524,0.2121647509578472,0.21739760982546283,0.1870659013717317,6,406
iid,6.0,30,0.0,0.0,3,10000,17,0.2019704433497537,0.20935960591132743,0.23465829072427302,0.22390764340816244,6,406
iid,6.0,30,0.0,0.0,3,10000,20,0.2019704433497537,0.2224958949096862,0.24157872271318284,0.21972898935825486,6,406
iid,6.0,30,0.0,0.0,3,10000,24,0.20279146141215107,0.20580186097427378,0.2349374687678538,0.2312206609090286,6,406
iid,6.0,30,0.0,0.0,3,10000,28,0.2023809523809524,0.1957443897099009,0.27805347372644923,0.26413957126804505,6,406
iid,6.0,30,0.0,0.0,3,10000,34,0.20279146141215107,0.17296113847838113,0.3092662921910928,0.2822087711927576,6,406
iid,6.0,30,0.0,0.0,3,10000,40,0.20238095238095236,0.17686097427477096,0.31724910307566384,0.26070892814476293,6,406
iid,6.0,30,0.0,0.0,3,10000,47,0.2023809523809524,0.1374521072796835,0.30286718393887363,0.289954869880557,6,406
iid,6.0,30,0.0,0.0,3,10000,56,0.20238095238095236,0.15633552271483597,0.3351751154491367,0.2945939639204526,6,406
iid,6.0,30,0.0,0.0,3,10000,66,0.20114942528735633,0.16803503010399415,0.35380367922751094,0.2572920878589087,6,406
iid,6.0,30,0.0,0.0,3,10000,78,0.19909688013136292,0.13088396278050834,0.34344057564476427,0.23836639507238158,6,406
iid,6.0,30,0.0,0.0,3,10000,92,0.19581280788177338,0.1278735632183925,0.4259736572084583,0.33335824525912006,6,406
iid,6.0,30,0.0,0.0,3,10000,109,0.19458128078817735,0.11165845648603942,0.45973262630415374,0.2804191585241281,6,406
iid,6.0,30,0.0,0.0,3,10000,129,0.1941707717569787,0.14155719759167498,0.5221164598554787,0.40653681338437175,6,406
iid,6.0,30,0.0,0.0,3,10000,152,0.1892446633825944,0.10625342090859591,0.5515546431061998,0.2663879487395958,6,406
iid,6.0,30,0.0,0.0,3,10000,180,0.18596059113300492,0.070402298850579,0.7922704107930195,0.32413858618524144,6,406
iid,6.0,30,0.0,0.0,3,10000,212,0.18842364532019704,0.13033661740558458,0.9270977981973775,0.3630065895340062,6,406
iid,6.0,30,0.0,0.0,3,10000,251,0.18801313628899838,0.11959496442254788,0.901554446248526,0.47250958575769986,6,406
iid,6.0,30,0.0,0.0,3,10000,297,0.1933497536945813,0.13690476190475692,1.0722471445829498,0.44529703611511495,6,406
iid,6.0,30,0.0,0.0,3,10000,351,0.18842364532019704,0.11720032840722866,1.2409123008877565,0.5355631182857649,6,406
iid,6.0,30,0.0,0.0,3,10000,415,0.18801313628899838,0.14422550629446876,1.2809347363725183,0.5875804863395097,6,406
iid,6.0,30,0.0,0.0,3,10000,491,0.18431855500821018,0.08244389709907052,1.3306309085993802,0.5186914423983877,6,406
iid,6.0,30,0.0,0.0,3,10000,580,0.18596059113300492,0.1861658456486071,1.3126029853988193,0.6670927831413475,6,406
iid,6.0,30,0.0,0.0,3,10000,686,0.18513957307060758,0.1374521072796891,1.4270200201368457,0.9222639125281782,6,406
iid,6.0,30,0.0,0.0,3,10000,811,0.1859605911330049,0.12048440065681905,1.5093420974227694,0.8631493279518244,6,406
iid,6.0,30,0.0,0.0,3,10000,959,0.18185550082101806,0.12924192665571738,1.6938828470428302,0.8672038159602596,6,406
iid,6.0,30,0.0,0.0,3,10000,1134,0.17692939244663383,0.11938970990695183,1.974714167794228,1.0190226563781528,6,406
iid,6.0,30,0.0,0.0,3,10000,1341,0.17857142857142858,0.15414614121510434,1.847045887478827,0.9805200617112731,6,406
iid,6.0,30,0.0,0.0,3,10000,1585,0.16995073891625614,0.08045977011494482,2.17307961469227,1.1939185501373142,6,406
iid,6.0,30,0.0,0.0,3,10000,1874,0.16297208538587848,0.11528461959496455,2.9570685268329147,1.443941374578437,6,406
iid,6.0,30,0.0,0.0,3,10000,2215,0.16338259441707717,0.08429118773946599,2.4480215247339356,1.198563835956328,6,406
iid,6.0,30,0.0,0.0,3,10000,2619,0.16748768472906406,0.18637110016420316,2.3539813965545275,1.3238371723186209,6,406
iid,6.0,30,0.0,0.0,3,10000,3097,0.159688013136289,0.0840859332238643,2.487577831708413,1.1952303168791114,6,406
iid,6.0,30,0.0,0.0,3,10000,3661,0.1625615763546798,0.13382594417077104,2.704129092053787,1.5110001993103968,6,406
iid,6.0,30,0.0,0.0,3,10000,4329,0.15886699507389165,0.22803776683086696,3.511737011885574,2.0657091176102553,6,406
iid,6.0,30,0.0,0.0,3,10000,5118,0.15476190476190477,0.23515325670498136,3.481627730004518,1.9663113470189102,6,406
iid,6.0,30,0.0,0.0,3,10000,6051,0.15353037766830868,0.23700054734537965,3.9635250880979562,2.543187615588055,6,406
iid,6.0,30,0.0,0.0,3,10000,7154,0.14860426929392445,0.17131910235358735,4.020518534258861,2.2324877454239207,6,406
iid,6.0,30,0.0,0.0,3,10000,8458,0.15147783251231525,0.20176518883415512,4.320405323158535,2.767932544228397,6,406
iid,6.0,30,0.0,0.0,3,10000,10000,0.14901477832512317,0.21818555008210003,4.131548554840527,2.1063123589544426,6,406
iid,6.0,30,0.0,0.0,4,0,1,0.0020525451559934315,0.0019841269841269845,5.978839063477262,1.565688809048675,6,406
iid,6.0,30,0.0,0.0,4,0,2,0.0020525451559934315,0.0019841269841269845,14.294241340375093,3.277497617017745,6,406
iid,6.0,30,0.0,0.0,4,0,3,0.0016420361247947454,0.0013683634373289552,22.845445783228453,5.619629266221582,6,406
iid,6.0,30,0.0,0.0,4,0,4,0.0016420361247947454,0.0013683634373289546,30.890523976041788,7.487888801333494,6,406
iid,6.0,30,0.0,0.0,4,0,5,0.0016420361247947454,0.0013683634373289546,46.66347695264937,16.987088977963523,6,406
iid,6.0,30,0.0,0.0,4,0,6,0.0016420361247947454,0.0013683634373289546,62.24517660797329,17.19176170729001,6,406
iid,6.0,30,0.0,0.0,4,0,7,0.0016420361247947454,0.0013683634373289546,78.06815549045142,18.830305898197185,6,406
iid,6.0,30,0.0,0.0,4,0,9,0.0016420361247947454,0.0021893814997263283,107.86041020303128,31.029516556069005,6,406
iid,6.0,30,0.0,0.0,4,0,10,0.0016420361247947454,0.0013683634373289546,124.10261235889061,35.07619698510598,6,406
iid,6.0,30,0.0,0.0,4,0,12,0.0020525451559934315,0.0019841269841269845,177.2240313539556,53.37915997167818,6,406
iid,6.0,30,0.0,0.0,4,0,15,0.0016420361247947454,0.0013683634373289552,223.61424255692907,59.795655579607086,6,406
iid,6.0,30,0.0,0.0,4,0,17,0.0016420361247947454,0.0013683634373289552,278.6773454125652,69.7773576195798,6,406
iid,6.0,30,0.0,0.0,4,0,20,0.0012315270935960591,0.0006157635467980298,354.4591221876969,97.55623672777666,6,406
iid,6.0,30,0.0,0.0,4,0,24,0.0008210180623973727,0.0005473453749315821,448.60345619844185,105.17515934685001,6,406
iid,6.0,30,0.0,0.0,4,0,28,0.0008210180623973727,0.0005473453749315821,539.9678745203647,121.21463405414882,6,406
iid,6.0,30,0.0,0.0,4,0,34,0.0008210180623973727,0.0005473453749315821,717.3176997016586,209.60288742954646,6,406
iid,6.0,30,0.0,0.0,4,0,40,0.0012315270935960591,0.0006157635467980298,859.1624949710986,260.86459002496,6,406
iid,6.0,30,0.0,0.0,4,0,47,0.0008210180623973727,0.0005473453749315821,1020.1426102132764,332.0039072377938,6,406
iid,6.0,30,0.0,0.0,4,0,56,0.0008210180623973727,0.0005473453749315821,1156.9019216224622,408.8551887429221,6,406
iid,6.0,30,0.0,0.0,4,0,66,0.0008210180623973727,0.0005473453749315821,1341.0645161567154,497.21723023809983,6,406
iid,6.0,30,0.0,0.0,4,0,78,0.00041050903119868636,0.0003420908593322387,1565.711531721374,595.3961665073865,6,406
iid,6.0,30,0.0,0.0,4,0,92,0.00041050903119868636,0.0003420908593322387,1892.7584053403355,634.6583735887159,6,406
iid,6.0,30,0.0,0.0,4,0,109,0.00041050903119868636,0.0003420908593322387,2123.264675034408,683.4581465574461,6,406
iid,6.0,30,0.0,0.0,4,0,129,0.0008210180623973727,0.0005473453749315821,2391.608926427467,764.7611216931158,6,406
iid,6.0,30,0.0,0.0,4,0,152,0.0008210180623973727,0.0005473453749315821,2560.0935672733576,805.4996106477895,6,406
iid,6.0,30,0.0,0.0,4,0,180,0.0008210180623973727,0.0005473453749315821,2888.471364229408,862.0762837296594,6,406
iid,6.0,30,0.0,0.0,4,0,212,0.0012315270935960591,0.0006157635467980298,2980.006140456533,821.9068613418151,6,406
iid,6.0,30,0.0,0.0,4,0,251,0.0008210180623973727,0.0005473453749315821,3069.527694126304,857.2930154739429,6,406
iid,6.0,30,0.0,0.0,4,0,297,0.0008210180623973727,0.0005473453749315821,3378.4628621344073,1065.5635144624341,6,406
iid,6.0,30,0.0,0.0,4,0,351,0.0012315270935960591,0.0006157635467980298,3451.897262136224,1054.832674985105,6,406
iid,6.0,30,0.0,0.0,4,0,415,0.0016420361247947454,0.0013683634373289546,3573.6116446097053,1080.9095474649216,6,406
iid,6.0,30,0.0,0.0,4,0,491,0.0016420361247947454,0.0013683634373289546,3795.392482815538,1274.5601664750234,6,406
iid,6.0,30,0.0,0.0,4,0,580,0.0012315270935960591,0.0014367816091954023,3995.0042889876154,1464.7169575876028,6,406
iid,6.0,30,0.0,0.0,4,0,686,0.0012315270935960591,0.0014367816091954023,4051.2896684502048,1429.4872807498284,6,406
iid,6.0,30,0.0,0.0,4,0,811,0.0012315270935960591,0.0014367816091954023,4269.809565708846,1673.3119670623464,6,406
iid,6.0,30,0.0,0.0,4,0,959,0.0008210180623973727,0.0005473453749315821,4528.088089318316,2012.679277397844,6,406
iid,6.0,30,0.0,0.0,4,0,1134,0.00041050903119868636,0.0003420908593322387,4692.723749380339,2154.984589286801,6,406
iid,6.0,30,0.0,0.0,4,0,1341,0.0016420361247947454,0.0013683634373289546,4843.922538836544,2443.278504815138,6,406
iid,6.0,30,0.0,0.0,4,0,1585,0.0016420361247947454,0.0013683634373289546,4843.0802686660145,2341.865566106858,6,406
iid,6.0,30,0.0,0.0,4,0,1874,0.0012315270935960591,0.0014367816091954023,5076.321078178377,2575.9367902439685,6,406
iid,6.0,30,0.0,0.0,4,0,2215,0.0012315270935960591,0.0014367816091954023,5219.088950362158,2602.5917432354518,6,406
iid,6.0,30,0.0,0.0,4,0,2619,0.0008210180623973727,0.0005473453749315821,5383.519601478427,2712.0295874750454,6,406
iid,6.0,30,0.0,0.0,4,0,3097,0.0012315270935960591,0.0014367816091954023,5640.024379765506,2974.0961757823043,6,406
iid,6.0,30,0.0,0.0,4,0,3661,0.0012315270935960591,0.0014367816091954023,5833.375055028674,3118.0818765270556,6,406
iid,6.0,30,0.0,0.0,4,0,4329,0.0008210180623973727,0.0005473453749315821,6010.241616184982,3398.943385966641,6,406
iid,6.0,30,0.0,0.0,4,0,5118,0.0008210180623973727,0.0005473453749315821,6185.785522550333,3530.4804247430043,6,406
iid,6.0,30,0.0,0.0,4,0,6051,0.0008210180623973727,0.0005473453749315821,6430.118687059679,3842.1329329612868,6,406
iid,6.0,30,0.0,0.0,4,0,7154,0.0008210180623973727,0.0005473453749315821,6515.241983701959,3959.446358779687,6,406
iid,6.0,30,0.0,0.0,4,0,8458,0.0008210180623973727,0.0005473453749315821,6542.856158478629,4009.6510947008046,6,406
iid,6.0,30,0.0,0.0,4,0,10000,0.0008210180623973727,0.0005473453749315821,6654.072465538062,4060.3984172128085,6,406
iid,6.0,30,0.0,0.0,4,1000,1,0.11863711001642036,0.17193486590038468,0.2296467975582075,0.1634625348205686,6,406
iid,6.0,30,0.0,0.0,4,1000,2,0.11699507389162561,0.1812397372742201,0.8053713063277884,0.6328092715768842,6,406
iid,6.0,30,0.0,0.0,4,1000,3,0.11576354679802954,0.1461412151067357,0.8825590083540997,0.659964841960959,6,406
iid,6.0,30,0.0,0.0,4,1000,4,0.11371100164203612,0.1653667214012046,1.2146209670887418,0.7093119664431434,6,406
iid,6.0,30,0.0,0.0,4,1000,5,0.11371100164203612,0.15058839627805207,1.5967656871996272,1.3837065766164527,6,406
iid,6.0,30,0.0,0.0,4,1000,6,0.11288998357963875,0.1834291187739468,2.0837321118789434,1.7380365430836662,6,406
iid,6.0,30,0.0,0.0,4,1000,7,0.11330049261083745,0.1600985221674871,2.1434067572893314,1.3321052901492183,6,406
iid,6.0,30,0.0,0.0,4,1000,9,0.11288998357963875,0.1423782156540782,3.1093564015963877,2.05435256426077,6,406
iid,6.0,30,0.0,0.0,4,1000,10,0.11247947454844005,0.1409414340448833,3.028487342385933,1.9983916033760443,6,406
iid,6.0,30,0.0,0.0,4,1000,12,0.11206896551724138,0.13772577996715943,3.7774002109120066,2.679069629518317,6,406
iid,6.0,30,0.0,0.0,4,1000,15,0.1091954022988506,0.10974274767378024,4.2616665841849,2.018028813039774,6,406
iid,6.0,30,0.0,0.0,4,1000,17,0.11083743842364534,0.10919540229884875,5.0145900969787585,3.121555902886775,6,406
iid,6.0,30,0.0,0.0,4,1000,20,0.10919540229885057,0.10727969348659026,5.408485958075457,3.252965591323995,6,406
iid,6.0,30,0.0,0.0,4,1000,24,0.10714285714285715,0.13444170771756833,6.278352519261919,4.529723136217433,6,406
iid,6.0,30,0.0,0.0,4,1000,28,0.10632183908045977,0.1694718117131926,6.337218359894202,4.392125239308584,6,406
iid,6.0,30,0.0,0.0,4,1000,34,0.10632183908045978,0.12924192665572018,6.033097597474048,4.082346083894383,6,406
iid,6.0,30,0.0,0.0,4,1000,40,0.10714285714285715,0.15660919540229853,6.516729104501988,4.458979147859039,6,406
iid,6.0,30,0.0,0.0,4,1000,47,0.10509031198686371,0.1819923371647526,8.887733284214187,8.582338940342273,6,406
iid,6.0,30,0.0,0.0,4,1000,56,0.10426929392446634,0.17788724685276391,10.751281693134738,11.681096228824025,6,406
iid,6.0,30,0.0,0.0,4,1000,66,0.10303776683087029,0.12924192665571876,9.28830422862622,7.1843341189695895,6,406
iid,6.0,30,0.0,0.0,4,1000,78,0.09975369458128079,0.15660919540229853,12.107665461291598,9.140841287841766,6,406
iid,6.0,30,0.0,0.0,4,1000,92,0.09852216748768473,0.17077175697865374,13.109246071401529,9.775609544758149,6,406
iid,6.0,30,0.0,0.0,4,1000,109,0.09811165845648606,0.10789545703338688,17.62773599647306,13.539994793298264,6,406
iid,6.0,30,0.0,0.0,4,1000,129,0.09770114942528736,0.1368363437328946,18.13114284174956,13.356020376742855,6,406
iid,6.0,30,0.0,0.0,4,1000,152,0.09893267651888342,0.17603995621237054,19.008098156862943,16.35728219618679,6,406
iid,6.0,30,0.0,0.0,4,1000,180,0.09893267651888342,0.11856869184455424,24.66717048295999,27.890188928318814,6,406
iid,6.0,30,0.0,0.0,4,1000,212,0.09400656814449919,0.11938970990695041,26.482666738279903,28.377542358663987,6,406
iid,6.0,30,0.0,0.0,4,1000,251,0.09359605911330049,0.13464696223316933,27.408441923730777,31.84199775682274,6,406
iid,6.0,30,0.0,0.0,4,1000,297,0.0899014778325123,0.09339080459770185,33.22808285111217,37.264574385447936,6,406
iid,6.0,30,0.0,0.0,4,1000,351,0.0907224958949097,0.1464833059660641,36.58759920425289,42.324089064872005,6,406
iid,6.0,30,0.0,0.0,4,1000,415,0.09318555008210179,0.11200054734537628,38.8412459925943,42.90385967343745,6,406
iid,6.0,30,0.0,0.0,4,1000,491,0.08866995073891626,0.09031198686371104,47.98805069032801,57.07201852987337,6,406
iid,6.0,30,0.0,0.0,4,1000,580,0.0899014778325123,0.07614942528735724,54.450627328667885,56.184867562397216,6,406
iid,6.0,30,0.0,0.0,4,1000,686,0.08661740558292282,0.09886425834701718,60.1541065677165,52.5419053780425,6,406
iid,6.0,30,0.0,0.0,4,1000,811,0.0845648604269294,0.11631089217296066,66.19067734183425,53.46843186560385,6,406
iid,6.0,30,0.0,0.0,4,1000,959,0.08784893267651889,0.14012041598248534,88.3791676811706,68.05126542101775,6,406
iid,6.0,30,0.0,0.0,4,1000,1134,0.08333333333333333,0.21216475095785461,96.83424176880665,78.46122153378428,6,406
iid,6.0,30,0.0,0.0,4,1000,1341,0.07922824302134647,0.20231253420908626,118.86074791779161,93.90235038574482,6,406
iid,6.0,30,0.0,0.0,4,1000,1585,0.07963875205254516,0.19759168035030095,131.29552190918844,95.55081241745214,6,406
iid,6.0,30,0.0,0.0,4,1000,1874,0.08128078817733991,0.14203612479474523,138.73493420909207,95.50927433047032,6,406
iid,6.0,30,0.0,0.0,4,1000,2215,0.08497536945812807,0.15907224958949168,174.18367994958075,125.08612266872146,6,406
iid,6.0,30,0.0,0.0,4,1000,2619,0.07881773399014778,0.11986863711001645,205.57459599534516,156.72750654393306,6,406
iid,6.0,30,0.0,0.0,4,1000,3097,0.07717569786535304,0.12041598248494759,250.18571210353585,225.34645903275506,6,406
iid,6.0,30,0.0,0.0,4,1000,3661,0.07060755336617407,0.1819923371647512,261.9301922217912,206.50195093181753,6,406
iid,6.0,30,0.0,0.0,4,1000,4329,0.07635467980295567,0.1190476190476185,325.14550089650146,306.91711707833633,6,406
iid,6.0,30,0.0,0.0,4,1000,5118,0.07224958949096881,0.0695128626163103,383.7985987227198,401.5375108325809,6,406
iid,6.0,30,0.0,0.0,4,1000,6051,0.07266009852216748,0.10734811165845679,405.15316992680823,450.2208493163776,6,406
iid,6.0,30,0.0,0.0,4,1000,7154,0.07266009852216748,0.09339080459770185,419.05684478368966,470.602770876189,6,406
iid,6.0,30,0.0,0.0,4,1000,8458,0.07224958949096881,0.11548987411056341,458.9000056296391,510.0861231745282,6,406
iid,6.0,30,0.0,0.0,4,1000,10000,0.06855500821018062,0.1555145046524359,479.80060461820284,532.6306067276599,6,406
iid,6.0,30,0.0,0.0,4,3000,1,0.14983579638752054,0.17029282977558596,0.24220803712036662,0.3036184088384597,6,406
iid,6.0,30,0.0,0.0,4,3000,2,0.1473727422003284,0.1661877394636057,0.38327801750265333,0.3638098155645404,6,406
iid,6.0,30,0.0,0.0,4,3000,3,0.1469622331691297,0.18856048166393338,0.398248932788051,0.2716057551896474,6,406
iid,6.0,30,0.0,0.0,4,3000,4,0.14696223316912974,0.18691844553913395,0.5267069829810701,0.4948443645720989,6,406
iid,6.0,30,0.0,0.0,4,3000,5,0.1449096880131363,0.20970169677066217,0.6620713946500639,0.48065052962049043,6,406
iid,6.0,30,0.0,0.0,4,3000,6,0.14326765188834154,0.21298576902025396,0.7648520064743765,0.8031891109440735,6,406
iid,6.0,30,0.0,0.0,4,3000,7,0.14367816091954022,0.21647509578544183,0.7488915074038222,0.8428474884883183,6,406
iid,6.0,30,0.0,0.0,4,3000,9,0.14080459770114942,0.23925834701696863,1.2292501202630444,1.1002426436756623,6,406
iid,6.0,30,0.0,0.0,4,3000,10,0.14039408866995073,0.2405582922824291,1.3772707409488643,1.234417828627478,6,406
iid,6.0,30,0.0,0.0,4,3000,12,0.13998357963875205,0.2909824849480025,1.6243111607717629,1.6397902935238118,6,406
iid,6.0,30,0.0,0.0,4,3000,15,0.1416256157635468,0.23706896551724124,2.1637705500046547,2.722915227480537,6,406
iid,6.0,30,0.0,0.0,4,3000,17,0.14326765188834154,0.20149151614668903,2.4689778341004485,3.163294189814211,6,406
iid,6.0,30,0.0,0.0,4,3000,20,0.1412151067323481,0.22961138478379917,2.7025882733097455,3.527418827744115,6,406
iid,6.0,30,0.0,0.0,4,3000,24,0.14039408866995073,0.20771756978653647,2.782630034835359,3.369151868024896,6,406
iid,6.0,30,0.0,0.0,4,3000,28,0.13957307060755336,0.2698412698412709,2.5373256548968626,2.861614646076285,6,406
iid,6.0,30,0.0,0.0,4,3000,34,0.13752052545155993,0.29755062944718186,3.4506032046329267,3.2415960934965797,6,406
iid,6.0,30,0.0,0.0,4,3000,40,0.13711001642036127,0.26819923371647286,3.377385085901837,2.8542524664693802,6,406
iid,6.0,30,0.0,0.0,4,3000,47,0.13711001642036127,0.27969348659003496,3.576054558545114,3.03278911543366,6,406
iid,6.0,30,0.0,0.0,4,3000,56,0.13505747126436782,0.20067049808429072,4.82455108480332,4.5568639081090705,6,406
iid,6.0,30,0.0,0.0,4,3000,66,0.13752052545155993,0.242542419266559,4.655542789713922,4.2289981673376245,6,406
iid,6.0,30,0.0,0.0,4,3000,78,0.13711001642036125,0.2665571975916819,4.668434075201556,3.8756711111886197,6,406
iid,6.0,30,0.0,0.0,4,3000,92,0.1354679802955665,0.28489326765188805,4.779510650833166,3.8493404786044954,6,406
iid,6.0,30,0.0,0.0,4,3000,109,0.13341543513957307,0.21709085933223843,5.581297380941074,3.7651947878661014,6,406
iid,6.0,30,0.0,0.0,4,3000,129,0.13300492610837436,0.1822660098522187,6.192395785807899,4.389412724963244,6,406
iid,6.0,30,0.0,0.0,4,3000,152,0.13341543513957307,0.2031335522714828,6.864862541235026,4.676709895144936,6,406
iid,6.0,30,0.0,0.0,4,3000,180,0.13177339901477833,0.23296387520525255,7.810914657948079,5.363814266430927,6,406
iid,6.0,30,0.0,0.0,4,3000,212,0.13423645320197045,0.20258620689655202,7.265646219687834,4.706589372200129,6,406
iid,6.0,30,0.0,0.0,4,3000,251,0.1338259441707718,0.19184455391351532,8.429219703786494,5.327778691224675,6,406
iid,6.0,30,0.0,0.0,4,3000,297,0.12972085385878493,0.16557197591680065,9.583355599044845,6.941818091765739,6,406
iid,6.0,30,0.0,0.0,4,3000,351,0.12602627257799673,0.11364258347016795,10.389035917444827,7.423384784289342,6,406
iid,6.0,30,0.0,0.0,4,3000,415,0.11986863711001643,0.20908593322386415,15.330686173913612,13.252227844156755,6,406
iid,6.0,30,0.0,0.0,4,3000,491,0.12233169129720856,0.16803503010399484,16.0589882698755,13.894066874233259,6,406
iid,6.0,30,0.0,0.0,4,3000,580,0.12027914614121511,0.18671319102353579,17.470450218977636,15.217469120645061,6,406
iid,6.0,30,0.0,0.0,4,3000,686,0.12479474548440067,0.2000547345374927,21.84985051807011,20.281171484100355,6,406
iid,6.0,30,0.0,0.0,4,3000,811,0.12151067323481117,0.1614668856048162,22.875015812790327,22.030051961823368,6,406
iid,6.0,30,0.0,0.0,4,3000,959,0.11863711001642037,0.15140941434044897,29.47364232217716,28.344910237672895,6,406
iid,6.0,30,0.0,0.0,4,3000,1134,0.11206896551724138,0.23871100164203574,37.75129526608445,35.860278700252394,6,406
iid,6.0,30,0.0,0.0,4,3000,1341,0.11617405582922824,0.2433634373289559,38.55041752309104,36.06956844383988,6,406
iid,6.0,30,0.0,0.0,4,3000,1585,0.10632183908045978,0.18096606458675332,46.959694473103525,46.375591921572195,6,406
iid,6.0,30,0.0,0.0,4,3000,1874,0.10385878489326766,0.15797755883962764,63.78121069529218,61.59310024999343,6,406
iid,6.0,30,0.0,0.0,4,3000,2215,0.10344827586206896,0.11247947454843983,72.50215490567417,69.36982305573326,6,406
iid,6.0,30,0.0,0.0,4,3000,2619,0.10509031198686371,0.16639299397920176,94.0486643459917,105.11946392041382,6,406
iid,6.0,30,0.0,0.0,4,3000,3097,0.10016420361247948,0.14422550629447156,103.8444167943535,125.20987845621069,6,406
iid,6.0,30,0.0,0.0,4,3000,3661,0.09852216748768473,0.13136288998357964,112.1536263626986,144.61295658493464,6,406
iid,6.0,30,0.0,0.0,4,3000,4329,0.10139573070607553,0.1440202517788734,117.2722029091463,146.93446694480645,6,406
iid,6.0,30,0.0,0.0,4,3000,5118,0.10303776683087029,0.14648330596606338,127.07937124058958,166.19291681576647,6,406
iid,6.0,30,0.0,0.0,4,3000,6051,0.10303776683087028,0.1670087575259998,135.21213574298935,181.0183598451724,6,406
iid,6.0,30,0.0,0.0,4,3000,7154,0.10139573070607553,0.23433223864258376,153.49906475166907,192.30858140227355,6,406
iid,6.0,30,0.0,0.0,4,3000,8458,0.09893267651888342,0.19410235358511205,155.62215212535293,198.94636429000343,6,406
iid,6.0,30,0.0,0.0,4,3000,10000,0.10057471264367816,0.2236590038314164,162.62825444580832,198.60568262119116,6,406
iid,6.0,30,0.0,0.0,4,10000,1,0.2077175697865353,0.16803503010399978,0.06437336967327242,0.12054821367204577,6,406
iid,6.0,30,0.0,0.0,4,10000,2,0.2077175697865353,0.16803503010399978,0.07079580979130044,0.11225286046105783,6,406
iid,6.0,30,0.0,0.0,4,10000,3,0.2068965517241379,0.17898193760263253,0.14811009918450044,0.2749156294610908,6,406
iid,6.0,30,0.0,0.0,4,10000,4,0.20607553366174056,0.18773946360153085,0.17929948015675734,0.29730847607904765,6,406
iid,6.0,30,0.0,0.0,4,10000,5,0.20607553366174056,0.18773946360153085,0.1905880348801153,0.30680580724888046,6,406
iid,6.0,30,0.0,0.0,4,10000,6,0.20443349753694584,0.20032840722495457,0.22489401146141694,0.3854687324699988,6,406
iid,6.0,30,0.0,0.0,4,10000,7,0.20361247947454844,0.2016967706622879,0.23817184714641695,0.38129659190408643,6,406
iid,6.0,30,0.0,0.0,4,10000,9,0.2044334975369458,0.16502463054187266,0.18212082993078207,0.20318989013857236,6,406
iid,6.0,30,0.0,0.0,4,10000,10,0.2036124794745484,0.16639299397920318,0.18509472200391383,0.20199306788408458,6,406
iid,6.0,30,0.0,0.0,4,10000,12,0.2044334975369458,0.1600985221674885,0.3643279596524646,0.5835883971867929,6,406
iid,6.0,30,0.0,0.0,4,10000,15,0.20279146141215107,0.16475095785440658,0.393321169081483,0.581372373882173,6,406
iid,6.0,30,0.0,0.0,4,10000,17,0.20279146141215107,0.1819923371647512,0.42273918054129683,0.6172008468922732,6,406
iid,6.0,30,0.0,0.0,4,10000,20,0.20197044334975367,0.18144499178982182,0.37847120834933273,0.4120781559207054,6,406
iid,6.0,30,0.0,0.0,4,10000,24,0.2023809523809524,0.20477558839627097,0.5495964896866089,0.7478483777389272,6,406
iid,6.0,30,0.0,0.0,4,10000,28,0.2007389162561576,0.21325944170772007,0.5931723533239468,0.7767676787396537,6,406
iid,6.0,30,0.0,0.0,4,10000,34,0.20114942528735633,0.19020251778872294,0.580789262558386,0.7435077652114914,6,406
iid,6.0,30,0.0,0.0,4,10000,40,0.19950738916256158,0.17405582922824273,0.5369357931048405,0.6813197821491923,6,406
iid,6.0,30,0.0,0.0,4,10000,47,0.19909688013136287,0.18260810071155062,0.6259447945139153,0.7026476146588546,6,406
iid,6.0,30,0.0,0.0,4,10000,56,0.19991789819376027,0.15797755883962694,0.6683292197479666,0.7634586308050886,6,406
iid,6.0,30,0.0,0.0,4,10000,66,0.19745484400656813,0.15223043240285009,0.7277248452682996,0.9873647624228953,6,406
iid,6.0,30,0.0,0.0,4,10000,78,0.19129720853858787,0.18691844553913256,1.023991242207702,1.0189267901040788,6,406
iid,6.0,30,0.0,0.0,4,10000,92,0.1962233169129721,0.1590038314176241,1.1200264774554998,1.340226490100522,6,406
iid,6.0,30,0.0,0.0,4,10000,109,0.19376026272577995,0.20744389709907035,1.241340004556864,1.3623007573200085,6,406
iid,6.0,30,0.0,0.0,4,10000,129,0.1941707717569787,0.13416803503009872,1.0612645369663622,1.1185002519668732,6,406
iid,6.0,30,0.0,0.0,4,10000,152,0.19458128078817735,0.19293924466338114,1.2530458084194176,1.6808106076222293,6,406
iid,6.0,30,0.0,0.0,4,10000,180,0.19663382594417075,0.16044061302682183,1.6490465923354305,1.7866564195188706,6,406
iid,6.0,30,0.0,0.0,4,10000,212,0.19376026272577995,0.20251778872468618,1.913383120019099,1.8898678413132661,6,406
iid,6.0,30,0.0,0.0,4,10000,251,0.1929392446633826,0.20908593322386132,1.2159808888065997,1.2024574878210659,6,406
iid,6.0,30,0.0,0.0,4,10000,297,0.19827586206896552,0.19355500821017774,1.3777476464079994,1.4738016944543642,6,406
iid,6.0,30,0.0,0.0,4,10000,351,0.18965517241379312,0.17077175697865232,1.560019129747431,1.4351517992183278,6,406
iid,6.0,30,0.0,0.0,4,10000,415,0.18801313628899838,0.22961138478379634,2.2966470690030416,2.844660663291035,6,406
iid,6.0,30,0.0,0.0,4,10000,491,0.18965517241379312,0.2709359605911296,2.048530147815161,2.732290192233173,6,406
iid,6.0,30,0.0,0.0,4,10000,580,0.1892446633825944,0.22776409414340648,2.50517416395992,3.9372676230782977,6,406
iid,6.0,30,0.0,0.0,4,10000,686,0.18965517241379312,0.1830870279146128,2.320316818665115,3.134366563297802,6,406
iid,6.0,30,0.0,0.0,4,10000,811,0.18842364532019704,0.20176518883415512,2.97599387026215,4.514957955659396,6,406
iid,6.0,30,0.0,0.0,4,10000,959,0.181855500821018,0.1916392993979263,3.242114892292079,5.148741517015362,6,406
iid,6.0,30,0.0,0.0,4,10000,1134,0.18513957307060755,0.2671729611384771,4.469142243576855,8.129928941132407,6,406
iid,6.0,30,0.0,0.0,4,10000,1341,0.1810344827586207,0.20587027914614098,4.488779325452551,7.625047837957564,6,406
iid,6.0,30,0.0,0.0,4,10000,1585,0.17939244663382595,0.25321565407772284,5.093363795076547,8.752633474081367,6,406
iid,6.0,30,0.0,0.0,4,10000,1874,0.18021346469622332,0.17193486590038398,4.976764983918053,8.602887678719508,6,406
iid,6.0,30,0.0,0.0,4,10000,2215,0.17282430213464695,0.2491105637657398,8.387254744207572,16.204632688149115,6,406
iid,6.0,30,0.0,0.0,4,10000,2619,0.1720032840722496,0.1998494800218924,11.41669325699412,23.15724942252628,6,406
iid,6.0,30,0.0,0.0,4,10000,3097,0.17569786535303775,0.21811713191023985,9.972631417769925,20.173748306685184,6,406
iid,6.0,30,0.0,0.0,4,10000,3661,0.17077175697865354,0.2821565407772299,14.659817738330965,30.934438278719767,6,406
iid,6.0,30,0.0,0.0,4,10000,4329,0.16379310344827583,0.21490147783251667,17.22180613056045,36.2562477879894,6,406
iid,6.0,30,0.0,0.0,4,10000,5118,0.16215106732348114,0.19163929939791785,18.010212128073363,36.82153626411028,6,406
iid,6.0,30,0.0,0.0,4,10000,6051,0.16050903119868637,0.19328133552271587,23.92482023396118,51.12506834846503,6,406
iid,6.0,30,0.0,0.0,4,10000,7154,0.1535303776683087,0.142583470169675,30.850818853672525,65.91156201978397,6,406
iid,6.0,30,0.0,0.0,4,10000,8458,0.15065681444991788,0.10296934865900552,40.099828831497895,90.24080222729468,6,406
iid,6.0,30,0.0,0.0,4,10000,10000,0.14614121510673236,0.16557197591680206,46.91814845414326,103.64373501048733,6,406
iid,6.0,30,0.0,0.0,5,0,1,0.006568144499178981,0.007936507936507941,9.328429269841601,4.464796904883151,6,406
iid,6.0,30,0.0,0.0,5,0,2,0.006978653530377668,0.00937328954570334,19.774403036890426,5.8909860896471455,6,406
iid,6.0,30,0.0,0.0,5,0,3,0.006568144499178981,0.007936507936507941,28.7616620536205,6.234067833263312,6,406
iid,6.0,30,0.0,0.0,5,0,4,0.005336617405582922,0.004447181171319105,36.203547174813416,9.25734731400534,6,406
iid,6.0,30,0.0,0.0,5,0,5,0.005747126436781608,0.006294471811713194,49.849736220514814,12.169720050022631,6,406
iid,6.0,30,0.0,0.0,5,0,6,0.006157635467980295,0.007183908045977014,57.132126690838106,9.441575833198419,6,406
iid,6.0,30,0.0,0.0,5,0,7,0.006157635467980295,0.00636288998357964,73.11269398039211,16.682054133565472,6,406
iid,6.0,30,0.0,0.0,5,0,9,0.005336617405582922,0.004447181171319105,107.31039213420526,33.55893192160268,6,406
iid,6.0,30,0.0,0.0,5,0,10,0.004926108374384236,0.0032840722495894935,121.93319944796086,43.91963829509865,6,406
iid,6.0,30,0.0,0.0,5,0,12,0.00451559934318555,0.0028051450465243566,162.02343365586566,47.749468900687056,6,406
iid,6.0,30,0.0,0.0,5,0,15,0.0028735632183908046,0.0011631089217296114,208.7590206753476,76.92219691292107,6,406
iid,6.0,30,0.0,0.0,5,0,17,0.0024630541871921183,0.000821018062397373,240.05864705522006,86.61521338256988,6,406
iid,6.0,30,0.0,0.0,5,0,20,0.003284072249589491,0.0013683634373289556,292.40661259086073,107.91701312044229,6,406
iid,6.0,30,0.0,0.0,5,0,24,0.0028735632183908046,0.0011631089217296114,369.3255866764136,104.9186385101193,6,406
iid,6.0,30,0.0,0.0,5,0,28,0.0028735632183908046,0.0019841269841269853,470.66789927438236,140.6226309407591,6,406
iid,6.0,30,0.0,0.0,5,0,34,0.003284072249589491,0.0013683634373289565,625.4945891465762,148.3834864137842,6,406
iid,6.0,30,0.0,0.0,5,0,40,0.003284072249589491,0.0005473453749315834,740.8212130885933,164.0384890842362,6,406
iid,6.0,30,0.0,0.0,5,0,47,0.0024630541871921183,0.0008210180623973724,923.2159055912016,179.11949393107196,6,406
iid,6.0,30,0.0,0.0,5,0,56,0.0024630541871921183,0.0016420361247947454,1096.556339710925,166.45018420311072,6,406
iid,6.0,30,0.0,0.0,5,0,66,0.0024630541871921183,0.0016420361247947454,1302.286415984526,236.73817923510322,6,406
iid,6.0,30,0.0,0.0,5,0,78,0.002052545155993432,0.0003420908593322384,1529.4372306637488,329.49128829501984,6,406
iid,6.0,30,0.0,0.0,5,0,92,0.0012315270935960591,0.0006157635467980298,1736.9801700470246,265.83371556354956,6,406
iid,6.0,30,0.0,0.0,5,0,109,0.0016420361247947454,0.0005473453749315822,1953.6934261406395,301.6271155307191,6,406
iid,6.0,30,0.0,0.0,5,0,129,0.0016420361247947454,0.0005473453749315822,2084.5511658826067,385.44229159675956,6,406
iid,6.0,30,0.0,0.0,5,0,152,0.002052545155993432,0.0003420908593322384,2266.2556190716173,460.5127839157201,6,406
iid,6.0,30,0.0,0.0,5,0,180,0.002052545155993432,0.0011631089217296114,2480.8540627607595,542.6558052513616,6,406
iid,6.0,30,0.0,0.0,5,0,212,0.0028735632183908046,0.0011631089217296114,2631.3193219362515,616.4090417109503,6,406
iid,6.0,30,0.0,0.0,5,0,251,0.0024630541871921183,0.000821018062397373,2776.866726090209,683.279563038091,6,406
iid,6.0,30,0.0,0.0,5,0,297,0.0028735632183908046,0.0003420908593322384,2892.5785969569956,773.8327828118173,6,406
iid,6.0,30,0.0,0.0,5,0,351,0.002052545155993432,0.0011631089217296112,3079.5161892368064,877.796730838137,6,406
iid,6.0,30,0.0,0.0,5,0,415,0.0024630541871921183,0.000821018062397373,3368.075816030416,948.5155778616835,6,406
iid,6.0,30,0.0,0.0,5,0,491,0.0036945812807881776,0.0006157635467980295,3526.2310038871924,1056.680552624715,6,406
iid,6.0,30,0.0,0.0,5,0,580,0.0036945812807881776,0.0006157635467980295,3714.684192101438,1218.0197319323793,6,406
iid,6.0,30,0.0,0.0,5,0,686,0.0036945812807881776,0.0014367816091954018,4043.990831897719,1287.1103405697104,6,406
iid,6.0,30,0.0,0.0,5,0,811,0.0036945812807881776,0.0006157635467980295,4274.616600624298,1481.2150481758545,6,406
iid,6.0,30,0.0,0.0,5,0,959,0.0036945812807881776,0.0014367816091954018,4559.697825724599,1521.6052940772818,6,406
iid,6.0,30,0.0,0.0,5,0,1134,0.003284072249589491,0.0005473453749315834,4599.462844096685,1495.6718538779528,6,406
iid,6.0,30,0.0,0.0,5,0,1341,0.003284072249589491,0.0013683634373289556,4732.399936093291,1445.4584758933836,6,406
iid,6.0,30,0.0,0.0,5,0,1585,0.003284072249589491,0.0013683634373289556,4903.900133587621,1551.959764567442,6,406
iid,6.0,30,0.0,0.0,5,0,1874,0.0028735632183908046,0.0011631089217296114,5026.834608567278,1635.5412234201867,6,406
iid,6.0,30,0.0,0.0,5,0,2215,0.0036945812807881767,0.002257799671592776,5149.575794650854,1644.8656813656194,6,406
iid,6.0,30,0.0,0.0,5,0,2619,0.0024630541871921183,0.001642036124794746,5278.7186012964185,1711.8630820441679,6,406
iid,6.0,30,0.0,0.0,5,0,3097,0.0028735632183908046,0.0011631089217296114,5317.089676509237,1725.8109476057457,6,406
iid,6.0,30,0.0,0.0,5,0,3661,0.0024630541871921183,0.002463054187192119,5459.566120964235,1808.2840077359024,6,406
iid,6.0,30,0.0,0.0,5,0,4329,0.0024630541871921183,0.003284072249589491,5554.2401201292305,1810.9089229820706,6,406
iid,6.0,30,0.0,0.0,5,0,5118,0.0036945812807881776,0.004720853858784894,5604.786305733691,1826.1727310380127,6,406
iid,6.0,30,0.0,0.0,5,0,6051,0.0028735632183908046,0.0036261631089217297,5658.857861209104,1821.5445335183913,6,406
iid,6.0,30,0.0,0.0,5,0,7154,0.003284072249589491,0.0046524356869184465,5708.990876504519,1846.4915881538268,6,406
iid,6.0,30,0.0,0.0,5,0,8458,0.0032840722495894904,0.0030103995621237013,5768.592046186009,1869.370000641453,6,406
iid,6.0,30,0.0,0.0,5,0,10000,0.0024630541871921183,0.000821018062397373,5814.400506907977,1847.8225498603472,6,406
iid,6.0,30,0.0,0.0,5,1000,1,0.13136288998357964,0.15654077723043203,0.2599568908966675,0.2917334660297657,6,406
iid,6.0,30,0.0,0.0,5,1000,2,0.13136288998357964,0.14504652435686846,0.3960570489135497,0.279172764560007,6,406
iid,6.0,30,0.0,0.0,5,1000,3,0.1301313628899836,0.1678297755883953,0.644798919086573,0.5311672390068416,6,406
iid,6.0,30,0.0,0.0,5,1000,4,0.1272577996715928,0.14586754241926678,0.6817019669473519,0.5942658212128903,6,406
iid,6.0,30,0.0,0.0,5,1000,5,0.12807881773399016,0.14942528735632044,0.8851372357550195,0.9148813727001849,6,406
iid,6.0,30,0.0,0.0,5,1000,6,0.12807881773399013,0.13711001642036283,1.025637938840892,0.9749208334779977,6,406
iid,6.0,30,0.0,0.0,5,1000,7,0.12807881773399016,0.14614121510673006,1.249135780552707,1.3572118538515592,6,406
iid,6.0,30,0.0,0.0,5,1000,9,0.12766830870279147,0.1456622879036651,1.3001443365998577,1.370138429099189,6,406
iid,6.0,30,0.0,0.0,5,1000,10,0.12643678160919541,0.14422550629447017,1.370966940327909,1.2858152209223295,6,406
iid,6.0,30,0.0,0.0,5,1000,12,0.12479474548440066,0.14915161466885715,1.4854907549129122,1.3085365326818421,6,406
iid,6.0,30,0.0,0.0,5,1000,15,0.1235632183908046,0.11692665571976045,1.6712003968368172,1.027309650822389,6,406
iid,6.0,30,0.0,0.0,5,1000,17,0.12274220032840723,0.11610563765736284,1.8149141630043146,1.068077786161908,6,406
iid,6.0,30,0.0,0.0,5,1000,20,0.12192118226600986,0.14183087027914532,2.3826712877183334,1.6093117976497855,6,406
iid,6.0,30,0.0,0.0,5,1000,24,0.12315270935960591,0.10509031198686357,2.4913252179121024,1.887379024486057,6,406
iid,6.0,30,0.0,0.0,5,1000,28,0.12192118226600984,0.12048440065681623,2.4372385850203817,2.0267408321404483,6,406
iid,6.0,30,0.0,0.0,5,1000,34,0.12110016420361248,0.13663108921729575,2.655924897012588,1.7135719413705068,6,406
iid,6.0,30,0.0,0.0,5,1000,40,0.12110016420361248,0.13663108921729433,2.6696848222991094,1.946689992366137,6,406
iid,6.0,30,0.0,0.0,5,1000,47,0.11822660098522168,0.13382594417077173,3.3925413411259377,2.1964931882511576,6,406
iid,6.0,30,0.0,0.0,5,1000,56,0.11740558292282431,0.14586754241926747,5.316148912256456,2.779419176116154,6,406
iid,6.0,30,0.0,0.0,5,1000,66,0.11904761904761905,0.1590038314176241,5.504256730999348,3.5848760061397775,6,406
iid,6.0,30,0.0,0.0,5,1000,78,0.11781609195402298,0.1629036672140125,5.407705698148483,3.504941819633319,6,406
iid,6.0,30,0.0,0.0,5,1000,92,0.11822660098522168,0.157635467980295,6.297255716589824,3.3684614024852197,6,406
iid,6.0,30,0.0,0.0,5,1000,109,0.11535303776683087,0.08983305966064607,5.423999855993053,2.793913692335527,6,406
iid,6.0,30,0.0,0.0,5,1000,129,0.11781609195402298,0.10214833059660793,6.586282274660669,3.712500214962186,6,406
iid,6.0,30,0.0,0.0,5,1000,152,0.11535303776683087,0.13170498084291227,7.982833830821157,4.136514592163632,6,406
iid,6.0,30,0.0,0.0,5,1000,180,0.11206896551724138,0.15414614121510645,8.828757123063715,4.548185075981017,6,406
iid,6.0,30,0.0,0.0,5,1000,212,0.10632183908045977,0.15469348659003865,9.297004829446294,4.60803683384131,6,406
iid,6.0,30,0.0,0.0,5,1000,251,0.1091954022988506,0.18363437328954496,16.958389231016238,11.148254670662268,6,406
iid,6.0,30,0.0,0.0,5,1000,297,0.10714285714285715,0.16564039408866998,17.64232089076165,13.918707557038253,6,406
iid,6.0,30,0.0,0.0,5,1000,351,0.10714285714285715,0.15086206896551746,20.892147144719083,15.24958485592153,6,406
iid,6.0,30,0.0,0.0,5,1000,415,0.10385878489326765,0.15633552271483384,27.674927409342875,23.27066922234808,6,406
iid,6.0,30,0.0,0.0,5,1000,491,0.10385878489326765,0.1637246852764101,31.685983928108772,29.561000819450975,6,406
iid,6.0,30,0.0,0.0,5,1000,580,0.10550082101806241,0.1858921729611375,34.07750603213935,29.84036565250311,6,406
iid,6.0,30,0.0,0.0,5,1000,686,0.10016420361247948,0.13273125342090802,42.054867528384996,30.226073019429403,6,406
iid,6.0,30,0.0,0.0,5,1000,811,0.0964696223316913,0.17275588396277947,50.166272671112985,31.174759524579034,6,406
iid,6.0,30,0.0,0.0,5,1000,959,0.09441707717569786,0.18445539135194328,59.06186435539962,34.39752818119833,6,406
iid,6.0,30,0.0,0.0,5,1000,1134,0.09688013136288999,0.1376573617952922,67.81249360125236,41.07459845508619,6,406
iid,6.0,30,0.0,0.0,5,1000,1341,0.09688013136288999,0.14997263273125336,77.66210230979583,50.69372572969916,6,406
iid,6.0,30,0.0,0.0,5,1000,1585,0.09400656814449919,0.19328133552271445,85.90421105722025,57.43075999220127,6,406
iid,6.0,30,0.0,0.0,5,1000,1874,0.08908045977011496,0.1620826491516135,95.19044001421109,59.498025431097794,6,406
iid,6.0,30,0.0,0.0,5,1000,2215,0.08866995073891626,0.19376026272578012,101.94940920193095,64.92038612659424,6,406
iid,6.0,30,0.0,0.0,5,1000,2619,0.08620689655172413,0.18062397372742245,120.47599796125768,75.87658425695612,6,406
iid,6.0,30,0.0,0.0,5,1000,3097,0.08456486042692939,0.1893814997263278,128.881867441938,86.01216322198886,6,406
iid,6.0,30,0.0,0.0,5,1000,3661,0.08825944170771756,0.23679529282977585,143.50282731007516,96.8367319904193,6,406
iid,6.0,30,0.0,0.0,5,1000,4329,0.090311986863711,0.2608100711548987,157.4216237335287,109.41495315255497,6,406
iid,6.0,30,0.0,0.0,5,1000,5118,0.08866995073891626,0.218390804597701,168.08007656257413,121.59914351487424,6,406
iid,6.0,30,0.0,0.0,5,1000,6051,0.08333333333333333,0.16865079365079358,175.96043828092192,127.28980583567817,6,406
iid,6.0,30,0.0,0.0,5,1000,7154,0.08579638752052544,0.14402025177887376,189.85559410958513,133.979319695048,6,406
iid,6.0,30,0.0,0.0,5,1000,8458,0.08251231527093596,0.24774220032840755,195.46980941263428,142.13731161982417,6,406
iid,6.0,30,0.0,0.0,5,1000,10000,0.0841543513957307,0.16208264915161455,212.46700409080566,150.24866174013852,6,406
iid,6.0,30,0.0,0.0,5,3000,1,0.17036124794745486,0.2039545703338783,0.0466116675113446,0.02423278920108181,6,406
iid,6.0,30,0.0,0.0,5,3000,2,0.16666666666666666,0.17131910235358594,0.13446513248029138,0.0634942425182398,6,406
iid,6.0,30,0.0,0.0,5,3000,3,0.16666666666666666,0.17131910235358594,0.1521221275300564,0.10015023424678411,6,406
iid,6.0,30,0.0,0.0,5,3000,4,0.16543513957307063,0.16782977558839246,0.19504375133307658,0.12604926062528707,6,406
iid,6.0,30,0.0,0.0,5,3000,5,0.16379310344827588,0.18370279146140797,0.2423995610634769,0.163186956253282,6,406
iid,6.0,30,0.0,0.0,5,3000,6,0.16379310344827583,0.1869868637110068,0.27469813863914344,0.19057246541773354,6,406
iid,6.0,30,0.0,0.0,5,3000,7,0.1621510673234811,0.17111384783798425,0.3429672717207999,0.19689697782651558,6,406
iid,6.0,30,0.0,0.0,5,3000,9,0.1625615763546798,0.16666666666666646,0.34409085372468656,0.17876270249514878,6,406
iid,6.0,30,0.0,0.0,5,3000,10,0.1625615763546798,0.15270935960591084,0.339448910621954,0.14525371153654887,6,406
iid,6.0,30,0.0,0.0,5,3000,12,0.16379310344827586,0.15168308702791505,0.36433648925214507,0.145854380644496,6,406
iid,6.0,30,0.0,0.0,5,3000,15,0.16379310344827586,0.16071428571428653,0.3628267794614312,0.1632594258653961,6,406
iid,6.0,30,0.0,0.0,5,3000,17,0.16297208538587846,0.17932402846196446,0.4035056958964947,0.2224210189514136,6,406
iid,6.0,30,0.0,0.0,5,3000,20,0.16338259441707717,0.18938149972632745,0.40325970785018755,0.19840340069440945,6,406
iid,6.0,30,0.0,0.0,5,3000,24,0.1625615763546798,0.19047619047619185,0.555892950882593,0.3069688276676083,6,406
iid,6.0,30,0.0,0.0,5,3000,28,0.16009852216748768,0.23809523809523842,0.6628439847688755,0.3478077136209948,6,406
iid,6.0,30,0.0,0.0,5,3000,34,0.16215106732348109,0.23761631089217766,0.7981314994678946,0.5529745826168686,6,406
iid,6.0,30,0.0,0.0,5,3000,40,0.159688013136289,0.288519430760809,0.9331654833971713,0.6292124220380122,6,406
iid,6.0,30,0.0,0.0,5,3000,47,0.15640394088669948,0.320812807881775,1.0528745467962728,0.6129567539410138,6,406
iid,6.0,30,0.0,0.0,5,3000,56,0.15722495894909688,0.25732074438971014,1.6182656739148806,1.0964198561103728,6,406
iid,6.0,30,0.0,0.0,5,3000,66,0.15476190476190477,0.17521893814997294,1.6119441797604335,0.9481987158758621,6,406
iid,6.0,30,0.0,0.0,5,3000,78,0.15722495894909688,0.17521893814997436,2.2076073054417322,1.2760543991373507,6,406
iid,6.0,30,0.0,0.0,5,3000,92,0.15435139573070608,0.19430760810071163,2.5832182899410436,1.4829740390624468,6,406
iid,6.0,30,0.0,0.0,5,3000,109,0.15147783251231525,0.20422824302134862,2.9613153985941523,1.7288540252803184,6,406
iid,6.0,30,0.0,0.0,5,3000,129,0.15188834154351397,0.2205801860974277,3.1696619510285995,2.0762734203025404,6,406
iid,6.0,30,0.0,0.0,5,3000,152,0.14614121510673234,0.19923371647509722,3.269732654670079,2.3462361167467605,6,406
iid,6.0,30,0.0,0.0,5,3000,180,0.15024630541871922,0.2397372742200322,3.3585300174959154,2.970741591889385,6,406
iid,6.0,30,0.0,0.0,5,3000,212,0.1502463054187192,0.21264367816092064,3.337437227709193,2.1768606104513335,6,406
iid,6.0,30,0.0,0.0,5,3000,251,0.1473727422003284,0.21298576902025537,3.7570128192183407,2.595437587981103,6,406
iid,6.0,30,0.0,0.0,5,3000,297,0.14449917898193762,0.19266557197591502,4.267027182542871,3.004199766126724,6,406
iid,6.0,30,0.0,0.0,5,3000,351,0.14655172413793102,0.2658045977011508,4.983659466443972,4.5239380391591535,6,406
iid,6.0,30,0.0,0.0,5,3000,415,0.14532019704433496,0.2027914614121537,5.776809229837156,5.727797243689278,6,406
iid,6.0,30,0.0,0.0,5,3000,491,0.1440886699507389,0.19848111658456474,6.74255795113087,7.177090138263175,6,406
iid,6.0,30,0.0,0.0,5,3000,580,0.14244663382594416,0.21709085933223843,9.283292261685721,10.309231457631435,6,406
iid,6.0,30,0.0,0.0,5,3000,686,0.1383415435139573,0.19328133552271445,8.712999364339327,9.530971906203735,6,406
iid,6.0,30,0.0,0.0,5,3000,811,0.13916256157635468,0.25595238095238243,9.343902973050218,9.391859165212292,6,406
iid,6.0,30,0.0,0.0,5,3000,959,0.1395730706075534,0.21729611384783448,9.925733804244908,9.764333490097414,6,406
iid,6.0,30,0.0,0.0,5,3000,1134,0.13669950738916256,0.15496715927750404,10.716435019476235,9.956602209911045,6,406
iid,6.0,30,0.0,0.0,5,3000,1341,0.13793103448275865,0.15435139573070322,12.064889014478112,11.224361513048484,6,406
iid,6.0,30,0.0,0.0,5,3000,1585,0.12931034482758622,0.23378489326765084,13.51825934711689,11.650417019676771,6,406
iid,6.0,30,0.0,0.0,5,3000,1874,0.13711001642036127,0.16639299397919896,16.383003862896356,14.26277320056925,6,406
iid,6.0,30,0.0,0.0,5,3000,2215,0.13300492610837442,0.24548440065681185,19.0983900579025,17.631912863305608,6,406
iid,6.0,30,0.0,0.0,5,3000,2619,0.13177339901477833,0.23953201970443333,21.039024975206733,19.778417357065635,6,406
iid,6.0,30,0.0,0.0,5,3000,3097,0.13054187192118227,0.21839080459770172,24.313136596557438,25.013763932289805,6,406
iid,6.0,30,0.0,0.0,5,3000,3661,0.12848932676518884,0.17029282977558735,26.072330142744494,26.327384786771763,6,406
iid,6.0,30,0.0,0.0,5,3000,4329,0.1239737274220033,0.13601532567049632,30.83130764094705,30.436209148630287,6,406
iid,6.0,30,0.0,0.0,5,3000,5118,0.12110016420361247,0.17603995621237054,32.99494165495548,32.49581025690567,6,406
iid,6.0,30,0.0,0.0,5,3000,6051,0.12274220032840723,0.17686097427476744,34.77188896252374,31.391688221836514,6,406
iid,6.0,30,0.0,0.0,5,3000,7154,0.11371100164203612,0.2458264915161466,41.180857617907655,38.342869161110265,6,406
iid,6.0,30,0.0,0.0,5,3000,8458,0.1141215106732348,0.21729611384784012,45.83505728108946,44.962090089995016,6,406
iid,6.0,30,0.0,0.0,5,3000,10000,0.11083743842364534,0.26847290640393895,47.93431904939879,46.53895964664573,6,406
iid,6.0,30,0.0,0.0,5,10000,1,0.20935960591133007,0.06321839080459316,0.011366203286600082,0.0200928613618459,6,406
iid,6.0,30,0.0,0.0,5,10000,2,0.20853858784893267,0.06458675424192648,0.020354833738281914,0.022897684244523705,6,406
iid,6.0,30,0.0,0.0,5,10000,3,0.2073070607553366,0.052066228790369984,0.040696661351821616,0.03517057902875213,6,406
iid,6.0,30,0.0,0.0,5,10000,4,0.2077175697865353,0.05145046524357055,0.04462877481353713,0.03292211633852799,6,406
iid,6.0,30,0.0,0.0,5,10000,5,0.2077175697865353,0.05145046524357055,0.06097211546825595,0.032653648125374385,6,406
iid,6.0,30,0.0,0.0,5,10000,6,0.20689655172413793,0.050082101806237234,0.07067564129431633,0.03096753325100092,6,406
iid,6.0,30,0.0,0.0,5,10000,7,0.20648604269293924,0.048782156540779595,0.06693724374408927,0.02645058275425932,6,406
iid,6.0,30,0.0,0.0,5,10000,9,0.20607553366174056,0.0654077723043276,0.09354959165802185,0.03306178335970646,6,406
iid,6.0,30,0.0,0.0,5,10000,10,0.20566502463054184,0.06465517241379934,0.12319831354496524,0.07002682892057688,6,406
iid,6.0,30,0.0,0.0,5,10000,12,0.20361247947454844,0.05719759168035021,0.1684420578537806,0.14359769408836973,6,406
iid,6.0,30,0.0,0.0,5,10000,15,0.20361247947454844,0.04980842911877395,0.21514189573266174,0.16288836290260933,6,406
iid,6.0,30,0.0,0.0,5,10000,17,0.2019704433497537,0.05911330049260728,0.23089076592800695,0.17010571964014726,6,406
iid,6.0,30,0.0,0.0,5,10000,20,0.20114942528735635,0.06704980842911575,0.2339608316022197,0.1742452084833781,6,406
iid,6.0,30,0.0,0.0,5,10000,24,0.20279146141215107,0.05637657361795191,0.2264294028120751,0.15463534046895833,6,406
iid,6.0,30,0.0,0.0,5,10000,28,0.20238095238095236,0.061918445539138334,0.2382684870213485,0.15500587655400186,6,406
iid,6.0,30,0.0,0.0,5,10000,34,0.20073891625615767,0.07286535303776263,0.2444112157198641,0.14963170167651996,6,406
iid,6.0,30,0.0,0.0,5,10000,40,0.201559934318555,0.05699233716475134,0.3080087697958118,0.23359400213968737,6,406
iid,6.0,30,0.0,0.0,5,10000,47,0.19991789819376027,0.07587575259988974,0.27584111084944035,0.21736047368871597,6,406
iid,6.0,30,0.0,0.0,5,10000,56,0.1986863711001642,0.07361795292829652,0.35918924764485244,0.2604905045875832,6,406
iid,6.0,30,0.0,0.0,5,10000,66,0.19745484400656813,0.07915982484948013,0.41574218133806723,0.25769321112532784,6,406
iid,6.0,30,0.0,0.0,5,10000,78,0.19745484400656813,0.05699233716475416,0.4671518080918052,0.40497848517584323,6,406
iid,6.0,30,0.0,0.0,5,10000,92,0.19786535303776684,0.04570333880678808,0.4816174850896207,0.42840580578496945,6,406
iid,6.0,30,0.0,0.0,5,10000,109,0.19786535303776684,0.05145046524357055,0.5940355544422818,0.5415422930256276,6,406
iid,6.0,30,0.0,0.0,5,10000,129,0.19417077175697864,0.07587575259989256,0.5547024863673612,0.32275180983658414,6,406
iid,6.0,30,0.0,0.0,5,10000,152,0.1912972085385878,0.0851122058018643,0.6822802192216889,0.4003789382205938,6,406
iid,6.0,30,0.0,0.0,5,10000,180,0.1933497536945813,0.05808702791461011,0.6700276909304211,0.33034560674307767,6,406
iid,6.0,30,0.0,0.0,5,10000,212,0.18965517241379312,0.02627257799671466,0.7120698743757337,0.22024280195552365,6,406
iid,6.0,30,0.0,0.0,5,10000,251,0.19088669950738915,0.048234811165847394,0.7580386302826826,0.2767955782206979,6,406
iid,6.0,30,0.0,0.0,5,10000,297,0.19006568144499178,0.04221401204159882,0.8713877352143041,0.4526661281430501,6,406
iid,6.0,30,0.0,0.0,5,10000,351,0.18842364532019704,0.049055829228245695,0.7767628368825328,0.2417931950155367,6,406
iid,6.0,30,0.0,0.0,5,10000,415,0.18801313628899838,0.06622879036671744,1.0127323609998848,0.6041169628771251,6,406
iid,6.0,30,0.0,0.0,5,10000,491,0.18842364532019704,0.04577175697865249,0.9366447541819903,0.44634563335540006,6,406
iid,6.0,30,0.0,0.0,5,10000,580,0.18760262725779966,0.03400383141762707,1.2568792064944714,0.7444795449564545,6,406
iid,6.0,30,0.0,0.0,5,10000,686,0.1826765188834154,0.02415161466885872,1.4285210386787843,0.8827381938773154,6,406
iid,6.0,30,0.0,0.0,5,10000,811,0.17939244663382592,0.03154077723043498,1.6464920683806243,1.1707255861288735,6,406
iid,6.0,30,0.0,0.0,5,10000,959,0.17939244663382595,0.08162287903667503,2.055696067301233,1.2553791166748955,6,406
iid,6.0,30,0.0,0.0,5,10000,1134,0.18226600985221675,0.055008210180624226,2.0431727380957425,1.3917039271860157,6,406
iid,6.0,30,0.0,0.0,5,10000,1341,0.17569786535303777,0.09578544061302391,2.0494859593157315,1.184443959519815,6,406
iid,6.0,30,0.0,0.0,5,10000,1585,0.17733990147783252,0.03612479474548583,2.3088217037704264,1.0648167451405233,6,406
iid,6.0,30,0.0,0.0,5,10000,1874,0.16995073891625614,0.09031198686371317,2.486723759087594,1.2734223782171628,6,406
iid,6.0,30,0.0,0.0,5,10000,2215,0.16871921182266011,0.04659277504104938,2.6304869882800914,1.6255564367152175,6,406
iid,6.0,30,0.0,0.0,5,10000,2619,0.17077175697865354,0.12123700054734449,2.6080782544957075,1.600815653440252,6,406
iid,6.0,30,0.0,0.0,5,10000,3097,0.16420361247947454,0.17296113847837974,3.0178469415507583,1.9180901039341949,6,406
iid,6.0,30,0.0,0.0,5,10000,3661,0.16256157635467983,0.1633825944170761,3.001883607153785,1.9206967647801896,6,406
iid,6.0,30,0.0,0.0,5,10000,4329,0.16338259441707717,0.1992337164750958,3.1418388749072133,1.7891205865484106,6,406
iid,6.0,30,0.0,0.0,5,10000,5118,0.16461412151067326,0.17193486590037974,3.194079746645997,1.9191634349849127,6,406
iid,6.0,30,0.0,0.0,5,10000,6051,0.1605090311986864,0.16536672140120037,3.1649764017606734,1.707049789829953,6,406
iid,6.0,30,0.0,0.0,5,10000,7154,0.16133004926108374,0.2058702791461396,3.6949759992709392,1.9155074880652443,6,406
iid,6.0,30,0.0,0.0,5,10000,8458,0.1584564860426929,0.1631089217296142,4.051197944326383,1.9593379603390855,6,406
iid,6.0,30,0.0,0.0,5,10000,10000,0.14942528735632185,0.216475095785439,4.430401583405139,2.2125826581667867,6,406
iid,6.0,30,0.0,0.0,6,0,1,0.00451559934318555,0.014299397920087576,7.144912819320408,3.015118067702677,6,406
iid,6.0,30,0.0,0.0,6,0,2,0.0036945812807881776,0.010467980295566502,15.62034406541683,2.3104424139904167,6,406
iid,6.0,30,0.0,0.0,6,0,3,0.004105090311986864,0.01039956212370005,26.165129055443064,6.481903057331728,6,406
iid,6.0,30,0.0,0.0,6,0,4,0.003284072249589491,0.011220580186097426,32.77574820754963,5.369474511541979,6,406
iid,6.0,30,0.0,0.0,6,0,5,0.0028735632183908046,0.011836343732895455,45.310654837204574,6.613068680506528,6,406
iid,6.0,30,0.0,0.0,6,0,6,0.0024630541871921183,0.008210180623973728,54.919276846236876,6.606989135543094,6,406
iid,6.0,30,0.0,0.0,6,0,7,0.0028735632183908046,0.008552271483305965,65.17076028346693,11.64526947827115,6,406
iid,6.0,30,0.0,0.0,6,0,9,0.0024630541871921183,0.008210180623973728,89.10636708682324,24.535395636531693,6,406
iid,6.0,30,0.0,0.0,6,0,10,0.0024630541871921183,0.008210180623973728,96.33117893446371,26.80148223807548,6,406
iid,6.0,30,0.0,0.0,6,0,12,0.003284072249589491,0.011220580186097426,122.46689188292072,24.94886499320839,6,406
iid,6.0,30,0.0,0.0,6,0,15,0.0016420361247947454,0.0013683634373289546,157.80650286649916,34.666208616987916,6,406
iid,6.0,30,0.0,0.0,6,0,17,0.0028735632183908046,0.005268199233716476,178.92015574903496,26.149032052772817,6,406
iid,6.0,30,0.0,0.0,6,0,20,0.0024630541871921183,0.004926108374384237,221.31961744253454,34.179994152727936,6,406
iid,6.0,30,0.0,0.0,6,0,24,0.003284072249589491,0.007115489874110566,284.92975112089425,41.55080113504476,6,406
iid,6.0,30,0.0,0.0,6,0,28,0.0028735632183908046,0.004447181171319103,376.5023148587432,66.08650862169947,6,406
iid,6.0,30,0.0,0.0,6,0,34,0.0016420361247947454,0.005473453749315819,481.9923039090572,106.68933142537294,6,406
iid,6.0,30,0.0,0.0,6,0,40,0.0008210180623973727,0.0013683634373289548,611.1597950508279,109.02595811753785,6,406
iid,6.0,30,0.0,0.0,6,0,47,0.0008210180623973727,0.0013683634373289548,764.306843347365,146.49695980011285,6,406
iid,6.0,30,0.0,0.0,6,0,56,0.0008210180623973727,0.0013683634373289548,918.6712711400775,220.78780277933262,6,406
iid,6.0,30,0.0,0.0,6,0,66,0.0016420361247947454,0.0013683634373289552,1087.4989706777808,264.7751282667054,6,406
iid,6.0,30,0.0,0.0,6,0,78,0.00041050903119868636,0.0003420908593322387,1269.266671507899,280.24521405343535,6,406
iid,6.0,30,0.0,0.0,6,0,92,0.0012315270935960591,0.0014367816091954023,1465.963040191119,353.86787219505715,6,406
iid,6.0,30,0.0,0.0,6,0,109,0.0008210180623973727,0.0013683634373289548,1660.0937892845739,434.33814876699967,6,406
iid,6.0,30,0.0,0.0,6,0,129,0.0012315270935960591,0.003078817733990148,1876.2762251215374,522.6803433103902,6,406
iid,6.0,30,0.0,0.0,6,0,152,0.0012315270935960591,0.003078817733990148,2019.7960747229008,696.9437432450134,6,406
iid,6.0,30,0.0,0.0,6,0,180,0.0012315270935960591,0.003078817733990148,2204.947698232269,745.1952951758244,6,406
iid,6.0,30,0.0,0.0,6,0,212,0.0012315270935960591,0.003078817733990148,2422.3449138629285,816.6059173887664,6,406
iid,6.0,30,0.0,0.0,6,0,251,0.0016420361247947454,0.0030103995621236996,2573.0147753370497,874.5786424763639,6,406
iid,6.0,30,0.0,0.0,6,0,297,0.0012315270935960591,0.0014367816091954023,2713.5202092113977,1002.4341633770398,6,406
iid,6.0,30,0.0,0.0,6,0,351,0.0016420361247947454,0.0030103995621236996,2923.313136153866,1109.6596346256374,6,406
iid,6.0,30,0.0,0.0,6,0,415,0.0012315270935960591,0.003078817733990148,3200.106353815601,1364.0815557112132,6,406
iid,6.0,30,0.0,0.0,6,0,491,0.0008210180623973727,0.0013683634373289548,3320.6480659410886,1478.06505053005,6,406
iid,6.0,30,0.0,0.0,6,0,580,0.0016420361247947454,0.0030103995621236996,3430.026829643028,1640.002136652952,6,406
iid,6.0,30,0.0,0.0,6,0,686,0.0012315270935960591,0.003078817733990148,3586.850942179158,1695.9529849116925,6,406
iid,6.0,30,0.0,0.0,6,0,811,0.0012315270935960591,0.003078817733990148,3722.0458351774673,1803.8440930126878,6,406
iid,6.0,30,0.0,0.0,6,0,959,0.0012315270935960591,0.003078817733990148,3838.500624473265,1856.0777734280307,6,406
iid,6.0,30,0.0,0.0,6,0,1134,0.0008210180623973727,0.0013683634373289548,3893.4845588352837,1857.377859576386,6,406
iid,6.0,30,0.0,0.0,6,0,1341,0.0008210180623973727,0.0013683634373289548,3919.0219959454785,1873.4941110104014,6,406
iid,6.0,30,0.0,0.0,6,0,1585,0.0008210180623973727,0.0013683634373289548,3974.9382642797354,1910.0385922066073,6,406
iid,6.0,30,0.0,0.0,6,0,1874,0.0012315270935960591,0.0014367816091954023,4011.9267989216423,1907.5962486583792,6,406
iid,6.0,30,0.0,0.0,6,0,2215,0.0012315270935960591,0.0014367816091954023,4079.3989750853048,1876.7575018167545,6,406
iid,6.0,30,0.0,0.0,6,0,2619,0.0008210180623973727,0.0013683634373289548,4105.453070663026,1865.624827486121,6,406
iid,6.0,30,0.0,0.0,6,0,3097,0.0012315270935960591,0.003078817733990148,4170.893214895784,1847.64232095986,6,406
iid,6.0,30,0.0,0.0,6,0,3661,0.0016420361247947454,0.005473453749315819,4220.346806160292,1921.140030746582,6,406
iid,6.0,30,0.0,0.0,6,0,4329,0.0012315270935960591,0.003078817733990148,4222.721629514494,1959.961873968424,6,406
iid,6.0,30,0.0,0.0,6,0,5118,0.002052545155993432,0.005268199233716475,4342.468986653424,2085.1593919248267,6,406
iid,6.0,30,0.0,0.0,6,0,6051,0.0012315270935960591,0.0014367816091954023,4322.062692393276,2086.7705992297356,6,406
iid,6.0,30,0.0,0.0,6,0,7154,0.0008210180623973727,0.0013683634373289548,4378.515064363054,2129.796754189316,6,406
iid,6.0,30,0.0,0.0,6,0,8458,0.0008210180623973727,0.0013683634373289548,4459.933120085935,2174.230798245265,6,406
iid,6.0,30,0.0,0.0,6,0,10000,0.00041050903119868636,0.0003420908593322387,4422.388384184937,2139.1087347228336,6,406
iid,6.0,30,0.0,0.0,6,1000,1,0.12520525451559936,0.1423782156540761,0.1716017681493104,0.2008740234410056,6,406
iid,6.0,30,0.0,0.0,6,1000,2,0.12438423645320197,0.13526272577996734,0.5617285107255272,0.4631082577120674,6,406
iid,6.0,30,0.0,0.0,6,1000,3,0.12274220032840723,0.15879857690202592,0.7516860707035886,0.487631926057143,6,406
iid,6.0,30,0.0,0.0,6,1000,4,0.12274220032840723,0.15879857690202592,0.8725698953276138,0.5835038108489036,6,406
iid,6.0,30,0.0,0.0,6,1000,5,0.12110016420361247,0.18014504652435784,1.1455538924774018,0.9025039658100242,6,406
iid,6.0,30,0.0,0.0,6,1000,6,0.12068965517241381,0.1765188834154327,1.3727121191477902,1.2173606099484784,6,406
iid,6.0,30,0.0,0.0,6,1000,7,0.12110016420361248,0.1629036672140118,1.2448723077915143,0.9925610695761092,6,406
iid,6.0,30,0.0,0.0,6,1000,9,0.12027914614121511,0.17932402846195952,1.6342197978626298,1.3323510267908945,6,406
iid,6.0,30,0.0,0.0,6,1000,10,0.1198686371100164,0.17131910235358735,1.63460057690933,1.1553066114977761,6,406
iid,6.0,30,0.0,0.0,6,1000,12,0.1206896551724138,0.17980295566502308,1.8859703795544434,1.5070527634472741,6,406
iid,6.0,30,0.0,0.0,6,1000,15,0.11986863711001643,0.17214012041598073,2.17570042047053,1.9000002705561976,6,406
iid,6.0,30,0.0,0.0,6,1000,17,0.11863711001642037,0.15058839627805065,2.4907580988397062,1.8458182187584684,6,406
iid,6.0,30,0.0,0.0,6,1000,20,0.11699507389162561,0.17631362889983665,2.880551081423553,2.3862312318331442,6,406
iid,6.0,30,0.0,0.0,6,1000,24,0.11740558292282431,0.1573617952928282,3.836983711936549,4.270086371387727,6,406
iid,6.0,30,0.0,0.0,6,1000,28,0.11658456486042694,0.1434044882320747,3.76238059107022,3.812406699678659,6,406
iid,6.0,30,0.0,0.0,6,1000,34,0.1145320197044335,0.1451149425287364,4.21428339844607,4.234959648615875,6,406
iid,6.0,30,0.0,0.0,6,1000,40,0.1141215106732348,0.19184455391352165,4.338131508349755,3.5766738416737924,6,406
iid,6.0,30,0.0,0.0,6,1000,47,0.11412151067323482,0.1392993979200867,4.984098351768046,5.932590471899998,6,406
iid,6.0,30,0.0,0.0,6,1000,56,0.11288998357963875,0.1456622879036672,4.550920177160918,3.434069188736685,6,406
iid,6.0,30,0.0,0.0,6,1000,66,0.11330049261083745,0.15024630541871875,5.443377703431307,3.327115786197889,6,406
iid,6.0,30,0.0,0.0,6,1000,78,0.11165845648604268,0.1639299397920104,5.58036500870366,4.2542513935515895,6,406
iid,6.0,30,0.0,0.0,6,1000,92,0.11042692939244664,0.15469348659003795,11.295753936433151,15.09001361116454,6,406
iid,6.0,30,0.0,0.0,6,1000,109,0.1091954022988506,0.13108921729611142,11.430385006313236,11.249676905717351,6,406
iid,6.0,30,0.0,0.0,6,1000,129,0.10796387520525452,0.14976737821565378,12.870446562771134,10.000333254301001,6,406
iid,6.0,30,0.0,0.0,6,1000,152,0.10960591133004927,0.09749589490968774,13.793206630982638,11.18962301591301,6,406
iid,6.0,30,0.0,0.0,6,1000,180,0.10755336617405582,0.1015325670498106,15.018491643764085,12.144038607520207,6,406
iid,6.0,30,0.0,0.0,6,1000,212,0.10591133004926108,0.13054187192118344,19.537916086510688,20.80857116701474,6,406
iid,6.0,30,0.0,0.0,6,1000,251,0.09770114942528736,0.140120415982485,25.17995794639684,21.662971906667128,6,406
iid,6.0,30,0.0,0.0,6,1000,297,0.10509031198686371,0.1622879036672145,27.655757200093536,23.840131046468272,6,406
iid,6.0,30,0.0,0.0,6,1000,351,0.10344827586206896,0.14449917898193768,26.14263609699893,25.04112219410143,6,406
iid,6.0,30,0.0,0.0,6,1000,415,0.10426929392446634,0.12698412698412626,29.21814467950666,25.954734299413033,6,406
iid,6.0,30,0.0,0.0,6,1000,491,0.10303776683087029,0.16536672140120248,28.99047934410375,26.899229375447838,6,406
iid,6.0,30,0.0,0.0,6,1000,580,0.10262725779967159,0.17542419266557183,29.35648976786734,24.007034573057666,6,406
iid,6.0,30,0.0,0.0,6,1000,686,0.10057471264367816,0.13827312534209094,27.44158953681752,24.71911491218621,6,406
iid,6.0,30,0.0,0.0,6,1000,811,0.09975369458128079,0.15660919540229853,28.64398338909319,24.37450631105987,6,406
iid,6.0,30,0.0,0.0,6,1000,959,0.09811165845648606,0.11938970990694972,30.90082441176284,19.773569472397682,6,406
iid,6.0,30,0.0,0.0,6,1000,1134,0.09195402298850575,0.19512862616310853,35.83891861874717,23.383502021786978,6,406
iid,6.0,30,0.0,0.0,6,1000,1341,0.0899014778325123,0.14018883415435293,49.449683763552024,41.62129676571519,6,406
iid,6.0,30,0.0,0.0,6,1000,1585,0.09482758620689656,0.11637931034482683,57.59424051610955,57.048875147626205,6,406
iid,6.0,30,0.0,0.0,6,1000,1874,0.09113300492610837,0.1009852216748763,52.48698085579573,41.12891002874519,6,406
iid,6.0,30,0.0,0.0,6,1000,2215,0.08661740558292282,0.15961959496442318,58.80274504031029,43.94490159406816,6,406
iid,6.0,30,0.0,0.0,6,1000,2619,0.0907224958949097,0.15387246852763964,69.28935373161673,72.57356015175822,6,406
iid,6.0,30,0.0,0.0,6,1000,3097,0.08908045977011496,0.16947181171318976,80.38686519990789,100.1641310371756,6,406
iid,6.0,30,0.0,0.0,6,1000,3661,0.08538587848932677,0.058018609742747106,99.6614892977928,135.8349657152898,6,406
iid,6.0,30,0.0,0.0,6,1000,4329,0.08292282430213464,0.09906951286261712,114.19651022854102,163.3385317675699,6,406
iid,6.0,30,0.0,0.0,6,1000,5118,0.07922824302134647,0.1251368363437329,118.07719768574503,157.52107352064291,6,406
iid,6.0,30,0.0,0.0,6,1000,6051,0.0812807881773399,0.09277504105090313,136.77261567904972,186.55079783356257,6,406
iid,6.0,30,0.0,0.0,6,1000,7154,0.07512315270935961,0.13033661740558283,143.32637682936357,193.992717325471,6,406
iid,6.0,30,0.0,0.0,6,1000,8458,0.07389162561576355,0.12233169129720854,138.98293724713932,163.09961759412914,6,406
iid,6.0,30,0.0,0.0,6,1000,10000,0.07676518883415435,0.10132731253420857,153.22879630412504,192.67242428697008,6,406
iid,6.0,30,0.0,0.0,6,3000,1,0.16050903119868634,0.3435276409414374,0.08458201253402424,0.11396040286627496,6,406
iid,6.0,30,0.0,0.0,6,3000,2,0.16050903119868634,0.3435276409414374,0.18540923783772875,0.3326775629181167,6,406
iid,6.0,30,0.0,0.0,6,3000,3,0.16009852216748768,0.3275862068965519,0.24814803555377127,0.3780835872735857,6,406
iid,6.0,30,0.0,0.0,6,3000,4,0.1592775041050903,0.28051450465243466,0.340834472917351,0.45191728384791413,6,406
iid,6.0,30,0.0,0.0,6,3000,5,0.15845648604269294,0.305145046524357,0.3690264600030704,0.4295094242952144,6,406
iid,6.0,30,0.0,0.0,6,3000,6,0.15804597701149425,0.30001368363437253,0.37862298196107314,0.41552984538660337,6,406
iid,6.0,30,0.0,0.0,6,3000,7,0.15804597701149425,0.30001368363437253,0.3886049136864372,0.4175861147860505,6,406
iid,6.0,30,0.0,0.0,6,3000,9,0.1564039408866995,0.31013957307060835,0.941351306581015,1.3677461016240022,6,406
iid,6.0,30,0.0,0.0,6,3000,10,0.1564039408866995,0.2994663382594403,0.7571765563020851,0.8371256032880411,6,406
iid,6.0,30,0.0,0.0,6,3000,12,0.1555829228243021,0.29837164750958295,0.6658576761800034,0.7054474466027252,6,406
iid,6.0,30,0.0,0.0,6,3000,15,0.1547619047619048,0.34188560481663377,1.209660107326996,1.1951423014763651,6,406
iid,6.0,30,0.0,0.0,6,3000,17,0.15435139573070608,0.3322386425834685,1.5933450844393295,1.6523717779297669,6,406
iid,6.0,30,0.0,0.0,6,3000,20,0.1535303776683087,0.3207443897099078,1.7676129810323467,1.86066115690474,6,406
iid,6.0,30,0.0,0.0,6,3000,24,0.15311986863711002,0.33121237000547277,1.872049541592914,1.945492720977309,6,406
iid,6.0,30,0.0,0.0,6,3000,28,0.1543513957307061,0.32567049808428494,1.9595565636770151,2.417529802431388,6,406
iid,6.0,30,0.0,0.0,6,3000,34,0.15188834154351397,0.33798576902024957,1.9511854684075551,2.2525686465347725,6,406
iid,6.0,30,0.0,0.0,6,3000,40,0.1510673234811166,0.3396278051450462,2.4967775507831784,2.8481767533320284,6,406
iid,6.0,30,0.0,0.0,6,3000,47,0.15024630541871922,0.3218390804597694,3.05608188785749,3.5365767349196524,6,406
iid,6.0,30,0.0,0.0,6,3000,56,0.14737274220032842,0.2589627805145025,3.4045207529918087,4.515488135202408,6,406
iid,6.0,30,0.0,0.0,6,3000,66,0.14696223316912974,0.26081007115489657,4.7388473163252,7.194848127661999,6,406
iid,6.0,30,0.0,0.0,6,3000,78,0.145320197044335,0.2931034482758612,4.564314518303345,7.31263729001301,6,406
iid,6.0,30,0.0,0.0,6,3000,92,0.1477832512315271,0.3382594417077157,5.67004272384063,8.531325997180245,6,406
iid,6.0,30,0.0,0.0,6,3000,109,0.14655172413793102,0.33805418719212105,6.2478114662424,10.067635532260008,6,406
iid,6.0,30,0.0,0.0,6,3000,129,0.14449917898193762,0.3585112205801846,6.047430086967103,8.730844594138803,6,406
iid,6.0,30,0.0,0.0,6,3000,152,0.14244663382594416,0.29672961138478493,5.993186652795058,8.352758331144633,6,406
iid,6.0,30,0.0,0.0,6,3000,180,0.14244663382594416,0.3788314176245221,5.7172226892937354,7.058519598861499,6,406
iid,6.0,30,0.0,0.0,6,3000,212,0.1420361247947455,0.329775588396275,7.410573324032845,9.591291552544266,6,406
iid,6.0,30,0.0,0.0,6,3000,251,0.14285714285714288,0.30377668308702505,7.821946801429988,9.399228973965872,6,406
iid,6.0,30,0.0,0.0,6,3000,297,0.13998357963875205,0.2868773946360152,9.951404566436509,13.178849216907201,6,406
iid,6.0,30,0.0,0.0,6,3000,351,0.14039408866995073,0.34893267651888377,10.396498299881898,12.087077660313348,6,406
iid,6.0,30,0.0,0.0,6,3000,415,0.1416256157635468,0.2846880131362892,10.883453347077932,13.31654563398314,6,406
iid,6.0,30,0.0,0.0,6,3000,491,0.1383415435139573,0.29837164750957873,15.695928414079923,24.737349770773847,6,406
iid,6.0,30,0.0,0.0,6,3000,580,0.13218390804597702,0.30596606458675385,24.502847746935483,43.535556053893345,6,406
iid,6.0,30,0.0,0.0,6,3000,686,0.13382594417077176,0.305145046524357,29.747867937095773,58.843484694335494,6,406
iid,6.0,30,0.0,0.0,6,3000,811,0.12848932676518884,0.2918035030103979,33.28030990388131,60.46855764077421,6,406
iid,6.0,30,0.0,0.0,6,3000,959,0.13136288998357964,0.19020251778872435,38.883967851873436,71.48126451798036,6,406
iid,6.0,30,0.0,0.0,6,3000,1134,0.12807881773399013,0.19704433497537122,42.17995742947737,74.58603573361358,6,406
iid,6.0,30,0.0,0.0,6,3000,1341,0.12479474548440066,0.15079365079365095,54.81270369129678,91.48910083403763,6,406
iid,6.0,30,0.0,0.0,6,3000,1585,0.12110016420361248,0.14155719759167992,65.04740313241318,113.8101837317964,6,406
iid,6.0,30,0.0,0.0,6,3000,1874,0.12151067323481117,0.16721401204159797,74.98953655496621,128.08806768004837,6,406
iid,6.0,30,0.0,0.0,6,3000,2215,0.11617405582922824,0.22940613026820028,82.36915841193635,142.46004346864007,6,406
iid,6.0,30,0.0,0.0,6,3000,2619,0.11330049261083741,0.17159277504105347,79.618269601085,133.53390505186923,6,406
iid,6.0,30,0.0,0.0,6,3000,3097,0.11124794745484401,0.13170498084291227,83.94538923606576,132.76366314746622,6,406
iid,6.0,30,0.0,0.0,6,3000,3661,0.11288998357963875,0.1456622879036672,89.28566249858078,149.4189802907275,6,406
iid,6.0,30,0.0,0.0,6,3000,4329,0.10837438423645322,0.14121510673234727,98.23964623323816,154.64718214163494,6,406
iid,6.0,30,0.0,0.0,6,3000,5118,0.10467980295566502,0.16317733990147862,106.52530414305107,174.7128123621107,6,406
iid,6.0,30,0.0,0.0,6,3000,6051,0.10550082101806241,0.17521893814997225,103.10304080509847,155.15168750588379,6,406
iid,6.0,30,0.0,0.0,6,3000,7154,0.10591133004926108,0.13300492610837555,104.21129094900049,151.37200259229311,6,406
iid,6.0,30,0.0,0.0,6,3000,8458,0.10509031198686371,0.1984126984126989,130.39038143082072,211.87341205007928,6,406
iid,6.0,30,0.0,0.0,6,3000,10000,0.10673234811165848,0.2583470169677045,122.01027345621766,173.5517415412153,6,406
iid,6.0,30,0.0,0.0,6,10000,1,0.1810344827586207,0.49322660098522253,0.057744167028568195,0.08010268533390291,6,406
iid,6.0,30,0.0,0.0,6,10000,2,0.17939244663382595,0.44122879036672263,0.10919524864794904,0.09354507693827764,6,406
iid,6.0,30,0.0,0.0,6,10000,3,0.17980295566502466,0.49917898193759824,0.1355198163072636,0.09285689261888513,6,406
iid,6.0,30,0.0,0.0,6,10000,4,0.17898193760262726,0.5120415982484965,0.13776890646627338,0.10565128045221768,6,406
iid,6.0,30,0.0,0.0,6,10000,5,0.1785714285714286,0.4825533661740531,0.17078487552279376,0.12632331414260456,6,406
iid,6.0,30,0.0,0.0,6,10000,6,0.17816091954022986,0.45703338806787513,0.189491112299509,0.14466743006428065,6,406
iid,6.0,30,0.0,0.0,6,10000,7,0.17816091954022986,0.45703338806787513,0.22154500716966408,0.1478178793456308,6,406
iid,6.0,30,0.0,0.0,6,10000,9,0.17816091954022986,0.45703338806787513,0.3209634319085887,0.2232352483338869,6,406
iid,6.0,30,0.0,0.0,6,10000,10,0.1777504105090312,0.439586754241926,0.4956645666104486,0.4710093884901002,6,406
iid,6.0,30,0.0,0.0,6,10000,12,0.17651888341543512,0.4250136836343752,0.5654826016351234,0.48527722079488567,6,406
iid,6.0,30,0.0,0.0,6,10000,15,0.1752873563218391,0.4445128626163074,0.6235218746106496,0.496517589507303,6,406
iid,6.0,30,0.0,0.0,6,10000,17,0.17569786535303777,0.48494800218937933,0.6060672777232866,0.5345352800051337,6,406
iid,6.0,30,0.0,0.0,6,10000,20,0.17610837438423643,0.45628078817734263,0.6858787859724417,0.5962338471343854,6,406
iid,6.0,30,0.0,0.0,6,10000,24,0.17692939244663383,0.45600711548987233,0.7956446156175919,0.6496921781914237,6,406
iid,6.0,30,0.0,0.0,6,10000,28,0.1777504105090312,0.48227969348658983,0.7411377671471748,0.6918231345914518,6,406
iid,6.0,30,0.0,0.0,6,10000,34,0.17405582922824303,0.48166392993979035,0.9818668811208736,0.815859357298237,6,406
iid,6.0,30,0.0,0.0,6,10000,40,0.17282430213464695,0.4839217296113864,1.2084997099181851,1.147520993855896,6,406
iid,6.0,30,0.0,0.0,6,10000,47,0.16871921182266006,0.5342775041050953,1.3002525632927655,1.157699982320771,6,406
iid,6.0,30,0.0,0.0,6,10000,56,0.16871921182266011,0.40784072249589215,1.4517199737273538,1.2453542632387558,6,406
iid,6.0,30,0.0,0.0,6,10000,66,0.1691297208538588,0.3519430760810066,1.7499043029719736,1.7433695395866007,6,406
iid,6.0,30,0.0,0.0,6,10000,78,0.16954022988505746,0.4420498084291195,2.4976672844298804,2.054416282013694,6,406
iid,6.0,30,0.0,0.0,6,10000,92,0.166256157635468,0.4308292282430193,2.5679408917118525,2.404530413459266,6,406
iid,6.0,30,0.0,0.0,6,10000,109,0.16954022988505746,0.4453338806787099,3.325951155299822,3.5757091095852735,6,406
iid,6.0,30,0.0,0.0,6,10000,129,0.16954022988505746,0.38868363437328907,3.338951390415913,3.496704478819266,6,406
iid,6.0,30,0.0,0.0,6,10000,152,0.16707717569786532,0.3706212370005518,3.6381127080523807,3.235661831842843,6,406
iid,6.0,30,0.0,0.0,6,10000,180,0.16789819376026274,0.41331417624520994,4.149036272063269,4.1453181788514595,6,406
iid,6.0,30,0.0,0.0,6,10000,212,0.16420361247947454,0.49726327312534263,4.868727670181495,4.577576093649483,6,406
iid,6.0,30,0.0,0.0,6,10000,251,0.1654351395730706,0.557813355227149,4.852908993288538,4.22719381936579,6,406
iid,6.0,30,0.0,0.0,6,10000,297,0.166256157635468,0.5605500821018043,5.193139900338319,4.028577157554514,6,406
iid,6.0,30,0.0,0.0,6,10000,351,0.16420361247947454,0.611384783798577,6.064962799752716,6.252687534219172,6,406
iid,6.0,30,0.0,0.0,6,10000,415,0.16297208538587848,0.3656951286261634,6.678257137312138,5.261650045021757,6,406
iid,6.0,30,0.0,0.0,6,10000,491,0.15886699507389163,0.3864942528735645,7.361535615992323,6.849686092965978,6,406
iid,6.0,30,0.0,0.0,6,10000,580,0.1605090311986864,0.378010399562121,7.144748491817105,5.3719802470159514,6,406
iid,6.0,30,0.0,0.0,6,10000,686,0.1568144499178982,0.3535851122058018,7.3416709085052405,5.667854295472089,6,406
iid,6.0,30,0.0,0.0,6,10000,811,0.1592775041050903,0.49315818281335533,7.47736584368755,5.619210745474259,6,406
iid,6.0,30,0.0,0.0,6,10000,959,0.15722495894909688,0.4165982484948003,11.424705479926446,12.379500742529926,6,406
iid,6.0,30,0.0,0.0,6,10000,1134,0.15804597701149425,0.4560071154898737,11.664553386469509,10.680870836638814,6,406
iid,6.0,30,0.0,0.0,6,10000,1341,0.15845648604269294,0.44718117131910257,13.860888079727433,13.9068234446135,6,406
iid,6.0,30,0.0,0.0,6,10000,1585,0.15188834154351397,0.48412698412698246,16.34440254276251,18.533264481490527,6,406
iid,6.0,30,0.0,0.0,6,10000,1874,0.1510673234811166,0.4529282977558836,21.265219374618507,27.574597643857423,6,406
iid,6.0,30,0.0,0.0,6,10000,2215,0.15065681444991794,0.5003420908593285,18.761219500635097,21.406455233585046,6,406
iid,6.0,30,0.0,0.0,6,10000,2619,0.15147783251231528,0.5506978653530374,17.92034871319692,17.94015603679297,6,406
iid,6.0,30,0.0,0.0,6,10000,3097,0.15270935960591134,0.6683087027914596,21.2270818989773,19.116994623404146,6,406
iid,6.0,30,0.0,0.0,6,10000,3661,0.14819376026272577,0.6448412698412718,23.581794039640783,18.965645259531247,6,406
iid,6.0,30,0.0,0.0,6,10000,4329,0.1473727422003284,0.5857279693486617,26.992338542791988,25.344468432207957,6,406
iid,6.0,30,0.0,0.0,6,10000,5118,0.14614121510673236,0.6622879036672125,28.866916175040743,28.238811176758905,6,406
iid,6.0,30,0.0,0.0,6,10000,6051,0.1412151067323481,0.3806787082649176,35.25123829389883,41.08312773126111,6,406
iid,6.0,30,0.0,0.0,6,10000,7154,0.14490968801313628,0.3755473453749332,44.54035091495413,49.727804377502586,6,406
iid,6.0,30,0.0,0.0,6,10000,8458,0.14080459770114942,0.43958675424192745,51.48664533929841,59.335436637044786,6,406
iid,6.0,30,0.0,0.0,6,10000,10000,0.13423645320197045,0.33230706075533717,68.98091421550812,81.32995387874944,6,406
iid,6.0,30,0.0,0.0,7,0,1,0.006568144499178982,0.014504652435686922,5.107590733299908,1.5554267911242348,6,406
iid,6.0,30,0.0,0.0,7,0,2,0.006568144499178982,0.01943076081007115,12.327830159928334,7.134235655072225,6,406
iid,6.0,30,0.0,0.0,7,0,3,0.006157635467980295,0.02114121510673235,19.66330681281599,7.981481350151008,6,406
iid,6.0,30,0.0,0.0,7,0,4,0.006157635467980295,0.016215106732348113,29.204082655192934,13.269160888863565,6,406
iid,6.0,30,0.0,0.0,7,0,5,0.006157635467980295,0.016215106732348113,36.92974459563447,16.32504948551611,6,406
iid,6.0,30,0.0,0.0,7,0,6,0.0049261083743842365,0.01559934318555008,42.21372396819067,15.965614677813283,6,406
iid,6.0,30,0.0,0.0,7,0,7,0.005747126436781609,0.013683634373289542,56.12145563469499,23.161087813372752,6,406
iid,6.0,30,0.0,0.0,7,0,9,0.006978653530377669,0.014299397920087572,82.714430656613,40.75875021817987,6,406
iid,6.0,30,0.0,0.0,7,0,10,0.005336617405582923,0.014299397920087576,93.81213061975599,37.88780712908259,6,406
iid,6.0,30,0.0,0.0,7,0,12,0.005747126436781609,0.013683634373289542,120.69650897558743,47.49189840758132,6,406
iid,6.0,30,0.0,0.0,7,0,15,0.005336617405582923,0.00691023535851122,159.85060381975146,55.724983963367556,6,406
iid,6.0,30,0.0,0.0,7,0,17,0.0049261083743842365,0.010673234811165845,193.46272650971784,70.1042466933827,6,406
iid,6.0,30,0.0,0.0,7,0,20,0.005747126436781609,0.007936507936507938,248.6824506603516,86.90282679999902,6,406
iid,6.0,30,0.0,0.0,7,0,24,0.004515599343185551,0.0069102353585112205,305.15654862779746,99.98690223060522,6,406
iid,6.0,30,0.0,0.0,7,0,28,0.005336617405582923,0.00937328954570334,380.1663112485069,119.90377610417674,6,406
iid,6.0,30,0.0,0.0,7,0,34,0.004515599343185551,0.01019430760810071,468.4806042008142,144.71101863428308,6,406
iid,6.0,30,0.0,0.0,7,0,40,0.0036945812807881776,0.008825944170771757,579.0810312141431,192.33625069995304,6,406
iid,6.0,30,0.0,0.0,7,0,47,0.004105090311986864,0.010399562123700056,687.157169610493,223.69233464219545,6,406
iid,6.0,30,0.0,0.0,7,0,56,0.003284072249589491,0.005473453749315818,896.7843905359492,322.71335667668137,6,406
iid,6.0,30,0.0,0.0,7,0,66,0.0028735632183908046,0.0028051450465243566,1028.7095179432056,385.88684946090444,6,406
iid,6.0,30,0.0,0.0,7,0,78,0.0028735632183908046,0.005268199233716476,1207.2161557153668,511.115096890417,6,406
iid,6.0,30,0.0,0.0,7,0,92,0.003284072249589491,0.0046524356869184465,1346.7349960854997,561.7920134385794,6,406
iid,6.0,30,0.0,0.0,7,0,109,0.003284072249589491,0.0030103995621237004,1556.5017996825884,732.1901598280831,6,406
iid,6.0,30,0.0,0.0,7,0,129,0.003284072249589491,0.0021893814997263287,1662.636277786948,739.3453402801157,6,406
iid,6.0,30,0.0,0.0,7,0,152,0.0036945812807881776,0.0022577996715927736,1779.4900741069805,818.342408969338,6,406
iid,6.0,30,0.0,0.0,7,0,180,0.0036945812807881776,0.0022577996715927736,1962.3827536322085,846.1494496249596,6,406
iid,6.0,30,0.0,0.0,7,0,212,0.0036945812807881776,0.0022577996715927736,2087.954842892363,916.0962464696937,6,406
iid,6.0,30,0.0,0.0,7,0,251,0.0036945812807881776,0.0038998357963875197,2175.7954363269278,1005.8901581732291,6,406
iid,6.0,30,0.0,0.0,7,0,297,0.004105090311986863,0.00547345374931582,2327.092933652306,1166.7306940180133,6,406
iid,6.0,30,0.0,0.0,7,0,351,0.004105090311986863,0.00547345374931582,2390.835632960662,1135.656065169472,6,406
iid,6.0,30,0.0,0.0,7,0,415,0.0036945812807881776,0.005541871921182265,2542.3603884578747,1200.313758957127,6,406
iid,6.0,30,0.0,0.0,7,0,491,0.004105090311986863,0.00547345374931582,2750.625691368146,1360.1631811616448,6,406
iid,6.0,30,0.0,0.0,7,0,580,0.004105090311986863,0.00547345374931582,2907.2534572040313,1462.0975490166654,6,406
iid,6.0,30,0.0,0.0,7,0,686,0.0036945812807881776,0.0038998357963875197,3006.388954752307,1470.4355045679429,6,406
iid,6.0,30,0.0,0.0,7,0,811,0.0036945812807881776,0.0055418719211822644,3060.2043761097084,1483.1723989416887,6,406
iid,6.0,30,0.0,0.0,7,0,959,0.0036945812807881776,0.0055418719211822644,3132.412467398557,1557.0431990923516,6,406
iid,6.0,30,0.0,0.0,7,0,1134,0.004515599343185549,0.004447181171319107,3159.6598702202696,1531.9899353966323,6,406
iid,6.0,30,0.0,0.0,7,0,1341,0.004105090311986863,0.004652435686918447,3217.1355352661462,1589.2758232378362,6,406
iid,6.0,30,0.0,0.0,7,0,1585,0.004105090311986863,0.004652435686918447,3266.9176145813326,1605.4325699767853,6,406
iid,6.0,30,0.0,0.0,7,0,1874,0.0036945812807881776,0.0038998357963875197,3271.576143168811,1645.1960754949246,6,406
iid,6.0,30,0.0,0.0,7,0,2215,0.004105090311986863,0.004652435686918447,3319.6291128462926,1651.704459377687,6,406
iid,6.0,30,0.0,0.0,7,0,2619,0.004105090311986863,0.004652435686918447,3353.89682035401,1625.6893887328076,6,406
iid,6.0,30,0.0,0.0,7,0,3097,0.0036945812807881776,0.0038998357963875197,3351.700106686048,1660.5725302900994,6,406
iid,6.0,30,0.0,0.0,7,0,3661,0.004105090311986863,0.0038314176245210726,3355.454349312376,1635.6136926977968,6,406
iid,6.0,30,0.0,0.0,7,0,4329,0.0032840722495894904,0.0030103995621237013,3412.0562774173304,1633.4937937830919,6,406
iid,6.0,30,0.0,0.0,7,0,5118,0.0020525451559934315,0.0028051450465243566,3432.6989330688752,1628.0381803085693,6,406
iid,6.0,30,0.0,0.0,7,0,6051,0.0024630541871921183,0.002463054187192118,3468.726286279463,1625.2024821889581,6,406
iid,6.0,30,0.0,0.0,7,0,7154,0.0028735632183908046,0.0028051450465243566,3515.5894686893225,1612.43553008994,6,406
iid,6.0,30,0.0,0.0,7,0,8458,0.0028735632183908046,0.0028051450465243566,3585.1361758056573,1602.4346356806598,6,406
iid,6.0,30,0.0,0.0,7,0,10000,0.002052545155993432,0.005268199233716475,3615.0141547877006,1571.9296575611443,6,406
iid,6.0,30,0.0,0.0,7,1000,1,0.14737274220032842,0.18260810071154782,0.02997843998477528,0.021102713130171567,6,406
iid,6.0,30,0.0,0.0,7,1000,2,0.14614121510673236,0.21975916803502799,0.15478276982391795,0.17996921701951216,6,406
iid,6.0,30,0.0,0.0,7,1000,3,0.14490968801313628,0.21791187739463533,0.21913780363249658,0.17449756759057528,6,406
iid,6.0,30,0.0,0.0,7,1000,4,0.14326765188834156,0.2425424192665562,0.3753606959496895,0.3823657830097961,6,406
iid,6.0,30,0.0,0.0,7,1000,5,0.14244663382594416,0.2622468527640957,0.5203752212612792,0.5045288820658953,6,406
iid,6.0,30,0.0,0.0,7,1000,6,0.1416256157635468,0.2452791461412158,0.5317280225611221,0.4789034917549054,6,406
iid,6.0,30,0.0,0.0,7,1000,7,0.14285714285714285,0.22331691297208447,0.544305179732571,0.45996723276039175,6,406
iid,6.0,30,0.0,0.0,7,1000,9,0.1416256157635468,0.253489326765189,0.7706112162509834,0.6610872909681421,6,406
iid,6.0,30,0.0,0.0,7,1000,10,0.14039408866995076,0.23152709359605622,0.8719485808110888,0.8783173377777768,6,406
iid,6.0,30,0.0,0.0,7,1000,12,0.13916256157635468,0.2428160919540237,1.1623181779569796,1.3797175948772964,6,406
iid,6.0,30,0.0,0.0,7,1000,15,0.13752052545155993,0.23022714833059577,1.317793012410141,1.17276426498117,6,406
iid,6.0,30,0.0,0.0,7,1000,17,0.1383415435139573,0.27292008757525954,1.389157802856272,1.317550693448094,6,406
iid,6.0,30,0.0,0.0,7,1000,20,0.13711001642036125,0.22468527640941358,1.5381937871163098,1.53280736170899,6,406
iid,6.0,30,0.0,0.0,7,1000,24,0.1358784893267652,0.2515736179529291,1.903841971202931,1.942754828477242,6,406
iid,6.0,30,0.0,0.0,7,1000,28,0.13505747126436782,0.27374110563765786,1.9423841930818562,2.0112202316204804,6,406
iid,6.0,30,0.0,0.0,7,1000,34,0.13505747126436782,0.24007936507936553,3.4954583200250062,4.47877510403522,6,406
iid,6.0,30,0.0,0.0,7,1000,40,0.1362889983579639,0.24438970990694744,3.066081707066538,4.020134203460819,6,406
iid,6.0,30,0.0,0.0,7,1000,47,0.13669950738916256,0.2461001642036141,3.1434980592326123,3.87066212035111,6,406
iid,6.0,30,0.0,0.0,7,1000,56,0.13423645320197045,0.23871100164203501,3.386891422750644,3.845484463695617,6,406
iid,6.0,30,0.0,0.0,7,1000,66,0.1330049261083744,0.23234811165845592,4.285951062348168,4.831473757117452,6,406
iid,6.0,30,0.0,0.0,7,1000,78,0.1288998357963875,0.25259989053092763,4.456970418726656,4.617078902332533,6,406
iid,6.0,30,0.0,0.0,7,1000,92,0.13341543513957307,0.21791187739463674,5.581275834580315,5.9653717973319935,6,406
iid,6.0,30,0.0,0.0,7,1000,109,0.1301313628899836,0.19656540777230486,6.081154135118055,5.649355055257714,6,406
iid,6.0,30,0.0,0.0,7,1000,129,0.1297208538587849,0.20333880678708166,7.3037719248223185,9.384683031385332,6,406
iid,6.0,30,0.0,0.0,7,1000,152,0.12315270935960593,0.18637110016420386,11.102877109265455,15.589019503857516,6,406
iid,6.0,30,0.0,0.0,7,1000,180,0.12561576354679801,0.1617405582922837,12.66897541934089,19.196470506528442,6,406
iid,6.0,30,0.0,0.0,7,1000,212,0.12438423645320197,0.2042282430213472,14.27532795088397,20.422973476957477,6,406
iid,6.0,30,0.0,0.0,7,1000,251,0.11945812807881773,0.2255747126436784,15.494781253497566,23.339148421340276,6,406
iid,6.0,30,0.0,0.0,7,1000,297,0.12110016420361248,0.20149151614668903,16.687303160022044,25.589101740560242,6,406
iid,6.0,30,0.0,0.0,7,1000,351,0.11863711001642037,0.18096606458675332,16.94495911333959,23.584895644954457,6,406
iid,6.0,30,0.0,0.0,7,1000,415,0.11576354679802954,0.13054187192118416,16.487854664882715,19.570909868436523,6,406
iid,6.0,30,0.0,0.0,7,1000,491,0.11781609195402298,0.15797755883962833,20.135139200180443,25.182689641517566,6,406
iid,6.0,30,0.0,0.0,7,1000,580,0.1145320197044335,0.11720032840722584,21.70714838592284,29.941771671430608,6,406
iid,6.0,30,0.0,0.0,7,1000,686,0.11699507389162563,0.12212643678160791,27.12494412070482,37.59859334082076,6,406
iid,6.0,30,0.0,0.0,7,1000,811,0.1141215106732348,0.13601532567049912,21.826268245987123,29.22811755134144,6,406
iid,6.0,30,0.0,0.0,7,1000,959,0.10919540229885057,0.19020251778872646,27.504957253019978,38.84841317350133,6,406
iid,6.0,30,0.0,0.0,7,1000,1134,0.10714285714285714,0.1845238095238105,31.148373055413078,41.026152713383574,6,406
iid,6.0,30,0.0,0.0,7,1000,1341,0.10344827586206896,0.21756978653530412,35.217334834239736,44.04041013840113,6,406
iid,6.0,30,0.0,0.0,7,1000,1585,0.10837438423645322,0.14696223316912835,35.769844936111916,44.22734391637128,6,406
iid,6.0,30,0.0,0.0,7,1000,1874,0.10755336617405585,0.15325670498084162,38.961802853518584,54.48855471565846,6,406
iid,6.0,30,0.0,0.0,7,1000,2215,0.10303776683087028,0.18178708264915233,41.4086295771459,56.75009943098006,6,406
iid,6.0,30,0.0,0.0,7,1000,2619,0.09934318555008209,0.1984126984126989,43.85938247118875,55.460241133509385,6,406
iid,6.0,30,0.0,0.0,7,1000,3097,0.09729064039408868,0.17795566502462973,49.86863296584219,63.97334919453831,6,406
iid,6.0,30,0.0,0.0,7,1000,3661,0.09359605911330049,0.1206896551724137,56.00424834512188,69.5053684197961,6,406
iid,6.0,30,0.0,0.0,7,1000,4329,0.09236453201970445,0.15414614121510575,60.63586318756597,80.49861844911186,6,406
iid,6.0,30,0.0,0.0,7,1000,5118,0.09277504105090312,0.13191023535851115,64.40420485863315,82.87675759189521,6,406
iid,6.0,30,0.0,0.0,7,1000,6051,0.09236453201970445,0.15578817733990025,72.49424471357484,80.86598209457215,6,406
iid,6.0,30,0.0,0.0,7,1000,7154,0.09154351395730705,0.10379036672140311,79.49507642722793,88.53093088303763,6,406
iid,6.0,30,0.0,0.0,7,1000,8458,0.08538587848932677,0.07854406130268105,93.1375285017384,103.24116613906973,6,406
iid,6.0,30,0.0,0.0,7,1000,10000,0.08497536945812807,0.15332512315270921,98.27612922386118,109.5713650991088,6,406
iid,6.0,30,0.0,0.0,7,3000,1,0.17487684729064037,0.17159277504105486,0.05202962819115741,0.08570884399544863,6,406
iid,6.0,30,0.0,0.0,7,3000,2,0.17323481116584563,0.18117131910235712,0.0808010300379456,0.0902783907463241,6,406
iid,6.0,30,0.0,0.0,7,3000,3,0.1711822660098522,0.1697454844006594,0.1094877971272517,0.13410396914088749,6,406
iid,6.0,30,0.0,0.0,7,3000,4,0.1691297208538588,0.14504652435686705,0.20105090728255884,0.16983850475433862,6,406
iid,6.0,30,0.0,0.0,7,3000,5,0.16954022988505746,0.16208264915161563,0.2261394688146666,0.19395156701355504,6,406
iid,6.0,30,0.0,0.0,7,3000,6,0.16789819376026272,0.15387246852764247,0.25455226791259644,0.19054353265255325,6,406
iid,6.0,30,0.0,0.0,7,3000,7,0.166256157635468,0.15004105090311706,0.31808641416516575,0.22634278652786652,6,406
iid,6.0,30,0.0,0.0,7,3000,9,0.16584564860426929,0.1655719759168049,0.3619267376695088,0.23756163409320435,6,406
iid,6.0,30,0.0,0.0,7,3000,10,0.16461412151067326,0.18589217296113536,0.47002319365395806,0.302850117580631,6,406
iid,6.0,30,0.0,0.0,7,3000,12,0.16379310344827588,0.16892446633825545,0.5370538128959886,0.3423116862275861,6,406
iid,6.0,30,0.0,0.0,7,3000,15,0.16297208538587848,0.1473043240284617,0.6165302499342115,0.36107734169835165,6,406
iid,6.0,30,0.0,0.0,7,3000,17,0.16461412151067326,0.14730432402845886,0.7064835689384888,0.5163782969519718,6,406
iid,6.0,30,0.0,0.0,7,3000,20,0.16338259441707717,0.1819923371647512,0.869978920548767,0.6794348821556448,6,406
iid,6.0,30,0.0,0.0,7,3000,24,0.16174055829228243,0.19020251778872435,0.9340341025613874,0.7404869127669084,6,406
iid,6.0,30,0.0,0.0,7,3000,28,0.1592775041050903,0.19923371647509722,1.0735625393962913,0.7895564641066857,6,406
iid,6.0,30,0.0,0.0,7,3000,34,0.1629720853858785,0.19163929939791785,1.2892243133329109,1.1562453565463024,6,406
iid,6.0,30,0.0,0.0,7,3000,40,0.16091954022988506,0.205801860974278,1.5962032829048869,1.503904230098655,6,406
iid,6.0,30,0.0,0.0,7,3000,47,0.1592775041050903,0.23371647509578503,1.6924418998370605,1.6852734493682962,6,406
iid,6.0,30,0.0,0.0,7,3000,56,0.15763546798029557,0.22824302134646723,1.7859092438508908,1.6888825334966036,6,406
iid,6.0,30,0.0,0.0,7,3000,66,0.16009852216748768,0.2011494252873571,1.9542007948231488,1.7362305263216642,6,406
iid,6.0,30,0.0,0.0,7,3000,78,0.15722495894909685,0.22119594964422853,1.993428168005645,1.7927707458053053,6,406
iid,6.0,30,0.0,0.0,7,3000,92,0.1539408866995074,0.2042282430213458,2.533675075751869,1.9567495203170475,6,406
iid,6.0,30,0.0,0.0,7,3000,109,0.15024630541871922,0.15106732348111562,2.8795650257990335,2.6559235721772154,6,406
iid,6.0,30,0.0,0.0,7,3000,129,0.15147783251231528,0.15496715927750265,2.6649107324238472,2.2546347563379316,6,406
iid,6.0,30,0.0,0.0,7,3000,152,0.15270935960591134,0.13054187192117922,2.9013688724626605,2.260760141223793,6,406
iid,6.0,30,0.0,0.0,7,3000,180,0.15147783251231525,0.10242200328407192,2.9724206745829096,2.2942243084395813,6,406
iid,6.0,30,0.0,0.0,7,3000,212,0.15147783251231528,0.2206486042692935,4.405990687626601,3.8074699400914813,6,406
iid,6.0,30,0.0,0.0,7,3000,251,0.1473727422003284,0.22365900383142062,4.970383606584726,4.557563975835288,6,406
iid,6.0,30,0.0,0.0,7,3000,297,0.1420361247947455,0.23207443897098842,6.6056963502729005,5.760574651925961,6,406
iid,6.0,30,0.0,0.0,7,3000,351,0.14244663382594416,0.21462780514504493,8.672072994483257,6.881890713458813,6,406
iid,6.0,30,0.0,0.0,7,3000,415,0.14326765188834154,0.209701696770665,9.700661283712597,7.768741896395424,6,406
iid,6.0,30,0.0,0.0,7,3000,491,0.1366995073891626,0.21243842364531895,10.99233568016353,9.141035912314212,6,406
iid,6.0,30,0.0,0.0,7,3000,580,0.13382594417077176,0.22714833059660705,10.253504724869588,9.75167154198341,6,406
iid,6.0,30,0.0,0.0,7,3000,686,0.1358784893267652,0.1875342090859348,11.704331595357296,10.188372042023959,6,406
iid,6.0,30,0.0,0.0,7,3000,811,0.13218390804597702,0.18035030103995742,11.15935837672279,8.197169359364743,6,406
iid,6.0,30,0.0,0.0,7,3000,959,0.1330049261083744,0.1379310344827569,12.615329912291749,10.47325933275794,6,406
iid,6.0,30,0.0,0.0,7,3000,1134,0.12848932676518884,0.10953749315818206,13.834826705317374,10.584360209811246,6,406
iid,6.0,30,0.0,0.0,7,3000,1341,0.12561576354679801,0.17816091954023142,13.147347778270143,9.538925756016205,6,406
iid,6.0,30,0.0,0.0,7,3000,1585,0.12479474548440066,0.18691844553913536,18.101015029265067,16.984270287048506,6,406
iid,6.0,30,0.0,0.0,7,3000,1874,0.12520525451559936,0.2072386425834687,18.486259139976514,17.551465820875432,6,406
iid,6.0,30,0.0,0.0,7,3000,2215,0.12315270935960591,0.1617405582922816,20.761912810622658,19.919586602272815,6,406
iid,6.0,30,0.0,0.0,7,3000,2619,0.12110016420361247,0.23843732895457173,20.999591807757966,19.968323908961768,6,406
iid,6.0,30,0.0,0.0,7,3000,3097,0.12233169129720851,0.17460317460317776,20.619730296053927,19.378502701650998,6,406
iid,6.0,30,0.0,0.0,7,3000,3661,0.1293103448275862,0.19766009852216926,22.874365633600103,17.49615389102846,6,406
iid,6.0,30,0.0,0.0,7,3000,4329,0.11740558292282431,0.16639299397919965,26.74690702200476,23.581095575446007,6,406
iid,6.0,30,0.0,0.0,7,3000,5118,0.11453201970443348,0.13854679802955985,33.28356529266531,29.67014263718958,6,406
iid,6.0,30,0.0,0.0,7,3000,6051,0.11124794745484401,0.14648330596606549,40.1060487808448,34.785827018531165,6,406
iid,6.0,30,0.0,0.0,7,3000,7154,0.11083743842364531,0.12561576354679926,43.70851804396697,39.68691258955204,6,406
iid,6.0,30,0.0,0.0,7,3000,8458,0.11083743842364531,0.12315270935960719,47.5775657596289,43.824275099088226,6,406
iid,6.0,30,0.0,0.0,7,3000,10000,0.11042692939244664,0.06848659003831419,54.56280876038863,51.450377202070236,6,406
iid,6.0,30,0.0,0.0,7,10000,1,0.18842364532019706,0.18780788177339808,0.05557756293474642,0.04895435987520675,6,406
iid,6.0,30,0.0,0.0,7,10000,2,0.18842364532019706,0.18780788177339808,0.07117201714127613,0.056964482384165044,6,406
iid,6.0,30,0.0,0.0,7,10000,3,0.18801313628899838,0.20169677066228509,0.07443439103843691,0.06845122026080412,6,406
iid,6.0,30,0.0,0.0,7,10000,4,0.18760262725779966,0.21626984126984436,0.09222950160169711,0.0647172794998359,6,406
iid,6.0,30,0.0,0.0,7,10000,5,0.18719211822660098,0.21674876847290653,0.09010589946111318,0.050859319154599215,6,406
iid,6.0,30,0.0,0.0,7,10000,6,0.1867816091954023,0.19574438970990654,0.09711821967178036,0.05376511786622551,6,406
iid,6.0,30,0.0,0.0,7,10000,7,0.18637110016420358,0.20990695128626807,0.11508317293336971,0.06808222639476329,6,406
iid,6.0,30,0.0,0.0,7,10000,9,0.18637110016420358,0.20990695128626807,0.1351935257988545,0.0803405041256671,6,406
iid,6.0,30,0.0,0.0,7,10000,10,0.18637110016420358,0.20990695128626807,0.15299660896175762,0.11105984199841153,6,406
iid,6.0,30,0.0,0.0,7,10000,12,0.1830870279146141,0.17542419266557605,0.1795401959314583,0.10463536326709616,6,406
iid,6.0,30,0.0,0.0,7,10000,15,0.1814449917898194,0.15900383141762128,0.21040038352387855,0.09029488995101832,6,406
iid,6.0,30,0.0,0.0,7,10000,17,0.18144499178981935,0.14422550629447722,0.23666122425019356,0.14149196108353718,6,406
iid,6.0,30,0.0,0.0,7,10000,20,0.17939244663382592,0.15058839627805348,0.19590705823946275,0.04963820380518894,6,406
iid,6.0,30,0.0,0.0,7,10000,24,0.17980295566502466,0.13054187192117783,0.2552024139033346,0.11470199708132123,6,406
iid,6.0,30,0.0,0.0,7,10000,28,0.17939244663382592,0.1284209085933247,0.24532783098325348,0.07092827043434861,6,406
iid,6.0,30,0.0,0.0,7,10000,34,0.17405582922824303,0.14833059660646025,0.43184457487612793,0.30674706591554207,6,406
iid,6.0,30,0.0,0.0,7,10000,40,0.17364532019704434,0.14593596059113118,0.44768809411555033,0.19355716254824976,6,406
iid,6.0,30,0.0,0.0,7,10000,47,0.1724137931034483,0.14203612479474417,0.4709698834828224,0.20234175280631847,6,406
iid,6.0,30,0.0,0.0,7,10000,56,0.17487684729064043,0.14203612479474137,0.5108151341905269,0.2846757332251987,6,406
iid,6.0,30,0.0,0.0,7,10000,66,0.17282430213464695,0.1267788724685295,0.567799317130561,0.20032030206034132,6,406
iid,6.0,30,0.0,0.0,7,10000,78,0.17282430213464695,0.13745210727969476,0.7000074313674977,0.3759099875011377,6,406
iid,6.0,30,0.0,0.0,7,10000,92,0.1724137931034483,0.14449917898193626,0.9788163061333744,0.8736153168070009,6,406
iid,6.0,30,0.0,0.0,7,10000,109,0.16871921182266011,0.1254105090311962,1.1202607942443543,1.0612200751756697,6,406
iid,6.0,30,0.0,0.0,7,10000,129,0.16995073891625614,0.13300492610837555,1.2842373487536864,1.297537119092334,6,406
iid,6.0,30,0.0,0.0,7,10000,152,0.16707717569786537,0.1448412698412682,1.2965507281078446,1.2707729358661817,6,406
iid,6.0,30,0.0,0.0,7,10000,180,0.16543513957307063,0.11692665571975693,1.3612588007176172,1.2280885699937891,6,406
iid,6.0,30,0.0,0.0,7,10000,212,0.1629720853858785,0.13006294471811425,1.73246654430114,1.6601101398537124,6,406
iid,6.0,30,0.0,0.0,7,10000,251,0.16338259441707717,0.14422550629447298,1.7879457706910824,1.7569498159613148,6,406
iid,6.0,30,0.0,0.0,7,10000,297,0.1654351395730706,0.1407361795292823,2.069429082379751,2.1629288343145405,6,406
iid,6.0,30,0.0,0.0,7,10000,351,0.16420361247947454,0.12944718117132045,1.9438278094230022,1.7089389253023368,6,406
iid,6.0,30,0.0,0.0,7,10000,415,0.1625615763546798,0.10755336617405355,1.9387367797073276,1.4398156719964694,6,406
iid,6.0,30,0.0,0.0,7,10000,491,0.1625615763546798,0.07635467980295613,1.981340258187677,1.2023943860734374,6,406
iid,6.0,30,0.0,0.0,7,10000,580,0.16009852216748768,0.07224958949097024,2.3078823159608244,1.4884739967929022,6,406
iid,6.0,30,0.0,0.0,7,10000,686,0.1568144499178982,0.09496442255063123,2.0542288827042596,1.1976884111704995,6,406
iid,6.0,30,0.0,0.0,7,10000,811,0.15886699507389163,0.1254105090311976,2.2707785516115595,1.845980847539989,6,406
iid,6.0,30,0.0,0.0,7,10000,959,0.15845648604269294,0.2008757525998896,2.6621292624559953,2.379866789523771,6,406
iid,6.0,30,0.0,0.0,7,10000,1134,0.16133004926108374,0.15168308702791647,2.5258627740203523,1.9833798959483309,6,406
iid,6.0,30,0.0,0.0,7,10000,1341,0.1555829228243021,0.1284209085933261,2.9744264896142454,1.920099464723604,6,406
iid,6.0,30,0.0,0.0,7,10000,1585,0.15229885057471265,0.07505473453749284,4.033215267405931,2.7627491685761782,6,406
iid,6.0,30,0.0,0.0,7,10000,1874,0.15024630541871922,0.08620689655172448,3.3918392742713337,1.7761886642079765,6,406
iid,6.0,30,0.0,0.0,7,10000,2215,0.14901477832512314,0.12787356321839108,5.3665900396507205,5.647486796826908,6,406
iid,6.0,30,0.0,0.0,7,10000,2619,0.1510673234811166,0.06622879036672026,5.937144516116433,5.693204189092295,6,406
iid,6.0,30,0.0,0.0,7,10000,3097,0.1506568144499179,0.12185276409414392,7.638729760805785,9.626782325103376,6,406
iid,6.0,30,0.0,0.0,7,10000,3661,0.14573070607553368,0.13334701696770465,8.229300827091649,10.390218863291606,6,406
iid,6.0,30,0.0,0.0,7,10000,4329,0.15147783251231528,0.15825123152709444,7.630992342795302,9.030666822151538,6,406
iid,6.0,30,0.0,0.0,7,10000,5118,0.1416256157635468,0.10734811165845749,11.361633463930417,15.389336484972718,6,406
iid,6.0,30,0.0,0.0,7,10000,6051,0.13752052545155993,0.07259168035030075,11.982538930489484,15.181743564941545,6,406
iid,6.0,30,0.0,0.0,7,10000,7154,0.13752052545155993,0.09558018609742644,11.446200436085322,13.652342145696903,6,406
iid,6.0,30,0.0,0.0,7,10000,8458,0.13669950738916256,0.09092775041050977,13.108947049929,15.712734547899668,6,406
iid,6.0,30,0.0,0.0,7,10000,10000,0.13628899835796385,0.10974274767378517,12.035846625446624,12.691681626414299,6,406
iid,6.0,30,0.0,0.0,8,0,1,0.004515599343185551,0.0019841269841269823,6.017150464366928,3.0947476114060994,6,406
iid,6.0,30,0.0,0.0,8,0,2,0.004105090311986863,0.0021893814997263283,10.073800638247699,4.186961102159528,6,406
iid,6.0,30,0.0,0.0,8,0,3,0.0036945812807881776,0.0022577996715927736,16.888991186695655,5.698492058482399,6,406
iid,6.0,30,0.0,0.0,8,0,4,0.003284072249589491,0.001368363437328955,26.125422284377265,6.514328857662976,6,406
iid,6.0,30,0.0,0.0,8,0,5,0.003284072249589491,0.0021893814997263287,36.23866929122284,8.378684186984705,6,406
iid,6.0,30,0.0,0.0,8,0,6,0.003284072249589491,0.0030103995621237004,43.939015338297764,12.586306078849699,6,406
iid,6.0,30,0.0,0.0,8,0,7,0.0028735632183908046,0.0011631089217296114,57.54631916797482,11.438957757636665,6,406
iid,6.0,30,0.0,0.0,8,0,9,0.0028735632183908046,0.0011631089217296114,86.80991066273215,16.900514557203703,6,406
iid,6.0,30,0.0,0.0,8,0,10,0.0024630541871921183,0.000821018062397373,94.8302774266491,21.380658477657903,6,406
iid,6.0,30,0.0,0.0,8,0,12,0.0016420361247947454,0.0013683634373289546,117.00200377815774,25.66694358394163,6,406
iid,6.0,30,0.0,0.0,8,0,15,0.002052545155993432,0.0011631089217296114,146.88756752013106,29.305430113018314,6,406
iid,6.0,30,0.0,0.0,8,0,17,0.002052545155993432,0.0011631089217296114,170.8356183370731,32.30572144227485,6,406
iid,6.0,30,0.0,0.0,8,0,20,0.0016420361247947454,0.0005473453749315822,223.47051914988515,46.123435189627585,6,406
iid,6.0,30,0.0,0.0,8,0,24,0.0024630541871921183,0.000821018062397373,309.53813820730426,81.09539378847074,6,406
iid,6.0,30,0.0,0.0,8,0,28,0.0024630541871921183,0.000821018062397373,397.90144973869747,112.97033188542814,6,406
iid,6.0,30,0.0,0.0,8,0,34,0.0016420361247947454,0.0030103995621236996,533.737922534321,157.84785740573014,6,406
iid,6.0,30,0.0,0.0,8,0,40,0.002052545155993432,0.002805145046524356,687.8933099207634,223.37199026130227,6,406
iid,6.0,30,0.0,0.0,8,0,47,0.0012315270935960591,0.0014367816091954023,843.1163007451618,290.2034647637548,6,406
iid,6.0,30,0.0,0.0,8,0,56,0.0012315270935960591,0.0006157635467980298,949.7347008732175,333.19626301582406,6,406
iid,6.0,30,0.0,0.0,8,0,66,0.0012315270935960591,0.0006157635467980298,1065.4707979569857,388.0705636513435,6,406
iid,6.0,30,0.0,0.0,8,0,78,0.0016420361247947454,0.0013683634373289552,1265.7266944658222,453.85905140854584,6,406
iid,6.0,30,0.0,0.0,8,0,92,0.0016420361247947454,0.0005473453749315822,1452.3003557961329,497.96649397649855,6,406
iid,6.0,30,0.0,0.0,8,0,109,0.0008210180623973727,0.0005473453749315821,1604.5638608935944,594.5189687144072,6,406
iid,6.0,30,0.0,0.0,8,0,129,0.0008210180623973727,0.0005473453749315821,1774.345246646825,787.746854988705,6,406
iid,6.0,30,0.0,0.0,8,0,152,0.0008210180623973727,0.0005473453749315821,1913.5780231382848,886.503999306502,6,406
iid,6.0,30,0.0,0.0,8,0,180,0.0008210180623973727,0.0005473453749315821,2026.271910653224,889.3743046405373,6,406
iid,6.0,30,0.0,0.0,8,0,212,0.0008210180623973727,0.0005473453749315821,2138.9239335889247,932.480496375802,6,406
iid,6.0,30,0.0,0.0,8,0,251,0.0008210180623973727,0.0005473453749315821,2264.8254630563906,1081.4019294895384,6,406
iid,6.0,30,0.0,0.0,8,0,297,0.0008210180623973727,0.0005473453749315821,2380.3715145988795,1065.4886307853328,6,406
iid,6.0,30,0.0,0.0,8,0,351,0.0008210180623973727,0.0005473453749315821,2414.914896807442,1015.1987224920283,6,406
iid,6.0,30,0.0,0.0,8,0,415,0.0008210180623973727,0.0005473453749315821,2552.8677238470605,1016.9832059703439,6,406
iid,6.0,30,0.0,0.0,8,0,491,0.0016420361247947454,0.0013683634373289546,2652.606011299827,1093.2459315428864,6,406
iid,6.0,30,0.0,0.0,8,0,580,0.0016420361247947454,0.0013683634373289546,2744.769983934985,1140.9528802754653,6,406
iid,6.0,30,0.0,0.0,8,0,686,0.0012315270935960591,0.0006157635467980298,2944.1462450187933,1184.0781971747283,6,406
iid,6.0,30,0.0,0.0,8,0,811,0.0012315270935960591,0.0006157635467980298,3023.694253354785,1240.4795143248798,6,406
iid,6.0,30,0.0,0.0,8,0,959,0.0016420361247947454,0.0013683634373289546,3077.002810382282,1255.6450143538036,6,406
iid,6.0,30,0.0,0.0,8,0,1134,0.0016420361247947454,0.0005473453749315822,3120.5313768363235,1234.2237188234817,6,406
iid,6.0,30,0.0,0.0,8,0,1341,0.0012315270935960591,0.0006157635467980298,3194.2119912119,1225.897018710142,6,406
iid,6.0,30,0.0,0.0,8,0,1585,0.002052545155993432,0.0011631089217296114,3273.1602143976756,1208.6865447611788,6,406
iid,6.0,30,0.0,0.0,8,0,1874,0.0008210180623973727,0.0005473453749315821,3269.3527747780463,1128.8150627137104,6,406
iid,6.0,30,0.0,0.0,8,0,2215,0.0012315270935960591,0.0006157635467980298,3292.250265048329,1114.003606678498,6,406
iid,6.0,30,0.0,0.0,8,0,2619,0.0008210180623973727,0.0005473453749315821,3394.055853484015,1093.3376436846122,6,406
iid,6.0,30,0.0,0.0,8,0,3097,0.0016420361247947454,0.0013683634373289546,3435.903042972885,1083.7670199150066,6,406
iid,6.0,30,0.0,0.0,8,0,3661,0.0024630541871921183,0.0016420361247947454,3625.1968868973922,1125.3886581032284,6,406
iid,6.0,30,0.0,0.0,8,0,4329,0.0020525451559934315,0.0019841269841269845,3670.325761933343,1087.1020648988329,6,406
iid,6.0,30,0.0,0.0,8,0,5118,0.002052545155993432,0.0011631089217296112,3739.0484837805684,1048.9109757800063,6,406
iid,6.0,30,0.0,0.0,8,0,6051,0.0016420361247947454,0.0013683634373289546,3740.9261595222947,1107.8600341826416,6,406
iid,6.0,30,0.0,0.0,8,0,7154,0.002052545155993432,0.0011631089217296112,3747.4251430795252,977.7413661949532,6,406
iid,6.0,30,0.0,0.0,8,0,8458,0.0024630541871921183,0.0008210180623973724,3803.3480691945333,1094.129368049766,6,406
iid,6.0,30,0.0,0.0,8,0,10000,0.002052545155993432,0.001984126984126984,3822.039166294564,1082.9936767747042,6,406
iid,6.0,30,0.0,0.0,8,1000,1,0.11206896551724138,0.4332922824302127,0.25416215236721584,0.19729964547553883,6,406
iid,6.0,30,0.0,0.0,8,1000,2,0.11001642036124794,0.39217296113848044,0.6089947482222505,0.5153083196384739,6,406
iid,6.0,30,0.0,0.0,8,1000,3,0.11083743842364531,0.3858784893267665,0.7603718125290966,0.6527346572289643,6,406
iid,6.0,30,0.0,0.0,8,1000,4,0.10960591133004927,0.35857963875205184,0.9642518650299032,0.7343381091360212,6,406
iid,6.0,30,0.0,0.0,8,1000,5,0.10796387520525452,0.3344964422550624,1.3381427466309326,1.1973732911140482,6,406
iid,6.0,30,0.0,0.0,8,1000,6,0.10714285714285714,0.3224548440065681,1.3799178124700793,1.1844580906003999,6,406
iid,6.0,30,0.0,0.0,8,1000,7,0.10673234811165848,0.2961138478379841,1.726210024441215,1.6924729518822934,6,406
iid,6.0,30,0.0,0.0,8,1000,9,0.10509031198686374,0.33470169677066064,2.29912010191029,2.5734045064322753,6,406
iid,6.0,30,0.0,0.0,8,1000,10,0.10385878489326766,0.3533798576902015,2.7380974276603443,3.3692011334955354,6,406
iid,6.0,30,0.0,0.0,8,1000,12,0.10591133004926108,0.3858784893267658,3.3684439832890365,3.7651947964086374,6,406
iid,6.0,30,0.0,0.0,8,1000,15,0.1022167487684729,0.3470853858784904,4.381314486785924,4.051378367702357,6,406
iid,6.0,30,0.0,0.0,8,1000,17,0.10303776683087028,0.3771893814997269,4.811327412672784,3.90773349887154,6,406
iid,6.0,30,0.0,0.0,8,1000,20,0.10262725779967159,0.3330596606458675,4.54787818306934,3.5616244140583246,6,406
iid,6.0,30,0.0,0.0,8,1000,24,0.10139573070607555,0.33285440613026723,5.443279039039947,4.3626519415534455,6,406
iid,6.0,30,0.0,0.0,8,1000,28,0.10344827586206896,0.34400656814449887,6.220228725897517,5.410657909242286,6,406
iid,6.0,30,0.0,0.0,8,1000,34,0.10057471264367816,0.39607279693486536,7.461510106521055,5.6604209490695645,6,406
iid,6.0,30,0.0,0.0,8,1000,40,0.1022167487684729,0.41276683087027843,8.6589486131302,6.822872481400976,6,406
iid,6.0,30,0.0,0.0,8,1000,47,0.10016420361247948,0.36590038314176365,8.92048592683228,6.724948429152845,6,406
iid,6.0,30,0.0,0.0,8,1000,56,0.09975369458128079,0.2822249589490964,10.62259429524758,7.988973845491458,6,406
iid,6.0,30,0.0,0.0,8,1000,66,0.09893267651888342,0.2720990695128634,12.95674858784119,9.615994534241507,6,406
iid,6.0,30,0.0,0.0,8,1000,78,0.09852216748768472,0.2996715927750413,13.13781680965449,11.977487328776306,6,406
iid,6.0,30,0.0,0.0,8,1000,92,0.09729064039408868,0.3043924466338252,15.678985577261393,12.674516256664583,6,406
iid,6.0,30,0.0,0.0,8,1000,109,0.09811165845648606,0.27209906951286195,15.565910375614495,11.807159402655591,6,406
iid,6.0,30,0.0,0.0,8,1000,129,0.09564860426929393,0.19656540777230344,18.315175563174172,15.993244589180705,6,406
iid,6.0,30,0.0,0.0,8,1000,152,0.09195402298850575,0.2632731253420908,22.50385986224048,18.814404540380686,6,406
iid,6.0,30,0.0,0.0,8,1000,180,0.08825944170771759,0.2285851122058009,22.1959046642793,16.77235917486269,6,406
iid,6.0,30,0.0,0.0,8,1000,212,0.08497536945812807,0.21325944170771796,24.830165963121377,19.00356117775325,6,406
iid,6.0,30,0.0,0.0,8,1000,251,0.08579638752052544,0.2885194307608111,31.32985400768985,25.722597560310067,6,406
iid,6.0,30,0.0,0.0,8,1000,297,0.0899014778325123,0.26169950738916353,34.58543497674476,27.147912024740418,6,406
iid,6.0,30,0.0,0.0,8,1000,351,0.08702791461412152,0.24356869184455338,38.32592238805983,36.46332516664981,6,406
iid,6.0,30,0.0,0.0,8,1000,415,0.08333333333333333,0.24582649151614694,34.32153694211382,32.666317880689505,6,406
iid,6.0,30,0.0,0.0,8,1000,491,0.08456486042692939,0.2739463601532574,39.076721285817406,38.56198461487582,6,406
iid,6.0,30,0.0,0.0,8,1000,580,0.07758620689655171,0.2346059113300502,39.53028422034272,38.17946446489365,6,406
iid,6.0,30,0.0,0.0,8,1000,686,0.07840722495894908,0.19163929939792138,35.42648037268798,28.77567758483051,6,406
iid,6.0,30,0.0,0.0,8,1000,811,0.08045977011494253,0.20662287903667206,43.98033559040358,47.36946092872779,6,406
iid,6.0,30,0.0,0.0,8,1000,959,0.07799671592775041,0.19266557197591677,52.35338149152829,36.30966995134514,6,406
iid,6.0,30,0.0,0.0,8,1000,1134,0.07676518883415434,0.18014504652435748,61.158427271480015,42.55201493825329,6,406
iid,6.0,30,0.0,0.0,8,1000,1341,0.0755336617405583,0.10810071154898751,75.97586622567799,48.66243372701793,6,406
iid,6.0,30,0.0,0.0,8,1000,1585,0.07266009852216748,0.11063218390804647,89.41106286034203,63.99503306372186,6,406
iid,6.0,30,0.0,0.0,8,1000,1874,0.07142857142857142,0.10591133004926118,93.88950403613923,76.51018951670125,6,406
iid,6.0,30,0.0,0.0,8,1000,2215,0.06855500821018062,0.06684455391351934,104.85075356443694,108.55899192405964,6,406
iid,6.0,30,0.0,0.0,8,1000,2619,0.07060755336617407,0.12616310892172902,144.59403270676287,164.0922678740195,6,406
iid,6.0,30,0.0,0.0,8,1000,3097,0.06444991789819376,0.07012862616310866,172.79005958481866,191.4573569469391,6,406
iid,6.0,30,0.0,0.0,8,1000,3661,0.0636288998357964,0.09393814997263265,185.7446822983758,201.67493144617603,6,406
iid,6.0,30,0.0,0.0,8,1000,4329,0.06568144499178984,0.07772304324028381,193.5080723038715,210.79331980902006,6,406
iid,6.0,30,0.0,0.0,8,1000,5118,0.06568144499178982,0.09906951286261641,179.79646527251273,215.40341500404008,6,406
iid,6.0,30,0.0,0.0,8,1000,6051,0.06444991789819375,0.07669677066228804,195.41665542596266,221.4965000577448,6,406
iid,6.0,30,0.0,0.0,8,1000,7154,0.06198686371100164,0.05288724685276423,201.82018471578314,220.81937727861552,6,406
iid,6.0,30,0.0,0.0,8,1000,8458,0.0636288998357964,0.08654898741105639,208.25831743396347,229.87629283743303,6,406
iid,6.0,30,0.0,0.0,8,1000,10000,0.057471264367816084,0.0703338806787086,213.103556354317,230.7593447959855,6,406
iid,6.0,30,0.0,0.0,8,3000,1,0.1264367816091954,0.12534209085933318,0.17833428049101385,0.17307320484778643,6,406
iid,6.0,30,0.0,0.0,8,3000,2,0.12561576354679801,0.11576354679802953,0.32913160915198736,0.18488581892759642,6,406
iid,6.0,30,0.0,0.0,8,3000,3,0.12438423645320196,0.11720032840722584,0.3845722182259342,0.22389050128871604,6,406
iid,6.0,30,0.0,0.0,8,3000,4,0.12397372742200329,0.13026819923371524,0.6096483087048811,0.41121585808414257,6,406
iid,6.0,30,0.0,0.0,8,3000,5,0.1239737274220033,0.14504652435686777,0.7978941476516481,0.46637155813010406,6,406
iid,6.0,30,0.0,0.0,8,3000,6,0.1235632183908046,0.13909414340448784,0.8833555489976335,0.5598629919534398,6,406
iid,6.0,30,0.0,0.0,8,3000,7,0.12233169129720856,0.12534209085933107,0.8800957164784765,0.5421835957176939,6,406
iid,6.0,30,0.0,0.0,8,3000,9,0.12192118226600986,0.13033661740558317,1.1575314311331402,0.8605777641541353,6,406
iid,6.0,30,0.0,0.0,8,3000,10,0.12027914614121511,0.13416803503010294,1.33026610194435,0.928723340062972,6,406
iid,6.0,30,0.0,0.0,8,3000,12,0.1202791461412151,0.15469348659003795,1.5700968681982168,1.3130092436265839,6,406
iid,6.0,30,0.0,0.0,8,3000,15,0.11904761904761903,0.15736179529283173,2.1119611503079403,1.6200918220499545,6,406
iid,6.0,30,0.0,0.0,8,3000,17,0.11781609195402298,0.15058839627805207,2.3550965122564214,1.9199941932172542,6,406
iid,6.0,30,0.0,0.0,8,3000,20,0.11822660098522168,0.1346469622331679,2.822764327007939,2.4438359896945157,6,406
iid,6.0,30,0.0,0.0,8,3000,24,0.11206896551724138,0.1426518883415422,3.0680900581680075,2.274076022267783,6,406
iid,6.0,30,0.0,0.0,8,3000,28,0.11247947454844008,0.12452107279693347,2.686627821126851,1.8669296290938708,6,406
iid,6.0,30,0.0,0.0,8,3000,34,0.11124794745484401,0.11856869184455353,3.245124299315275,1.999490907422429,6,406
iid,6.0,30,0.0,0.0,8,3000,40,0.1091954022988506,0.10235358511220398,4.109411909552701,2.9719094024084654,6,406
iid,6.0,30,0.0,0.0,8,3000,47,0.1091954022988506,0.13355227148330492,5.005073000591864,3.2871635359879097,6,406
iid,6.0,30,0.0,0.0,8,3000,56,0.10509031198686371,0.18856048166393127,5.553206293752031,3.5166022086667077,6,406
iid,6.0,30,0.0,0.0,8,3000,66,0.10714285714285715,0.18616584564860358,5.49341570656219,3.4385785284893213,6,406
iid,6.0,30,0.0,0.0,8,3000,78,0.10591133004926111,0.1165845648604243,7.502096269536544,4.404255745902571,6,406
iid,6.0,30,0.0,0.0,8,3000,92,0.10673234811165845,0.09003831417624494,8.406342685823253,5.174993051267384,6,406
iid,6.0,30,0.0,0.0,8,3000,109,0.11001642036124794,0.09742747673782262,6.411989468063418,3.3080379152669597,6,406
iid,6.0,30,0.0,0.0,8,3000,129,0.10796387520525451,0.09968527640941513,7.138865034284135,3.7698925490023756,6,406
iid,6.0,30,0.0,0.0,8,3000,152,0.10755336617405582,0.1392993979200888,7.989388830275111,4.162890980043339,6,406
iid,6.0,30,0.0,0.0,8,3000,180,0.10755336617405582,0.15736179529283031,8.494979552975373,5.467208451167892,6,406
iid,6.0,30,0.0,0.0,8,3000,212,0.10550082101806241,0.11938970990695041,10.182604397815,6.15104015927601,6,406
iid,6.0,30,0.0,0.0,8,3000,251,0.10139573070607553,0.15387246852764036,11.41189707274392,5.327472885905289,6,406
iid,6.0,30,0.0,0.0,8,3000,297,0.10098522167487685,0.10591133004926047,14.529201509835437,12.171733128000986,6,406
iid,6.0,30,0.0,0.0,8,3000,351,0.09975369458128079,0.10816912972085369,18.282672402165105,11.47542661127015,6,406
iid,6.0,30,0.0,0.0,8,3000,415,0.10057471264367816,0.11282156540777176,18.204580049344703,9.743197208267656,6,406
iid,6.0,30,0.0,0.0,8,3000,491,0.0964696223316913,0.13827312534209024,21.201466404543158,13.447117073575358,6,406
iid,6.0,30,0.0,0.0,8,3000,580,0.09441707717569787,0.1195949644225507,23.749016220292077,19.62930231820466,6,406
iid,6.0,30,0.0,0.0,8,3000,686,0.09236453201970445,0.15496715927750265,30.332423155056805,28.368729071084488,6,406
iid,6.0,30,0.0,0.0,8,3000,811,0.09564860426929393,0.21134373289545666,37.75209265844186,36.32726326545512,6,406
iid,6.0,30,0.0,0.0,8,3000,959,0.09605911330049262,0.13464696223316933,37.19846087500664,33.49352062888423,6,406
iid,6.0,30,0.0,0.0,8,3000,1134,0.09441707717569786,0.22222222222222218,40.272759663339286,35.98572882289998,6,406
iid,6.0,30,0.0,0.0,8,3000,1341,0.08825944170771756,0.15305145046524415,48.151540618948104,49.22828006520188,6,406
iid,6.0,30,0.0,0.0,8,3000,1585,0.08579638752052544,0.11282156540777247,54.896651370274554,52.24533850035748,6,406
iid,6.0,30,0.0,0.0,8,3000,1874,0.08497536945812807,0.13197865353037835,62.420701796148286,70.4371109138972,6,406
iid,6.0,30,0.0,0.0,8,3000,2215,0.08456486042692939,0.07443897099069517,70.35274264265566,66.75062742686599,6,406
iid,6.0,30,0.0,0.0,8,3000,2619,0.08169129720853859,0.08326491516146706,62.64848337250958,51.04820132781456,6,406
iid,6.0,30,0.0,0.0,8,3000,3097,0.0784072249589491,0.10379036672140135,63.976243223491956,48.33340060313318,6,406
iid,6.0,30,0.0,0.0,8,3000,3661,0.08538587848932677,0.13683634373289533,70.62027795227495,60.006686542502216,6,406
iid,6.0,30,0.0,0.0,8,3000,4329,0.08251231527093596,0.11063218390804612,61.867560607818035,56.557314604366844,6,406
iid,6.0,30,0.0,0.0,8,3000,5118,0.07717569786535304,0.054734537493158125,69.72236590752868,64.37930898920548,6,406
iid,6.0,30,0.0,0.0,8,3000,6051,0.07799671592775041,0.056376573617952966,75.88954148406137,80.02970448170727,6,406
iid,6.0,30,0.0,0.0,8,3000,7154,0.07717569786535304,0.07525998905309278,75.43786320285977,68.52927945204357,6,406
iid,6.0,30,0.0,0.0,8,3000,8458,0.07348111658456487,0.04878215654077678,100.2299627898999,84.02670105902439,6,406
iid,6.0,30,0.0,0.0,8,3000,10000,0.07430213464696224,0.12431581828133495,115.12068368872501,110.81783950149295,6,406
iid,6.0,30,0.0,0.0,8,10000,1,0.16625615763546797,0.4603858784893271,0.06974169678389543,0.07334604742769797,6,406
iid,6.0,30,0.0,0.0,8,10000,2,0.16584564860426929,0.45457033388068024,0.08552908056697829,0.07367725428786577,6,406
iid,6.0,30,0.0,0.0,8,10000,3,0.16584564860426929,0.45457033388068024,0.18628600560141426,0.20611879389540458,6,406
iid,6.0,30,0.0,0.0,8,10000,4,0.16420361247947454,0.44964422550629324,0.22947411843120133,0.2440710612339021,6,406
iid,6.0,30,0.0,0.0,8,10000,5,0.16379310344827586,0.4497126436781619,0.28697503371147637,0.2667289480419052,6,406
iid,6.0,30,0.0,0.0,8,10000,6,0.16420361247947454,0.4430760810071167,0.3764562671587082,0.305649845351291,6,406
iid,6.0,30,0.0,0.0,8,10000,7,0.16338259441707717,0.4677066228790376,0.4097806563347164,0.34062700192542944,6,406
iid,6.0,30,0.0,0.0,8,10000,9,0.1625615763546798,0.4433497536945814,0.5383381047171879,0.42962161164796414,6,406
iid,6.0,30,0.0,0.0,8,10000,10,0.16133004926108377,0.411945812807878,0.5511585303430536,0.42029420442152327,6,406
iid,6.0,30,0.0,0.0,8,10000,12,0.16091954022988506,0.42583470169676924,0.5503795428407318,0.397326253550315,6,406
iid,6.0,30,0.0,0.0,8,10000,15,0.1592775041050903,0.4020251778872467,0.565812355482119,0.44602163364403025,6,406
iid,6.0,30,0.0,0.0,8,10000,17,0.15886699507389163,0.40866174055829185,0.5506418123258778,0.41012021075078947,6,406
iid,6.0,30,0.0,0.0,8,10000,20,0.15763546798029557,0.45238095238095144,0.5771640515769395,0.40840244505552353,6,406
iid,6.0,30,0.0,0.0,8,10000,24,0.15763546798029557,0.469622331691296,0.8864627272748405,0.6862146424637389,6,406
iid,6.0,30,0.0,0.0,8,10000,28,0.15558292282430214,0.5085522714833045,1.031774024016777,0.8229984923922578,6,406
iid,6.0,30,0.0,0.0,8,10000,34,0.15435139573070608,0.49397920087575503,1.3509017450445262,1.0802865453415063,6,406
iid,6.0,30,0.0,0.0,8,10000,40,0.15188834154351397,0.48576902025177904,2.941625948503585,3.869988827611862,6,406
iid,6.0,30,0.0,0.0,8,10000,47,0.15229885057471265,0.5873700054734541,2.792929916814899,2.7010023036242035,6,406
iid,6.0,30,0.0,0.0,8,10000,56,0.1510673234811166,0.5251778872468524,2.471903000205151,2.6547235047137545,6,406
iid,6.0,30,0.0,0.0,8,10000,66,0.15229885057471268,0.5159414340448794,2.2296477639642522,2.4169424033458737,6,406
iid,6.0,30,0.0,0.0,8,10000,78,0.15024630541871922,0.5049261083743821,2.8420653491974126,2.8828185506355983,6,406
iid,6.0,30,0.0,0.0,8,10000,92,0.15229885057471265,0.4198823207443893,3.5368333187316927,3.8907090983358645,6,406
iid,6.0,30,0.0,0.0,8,10000,109,0.14860426929392448,0.48987411056376495,2.9966357411305107,2.7866211708069586,6,406
iid,6.0,30,0.0,0.0,8,10000,129,0.14901477832512317,0.4825533661740545,2.345925323639696,1.8410395619703246,6,406
iid,6.0,30,0.0,0.0,8,10000,152,0.14696223316912974,0.5103995621236985,3.460972748898197,3.859016885132402,6,406
iid,6.0,30,0.0,0.0,8,10000,180,0.14326765188834154,0.5003420908593341,4.809806767019189,4.964695893627109,6,406
iid,6.0,30,0.0,0.0,8,10000,212,0.14080459770114942,0.4642172961138483,7.954013367947116,9.249297089420688,6,406
iid,6.0,30,0.0,0.0,8,10000,251,0.14244663382594416,0.46996442255063076,9.967748129938185,12.389064797217536,6,406
iid,6.0,30,0.0,0.0,8,10000,297,0.14367816091954022,0.4677066228790376,10.951298557153462,13.552676063281988,6,406
iid,6.0,30,0.0,0.0,8,10000,351,0.14203612479474548,0.47263273125342314,12.00309367863482,13.899802729753658,6,406
iid,6.0,30,0.0,0.0,8,10000,415,0.13752052545155993,0.5512452107279683,13.063216977847807,14.185012297111527,6,406
iid,6.0,30,0.0,0.0,8,10000,491,0.1412151067323481,0.5136836343732903,10.084047595229423,11.96872996843806,6,406
iid,6.0,30,0.0,0.0,8,10000,580,0.13711001642036125,0.43322386425834836,9.747887687667204,11.119594248817386,6,406
iid,6.0,30,0.0,0.0,8,10000,686,0.1354679802955665,0.5344827586206901,8.034785816837392,7.466378706707394,6,406
iid,6.0,30,0.0,0.0,8,10000,811,0.13136288998357964,0.44882320744389637,12.34564033172964,12.989775443960896,6,406
iid,6.0,30,0.0,0.0,8,10000,959,0.12972085385878487,0.41105637657361954,11.515912317703238,9.888175900627727,6,406
iid,6.0,30,0.0,0.0,8,10000,1134,0.13136288998357964,0.5136836343732889,11.958043516759936,10.613808784197769,6,406
iid,6.0,30,0.0,0.0,8,10000,1341,0.12397372742200329,0.32402846195949747,23.913914725660817,23.196797544449907,6,406
iid,6.0,30,0.0,0.0,8,10000,1585,0.12110016420361248,0.4067460317460306,27.12814998448552,28.73386576685476,6,406
iid,6.0,30,0.0,0.0,8,10000,1874,0.1206896551724138,0.3546798029556641,30.96552766007628,31.489537954802696,6,406
iid,6.0,30,0.0,0.0,8,10000,2215,0.11453201970443351,0.38977832512315136,37.01267910111725,36.22892829166851,6,406
iid,6.0,30,0.0,0.0,8,10000,2619,0.10960591133004927,0.31424466338259427,40.07805212450414,38.33375687191725,6,406
iid,6.0,30,0.0,0.0,8,10000,3097,0.11001642036124797,0.22632731253420735,37.423967547769884,37.90898038460312,6,406
iid,6.0,30,0.0,0.0,8,10000,3661,0.1087848932676519,0.2885194307608111,47.61190570914937,57.32484022935406,6,406
iid,6.0,30,0.0,0.0,8,10000,4329,0.11330049261083745,0.4523809523809521,45.79719275166149,53.876065257040906,6,406
iid,6.0,30,0.0,0.0,8,10000,5118,0.10632183908045978,0.2704570333880675,53.10457921748918,67.89521286335462,6,406
iid,6.0,30,0.0,0.0,8,10000,6051,0.10755336617405582,0.17542419266557183,61.688853246352046,84.4664940509251,6,406
iid,6.0,30,0.0,0.0,8,10000,7154,0.11330049261083745,0.28899835796387396,69.32593090208901,93.13849506138762,6,406
iid,6.0,30,0.0,0.0,8,10000,8458,0.11001642036124797,0.2172961138478359,80.67959440542988,118.76660461955565,6,406
iid,6.0,30,0.0,0.0,8,10000,10000,0.10960591133004927,0.31588669950738874,85.88830974991772,123.51500023662066,6,406
iid,6.0,30,0.0,0.0,9,0,1,0.004105090311986864,0.0021893814997263252,5.214998680234932,1.882705292631895,6,406
iid,6.0,30,0.0,0.0,9,0,2,0.003284072249589491,0.0030103995621237004,10.08210795336234,4.556369475470647,6,406
iid,6.0,30,0.0,0.0,9,0,3,0.0028735632183908046,0.0028051450465243566,15.959197896702426,6.298256011156136,6,406
iid,6.0,30,0.0,0.0,9,0,4,0.0028735632183908046,0.0028051450465243566,22.251410856230752,9.23613942832171,6,406
iid,6.0,30,0.0,0.0,9,0,5,0.003284072249589491,0.0030103995621237004,30.676182600740372,12.722358118387918,6,406
iid,6.0,30,0.0,0.0,9,0,6,0.0028735632183908046,0.0019841269841269845,35.69637918535889,9.675601051723763,6,406
iid,6.0,30,0.0,0.0,9,0,7,0.0024630541871921183,0.001642036124794746,45.87242216555999,11.988649277873877,6,406
iid,6.0,30,0.0,0.0,9,0,9,0.0024630541871921183,0.001642036124794746,67.67604704855512,15.078861189552638,6,406
iid,6.0,30,0.0,0.0,9,0,10,0.0016420361247947454,0.0013683634373289546,72.69167073750934,15.71626864090371,6,406
iid,6.0,30,0.0,0.0,9,0,12,0.0008210180623973727,0.0005473453749315821,94.02347170915907,20.453084963227475,6,406
iid,6.0,30,0.0,0.0,9,0,15,0.002052545155993432,0.0011631089217296112,136.7409162083683,48.97439681418825,6,406
iid,6.0,30,0.0,0.0,9,0,17,0.0024630541871921183,0.000821018062397373,162.87459079881253,33.73616011597556,6,406
iid,6.0,30,0.0,0.0,9,0,20,0.0024630541871921183,0.0016420361247947454,206.04106803295517,34.68419719263764,6,406
iid,6.0,30,0.0,0.0,9,0,24,0.0008210180623973727,0.0005473453749315821,252.08832267539245,51.09246309641406,6,406
iid,6.0,30,0.0,0.0,9,0,28,0.0016420361247947454,0.0005473453749315822,309.7391174963249,68.67183702245832,6,406
iid,6.0,30,0.0,0.0,9,0,34,0.0016420361247947454,0.0005473453749315822,389.6657350221133,91.97927396063925,6,406
iid,6.0,30,0.0,0.0,9,0,40,0.0016420361247947454,0.0005473453749315822,467.2960450111279,141.41891990962284,6,406
iid,6.0,30,0.0,0.0,9,0,47,0.0016420361247947454,0.0013683634373289552,578.7854809021704,168.768300154723,6,406
iid,6.0,30,0.0,0.0,9,0,56,0.0012315270935960591,0.0006157635467980298,681.9073584002025,181.64381270898033,6,406
iid,6.0,30,0.0,0.0,9,0,66,0.00041050903119868636,0.0003420908593322387,790.6148638735262,245.81990738799925,6,406
iid,6.0,30,0.0,0.0,9,0,78,0.0008210180623973727,0.0005473453749315821,925.3410221509116,267.91934818954815,6,406
iid,6.0,30,0.0,0.0,9,0,92,0.0008210180623973727,0.0005473453749315821,1083.1456044081342,292.12795109560926,6,406
iid,6.0,30,0.0,0.0,9,0,109,0.0008210180623973727,0.0005473453749315821,1257.524288179826,399.50978857591525,6,406
iid,6.0,30,0.0,0.0,9,0,129,0.0,0.0,1393.0178216695306,441.97568543493884,6,406
iid,6.0,30,0.0,0.0,9,0,152,0.0008210180623973727,0.0005473453749315821,1530.1648207989274,520.9311044575202,6,406
iid,6.0,30,0.0,0.0,9,0,180,0.0016420361247947454,0.0005473453749315822,1659.025488561203,545.3608247302112,6,406
iid,6.0,30,0.0,0.0,9,0,212,0.0016420361247947454,0.0005473453749315822,1767.3918142752689,620.4345198405664,6,406
iid,6.0,30,0.0,0.0,9,0,251,0.0012315270935960591,0.0006157635467980298,1880.439630365711,654.7491607321573,6,406
iid,6.0,30,0.0,0.0,9,0,297,0.0016420361247947454,0.0005473453749315822,2057.143611209533,727.049044942177,6,406
iid,6.0,30,0.0,0.0,9,0,351,0.0016420361247947454,0.0005473453749315822,2154.5396904837867,843.3852820430973,6,406
iid,6.0,30,0.0,0.0,9,0,415,0.0016420361247947454,0.0005473453749315822,2266.2597106734734,860.164919516309,6,406
iid,6.0,30,0.0,0.0,9,0,491,0.0016420361247947454,0.0005473453749315822,2321.442754977219,883.285515940277,6,406
iid,6.0,30,0.0,0.0,9,0,580,0.0012315270935960591,0.0006157635467980298,2378.2387531719223,913.450534688899,6,406
iid,6.0,30,0.0,0.0,9,0,686,0.0016420361247947454,0.0005473453749315822,2445.0755443563453,952.9857558879983,6,406
iid,6.0,30,0.0,0.0,9,0,811,0.0016420361247947454,0.0005473453749315822,2532.3084026647666,991.8460175412255,6,406
iid,6.0,30,0.0,0.0,9,0,959,0.0016420361247947454,0.0013683634373289546,2687.072415892076,1053.052589896738,6,406
iid,6.0,30,0.0,0.0,9,0,1134,0.0012315270935960591,0.0006157635467980298,2783.142413450869,1091.9144014840417,6,406
iid,6.0,30,0.0,0.0,9,0,1341,0.0012315270935960591,0.0006157635467980298,2797.0427355916177,1149.2145165663926,6,406
iid,6.0,30,0.0,0.0,9,0,1585,0.0012315270935960591,0.0006157635467980298,2826.5404082852074,1165.8742223936101,6,406
iid,6.0,30,0.0,0.0,9,0,1874,0.0016420361247947454,0.0005473453749315822,2922.2077277422995,1178.071472685332,6,406
iid,6.0,30,0.0,0.0,9,0,2215,0.0012315270935960591,0.0014367816091954023,2951.493677126811,1172.1514306564707,6,406
iid,6.0,30,0.0,0.0,9,0,2619,0.0016420361247947454,0.0013683634373289546,3006.0879105590484,1149.7477528072113,6,406
iid,6.0,30,0.0,0.0,9,0,3097,0.0024630541871921183,0.0008210180623973724,3087.3616699620784,1187.5494290460463,6,406
iid,6.0,30,0.0,0.0,9,0,3661,0.0020525451559934315,0.001163108921729612,3123.2185682069326,1200.322952481424,6,406
iid,6.0,30,0.0,0.0,9,0,4329,0.0012315270935960591,0.0006157635467980298,3161.5353263092056,1231.9752163680125,6,406
iid,6.0,30,0.0,0.0,9,0,5118,0.002052545155993432,0.0011631089217296112,3223.2880651734067,1210.6963485153706,6,406
iid,6.0,30,0.0,0.0,9,0,6051,0.002052545155993432,0.0011631089217296112,3236.9081154689816,1167.2779790626817,6,406
iid,6.0,30,0.0,0.0,9,0,7154,0.002052545155993432,0.0011631089217296112,3269.9302159824642,1178.2864396227606,6,406
iid,6.0,30,0.0,0.0,9,0,8458,0.0016420361247947454,0.0005473453749315822,3286.1721219807046,1147.3122998110127,6,406
iid,6.0,30,0.0,0.0,9,0,10000,0.002052545155993432,0.0011631089217296112,3324.7253446942887,1108.2836997642612,6,406
iid,6.0,30,0.0,0.0,9,1000,1,0.14655172413793105,0.5178571428571406,0.1894420600554552,0.31177419301099973,6,406
iid,6.0,30,0.0,0.0,9,1000,2,0.14367816091954025,0.48576902025177765,0.28766751610892133,0.3978325669507771,6,406
iid,6.0,30,0.0,0.0,9,1000,3,0.13998357963875205,0.44943897099069435,0.5435270166475329,0.571606804582171,6,406
iid,6.0,30,0.0,0.0,9,1000,4,0.13711001642036125,0.4151614668856054,0.6341928720739627,0.6927248968879747,6,406
iid,6.0,30,0.0,0.0,9,1000,5,0.13711001642036125,0.4159824849480037,0.8006043030151112,0.8205932345643644,6,406
iid,6.0,30,0.0,0.0,9,1000,6,0.13546798029556648,0.43349753694581444,0.8348716262732913,0.8550410710389272,6,406
iid,6.0,30,0.0,0.0,9,1000,7,0.13505747126436782,0.4691434044882325,0.9806324874612646,1.0154136014558224,6,406
iid,6.0,30,0.0,0.0,9,1000,9,0.13423645320197045,0.47516420361247963,1.3006856741927608,1.210055911956079,6,406
iid,6.0,30,0.0,0.0,9,1000,10,0.1338259441707718,0.47755883962780166,1.4840544571839,1.4200927232848453,6,406
iid,6.0,30,0.0,0.0,9,1000,12,0.13505747126436782,0.4494389709906958,1.553126044735088,1.515132263428014,6,406
iid,6.0,30,0.0,0.0,9,1000,15,0.13341543513957307,0.5069102353585107,1.8662911911963027,1.5335194545852378,6,406
iid,6.0,30,0.0,0.0,9,1000,17,0.1330049261083744,0.5032840722495898,2.4179216438174125,2.209659870567891,6,406
iid,6.0,30,0.0,0.0,9,1000,20,0.13341543513957307,0.5101943076080997,2.643735888423897,2.292904736102561,6,406
iid,6.0,30,0.0,0.0,9,1000,24,0.13177339901477833,0.5096469622331689,2.672854142836723,2.249241054001706,6,406
iid,6.0,30,0.0,0.0,9,1000,28,0.12931034482758622,0.39634646962233,2.918230639138852,2.899706267782167,6,406
iid,6.0,30,0.0,0.0,9,1000,34,0.12972085385878487,0.4389709906951308,3.5074863668076053,3.7281942399793495,6,406
iid,6.0,30,0.0,0.0,9,1000,40,0.12889983579638753,0.42501368363437236,4.911393712180213,6.424561147867314,6,406
iid,6.0,30,0.0,0.0,9,1000,47,0.13095238095238096,0.4215243568691845,5.248044653358555,6.2097283437359785,6,406
iid,6.0,30,0.0,0.0,9,1000,56,0.1301313628899836,0.41331417624520994,5.813212597877345,7.1387472330888375,6,406
iid,6.0,30,0.0,0.0,9,1000,66,0.1264367816091954,0.399562123700056,6.009110667560644,6.812744331419227,6,406
iid,6.0,30,0.0,0.0,9,1000,78,0.1268472906403941,0.36186371100164083,7.070952243337433,8.771601324903319,6,406
iid,6.0,30,0.0,0.0,9,1000,92,0.12151067323481114,0.39381499726327496,7.958349501557115,9.197204624729808,6,406
iid,6.0,30,0.0,0.0,9,1000,109,0.12397372742200329,0.4718117131910227,10.588988565325971,12.278917483819992,6,406
iid,6.0,30,0.0,0.0,9,1000,129,0.11699507389162561,0.47516420361248035,12.146190889460955,13.365319043497053,6,406
iid,6.0,30,0.0,0.0,9,1000,152,0.1206896551724138,0.46798029556649945,13.667002453593165,15.620911333277432,6,406
iid,6.0,30,0.0,0.0,9,1000,180,0.11863711001642037,0.5036261631089217,14.707386175094916,16.051210369346634,6,406
iid,6.0,30,0.0,0.0,9,1000,212,0.11781609195402298,0.49131089217296126,13.055570298172185,14.92763800745083,6,406
iid,6.0,30,0.0,0.0,9,1000,251,0.11658456486042691,0.3823207443897107,17.948450861927473,22.707780151078897,6,406
iid,6.0,30,0.0,0.0,9,1000,297,0.1145320197044335,0.4259031198686372,16.859761802423986,18.087462619225924,6,406
iid,6.0,30,0.0,0.0,9,1000,351,0.11494252873563217,0.36836343732895577,19.51033843608656,19.28729996120846,6,406
iid,6.0,30,0.0,0.0,9,1000,415,0.10878489326765188,0.3550218938149989,21.69968566379328,22.956177287669874,6,406
iid,6.0,30,0.0,0.0,9,1000,491,0.1055008210180624,0.40838806787082715,23.13305594207542,20.653838004727987,6,406
iid,6.0,30,0.0,0.0,9,1000,580,0.10344827586206899,0.4318555008210164,22.765364067942603,19.145616277162794,6,406
iid,6.0,30,0.0,0.0,9,1000,686,0.10098522167487685,0.38341543513957227,28.21333208345448,26.060913520093674,6,406
iid,6.0,30,0.0,0.0,9,1000,811,0.10139573070607553,0.3919677066228788,37.94796158402328,46.29545810787734,6,406
iid,6.0,30,0.0,0.0,9,1000,959,0.10098522167487683,0.3760262725779967,38.814631653634066,44.644915339706266,6,406
iid,6.0,30,0.0,0.0,9,1000,1134,0.09688013136288998,0.31663929939792124,36.4113577595871,35.47972392888238,6,406
iid,6.0,30,0.0,0.0,9,1000,1341,0.0964696223316913,0.17029282977558735,47.17127502328265,56.06880436565177,6,406
iid,6.0,30,0.0,0.0,9,1000,1585,0.09564860426929393,0.25978379857690154,54.12831609569946,67.50120041179632,6,406
iid,6.0,30,0.0,0.0,9,1000,1874,0.09400656814449919,0.25567870826491496,59.84753155295484,71.71390192308313,6,406
iid,6.0,30,0.0,0.0,9,1000,2215,0.09195402298850575,0.1007115489874116,72.90277014326425,89.44311543522639,6,406
iid,6.0,30,0.0,0.0,9,1000,2619,0.08825944170771756,0.0660235358511228,78.94004718546326,102.87120476304113,6,406
iid,6.0,30,0.0,0.0,9,1000,3097,0.08538587848932677,0.10727969348659026,84.06011829304595,105.91897339947487,6,406
iid,6.0,30,0.0,0.0,9,1000,3661,0.08579638752052544,0.12021072796934908,96.63644506786294,124.28894129287379,6,406
iid,6.0,30,0.0,0.0,9,1000,4329,0.08784893267651889,0.16310892172961103,110.7066147385337,134.71775360059223,6,406
iid,6.0,30,0.0,0.0,9,1000,5118,0.08579638752052544,0.12513683634373396,112.10521106176611,134.748205235332,6,406
iid,6.0,30,0.0,0.0,9,1000,6051,0.0845648604269294,0.0777230432402845,114.17261042200683,135.51489786666858,6,406
iid,6.0,30,0.0,0.0,9,1000,7154,0.08374384236453203,0.13711001642036072,124.51963419288485,141.22340148890495,6,406
iid,6.0,30,0.0,0.0,9,1000,8458,0.08333333333333333,0.09804324028461994,135.6895801603788,149.12467155119555,6,406
iid,6.0,30,0.0,0.0,9,1000,10000,0.08292282430213466,0.07361795292829758,153.5049403792858,165.55658522830544,6,406
iid,6.0,30,0.0,0.0,9,3000,1,0.1720032840722496,0.2458264915161452,0.10774283218229026,0.21507293328525906,6,406
iid,6.0,30,0.0,0.0,9,3000,2,0.16995073891625614,0.2536945812807878,0.20443700673271126,0.2900474897316331,6,406
iid,6.0,30,0.0,0.0,9,3000,3,0.1695402298850575,0.3016557197591663,0.28130636964421024,0.4576278976212011,6,406
iid,6.0,30,0.0,0.0,9,3000,4,0.1691297208538588,0.3158182813355208,0.41533432917539675,0.6500414621391658,6,406
iid,6.0,30,0.0,0.0,9,3000,5,0.16871921182266011,0.33066502463053915,0.403689505962934,0.6165347531910832,6,406
iid,6.0,30,0.0,0.0,9,3000,6,0.1683087027914614,0.3240284619594982,0.4714127571699618,0.5957371087637898,6,406
iid,6.0,30,0.0,0.0,9,3000,7,0.16871921182266011,0.3150656814449883,0.5171691754358106,0.6039143334607102,6,406
iid,6.0,30,0.0,0.0,9,3000,9,0.16789819376026272,0.3074028461959516,0.6360043901727604,0.7489097369170334,6,406
iid,6.0,30,0.0,0.0,9,3000,10,0.16748768472906406,0.30213464696223125,0.754137326972304,0.9350543953723883,6,406
iid,6.0,30,0.0,0.0,9,3000,12,0.16748768472906406,0.2701149425287355,0.8385492738063741,1.0243200546096793,6,406
iid,6.0,30,0.0,0.0,9,3000,15,0.16748768472906403,0.2602627257799672,0.9270919256618827,1.0840069572525952,6,406
iid,6.0,30,0.0,0.0,9,3000,17,0.166256157635468,0.2699096880131367,1.0119652670555432,1.2480346518435548,6,406
iid,6.0,30,0.0,0.0,9,3000,20,0.16379310344827588,0.31260262725779625,1.0315011540744004,1.28277454485263,6,406
iid,6.0,30,0.0,0.0,9,3000,24,0.16461412151067326,0.34352764094142896,0.9902354543339676,1.0987366504582237,6,406
iid,6.0,30,0.0,0.0,9,3000,28,0.1625615763546798,0.3095238095238089,1.409067380480448,1.4981938938323291,6,406
iid,6.0,30,0.0,0.0,9,3000,34,0.1625615763546798,0.337438423645323,1.433922424250192,1.6554565655815006,6,406
iid,6.0,30,0.0,0.0,9,3000,40,0.1625615763546798,0.2848932676518895,1.201263768420936,1.1907993157907941,6,406
iid,6.0,30,0.0,0.0,9,3000,47,0.15968801313628903,0.2934455391351917,1.3801412292453508,1.3815805224586992,6,406
iid,6.0,30,0.0,0.0,9,3000,56,0.1592775041050903,0.3026819923371635,1.4772588723874547,1.409421686074269,6,406
iid,6.0,30,0.0,0.0,9,3000,66,0.15845648604269294,0.3199233716475095,1.7940017280218197,1.9479742548301175,6,406
iid,6.0,30,0.0,0.0,9,3000,78,0.1592775041050903,0.33552271483306173,2.042493823526708,2.432974865737001,6,406
iid,6.0,30,0.0,0.0,9,3000,92,0.16091954022988506,0.2862616310892186,2.4253702100335572,3.640924638517409,6,406
iid,6.0,30,0.0,0.0,9,3000,109,0.1592775041050903,0.2509578544061296,3.4563493399991003,5.278557554827668,6,406
iid,6.0,30,0.0,0.0,9,3000,129,0.16009852216748768,0.2577996715927751,3.380109746094888,4.643717358028421,6,406
iid,6.0,30,0.0,0.0,9,3000,152,0.159688013136289,0.24090038314176382,3.8094583680307657,4.896898362165526,6,406
iid,6.0,30,0.0,0.0,9,3000,180,0.15722495894909688,0.21626984126984156,3.6084439031386473,4.0797751845891375,6,406
iid,6.0,30,0.0,0.0,9,3000,212,0.1539408866995074,0.182060755336617,3.6746614162419555,4.863789242272183,6,406
iid,6.0,30,0.0,0.0,9,3000,251,0.15311986863711,0.23679529282977654,4.67053948164419,6.359759301569126,6,406
iid,6.0,30,0.0,0.0,9,3000,297,0.15024630541871922,0.234811165845648,5.814961380869886,9.45453897042413,6,406
iid,6.0,30,0.0,0.0,9,3000,351,0.15270935960591134,0.2413793103448274,6.1765655067388785,9.224007013907102,6,406
iid,6.0,30,0.0,0.0,9,3000,415,0.1502463054187192,0.23070607553366215,5.263677789100573,6.775726742559613,6,406
iid,6.0,30,0.0,0.0,9,3000,491,0.14696223316912974,0.2944718117131889,5.686624052440565,6.574472153539106,6,406
iid,6.0,30,0.0,0.0,9,3000,580,0.14573070607553365,0.17193486590038398,5.903992197577722,6.617874053702557,6,406
iid,6.0,30,0.0,0.0,9,3000,686,0.14285714285714285,0.11658456486042781,7.171993150735118,6.443883049192296,6,406
iid,6.0,30,0.0,0.0,9,3000,811,0.1416256157635468,0.11227422003284167,7.673583733549127,7.432734933214805,6,406
iid,6.0,30,0.0,0.0,9,3000,959,0.1354679802955665,0.1379310344827583,9.550954904354567,10.378457576094032,6,406
iid,6.0,30,0.0,0.0,9,3000,1134,0.13300492610837442,0.12725779967159165,8.560495214129597,8.631880363089978,6,406
iid,6.0,30,0.0,0.0,9,3000,1341,0.13095238095238096,0.12267378215654222,11.671410450437179,10.76979666412813,6,406
iid,6.0,30,0.0,0.0,9,3000,1585,0.12725779967159276,0.16146688560482042,13.920007701192162,13.50799920878245,6,406
iid,6.0,30,0.0,0.0,9,3000,1874,0.12643678160919541,0.14422550629447156,16.329132939427456,15.386990175919308,6,406
iid,6.0,30,0.0,0.0,9,3000,2215,0.12766830870279147,0.19902846195949553,19.5134173899608,20.558737281760745,6,406
iid,6.0,30,0.0,0.0,9,3000,2619,0.12561576354679804,0.2372742200328387,23.31167304277403,27.994459225734392,6,406
iid,6.0,30,0.0,0.0,9,3000,3097,0.12520525451559936,0.2597837985769008,22.217309533791738,25.237108965369067,6,406
iid,6.0,30,0.0,0.0,9,3000,3661,0.12397372742200329,0.19348659003831403,23.030732246148915,25.849025200007524,6,406
iid,6.0,30,0.0,0.0,9,3000,4329,0.11699507389162563,0.19766009852216573,24.11394369086879,27.937880697266444,6,406
iid,6.0,30,0.0,0.0,9,3000,5118,0.11945812807881774,0.1434729064039398,28.587860659714504,34.9416607430381,6,406
iid,6.0,30,0.0,0.0,9,3000,6051,0.11330049261083745,0.07635467980295542,36.85066232594391,50.90663760620265,6,406
iid,6.0,30,0.0,0.0,9,3000,7154,0.1149425287356322,0.10974274767378095,39.914906875706485,57.69819121560023,6,406
iid,6.0,30,0.0,0.0,9,3000,8458,0.1149425287356322,0.09906951286261641,52.46584614840339,86.08034193790073,6,406
iid,6.0,30,0.0,0.0,9,3000,10000,0.1087848932676519,0.12677887246852668,59.378205434128,100.7039105798924,6,406
iid,6.0,30,0.0,0.0,9,10000,1,0.21059113300492613,0.1746715927750337,0.013971276752527897,0.015859193290656062,6,406
iid,6.0,30,0.0,0.0,9,10000,2,0.21018062397372742,0.17706622879036701,0.02425649181266917,0.025713631426359445,6,406
iid,6.0,30,0.0,0.0,9,10000,3,0.20894909688013139,0.1793240284619546,0.033090749806105185,0.020602865452424613,6,406
iid,6.0,30,0.0,0.0,9,10000,4,0.20853858784893267,0.17214012041598284,0.03674687721307041,0.018435350665450205,6,406
iid,6.0,30,0.0,0.0,9,10000,5,0.2077175697865353,0.17706622879036982,0.06736872267506425,0.036011834483392874,6,406
iid,6.0,30,0.0,0.0,9,10000,6,0.20689655172413798,0.1724137931034433,0.09178042046094952,0.05545335062652186,6,406
iid,6.0,30,0.0,0.0,9,10000,7,0.20525451559934318,0.1844553913519461,0.10979684147744628,0.06727088784005823,6,406
iid,6.0,30,0.0,0.0,9,10000,9,0.20361247947454844,0.1746031746031721,0.16445568061638716,0.13168599912830067,6,406
iid,6.0,30,0.0,0.0,9,10000,10,0.2048440065681445,0.165366721401206,0.19981916288190246,0.18205270944045604,6,406
iid,6.0,30,0.0,0.0,9,10000,12,0.20402298850574715,0.17029282977558455,0.2061034851785455,0.18056517097966293,6,406
iid,6.0,30,0.0,0.0,9,10000,15,0.20279146141215107,0.21237000547345453,0.263908243809232,0.22609351288559282,6,406
iid,6.0,30,0.0,0.0,9,10000,17,0.20155993431855498,0.1908182813355252,0.29276328828236287,0.20360241436414261,6,406
iid,6.0,30,0.0,0.0,9,10000,20,0.19950738916256158,0.18965517241379354,0.23989677099101067,0.13075318792291918,6,406
iid,6.0,30,0.0,0.0,9,10000,24,0.20073891625615767,0.17302955665023992,0.2686690254880844,0.14950820150780328,6,406
iid,6.0,30,0.0,0.0,9,10000,28,0.20073891625615767,0.19601806239736702,0.2813523608805709,0.1465080077054412,6,406
iid,6.0,30,0.0,0.0,9,10000,34,0.20073891625615767,0.20997536945812406,0.3479234155257558,0.20121327682737378,6,406
iid,6.0,30,0.0,0.0,9,10000,40,0.20032840722495895,0.20826491516146584,0.4429298496918359,0.3556479142737936,6,406
iid,6.0,30,0.0,0.0,9,10000,47,0.19581280788177338,0.21408045977011836,0.5096800429432887,0.3636243499874383,6,406
iid,6.0,30,0.0,0.0,9,10000,56,0.19704433497536947,0.1781609195402286,0.5645917529925676,0.3387549979628867,6,406
iid,6.0,30,0.0,0.0,9,10000,66,0.19458128078817735,0.15435139573070322,0.604298280565533,0.3934556872197935,6,406
iid,6.0,30,0.0,0.0,9,10000,78,0.1954022988505747,0.16885604816639527,0.6567722471164182,0.41402549819096,6,406
iid,6.0,30,0.0,0.0,9,10000,92,0.19786535303776684,0.16392993979200826,0.836223989994837,0.6483363502788929,6,406
iid,6.0,30,0.0,0.0,9,10000,109,0.1925287356321839,0.21709085933223984,0.8246619582770637,0.6185035788466224,6,406
iid,6.0,30,0.0,0.0,9,10000,129,0.1921182266009852,0.22085385878489522,0.8766414869021556,0.6559039123706871,6,406
iid,6.0,30,0.0,0.0,9,10000,152,0.1925287356321839,0.2523946360153245,0.8252579965819846,0.6910125201829993,6,406
iid,6.0,30,0.0,0.0,9,10000,180,0.19376026272577998,0.2747673782156522,1.0267391947838342,1.1100561586425735,6,406
iid,6.0,30,0.0,0.0,9,10000,212,0.1929392446633826,0.25670498084290927,1.1068319158103614,1.1997448858046385,6,406
iid,6.0,30,0.0,0.0,9,10000,251,0.1921182266009852,0.24466338259441778,1.255463855007048,1.1062869500729178,6,406
iid,6.0,30,0.0,0.0,9,10000,297,0.19170771756978655,0.3328544061302651,1.4487826368903611,1.4818644502042229,6,406
iid,6.0,30,0.0,0.0,9,10000,351,0.18924466338259438,0.2852353585112256,1.5099599430567174,1.5693741040533868,6,406
iid,6.0,30,0.0,0.0,9,10000,415,0.1892446633825944,0.29672961138478493,1.4270431853018242,1.5483921817074695,6,406
iid,6.0,30,0.0,0.0,9,10000,491,0.18801313628899838,0.296934865900381,1.868216922874969,1.9472598548637752,6,406
iid,6.0,30,0.0,0.0,9,10000,580,0.18596059113300492,0.3618637110016436,2.372290828031423,2.997472143448183,6,406
iid,6.0,30,0.0,0.0,9,10000,686,0.18185550082101806,0.37554734537493173,2.530098830488288,3.072105833727375,6,406
iid,6.0,30,0.0,0.0,9,10000,811,0.180623973727422,0.37821565407772273,2.5774943013591955,3.0709798614257426,6,406
iid,6.0,30,0.0,0.0,9,10000,959,0.179392446633826,0.30083470169676235,3.1770908691381163,4.12834379723393,6,406
iid,6.0,30,0.0,0.0,9,10000,1134,0.17816091954022992,0.35686918445538657,4.3011816884793515,6.349964846887525,6,406
iid,6.0,30,0.0,0.0,9,10000,1341,0.17569786535303777,0.3872468527640913,4.348356709192384,6.776681081320625,6,406
iid,6.0,30,0.0,0.0,9,10000,1585,0.18021346469622332,0.38375752599890633,4.486363812008018,7.283184195243709,6,406
iid,6.0,30,0.0,0.0,9,10000,1874,0.17733990147783252,0.3004926108374375,4.507354167655461,6.9540703188848125,6,406
iid,6.0,30,0.0,0.0,9,10000,2215,0.1724137931034483,0.36371100164203346,4.96718695941497,8.03179265171023,6,406
iid,6.0,30,0.0,0.0,9,10000,2619,0.16789819376026272,0.3788314176245221,6.588881225321933,11.107297828607809,6,406
iid,6.0,30,0.0,0.0,9,10000,3097,0.16502463054187191,0.2775041050903132,6.750292820582177,10.695621687379257,6,406
iid,6.0,30,0.0,0.0,9,10000,3661,0.1592775041050903,0.31089217296113664,6.555861806000434,10.193320619158703,6,406
iid,6.0,30,0.0,0.0,9,10000,4329,0.1629720853858785,0.39196770662287805,6.900240349218909,11.538928674350739,6,406
iid,6.0,30,0.0,0.0,9,10000,5118,0.1568144499178982,0.22632731253420876,8.5324488631155,14.019462513565376,6,406
iid,6.0,30,0.0,0.0,9,10000,6051,0.16133004926108374,0.3676108374384261,8.552724053817661,14.923090564404474,6,406
iid,6.0,30,0.0,0.0,9,10000,7154,0.1555829228243021,0.3500957854406168,8.885741535746918,14.698783074010496,6,406
iid,6.0,30,0.0,0.0,9,10000,8458,0.1621510673234811,0.33285440613026934,8.913409522881286,15.988326406014043,6,406
iid,6.0,30,0.0,0.0,9,10000,10000,0.1588669950738916,0.27976190476190926,8.731883448567116,14.978626309185044,6,406
