ensemble,epsilon,N,kappa,pi,disorder_idx,tw,lag,Q_mean,chi4,D4_mean,D4_std,n_traj,n_pairs
correlated,3.0,30,0.7,0.9,0,0,1,0.0016420361247947454,0.0013683634373289546,6.293499524553918,5.112232219306204,6,406
correlated,3.0,30,0.7,0.9,0,0,2,0.0016420361247947454,0.0021893814997263283,13.409176974665366,10.576257696892318,6,406
correlated,3.0,30,0.7,0.9,0,0,3,0.00041050903119868636,0.0003420908593322387,21.77690403815464,15.248752957421072,6,406
correlated,3.0,30,0.7,0.9,0,0,5,0.0016420361247947454,0.0013683634373289546,40.141351995418574,17.388811312906018,6,406
correlated,3.0,30,0.7,0.9,0,0,7,0.0008210180623973727,0.0005473453749315821,56.64078116543367,20.399805413225565,6,406
correlated,3.0,30,0.7,0.9,0,0,11,0.0,0.0,113.27227489095164,47.58138666601468,6,406
correlated,3.0,30,0.7,0.9,0,0,16,0.0,0.0,196.0444341275144,75.90275709006829,6,406
correlated,3.0,30,0.7,0.9,0,0,25,0.0,0.0,408.0222618674445,157.9204044364644,6,406
correlated,3.0,30,0.7,0.9,0,0,37,0.00041050903119868636,0.0003420908593322387,653.7574898049343,214.78477736911532,6,406
correlated,3.0,30,0.7,0.9,0,0,55,0.00041050903119868636,0.0003420908593322387,1038.8013742777978,274.88392787559803,6,406
correlated,3.0,30,0.7,0.9,0,0,82,0.0,0.0,1423.5506046396385,413.00335431375805,6,406
correlated,3.0,30,0.7,0.9,0,0,122,0.0,0.0,1877.44010297733,612.3314364074089,6,406
correlated,3.0,30,0.7,0.9,0,0,182,0.00041050903119868636,0.0003420908593322387,2182.671898702321,622.092829054006,6,406
correlated,3.0,30,0.7,0.9,0,0,272,0.00041050903119868636,0.0003420908593322387,2508.907772623501,746.7008603557855,6,406
correlated,3.0,30,0.7,0.9,0,0,406,0.00041050903119868636,0.0003420908593322387,2788.996942348182,793.0949172212402,6,406
correlated,3.0,30,0.7,0.9,0,0,606,0.00041050903119868636,0.0003420908593322387,3074.707161327716,1063.8188358588502,6,406
correlated,3.0,30,0.7,0.9,0,0,905,0.00041050903119868636,0.0003420908593322387,3249.2110583683702,1012.1960403302498,6,406
correlated,3.0,30,0.7,0.9,0,0,1350,0.0008210180623973727,0.0005473453749315821,3248.9429271569716,992.434245453623,6,406
correlated,3.0,30,0.7,0.9,0,0,2015,0.00041050903119868636,0.0003420908593322387,3488.5360992148803,1201.3571298776462,6,406
correlated,3.0,30,0.7,0.9,0,0,3008,0.0,0.0,3767.042518279361,1677.48860213258,6,406
correlated,3.0,30,0.7,0.9,0,0,4489,0.0,0.0,4149.186091736502,2242.249010268493,6,406
correlated,3.0,30,0.7,0.9,0,0,6700,0.00041050903119868636,0.0003420908593322387,4312.762059894893,2438.1715510353292,6,406
correlated,3.0,30,0.7,0.9,0,0,10000,0.0,0.0,4941.681128489368,3899.3518297108662,6,406
correlated,3.0,30,0.7,0.9,0,100,1,0.025862068965517238,0.034277504105090444,2.0568299934266707,1.2617761783338715,6,406
correlated,3.0,30,0.7,0.9,0,100,2,0.02380952380952381,0.0407772304324028,4.561537818204673,3.28712027668697,6,406
correlated,3.0,30,0.7,0.9,0,100,3,0.024630541871921183,0.04269293924466339,7.319047085288363,4.863400559621968,6,406
correlated,3.0,30,0.7,0.9,0,100,5,0.021756978653530375,0.015941434044882352,11.784522974402803,8.612585150009371,6,406
correlated,3.0,30,0.7,0.9,0,100,7,0.020935960591133007,0.006362889983579574,16.095195650231283,9.325152078074339,6,406
correlated,3.0,30,0.7,0.9,0,100,11,0.018062397372742203,0.012041598248494777,25.406383536548045,16.16845886955605,6,406
correlated,3.0,30,0.7,0.9,0,100,16,0.016009852216748766,0.018678160919540252,35.95271385955464,24.48826487420672,6,406
correlated,3.0,30,0.7,0.9,0,100,25,0.015599343185550082,0.010399562123700044,54.49133059247348,35.93502138609684,6,406
correlated,3.0,30,0.7,0.9,0,100,37,0.011083743842364532,0.0055418719211822514,65.63579789641784,28.5871868603132,6,406
correlated,3.0,30,0.7,0.9,0,100,55,0.011904761904761904,0.012657361795292843,98.83718280428945,52.12987087337003,6,406
correlated,3.0,30,0.7,0.9,0,100,82,0.011083743842364532,0.01128899835796387,154.80842786363067,77.91926850526932,6,406
correlated,3.0,30,0.7,0.9,0,100,122,0.009852216748768473,0.015599343185550079,227.58095555152354,146.26092471659294,6,406
correlated,3.0,30,0.7,0.9,0,100,182,0.006978653530377668,0.008552271483305963,255.77492780248508,103.5859336186996,6,406
correlated,3.0,30,0.7,0.9,0,100,272,0.006978653530377668,0.006910235358511225,359.68548972330103,139.8904793677362,6,406
correlated,3.0,30,0.7,0.9,0,100,406,0.007389162561576355,0.004105090311986864,470.5117764447375,336.4213335158699,6,406
correlated,3.0,30,0.7,0.9,0,100,606,0.005336617405582923,0.003626163108921727,642.0356225693582,630.4533617967459,6,406
correlated,3.0,30,0.7,0.9,0,100,905,0.006157635467980295,0.003899835796387525,608.4156010965104,356.3349693971105,6,406
correlated,3.0,30,0.7,0.9,0,100,1350,0.005336617405582922,0.003626163108921734,730.8122340780328,594.0757878874066,6,406
correlated,3.0,30,0.7,0.9,0,100,2015,0.005747126436781609,0.0038314176245210687,896.9476999025492,877.5893341719839,6,406
correlated,3.0,30,0.7,0.9,0,100,3008,0.0073891625615763535,0.005747126436781618,955.6401313756052,1027.192741055495,6,406
correlated,3.0,30,0.7,0.9,0,100,4489,0.006157635467980296,0.004720853858784891,1223.4056877068517,1427.1432130673572,6,406
correlated,3.0,30,0.7,0.9,0,100,6700,0.005747126436781609,0.0071154898741105635,1390.8503024110848,1730.1116651149905,6,406
correlated,3.0,30,0.7,0.9,0,100,10000,0.004105090311986864,0.006294471811713192,1835.2277280245078,2766.997059622014,6,406
correlated,3.0,30,0.7,0.9,0,1000,1,0.08825944170771756,0.5857279693486596,0.8015194833019456,0.9845898544016364,6,406
correlated,3.0,30,0.7,0.9,0,1000,2,0.0841543513957307,0.5758757525998912,1.4609721978541408,1.7933196052182852,6,406
correlated,3.0,30,0.7,0.9,0,1000,3,0.07963875205254516,0.5079365079365079,2.3495255570977314,2.8057563134397756,6,406
correlated,3.0,30,0.7,0.9,0,1000,5,0.07594417077175697,0.37883141762452144,5.06122811264206,7.365830358714096,6,406
correlated,3.0,30,0.7,0.9,0,1000,7,0.07348111658456485,0.3755473453749321,8.347107325596797,15.180790374207994,6,406
correlated,3.0,30,0.7,0.9,0,1000,11,0.0697865353037767,0.36507936507936467,8.892156139391846,14.710804931491689,6,406
correlated,3.0,30,0.7,0.9,0,1000,16,0.07307060755336618,0.34948002189381455,12.271223793282237,21.55030546361883,6,406
correlated,3.0,30,0.7,0.9,0,1000,25,0.06691297208538588,0.3008347016967712,12.128465885089383,18.10407419714761,6,406
correlated,3.0,30,0.7,0.9,0,1000,37,0.06444991789819376,0.29180350301039937,13.898755406618962,17.439975044999557,6,406
correlated,3.0,30,0.7,0.9,0,1000,55,0.06157635467980296,0.38259441707717573,22.164706703916817,32.139343186288485,6,406
correlated,3.0,30,0.7,0.9,0,1000,82,0.05911330049261084,0.36371100164203557,42.04698893044751,69.3168687457581,6,406
correlated,3.0,30,0.7,0.9,0,1000,122,0.057881773399014784,0.33559113300492577,72.4527228779272,129.4853227759977,6,406
correlated,3.0,30,0.7,0.9,0,1000,182,0.04720853858784894,0.28769841269841245,85.50576765799313,146.62692955762282,6,406
correlated,3.0,30,0.7,0.9,0,1000,272,0.042692939244663386,0.21237000547345367,85.54572884868496,148.73998569088548,6,406
correlated,3.0,30,0.7,0.9,0,1000,406,0.03735632183908046,0.1809660645867543,75.04377025605238,101.7569668358693,6,406
correlated,3.0,30,0.7,0.9,0,1000,606,0.03489326765188835,0.178503010399562,131.26510634631933,221.94934784454819,6,406
correlated,3.0,30,0.7,0.9,0,1000,905,0.031609195402298854,0.1308839627805146,114.9687607568132,200.15538585363868,6,406
correlated,3.0,30,0.7,0.9,0,1000,1350,0.031198686371100164,0.05637657361795288,167.13591568078752,297.3147091094472,6,406
correlated,3.0,30,0.7,0.9,0,1000,2015,0.026683087027914613,0.058634373289545745,208.83676483998977,355.1388199195369,6,406
correlated,3.0,30,0.7,0.9,0,1000,3008,0.024630541871921183,0.04515599343185548,202.6763026805305,319.57762605905765,6,406
correlated,3.0,30,0.7,0.9,0,1000,4489,0.02545155993431855,0.08347016967706633,478.77159503296934,1021.9447636065075,6,406
correlated,3.0,30,0.7,0.9,0,1000,6700,0.019704433497536946,0.03694581280788173,656.3344167315294,1426.0779539156651,6,406
correlated,3.0,30,0.7,0.9,0,1000,10000,0.026272577996715927,0.04898741105637662,887.7682577479359,1994.686872525795,6,406
correlated,3.0,30,0.7,0.9,0,10000,1,0.11165845648604271,0.2361795292829771,0.6432897847992084,0.7059865572743244,6,406
correlated,3.0,30,0.7,0.9,0,10000,2,0.10755336617405582,0.24767378215654207,0.9762623923898232,1.1322731908999208,6,406
correlated,3.0,30,0.7,0.9,0,10000,3,0.10632183908045977,0.23022714833059787,1.2052833853032687,1.5470026228112157,6,406
correlated,3.0,30,0.7,0.9,0,10000,5,0.10139573070607555,0.20723864258346938,2.0172649849041844,2.56606169918658,6,406
correlated,3.0,30,0.7,0.9,0,10000,7,0.09688013136288999,0.17870826491516079,2.84911888811518,3.0575866279642505,6,406
correlated,3.0,30,0.7,0.9,0,10000,11,0.09277504105090312,0.12944718117131904,3.7826542575659388,5.3544384413916735,6,406
correlated,3.0,30,0.7,0.9,0,10000,16,0.08908045977011496,0.13088396278051326,6.585113795893466,9.092017404797827,6,406
correlated,3.0,30,0.7,0.9,0,10000,25,0.08661740558292282,0.1587985769020256,7.5047743628026815,8.572891694075608,6,406
correlated,3.0,30,0.7,0.9,0,10000,37,0.08374384236453203,0.20607553366174022,7.644906725378508,8.07026267850608,6,406
correlated,3.0,30,0.7,0.9,0,10000,55,0.0784072249589491,0.12349480021893805,12.782256181673498,14.49102309161389,6,406
correlated,3.0,30,0.7,0.9,0,10000,82,0.07758620689655173,0.12951559934318557,17.987891622994052,19.1515373414185,6,406
correlated,3.0,30,0.7,0.9,0,10000,122,0.06814449917898195,0.0678708264915151,22.492449631116866,21.29497942064998,6,406
correlated,3.0,30,0.7,0.9,0,10000,182,0.06568144499178982,0.1212370005473452,35.50176553867037,46.681991367172046,6,406
correlated,3.0,30,0.7,0.9,0,10000,272,0.05870279146141214,0.13745210727969404,39.02724203636161,51.203750157286,6,406
correlated,3.0,30,0.7,0.9,0,10000,406,0.058702791461412156,0.09393814997263265,35.07731586619366,39.55373578947918,6,406
correlated,3.0,30,0.7,0.9,0,10000,606,0.052955665024630554,0.12048440065681412,38.762414185814286,44.824294468627585,6,406
correlated,3.0,30,0.7,0.9,0,10000,905,0.05377668308702791,0.14812534209085945,44.76612541952639,47.817196410855715,6,406
correlated,3.0,30,0.7,0.9,0,10000,1350,0.045566502463054194,0.04905582922824288,55.25228617990576,71.1894182079293,6,406
correlated,3.0,30,0.7,0.9,0,10000,2015,0.04474548440065682,0.06520251778872449,70.84070477868345,104.30174168221514,6,406
correlated,3.0,30,0.7,0.9,0,10000,3008,0.04064039408866995,0.03838259441707711,94.72656825124845,155.36198354904803,6,406
correlated,3.0,30,0.7,0.9,0,10000,4489,0.038998357963875206,0.07177066228790369,98.95814286654678,169.89638103500056,6,406
correlated,3.0,30,0.7,0.9,0,10000,6700,0.03201970443349754,0.038587848932676506,120.97854569587173,210.93460538133937,6,406
correlated,3.0,30,0.7,0.9,0,10000,10000,0.03243021346469622,0.06684455391351961,238.99248903031707,515.4023792593351,6,406
correlated,3.0,30,0.7,0.9,1,0,1,0.004105090311986864,0.005473453749315817,6.195156782208392,2.183324841026722,6,406
correlated,3.0,30,0.7,0.9,1,0,2,0.0036945812807881776,0.005541871921182265,13.615349185032498,6.987930050591836,6,406
correlated,3.0,30,0.7,0.9,1,0,3,0.0028735632183908046,0.0028051450465243566,24.705531035446924,13.084546462860695,6,406
correlated,3.0,30,0.7,0.9,1,0,5,0.002052545155993432,0.001984126984126984,44.09033359064389,24.118175896199624,6,406
correlated,3.0,30,0.7,0.9,1,0,7,0.002052545155993432,0.002805145046524356,63.71342481888769,40.38929952614109,6,406
correlated,3.0,30,0.7,0.9,1,0,11,0.002052545155993432,0.001984126984126984,118.22330466216498,72.04958583004976,6,406
correlated,3.0,30,0.7,0.9,1,0,16,0.002052545155993432,0.0011631089217296114,185.86482518552796,114.7667669957851,6,406
correlated,3.0,30,0.7,0.9,1,0,25,0.0012315270935960591,0.0014367816091954023,346.9328095279415,189.05057745435087,6,406
correlated,3.0,30,0.7,0.9,1,0,37,0.0,0.0,618.65595756921,347.2757505832115,6,406
correlated,3.0,30,0.7,0.9,1,0,55,0.0008210180623973727,0.0005473453749315821,960.8199804666755,498.8419265896284,6,406
correlated,3.0,30,0.7,0.9,1,0,82,0.0,0.0,1380.329037618755,740.5492812868442,6,406
correlated,3.0,30,0.7,0.9,1,0,122,0.00041050903119868636,0.0003420908593322387,1769.430634371135,927.1725653673684,6,406
correlated,3.0,30,0.7,0.9,1,0,182,0.0008210180623973727,0.0005473453749315821,2138.7299239468052,1110.6788603370155,6,406
correlated,3.0,30,0.7,0.9,1,0,272,0.0012315270935960591,0.0014367816091954023,2454.124770908479,1222.1211597639312,6,406
correlated,3.0,30,0.7,0.9,1,0,406,0.002052545155993432,0.002805145046524356,2724.5208283129336,1369.5978226191394,6,406
correlated,3.0,30,0.7,0.9,1,0,606,0.0016420361247947454,0.0013683634373289546,3194.330571635859,1760.1441795338383,6,406
correlated,3.0,30,0.7,0.9,1,0,905,0.0016420361247947454,0.0013683634373289552,3620.112853572404,2100.933499910763,6,406
correlated,3.0,30,0.7,0.9,1,0,1350,0.0008210180623973727,0.0013683634373289548,3982.251361941939,2443.097576105403,6,406
correlated,3.0,30,0.7,0.9,1,0,2015,0.0012315270935960591,0.0014367816091954023,4140.234867470442,2455.903838034613,6,406
correlated,3.0,30,0.7,0.9,1,0,3008,0.0016420361247947454,0.0005473453749315822,4430.219726644819,2770.4899011979396,6,406
correlated,3.0,30,0.7,0.9,1,0,4489,0.0016420361247947454,0.0005473453749315822,4424.716290279583,2756.2988585362755,6,406
correlated,3.0,30,0.7,0.9,1,0,6700,0.0016420361247947454,0.0013683634373289546,4428.762347879544,2747.4685850687633,6,406
correlated,3.0,30,0.7,0.9,1,0,10000,0.0012315270935960591,0.0006157635467980298,4441.224982245326,2747.9543668691085,6,406
correlated,3.0,30,0.7,0.9,1,100,1,0.03735632183908046,0.10953749315818269,2.047925808804252,1.0345701781671068,6,406
correlated,3.0,30,0.7,0.9,1,100,2,0.03776683087027915,0.10810071154898733,3.9925558749499763,2.938772709547708,6,406
correlated,3.0,30,0.7,0.9,1,100,3,0.03735632183908046,0.10296934865900367,7.320169171251422,5.817931992453129,6,406
correlated,3.0,30,0.7,0.9,1,100,5,0.03571428571428572,0.09092775041050881,10.045484893714592,6.072500928639357,6,406
correlated,3.0,30,0.7,0.9,1,100,7,0.036124794745484405,0.09578544061302671,11.46078756821762,6.240106765621404,6,406
correlated,3.0,30,0.7,0.9,1,100,11,0.03284072249589491,0.07279693486590025,21.135335298906835,13.028761370194488,6,406
correlated,3.0,30,0.7,0.9,1,100,16,0.029146141215106735,0.0512452107279693,29.458110865790957,13.854265237424489,6,406
correlated,3.0,30,0.7,0.9,1,100,25,0.027914614121510677,0.053913519430760795,48.4547223272673,32.27595724657904,6,406
correlated,3.0,30,0.7,0.9,1,100,37,0.02668308702791462,0.045498084291187665,76.75700127575043,58.10825760535698,6,406
correlated,3.0,30,0.7,0.9,1,100,55,0.027914614121510677,0.06212370005473448,103.8753833460806,70.84880578645952,6,406
correlated,3.0,30,0.7,0.9,1,100,82,0.02586206896551724,0.06876026272577992,154.81182664228194,137.44388623935626,6,406
correlated,3.0,30,0.7,0.9,1,100,122,0.02257799671592775,0.04057197591680353,202.2023470427043,180.52304438114436,6,406
correlated,3.0,30,0.7,0.9,1,100,182,0.022167487684729065,0.08784893267651887,274.46253833333805,200.11761320364107,6,406
correlated,3.0,30,0.7,0.9,1,100,272,0.021346469622331693,0.04980842911877391,429.07267532647967,390.2997366882542,6,406
correlated,3.0,30,0.7,0.9,1,100,406,0.020935960591133007,0.042487684729064015,511.1402738318074,499.3604679758935,6,406
correlated,3.0,30,0.7,0.9,1,100,606,0.019293924466338257,0.03400383141762454,741.3620448618934,697.1434000833467,6,406
correlated,3.0,30,0.7,0.9,1,100,905,0.017241379310344827,0.026272577996715958,975.865548767002,975.2718120879356,6,406
correlated,3.0,30,0.7,0.9,1,100,1350,0.018472906403940885,0.028530377668308758,1064.5540210673764,979.4643916737231,6,406
correlated,3.0,30,0.7,0.9,1,100,2015,0.01683087027914614,0.034003831417624496,1217.2637068704475,1190.1127434025564,6,406
correlated,3.0,30,0.7,0.9,1,100,3008,0.014367816091954025,0.029077723043240255,1387.5097416352858,1524.9862186427774,6,406
correlated,3.0,30,0.7,0.9,1,100,4489,0.01354679802955665,0.026067323481116605,1387.4788111138114,1494.3681482993318,6,406
correlated,3.0,30,0.7,0.9,1,100,6700,0.013136288998357963,0.030925013683634376,1401.7598679731434,1495.7487809728336,6,406
correlated,3.0,30,0.7,0.9,1,100,10000,0.016420361247947452,0.023535851122058058,1412.5442592337788,1510.1772554440245,6,406
correlated,3.0,30,0.7,0.9,1,1000,1,0.12807881773399013,0.3793103448275885,0.3230814978430558,0.3155590566144611,6,406
correlated,3.0,30,0.7,0.9,1,1000,2,0.12520525451559936,0.3796524356869162,0.8617239051676844,0.805472602663311,6,406
correlated,3.0,30,0.7,0.9,1,1000,3,0.12438423645320196,0.3528325123152722,1.1842019783703026,0.8959485910882459,6,406
correlated,3.0,30,0.7,0.9,1,1000,5,0.12233169129720856,0.3330596606458661,1.8820359503263637,1.9961362865973313,6,406
correlated,3.0,30,0.7,0.9,1,1000,7,0.12233169129720856,0.31007115489874043,2.980204216309858,2.793440872095708,6,406
correlated,3.0,30,0.7,0.9,1,1000,11,0.11863711001642037,0.3394225506294473,3.37176044369131,2.4555865968186943,6,406
correlated,3.0,30,0.7,0.9,1,1000,16,0.11617405582922825,0.29262452107279624,4.37215935286664,3.0142477171857527,6,406
correlated,3.0,30,0.7,0.9,1,1000,25,0.11206896551724138,0.3175287356321832,5.662244865435421,4.348057212423892,6,406
correlated,3.0,30,0.7,0.9,1,1000,37,0.11288998357963875,0.31068691844553986,8.061798548493611,5.878217654300745,6,406
correlated,3.0,30,0.7,0.9,1,1000,55,0.10632183908045978,0.46914340448823105,12.327920867274953,11.45405200622679,6,406
correlated,3.0,30,0.7,0.9,1,1000,82,0.10509031198686371,0.4250136836343745,11.844238897613172,10.353213021461418,6,406
correlated,3.0,30,0.7,0.9,1,1000,122,0.09564860426929393,0.4067460317460306,15.837857857278358,14.268454066743313,6,406
correlated,3.0,30,0.7,0.9,1,1000,182,0.09400656814449919,0.3903256704980836,21.497211135299167,20.99178002924702,6,406
correlated,3.0,30,0.7,0.9,1,1000,272,0.08661740558292284,0.24828954570333797,28.31995807795681,29.583683806665334,6,406
correlated,3.0,30,0.7,0.9,1,1000,406,0.08333333333333333,0.26881499726327335,36.95906623877587,40.68410956189215,6,406
correlated,3.0,30,0.7,0.9,1,1000,606,0.07512315270935961,0.36432676518883395,52.359679017178145,64.34179577868414,6,406
correlated,3.0,30,0.7,0.9,1,1000,905,0.07635467980295567,0.2791461412151063,70.92615650818195,82.02913906054182,6,406
correlated,3.0,30,0.7,0.9,1,1000,1350,0.06896551724137931,0.2750410509031197,97.21060369177371,118.80398039185658,6,406
correlated,3.0,30,0.7,0.9,1,1000,2015,0.06773399014778325,0.1943760262725778,127.19300166895903,168.86909362802982,6,406
correlated,3.0,30,0.7,0.9,1,1000,3008,0.06403940886699508,0.2380952380952377,126.37471311397694,159.84645772334449,6,406
correlated,3.0,30,0.7,0.9,1,1000,4489,0.059523809523809514,0.17521893814997314,129.64583827136383,163.22267857941745,6,406
correlated,3.0,30,0.7,0.9,1,1000,6700,0.05213464696223317,0.13006294471811725,132.8943602749789,161.4081712012517,6,406
correlated,3.0,30,0.7,0.9,1,1000,10000,0.04967159277504105,0.1046113847837986,136.10277607396173,159.22822888292364,6,406
correlated,3.0,30,0.7,0.9,1,10000,1,0.18801313628899838,0.05473453749315249,0.05474807419753188,0.05416651209579114,6,406
correlated,3.0,30,0.7,0.9,1,10000,2,0.18513957307060758,0.05535030103995192,0.17945124705465132,0.15629701237936192,6,406
correlated,3.0,30,0.7,0.9,1,10000,3,0.18349753694581283,0.05151888341543215,0.19634071251586757,0.1941263041417115,6,406
correlated,3.0,30,0.7,0.9,1,10000,5,0.17939244663382595,0.04221401204159882,0.2801240737930688,0.1501065008378558,6,406
correlated,3.0,30,0.7,0.9,1,10000,7,0.17651888341543517,0.022714833059655354,0.32513838376425486,0.1230511638036544,6,406
correlated,3.0,30,0.7,0.9,1,10000,11,0.1752873563218391,0.06356048166392789,0.5124611883975398,0.33796035715767225,6,406
correlated,3.0,30,0.7,0.9,1,10000,16,0.17077175697865352,0.05062944718117366,0.7754914164452593,0.5690380542480279,6,406
correlated,3.0,30,0.7,0.9,1,10000,25,0.16954022988505746,0.0266146688560494,1.220329381172492,1.2890198073621593,6,406
correlated,3.0,30,0.7,0.9,1,10000,37,0.1724137931034483,0.031198686371097427,1.3629451002751392,1.5804687214415822,6,406
correlated,3.0,30,0.7,0.9,1,10000,55,0.16338259441707717,0.051450465243569145,1.7615496769259895,2.316892058923857,6,406
correlated,3.0,30,0.7,0.9,1,10000,82,0.16379310344827586,0.035098522167488655,1.5652296452174552,0.8574973192110014,6,406
correlated,3.0,30,0.7,0.9,1,10000,122,0.15394088669950737,0.058087027914615744,1.825878392397031,0.46626010294197884,6,406
correlated,3.0,30,0.7,0.9,1,10000,182,0.1510673234811166,0.10810071154898857,2.1737121612389303,0.7944557027769426,6,406
correlated,3.0,30,0.7,0.9,1,10000,272,0.13957307060755336,0.010399562123700551,3.0319679346770805,0.9239526042511556,6,406
correlated,3.0,30,0.7,0.9,1,10000,406,0.14244663382594416,0.035645867542420856,3.0988190491804595,1.1316545335277537,6,406
correlated,3.0,30,0.7,0.9,1,10000,606,0.13382594417077176,0.06869184455391517,4.2702919749640875,1.3730469762295179,6,406
correlated,3.0,30,0.7,0.9,1,10000,905,0.12274220032840723,0.09722222222222233,4.9893362488517115,1.7083792275870424,6,406
correlated,3.0,30,0.7,0.9,1,10000,1350,0.12397372742200329,0.015325670498084726,4.231298770761072,0.5152530217603692,6,406
correlated,3.0,30,0.7,0.9,1,10000,2015,0.11494252873563217,0.01039956212370196,5.998032611094967,1.256830454843866,6,406
correlated,3.0,30,0.7,0.9,1,10000,3008,0.11165845648604268,0.03667214012041732,5.7155388638061595,1.4651282329251618,6,406
correlated,3.0,30,0.7,0.9,1,10000,4489,0.111247947454844,0.04303503010399571,6.227138961067567,1.7679254811574137,6,406
correlated,3.0,30,0.7,0.9,1,10000,6700,0.1022167487684729,0.04905582922824288,7.234360130620378,1.379796646857337,6,406
correlated,3.0,30,0.7,0.9,1,10000,10000,0.10303776683087029,0.02579365079364969,8.087933512661083,2.309506771016435,6,406
correlated,3.0,30,0.7,0.9,2,0,1,0.0036945812807881776,0.008825944170771757,4.662265967551312,1.4929681965924007,6,406
correlated,3.0,30,0.7,0.9,2,0,2,0.0036945812807881776,0.008825944170771757,9.26433077098575,2.6932988873292327,6,406
correlated,3.0,30,0.7,0.9,2,0,3,0.003284072249589491,0.006294471811713192,15.923989013323764,4.1450560309609985,6,406
correlated,3.0,30,0.7,0.9,2,0,5,0.0024630541871921183,0.003284072249589491,32.49138779542351,10.148002970345749,6,406
correlated,3.0,30,0.7,0.9,2,0,7,0.0024630541871921183,0.003284072249589491,51.295221900704114,14.333508792568704,6,406
correlated,3.0,30,0.7,0.9,2,0,11,0.0024630541871921183,0.005747126436781609,114.2552429907036,42.173471349655564,6,406
correlated,3.0,30,0.7,0.9,2,0,16,0.0028735632183908046,0.008552271483305965,194.90009620370674,86.70891096840253,6,406
correlated,3.0,30,0.7,0.9,2,0,25,0.0008210180623973727,0.0005473453749315821,358.68482736730806,146.4393796585718,6,406
correlated,3.0,30,0.7,0.9,2,0,37,0.00041050903119868636,0.0003420908593322387,619.8518710337158,279.5296412871559,6,406
correlated,3.0,30,0.7,0.9,2,0,55,0.0008210180623973727,0.0005473453749315821,969.9027965487385,385.9645645352856,6,406
correlated,3.0,30,0.7,0.9,2,0,82,0.00041050903119868636,0.0003420908593322387,1464.9644728183573,631.825381901883,6,406
correlated,3.0,30,0.7,0.9,2,0,122,0.00041050903119868636,0.0003420908593322387,2020.4757340362157,853.2409668882784,6,406
correlated,3.0,30,0.7,0.9,2,0,182,0.0,0.0,2431.5158383822977,887.2263188273256,6,406
correlated,3.0,30,0.7,0.9,2,0,272,0.0008210180623973727,0.0013683634373289548,2800.8138456826114,1047.1265605631459,6,406
correlated,3.0,30,0.7,0.9,2,0,406,0.0008210180623973727,0.0005473453749315821,3106.109058485261,1095.4941164916556,6,406
correlated,3.0,30,0.7,0.9,2,0,606,0.0008210180623973727,0.0013683634373289548,3320.263535960659,1135.6078549182978,6,406
correlated,3.0,30,0.7,0.9,2,0,905,0.0012315270935960591,0.0006157635467980298,3642.8116159817423,1282.813637795709,6,406
correlated,3.0,30,0.7,0.9,2,0,1350,0.0012315270935960591,0.0014367816091954023,4053.8979271815983,1680.0679370600228,6,406
correlated,3.0,30,0.7,0.9,2,0,2015,0.0012315270935960591,0.0014367816091954023,4729.558142039473,2382.684599255874,6,406
correlated,3.0,30,0.7,0.9,2,0,3008,0.0008210180623973727,0.0013683634373289548,5024.826466835949,2810.8384138777724,6,406
correlated,3.0,30,0.7,0.9,2,0,4489,0.00041050903119868636,0.0003420908593322387,5263.732207492636,3226.6759199872104,6,406
correlated,3.0,30,0.7,0.9,2,0,6700,0.0,0.0,5260.453523030746,3235.706863951784,6,406
correlated,3.0,30,0.7,0.9,2,0,10000,0.00041050903119868636,0.0003420908593322387,5290.040331288988,3249.3181263804754,6,406
correlated,3.0,30,0.7,0.9,2,100,1,0.024630541871921183,0.050903119868637166,2.5984237114544584,1.092578372363222,6,406
correlated,3.0,30,0.7,0.9,2,100,2,0.02257799671592775,0.04057197591680353,6.796504137323026,2.507731242394778,6,406
correlated,3.0,30,0.7,0.9,2,100,3,0.02463054187192118,0.04515599343185548,9.200580449960459,5.086302054153169,6,406
correlated,3.0,30,0.7,0.9,2,100,5,0.02257799671592775,0.03975095785440611,14.813205682752724,9.724497533573835,6,406
correlated,3.0,30,0.7,0.9,2,100,7,0.024630541871921183,0.04926108374384232,21.46640219644691,10.934394263239653,6,406
correlated,3.0,30,0.7,0.9,2,100,11,0.02175697865353038,0.03892993979200878,35.357464421940456,27.09115411383128,6,406
correlated,3.0,30,0.7,0.9,2,100,16,0.022577996715927747,0.05206622879036677,47.37898637093929,27.696781845282892,6,406
correlated,3.0,30,0.7,0.9,2,100,25,0.02175697865353038,0.047140120415982555,71.88479109407504,43.52888971037069,6,406
correlated,3.0,30,0.7,0.9,2,100,37,0.021346469622331693,0.03831417624521076,104.13806347765258,77.35229912556234,6,406
correlated,3.0,30,0.7,0.9,2,100,55,0.020114942528735632,0.03318281335522716,135.45187060881963,72.1695571188488,6,406
correlated,3.0,30,0.7,0.9,2,100,82,0.020525451559934318,0.030103995621236987,186.9965886814448,85.98157512526885,6,406
correlated,3.0,30,0.7,0.9,2,100,122,0.0180623973727422,0.020251778872468547,261.26718091412835,157.8338450441193,6,406
correlated,3.0,30,0.7,0.9,2,100,182,0.01929392446633826,0.04467706622879038,375.35795976576986,249.03308800035535,6,406
correlated,3.0,30,0.7,0.9,2,100,272,0.016420361247947456,0.03831417624521069,473.45154059198404,291.8391846410891,6,406
correlated,3.0,30,0.7,0.9,2,100,406,0.014367816091954021,0.03154077723043243,510.3465512148826,179.2833687224659,6,406
correlated,3.0,30,0.7,0.9,2,100,606,0.013136288998357963,0.025177887246852756,626.6237584602937,184.5530601014769,6,406
correlated,3.0,30,0.7,0.9,2,100,905,0.016420361247947456,0.017788724685276393,696.2175747917609,265.99675946948554,6,406
correlated,3.0,30,0.7,0.9,2,100,1350,0.016830870279146145,0.021688560481663902,894.070078037117,364.34390307722856,6,406
correlated,3.0,30,0.7,0.9,2,100,2015,0.015599343185550079,0.03503010399562127,1253.736849821415,834.6914462989395,6,406
correlated,3.0,30,0.7,0.9,2,100,3008,0.013136288998357962,0.018609742747673783,1448.0435770621837,1136.0218823717728,6,406
correlated,3.0,30,0.7,0.9,2,100,4489,0.011904761904761904,0.01758347016967706,1598.09381289045,1398.051975193499,6,406
correlated,3.0,30,0.7,0.9,2,100,6700,0.011083743842364532,0.01867816091954022,1599.3025091909994,1422.2696519888298,6,406
correlated,3.0,30,0.7,0.9,2,100,10000,0.010673234811165845,0.014504652435686926,1609.5132202308384,1411.7499177136538,6,406
correlated,3.0,30,0.7,0.9,2,1000,1,0.12397372742200329,0.8240284619594954,0.40461939672808994,0.4184108028662805,6,406
correlated,3.0,30,0.7,0.9,2,1000,2,0.12192118226600986,0.8052134646962221,0.7288777145336379,0.6930430084646614,6,406
correlated,3.0,30,0.7,0.9,2,1000,3,0.11986863711001643,0.856869184455391,0.787657121324278,0.638834942863768,6,406
correlated,3.0,30,0.7,0.9,2,1000,5,0.11330049261083745,0.8284072249589475,2.1467434902471347,1.7170360792667045,6,406
correlated,3.0,30,0.7,0.9,2,1000,7,0.11371100164203612,0.7606048166392992,3.0337507449299217,2.4274737601551024,6,406
correlated,3.0,30,0.7,0.9,2,1000,11,0.11042692939244664,0.864053092501369,3.2162451466451056,2.595993848550721,6,406
correlated,3.0,30,0.7,0.9,2,1000,16,0.10714285714285715,0.888136288998357,4.916004254651363,4.73833280420148,6,406
correlated,3.0,30,0.7,0.9,2,1000,25,0.10714285714285715,1.0022577996715927,6.122214584833853,6.783294724933182,6,406
correlated,3.0,30,0.7,0.9,2,1000,37,0.10344827586206895,1.1387520525451575,8.046256602749997,8.47099431377828,6,406
correlated,3.0,30,0.7,0.9,2,1000,55,0.10139573070607553,1.1637246852764096,13.352562204903187,13.780271073169583,6,406
correlated,3.0,30,0.7,0.9,2,1000,82,0.09893267651888342,1.0389299397920093,15.744799234209138,13.661568657672918,6,406
correlated,3.0,30,0.7,0.9,2,1000,122,0.0993431855500821,0.9636015325670497,22.119901383597874,18.243943431311553,6,406
correlated,3.0,30,0.7,0.9,2,1000,182,0.09646962233169128,1.0216885604816648,31.697621882034397,31.384184986175985,6,406
correlated,3.0,30,0.7,0.9,2,1000,272,0.09113300492610837,0.8259441707717567,41.43522213441152,36.669358812521516,6,406
correlated,3.0,30,0.7,0.9,2,1000,406,0.08456486042692939,0.7140120415982492,67.4806935141988,64.18339984230225,6,406
correlated,3.0,30,0.7,0.9,2,1000,606,0.08292282430213466,0.741105637657361,112.41028654557623,113.37978752133115,6,406
correlated,3.0,30,0.7,0.9,2,1000,905,0.07471264367816093,0.6228790366721397,199.19764592332737,232.25419978444825,6,406
correlated,3.0,30,0.7,0.9,2,1000,1350,0.07060755336617407,0.5703338806787076,298.17131813327063,343.34122985949864,6,406
correlated,3.0,30,0.7,0.9,2,1000,2015,0.06486042692939245,0.5793650793650788,354.0301582369352,428.3767300746044,6,406
correlated,3.0,30,0.7,0.9,2,1000,3008,0.060344827586206885,0.4480706075533667,422.75971369601024,544.144420100816,6,406
correlated,3.0,30,0.7,0.9,2,1000,4489,0.051313628899835796,0.35091680350301035,435.61558863528353,570.6452495306548,6,406
correlated,3.0,30,0.7,0.9,2,1000,6700,0.05049261083743842,0.3043924466338264,441.16598227630715,576.1882047186573,6,406
correlated,3.0,30,0.7,0.9,2,1000,10000,0.04310344827586207,0.1713875205254516,443.5205956435902,574.0021211783543,6,406
correlated,3.0,30,0.7,0.9,2,10000,1,0.201559934318555,0.030719759168033864,0.05579164109614468,0.07057665234885542,6,406
correlated,3.0,30,0.7,0.9,2,10000,2,0.19991789819376027,0.030719759168033864,0.056999478704354956,0.033849906425215424,6,406
correlated,3.0,30,0.7,0.9,2,10000,3,0.19950738916256158,0.027914614121508446,0.058405383881380724,0.033910164927611314,6,406
correlated,3.0,30,0.7,0.9,2,10000,5,0.19786535303776684,0.018609742747672298,0.10044798202767397,0.04242324800333063,6,406
correlated,3.0,30,0.7,0.9,2,10000,7,0.19458128078817735,0.02216748768472597,0.16546698687084033,0.08659059919514196,6,406
correlated,3.0,30,0.7,0.9,2,10000,11,0.19334975369458127,0.021962233169132733,0.2395260304475246,0.09454377307785243,6,406
correlated,3.0,30,0.7,0.9,2,10000,16,0.1925287356321839,0.013478379857692069,0.2995021311275714,0.08246819571100387,6,406
correlated,3.0,30,0.7,0.9,2,10000,25,0.18760262725779966,0.022509578544064934,0.4072429841720469,0.1146377739989785,6,406
correlated,3.0,30,0.7,0.9,2,10000,37,0.1859605911330049,0.04495073891625982,0.4799454466344859,0.16148193306270928,6,406
correlated,3.0,30,0.7,0.9,2,10000,55,0.18596059113300492,0.04002463054187283,0.6564176812908961,0.2729836495527044,6,406
correlated,3.0,30,0.7,0.9,2,10000,82,0.18185550082101806,0.024151614668855903,0.7449424626208233,0.2567928732648772,6,406
correlated,3.0,30,0.7,0.9,2,10000,122,0.17651888341543512,0.06704980842912138,1.0739254314444109,0.4847159355984609,6,406
correlated,3.0,30,0.7,0.9,2,10000,182,0.17610837438423643,0.0268883415435155,1.3491151501005272,0.5896830925626325,6,406
correlated,3.0,30,0.7,0.9,2,10000,272,0.17323481116584563,0.03010399562123866,1.5421105718797687,0.5748524298573943,6,406
correlated,3.0,30,0.7,0.9,2,10000,406,0.1695402298850575,0.03564586754241663,1.9046494610798976,0.7293855793029067,6,406
correlated,3.0,30,0.7,0.9,2,10000,606,0.16215106732348114,0.04878215654077537,2.3640493354004066,1.4318318838949173,6,406
correlated,3.0,30,0.7,0.9,2,10000,905,0.15270935960591134,0.0788177339901468,2.601864700038741,1.337360381811348,6,406
correlated,3.0,30,0.7,0.9,2,10000,1350,0.15476190476190477,0.05699233716475134,2.8843207257273136,0.5753306253759856,6,406
correlated,3.0,30,0.7,0.9,2,10000,2015,0.13793103448275862,0.06814449917898296,4.139814814261456,1.548112948567009,6,406
correlated,3.0,30,0.7,0.9,2,10000,3008,0.12561576354679801,0.11247947454844195,5.244617195853196,1.645928068651235,6,406
correlated,3.0,30,0.7,0.9,2,10000,4489,0.12192118226600986,0.044129720853857995,5.803006348063044,1.355996346006879,6,406
correlated,3.0,30,0.7,0.9,2,10000,6700,0.11658456486042694,0.08839627805144905,6.747049362016351,1.7923286958960807,6,406
correlated,3.0,30,0.7,0.9,2,10000,10000,0.11165845648604268,0.026819923371648974,7.465705098894705,1.8032228180286187,6,406
correlated,3.0,30,0.7,0.9,3,0,1,0.003284072249589491,0.0021893814997263287,6.594471672991683,1.7164205371106418,6,406
correlated,3.0,30,0.7,0.9,3,0,2,0.003284072249589491,0.0021893814997263287,13.112577776441269,2.07990360619491,6,406
correlated,3.0,30,0.7,0.9,3,0,3,0.0028735632183908046,0.0011631089217296114,20.057360178667963,3.854802359506624,6,406
correlated,3.0,30,0.7,0.9,3,0,5,0.002052545155993432,0.0003420908593322384,42.825290202647665,12.091401547922437,6,406
correlated,3.0,30,0.7,0.9,3,0,7,0.0016420361247947454,0.0013683634373289552,62.659635383959575,15.190270272642051,6,406
correlated,3.0,30,0.7,0.9,3,0,11,0.0016420361247947454,0.0013683634373289546,122.75997967197532,14.505998292401369,6,406
correlated,3.0,30,0.7,0.9,3,0,16,0.0016420361247947454,0.0013683634373289552,214.20544194632194,31.072418885717976,6,406
correlated,3.0,30,0.7,0.9,3,0,25,0.00041050903119868636,0.0003420908593322387,437.9478250223422,68.95121584197865,6,406
correlated,3.0,30,0.7,0.9,3,0,37,0.00041050903119868636,0.0003420908593322387,730.1711169235936,107.99932022085841,6,406
correlated,3.0,30,0.7,0.9,3,0,55,0.00041050903119868636,0.0003420908593322387,1151.959307485855,176.28965627315222,6,406
correlated,3.0,30,0.7,0.9,3,0,82,0.0008210180623973727,0.0013683634373289548,1649.7138505564326,312.25117114603086,6,406
correlated,3.0,30,0.7,0.9,3,0,122,0.00041050903119868636,0.0003420908593322387,2322.5825159124074,500.7724527987783,6,406
correlated,3.0,30,0.7,0.9,3,0,182,0.0,0.0,2694.3050716394023,543.8851126976647,6,406
correlated,3.0,30,0.7,0.9,3,0,272,0.00041050903119868636,0.0003420908593322387,2963.021014684722,667.0843985745815,6,406
correlated,3.0,30,0.7,0.9,3,0,406,0.0,0.0,3419.628510712484,1055.4482124284827,6,406
correlated,3.0,30,0.7,0.9,3,0,606,0.0,0.0,3823.2734986554187,1405.2053054497526,6,406
correlated,3.0,30,0.7,0.9,3,0,905,0.0008210180623973727,0.0005473453749315821,4060.064926671364,1335.4270803172521,6,406
correlated,3.0,30,0.7,0.9,3,0,1350,0.0008210180623973727,0.0005473453749315821,4406.70108147494,1184.4950351743407,6,406
correlated,3.0,30,0.7,0.9,3,0,2015,0.0012315270935960591,0.0014367816091954023,4738.759858146724,1222.9794905871165,6,406
correlated,3.0,30,0.7,0.9,3,0,3008,0.0008210180623973727,0.0013683634373289548,5104.858676563824,1004.0705024279464,6,406
correlated,3.0,30,0.7,0.9,3,0,4489,0.0008210180623973727,0.0005473453749315821,5343.067982665568,1052.982671108104,6,406
correlated,3.0,30,0.7,0.9,3,0,6700,0.00041050903119868636,0.0003420908593322387,5429.032130269593,1008.2337117364673,6,406
correlated,3.0,30,0.7,0.9,3,0,10000,0.0008210180623973727,0.0005473453749315821,5390.006836415534,944.0662776166255,6,406
correlated,3.0,30,0.7,0.9,3,100,1,0.014367816091954021,0.04303503010399562,2.845264284709127,1.3750698205170226,6,406
correlated,3.0,30,0.7,0.9,3,100,2,0.01354679802955665,0.03674055829228244,6.695897366348575,3.077333119073616,6,406
correlated,3.0,30,0.7,0.9,3,100,3,0.012725779967159276,0.03400383141762455,9.99392679612942,3.3274262058547106,6,406
correlated,3.0,30,0.7,0.9,3,100,5,0.013546798029556648,0.028530377668308734,14.069963514831736,3.119128606076747,6,406
correlated,3.0,30,0.7,0.9,3,100,7,0.01354679802955665,0.029351395730706067,18.392407006259244,4.858027776128121,6,406
correlated,3.0,30,0.7,0.9,3,100,11,0.010673234811165846,0.020251778872468526,26.25494711835498,9.81805098220145,6,406
correlated,3.0,30,0.7,0.9,3,100,16,0.011904761904761906,0.024151614668856045,43.048894167642736,18.201413066077432,6,406
correlated,3.0,30,0.7,0.9,3,100,25,0.009031198686371101,0.021072796934865898,66.7504296668367,28.462390940270023,6,406
correlated,3.0,30,0.7,0.9,3,100,37,0.009441707717569787,0.017583470169677068,98.5887299839438,48.12814182131795,6,406
correlated,3.0,30,0.7,0.9,3,100,55,0.007799671592775041,0.014299397920087581,137.6268778404381,79.60883618354966,6,406
correlated,3.0,30,0.7,0.9,3,100,82,0.006568144499178982,0.012041598248494796,199.45574270224333,101.80918026846972,6,406
correlated,3.0,30,0.7,0.9,3,100,122,0.005747126436781609,0.007936507936507938,259.88180907270356,103.86205598011873,6,406
correlated,3.0,30,0.7,0.9,3,100,182,0.006978653530377668,0.010194307608100712,286.70340795180954,97.58820672089443,6,406
correlated,3.0,30,0.7,0.9,3,100,272,0.005747126436781609,0.0030103995621236996,371.6946705201639,152.46988500383156,6,406
correlated,3.0,30,0.7,0.9,3,100,406,0.006157635467980296,0.007183908045977014,543.9990420327871,266.3004634481494,6,406
correlated,3.0,30,0.7,0.9,3,100,606,0.004105090311986864,0.006294471811713192,643.7324194440292,360.8728018907662,6,406
correlated,3.0,30,0.7,0.9,3,100,905,0.006978653530377668,0.010194307608100707,766.9475352477424,410.5130568572178,6,406
correlated,3.0,30,0.7,0.9,3,100,1350,0.006568144499178982,0.012041598248494796,887.8899319742437,348.25111431403315,6,406
correlated,3.0,30,0.7,0.9,3,100,2015,0.006157635467980295,0.011288998357963872,1114.1301696271805,496.0664789084571,6,406
correlated,3.0,30,0.7,0.9,3,100,3008,0.0049261083743842365,0.0090311986863711,1276.430713172159,483.46829504375916,6,406
correlated,3.0,30,0.7,0.9,3,100,4489,0.005747126436781608,0.012041598248494793,1382.8029221108802,476.99138107549487,6,406
correlated,3.0,30,0.7,0.9,3,100,6700,0.005747126436781609,0.014504652435686913,1464.4959384761912,484.21762497231845,6,406
correlated,3.0,30,0.7,0.9,3,100,10000,0.005336617405582922,0.005268199233716477,1449.042912394827,440.99671747916517,6,406
correlated,3.0,30,0.7,0.9,3,1000,1,0.07430213464696224,0.0964012041598244,0.8111939336057193,1.008423115484483,6,406
correlated,3.0,30,0.7,0.9,3,1000,2,0.06937602627257801,0.10132731253420857,1.4208982015573346,1.3051294927355934,6,406
correlated,3.0,30,0.7,0.9,3,1000,3,0.06855500821018064,0.10461138478379825,1.8314361490258457,1.0078578084870298,6,406
correlated,3.0,30,0.7,0.9,3,1000,5,0.06239737274220033,0.12616310892172936,3.5676817229443185,2.3315354998818862,6,406
correlated,3.0,30,0.7,0.9,3,1000,7,0.05911330049261084,0.08045977011494235,5.120324344401138,3.051595293515008,6,406
correlated,3.0,30,0.7,0.9,3,1000,11,0.05541871921182267,0.06629720853858749,7.802556179900247,5.597649657254935,6,406
correlated,3.0,30,0.7,0.9,3,1000,16,0.055418719211822655,0.07286535303776703,10.385651682810952,6.858264806243456,6,406
correlated,3.0,30,0.7,0.9,3,1000,25,0.056650246305418726,0.09523809523809505,15.847656401297572,9.963153678321833,6,406
correlated,3.0,30,0.7,0.9,3,1000,37,0.05295566502463054,0.07450738916256153,23.230278519690657,13.091419964188738,6,406
correlated,3.0,30,0.7,0.9,3,1000,55,0.05172413793103448,0.06732348111658466,28.154671182555045,16.199647785485894,6,406
correlated,3.0,30,0.7,0.9,3,1000,82,0.046798029556650245,0.05829228243021356,30.333523408395966,18.73853072826887,6,406
correlated,3.0,30,0.7,0.9,3,1000,122,0.041050903119868636,0.03831417624521076,44.66225465281723,25.26198031585397,6,406
correlated,3.0,30,0.7,0.9,3,1000,182,0.036124794745484405,0.03503010399562107,60.292725674654385,33.17625879396769,6,406
correlated,3.0,30,0.7,0.9,3,1000,272,0.03201970443349754,0.05582922824302129,62.53065042580055,30.794498479835564,6,406
correlated,3.0,30,0.7,0.9,3,1000,406,0.03366174055829228,0.031746031746031654,85.71623596045885,47.933261252767515,6,406
correlated,3.0,30,0.7,0.9,3,1000,606,0.03201970443349754,0.11494252873563202,101.34131256788918,64.79632468626112,6,406
correlated,3.0,30,0.7,0.9,3,1000,905,0.02873563218390805,0.06048166392993968,135.65674241357962,99.58463582108956,6,406
correlated,3.0,30,0.7,0.9,3,1000,1350,0.028325123152709363,0.03756157635467977,155.15567068523623,129.1711982420666,6,406
correlated,3.0,30,0.7,0.9,3,1000,2015,0.02873563218390805,0.01943076081007104,272.8905826017971,254.6877703913744,6,406
correlated,3.0,30,0.7,0.9,3,1000,3008,0.0270935960591133,0.0443349753694581,334.92660673800947,279.01201012595567,6,406
correlated,3.0,30,0.7,0.9,3,1000,4489,0.02257799671592775,0.02415161466885599,345.9910480269889,288.25512026397627,6,406
correlated,3.0,30,0.7,0.9,3,1000,6700,0.020114942528735632,0.01347837985769022,370.8838103613323,290.31469763966675,6,406
correlated,3.0,30,0.7,0.9,3,1000,10000,0.021346469622331693,0.030103995621236987,386.22724875861695,303.3974478934879,6,406
correlated,3.0,30,0.7,0.9,3,10000,1,0.1354679802955665,0.04761904761904937,0.11710710241702683,0.04626239590975844,6,406
correlated,3.0,30,0.7,0.9,3,10000,2,0.13218390804597702,0.04980842911877395,0.2719330657913237,0.11147632631403633,6,406
correlated,3.0,30,0.7,0.9,3,10000,3,0.12725779967159276,0.052271483305967446,0.5571039775519314,0.1784048312174934,6,406
correlated,3.0,30,0.7,0.9,3,10000,5,0.1264367816091954,0.06951286261631207,0.8156803185602458,0.1973884229838911,6,406
correlated,3.0,30,0.7,0.9,3,10000,7,0.12274220032840723,0.054529282977558546,0.8580330759240615,0.34502192964955847,6,406
correlated,3.0,30,0.7,0.9,3,10000,11,0.1202791461412151,0.038929939792009836,1.3299231151748614,0.6752329179964143,6,406
correlated,3.0,30,0.7,0.9,3,10000,16,0.11288998357963875,0.05042419266557127,1.9713281825107911,1.0002180109503949,6,406
correlated,3.0,30,0.7,0.9,3,10000,25,0.11042692939244662,0.07833880678708394,2.7290574391272404,1.0960784262755479,6,406
correlated,3.0,30,0.7,0.9,3,10000,37,0.10509031198686371,0.051450465243569145,2.9581952659898376,0.9810815166910833,6,406
correlated,3.0,30,0.7,0.9,3,10000,55,0.10303776683087028,0.04139299397920122,3.8971284683555756,0.8695630802748637,6,406
correlated,3.0,30,0.7,0.9,3,10000,82,0.09811165845648602,0.07669677066228944,5.491568282904769,1.4735823244875461,6,406
correlated,3.0,30,0.7,0.9,3,10000,122,0.09482758620689653,0.11145320197044478,6.5121023418782675,2.363147724969814,6,406
correlated,3.0,30,0.7,0.9,3,10000,182,0.08538587848932677,0.038314176245210406,7.91892321901505,0.9742570471189093,6,406
correlated,3.0,30,0.7,0.9,3,10000,272,0.0784072249589491,0.04549808429118744,9.616360416113228,1.6004726705408647,6,406
correlated,3.0,30,0.7,0.9,3,10000,406,0.06773399014778324,0.056444991789820195,11.831869354216863,3.618100555665802,6,406
correlated,3.0,30,0.7,0.9,3,10000,606,0.056650246305418726,0.05829228243021338,14.378678067442252,6.2556136930249835,6,406
correlated,3.0,30,0.7,0.9,3,10000,905,0.058702791461412156,0.1193897099069513,14.02514603757429,5.143585062431739,6,406
correlated,3.0,30,0.7,0.9,3,10000,1350,0.05952380952380953,0.06520251778872467,15.988502137676251,5.121381736963507,6,406
correlated,3.0,30,0.7,0.9,3,10000,2015,0.053366174055829226,0.0703338806787086,16.544474738018653,5.120260543303155,6,406
correlated,3.0,30,0.7,0.9,3,10000,3008,0.04926108374384237,0.07717569786535283,18.757958427479917,5.156115447380639,6,406
correlated,3.0,30,0.7,0.9,3,10000,4489,0.04926108374384237,0.025451559934318472,22.554878819903433,6.404705989261233,6,406
correlated,3.0,30,0.7,0.9,3,10000,6700,0.04720853858784893,0.007731253420908712,19.722322417847433,6.03195439079694,6,406
correlated,3.0,30,0.7,0.9,3,10000,10000,0.05008210180623974,0.03831417624521076,21.568918881441082,7.333298172277018,6,406
correlated,3.0,30,0.7,0.9,4,0,1,0.004105090311986864,0.0071154898741105635,6.6089557075642,1.9793282579763327,6,406
correlated,3.0,30,0.7,0.9,4,0,2,0.004105090311986864,0.0071154898741105635,15.164216813893866,6.057338633843847,6,406
correlated,3.0,30,0.7,0.9,4,0,3,0.004105090311986864,0.0071154898741105635,21.183573625577925,8.56430603530403,6,406
correlated,3.0,30,0.7,0.9,4,0,5,0.004105090311986864,0.0071154898741105635,47.00245159106621,21.793697350877764,6,406
correlated,3.0,30,0.7,0.9,4,0,7,0.0036945812807881776,0.004720853858784893,69.73705470639857,27.66011574246243,6,406
correlated,3.0,30,0.7,0.9,4,0,11,0.003284072249589491,0.0046524356869184465,126.7236746572277,32.465834196525996,6,406
correlated,3.0,30,0.7,0.9,4,0,16,0.0028735632183908046,0.0028051450465243566,214.47364195493094,79.18544232920858,6,406
correlated,3.0,30,0.7,0.9,4,0,25,0.0016420361247947454,0.0030103995621236996,378.2123024406654,134.8033802966493,6,406
correlated,3.0,30,0.7,0.9,4,0,37,0.0008210180623973727,0.0013683634373289548,639.6551732882432,269.47441552633836,6,406
correlated,3.0,30,0.7,0.9,4,0,55,0.0016420361247947454,0.0030103995621236996,974.1092635832459,400.71139493233886,6,406
correlated,3.0,30,0.7,0.9,4,0,82,0.0012315270935960591,0.0014367816091954023,1504.6263740562479,525.8487766255716,6,406
correlated,3.0,30,0.7,0.9,4,0,122,0.0008210180623973727,0.0013683634373289548,2075.5395398374308,734.9387014523894,6,406
correlated,3.0,30,0.7,0.9,4,0,182,0.0008210180623973727,0.0013683634373289548,2531.407990532531,911.3518802050801,6,406
correlated,3.0,30,0.7,0.9,4,0,272,0.0008210180623973727,0.0013683634373289548,2847.413412786083,1087.8116471991477,6,406
correlated,3.0,30,0.7,0.9,4,0,406,0.0012315270935960591,0.003078817733990148,3140.3989577823468,1098.9919266084553,6,406
correlated,3.0,30,0.7,0.9,4,0,606,0.0008210180623973727,0.0013683634373289548,3558.854101147783,1267.45692246145,6,406
correlated,3.0,30,0.7,0.9,4,0,905,0.0008210180623973727,0.0013683634373289548,3651.916457601834,1313.0074535972585,6,406
correlated,3.0,30,0.7,0.9,4,0,1350,0.0016420361247947454,0.0030103995621236996,3995.834450612349,1578.568846495186,6,406
correlated,3.0,30,0.7,0.9,4,0,2015,0.002052545155993432,0.005268199233716475,4218.569306423603,1626.5474769371738,6,406
correlated,3.0,30,0.7,0.9,4,0,3008,0.0016420361247947454,0.0030103995621236996,4346.120598291864,1570.4782122362844,6,406
correlated,3.0,30,0.7,0.9,4,0,4489,0.0024630541871921183,0.003284072249589491,4476.393586461234,1669.3666864599024,6,406
correlated,3.0,30,0.7,0.9,4,0,6700,0.0012315270935960591,0.0014367816091954023,4649.062286904527,1979.657133355048,6,406
correlated,3.0,30,0.7,0.9,4,0,10000,0.0016420361247947454,0.0030103995621236996,4699.661802015872,2020.8661347490954,6,406
correlated,3.0,30,0.7,0.9,4,100,1,0.019704433497536946,0.10837438423645317,2.594488978682352,1.459106454636202,6,406
correlated,3.0,30,0.7,0.9,4,100,2,0.020114942528735632,0.1325259989053093,5.09273127795621,3.04067143694859,6,406
correlated,3.0,30,0.7,0.9,4,100,3,0.019704433497536946,0.13711001642036125,7.3775960467726,3.4217023003344256,6,406
correlated,3.0,30,0.7,0.9,4,100,5,0.018062397372742203,0.09578544061302678,11.472221360042298,5.332441552236938,6,406
correlated,3.0,30,0.7,0.9,4,100,7,0.018883415435139574,0.09742747673782154,16.0527873771918,6.837008629705239,6,406
correlated,3.0,30,0.7,0.9,4,100,11,0.017651888341543513,0.0947591680350301,31.32763854207508,17.75957391600846,6,406
correlated,3.0,30,0.7,0.9,4,100,16,0.015599343185550082,0.07772304324028464,45.122480198843256,24.641135083643427,6,406
correlated,3.0,30,0.7,0.9,4,100,25,0.016009852216748766,0.08764367816091959,65.05482518251067,25.356364430494686,6,406
correlated,3.0,30,0.7,0.9,4,100,37,0.016009852216748766,0.07697044334975373,94.26285171332366,37.89362723010144,6,406
correlated,3.0,30,0.7,0.9,4,100,55,0.013957307060755335,0.09496442255062945,133.67618284841174,60.100405585100155,6,406
correlated,3.0,30,0.7,0.9,4,100,82,0.014367816091954025,0.07998084291187738,191.15964751486908,72.37587105105099,6,406
correlated,3.0,30,0.7,0.9,4,100,122,0.011494252873563218,0.056376573617952945,249.75755077537386,104.69052913396615,6,406
correlated,3.0,30,0.7,0.9,4,100,182,0.01231527093596059,0.059934318555008234,360.635319731111,160.38031113458155,6,406
correlated,3.0,30,0.7,0.9,4,100,272,0.009852216748768473,0.02298850574712643,506.32706960501713,238.28957172889534,6,406
correlated,3.0,30,0.7,0.9,4,100,406,0.011494252873563218,0.04816639299397919,623.2562083389023,270.7345326076598,6,406
correlated,3.0,30,0.7,0.9,4,100,606,0.011083743842364532,0.038382594417077184,709.7904859984709,308.86071135160154,6,406
correlated,3.0,30,0.7,0.9,4,100,905,0.009031198686371101,0.04406130268199235,753.5460182044794,326.06179397917714,6,406
correlated,3.0,30,0.7,0.9,4,100,1350,0.012725779967159278,0.050424192665571986,913.4616101486341,484.0157942156344,6,406
correlated,3.0,30,0.7,0.9,4,100,2015,0.011494252873563218,0.045703338806787064,1003.6079479283459,469.8474171302034,6,406
correlated,3.0,30,0.7,0.9,4,100,3008,0.007389162561576355,0.025451559934318548,1058.808790607006,456.57000669666866,6,406
correlated,3.0,30,0.7,0.9,4,100,4489,0.010262725779967159,0.02333059660645867,1158.2721362748903,568.0434546559787,6,406
correlated,3.0,30,0.7,0.9,4,100,6700,0.008620689655172414,0.03674055829228243,1250.1990335454777,769.0718595255257,6,406
correlated,3.0,30,0.7,0.9,4,100,10000,0.007799671592775041,0.015941434044882324,1269.0016134055425,776.4144953528665,6,406
correlated,3.0,30,0.7,0.9,4,1000,1,0.14285714285714288,0.3842364532019685,0.3364286576214223,0.578735746401654,6,406
correlated,3.0,30,0.7,0.9,4,1000,2,0.14080459770114942,0.4404077723043257,0.5776243984868584,0.9365970074925659,6,406
correlated,3.0,30,0.7,0.9,4,1000,3,0.13916256157635468,0.42754515599343307,0.6101057276900796,0.7953926323377897,6,406
correlated,3.0,30,0.7,0.9,4,1000,5,0.1366995073891626,0.447249589490967,0.9616771061424848,1.131638112182344,6,406
correlated,3.0,30,0.7,0.9,4,1000,7,0.13423645320197045,0.45053366174055737,1.713907625513596,2.549447137195381,6,406
correlated,3.0,30,0.7,0.9,4,1000,11,0.1301313628899836,0.47242747673782287,3.3841342704151707,6.364314486590366,6,406
correlated,3.0,30,0.7,0.9,4,1000,16,0.13177339901477833,0.5309934318555007,4.295070074196219,7.87053410763492,6,406
correlated,3.0,30,0.7,0.9,4,1000,25,0.1268472906403941,0.45874384236453053,5.332445094893363,6.630077495049559,6,406
correlated,3.0,30,0.7,0.9,4,1000,37,0.12274220032840723,0.5290777230432409,5.31262554577203,8.036720061889127,6,406
correlated,3.0,30,0.7,0.9,4,1000,55,0.1149425287356322,0.5580186097427458,12.307849551030422,23.423681728344746,6,406
correlated,3.0,30,0.7,0.9,4,1000,82,0.11617405582922824,0.47899562123700085,14.424869483995769,26.05595778318653,6,406
correlated,3.0,30,0.7,0.9,4,1000,122,0.1145320197044335,0.4817323481116583,16.096403367569184,21.514314609427476,6,406
correlated,3.0,30,0.7,0.9,4,1000,182,0.10714285714285714,0.49158456486042806,28.178636438993504,39.98944916455244,6,406
correlated,3.0,30,0.7,0.9,4,1000,272,0.10385878489326766,0.35091680350300947,56.897823855083665,112.85315671805948,6,406
correlated,3.0,30,0.7,0.9,4,1000,406,0.09729064039408868,0.33066502463054054,98.94938358127273,207.28726543524704,6,406
correlated,3.0,30,0.7,0.9,4,1000,606,0.0964696223316913,0.34024356869184424,113.0707160218459,238.497032662139,6,406
correlated,3.0,30,0.7,0.9,4,1000,905,0.09605911330049262,0.37192118226600945,124.30901852348006,249.50435387166124,6,406
correlated,3.0,30,0.7,0.9,4,1000,1350,0.08620689655172414,0.3415435139573068,161.31774463937083,293.1870786590051,6,406
correlated,3.0,30,0.7,0.9,4,1000,2015,0.08374384236453203,0.3128078817733983,185.78991634632152,322.6405476675103,6,406
correlated,3.0,30,0.7,0.9,4,1000,3008,0.08045977011494253,0.2977558839627807,208.73207775268577,342.2018004123283,6,406
correlated,3.0,30,0.7,0.9,4,1000,4489,0.07922824302134647,0.2655309250136833,285.64623240153804,521.7528199524979,6,406
correlated,3.0,30,0.7,0.9,4,1000,6700,0.0669129720853859,0.21626984126984047,318.1595043525339,582.6869204024273,6,406
correlated,3.0,30,0.7,0.9,4,1000,10000,0.06527093596059114,0.23871100164203607,328.1925150369212,599.5995175533325,6,406
correlated,3.0,30,0.7,0.9,4,10000,1,0.20320197044334976,0.03345648604269487,0.02781257491257549,0.025275012533680356,6,406
correlated,3.0,30,0.7,0.9,4,10000,2,0.20238095238095236,0.028256704980844594,0.03497222285723952,0.02310569171290014,6,406
correlated,3.0,30,0.7,0.9,4,10000,3,0.20114942528735633,0.02517788724685026,0.061945803360974494,0.019652830989120556,6,406
correlated,3.0,30,0.7,0.9,4,10000,5,0.19991789819376027,0.03318281335522595,0.08203529122432489,0.013737832614404212,6,406
correlated,3.0,30,0.7,0.9,4,10000,7,0.20032840722495893,0.031746031746033854,0.1269274004068933,0.027299277933587038,6,406
correlated,3.0,30,0.7,0.9,4,10000,11,0.19376026272577998,0.04159824849479657,0.2078566392367088,0.0928211937097823,6,406
correlated,3.0,30,0.7,0.9,4,10000,16,0.19047619047619047,0.03831417624521463,0.26324700301580767,0.08052535629265983,6,406
correlated,3.0,30,0.7,0.9,4,10000,25,0.18513957307060758,0.039750957854401095,0.3883040399614292,0.10719020163662249,6,406
correlated,3.0,30,0.7,0.9,4,10000,37,0.1814449917898194,0.0506294471811638,0.4689318789212294,0.11439622296450459,6,406
correlated,3.0,30,0.7,0.9,4,10000,55,0.1798029556650246,0.07717569786535583,0.6946721194032417,0.3739712311268736,6,406
correlated,3.0,30,0.7,0.9,4,10000,82,0.17487684729064043,0.06486042692938834,0.9400511555151366,0.28413610931902855,6,406
correlated,3.0,30,0.7,0.9,4,10000,122,0.17323481116584563,0.16064586754242072,1.2170430169738486,0.7346339185914239,6,406
correlated,3.0,30,0.7,0.9,4,10000,182,0.16748768472906406,0.10262725779966937,1.5579427350239483,0.7271018176898925,6,406
correlated,3.0,30,0.7,0.9,4,10000,272,0.16133004926108374,0.07122331691297307,1.968882314779238,1.094445961710011,6,406
correlated,3.0,30,0.7,0.9,4,10000,406,0.159688013136289,0.09475916803502954,2.1239031284193763,1.0162435924911026,6,406
correlated,3.0,30,0.7,0.9,4,10000,606,0.15763546798029557,0.060755336617405294,2.606094166117831,1.1335699373352985,6,406
correlated,3.0,30,0.7,0.9,4,10000,905,0.15065681444991788,0.0840859332238657,3.2483836191164106,1.3494831873975248,6,406
correlated,3.0,30,0.7,0.9,4,10000,1350,0.1473727422003284,0.09968527640941655,3.485049910875992,1.6951988301993703,6,406
correlated,3.0,30,0.7,0.9,4,10000,2015,0.13916256157635468,0.07614942528735866,4.5775750390814895,1.9585999739004583,6,406
correlated,3.0,30,0.7,0.9,4,10000,3008,0.13423645320197045,0.028530377668309286,4.69145614874758,1.7220177458944095,6,406
correlated,3.0,30,0.7,0.9,4,10000,4489,0.13054187192118227,0.10673234811165806,5.010608366811891,1.7921914877741856,6,406
correlated,3.0,30,0.7,0.9,4,10000,6700,0.12848932676518884,0.0438560481663926,5.386768822351832,1.3428571626890373,6,406
correlated,3.0,30,0.7,0.9,4,10000,10000,0.11945812807881773,0.05480295566502606,5.5720743733787055,1.259193782899362,6,406
correlated,3.0,30,0.7,0.9,5,0,1,0.0008210180623973727,0.0005473453749315821,5.185328696595639,0.7234762093520034,6,406
correlated,3.0,30,0.7,0.9,5,0,2,0.0008210180623973727,0.0005473453749315821,12.225455491736989,2.7685508343108016,6,406
correlated,3.0,30,0.7,0.9,5,0,3,0.0008210180623973727,0.0005473453749315821,19.226928569563867,6.6362466517416925,6,406
correlated,3.0,30,0.7,0.9,5,0,5,0.00041050903119868636,0.0003420908593322387,34.43948581813752,13.07078131519119,6,406
correlated,3.0,30,0.7,0.9,5,0,7,0.0,0.0,56.53730788739455,24.764525605785586,6,406
correlated,3.0,30,0.7,0.9,5,0,11,0.0,0.0,119.3741855029135,57.5054455940602,6,406
correlated,3.0,30,0.7,0.9,5,0,16,0.0,0.0,215.77870274251651,103.45558974507976,6,406
correlated,3.0,30,0.7,0.9,5,0,25,0.0,0.0,401.734594716821,200.54558269819017,6,406
correlated,3.0,30,0.7,0.9,5,0,37,0.0,0.0,674.0378541492297,323.64258926410383,6,406
correlated,3.0,30,0.7,0.9,5,0,55,0.0,0.0,1155.1887840588672,589.54999081114,6,406
correlated,3.0,30,0.7,0.9,5,0,82,0.0,0.0,1722.9258538547022,884.2803528249132,6,406
correlated,3.0,30,0.7,0.9,5,0,122,0.0,0.0,2322.4489676019452,1333.17445534371,6,406
correlated,3.0,30,0.7,0.9,5,0,182,0.00041050903119868636,0.0003420908593322387,2755.6458779799523,1481.0128264518223,6,406
correlated,3.0,30,0.7,0.9,5,0,272,0.00041050903119868636,0.0003420908593322387,3472.6416792695277,1938.714747524603,6,406
correlated,3.0,30,0.7,0.9,5,0,406,0.0,0.0,3902.8963071066414,2259.04387144897,6,406
correlated,3.0,30,0.7,0.9,5,0,606,0.00041050903119868636,0.0003420908593322387,4409.924833531886,2811.4362297129137,6,406
correlated,3.0,30,0.7,0.9,5,0,905,0.00041050903119868636,0.0003420908593322387,4909.173167662643,3089.817490275699,6,406
correlated,3.0,30,0.7,0.9,5,0,1350,0.0,0.0,5248.925080228431,3234.3420396144106,6,406
correlated,3.0,30,0.7,0.9,5,0,2015,0.0008210180623973727,0.0005473453749315821,5500.41751844803,3214.1603495868444,6,406
correlated,3.0,30,0.7,0.9,5,0,3008,0.0,0.0,5674.699358725135,3131.716833152634,6,406
correlated,3.0,30,0.7,0.9,5,0,4489,0.0008210180623973727,0.0013683634373289548,5816.110112554453,3033.8355513240554,6,406
correlated,3.0,30,0.7,0.9,5,0,6700,0.00041050903119868636,0.0003420908593322387,5837.80745412311,3065.163572412673,6,406
correlated,3.0,30,0.7,0.9,5,0,10000,0.0,0.0,5828.798777102511,3012.5279095680808,6,406
correlated,3.0,30,0.7,0.9,5,100,1,0.022167487684729065,0.04679802955665023,2.6288944172763187,1.4349799630471052,6,406
correlated,3.0,30,0.7,0.9,5,100,2,0.02175697865353038,0.05288724685276406,5.157905263239894,2.418413409769001,6,406
correlated,3.0,30,0.7,0.9,5,100,3,0.020525451559934318,0.04734537493158182,8.032272944581331,2.95621454515402,6,406
correlated,3.0,30,0.7,0.9,5,100,5,0.020114942528735632,0.03892993979200873,13.407088294114786,4.271071826244698,6,406
correlated,3.0,30,0.7,0.9,5,100,7,0.01929392446633826,0.05124521072796935,19.39781289572986,5.70682703765699,6,406
correlated,3.0,30,0.7,0.9,5,100,11,0.017651888341543513,0.03892993979200876,28.597164627347606,7.485346051729951,6,406
correlated,3.0,30,0.7,0.9,5,100,16,0.01929392446633826,0.04878215654077726,44.2615761919674,21.642582103261752,6,406
correlated,3.0,30,0.7,0.9,5,100,25,0.017651888341543517,0.04303503010399558,69.29736252013838,31.28061208506563,6,406
correlated,3.0,30,0.7,0.9,5,100,37,0.015599343185550082,0.033388067870826516,117.70947281961953,61.44874239811228,6,406
correlated,3.0,30,0.7,0.9,5,100,55,0.013957307060755339,0.03503010399562124,153.08809698455397,84.9753577637555,6,406
correlated,3.0,30,0.7,0.9,5,100,82,0.013546798029556653,0.03263546798029555,206.63478614403274,106.5191880445608,6,406
correlated,3.0,30,0.7,0.9,5,100,122,0.014367816091954025,0.029077723043240255,368.46832058619566,219.61695780292484,6,406
correlated,3.0,30,0.7,0.9,5,100,182,0.011494252873563218,0.0268199233716475,533.6146177304836,342.5993142011327,6,406
correlated,3.0,30,0.7,0.9,5,100,272,0.008620689655172415,0.01867816091954022,655.0985975199734,388.4686605289461,6,406
correlated,3.0,30,0.7,0.9,5,100,406,0.008210180623973728,0.012041598248494793,778.4219166767907,491.89012060172564,6,406
correlated,3.0,30,0.7,0.9,5,100,606,0.009852216748768473,0.010673234811165848,1115.1864398014943,712.1476995392189,6,406
correlated,3.0,30,0.7,0.9,5,100,905,0.006157635467980295,0.01211001642036125,1406.3794118536916,932.780857985981,6,406
correlated,3.0,30,0.7,0.9,5,100,1350,0.006157635467980296,0.0038998357963875223,1551.4676872406744,1037.9473989324886,6,406
correlated,3.0,30,0.7,0.9,5,100,2015,0.008210180623973726,0.003831417624521077,1673.4529818632336,1110.4850515115093,6,406
correlated,3.0,30,0.7,0.9,5,100,3008,0.006157635467980295,0.002257799671592776,1736.6615774467634,1013.8640491466219,6,406
correlated,3.0,30,0.7,0.9,5,100,4489,0.0073891625615763535,0.012315270935960602,1824.4982959873414,991.6549248655591,6,406
correlated,3.0,30,0.7,0.9,5,100,6700,0.008210180623973726,0.011220580186097439,1839.9574932881826,1011.4660627249356,6,406
correlated,3.0,30,0.7,0.9,5,100,10000,0.007799671592775041,0.011015325670498084,1854.1998579195395,1010.1887054546942,6,406
correlated,3.0,30,0.7,0.9,5,1000,1,0.132183908045977,0.35030103995621426,0.3255133044034537,0.3328665052705956,6,406
correlated,3.0,30,0.7,0.9,5,1000,2,0.13177339901477833,0.35201149425287387,0.8460678766748307,0.9527715409861267,6,406
correlated,3.0,30,0.7,0.9,5,1000,3,0.12848932676518884,0.3336754241926648,1.2241079583279308,1.6646879524474616,6,406
correlated,3.0,30,0.7,0.9,5,1000,5,0.1264367816091954,0.33470169677066486,1.4518652751326273,1.2028934676072371,6,406
correlated,3.0,30,0.7,0.9,5,1000,7,0.12479474548440066,0.3207443897099064,2.026026057200355,1.6502534619840328,6,406
correlated,3.0,30,0.7,0.9,5,1000,11,0.11986863711001643,0.29365079365079344,3.260867869946205,3.1261443265238777,6,406
correlated,3.0,30,0.7,0.9,5,1000,16,0.11863711001642036,0.31807608100711615,3.679260235793978,3.737018810771952,6,406
correlated,3.0,30,0.7,0.9,5,1000,25,0.11658456486042694,0.34619594964422484,5.8807261568687474,7.611520458720425,6,406
correlated,3.0,30,0.7,0.9,5,1000,37,0.11576354679802957,0.23399014778325042,9.047278980244768,13.177213732749319,6,406
correlated,3.0,30,0.7,0.9,5,1000,55,0.11124794745484401,0.2261220580186106,13.363531728008901,21.66242676032006,6,406
correlated,3.0,30,0.7,0.9,5,1000,82,0.10426929392446634,0.2805145046524361,15.101566123596356,20.294407248670975,6,406
correlated,3.0,30,0.7,0.9,5,1000,122,0.10139573070607553,0.2047755883962787,22.985140083553542,26.860722726229614,6,406
correlated,3.0,30,0.7,0.9,5,1000,182,0.10303776683087029,0.2031335522714828,29.21006462383936,40.35202246169742,6,406
correlated,3.0,30,0.7,0.9,5,1000,272,0.09729064039408865,0.23542692939244816,31.427559946482106,37.15448230003888,6,406
correlated,3.0,30,0.7,0.9,5,1000,406,0.09564860426929393,0.2959085933223845,52.346716725820556,71.67304077930888,6,406
correlated,3.0,30,0.7,0.9,5,1000,606,0.08866995073891626,0.2159277504105089,82.46307806485574,100.9456551381214,6,406
correlated,3.0,30,0.7,0.9,5,1000,905,0.07758620689655171,0.1172003284072255,94.21077981278984,110.09524591106397,6,406
correlated,3.0,30,0.7,0.9,5,1000,1350,0.07471264367816091,0.19594964422550717,142.53122177363343,173.71262667049075,6,406
correlated,3.0,30,0.7,0.9,5,1000,2015,0.0722495894909688,0.1458675424192671,162.65309302396983,194.7166238179074,6,406
correlated,3.0,30,0.7,0.9,5,1000,3008,0.06773399014778325,0.08271756978653556,242.07673704870103,345.90587209795757,6,406
correlated,3.0,30,0.7,0.9,5,1000,4489,0.06609195402298851,0.06191844553913516,242.1400345177179,372.54865468636257,6,406
correlated,3.0,30,0.7,0.9,5,1000,6700,0.0603448275862069,0.10816912972085369,252.75820726918266,373.459630386962,6,406
correlated,3.0,30,0.7,0.9,5,1000,10000,0.05172413793103448,0.12151067323481111,257.8526047035288,371.90754473298296,6,406
correlated,3.0,30,0.7,0.9,5,10000,1,0.20935960591133007,0.09195402298850272,0.03304507360913774,0.017488124272731942,6,406
correlated,3.0,30,0.7,0.9,5,10000,2,0.2077175697865353,0.10563765736179648,0.067914731714679,0.04451425773986111,6,406
correlated,3.0,30,0.7,0.9,5,10000,3,0.20935960591133007,0.09195402298850272,0.08146557044359921,0.037054566462851345,6,406
correlated,3.0,30,0.7,0.9,5,10000,5,0.20648604269293924,0.07587575259989256,0.11653114786960589,0.05914758887852571,6,406
correlated,3.0,30,0.7,0.9,5,10000,7,0.2007389162561576,0.06547619047619482,0.1611523226050715,0.12312559712604945,6,406
correlated,3.0,30,0.7,0.9,5,10000,11,0.19704433497536944,0.08292282430213549,0.3091685997406305,0.16373938731071794,6,406
correlated,3.0,30,0.7,0.9,5,10000,16,0.19458128078817735,0.06403940886699427,0.42765765144397255,0.33574159651409513,6,406
correlated,3.0,30,0.7,0.9,5,10000,25,0.19458128078817735,0.04597701149424854,0.5614837131119969,0.5558225538653002,6,406
correlated,3.0,30,0.7,0.9,5,10000,37,0.19417077175697864,0.061918445539135517,0.6969743012356675,0.5578521050696003,6,406
correlated,3.0,30,0.7,0.9,5,10000,55,0.19006568144499178,0.061918445539135517,0.796087432933771,0.4693491824763272,6,406
correlated,3.0,30,0.7,0.9,5,10000,82,0.18760262725779966,0.09804324028461853,0.9210703087963291,0.6204897783106587,6,406
correlated,3.0,30,0.7,0.9,5,10000,122,0.18021346469622335,0.13088396278051115,1.145165428210346,0.4800863488360467,6,406
correlated,3.0,30,0.7,0.9,5,10000,182,0.17733990147783252,0.08949096880131063,1.2587256919035417,0.5711664259358247,6,406
correlated,3.0,30,0.7,0.9,5,10000,272,0.1711822660098522,0.049055829228247104,2.375723852069561,0.6577225264194806,6,406
correlated,3.0,30,0.7,0.9,5,10000,406,0.17077175697865354,0.10399562123699987,2.2698902911464565,0.5212098199465263,6,406
correlated,3.0,30,0.7,0.9,5,10000,606,0.16954022988505746,0.054529282977559254,2.172938812451224,0.4913338678688916,6,406
correlated,3.0,30,0.7,0.9,5,10000,905,0.15763546798029557,0.06321839080459737,2.999276557141993,0.9266063611097964,6,406
correlated,3.0,30,0.7,0.9,5,10000,1350,0.15065681444991788,0.0898330596606496,3.8700434196629043,1.067880932038154,6,406
correlated,3.0,30,0.7,0.9,5,10000,2015,0.1358784893267652,0.08654898741105639,4.196657647456262,1.138191554873565,6,406
correlated,3.0,30,0.7,0.9,5,10000,3008,0.138752052545156,0.11466885604816793,4.915494829169311,1.2226539997458032,6,406
correlated,3.0,30,0.7,0.9,5,10000,4489,0.1260262725779967,0.07094964422550698,5.864259010924243,1.582292407872066,6,406
correlated,3.0,30,0.7,0.9,5,10000,6700,0.11535303776683087,0.07915982484948013,6.974709821628515,2.114264626554276,6,406
correlated,3.0,30,0.7,0.9,5,10000,10000,0.1083743842364532,0.061576354679802894,7.808624234778859,1.8659005690751482,6,406
correlated,3.0,30,0.7,0.9,6,0,1,0.006978653530377668,0.00937328954570334,6.437269727355432,3.2334454607218452,6,406
correlated,3.0,30,0.7,0.9,6,0,2,0.005336617405582922,0.006089217296113849,15.105659368033217,6.181972174587014,6,406
correlated,3.0,30,0.7,0.9,6,0,3,0.0049261083743842365,0.005747126436781607,21.83034545931478,8.884227338487854,6,406
correlated,3.0,30,0.7,0.9,6,0,5,0.0049261083743842365,0.004105090311986864,40.847566517204314,19.042289165498023,6,406
correlated,3.0,30,0.7,0.9,6,0,7,0.006157635467980296,0.007183908045977011,61.76144034996005,26.43138548650438,6,406
correlated,3.0,30,0.7,0.9,6,0,11,0.0049261083743842365,0.004105090311986864,119.69340581587915,51.54176444817725,6,406
correlated,3.0,30,0.7,0.9,6,0,16,0.0049261083743842365,0.002463054187192118,210.68691730905047,82.03279601169838,6,406
correlated,3.0,30,0.7,0.9,6,0,25,0.0032840722495894904,0.0030103995621237013,408.2765558654339,173.7844733704396,6,406
correlated,3.0,30,0.7,0.9,6,0,37,0.002052545155993432,0.0011631089217296114,671.001034793936,266.50435759122007,6,406
correlated,3.0,30,0.7,0.9,6,0,55,0.0020525451559934315,0.0028051450465243566,1126.345631570135,464.4500296549753,6,406
correlated,3.0,30,0.7,0.9,6,0,82,0.0028735632183908046,0.0028051450465243566,1703.0537268517176,750.5624373020288,6,406
correlated,3.0,30,0.7,0.9,6,0,122,0.003284072249589491,0.0021893814997263287,2221.606748029825,950.0565562169156,6,406
correlated,3.0,30,0.7,0.9,6,0,182,0.0016420361247947454,0.0021893814997263283,2594.729012733867,1129.8038802779536,6,406
correlated,3.0,30,0.7,0.9,6,0,272,0.0020525451559934315,0.001163108921729612,3077.2994046746912,1231.7934471364078,6,406
correlated,3.0,30,0.7,0.9,6,0,406,0.0024630541871921183,0.0016420361247947454,3449.1394753535897,1376.2544989226897,6,406
correlated,3.0,30,0.7,0.9,6,0,606,0.0024630541871921183,0.0016420361247947454,3896.64009909861,1637.0923092099292,6,406
correlated,3.0,30,0.7,0.9,6,0,905,0.0012315270935960591,0.0014367816091954023,4141.771438809802,1758.0728992192053,6,406
correlated,3.0,30,0.7,0.9,6,0,1350,0.0016420361247947454,0.0021893814997263283,4197.289660940066,1644.96285665964,6,406
correlated,3.0,30,0.7,0.9,6,0,2015,0.0028735632183908046,0.0036261631089217297,4530.547030949594,2039.381089697919,6,406
correlated,3.0,30,0.7,0.9,6,0,3008,0.0020525451559934315,0.0019841269841269845,4963.759302881769,2556.461768133072,6,406
correlated,3.0,30,0.7,0.9,6,0,4489,0.0024630541871921183,0.003284072249589491,5466.329395802178,3322.3924425795117,6,406
correlated,3.0,30,0.7,0.9,6,0,6700,0.0028735632183908046,0.005268199233716476,5741.367690329153,3616.2739059918667,6,406
correlated,3.0,30,0.7,0.9,6,0,10000,0.0012315270935960591,0.0014367816091954023,6019.776672131549,3849.865447519466,6,406
correlated,3.0,30,0.7,0.9,6,100,1,0.025451559934318555,0.09250136836343734,2.3854343272691856,1.182461278958816,6,406
correlated,3.0,30,0.7,0.9,6,100,2,0.02504105090311987,0.10953749315818277,4.608361353292439,1.7245562380204882,6,406
correlated,3.0,30,0.7,0.9,6,100,3,0.020935960591133007,0.05562397372742196,8.073385814414852,2.3538356446361846,6,406
correlated,3.0,30,0.7,0.9,6,100,5,0.020935960591133004,0.07614942528735633,14.540937945535338,9.063276267912395,6,406
correlated,3.0,30,0.7,0.9,6,100,7,0.02134646962233169,0.0949644225506295,22.587268648320713,17.772365443754865,6,406
correlated,3.0,30,0.7,0.9,6,100,11,0.01929392446633826,0.056992337164750946,36.355298402230275,28.089331365998763,6,406
correlated,3.0,30,0.7,0.9,6,100,16,0.020935960591133004,0.0695812807881774,46.0432332801509,29.26546867132192,6,406
correlated,3.0,30,0.7,0.9,6,100,25,0.020114942528735632,0.058634373289545696,61.752728118260166,29.757003745211726,6,406
correlated,3.0,30,0.7,0.9,6,100,37,0.01888341543513957,0.07608100711548996,87.87413972108375,46.79967844242063,6,406
correlated,3.0,30,0.7,0.9,6,100,55,0.017241379310344827,0.07799671592775044,136.71643323691248,79.54725771485639,6,406
correlated,3.0,30,0.7,0.9,6,100,82,0.016420361247947452,0.04159824849480027,178.32429005887198,121.76897941138952,6,406
correlated,3.0,30,0.7,0.9,6,100,122,0.014367816091954021,0.014299397920087609,282.1788060761896,165.47001364311325,6,406
correlated,3.0,30,0.7,0.9,6,100,182,0.017241379310344827,0.038587848932676576,363.6547576321006,217.39971331895566,6,406
correlated,3.0,30,0.7,0.9,6,100,272,0.017241379310344827,0.042692939244663414,468.95416856815547,225.0728092661275,6,406
correlated,3.0,30,0.7,0.9,6,100,406,0.017241379310344827,0.030377668308702824,665.4767689638537,333.72584015704706,6,406
correlated,3.0,30,0.7,0.9,6,100,606,0.016420361247947456,0.024356869184455367,829.4887225157108,368.3090370897635,6,406
correlated,3.0,30,0.7,0.9,6,100,905,0.015188834154351393,0.03892993979200878,1008.762488313006,619.5602781504218,6,406
correlated,3.0,30,0.7,0.9,6,100,1350,0.013136288998357963,0.025177887246852767,1008.6229930095187,462.8267712316881,6,406
correlated,3.0,30,0.7,0.9,6,100,2015,0.013957307060755339,0.024356869184455357,1160.9951307001118,687.7325823481946,6,406
correlated,3.0,30,0.7,0.9,6,100,3008,0.012315270935960592,0.016420361247947445,1437.580908534639,945.2624751070945,6,406
correlated,3.0,30,0.7,0.9,6,100,4489,0.008620689655172412,0.021141215106732364,1691.6961077783544,1313.97862772614,6,406
correlated,3.0,30,0.7,0.9,6,100,6700,0.009852216748768473,0.011494252873563215,1849.216642819378,1504.4954593313867,6,406
correlated,3.0,30,0.7,0.9,6,100,10000,0.009441707717569785,0.006910235358511225,2026.2676895485229,1638.3342018940766,6,406
correlated,3.0,30,0.7,0.9,6,1000,1,0.12110016420361247,0.8862205801860992,0.5138221817364536,0.3510548883676502,6,406
correlated,3.0,30,0.7,0.9,6,1000,2,0.11863711001642037,0.8845785440613019,1.1158788290368689,1.1979847301299769,6,406
correlated,3.0,30,0.7,0.9,6,1000,3,0.11494252873563217,0.7764094143404503,1.4399087272181619,1.480275540639203,6,406
correlated,3.0,30,0.7,0.9,6,1000,5,0.11165845648604268,0.8535851122058034,3.712359095608717,5.269538198506399,6,406
correlated,3.0,30,0.7,0.9,6,1000,7,0.11206896551724137,0.861863711001643,4.139842018284993,4.97144405636273,6,406
correlated,3.0,30,0.7,0.9,6,1000,11,0.11001642036124794,0.8765736179529298,4.877936741916785,6.101971100489212,6,406
correlated,3.0,30,0.7,0.9,6,1000,16,0.10837438423645322,0.8760262725779947,7.410976267910115,9.598852052556907,6,406
correlated,3.0,30,0.7,0.9,6,1000,25,0.1018062397372742,0.6869184455391362,16.696387413191115,24.03858083366331,6,406
correlated,3.0,30,0.7,0.9,6,1000,37,0.10467980295566504,0.7575944170771757,19.31145183146046,22.615360502569786,6,406
correlated,3.0,30,0.7,0.9,6,1000,55,0.09770114942528735,0.778872468527641,21.853175788332063,24.283851491266226,6,406
correlated,3.0,30,0.7,0.9,6,1000,82,0.09770114942528735,0.6622879036672146,25.420389109569886,32.60477504989896,6,406
correlated,3.0,30,0.7,0.9,6,1000,122,0.09770114942528736,0.7755883962780499,35.01983181642614,53.94821604509524,6,406
correlated,3.0,30,0.7,0.9,6,1000,182,0.09400656814449916,0.642378215654079,42.460477795863376,57.23581935098166,6,406
correlated,3.0,30,0.7,0.9,6,1000,272,0.08538587848932676,0.7222222222222233,57.705597355888415,70.3819882563307,6,406
correlated,3.0,30,0.7,0.9,6,1000,406,0.08087027914614121,0.520867542419267,114.1152394286119,159.90544847832618,6,406
correlated,3.0,30,0.7,0.9,6,1000,606,0.07348111658456487,0.3985358511220574,111.34468028461805,142.80474441134317,6,406
correlated,3.0,30,0.7,0.9,6,1000,905,0.07142857142857144,0.46551724137931016,95.22521622736211,108.66661665138723,6,406
correlated,3.0,30,0.7,0.9,6,1000,1350,0.07142857142857142,0.49178981937602695,171.7105302791883,225.69670295058896,6,406
correlated,3.0,30,0.7,0.9,6,1000,2015,0.06403940886699508,0.39573070607553307,302.5122828804395,533.2769123986122,6,406
correlated,3.0,30,0.7,0.9,6,1000,3008,0.06157635467980296,0.31116584564860417,466.97822172066054,903.9852359987283,6,406
correlated,3.0,30,0.7,0.9,6,1000,4489,0.06239737274220033,0.2903667214012041,534.8801807820463,1019.138450160704,6,406
correlated,3.0,30,0.7,0.9,6,1000,6700,0.056650246305418726,0.146141215106732,585.4759354928586,1081.9507322444708,6,406
correlated,3.0,30,0.7,0.9,6,1000,10000,0.053776683087027925,0.16372468527640904,674.5530299743435,1150.084344183971,6,406
correlated,3.0,30,0.7,0.9,6,10000,1,0.1752873563218391,0.19656540777230344,0.05558833938890345,0.04940401781367177,6,406
correlated,3.0,30,0.7,0.9,6,10000,2,0.17323481116584563,0.1836343732895478,0.08928749741650392,0.048122728197624615,6,406
correlated,3.0,30,0.7,0.9,6,10000,3,0.17241379310344826,0.16748768472906758,0.12663060482991662,0.06000157858869396,6,406
correlated,3.0,30,0.7,0.9,6,10000,5,0.16954022988505746,0.20559660645867348,0.2384156956998287,0.14699590427993198,6,406
correlated,3.0,30,0.7,0.9,6,10000,7,0.16871921182266011,0.2017651888341523,0.3620876397331058,0.22433807781331705,6,406
correlated,3.0,30,0.7,0.9,6,10000,11,0.16543513957307063,0.15715654077722863,0.4942810462044412,0.18600469778395975,6,406
correlated,3.0,30,0.7,0.9,6,10000,16,0.16091954022988506,0.20826491516146867,0.7132822004885698,0.3023183901365735,6,406
correlated,3.0,30,0.7,0.9,6,10000,25,0.15845648604269294,0.23125342090859294,1.1564687674715366,0.5910782780479906,6,406
correlated,3.0,30,0.7,0.9,6,10000,37,0.1539408866995074,0.25923645320196864,1.6861721578323412,1.1222299516254843,6,406
correlated,3.0,30,0.7,0.9,6,10000,55,0.15147783251231528,0.1623563218390789,1.991493203630882,0.8811263263516121,6,406
correlated,3.0,30,0.7,0.9,6,10000,82,0.14655172413793105,0.15743021346469332,2.957805491736625,1.2612763809360716,6,406
correlated,3.0,30,0.7,0.9,6,10000,122,0.14901477832512317,0.1861658456486029,3.4429574664115425,1.5443351860870362,6,406
correlated,3.0,30,0.7,0.9,6,10000,182,0.14039408866995073,0.1584564860426933,4.42467360703206,1.5313285662349718,6,406
correlated,3.0,30,0.7,0.9,6,10000,272,0.13957307060755336,0.12944718117131904,4.484320284046557,1.1423251335843339,6,406
correlated,3.0,30,0.7,0.9,6,10000,406,0.13341543513957307,0.13991516146688543,5.43829921032626,1.3615797467267794,6,406
correlated,3.0,30,0.7,0.9,6,10000,606,0.12233169129720854,0.22304324028461978,6.341157301488111,3.4949342242079138,6,406
correlated,3.0,30,0.7,0.9,6,10000,905,0.11740558292282431,0.1778872468527625,8.665659650195707,4.4688247590685375,6,406
correlated,3.0,30,0.7,0.9,6,10000,1350,0.11330049261083742,0.1428571428571439,11.712211993252168,9.753848579902867,6,406
correlated,3.0,30,0.7,0.9,6,10000,2015,0.10919540229885057,0.10645867542419338,14.053851597127059,12.86432658261627,6,406
correlated,3.0,30,0.7,0.9,6,10000,3008,0.1055008210180624,0.06273946360153311,14.427821529142244,12.34177714978671,6,406
correlated,3.0,30,0.7,0.9,6,10000,4489,0.09195402298850575,0.09085933223864254,17.58147570694122,18.25264396686807,6,406
correlated,3.0,30,0.7,0.9,6,10000,6700,0.08784893267651889,0.07279693486590069,19.084474076896996,17.94620216204253,6,406
correlated,3.0,30,0.7,0.9,6,10000,10000,0.08169129720853859,0.17439792008757535,21.702240325953273,21.760582417541436,6,406
correlated,3.0,30,0.7,0.9,7,0,1,0.005336617405582923,0.0028051450465243553,5.540939205893747,3.9610245242048516,6,406
correlated,3.0,30,0.7,0.9,7,0,2,0.005336617405582923,0.001984126984126981,10.367177124016248,4.827405092689378,6,406
correlated,3.0,30,0.7,0.9,7,0,3,0.004105090311986864,0.0013683634373289537,17.948116150393002,9.325707668402199,6,406
correlated,3.0,30,0.7,0.9,7,0,5,0.004105090311986864,0.0030103995621237013,35.410187374428425,14.048550509800396,6,406
correlated,3.0,30,0.7,0.9,7,0,7,0.0036945812807881776,0.0006157635467980295,51.56084339333095,17.34186212438323,6,406
correlated,3.0,30,0.7,0.9,7,0,11,0.0028735632183908046,0.0011631089217296114,104.89280048383306,28.677522279677376,6,406
correlated,3.0,30,0.7,0.9,7,0,16,0.002052545155993432,0.0003420908593322384,173.99583169093395,37.882452789025784,6,406
correlated,3.0,30,0.7,0.9,7,0,25,0.0024630541871921183,0.000821018062397373,301.4361897614722,71.62422555140743,6,406
correlated,3.0,30,0.7,0.9,7,0,37,0.002052545155993432,0.0003420908593322384,492.34019006772496,148.96762979633954,6,406
correlated,3.0,30,0.7,0.9,7,0,55,0.0016420361247947454,0.0005473453749315822,781.0793969320213,199.35007135509295,6,406
correlated,3.0,30,0.7,0.9,7,0,82,0.0012315270935960591,0.0006157635467980298,1171.4928765440118,305.3271298923151,6,406
correlated,3.0,30,0.7,0.9,7,0,122,0.0016420361247947454,0.0005473453749315822,1465.1326842422222,313.50478807689416,6,406
correlated,3.0,30,0.7,0.9,7,0,182,0.0016420361247947454,0.0005473453749315822,1748.5845632188673,456.1433068990234,6,406
correlated,3.0,30,0.7,0.9,7,0,272,0.0024630541871921183,0.0016420361247947454,2106.419931523501,720.4984733799337,6,406
correlated,3.0,30,0.7,0.9,7,0,406,0.0024630541871921183,0.000821018062397373,2412.5731760728413,664.915966290513,6,406
correlated,3.0,30,0.7,0.9,7,0,606,0.0016420361247947454,0.0013683634373289546,2619.9168492757813,703.9696938211875,6,406
correlated,3.0,30,0.7,0.9,7,0,905,0.0016420361247947454,0.0013683634373289546,2882.0024208621803,978.0121677435321,6,406
correlated,3.0,30,0.7,0.9,7,0,1350,0.0016420361247947454,0.0005473453749315822,2963.3787444076825,937.4119578495181,6,406
correlated,3.0,30,0.7,0.9,7,0,2015,0.002052545155993432,0.0003420908593322384,3407.822878967688,1433.6367727731185,6,406
correlated,3.0,30,0.7,0.9,7,0,3008,0.0016420361247947454,0.0005473453749315822,3597.394531873338,1704.8489942436327,6,406
correlated,3.0,30,0.7,0.9,7,0,4489,0.002052545155993432,0.0003420908593322384,3639.330405838296,1771.673256918972,6,406
correlated,3.0,30,0.7,0.9,7,0,6700,0.0012315270935960591,0.0006157635467980298,3658.787348110122,1762.4659624118794,6,406
correlated,3.0,30,0.7,0.9,7,0,10000,0.002052545155993432,0.0011631089217296112,3653.9734325611826,1748.6835730982812,6,406
correlated,3.0,30,0.7,0.9,7,100,1,0.0361247947454844,0.14750957854406135,1.8617632676824645,0.8443730703096862,6,406
correlated,3.0,30,0.7,0.9,7,100,2,0.035303776683087026,0.1434044882320745,3.8981855076146004,2.0529399056790747,6,406
correlated,3.0,30,0.7,0.9,7,100,3,0.03407224958949097,0.12595785440613033,6.8152511786058945,4.5763080489127885,6,406
correlated,3.0,30,0.7,0.9,7,100,5,0.03284072249589491,0.12287903667214012,11.840177344383646,5.858673582452015,6,406
correlated,3.0,30,0.7,0.9,7,100,7,0.03201970443349754,0.14860426929392434,15.321796642046763,10.924517398408794,6,406
correlated,3.0,30,0.7,0.9,7,100,11,0.03078817733990148,0.17631362889983576,22.64038253704842,12.967257102689478,6,406
correlated,3.0,30,0.7,0.9,7,100,16,0.02955665024630542,0.13957307060755333,29.431812145385063,15.75634937584668,6,406
correlated,3.0,30,0.7,0.9,7,100,25,0.027914614121510677,0.12698412698412692,48.23663917692621,28.917527980333816,6,406
correlated,3.0,30,0.7,0.9,7,100,37,0.02750410509031199,0.12431581828133534,66.9299507642837,34.23101403153135,6,406
correlated,3.0,30,0.7,0.9,7,100,55,0.024220032840722494,0.08326491516146693,93.54466533444348,50.44083465079046,6,406
correlated,3.0,30,0.7,0.9,7,100,82,0.024220032840722494,0.09393814997263279,132.74020131245587,74.65443265093873,6,406
correlated,3.0,30,0.7,0.9,7,100,122,0.024220032840722494,0.07012862616310898,204.99823238294528,163.16745154186938,6,406
correlated,3.0,30,0.7,0.9,7,100,182,0.023809523809523808,0.07772304324028469,296.2937520745617,251.75704149264934,6,406
correlated,3.0,30,0.7,0.9,7,100,272,0.022988505747126436,0.0810071154898741,365.43892086732876,265.2300476352094,6,406
correlated,3.0,30,0.7,0.9,7,100,406,0.023399014778325122,0.07861247947454846,442.9112962312379,271.17748150710776,6,406
correlated,3.0,30,0.7,0.9,7,100,606,0.021346469622331693,0.07854406130268198,554.2964656545246,259.76168491849904,6,406
correlated,3.0,30,0.7,0.9,7,100,905,0.021346469622331693,0.09003831417624517,663.4144765370606,439.3310648122416,6,406
correlated,3.0,30,0.7,0.9,7,100,1350,0.022988505747126436,0.07525998905309252,791.2324875784116,507.8450948066785,6,406
correlated,3.0,30,0.7,0.9,7,100,2015,0.020114942528735632,0.06191844553913521,1058.299220320643,909.944744866287,6,406
correlated,3.0,30,0.7,0.9,7,100,3008,0.021346469622331693,0.08100711548987406,1188.8748099911284,1133.6850644744302,6,406
correlated,3.0,30,0.7,0.9,7,100,4489,0.020114942528735632,0.08490695128626163,1224.0305851761643,1190.5777833058996,6,406
correlated,3.0,30,0.7,0.9,7,100,6700,0.016420361247947452,0.0276409414340449,1230.1729192126174,1185.289662187898,6,406
correlated,3.0,30,0.7,0.9,7,100,10000,0.01724137931034483,0.03776683087027911,1234.943266109079,1179.7109767777818,6,406
correlated,3.0,30,0.7,0.9,7,1000,1,0.14244663382594416,0.4888478379857706,0.23906202654782657,0.19632282824073696,6,406
correlated,3.0,30,0.7,0.9,7,1000,2,0.1416256157635468,0.485016420361248,0.7273280858164246,1.0116264892969407,6,406
correlated,3.0,30,0.7,0.9,7,1000,3,0.14244663382594416,0.5069102353585121,1.1123689700690458,1.4607917107795316,6,406
correlated,3.0,30,0.7,0.9,7,1000,5,0.13916256157635468,0.5465927750410516,1.4846399538194441,1.3849010826833652,6,406
correlated,3.0,30,0.7,0.9,7,1000,7,0.13793103448275862,0.48522167487684686,1.982866477042708,2.6636910015780577,6,406
correlated,3.0,30,0.7,0.9,7,1000,11,0.13669950738916256,0.5194991789819386,4.507068034244198,6.718773443537969,6,406
correlated,3.0,30,0.7,0.9,7,1000,16,0.13341543513957307,0.5528872468527635,5.094955746199131,7.679939573939204,6,406
correlated,3.0,30,0.7,0.9,7,1000,25,0.1330049261083744,0.4819376026272579,7.665896184087122,8.245943719947642,6,406
correlated,3.0,30,0.7,0.9,7,1000,37,0.1264367816091954,0.5235358511220601,10.654962937454089,11.684112750034792,6,406
correlated,3.0,30,0.7,0.9,7,1000,55,0.1260262725779967,0.5282567049808425,14.065343471505221,13.376117257487472,6,406
correlated,3.0,30,0.7,0.9,7,1000,82,0.11904761904761905,0.41023535851122056,21.21414519672319,22.212179384449616,6,406
correlated,3.0,30,0.7,0.9,7,1000,122,0.11042692939244662,0.36076902025178065,18.80312699559856,16.684442812256076,6,406
correlated,3.0,30,0.7,0.9,7,1000,182,0.1145320197044335,0.40701970443349667,17.243430981461394,15.138213782696234,6,406
correlated,3.0,30,0.7,0.9,7,1000,272,0.11412151067323482,0.3880678708264911,24.759417167573076,23.106999252724247,6,406
correlated,3.0,30,0.7,0.9,7,1000,406,0.10591133004926108,0.22660098522167557,28.111768871870094,24.0440333121378,6,406
correlated,3.0,30,0.7,0.9,7,1000,606,0.10098522167487683,0.14532019704433596,54.24394069136357,52.51448423197779,6,406
correlated,3.0,30,0.7,0.9,7,1000,905,0.09934318555008209,0.1401204159824857,74.48700386572595,77.26145615895163,6,406
correlated,3.0,30,0.7,0.9,7,1000,1350,0.0907224958949097,0.15387246852763964,131.61852245572894,169.37745688339083,6,406
correlated,3.0,30,0.7,0.9,7,1000,2015,0.08538587848932677,0.08675424192665526,164.74994149724793,225.82559519409546,6,406
correlated,3.0,30,0.7,0.9,7,1000,3008,0.08169129720853859,0.18260810071154887,179.740605161929,254.0532122229753,6,406
correlated,3.0,30,0.7,0.9,7,1000,4489,0.07471264367816093,0.10810071154898715,184.2834311181991,251.34434006359538,6,406
correlated,3.0,30,0.7,0.9,7,1000,6700,0.07348111658456487,0.11282156540777176,184.912516736826,255.3104193669226,6,406
correlated,3.0,30,0.7,0.9,7,1000,10000,0.06527093596059115,0.10734811165845573,184.4478122387585,253.6128292052791,6,406
correlated,3.0,30,0.7,0.9,7,10000,1,0.20689655172413793,0.09441707717570044,0.026765433054998705,0.022390514925781178,6,406
correlated,3.0,30,0.7,0.9,7,10000,2,0.20689655172413793,0.09441707717570044,0.042455736314497394,0.04044156663422222,6,406
correlated,3.0,30,0.7,0.9,7,10000,3,0.2048440065681445,0.08737000547344906,0.06566676248065277,0.04496076349389332,6,406
correlated,3.0,30,0.7,0.9,7,10000,5,0.2044334975369458,0.08292282430213267,0.12182518958898303,0.06259908674909746,6,406
correlated,3.0,30,0.7,0.9,7,10000,7,0.20114942528735633,0.09989053092501118,0.1934119971754333,0.07877637569583155,6,406
correlated,3.0,30,0.7,0.9,7,10000,11,0.20114942528735633,0.1171319102353558,0.227583389738411,0.07374043507933604,6,406
correlated,3.0,30,0.7,0.9,7,10000,16,0.19786535303776684,0.1343732895457032,0.2936039086061313,0.12316796349860186,6,406
correlated,3.0,30,0.7,0.9,7,10000,25,0.19581280788177344,0.113916256157627,0.40186697070864463,0.21725434399366716,6,406
correlated,3.0,30,0.7,0.9,7,10000,37,0.19047619047619047,0.13601532567049984,0.4625897954638882,0.14529305306485704,6,406
correlated,3.0,30,0.7,0.9,7,10000,55,0.19047619047619047,0.08757525998905356,0.6726861971999529,0.28083896174447653,6,406
correlated,3.0,30,0.7,0.9,7,10000,82,0.19006568144499178,0.1858921729611382,0.7081883479994735,0.4100210500579746,6,406
correlated,3.0,30,0.7,0.9,7,10000,122,0.18965517241379312,0.1732348111658416,0.8332180785913935,0.4853251624389529,6,406
correlated,3.0,30,0.7,0.9,7,10000,182,0.18719211822660098,0.19704433497536983,1.090525230679368,0.7514001819799769,6,406
correlated,3.0,30,0.7,0.9,7,10000,272,0.17857142857142858,0.21982758620689802,1.2623140044530399,0.7478412491329416,6,406
correlated,3.0,30,0.7,0.9,7,10000,406,0.17487684729064037,0.32922824302134707,1.6414382303145256,1.173449935284097,6,406
correlated,3.0,30,0.7,0.9,7,10000,606,0.16748768472906403,0.23973727422003502,1.9846391019293408,1.3242985545024086,6,406
correlated,3.0,30,0.7,0.9,7,10000,905,0.15886699507389163,0.17467159277504074,2.6425883386756888,1.0931097479865137,6,406
correlated,3.0,30,0.7,0.9,7,10000,1350,0.15270935960591134,0.23234811165845592,3.124995963460321,1.2898556683670603,6,406
correlated,3.0,30,0.7,0.9,7,10000,2015,0.1440886699507389,0.058087027914615744,3.7836477342620563,0.704034575137186,6,406
correlated,3.0,30,0.7,0.9,7,10000,3008,0.13916256157635468,0.23624794745484434,4.079387282313562,1.875423898810451,6,406
correlated,3.0,30,0.7,0.9,7,10000,4489,0.12274220032840723,0.12267378215654082,5.301026455598669,2.055499105348511,6,406
correlated,3.0,30,0.7,0.9,7,10000,6700,0.12192118226600986,0.10899014778325057,5.134748843919853,1.6677762675879386,6,406
correlated,3.0,30,0.7,0.9,7,10000,10000,0.10919540229885057,0.07443897099069624,6.832395184666665,2.22026031147301,6,406
correlated,3.0,30,0.7,0.9,8,0,1,0.0036945812807881776,0.0014367816091954018,5.965281341214289,2.4119826911731477,6,406
correlated,3.0,30,0.7,0.9,8,0,2,0.003284072249589491,0.0005473453749315834,13.67667467083237,5.906381065918159,6,406
correlated,3.0,30,0.7,0.9,8,0,3,0.003284072249589491,0.0021893814997263287,24.5081209319343,10.863395065640324,6,406
correlated,3.0,30,0.7,0.9,8,0,5,0.0036945812807881776,0.0006157635467980287,40.211147388033666,15.316539661400483,6,406
correlated,3.0,30,0.7,0.9,8,0,7,0.004515599343185551,0.0028051450465243553,59.71529358254893,18.913220369795155,6,406
correlated,3.0,30,0.7,0.9,8,0,11,0.004515599343185551,0.0028051450465243553,112.39932717468825,34.58260444608653,6,406
correlated,3.0,30,0.7,0.9,8,0,16,0.0028735632183908046,0.0019841269841269845,217.01156822810458,46.11820337820389,6,406
correlated,3.0,30,0.7,0.9,8,0,25,0.0036945812807881776,0.0030788177339901492,397.98958593720744,74.41641045804722,6,406
correlated,3.0,30,0.7,0.9,8,0,37,0.003284072249589491,0.0013683634373289556,719.4783153611347,143.5922060118952,6,406
correlated,3.0,30,0.7,0.9,8,0,55,0.002052545155993432,0.0003420908593322384,1201.467551472765,366.09551434731236,6,406
correlated,3.0,30,0.7,0.9,8,0,82,0.002052545155993432,0.002805145046524356,1721.8364743270402,487.68364650173953,6,406
correlated,3.0,30,0.7,0.9,8,0,122,0.0012315270935960591,0.0006157635467980298,2173.7806277414365,832.7538100973555,6,406
correlated,3.0,30,0.7,0.9,8,0,182,0.0016420361247947454,0.0013683634373289546,2662.3018100736413,1095.2092405711087,6,406
correlated,3.0,30,0.7,0.9,8,0,272,0.0012315270935960591,0.0014367816091954023,3247.9989547218556,1303.9560326233209,6,406
correlated,3.0,30,0.7,0.9,8,0,406,0.0024630541871921183,0.003284072249589491,3732.1743393130523,1528.0189466026322,6,406
correlated,3.0,30,0.7,0.9,8,0,606,0.0016420361247947454,0.0021893814997263283,4226.602508033714,1726.455394299758,6,406
correlated,3.0,30,0.7,0.9,8,0,905,0.0024630541871921183,0.0016420361247947454,4533.014063157342,1977.3340779778207,6,406
correlated,3.0,30,0.7,0.9,8,0,1350,0.002052545155993432,0.0011631089217296112,4863.610552661053,2068.05997107547,6,406
correlated,3.0,30,0.7,0.9,8,0,2015,0.002052545155993432,0.0003420908593322384,4875.248955201119,2037.8021245819514,6,406
correlated,3.0,30,0.7,0.9,8,0,3008,0.0012315270935960591,0.0006157635467980298,5199.106223830376,2200.5422912746917,6,406
correlated,3.0,30,0.7,0.9,8,0,4489,0.002052545155993432,0.002805145046524356,5374.488074783313,2048.446463029152,6,406
correlated,3.0,30,0.7,0.9,8,0,6700,0.002052545155993432,0.002805145046524356,5411.571337559385,2052.896845492198,6,406
correlated,3.0,30,0.7,0.9,8,0,10000,0.0016420361247947454,0.0013683634373289546,5427.654833185635,2042.8773280904447,6,406
correlated,3.0,30,0.7,0.9,8,100,1,0.03284072249589492,0.17131910235358488,2.3471443410296797,1.5835805659117392,6,406
correlated,3.0,30,0.7,0.9,8,100,2,0.032430213464696225,0.1727558839627804,5.514846044327108,2.6449351986607077,6,406
correlated,3.0,30,0.7,0.9,8,100,3,0.03201970443349754,0.16091954022988494,6.964305785575138,3.2029582682838695,6,406
correlated,3.0,30,0.7,0.9,8,100,5,0.030377668308702793,0.16064586754241922,13.191524790361166,5.134515087271294,6,406
correlated,3.0,30,0.7,0.9,8,100,7,0.02873563218390805,0.15079365079365076,19.783447513542974,7.025659049528959,6,406
correlated,3.0,30,0.7,0.9,8,100,11,0.027504105090311984,0.14073617952928294,28.730440097526145,11.59453485122377,6,406
correlated,3.0,30,0.7,0.9,8,100,16,0.02586206896551724,0.11309523809523812,41.58208012723613,14.105683360588376,6,406
correlated,3.0,30,0.7,0.9,8,100,25,0.026272577996715923,0.13847837985769024,57.33118088514954,22.838743295160803,6,406
correlated,3.0,30,0.7,0.9,8,100,37,0.023809523809523808,0.11384783798576906,87.07151733050563,37.83063924136526,6,406
correlated,3.0,30,0.7,0.9,8,100,55,0.022988505747126436,0.09085933223864263,127.11668487089203,51.20784241361583,6,406
correlated,3.0,30,0.7,0.9,8,100,82,0.020935960591133004,0.08518062397372743,153.70207789454125,70.74601899773776,6,406
correlated,3.0,30,0.7,0.9,8,100,122,0.020114942528735635,0.0931171319102353,233.12517598497826,122.60618571916527,6,406
correlated,3.0,30,0.7,0.9,8,100,182,0.017651888341543517,0.0643814997263273,358.5775563407233,170.34166585897552,6,406
correlated,3.0,30,0.7,0.9,8,100,272,0.017241379310344824,0.06321839080459778,489.6425111868916,273.3803912876153,6,406
correlated,3.0,30,0.7,0.9,8,100,406,0.016009852216748766,0.03838259441707722,578.1033319782096,315.8718148488042,6,406
correlated,3.0,30,0.7,0.9,8,100,606,0.01683087027914614,0.049603174603174593,787.3436591362474,436.0184575508438,6,406
correlated,3.0,30,0.7,0.9,8,100,905,0.015188834154351396,0.047140120415982485,945.6906359741575,520.2241620517913,6,406
correlated,3.0,30,0.7,0.9,8,100,1350,0.01600985221674877,0.0465927750410509,1077.3405945644738,560.1291260135347,6,406
correlated,3.0,30,0.7,0.9,8,100,2015,0.015599343185550082,0.03913519430760811,1104.2618506854647,602.1172760246999,6,406
correlated,3.0,30,0.7,0.9,8,100,3008,0.01354679802955665,0.035098522167487683,1330.4945875136607,776.6573262401682,6,406
correlated,3.0,30,0.7,0.9,8,100,4489,0.013957307060755339,0.04734537493158181,1398.212136841209,732.5500097635412,6,406
correlated,3.0,30,0.7,0.9,8,100,6700,0.01354679802955665,0.03838259441707717,1424.8419809259267,725.7252649362073,6,406
correlated,3.0,30,0.7,0.9,8,100,10000,0.014367816091954025,0.021688560481663902,1437.3799331764073,738.2415949709317,6,406
correlated,3.0,30,0.7,0.9,8,1000,1,0.14696223316912974,0.5342090859332225,0.20839359611633404,0.36249766252548854,6,406
correlated,3.0,30,0.7,0.9,8,1000,2,0.14573070607553365,0.5610974274767394,0.4408783160028406,0.5326854356371947,6,406
correlated,3.0,30,0.7,0.9,8,1000,3,0.1449096880131363,0.5192255062944683,0.45985071833632624,0.616902650343591,6,406
correlated,3.0,30,0.7,0.9,8,1000,5,0.14367816091954022,0.49726327312534263,0.7954609445154301,0.9152256845520821,6,406
correlated,3.0,30,0.7,0.9,8,1000,7,0.14080459770114942,0.49295292829775644,1.2462678151272648,1.6432729512485447,6,406
correlated,3.0,30,0.7,0.9,8,1000,11,0.13957307060755336,0.47099069512862657,1.460370329015871,1.8894595301711354,6,406
correlated,3.0,30,0.7,0.9,8,1000,16,0.13628899835796388,0.4422550629447198,2.468375836617317,3.1020739027361235,6,406
correlated,3.0,30,0.7,0.9,8,1000,25,0.1354679802955665,0.4564860426929387,3.947320308850849,6.183975486484431,6,406
correlated,3.0,30,0.7,0.9,8,1000,37,0.1330049261083744,0.5894909688013128,3.016424846691182,2.8406247094316264,6,406
correlated,3.0,30,0.7,0.9,8,1000,55,0.13095238095238096,0.4888478379857692,5.287611571523939,4.799660161679159,6,406
correlated,3.0,30,0.7,0.9,8,1000,82,0.12848932676518884,0.45272304324028334,7.6594148427349795,7.153313975065682,6,406
correlated,3.0,30,0.7,0.9,8,1000,122,0.12766830870279144,0.3722632731253456,13.964127885059268,18.135243739002778,6,406
correlated,3.0,30,0.7,0.9,8,1000,182,0.11822660098522168,0.35632183908045933,24.740166119981748,34.71478117464584,6,406
correlated,3.0,30,0.7,0.9,8,1000,272,0.1083743842364532,0.4564860426929394,26.839882980998855,34.210542432516625,6,406
correlated,3.0,30,0.7,0.9,8,1000,406,0.10796387520525452,0.3624110563765723,36.419166883711895,43.914541759453634,6,406
correlated,3.0,30,0.7,0.9,8,1000,606,0.1018062397372742,0.3470169677066239,37.973413326115626,47.08594411091398,6,406
correlated,3.0,30,0.7,0.9,8,1000,905,0.09852216748768473,0.33497536945812884,44.83575249450511,59.21102622182701,6,406
correlated,3.0,30,0.7,0.9,8,1000,1350,0.08990147783251233,0.2682676518883408,57.96568566109091,89.59523967476498,6,406
correlated,3.0,30,0.7,0.9,8,1000,2015,0.07717569786535304,0.2534209085933228,119.67556331276194,193.54543412993087,6,406
correlated,3.0,30,0.7,0.9,8,1000,3008,0.07922824302134647,0.2170908593322388,163.00871272338526,227.3102030239339,6,406
correlated,3.0,30,0.7,0.9,8,1000,4489,0.07676518883415435,0.07833880678708253,184.57837512769717,249.1866845962142,6,406
correlated,3.0,30,0.7,0.9,8,1000,6700,0.0726600985221675,0.10734811165845609,186.69306521711735,249.2766233972821,6,406
correlated,3.0,30,0.7,0.9,8,1000,10000,0.06650246305418718,0.05582922824302182,193.93207953034118,259.1233917605049,6,406
correlated,3.0,30,0.7,0.9,8,10000,1,0.20648604269293924,0.05124521072797168,0.028510361133428738,0.023300509111288985,6,406
correlated,3.0,30,0.7,0.9,8,10000,2,0.20648604269293927,0.04960317460317226,0.06241546756160321,0.04973645187864639,6,406
correlated,3.0,30,0.7,0.9,8,10000,3,0.20689655172413793,0.04597701149425418,0.06971498302550476,0.04155448234548693,6,406
correlated,3.0,30,0.7,0.9,8,10000,5,0.20320197044334976,0.05316091954022875,0.09857684642338328,0.05273537519914834,6,406
correlated,3.0,30,0.7,0.9,8,10000,7,0.20402298850574715,0.07341269841269484,0.14203598248149682,0.07525724162990331,6,406
correlated,3.0,30,0.7,0.9,8,10000,11,0.2023809523809524,0.06684455391351406,0.17212757595156788,0.07911427565074403,6,406
correlated,3.0,30,0.7,0.9,8,10000,16,0.19827586206896552,0.07614942528735302,0.25663121207293904,0.1186250761125062,6,406
correlated,3.0,30,0.7,0.9,8,10000,25,0.19458128078817735,0.053366174055824805,0.36648872801368076,0.12689315199874598,6,406
correlated,3.0,30,0.7,0.9,8,10000,37,0.1925287356321839,0.05206622879036717,0.4521633242366149,0.12783611461161332,6,406
correlated,3.0,30,0.7,0.9,8,10000,55,0.19006568144499178,0.05370826491516377,0.48226942627013103,0.09773869333648329,6,406
correlated,3.0,30,0.7,0.9,8,10000,82,0.18760262725779966,0.05863437328954513,0.6603479704989987,0.2978957054671769,6,406
correlated,3.0,30,0.7,0.9,8,10000,122,0.17939244663382595,0.0652025177887259,0.9585046782569652,0.2596554956337137,6,406
correlated,3.0,30,0.7,0.9,8,10000,182,0.17487684729064037,0.022167487684733013,1.0358660672325335,0.122751891484331,6,406
correlated,3.0,30,0.7,0.9,8,10000,272,0.17405582922824303,0.053913519430759824,1.1130126957969046,0.3106951580152389,6,406
correlated,3.0,30,0.7,0.9,8,10000,406,0.16871921182266011,0.0827175697865338,1.725114922337523,0.6206156404943047,6,406
correlated,3.0,30,0.7,0.9,8,10000,606,0.1564039408866995,0.10242200328407192,2.4228638442119785,1.1841287765698993,6,406
correlated,3.0,30,0.7,0.9,8,10000,905,0.15147783251231525,0.15086206896552098,3.2657885070166395,1.498077493626279,6,406
correlated,3.0,30,0.7,0.9,8,10000,1350,0.14901477832512314,0.14511494252873852,3.1847157080070456,2.17410113786632,6,406
correlated,3.0,30,0.7,0.9,8,10000,2015,0.14326765188834154,0.2236590038314178,3.9088144918715897,2.095008031608946,6,406
correlated,3.0,30,0.7,0.9,8,10000,3008,0.14121510673234813,0.08839627805144905,4.353749996687526,1.8483550027762878,6,406
correlated,3.0,30,0.7,0.9,8,10000,4489,0.1293103448275862,0.12048440065681623,5.470169799590543,1.7907953289910987,6,406
correlated,3.0,30,0.7,0.9,8,10000,6700,0.12068965517241381,0.0968801313628876,6.194073564829136,2.298481223362553,6,406
correlated,3.0,30,0.7,0.9,8,10000,10000,0.11945812807881774,0.12294745484400621,6.832700626007227,3.631958288693437,6,406
correlated,3.0,30,0.7,0.9,9,0,1,0.004105090311986863,0.004652435686918447,5.464328884839513,2.223419659690863,6,406
correlated,3.0,30,0.7,0.9,9,0,2,0.004105090311986864,0.005473453749315817,11.722920396062733,4.563994513735256,6,406
correlated,3.0,30,0.7,0.9,9,0,3,0.0036945812807881776,0.006362889983579637,18.270018075529926,6.35642572454397,6,406
correlated,3.0,30,0.7,0.9,9,0,5,0.0036945812807881776,0.006362889983579637,35.17975160981924,16.767883693476715,6,406
correlated,3.0,30,0.7,0.9,9,0,7,0.0036945812807881776,0.006362889983579637,60.72783842788237,36.62732008263747,6,406
correlated,3.0,30,0.7,0.9,9,0,11,0.003284072249589491,0.005473453749315818,106.3389971391811,44.86610189468273,6,406
correlated,3.0,30,0.7,0.9,9,0,16,0.0016420361247947454,0.0013683634373289552,199.8548713258227,72.41077684776093,6,406
correlated,3.0,30,0.7,0.9,9,0,25,0.0012315270935960591,0.0014367816091954023,352.1335257709988,114.9672801101303,6,406
correlated,3.0,30,0.7,0.9,9,0,37,0.0012315270935960591,0.0006157635467980298,573.2321642350795,185.75593835560525,6,406
correlated,3.0,30,0.7,0.9,9,0,55,0.0016420361247947454,0.0013683634373289552,921.9433960480037,307.5208569233601,6,406
correlated,3.0,30,0.7,0.9,9,0,82,0.0012315270935960591,0.0006157635467980298,1419.7170167312404,691.0745197899723,6,406
correlated,3.0,30,0.7,0.9,9,0,122,0.0008210180623973727,0.0005473453749315821,1812.5498265368424,818.5083665248042,6,406
correlated,3.0,30,0.7,0.9,9,0,182,0.0008210180623973727,0.0005473453749315821,2326.3160023100518,1068.2305251514917,6,406
correlated,3.0,30,0.7,0.9,9,0,272,0.0012315270935960591,0.0006157635467980298,2868.154023332962,1747.224886824209,6,406
correlated,3.0,30,0.7,0.9,9,0,406,0.0008210180623973727,0.0005473453749315821,3306.919720102532,2047.354726909327,6,406
correlated,3.0,30,0.7,0.9,9,0,606,0.0016420361247947454,0.0013683634373289546,3599.6584357841916,2112.795989685358,6,406
correlated,3.0,30,0.7,0.9,9,0,905,0.0016420361247947454,0.0013683634373289546,3881.2312189773675,2446.580330209538,6,406
correlated,3.0,30,0.7,0.9,9,0,1350,0.0016420361247947454,0.0013683634373289546,3960.9689106889946,2311.458361580438,6,406
correlated,3.0,30,0.7,0.9,9,0,2015,0.0016420361247947454,0.0013683634373289546,4156.7439341663985,2539.9479407759654,6,406
correlated,3.0,30,0.7,0.9,9,0,3008,0.0016420361247947454,0.0013683634373289546,4183.521587317449,2435.4948731207146,6,406
correlated,3.0,30,0.7,0.9,9,0,4489,0.0012315270935960591,0.0006157635467980298,4264.849162093215,2462.490076858945,6,406
correlated,3.0,30,0.7,0.9,9,0,6700,0.0016420361247947454,0.0013683634373289546,4408.905209155042,2576.078645677695,6,406
correlated,3.0,30,0.7,0.9,9,0,10000,0.0008210180623973727,0.0013683634373289548,4461.632114016216,2617.212596788865,6,406
correlated,3.0,30,0.7,0.9,9,100,1,0.023399014778325122,0.11145320197044328,2.4375008495418395,1.1962581277488575,6,406
correlated,3.0,30,0.7,0.9,9,100,2,0.02175697865353038,0.11938970990695126,5.265972675668828,2.3892518217645695,6,406
correlated,3.0,30,0.7,0.9,9,100,3,0.022167487684729065,0.1149425287356321,8.381070310480606,4.524927251390935,6,406
correlated,3.0,30,0.7,0.9,9,100,5,0.020114942528735632,0.11692665571975913,12.7250572562048,7.427499244821721,6,406
correlated,3.0,30,0.7,0.9,9,100,7,0.017651888341543517,0.12267378215654079,17.742587869804677,13.91435083954436,6,406
correlated,3.0,30,0.7,0.9,9,100,11,0.01724137931034483,0.07717569786535301,29.153876864114512,15.626379683827752,6,406
correlated,3.0,30,0.7,0.9,9,100,16,0.015599343185550084,0.08182813355227149,37.103253126652014,16.669037985213453,6,406
correlated,3.0,30,0.7,0.9,9,100,25,0.016420361247947456,0.08018609742747675,51.836599001034976,15.924886320351707,6,406
correlated,3.0,30,0.7,0.9,9,100,37,0.014367816091954021,0.0775177887246853,90.59741832388164,46.229119297574044,6,406
correlated,3.0,30,0.7,0.9,9,100,55,0.012725779967159276,0.05535030103995622,126.8295527909625,72.16830911770441,6,406
correlated,3.0,30,0.7,0.9,9,100,82,0.011904761904761902,0.03810892172961138,153.64261576915976,58.98786230392758,6,406
correlated,3.0,30,0.7,0.9,9,100,122,0.01354679802955665,0.043308702791461394,218.76905589357384,120.1653948557143,6,406
correlated,3.0,30,0.7,0.9,9,100,182,0.009852216748768471,0.040229885057471264,358.27152012288025,325.72493986835394,6,406
correlated,3.0,30,0.7,0.9,9,100,272,0.012725779967159278,0.06356048166392995,494.55940936974076,458.74375574770573,6,406
correlated,3.0,30,0.7,0.9,9,100,406,0.013136288998357962,0.0892172961138479,533.7652940372986,459.65680748439723,6,406
correlated,3.0,30,0.7,0.9,9,100,606,0.011494252873563216,0.04652435686918446,723.436322454651,659.3494680087049,6,406
correlated,3.0,30,0.7,0.9,9,100,905,0.011494252873563216,0.06704980842911878,846.473134496245,752.6167551396653,6,406
correlated,3.0,30,0.7,0.9,9,100,1350,0.011083743842364532,0.043308702791461415,889.2832788004938,775.5004121317202,6,406
correlated,3.0,30,0.7,0.9,9,100,2015,0.010262725779967159,0.03728790366721402,1003.174366382873,884.8198050763788,6,406
correlated,3.0,30,0.7,0.9,9,100,3008,0.010262725779967159,0.04221401204159825,1024.2863315345476,856.8087889025181,6,406
correlated,3.0,30,0.7,0.9,9,100,4489,0.010262725779967159,0.06191844553913521,1057.3178992644562,875.8582828576154,6,406
correlated,3.0,30,0.7,0.9,9,100,6700,0.009441707717569785,0.055350301039956216,1125.9699332226571,923.7616225570796,6,406
correlated,3.0,30,0.7,0.9,9,100,10000,0.010673234811165845,0.04734537493158182,1178.3498212622733,1006.9393706893867,6,406
correlated,3.0,30,0.7,0.9,9,1000,1,0.145320197044335,0.42692939244663225,0.5640915577326777,0.8730822396860027,6,406
correlated,3.0,30,0.7,0.9,9,1000,2,0.14326765188834154,0.4034619594964444,0.7369089625668467,0.9794452091662625,6,406
correlated,3.0,30,0.7,0.9,9,1000,3,0.14080459770114942,0.36733716475095857,0.9421092223987461,0.9259506075516404,6,406
correlated,3.0,30,0.7,0.9,9,1000,5,0.13505747126436782,0.37226327312534135,1.436557533122145,1.5305240845806254,6,406
correlated,3.0,30,0.7,0.9,9,1000,7,0.13505747126436782,0.3262862616310886,1.3893124437720503,1.3607366268719192,6,406
correlated,3.0,30,0.7,0.9,9,1000,11,0.13177339901477833,0.33805418719211683,2.1084095674706282,1.9702762333374002,6,406
correlated,3.0,30,0.7,0.9,9,1000,16,0.13013136288998356,0.33695949644225665,2.9873661668437914,2.3384461585895844,6,406
correlated,3.0,30,0.7,0.9,9,1000,25,0.12766830870279144,0.35420087575259984,4.55443202555434,3.553075133537455,6,406
correlated,3.0,30,0.7,0.9,9,1000,37,0.12192118226600984,0.2772988505747144,7.5013452387567305,5.652145223857124,6,406
correlated,3.0,30,0.7,0.9,9,1000,55,0.12151067323481117,0.3026819923371642,7.890338023089986,5.49277613008385,6,406
correlated,3.0,30,0.7,0.9,9,1000,82,0.11863711001642037,0.32053913519430755,11.345194545289436,10.164353271453338,6,406
correlated,3.0,30,0.7,0.9,9,1000,122,0.11042692939244664,0.2220169677066226,13.818228030435806,9.532103619820743,6,406
correlated,3.0,30,0.7,0.9,9,1000,182,0.10632183908045978,0.27948823207443824,14.01270688282353,8.882299859960394,6,406
correlated,3.0,30,0.7,0.9,9,1000,272,0.1087848932676519,0.3386015325670497,19.836205494259957,16.87109033285779,6,406
correlated,3.0,30,0.7,0.9,9,1000,406,0.10426929392446634,0.3191023535851119,23.201229913550417,17.05548436595503,6,406
correlated,3.0,30,0.7,0.9,9,1000,606,0.09852216748768473,0.3579638752052545,28.66862436507019,23.579448419811055,6,406
correlated,3.0,30,0.7,0.9,9,1000,905,0.09318555008210179,0.3295703338806797,41.784107483899156,30.86941024555529,6,406
correlated,3.0,30,0.7,0.9,9,1000,1350,0.09277504105090312,0.26819923371647497,46.64960421223674,38.01196427292222,6,406
correlated,3.0,30,0.7,0.9,9,1000,2015,0.08538587848932677,0.26984126984127016,56.038434699786855,46.79720268918065,6,406
correlated,3.0,30,0.7,0.9,9,1000,3008,0.08004926108374384,0.29536124794745444,56.45270978540926,48.207470869107546,6,406
correlated,3.0,30,0.7,0.9,9,1000,4489,0.07676518883415435,0.22776409414340437,82.23851359708249,85.53451406744223,6,406
correlated,3.0,30,0.7,0.9,9,1000,6700,0.07758620689655173,0.31588669950738946,92.99162772272632,84.75972199311065,6,406
correlated,3.0,30,0.7,0.9,9,1000,10000,0.07224958949096881,0.24274767378215578,122.32402600942017,128.26731284010248,6,406
correlated,3.0,30,0.7,0.9,9,10000,1,0.19950738916256158,0.3316912972085391,0.05542135717935693,0.06110981150917561,6,406
correlated,3.0,30,0.7,0.9,9,10000,2,0.19868637110016418,0.3232074438971013,0.09833189502819382,0.09456005246326445,6,406
correlated,3.0,30,0.7,0.9,9,10000,3,0.19704433497536947,0.2939244663382595,0.10401894820219136,0.08084167222459486,6,406
correlated,3.0,30,0.7,0.9,9,10000,5,0.1962233169129721,0.28790366721401095,0.11507593208320659,0.08300648109095969,6,406
correlated,3.0,30,0.7,0.9,9,10000,7,0.194991789819376,0.3057608100711578,0.24803753997130837,0.21949729342626312,6,406
correlated,3.0,30,0.7,0.9,9,10000,11,0.19417077175697864,0.3829365079365108,0.42261179960604395,0.4805305399679263,6,406
correlated,3.0,30,0.7,0.9,9,10000,16,0.19252873563218395,0.38457854406129616,0.46541424254717145,0.4981188212743392,6,406
correlated,3.0,30,0.7,0.9,9,10000,25,0.19088669950738915,0.4562807881773441,0.8744379977305369,1.075512277495868,6,406
correlated,3.0,30,0.7,0.9,9,10000,37,0.18719211822660098,0.42446633825944013,0.8744368639504222,0.9130865380313978,6,406
correlated,3.0,30,0.7,0.9,9,10000,55,0.1839080459770115,0.5374931581828128,1.269225653631912,1.5978182631724918,6,406
correlated,3.0,30,0.7,0.9,9,10000,82,0.180623973727422,0.4849480021893808,3.2978146765395504,6.12559939135453,6,406
correlated,3.0,30,0.7,0.9,9,10000,122,0.1798029556650246,0.5197044334975389,4.584505227347047,8.524997479675498,6,406
correlated,3.0,30,0.7,0.9,9,10000,182,0.17364532019704434,0.5843596059113284,5.339986173262637,8.924724535776122,6,406
correlated,3.0,30,0.7,0.9,9,10000,272,0.16502463054187191,0.46962233169129747,9.413227265760021,13.307478104059037,6,406
correlated,3.0,30,0.7,0.9,9,10000,406,0.16174055829228243,0.6220580186097436,9.905470508238693,15.41138299784536,6,406
correlated,3.0,30,0.7,0.9,9,10000,606,0.1572249589490969,0.49541598248494434,12.085950030760356,18.46825365239508,6,406
correlated,3.0,30,0.7,0.9,9,10000,905,0.1539408866995074,0.5293513957307056,14.454171796072425,24.252750820522298,6,406
correlated,3.0,30,0.7,0.9,9,10000,1350,0.15024630541871922,0.4605911330049246,14.844286254476307,23.792316370108637,6,406
correlated,3.0,30,0.7,0.9,9,10000,2015,0.14080459770114942,0.4387657361795305,22.907555707263423,36.93436050317883,6,406
correlated,3.0,30,0.7,0.9,9,10000,3008,0.13669950738916256,0.2214696223316904,29.37024787986839,39.43538729185009,6,406
correlated,3.0,30,0.7,0.9,9,10000,4489,0.12931034482758622,0.2625205254515576,40.88914564029065,56.83048432369889,6,406
correlated,3.0,30,0.7,0.9,9,10000,6700,0.13054187192118227,0.40722495894909694,50.01472211918678,76.29095193126071,6,406
correlated,3.0,30,0.7,0.9,9,10000,10000,0.12151067323481118,0.3757525998905278,59.71773303909348,95.39762451324764,6,406
