ensemble,epsilon,N,kappa,pi,disorder_idx,tw,lag,Q_mean,chi4,D4_mean,D4_std,n_traj,n_pairs
correlated,6.0,30,0.7,0.9,0,0,1,0.003284072249589491,0.0021893814997263274,4.4941337052336285,1.5069670540045454,6,406
correlated,6.0,30,0.7,0.9,0,0,2,0.003284072249589491,0.0021893814997263274,11.05738613393874,3.7795161943117486,6,406
correlated,6.0,30,0.7,0.9,0,0,3,0.003284072249589491,0.001368363437328955,16.99738377589392,5.426728353885978,6,406
correlated,6.0,30,0.7,0.9,0,0,4,0.003284072249589491,0.001368363437328955,21.29996870230611,8.339730073485727,6,406
correlated,6.0,30,0.7,0.9,0,0,5,0.0036945812807881776,0.0022577996715927736,29.318712477946303,11.06927042152006,6,406
correlated,6.0,30,0.7,0.9,0,0,6,0.0024630541871921183,0.000821018062397373,35.520933726011656,12.099639510993748,6,406
correlated,6.0,30,0.7,0.9,0,0,7,0.0024630541871921183,0.001642036124794746,45.20727939196573,16.30409280458282,6,406
correlated,6.0,30,0.7,0.9,0,0,9,0.002052545155993432,0.0011631089217296114,65.79225690017995,18.502087777466002,6,406
correlated,6.0,30,0.7,0.9,0,0,10,0.0016420361247947454,0.0013683634373289546,77.92287663697327,23.82715250287401,6,406
correlated,6.0,30,0.7,0.9,0,0,12,0.0016420361247947454,0.0013683634373289546,108.59177418662871,41.800124373298665,6,406
correlated,6.0,30,0.7,0.9,0,0,15,0.0020525451559934315,0.0019841269841269845,152.90403461366364,56.02901302521773,6,406
correlated,6.0,30,0.7,0.9,0,0,17,0.0016420361247947454,0.0013683634373289546,173.13720239791954,50.01855337412524,6,406
correlated,6.0,30,0.7,0.9,0,0,20,0.0012315270935960591,0.0006157635467980298,228.12221932671832,43.781536403029385,6,406
correlated,6.0,30,0.7,0.9,0,0,24,0.0012315270935960591,0.0006157635467980298,302.99446848732555,86.67617614164737,6,406
correlated,6.0,30,0.7,0.9,0,0,28,0.0008210180623973727,0.0005473453749315821,378.2119449988524,101.71056933824129,6,406
correlated,6.0,30,0.7,0.9,0,0,34,0.0012315270935960591,0.0014367816091954023,484.68444950402005,143.85556901996029,6,406
correlated,6.0,30,0.7,0.9,0,0,40,0.0012315270935960591,0.0006157635467980298,611.5640355274714,193.4352747802869,6,406
correlated,6.0,30,0.7,0.9,0,0,47,0.00041050903119868636,0.0003420908593322387,738.8186911520173,242.34768245206047,6,406
correlated,6.0,30,0.7,0.9,0,0,56,0.0008210180623973727,0.0005473453749315821,882.7864960222233,291.42151263325263,6,406
correlated,6.0,30,0.7,0.9,0,0,66,0.0008210180623973727,0.0005473453749315821,1052.9256984696824,368.2342860667591,6,406
correlated,6.0,30,0.7,0.9,0,0,78,0.00041050903119868636,0.0003420908593322387,1147.8292493913643,428.28395358413565,6,406
correlated,6.0,30,0.7,0.9,0,0,92,0.00041050903119868636,0.0003420908593322387,1341.0632511008514,501.1468637794161,6,406
correlated,6.0,30,0.7,0.9,0,0,109,0.00041050903119868636,0.0003420908593322387,1524.5707706886506,589.2063202528053,6,406
correlated,6.0,30,0.7,0.9,0,0,129,0.0008210180623973727,0.0005473453749315821,1648.45992002458,537.4425323050956,6,406
correlated,6.0,30,0.7,0.9,0,0,152,0.0008210180623973727,0.0005473453749315821,1834.0089047038334,667.1548126935497,6,406
correlated,6.0,30,0.7,0.9,0,0,180,0.0016420361247947454,0.0013683634373289546,1935.3987428167836,695.702231108045,6,406
correlated,6.0,30,0.7,0.9,0,0,212,0.0016420361247947454,0.0013683634373289546,2084.099926278868,813.8481010726204,6,406
correlated,6.0,30,0.7,0.9,0,0,251,0.0012315270935960591,0.0006157635467980298,2199.098585847028,871.9462462232033,6,406
correlated,6.0,30,0.7,0.9,0,0,297,0.0012315270935960591,0.0006157635467980298,2274.998421200567,897.9308556794724,6,406
correlated,6.0,30,0.7,0.9,0,0,351,0.0012315270935960591,0.0006157635467980298,2389.852406388792,865.5441967271896,6,406
correlated,6.0,30,0.7,0.9,0,0,415,0.0008210180623973727,0.0005473453749315821,2507.781972582934,874.2305864420392,6,406
correlated,6.0,30,0.7,0.9,0,0,491,0.0008210180623973727,0.0005473453749315821,2632.4074943939363,907.3330667405687,6,406
correlated,6.0,30,0.7,0.9,0,0,580,0.00041050903119868636,0.0003420908593322387,2680.091781911355,902.3117980943751,6,406
correlated,6.0,30,0.7,0.9,0,0,686,0.00041050903119868636,0.0003420908593322387,2805.493492340102,933.8833232774813,6,406
correlated,6.0,30,0.7,0.9,0,0,811,0.0008210180623973727,0.0005473453749315821,2810.7378409937464,920.8826933981571,6,406
correlated,6.0,30,0.7,0.9,0,0,959,0.0012315270935960591,0.0014367816091954023,2919.3890041405416,836.1609696592792,6,406
correlated,6.0,30,0.7,0.9,0,0,1134,0.0012315270935960591,0.0014367816091954023,2986.817141389085,996.7433955176216,6,406
correlated,6.0,30,0.7,0.9,0,0,1341,0.0008210180623973727,0.0005473453749315821,3067.9433955060867,1018.3623634934602,6,406
correlated,6.0,30,0.7,0.9,0,0,1585,0.0012315270935960591,0.0014367816091954023,3036.0663012543864,836.333265987137,6,406
correlated,6.0,30,0.7,0.9,0,0,1874,0.0012315270935960591,0.0014367816091954023,3032.172984259821,773.3904409568802,6,406
correlated,6.0,30,0.7,0.9,0,0,2215,0.0008210180623973727,0.0005473453749315821,3066.4275450796576,802.4546205979597,6,406
correlated,6.0,30,0.7,0.9,0,0,2619,0.0008210180623973727,0.0005473453749315821,3095.938362114665,852.209304030616,6,406
correlated,6.0,30,0.7,0.9,0,0,3097,0.00041050903119868636,0.0003420908593322387,3201.9801048300887,1064.264864519173,6,406
correlated,6.0,30,0.7,0.9,0,0,3661,0.0016420361247947454,0.0005473453749315822,3138.9281139031423,893.0938631637075,6,406
correlated,6.0,30,0.7,0.9,0,0,4329,0.0008210180623973727,0.0005473453749315821,3103.2868051723494,869.020836057399,6,406
correlated,6.0,30,0.7,0.9,0,0,5118,0.0008210180623973727,0.0005473453749315821,3106.8880634510574,829.149611476217,6,406
correlated,6.0,30,0.7,0.9,0,0,6051,0.0012315270935960591,0.0006157635467980298,3334.955401673658,1227.9294389457516,6,406
correlated,6.0,30,0.7,0.9,0,0,7154,0.0012315270935960591,0.0006157635467980298,3172.221717160211,862.2573000085091,6,406
correlated,6.0,30,0.7,0.9,0,0,8458,0.0012315270935960591,0.0014367816091954023,3286.955848535521,944.4684832666118,6,406
correlated,6.0,30,0.7,0.9,0,0,10000,0.0,0.0,3116.2526508756296,712.1550035031208,6,406
correlated,6.0,30,0.7,0.9,0,1000,1,0.07183908045977012,0.1448412698412696,0.4677959179014441,0.3330849410571568,6,406
correlated,6.0,30,0.7,0.9,0,1000,2,0.07101806239737275,0.13991516146688543,1.3916213384946479,1.3075055909637632,6,406
correlated,6.0,30,0.7,0.9,0,1000,3,0.06732348111658457,0.15407772304324063,2.2939219472414334,2.062285117155295,6,406
correlated,6.0,30,0.7,0.9,0,1000,4,0.06691297208538588,0.17111384783798603,3.0973179540206512,2.840627444554113,6,406
correlated,6.0,30,0.7,0.9,0,1000,5,0.06691297208538588,0.16782977558839704,3.1266179337839297,2.515861092522062,6,406
correlated,6.0,30,0.7,0.9,0,1000,6,0.06609195402298851,0.15469348659003865,4.323896469785327,3.690810456450375,6,406
correlated,6.0,30,0.7,0.9,0,1000,7,0.06486042692939245,0.13191023535851115,4.6588393976770925,4.223155475580243,6,406
correlated,6.0,30,0.7,0.9,0,1000,9,0.06486042692939245,0.1294471811713187,5.192199436720982,4.234381238055712,6,406
correlated,6.0,30,0.7,0.9,0,1000,10,0.06486042692939245,0.11220580186097409,5.522287267722074,4.521853480628818,6,406
correlated,6.0,30,0.7,0.9,0,1000,12,0.06321839080459771,0.1631089217296114,5.969011693192891,5.40929710094966,6,406
correlated,6.0,30,0.7,0.9,0,1000,15,0.05911330049261084,0.11412151067323485,7.980348378124565,6.491767371471993,6,406
correlated,6.0,30,0.7,0.9,0,1000,17,0.05870279146141216,0.08080186097427444,8.00482178548379,5.5471645564888,6,406
correlated,6.0,30,0.7,0.9,0,1000,20,0.05623973727422003,0.09311713191023577,10.407532686775495,9.406239114275499,6,406
correlated,6.0,30,0.7,0.9,0,1000,24,0.055418719211822655,0.13936781609195428,10.893472800111269,9.549994729457223,6,406
correlated,6.0,30,0.7,0.9,0,1000,28,0.055418719211822655,0.08682266009852249,11.126317909583555,8.275684857151555,6,406
correlated,6.0,30,0.7,0.9,0,1000,34,0.055418719211822655,0.1993021346469625,12.040382303003907,7.112019937731475,6,406
correlated,6.0,30,0.7,0.9,0,1000,40,0.0545977011494253,0.13170498084291174,13.551962744861818,7.296661061537431,6,406
correlated,6.0,30,0.7,0.9,0,1000,47,0.05623973727422003,0.10871647509578589,14.989075453781004,10.320460255249506,6,406
correlated,6.0,30,0.7,0.9,0,1000,56,0.05254515599343185,0.0851122058018613,15.05976870773164,11.247172338794487,6,406
correlated,6.0,30,0.7,0.9,0,1000,66,0.04433497536945813,0.08292282430213443,22.983573973662043,23.015120830696354,6,406
correlated,6.0,30,0.7,0.9,0,1000,78,0.04638752052545156,0.07587575259989045,27.262114067319487,26.626461060103768,6,406
correlated,6.0,30,0.7,0.9,0,1000,92,0.04310344827586207,0.05726600985221656,27.992117405117426,28.348178475770148,6,406
correlated,6.0,30,0.7,0.9,0,1000,109,0.04310344827586207,0.07450738916256153,35.32952913653351,39.47986820440343,6,406
correlated,6.0,30,0.7,0.9,0,1000,129,0.03940886699507389,0.05418719211822645,35.899589816551575,30.771851122574645,6,406
correlated,6.0,30,0.7,0.9,0,1000,152,0.04228243021346469,0.09640120415982492,35.883725344971545,22.684169685803194,6,406
correlated,6.0,30,0.7,0.9,0,1000,180,0.03653530377668309,0.029077723043240255,38.22853864617521,31.23160256138101,6,406
correlated,6.0,30,0.7,0.9,0,1000,212,0.04105090311986864,0.08429118773946344,40.63168010561905,26.229927393313208,6,406
correlated,6.0,30,0.7,0.9,0,1000,251,0.03243021346469622,0.02907772304324034,47.16702888659227,28.90196221431712,6,406
correlated,6.0,30,0.7,0.9,0,1000,297,0.03735632183908046,0.03071975916803492,55.0245635233959,38.02214693544511,6,406
correlated,6.0,30,0.7,0.9,0,1000,351,0.03694581280788178,0.026272577996715805,68.74653634382594,63.19266547861957,6,406
correlated,6.0,30,0.7,0.9,0,1000,415,0.03489326765188834,0.026614668856048077,66.01484217291575,64.12936056465702,6,406
correlated,6.0,30,0.7,0.9,0,1000,491,0.03530377668308703,0.03995621237000534,72.93586819784157,71.56026698259477,6,406
correlated,6.0,30,0.7,0.9,0,1000,580,0.036124794745484405,0.05966064586754221,77.29530945819833,68.18526935952069,6,406
correlated,6.0,30,0.7,0.9,0,1000,686,0.035303776683087026,0.030103995621237074,91.13048039327435,91.31761911870218,6,406
correlated,6.0,30,0.7,0.9,0,1000,811,0.02955665024630542,0.031198686371100157,91.81512010338815,94.00828945866165,6,406
correlated,6.0,30,0.7,0.9,0,1000,959,0.03201970443349754,0.04269293924466335,106.81968093941144,109.44512002441718,6,406
correlated,6.0,30,0.7,0.9,0,1000,1134,0.03078817733990148,0.01046798029556646,115.81715916117507,107.92360642505658,6,406
correlated,6.0,30,0.7,0.9,0,1000,1341,0.02791461412151067,0.020251778872468682,155.62577985230948,172.87265699968432,6,406
correlated,6.0,30,0.7,0.9,0,1000,1585,0.02955665024630542,0.03612479474548429,164.23657893676963,171.34604492307287,6,406
correlated,6.0,30,0.7,0.9,0,1000,1874,0.02955665024630542,0.04351395730706068,168.54719911549302,164.10135143809507,6,406
correlated,6.0,30,0.7,0.9,0,1000,2215,0.029146141215106735,0.045498084291187756,191.0188617380807,168.64397221732779,6,406
correlated,6.0,30,0.7,0.9,0,1000,2619,0.028325123152709363,0.011288998357963837,176.01764683087606,153.77527526284027,6,406
correlated,6.0,30,0.7,0.9,0,1000,3097,0.022988505747126436,0.0071154898741106025,260.523073060322,275.47776332670105,6,406
correlated,6.0,30,0.7,0.9,0,1000,3661,0.02504105090311987,0.02086754241926657,333.25144054100423,485.05322503390715,6,406
correlated,6.0,30,0.7,0.9,0,1000,4329,0.0270935960591133,0.0164203612479475,415.7652546799308,691.7287105954438,6,406
correlated,6.0,30,0.7,0.9,0,1000,5118,0.024220032840722494,0.03154077723043247,454.52591820302996,812.5086803095188,6,406
correlated,6.0,30,0.7,0.9,0,1000,6051,0.024630541871921183,0.03201970443349753,353.93416788930404,564.2876181072597,6,406
correlated,6.0,30,0.7,0.9,0,1000,7154,0.027093596059113306,0.04761904761904748,383.2836224209677,636.6172364076398,6,406
correlated,6.0,30,0.7,0.9,0,1000,8458,0.02750410509031199,0.006910235358511115,438.3374653831947,779.9578099937756,6,406
correlated,6.0,30,0.7,0.9,0,1000,10000,0.026272577996715927,0.032567049808429165,286.80384646860267,420.6169511990202,6,406
correlated,6.0,30,0.7,0.9,0,3000,1,0.09729064039408868,0.32081280788177363,0.6425038212096031,0.8569202266944586,6,406
correlated,6.0,30,0.7,0.9,0,3000,2,0.09359605911330049,0.31362889983579695,1.2876852314200997,1.6434343252106396,6,406
correlated,6.0,30,0.7,0.9,0,3000,3,0.08908045977011496,0.2918035030103979,1.7907091197624572,1.9993844410093096,6,406
correlated,6.0,30,0.7,0.9,0,3000,4,0.08620689655172414,0.26847290640394034,2.2799946377436977,2.8694334285899155,6,406
correlated,6.0,30,0.7,0.9,0,3000,5,0.0845648604269294,0.29775588396278,2.337914431554745,2.7450827720148943,6,406
correlated,6.0,30,0.7,0.9,0,3000,6,0.08169129720853859,0.31725506294471817,2.5563417642097517,3.376212963144217,6,406
correlated,6.0,30,0.7,0.9,0,3000,7,0.07963875205254517,0.30760810071154837,2.52367174720766,3.1297582475691845,6,406
correlated,6.0,30,0.7,0.9,0,3000,9,0.07881773399014778,0.3357963875205254,3.220132553301734,4.079491638759333,6,406
correlated,6.0,30,0.7,0.9,0,3000,10,0.07799671592775041,0.28544061302681994,3.654385114137695,4.691082244302992,6,406
correlated,6.0,30,0.7,0.9,0,3000,12,0.07471264367816093,0.30842911877394596,3.736852183020815,3.9985396498497585,6,406
correlated,6.0,30,0.7,0.9,0,3000,15,0.07266009852216748,0.2838669950738923,4.595395528206797,4.9987183944971365,6,406
correlated,6.0,30,0.7,0.9,0,3000,17,0.07348111658456485,0.27127805145046613,5.962288741493609,7.618858571478471,6,406
correlated,6.0,30,0.7,0.9,0,3000,20,0.0755336617405583,0.29036672140120445,7.965331875445389,10.944812227236012,6,406
correlated,6.0,30,0.7,0.9,0,3000,24,0.07224958949096878,0.24110563765736304,7.682175038667132,7.8850489516100914,6,406
correlated,6.0,30,0.7,0.9,0,3000,28,0.07101806239737274,0.18917624521072857,10.420601198161075,11.640637549503337,6,406
correlated,6.0,30,0.7,0.9,0,3000,34,0.07389162561576354,0.2816091954022998,12.056890491725186,15.417356931423347,6,406
correlated,6.0,30,0.7,0.9,0,3000,40,0.07101806239737274,0.23104816639299408,14.31135239324279,18.72708134359216,6,406
correlated,6.0,30,0.7,0.9,0,3000,47,0.06486042692939244,0.2723043240284626,18.72708471621735,26.409271403688216,6,406
correlated,6.0,30,0.7,0.9,0,3000,56,0.06732348111658455,0.2476737821565417,19.05700996710458,26.822364749072026,6,406
correlated,6.0,30,0.7,0.9,0,3000,66,0.0636288998357964,0.22448002189381505,22.733109767180608,30.23849630020998,6,406
correlated,6.0,30,0.7,0.9,0,3000,78,0.06403940886699507,0.245484400656815,20.22345626206399,23.886253796608315,6,406
correlated,6.0,30,0.7,0.9,0,3000,92,0.06116584564860426,0.20723864258347097,27.077356011383614,35.21372981570456,6,406
correlated,6.0,30,0.7,0.9,0,3000,109,0.05911330049261084,0.20689655172413746,28.94177625000167,32.74140497768643,6,406
correlated,6.0,30,0.7,0.9,0,3000,129,0.05706075533661741,0.21134373289545683,31.888106746327825,35.39938949924904,6,406
correlated,6.0,30,0.7,0.9,0,3000,152,0.05582922824302134,0.17131910235358525,37.66924436587527,43.43030533948072,6,406
correlated,6.0,30,0.7,0.9,0,3000,180,0.05623973727422003,0.17357690202517828,40.02754503123105,46.82939236111679,6,406
correlated,6.0,30,0.7,0.9,0,3000,212,0.0541871921182266,0.1806239737274221,44.74533243867518,51.895450579212934,6,406
correlated,6.0,30,0.7,0.9,0,3000,251,0.055418719211822655,0.2313218390804598,50.04921053126032,61.369810898629744,6,406
correlated,6.0,30,0.7,0.9,0,3000,297,0.05090311986863711,0.21483305966064592,52.338540828095326,64.68808344225005,6,406
correlated,6.0,30,0.7,0.9,0,3000,351,0.05008210180623974,0.24028461959496475,59.28738762599437,76.97240460531789,6,406
correlated,6.0,30,0.7,0.9,0,3000,415,0.04720853858784893,0.134168035030104,59.058451658548854,66.55723094953204,6,406
correlated,6.0,30,0.7,0.9,0,3000,491,0.04351395730706076,0.09989053092501365,53.14317285027772,61.737470089554925,6,406
correlated,6.0,30,0.7,0.9,0,3000,580,0.04720853858784894,0.10214833059660634,51.01392052436032,57.8550127808257,6,406
correlated,6.0,30,0.7,0.9,0,3000,686,0.045566502463054194,0.08107553366174036,49.3137425985257,50.172414752778586,6,406
correlated,6.0,30,0.7,0.9,0,3000,811,0.043924466338259444,0.09886425834701691,64.04424286989834,70.58757314300568,6,406
correlated,6.0,30,0.7,0.9,0,3000,959,0.044745484400656815,0.09804324028461958,52.06161167413151,56.295562291951626,6,406
correlated,6.0,30,0.7,0.9,0,3000,1134,0.042692939244663386,0.10235358511220574,102.2314590834784,139.36961680416056,6,406
correlated,6.0,30,0.7,0.9,0,3000,1341,0.04064039408866996,0.06876026272577976,123.53613243987068,198.29708205496496,6,406
correlated,6.0,30,0.7,0.9,0,3000,1585,0.038177339901477834,0.05890804597701149,145.63036149009915,263.2389921670517,6,406
correlated,6.0,30,0.7,0.9,0,3000,1874,0.03694581280788178,0.12889983579638728,162.2781831735664,317.9781189668586,6,406
correlated,6.0,30,0.7,0.9,0,3000,2215,0.042692939244663386,0.1540777230432401,241.61875202573788,519.8921343868519,6,406
correlated,6.0,30,0.7,0.9,0,3000,2619,0.03653530377668309,0.045498084291187624,233.86795295511163,490.94479528155586,6,406
correlated,6.0,30,0.7,0.9,0,3000,3097,0.032840722495894904,0.07690202517788736,275.06524099263754,604.9449705706588,6,406
correlated,6.0,30,0.7,0.9,0,3000,3661,0.03653530377668309,0.08326491516146671,268.2379320457599,569.5368274818602,6,406
correlated,6.0,30,0.7,0.9,0,3000,4329,0.033251231527093604,0.07204433497536936,196.62527634702596,383.6366789896018,6,406
correlated,6.0,30,0.7,0.9,0,3000,5118,0.03571428571428572,0.16399835796387496,225.74366838699606,445.45405615095075,6,406
correlated,6.0,30,0.7,0.9,0,3000,6051,0.03366174055829228,0.09989053092501365,241.93066307501647,479.5884431817663,6,406
correlated,6.0,30,0.7,0.9,0,3000,7154,0.034482758620689655,0.12561576354679796,184.0589565730661,292.4791934639279,6,406
correlated,6.0,30,0.7,0.9,0,3000,8458,0.03571428571428572,0.0736863711001641,160.22505672124586,267.77100980840265,6,406
correlated,6.0,30,0.7,0.9,0,3000,10000,0.03530377668308703,0.0859332238642582,132.73380362696307,212.5575242894448,6,406
correlated,6.0,30,0.7,0.9,0,10000,1,0.1022167487684729,0.17713464696223355,0.5899522646416976,0.6673867372606256,6,406
correlated,6.0,30,0.7,0.9,0,10000,2,0.10016420361247946,0.18281335522714948,0.8277123596684585,0.7571231604809517,6,406
correlated,6.0,30,0.7,0.9,0,10000,3,0.09893267651888343,0.184250136836343,1.1332350509952536,1.214817763438118,6,406
correlated,6.0,30,0.7,0.9,0,10000,4,0.09934318555008209,0.1614668856048176,1.7719502336446344,1.6826612139542434,6,406
correlated,6.0,30,0.7,0.9,0,10000,5,0.0960591133004926,0.13054187192118274,1.8676319093418756,1.332749878823822,6,406
correlated,6.0,30,0.7,0.9,0,10000,6,0.09359605911330049,0.11904761904761921,2.0807528057353095,1.598552615501468,6,406
correlated,6.0,30,0.7,0.9,0,10000,7,0.09277504105090312,0.18363437328954568,2.9866081989825854,3.364308494185204,6,406
correlated,6.0,30,0.7,0.9,0,10000,9,0.090311986863711,0.17706622879036701,4.419145483568927,6.177489215237112,6,406
correlated,6.0,30,0.7,0.9,0,10000,10,0.0907224958949097,0.15140941434044755,4.76488319654265,6.599238762881447,6,406
correlated,6.0,30,0.7,0.9,0,10000,12,0.08825944170771756,0.16618773946360219,6.456540068248446,9.272399598022128,6,406
correlated,6.0,30,0.7,0.9,0,10000,15,0.08743842364532022,0.19191297208538466,6.199808674320646,7.864556511861533,6,406
correlated,6.0,30,0.7,0.9,0,10000,17,0.08579638752052544,0.15469348659003795,8.605014711806271,12.491540403252756,6,406
correlated,6.0,30,0.7,0.9,0,10000,20,0.08292282430213464,0.1984126984126989,10.51091007373799,16.605445987848928,6,406
correlated,6.0,30,0.7,0.9,0,10000,24,0.08210180623973727,0.17460317460317493,11.80432992330467,17.036476963611225,6,406
correlated,6.0,30,0.7,0.9,0,10000,28,0.0812807881773399,0.19047619047619044,14.887789713777467,24.68912908636819,6,406
correlated,6.0,30,0.7,0.9,0,10000,34,0.08251231527093596,0.21079638752052623,11.902236781416356,18.737840722948494,6,406
correlated,6.0,30,0.7,0.9,0,10000,40,0.08045977011494253,0.15900383141762445,11.435267971917918,16.022309775060393,6,406
correlated,6.0,30,0.7,0.9,0,10000,47,0.07922824302134647,0.20641762452107248,10.33784781073622,13.06095168509294,6,406
correlated,6.0,30,0.7,0.9,0,10000,56,0.07512315270935961,0.19930213464696234,16.76085322732364,21.126432899303918,6,406
correlated,6.0,30,0.7,0.9,0,10000,66,0.07881773399014778,0.16748768472906406,20.22158089391992,25.40887934118553,6,406
correlated,6.0,30,0.7,0.9,0,10000,78,0.07758620689655173,0.20915435139573033,21.508869669981888,26.380951410855065,6,406
correlated,6.0,30,0.7,0.9,0,10000,92,0.0726600985221675,0.2805829228243019,16.47994634582785,18.553338649393453,6,406
correlated,6.0,30,0.7,0.9,0,10000,109,0.07430213464696224,0.2630678708264916,25.90900188544357,40.51306892766267,6,406
correlated,6.0,30,0.7,0.9,0,10000,129,0.07019704433497538,0.1837027914614115,30.54508543686222,45.37832305601909,6,406
correlated,6.0,30,0.7,0.9,0,10000,152,0.06732348111658455,0.14504652435687024,36.60240516894409,55.337909567944955,6,406
correlated,6.0,30,0.7,0.9,0,10000,180,0.06609195402298851,0.19163929939791996,35.75129954766995,50.31118378968264,6,406
correlated,6.0,30,0.7,0.9,0,10000,212,0.06157635467980296,0.1272577996715927,32.79290190102576,46.08679300038403,6,406
correlated,6.0,30,0.7,0.9,0,10000,251,0.060755336617405585,0.10810071154898751,34.58108851752223,45.41578261530891,6,406
correlated,6.0,30,0.7,0.9,0,10000,297,0.056650246305418726,0.11247947454844001,32.50289997303032,37.10055495730819,6,406
correlated,6.0,30,0.7,0.9,0,10000,351,0.06239737274220033,0.13437328954570357,34.387289583363135,43.71786011489411,6,406
correlated,6.0,30,0.7,0.9,0,10000,415,0.05623973727422003,0.09311713191023577,47.72044366918944,72.05978482162224,6,406
correlated,6.0,30,0.7,0.9,0,10000,491,0.05623973727422003,0.10625342090859362,52.548258844011464,80.11712849869299,6,406
correlated,6.0,30,0.7,0.9,0,10000,580,0.0541871921182266,0.09770114942528749,53.89789912439657,82.55909749052216,6,406
correlated,6.0,30,0.7,0.9,0,10000,686,0.05623973727422004,0.10625342090859309,52.73044444530049,78.17654787115161,6,406
correlated,6.0,30,0.7,0.9,0,10000,811,0.05172413793103448,0.11986863711001662,50.434315018515036,77.60775779528947,6,406
correlated,6.0,30,0.7,0.9,0,10000,959,0.050492610837438424,0.09010673234811165,44.43843521995236,70.68157135797097,6,406
correlated,6.0,30,0.7,0.9,0,10000,1134,0.053366174055829226,0.10727969348659044,81.05440821164076,148.77231379349266,6,406
correlated,6.0,30,0.7,0.9,0,10000,1341,0.04802955665024631,0.05151888341543514,77.7460447782956,134.87215995273638,6,406
correlated,6.0,30,0.7,0.9,0,10000,1585,0.042692939244663386,0.054734537493158125,82.68302948859498,137.97785096366775,6,406
correlated,6.0,30,0.7,0.9,0,10000,1874,0.041871921182266014,0.06896551724137916,115.63064814725772,222.595017254579,6,406
correlated,6.0,30,0.7,0.9,0,10000,2215,0.03858784893267652,0.09168035030103978,104.48366500019775,196.12536389054802,6,406
correlated,6.0,30,0.7,0.9,0,10000,2619,0.046798029556650245,0.0977011494252873,100.75182429892057,159.75929609150694,6,406
correlated,6.0,30,0.7,0.9,0,10000,3097,0.04146141215106733,0.1341680350301039,98.21881386444295,164.89971051974385,6,406
correlated,6.0,30,0.7,0.9,0,10000,3661,0.03776683087027915,0.11384783798576902,128.7796953265594,247.12570497970282,6,406
correlated,6.0,30,0.7,0.9,0,10000,4329,0.03571428571428571,0.05808702791461416,122.63350294524953,211.518857717244,6,406
correlated,6.0,30,0.7,0.9,0,10000,5118,0.04064039408866995,0.06137110016420367,471.74171893384005,941.8291413004363,6,406
correlated,6.0,30,0.7,0.9,0,10000,6051,0.04146141215106733,0.14319923371647503,303.6190471189168,662.5146554982516,6,406
correlated,6.0,30,0.7,0.9,0,10000,7154,0.04064039408866995,0.10981116584564853,235.74387303456555,492.51524218162075,6,406
correlated,6.0,30,0.7,0.9,0,10000,8458,0.03981937602627258,0.08654898741105639,181.1257335130922,364.05257370219294,6,406
correlated,6.0,30,0.7,0.9,0,10000,10000,0.034482758620689655,0.11001642036124801,190.44555234567406,385.2892927926338,6,406
correlated,6.0,30,0.7,0.9,1,0,1,0.005336617405582923,0.001984126984126984,8.071476045550257,5.887946618971454,6,406
correlated,6.0,30,0.7,0.9,1,0,2,0.0049261083743842365,0.003284072249589492,19.202597401902565,11.386448734957488,6,406
correlated,6.0,30,0.7,0.9,1,0,3,0.0049261083743842365,0.004105090311986864,25.925086863854208,12.455379047906193,6,406
correlated,6.0,30,0.7,0.9,1,0,4,0.004515599343185551,0.003626163108921727,37.100187559816995,18.323436319295602,6,406
correlated,6.0,30,0.7,0.9,1,0,5,0.004105090311986864,0.0038314176245210726,45.29894377549213,18.622674787323902,6,406
correlated,6.0,30,0.7,0.9,1,0,6,0.0036945812807881776,0.0022577996715927736,59.981988175150754,24.092622090654597,6,406
correlated,6.0,30,0.7,0.9,1,0,7,0.004105090311986864,0.0013683634373289537,75.15785843197058,26.06800079586979,6,406
correlated,6.0,30,0.7,0.9,1,0,9,0.0024630541871921183,0.000821018062397373,107.61747578644463,37.38810398912721,6,406
correlated,6.0,30,0.7,0.9,1,0,10,0.0020525451559934315,0.001163108921729612,121.71673238188787,43.21375265780138,6,406
correlated,6.0,30,0.7,0.9,1,0,12,0.0028735632183908046,0.0019841269841269845,158.22127129674686,55.88594699964175,6,406
correlated,6.0,30,0.7,0.9,1,0,15,0.0028735632183908046,0.0019841269841269845,205.75170188541384,55.39053403210153,6,406
correlated,6.0,30,0.7,0.9,1,0,17,0.0024630541871921183,0.000821018062397373,238.40227290585105,62.84338200190387,6,406
correlated,6.0,30,0.7,0.9,1,0,20,0.0020525451559934315,0.001163108921729612,290.5869060898824,76.61992634433872,6,406
correlated,6.0,30,0.7,0.9,1,0,24,0.0020525451559934315,0.001163108921729612,387.56474169232655,90.26968579400119,6,406
correlated,6.0,30,0.7,0.9,1,0,28,0.0028735632183908046,0.0028051450465243566,484.65293441407016,109.47396183798884,6,406
correlated,6.0,30,0.7,0.9,1,0,34,0.0008210180623973727,0.0005473453749315821,660.9665226091205,176.6626517705352,6,406
correlated,6.0,30,0.7,0.9,1,0,40,0.00041050903119868636,0.0003420908593322387,828.7702013504232,245.1000539102319,6,406
correlated,6.0,30,0.7,0.9,1,0,47,0.00041050903119868636,0.0003420908593322387,968.6745550906397,264.0451415731209,6,406
correlated,6.0,30,0.7,0.9,1,0,56,0.0008210180623973727,0.0005473453749315821,1200.3385232852993,346.458475067504,6,406
correlated,6.0,30,0.7,0.9,1,0,66,0.0008210180623973727,0.0005473453749315821,1456.0280677358644,386.6306631754484,6,406
correlated,6.0,30,0.7,0.9,1,0,78,0.0008210180623973727,0.0005473453749315821,1673.7881379961673,346.1228866596486,6,406
correlated,6.0,30,0.7,0.9,1,0,92,0.0012315270935960591,0.0014367816091954023,1992.1423852476303,523.8405844266383,6,406
correlated,6.0,30,0.7,0.9,1,0,109,0.0012315270935960591,0.0014367816091954023,2467.199435960445,765.828396270363,6,406
correlated,6.0,30,0.7,0.9,1,0,129,0.0012315270935960591,0.0006157635467980298,2806.3748851252362,795.7969943310171,6,406
correlated,6.0,30,0.7,0.9,1,0,152,0.0008210180623973727,0.0005473453749315821,3098.3297437857877,963.0836551972985,6,406
correlated,6.0,30,0.7,0.9,1,0,180,0.0008210180623973727,0.0005473453749315821,3299.073138625834,1055.4962626974273,6,406
correlated,6.0,30,0.7,0.9,1,0,212,0.0008210180623973727,0.0005473453749315821,3497.291706023429,1248.1629627030945,6,406
correlated,6.0,30,0.7,0.9,1,0,251,0.00041050903119868636,0.0003420908593322387,3922.1388727498193,1759.1459177949212,6,406
correlated,6.0,30,0.7,0.9,1,0,297,0.00041050903119868636,0.0003420908593322387,4007.995581874687,1760.4496964335685,6,406
correlated,6.0,30,0.7,0.9,1,0,351,0.00041050903119868636,0.0003420908593322387,4161.54358473502,1871.9350408410983,6,406
correlated,6.0,30,0.7,0.9,1,0,415,0.00041050903119868636,0.0003420908593322387,4464.246107605017,2041.0812552257712,6,406
correlated,6.0,30,0.7,0.9,1,0,491,0.0008210180623973727,0.0005473453749315821,4656.870299670773,2077.644188372551,6,406
correlated,6.0,30,0.7,0.9,1,0,580,0.0008210180623973727,0.0005473453749315821,4811.38062219776,2129.705620530838,6,406
correlated,6.0,30,0.7,0.9,1,0,686,0.0008210180623973727,0.0005473453749315821,5124.289304218612,2336.8942593315855,6,406
correlated,6.0,30,0.7,0.9,1,0,811,0.0008210180623973727,0.0005473453749315821,5287.569155477825,2279.883393163233,6,406
correlated,6.0,30,0.7,0.9,1,0,959,0.0012315270935960591,0.0006157635467980298,5440.09569321306,2370.522480793044,6,406
correlated,6.0,30,0.7,0.9,1,0,1134,0.0024630541871921183,0.0016420361247947454,5877.789006765564,2325.9371248027355,6,406
correlated,6.0,30,0.7,0.9,1,0,1341,0.0024630541871921183,0.0016420361247947454,5949.695629005794,2257.351614439941,6,406
correlated,6.0,30,0.7,0.9,1,0,1585,0.0024630541871921183,0.002463054187192118,6266.010129010462,2394.9305891723106,6,406
correlated,6.0,30,0.7,0.9,1,0,1874,0.002052545155993432,0.002805145046524356,6437.645535995728,2257.1790210073636,6,406
correlated,6.0,30,0.7,0.9,1,0,2215,0.0016420361247947454,0.0013683634373289546,6667.557132584701,2604.427494625356,6,406
correlated,6.0,30,0.7,0.9,1,0,2619,0.0016420361247947454,0.0013683634373289546,6809.07283090816,2635.545583287722,6,406
correlated,6.0,30,0.7,0.9,1,0,3097,0.002052545155993432,0.0011631089217296112,6865.487405310169,2681.511799915002,6,406
correlated,6.0,30,0.7,0.9,1,0,3661,0.0036945812807881767,0.002257799671592776,6844.658050562561,2691.349033413641,6,406
correlated,6.0,30,0.7,0.9,1,0,4329,0.0024630541871921183,0.0016420361247947454,6887.422896098327,2676.2839480306175,6,406
correlated,6.0,30,0.7,0.9,1,0,5118,0.0028735632183908046,0.0028051450465243566,7061.96117343879,2724.1960328332875,6,406
correlated,6.0,30,0.7,0.9,1,0,6051,0.0024630541871921183,0.0016420361247947454,7037.816825913093,2787.0437206534157,6,406
correlated,6.0,30,0.7,0.9,1,0,7154,0.0024630541871921183,0.003284072249589491,7067.8572555336505,2785.6222176885417,6,406
correlated,6.0,30,0.7,0.9,1,0,8458,0.0020525451559934315,0.0036261631089217292,7093.283334062314,2769.290308523944,6,406
correlated,6.0,30,0.7,0.9,1,0,10000,0.0024630541871921183,0.002463054187192119,7143.011081659791,2770.216529284638,6,406
correlated,6.0,30,0.7,0.9,1,1000,1,0.10632183908045978,0.3238232074438958,0.6539036482066605,0.6720481888643083,6,406
correlated,6.0,30,0.7,0.9,1,1000,2,0.10550082101806241,0.27374110563765647,1.209964551056575,0.9565045419567175,6,406
correlated,6.0,30,0.7,0.9,1,1000,3,0.10467980295566502,0.2690886699507391,2.93722967148606,2.906041006110032,6,406
correlated,6.0,30,0.7,0.9,1,1000,4,0.10385878489326766,0.29672961138478354,3.79803246592486,3.4508203564799884,6,406
correlated,6.0,30,0.7,0.9,1,1000,5,0.10180623973727422,0.24521072796934856,5.299313353752997,4.416612778073383,6,406
correlated,6.0,30,0.7,0.9,1,1000,6,0.10139573070607555,0.24828954570333797,6.017262358112184,5.189293019728151,6,406
correlated,6.0,30,0.7,0.9,1,1000,7,0.0993431855500821,0.26902025177887257,7.158481491403767,6.130089129313658,6,406
correlated,6.0,30,0.7,0.9,1,1000,9,0.09893267651888342,0.2803092501368365,7.794770552455955,6.38575045968297,6,406
correlated,6.0,30,0.7,0.9,1,1000,10,0.09852216748768472,0.26272577996716,8.098472259178905,6.278951852894311,6,406
correlated,6.0,30,0.7,0.9,1,1000,12,0.09975369458128079,0.2649835796387518,9.950759931570643,8.074116022238755,6,406
correlated,6.0,30,0.7,0.9,1,1000,15,0.09441707717569786,0.2969348659003831,12.408600507183955,10.320770982968915,6,406
correlated,6.0,30,0.7,0.9,1,1000,17,0.09605911330049262,0.2980295566502461,12.912925352299416,10.876609601431454,6,406
correlated,6.0,30,0.7,0.9,1,1000,20,0.09523809523809523,0.33223864258347063,13.815235275744898,12.985477933970001,6,406
correlated,6.0,30,0.7,0.9,1,1000,24,0.09605911330049262,0.2963875205254516,18.370260179828463,18.670597617308182,6,406
correlated,6.0,30,0.7,0.9,1,1000,28,0.09441707717569786,0.33880678708264933,22.956397018630042,25.70717254258865,6,406
correlated,6.0,30,0.7,0.9,1,1000,34,0.09564860426929393,0.29016146688560485,20.338552851649663,20.267332159112883,6,406
correlated,6.0,30,0.7,0.9,1,1000,40,0.09770114942528735,0.33223864258347063,21.339847608680326,21.86151654762071,6,406
correlated,6.0,30,0.7,0.9,1,1000,47,0.0964696223316913,0.2794882320744375,23.476550095377974,25.050739901748106,6,406
correlated,6.0,30,0.7,0.9,1,1000,56,0.09318555008210182,0.31479200875752505,30.5797998121552,35.70615542894289,6,406
correlated,6.0,30,0.7,0.9,1,1000,66,0.09277504105090312,0.29200875752599825,38.485020761194306,50.2719723799602,6,406
correlated,6.0,30,0.7,0.9,1,1000,78,0.09277504105090312,0.30678708264915144,46.09936308143873,64.47328218545663,6,406
correlated,6.0,30,0.7,0.9,1,1000,92,0.09195402298850575,0.3379857690202517,48.468406938656265,68.59303137104479,6,406
correlated,6.0,30,0.7,0.9,1,1000,109,0.0899014778325123,0.3076765188834163,59.06629884630404,76.69841769429365,6,406
correlated,6.0,30,0.7,0.9,1,1000,129,0.09277504105090312,0.2993979200875752,53.13198386985829,70.54570594009274,6,406
correlated,6.0,30,0.7,0.9,1,1000,152,0.0907224958949097,0.2827723043240272,55.9764578580428,64.61784807799197,6,406
correlated,6.0,30,0.7,0.9,1,1000,180,0.0899014778325123,0.25677339901477936,56.21420896321703,56.50228310069614,6,406
correlated,6.0,30,0.7,0.9,1,1000,212,0.08784893267651889,0.2846195949644223,70.03389315705323,71.27164787928953,6,406
correlated,6.0,30,0.7,0.9,1,1000,251,0.08497536945812807,0.31999178981937637,89.08601179093927,95.22414655667849,6,406
correlated,6.0,30,0.7,0.9,1,1000,297,0.08374384236453203,0.21592775041050857,82.89647392837348,79.07001082948001,6,406
correlated,6.0,30,0.7,0.9,1,1000,351,0.08210180623973728,0.25177887246852726,92.44215838001897,97.64370501452797,6,406
correlated,6.0,30,0.7,0.9,1,1000,415,0.08374384236453203,0.2742200328407221,119.97354696933053,142.8686338771085,6,406
correlated,6.0,30,0.7,0.9,1,1000,491,0.08128078817733991,0.17569786535303722,156.4372271981386,177.98361374315164,6,406
correlated,6.0,30,0.7,0.9,1,1000,580,0.08251231527093596,0.20669129720853893,154.42774350888723,173.6377306418043,6,406
correlated,6.0,30,0.7,0.9,1,1000,686,0.07799671592775041,0.15736179529282962,200.45266231263994,223.14496852788722,6,406
correlated,6.0,30,0.7,0.9,1,1000,811,0.07307060755336618,0.15325670498084268,234.52169527675278,255.21469138581614,6,406
correlated,6.0,30,0.7,0.9,1,1000,959,0.07224958949096881,0.1401204159824843,255.90177241816136,280.0479071340975,6,406
correlated,6.0,30,0.7,0.9,1,1000,1134,0.07019704433497537,0.15660919540229853,242.50936944388653,257.42155893426025,6,406
correlated,6.0,30,0.7,0.9,1,1000,1341,0.07142857142857142,0.14367816091954044,248.02320764780055,248.83931656937972,6,406
correlated,6.0,30,0.7,0.9,1,1000,1585,0.07060755336617407,0.1581828133552265,313.6891164320891,328.05404470839454,6,406
correlated,6.0,30,0.7,0.9,1,1000,1874,0.06773399014778325,0.16071428571428617,380.75169242111537,445.85113423766944,6,406
correlated,6.0,30,0.7,0.9,1,1000,2215,0.06609195402298851,0.11774767378215664,406.2040812335117,517.2151840391338,6,406
correlated,6.0,30,0.7,0.9,1,1000,2619,0.06568144499178981,0.12287903667214074,347.12197446339934,390.11760205268894,6,406
correlated,6.0,30,0.7,0.9,1,1000,3097,0.06444991789819376,0.14073617952928302,349.7256080735604,382.28376312592945,6,406
correlated,6.0,30,0.7,0.9,1,1000,3661,0.06280788177339902,0.09256978653530357,418.2471114099376,506.5946642651847,6,406
correlated,6.0,30,0.7,0.9,1,1000,4329,0.06239737274220033,0.109742747673782,481.9293719025668,647.6102348622798,6,406
correlated,6.0,30,0.7,0.9,1,1000,5118,0.0574712643678161,0.05966064586754213,489.25540020344823,653.278782214546,6,406
correlated,6.0,30,0.7,0.9,1,1000,6051,0.057471264367816084,0.06704980842911891,510.825965330678,706.0645000074786,6,406
correlated,6.0,30,0.7,0.9,1,1000,7154,0.05582922824302134,0.04406130268199271,518.5495841203234,718.4524049153122,6,406
correlated,6.0,30,0.7,0.9,1,1000,8458,0.05459770114942528,0.08080186097427497,515.5895882548356,704.2219140371386,6,406
correlated,6.0,30,0.7,0.9,1,1000,10000,0.055418719211822655,0.0449507389162563,530.8312604115418,722.5894855274253,6,406
correlated,6.0,30,0.7,0.9,1,3000,1,0.1711822660098522,0.05316091954023157,0.23373893294225404,0.3110643371873489,6,406
correlated,6.0,30,0.7,0.9,1,3000,2,0.16871921182266011,0.04577175697864967,0.5039899832867122,0.571388816664423,6,406
correlated,6.0,30,0.7,0.9,1,3000,3,0.16707717569786537,0.042214012041596,0.548898370594144,0.5473038390789436,6,406
correlated,6.0,30,0.7,0.9,1,3000,4,0.16379310344827583,0.05233990147783749,0.9288049656622613,0.8194666076779312,6,406
correlated,6.0,30,0.7,0.9,1,3000,5,0.16297208538587848,0.05617131910235445,1.10664237593477,1.3716784263015978,6,406
correlated,6.0,30,0.7,0.9,1,3000,6,0.16174055829228243,0.048166392993978756,1.1164932411210648,1.4500284865675668,6,406
correlated,6.0,30,0.7,0.9,1,3000,7,0.16009852216748768,0.0607553366174067,1.5105308500883785,2.2535159504871975,6,406
correlated,6.0,30,0.7,0.9,1,3000,9,0.15845648604269294,0.08511220580186007,1.738508739192935,2.5858362976711575,6,406
correlated,6.0,30,0.7,0.9,1,3000,10,0.1588669950738916,0.08682266009852531,1.7929583523734334,2.3745230314096744,6,406
correlated,6.0,30,0.7,0.9,1,3000,12,0.1588669950738916,0.0901067323481157,1.6359118393845573,1.844133875209342,6,406
correlated,6.0,30,0.7,0.9,1,3000,15,0.16091954022988506,0.07115489874110584,1.651151507547099,2.285985816837802,6,406
correlated,6.0,30,0.7,0.9,1,3000,17,0.16009852216748768,0.07060755336617505,2.0930612215555713,3.3450776690233974,6,406
correlated,6.0,30,0.7,0.9,1,3000,20,0.15517241379310345,0.08949096880131345,2.425619278979805,4.239938364082293,6,406
correlated,6.0,30,0.7,0.9,1,3000,24,0.15229885057471262,0.1473043240284631,3.4248224623863024,6.562548752028109,6,406
correlated,6.0,30,0.7,0.9,1,3000,28,0.15435139573070608,0.17214012041598142,2.787179563188437,4.711605260942916,6,406
correlated,6.0,30,0.7,0.9,1,3000,34,0.15517241379310345,0.17733990147783313,2.0225168531419624,2.771758989672893,6,406
correlated,6.0,30,0.7,0.9,1,3000,40,0.15270935960591134,0.14696223316912835,2.2162550039649735,2.393438217275529,6,406
correlated,6.0,30,0.7,0.9,1,3000,47,0.15024630541871922,0.18637110016420175,2.3003997788045676,2.409577453802631,6,406
correlated,6.0,30,0.7,0.9,1,3000,56,0.14901477832512314,0.16317733990147862,2.548163859802601,2.5239467561036864,6,406
correlated,6.0,30,0.7,0.9,1,3000,66,0.1477832512315271,0.1954022988505718,2.814569316725834,2.793450425763332,6,406
correlated,6.0,30,0.7,0.9,1,3000,78,0.1477832512315271,0.14039408866994899,3.2457360508325013,3.1678973355965234,6,406
correlated,6.0,30,0.7,0.9,1,3000,92,0.14614121510673236,0.09003831417624565,4.071963429914159,4.495663162286626,6,406
correlated,6.0,30,0.7,0.9,1,3000,109,0.1440886699507389,0.12212643678161002,3.5363493698293484,3.1717384302378266,6,406
correlated,6.0,30,0.7,0.9,1,3000,129,0.13998357963875205,0.09968527640941513,4.2311544707837205,3.9468172372542663,6,406
correlated,6.0,30,0.7,0.9,1,3000,152,0.13669950738916256,0.08025451559934313,5.299026747245222,5.614953697867331,6,406
correlated,6.0,30,0.7,0.9,1,3000,180,0.13628899835796388,0.10645867542419338,7.017512078840988,9.228789621539278,6,406
correlated,6.0,30,0.7,0.9,1,3000,212,0.13382594417077176,0.08675424192665668,8.917079513148797,14.436903732517228,6,406
correlated,6.0,30,0.7,0.9,1,3000,251,0.13711001642036125,0.0407772304324039,8.494791239449965,12.688931317326094,6,406
correlated,6.0,30,0.7,0.9,1,3000,297,0.13793103448275862,0.07881773399014821,10.683027381391431,18.16628924409503,6,406
correlated,6.0,30,0.7,0.9,1,3000,351,0.13341543513957307,0.11282156540777247,6.5125824885261485,7.302286264984981,6,406
correlated,6.0,30,0.7,0.9,1,3000,415,0.13054187192118227,0.12889983579638686,6.692901044291353,7.798761277347872,6,406
correlated,6.0,30,0.7,0.9,1,3000,491,0.13341543513957307,0.1415571975916792,13.291538459753758,19.493489858536005,6,406
correlated,6.0,30,0.7,0.9,1,3000,580,0.12848932676518884,0.12595785440612978,13.519021903418311,17.842014589550093,6,406
correlated,6.0,30,0.7,0.9,1,3000,686,0.12766830870279147,0.103790366721401,10.558060941943486,10.784796570729114,6,406
correlated,6.0,30,0.7,0.9,1,3000,811,0.12274220032840721,0.11610563765736426,13.208084963639614,13.09601437995565,6,406
correlated,6.0,30,0.7,0.9,1,3000,959,0.11863711001642036,0.055350301039957556,10.75508233506168,6.1688769355758035,6,406
correlated,6.0,30,0.7,0.9,1,3000,1134,0.11986863711001643,0.16721401204159725,12.691236722359948,9.165263584649265,6,406
correlated,6.0,30,0.7,0.9,1,3000,1341,0.11288998357963875,0.1440202517788727,12.009347494847697,5.799557964229937,6,406
correlated,6.0,30,0.7,0.9,1,3000,1585,0.11576354679802954,0.09195402298850765,14.873871408554061,14.192632956558915,6,406
correlated,6.0,30,0.7,0.9,1,3000,1874,0.11371100164203614,0.05617131910235304,19.9052832911123,26.788728344032254,6,406
correlated,6.0,30,0.7,0.9,1,3000,2215,0.11330049261083742,0.08620689655172448,31.22636193917009,50.422534306670705,6,406
correlated,6.0,30,0.7,0.9,1,3000,2619,0.10796387520525451,0.058634373289546536,28.354104916719095,43.76081659450324,6,406
correlated,6.0,30,0.7,0.9,1,3000,3097,0.10919540229885057,0.025177887246853076,28.69645064770708,44.58804235458113,6,406
correlated,6.0,30,0.7,0.9,1,3000,3661,0.10139573070607553,0.08737000547345398,38.09441168163523,68.02752717744703,6,406
correlated,6.0,30,0.7,0.9,1,3000,4329,0.10180623973727422,0.04570333880678667,38.77055753080674,66.79946396351129,6,406
correlated,6.0,30,0.7,0.9,1,3000,5118,0.0964696223316913,0.029077723043239374,40.31412289875538,69.80242823836632,6,406
correlated,6.0,30,0.7,0.9,1,3000,6051,0.09564860426929393,0.06027640941433962,39.39541137013193,67.98535707268958,6,406
correlated,6.0,30,0.7,0.9,1,3000,7154,0.0907224958949097,0.07915982484947942,42.78500225057212,69.35149736157089,6,406
correlated,6.0,30,0.7,0.9,1,3000,8458,0.090311986863711,0.054734537493158125,42.86712860175587,69.96167732846102,6,406
correlated,6.0,30,0.7,0.9,1,3000,10000,0.0870279146141215,0.06704980842911962,44.31844564328225,70.17279453028982,6,406
correlated,6.0,30,0.7,0.9,1,10000,1,0.19417077175697864,0.02415161466885872,0.004998648349458352,0.004394226211269158,6,406
correlated,6.0,30,0.7,0.9,1,10000,2,0.1921182266009852,0.018883415435141215,0.06453952346951596,0.05952004536266922,6,406
correlated,6.0,30,0.7,0.9,1,10000,3,0.19129720853858787,0.022714833059655354,0.11386034244462766,0.08751632153024315,6,406
correlated,6.0,30,0.7,0.9,1,10000,4,0.18883415435139575,0.025177887246853076,0.17764494632091932,0.11611959886023832,6,406
correlated,6.0,30,0.7,0.9,1,10000,5,0.1900656814449918,0.03154077723042935,0.25576527311186,0.15641701453988993,6,406
correlated,6.0,30,0.7,0.9,1,10000,6,0.18965517241379312,0.0311986863710932,0.2969351707261563,0.15160494803378083,6,406
correlated,6.0,30,0.7,0.9,1,10000,7,0.18760262725779966,0.02743568691844911,0.2934780629999508,0.12660093159392183,6,406
correlated,6.0,30,0.7,0.9,1,10000,9,0.18596059113300498,0.028530377668302243,0.4012552184696074,0.2275633771688181,6,406
correlated,6.0,30,0.7,0.9,1,10000,10,0.18431855500821018,0.027435686918443475,0.4341019983593976,0.25777144165656396,6,406
correlated,6.0,30,0.7,0.9,1,10000,12,0.1839080459770115,0.03338806787082764,0.3908752255341876,0.19283768027640422,6,406
correlated,6.0,30,0.7,0.9,1,10000,15,0.18185550082101806,0.06930760810071178,0.44672854432996734,0.10090314481630436,6,406
correlated,6.0,30,0.7,0.9,1,10000,17,0.18185550082101806,0.03318281335522877,0.46262100921535315,0.0876909348973571,6,406
correlated,6.0,30,0.7,0.9,1,10000,20,0.17857142857142858,0.0638341543513954,0.5747663512602226,0.12965871069699422,6,406
correlated,6.0,30,0.7,0.9,1,10000,24,0.1744663382594417,0.025793650793653915,0.6620409501507445,0.19843633604019015,6,406
correlated,6.0,30,0.7,0.9,1,10000,28,0.1744663382594417,0.02743568691844911,0.7279800671603831,0.2152936753510586,6,406
correlated,6.0,30,0.7,0.9,1,10000,34,0.17610837438423643,0.04002463054187283,0.7115285709436582,0.28960147125179525,6,406
correlated,6.0,30,0.7,0.9,1,10000,40,0.17487684729064037,0.06896551724138267,0.8920211450431905,0.33270362374432993,6,406
correlated,6.0,30,0.7,0.9,1,10000,47,0.1752873563218391,0.03154077723042935,0.8448962298287492,0.15913075208834,6,406
correlated,6.0,30,0.7,0.9,1,10000,56,0.1703612479474548,0.07259168035030639,1.0258058085054016,0.19266373755217397,6,406
correlated,6.0,30,0.7,0.9,1,10000,66,0.17364532019704434,0.04823481116584458,1.0014157103693364,0.2786295408819795,6,406
correlated,6.0,30,0.7,0.9,1,10000,78,0.16954022988505746,0.05370826491516377,1.13545291584677,0.4005593851567702,6,406
correlated,6.0,30,0.7,0.9,1,10000,92,0.16748768472906403,0.11247947454844195,1.4300216545071827,0.7580192708643784,6,406
correlated,6.0,30,0.7,0.9,1,10000,109,0.1654351395730706,0.0660235358511228,1.4114526453087184,0.7594241921458442,6,406
correlated,6.0,30,0.7,0.9,1,10000,129,0.16666666666666666,0.07772304324028381,2.368413638080357,2.5380530103512045,6,406
correlated,6.0,30,0.7,0.9,1,10000,152,0.16543513957307063,0.12677887246852526,2.388764324155091,2.558343924875714,6,406
correlated,6.0,30,0.7,0.9,1,10000,180,0.16543513957307063,0.1423782156540761,1.9586917153077696,1.3394340132750273,6,406
correlated,6.0,30,0.7,0.9,1,10000,212,0.1568144499178982,0.10399562123699987,1.9818351735739383,0.9370835542826021,6,406
correlated,6.0,30,0.7,0.9,1,10000,251,0.16009852216748766,0.05090311986863976,2.1888667426832296,0.7950413855299393,6,406
correlated,6.0,30,0.7,0.9,1,10000,297,0.159688013136289,0.1078954570333897,2.5539906597572837,1.0995841314824488,6,406
correlated,6.0,30,0.7,0.9,1,10000,351,0.16091954022988506,0.15654077723043341,2.157545779995425,1.0507978645129847,6,406
correlated,6.0,30,0.7,0.9,1,10000,415,0.1568144499178982,0.13191023535851254,2.6557981862094837,1.1829189793783206,6,406
correlated,6.0,30,0.7,0.9,1,10000,491,0.1539408866995074,0.15989326765188683,2.826104439209137,1.5862803439735857,6,406
correlated,6.0,30,0.7,0.9,1,10000,580,0.15229885057471262,0.04796113847838129,3.6066621709250417,1.2381866739709517,6,406
correlated,6.0,30,0.7,0.9,1,10000,686,0.14819376026272577,0.108716475095788,3.9603829226991913,1.2232367357744982,6,406
correlated,6.0,30,0.7,0.9,1,10000,811,0.14614121510673236,0.04898741105637706,3.690104657091911,0.8660238751829735,6,406
correlated,6.0,30,0.7,0.9,1,10000,959,0.1477832512315271,0.04926108374384175,3.480936549544193,0.6250964066951241,6,406
correlated,6.0,30,0.7,0.9,1,10000,1134,0.1440886699507389,0.05890804597701264,3.926730289587631,0.9184063356068034,6,406
correlated,6.0,30,0.7,0.9,1,10000,1341,0.13916256157635468,0.0268883415435155,4.917918827685544,2.4076982139636303,6,406
correlated,6.0,30,0.7,0.9,1,10000,1585,0.13752052545155993,0.0438560481663926,4.7414948833554735,1.2260812656181996,6,406
correlated,6.0,30,0.7,0.9,1,10000,1874,0.1354679802955665,0.04761904761904796,5.4345679841704,1.5819891155710204,6,406
correlated,6.0,30,0.7,0.9,1,10000,2215,0.13669950738916256,0.0457717569786539,4.884333845795928,1.5739237969838646,6,406
correlated,6.0,30,0.7,0.9,1,10000,2619,0.13382594417077176,0.07279693486590104,5.157683210555844,1.9645591678222647,6,406
correlated,6.0,30,0.7,0.9,1,10000,3097,0.13382594417077176,0.09742747673782332,5.139778213952343,1.881841998646693,6,406
correlated,6.0,30,0.7,0.9,1,10000,3661,0.1301313628899836,0.05535030103995474,5.829860169438756,2.7417442396693708,6,406
correlated,6.0,30,0.7,0.9,1,10000,4329,0.13177339901477833,0.07122331691297167,5.331274308922388,0.8848326337415019,6,406
correlated,6.0,30,0.7,0.9,1,10000,5118,0.1325944170771757,0.04960317460317508,5.931174619073281,1.7283256011982566,6,406
correlated,6.0,30,0.7,0.9,1,10000,6051,0.1301313628899836,0.05945539135194343,5.528341954082632,1.4222079506837744,6,406
correlated,6.0,30,0.7,0.9,1,10000,7154,0.1272577996715928,0.03338806787082623,6.664049599765295,1.7453455958933028,6,406
correlated,6.0,30,0.7,0.9,1,10000,8458,0.12807881773399013,0.07224958949097024,6.009218712054213,1.5144510124818624,6,406
correlated,6.0,30,0.7,0.9,1,10000,10000,0.11576354679802957,0.026272577996715365,7.16919402848249,0.9601528720168305,6,406
correlated,6.0,30,0.7,0.9,2,0,1,0.0028735632183908046,0.0028051450465243566,6.338973537839333,2.1698858043019515,6,406
correlated,6.0,30,0.7,0.9,2,0,2,0.0024630541871921183,0.003284072249589491,13.91536825654113,4.06343138629898,6,406
correlated,6.0,30,0.7,0.9,2,0,3,0.0016420361247947454,0.0013683634373289552,21.60863084621438,5.278449300933385,6,406
correlated,6.0,30,0.7,0.9,2,0,4,0.0012315270935960591,0.0014367816091954023,30.815544074402293,6.834462855270358,6,406
correlated,6.0,30,0.7,0.9,2,0,5,0.0012315270935960591,0.0014367816091954023,45.731351835246166,12.136422810974263,6,406
correlated,6.0,30,0.7,0.9,2,0,6,0.0016420361247947454,0.0021893814997263283,54.10114114691617,11.649399943065212,6,406
correlated,6.0,30,0.7,0.9,2,0,7,0.0016420361247947454,0.0021893814997263283,69.85100255111843,13.087373251121926,6,406
correlated,6.0,30,0.7,0.9,2,0,9,0.0012315270935960591,0.0014367816091954023,93.90729494296356,19.88628915863449,6,406
correlated,6.0,30,0.7,0.9,2,0,10,0.0016420361247947454,0.0013683634373289552,109.91722909224023,25.181787365548868,6,406
correlated,6.0,30,0.7,0.9,2,0,12,0.0020525451559934315,0.0019841269841269845,141.85581833968806,31.707767569055985,6,406
correlated,6.0,30,0.7,0.9,2,0,15,0.0016420361247947454,0.0013683634373289546,191.95084569001952,32.74015595978286,6,406
correlated,6.0,30,0.7,0.9,2,0,17,0.0016420361247947454,0.0021893814997263283,224.48987219251725,39.71159834782916,6,406
correlated,6.0,30,0.7,0.9,2,0,20,0.0012315270935960591,0.0006157635467980298,267.9054721487883,43.77658860540733,6,406
correlated,6.0,30,0.7,0.9,2,0,24,0.00041050903119868636,0.0003420908593322387,342.59738523107234,49.391105238693,6,406
correlated,6.0,30,0.7,0.9,2,0,28,0.00041050903119868636,0.0003420908593322387,428.9339179568888,60.65598828776568,6,406
correlated,6.0,30,0.7,0.9,2,0,34,0.00041050903119868636,0.0003420908593322387,524.6147549234205,73.33619924311735,6,406
correlated,6.0,30,0.7,0.9,2,0,40,0.00041050903119868636,0.0003420908593322387,626.992221548701,87.6514099282925,6,406
correlated,6.0,30,0.7,0.9,2,0,47,0.00041050903119868636,0.0003420908593322387,776.788226375263,164.66932436529902,6,406
correlated,6.0,30,0.7,0.9,2,0,56,0.0012315270935960591,0.0014367816091954023,925.6108849184975,180.4040018014663,6,406
correlated,6.0,30,0.7,0.9,2,0,66,0.0008210180623973727,0.0005473453749315821,1075.5029771400855,219.33107436009803,6,406
correlated,6.0,30,0.7,0.9,2,0,78,0.0008210180623973727,0.0005473453749315821,1247.4666762918641,323.8857756129515,6,406
correlated,6.0,30,0.7,0.9,2,0,92,0.0008210180623973727,0.0005473453749315821,1457.4164549885252,388.184679331663,6,406
correlated,6.0,30,0.7,0.9,2,0,109,0.0008210180623973727,0.0005473453749315821,1684.217681310447,579.7982447069287,6,406
correlated,6.0,30,0.7,0.9,2,0,129,0.0008210180623973727,0.0005473453749315821,1906.890018064657,655.9215542895719,6,406
correlated,6.0,30,0.7,0.9,2,0,152,0.0008210180623973727,0.0005473453749315821,2068.739280895615,686.9361237828698,6,406
correlated,6.0,30,0.7,0.9,2,0,180,0.0008210180623973727,0.0005473453749315821,2187.4682106683144,665.7594404119433,6,406
correlated,6.0,30,0.7,0.9,2,0,212,0.00041050903119868636,0.0003420908593322387,2366.451020901277,682.3022676745196,6,406
correlated,6.0,30,0.7,0.9,2,0,251,0.0008210180623973727,0.0005473453749315821,2551.768477059239,655.9022363473897,6,406
correlated,6.0,30,0.7,0.9,2,0,297,0.0008210180623973727,0.0005473453749315821,2739.8229745935582,772.5327417181151,6,406
correlated,6.0,30,0.7,0.9,2,0,351,0.00041050903119868636,0.0003420908593322387,2823.9188728114964,718.3755119091547,6,406
correlated,6.0,30,0.7,0.9,2,0,415,0.0008210180623973727,0.0005473453749315821,2938.4646152829027,765.7028335752399,6,406
correlated,6.0,30,0.7,0.9,2,0,491,0.0008210180623973727,0.0005473453749315821,3038.6241219792773,793.7486449415542,6,406
correlated,6.0,30,0.7,0.9,2,0,580,0.0008210180623973727,0.0005473453749315821,3319.3251578942145,930.5915664415959,6,406
correlated,6.0,30,0.7,0.9,2,0,686,0.0012315270935960591,0.0014367816091954023,3390.8858878429055,826.3987370287134,6,406
correlated,6.0,30,0.7,0.9,2,0,811,0.0012315270935960591,0.0014367816091954023,3615.3117009326584,925.6749472344383,6,406
correlated,6.0,30,0.7,0.9,2,0,959,0.0012315270935960591,0.0014367816091954023,3730.100428355298,996.1847529822002,6,406
correlated,6.0,30,0.7,0.9,2,0,1134,0.0012315270935960591,0.0014367816091954023,3806.26598164473,997.7820147198582,6,406
correlated,6.0,30,0.7,0.9,2,0,1341,0.0008210180623973727,0.0013683634373289548,3903.866709816831,1036.6735305249704,6,406
correlated,6.0,30,0.7,0.9,2,0,1585,0.0008210180623973727,0.0013683634373289548,4061.262012289295,1036.3421448642596,6,406
correlated,6.0,30,0.7,0.9,2,0,1874,0.0008210180623973727,0.0013683634373289548,4118.274227892033,1020.4638161484579,6,406
correlated,6.0,30,0.7,0.9,2,0,2215,0.0008210180623973727,0.0013683634373289548,4134.130259928835,1016.2509381807457,6,406
correlated,6.0,30,0.7,0.9,2,0,2619,0.0012315270935960591,0.0014367816091954023,4188.469631213878,1015.5845085544474,6,406
correlated,6.0,30,0.7,0.9,2,0,3097,0.0012315270935960591,0.0014367816091954023,4245.450115395483,1039.1615068599015,6,406
correlated,6.0,30,0.7,0.9,2,0,3661,0.0012315270935960591,0.0014367816091954023,4251.238680323092,1052.9035006075724,6,406
correlated,6.0,30,0.7,0.9,2,0,4329,0.0012315270935960591,0.0014367816091954023,4323.730969064504,1076.384593385655,6,406
correlated,6.0,30,0.7,0.9,2,0,5118,0.0008210180623973727,0.0005473453749315821,4339.088369752703,1112.8637052645915,6,406
correlated,6.0,30,0.7,0.9,2,0,6051,0.0012315270935960591,0.0014367816091954023,4478.284851210575,1253.3400169715715,6,406
correlated,6.0,30,0.7,0.9,2,0,7154,0.00041050903119868636,0.0003420908593322387,4592.063216926225,1419.3340539937012,6,406
correlated,6.0,30,0.7,0.9,2,0,8458,0.00041050903119868636,0.0003420908593322387,4669.8747259240345,1540.2283244342952,6,406
correlated,6.0,30,0.7,0.9,2,0,10000,0.0008210180623973727,0.0013683634373289548,4668.826944604255,1547.4976248144,6,406
correlated,6.0,30,0.7,0.9,2,1000,1,0.13095238095238096,0.5676655719759174,0.34955969957517957,0.446047203331927,6,406
correlated,6.0,30,0.7,0.9,2,1000,2,0.12889983579638753,0.559660645867543,0.7525434444117423,1.2431494505167782,6,406
correlated,6.0,30,0.7,0.9,2,1000,3,0.12807881773399013,0.5878489326765218,1.5617293188678125,3.0914565218231913,6,406
correlated,6.0,30,0.7,0.9,2,1000,4,0.1268472906403941,0.5613711001642027,2.298712493931419,4.526230892067318,6,406
correlated,6.0,30,0.7,0.9,2,1000,5,0.12602627257799673,0.5151204159824838,2.0249693576607095,3.6133152528023698,6,406
correlated,6.0,30,0.7,0.9,2,1000,6,0.1264367816091954,0.5604816639299414,2.7245690386122328,5.169358320762021,6,406
correlated,6.0,30,0.7,0.9,2,1000,7,0.12315270935960589,0.5164203612479499,3.909808667510338,7.727740597707387,6,406
correlated,6.0,30,0.7,0.9,2,1000,9,0.12151067323481118,0.4865900383141746,4.845871539223155,9.383698842059582,6,406
correlated,6.0,30,0.7,0.9,2,1000,10,0.12151067323481118,0.48823207443896977,5.198941714070428,9.995241847708456,6,406
correlated,6.0,30,0.7,0.9,2,1000,12,0.12151067323481114,0.49069512862616466,4.6448960446812455,8.065306229636338,6,406
correlated,6.0,30,0.7,0.9,2,1000,15,0.11740558292282433,0.49151614668855803,5.8996668382736415,10.16197096934588,6,406
correlated,6.0,30,0.7,0.9,2,1000,17,0.11781609195402298,0.447796934865902,5.511802542981478,9.768456957333143,6,406
correlated,6.0,30,0.7,0.9,2,1000,20,0.11781609195402298,0.4921319102353603,5.436306168339985,8.730404075687414,6,406
correlated,6.0,30,0.7,0.9,2,1000,24,0.11699507389162563,0.47516420361247896,6.42048187795002,10.255124960110765,6,406
correlated,6.0,30,0.7,0.9,2,1000,28,0.1145320197044335,0.47844827586207006,6.5692002846135225,10.358330275799656,6,406
correlated,6.0,30,0.7,0.9,2,1000,34,0.11740558292282428,0.5301039956212388,10.072391824548435,18.31747363885082,6,406
correlated,6.0,30,0.7,0.9,2,1000,40,0.11699507389162561,0.4061986863711012,9.662430237977473,15.855052173001713,6,406
correlated,6.0,30,0.7,0.9,2,1000,47,0.11658456486042694,0.4414340448823208,12.379718964070639,18.789496781211692,6,406
correlated,6.0,30,0.7,0.9,2,1000,56,0.11699507389162561,0.41605090311986953,13.319455074087486,19.851392335254396,6,406
correlated,6.0,30,0.7,0.9,2,1000,66,0.11288998357963875,0.40428297755884063,12.297125799178886,16.543322232793674,6,406
correlated,6.0,30,0.7,0.9,2,1000,78,0.11124794745484401,0.39278872468527704,15.593736561750072,21.468058486439435,6,406
correlated,6.0,30,0.7,0.9,2,1000,92,0.1149425287356322,0.3979200875752587,15.443982526087254,21.079689399358184,6,406
correlated,6.0,30,0.7,0.9,2,1000,109,0.11001642036124797,0.36754241926655606,14.814915276662584,21.401645489408544,6,406
correlated,6.0,30,0.7,0.9,2,1000,129,0.1055008210180624,0.35337985769020297,19.632121226770224,29.048361646632564,6,406
correlated,6.0,30,0.7,0.9,2,1000,152,0.10509031198686374,0.35440613026819734,26.036698277639474,45.33456401966041,6,406
correlated,6.0,30,0.7,0.9,2,1000,180,0.10714285714285714,0.4070197044334988,37.20079988624459,71.7975454751662,6,406
correlated,6.0,30,0.7,0.9,2,1000,212,0.1055008210180624,0.3615900383141775,42.79807249701781,82.71880278448292,6,406
correlated,6.0,30,0.7,0.9,2,1000,251,0.10509031198686371,0.35030103995621353,41.8009479928883,80.32840361649173,6,406
correlated,6.0,30,0.7,0.9,2,1000,297,0.10303776683087029,0.35748494800218883,43.4560640837477,76.91903606638782,6,406
correlated,6.0,30,0.7,0.9,2,1000,351,0.10098522167487685,0.346469622331691,45.461397727275454,74.50509580033805,6,406
correlated,6.0,30,0.7,0.9,2,1000,415,0.09688013136288998,0.29282977558839723,49.64053735507466,79.40506145600705,6,406
correlated,6.0,30,0.7,0.9,2,1000,491,0.09729064039408865,0.30357142857143044,51.37766724278802,76.8687673174049,6,406
correlated,6.0,30,0.7,0.9,2,1000,580,0.09195402298850575,0.34126984126984067,56.777288807521494,83.78920554711517,6,406
correlated,6.0,30,0.7,0.9,2,1000,686,0.09195402298850575,0.34701696770662244,61.67316672426613,85.5386521043165,6,406
correlated,6.0,30,0.7,0.9,2,1000,811,0.08866995073891626,0.3612479474548435,68.94402158974029,99.23911992614968,6,406
correlated,6.0,30,0.7,0.9,2,1000,959,0.08579638752052547,0.37801039956212207,94.25228578573912,154.65805584708673,6,406
correlated,6.0,30,0.7,0.9,2,1000,1134,0.0849753694581281,0.3749999999999981,84.51322438433087,128.44725146575638,6,406
correlated,6.0,30,0.7,0.9,2,1000,1341,0.08374384236453201,0.34564860426929406,108.06635808091981,181.4709650648988,6,406
correlated,6.0,30,0.7,0.9,2,1000,1585,0.08169129720853859,0.28195128626163174,106.02961544652722,169.5018235046768,6,406
correlated,6.0,30,0.7,0.9,2,1000,1874,0.08743842364532019,0.3323070607553379,124.03906455617145,213.4643674471143,6,406
correlated,6.0,30,0.7,0.9,2,1000,2215,0.08456486042692939,0.2846195949644227,121.85554443107726,201.53890404284414,6,406
correlated,6.0,30,0.7,0.9,2,1000,2619,0.0812807881773399,0.21346469622331754,143.40789352316366,255.2828922165225,6,406
correlated,6.0,30,0.7,0.9,2,1000,3097,0.07758620689655173,0.18452380952380945,147.33156983384808,261.5319533631592,6,406
correlated,6.0,30,0.7,0.9,2,1000,3661,0.07594417077175698,0.1776819923371647,176.16231368098957,334.33255816233475,6,406
correlated,6.0,30,0.7,0.9,2,1000,4329,0.07717569786535304,0.20415982484947998,192.07711782876308,369.72831137473815,6,406
correlated,6.0,30,0.7,0.9,2,1000,5118,0.07471264367816093,0.24767378215654032,284.560496757237,593.7218175950622,6,406
correlated,6.0,30,0.7,0.9,2,1000,6051,0.0726600985221675,0.21408045977011486,351.25240291089744,752.3586146594312,6,406
correlated,6.0,30,0.7,0.9,2,1000,7154,0.07183908045977012,0.23104816639299372,407.54167086301305,887.4713953058858,6,406
correlated,6.0,30,0.7,0.9,2,1000,8458,0.06691297208538588,0.17521893814997294,412.8954814076649,898.9449798218876,6,406
correlated,6.0,30,0.7,0.9,2,1000,10000,0.06280788177339902,0.14511494252873536,418.64188541620774,914.0339819598669,6,406
correlated,6.0,30,0.7,0.9,2,3000,1,0.19334975369458127,0.5506978653530417,0.1525431968450749,0.30259840567010127,6,406
correlated,6.0,30,0.7,0.9,2,3000,2,0.19170771756978652,0.557813355227149,0.24331892789484874,0.466621451095032,6,406
correlated,6.0,30,0.7,0.9,2,3000,3,0.1900656814449918,0.6013273125342055,0.32637493193844747,0.6583183757901145,6,406
correlated,6.0,30,0.7,0.9,2,3000,4,0.18842364532019704,0.614737274220036,0.4232242365647876,0.8817779868763542,6,406
correlated,6.0,30,0.7,0.9,2,3000,5,0.18842364532019704,0.577791461412149,0.45368159996225993,0.9458394552162315,6,406
correlated,6.0,30,0.7,0.9,2,3000,6,0.18760262725779966,0.5717706622879061,0.38460420170514453,0.726718404308259,6,406
correlated,6.0,30,0.7,0.9,2,3000,7,0.18760262725779966,0.5717706622879061,0.44710056091022204,0.8329700949837846,6,406
correlated,6.0,30,0.7,0.9,2,3000,9,0.18431855500821018,0.5602764094143383,0.5997299914283135,1.0286315946520006,6,406
correlated,6.0,30,0.7,0.9,2,3000,10,0.18472906403940884,0.5714285714285756,0.5558605719362524,0.9759528608625164,6,406
correlated,6.0,30,0.7,0.9,2,3000,12,0.18431855500821018,0.5298987411056377,0.5514743373845901,0.9444060103262147,6,406
correlated,6.0,30,0.7,0.9,2,3000,15,0.18144499178981935,0.5391351943076124,0.8094683982781153,1.4433565904640677,6,406
correlated,6.0,30,0.7,0.9,2,3000,17,0.18062397372742203,0.5374931581828101,1.1510173536325585,2.169908471408773,6,406
correlated,6.0,30,0.7,0.9,2,3000,20,0.1810344827586207,0.5244252873563214,1.4810422748766126,2.9215122439364154,6,406
correlated,6.0,30,0.7,0.9,2,3000,24,0.1810344827586207,0.5983169129720812,1.360408806107727,2.407623109517223,6,406
correlated,6.0,30,0.7,0.9,2,3000,28,0.17939244663382595,0.5504241926655727,1.7921852627022234,3.3208976835332096,6,406
correlated,6.0,30,0.7,0.9,2,3000,34,0.17651888341543512,0.6031746031746066,2.255703112110752,4.121693019431916,6,406
correlated,6.0,30,0.7,0.9,2,3000,40,0.17692939244663383,0.5036261631089232,1.8833888408180142,3.166093223065307,6,406
correlated,6.0,30,0.7,0.9,2,3000,47,0.17323481116584563,0.589217296113851,2.3091046129835813,4.232281819162597,6,406
correlated,6.0,30,0.7,0.9,2,3000,56,0.1724137931034483,0.5418719211822662,1.9448290961441723,3.1200396135675694,6,406
correlated,6.0,30,0.7,0.9,2,3000,66,0.16871921182266011,0.5433087027914598,2.012083044200132,2.9673881999283904,6,406
correlated,6.0,30,0.7,0.9,2,3000,78,0.17241379310344826,0.6494252873563254,2.2091051667140977,3.5056709226346747,6,406
correlated,6.0,30,0.7,0.9,2,3000,92,0.16912972085385877,0.6294471811713198,2.5319804441894553,4.322007635736384,6,406
correlated,6.0,30,0.7,0.9,2,3000,109,0.166256157635468,0.6114532019704427,3.749726881837129,7.173003176301599,6,406
correlated,6.0,30,0.7,0.9,2,3000,129,0.16871921182266011,0.5112889983579598,3.007139922151334,4.95971485883069,6,406
correlated,6.0,30,0.7,0.9,2,3000,152,0.16502463054187191,0.5238095238095248,3.6042640499716434,6.151136027120375,6,406
correlated,6.0,30,0.7,0.9,2,3000,180,0.16174055829228243,0.5629447181171335,6.900230418581576,13.78703148882252,6,406
correlated,6.0,30,0.7,0.9,2,3000,212,0.1613300492610837,0.45381773399015196,7.974759721693775,16.34220438041879,6,406
correlated,6.0,30,0.7,0.9,2,3000,251,0.159688013136289,0.4773535851122042,10.162345685104974,21.806505611094952,6,406
correlated,6.0,30,0.7,0.9,2,3000,297,0.16091954022988506,0.43322386425834836,8.888349951840672,18.321696378518244,6,406
correlated,6.0,30,0.7,0.9,2,3000,351,0.15845648604269294,0.4627805145046548,11.273951294333733,23.781990373578495,6,406
correlated,6.0,30,0.7,0.9,2,3000,415,0.15722495894909685,0.42398741105637944,7.318082061673384,13.743620179368845,6,406
correlated,6.0,30,0.7,0.9,2,3000,491,0.1568144499178982,0.33798576902024957,7.454367461778827,13.58579627933491,6,406
correlated,6.0,30,0.7,0.9,2,3000,580,0.1506568144499179,0.3698002189381507,4.798805496239649,5.366077128904126,6,406
correlated,6.0,30,0.7,0.9,2,3000,686,0.15435139573070608,0.40120415982484836,9.203719488716906,17.01015280677718,6,406
correlated,6.0,30,0.7,0.9,2,3000,811,0.14942528735632185,0.40284619594964216,10.339135031024895,19.055266015685337,6,406
correlated,6.0,30,0.7,0.9,2,3000,959,0.14860426929392445,0.3814997263273145,9.790874617447175,17.219816697170373,6,406
correlated,6.0,30,0.7,0.9,2,3000,1134,0.14655172413793102,0.49651067323481296,16.568586837119295,33.940984808619085,6,406
correlated,6.0,30,0.7,0.9,2,3000,1341,0.13957307060755333,0.43897099069513223,20.090756740232184,40.791908917942465,6,406
correlated,6.0,30,0.7,0.9,2,3000,1585,0.1395730706075534,0.434044882320741,27.82925089134207,59.076365626106266,6,406
correlated,6.0,30,0.7,0.9,2,3000,1874,0.14285714285714285,0.4630541871921209,24.619243715037523,51.83583364634854,6,406
correlated,6.0,30,0.7,0.9,2,3000,2215,0.13423645320197045,0.4768062397372748,29.686823483420635,62.23967170620163,6,406
correlated,6.0,30,0.7,0.9,2,3000,2619,0.13095238095238096,0.35584291187739503,30.505394837379313,63.87421892839267,6,406
correlated,6.0,30,0.7,0.9,2,3000,3097,0.12766830870279147,0.36815818281335405,66.1775477490089,149.70173341752323,6,406
correlated,6.0,30,0.7,0.9,2,3000,3661,0.12561576354679804,0.3653530377668315,104.9986009059311,244.36576377635035,6,406
correlated,6.0,30,0.7,0.9,2,3000,4329,0.1235632183908046,0.34106458675424395,124.7072485937196,292.67157858866796,6,406
correlated,6.0,30,0.7,0.9,2,3000,5118,0.1239737274220033,0.4209085933223858,135.5376759535385,317.8887665569706,6,406
correlated,6.0,30,0.7,0.9,2,3000,6051,0.11576354679802954,0.2380952380952391,143.39659465037167,335.41730563521213,6,406
correlated,6.0,30,0.7,0.9,2,3000,7154,0.11206896551724138,0.17467159277504146,142.78770051967015,332.2792191497966,6,406
correlated,6.0,30,0.7,0.9,2,3000,8458,0.10960591133004927,0.20915435139572996,147.4975034577598,344.01614977300466,6,406
correlated,6.0,30,0.7,0.9,2,3000,10000,0.11206896551724138,0.13690476190476183,148.20266338541552,345.5340400426703,6,406
correlated,6.0,30,0.7,0.9,2,10000,1,0.21305418719211824,0.025246305418717488,0.012531461422156496,0.007234720959397224,6,406
correlated,6.0,30,0.7,0.9,2,10000,2,0.21141215106732347,0.032361795292833284,0.03614336890428646,0.033334780598223826,6,406
correlated,6.0,30,0.7,0.9,2,10000,3,0.21141215106732347,0.02743568691844911,0.04303867248105009,0.027314468250010392,6,406
correlated,6.0,30,0.7,0.9,2,10000,4,0.21059113300492613,0.026888341543508457,0.06508411345421415,0.03669731668672361,6,406
correlated,6.0,30,0.7,0.9,2,10000,5,0.20935960591133007,0.02873563218390393,0.08774088337150827,0.03604428887505042,6,406
correlated,6.0,30,0.7,0.9,2,10000,6,0.20935960591133007,0.021346469622330486,0.08858755298411775,0.023783387937651432,6,406
correlated,6.0,30,0.7,0.9,2,10000,7,0.20935960591133007,0.021346469622330486,0.10520686204008135,0.020722279575788746,6,406
correlated,6.0,30,0.7,0.9,2,10000,9,0.20853858784893267,0.02435686918445759,0.1221441303946103,0.03340468682091942,6,406
correlated,6.0,30,0.7,0.9,2,10000,10,0.20730706075533664,0.025793650793646872,0.13426824876162438,0.04498524730270409,6,406
correlated,6.0,30,0.7,0.9,2,10000,12,0.20689655172413793,0.027914614121511264,0.1244940339091603,0.036002337179404154,6,406
correlated,6.0,30,0.7,0.9,2,10000,15,0.2048440065681445,0.02579365079364969,0.209155485255233,0.08737849557321499,6,406
correlated,6.0,30,0.7,0.9,2,10000,17,0.20361247947454844,0.028461959496440647,0.23908098283015175,0.1000470558103801,6,406
correlated,6.0,30,0.7,0.9,2,10000,20,0.2040229885057471,0.024972632731257022,0.2417664324362598,0.05299582873968527,6,406
correlated,6.0,30,0.7,0.9,2,10000,24,0.2040229885057471,0.03236179529283047,0.2279450857360806,0.0894851927180101,6,406
correlated,6.0,30,0.7,0.9,2,10000,28,0.20238095238095236,0.03728790366721746,0.25516739267654875,0.1045697034980429,6,406
correlated,6.0,30,0.7,0.9,2,10000,34,0.20197044334975367,0.036124794745488645,0.2707455365324793,0.12436172568014037,6,406
correlated,6.0,30,0.7,0.9,2,10000,40,0.20032840722495893,0.052271483305968855,0.3479936620369404,0.2438743440283119,6,406
correlated,6.0,30,0.7,0.9,2,10000,47,0.2007389162561576,0.04741379310344909,0.4631906178715715,0.38584926993142454,6,406
correlated,6.0,30,0.7,0.9,2,10000,56,0.19704433497536947,0.07224958949096884,0.6286735591913014,0.4838652288519564,6,406
correlated,6.0,30,0.7,0.9,2,10000,66,0.19745484400656813,0.048782156540779595,0.5123648496268441,0.2596209558909662,6,406
correlated,6.0,30,0.7,0.9,2,10000,78,0.19581280788177338,0.058087027914615744,0.739821875443853,0.6771612548889796,6,406
correlated,6.0,30,0.7,0.9,2,10000,92,0.19786535303776684,0.03667214012041803,0.6981105169086126,0.6029371451466661,6,406
correlated,6.0,30,0.7,0.9,2,10000,109,0.19581280788177344,0.015394088669943504,0.6063206477517352,0.2978498778420131,6,406
correlated,6.0,30,0.7,0.9,2,10000,129,0.1929392446633826,0.01778872468527118,0.5792676573644854,0.24718955775473353,6,406
correlated,6.0,30,0.7,0.9,2,10000,152,0.19334975369458127,0.008004926108375693,0.9156402332579,0.7073171119081275,6,406
correlated,6.0,30,0.7,0.9,2,10000,180,0.19088669950738915,0.025246305418723122,1.0475001800631794,0.8829437040499618,6,406
correlated,6.0,30,0.7,0.9,2,10000,212,0.18719211822660098,0.04351395730705927,1.1796928032024858,0.9503950589399998,6,406
correlated,6.0,30,0.7,0.9,2,10000,251,0.18719211822660098,0.05172413793103384,1.432927783331845,1.312372628989637,6,406
correlated,6.0,30,0.7,0.9,2,10000,297,0.18596059113300492,0.04002463054187283,1.3036729265054052,0.8369132808142278,6,406
correlated,6.0,30,0.7,0.9,2,10000,351,0.18555008210180624,0.030925013683632735,1.2347013896466652,0.8603814868051496,6,406
correlated,6.0,30,0.7,0.9,2,10000,415,0.18596059113300492,0.04741379310344909,1.2713972558074234,0.7736195544202185,6,406
correlated,6.0,30,0.7,0.9,2,10000,491,0.18185550082101806,0.09558018609742926,1.193396626616839,0.6011232740061891,6,406
correlated,6.0,30,0.7,0.9,2,10000,580,0.17939244663382592,0.02989874110563838,1.4310304722185645,0.6006849485945915,6,406
correlated,6.0,30,0.7,0.9,2,10000,686,0.17898193760262726,0.03585112205801973,1.8389840333346121,1.0010492749027013,6,406
correlated,6.0,30,0.7,0.9,2,10000,811,0.17364532019704437,0.0580870279146087,1.845390994295918,0.5056892697205594,6,406
correlated,6.0,30,0.7,0.9,2,10000,959,0.16707717569786537,0.09393814997263125,1.9785840586951469,0.7497051577572819,6,406
correlated,6.0,30,0.7,0.9,2,10000,1134,0.16789819376026272,0.14402025177887412,2.2887665870381073,1.1096625241986466,6,406
correlated,6.0,30,0.7,0.9,2,10000,1341,0.16379310344827586,0.05069786535303948,2.8672938431473463,1.3020534444191572,6,406
correlated,6.0,30,0.7,0.9,2,10000,1585,0.1720032840722496,0.0643814997263262,2.828152935801919,1.2922678765896376,6,406
correlated,6.0,30,0.7,0.9,2,10000,1874,0.16748768472906406,0.05336617405582762,2.713769573189966,1.3656615572644026,6,406
correlated,6.0,30,0.7,0.9,2,10000,2215,0.16338259441707717,0.0432402846195974,3.1397493445381293,1.534393141412501,6,406
correlated,6.0,30,0.7,0.9,2,10000,2619,0.16174055829228243,0.09660645867542361,3.5373678182037422,1.4212737968577267,6,406
correlated,6.0,30,0.7,0.9,2,10000,3097,0.1555829228243021,0.059455391351946246,3.1364764159430902,1.1600401949337271,6,406
correlated,6.0,30,0.7,0.9,2,10000,3661,0.15435139573070608,0.06458675424192789,4.055357965532708,1.5587336033354087,6,406
correlated,6.0,30,0.7,0.9,2,10000,4329,0.15311986863711002,0.10625342090859309,4.231665377831145,1.4061976734097748,6,406
correlated,6.0,30,0.7,0.9,2,10000,5118,0.14655172413793102,0.13854679802955774,4.826617313082807,1.4432756079406828,6,406
correlated,6.0,30,0.7,0.9,2,10000,6051,0.14244663382594416,0.0840859332238643,4.771910792765254,1.5637111353306914,6,406
correlated,6.0,30,0.7,0.9,2,10000,7154,0.1473727422003284,0.08572796934866231,4.517943702702563,1.7208411873262515,6,406
correlated,6.0,30,0.7,0.9,2,10000,8458,0.1440886699507389,0.038382594417079044,4.981521413023985,0.8672505465948059,6,406
correlated,6.0,30,0.7,0.9,2,10000,10000,0.14655172413793102,0.045771756978655306,5.298432624276482,1.2593039972176887,6,406
correlated,6.0,30,0.7,0.9,3,0,1,0.004515599343185551,0.0028051450465243553,6.541594261127181,2.7319947162165636,6,406
correlated,6.0,30,0.7,0.9,3,0,2,0.003284072249589491,0.0005473453749315834,15.59340203108747,6.172002505765016,6,406
correlated,6.0,30,0.7,0.9,3,0,3,0.003284072249589491,0.0005473453749315834,20.101740487161457,5.101299238912626,6,406
correlated,6.0,30,0.7,0.9,3,0,4,0.0016420361247947454,0.0013683634373289552,27.442602160059646,7.010531032553341,6,406
correlated,6.0,30,0.7,0.9,3,0,5,0.0016420361247947454,0.0005473453749315822,35.59401815771203,8.118831946337426,6,406
correlated,6.0,30,0.7,0.9,3,0,6,0.002052545155993432,0.0011631089217296114,46.8998531873904,11.560723729547162,6,406
correlated,6.0,30,0.7,0.9,3,0,7,0.002052545155993432,0.0011631089217296114,55.46787583641301,16.122832120215865,6,406
correlated,6.0,30,0.7,0.9,3,0,9,0.0016420361247947454,0.0013683634373289552,80.94353471052865,22.4136089230098,6,406
correlated,6.0,30,0.7,0.9,3,0,10,0.0020525451559934315,0.0019841269841269845,98.75920900162195,34.416929076464264,6,406
correlated,6.0,30,0.7,0.9,3,0,12,0.0024630541871921183,0.003284072249589491,118.13563921216581,30.998448559388343,6,406
correlated,6.0,30,0.7,0.9,3,0,15,0.0024630541871921183,0.001642036124794746,164.3837327219158,57.20996879169536,6,406
correlated,6.0,30,0.7,0.9,3,0,17,0.0024630541871921183,0.000821018062397373,202.71888121538578,60.618943203523,6,406
correlated,6.0,30,0.7,0.9,3,0,20,0.0024630541871921183,0.002463054187192118,252.38313772421827,67.28895759492815,6,406
correlated,6.0,30,0.7,0.9,3,0,24,0.002052545155993432,0.0011631089217296114,320.9390687004058,89.15368012983312,6,406
correlated,6.0,30,0.7,0.9,3,0,28,0.002052545155993432,0.0003420908593322384,403.1421744760475,129.7036964345538,6,406
correlated,6.0,30,0.7,0.9,3,0,34,0.00041050903119868636,0.0003420908593322387,520.6822670709901,158.6336354426122,6,406
correlated,6.0,30,0.7,0.9,3,0,40,0.00041050903119868636,0.0003420908593322387,644.4044182696509,162.88533024144377,6,406
correlated,6.0,30,0.7,0.9,3,0,47,0.0008210180623973727,0.0005473453749315821,789.1807462374932,251.4811858171118,6,406
correlated,6.0,30,0.7,0.9,3,0,56,0.0008210180623973727,0.0013683634373289548,911.2698012453408,260.699407629609,6,406
correlated,6.0,30,0.7,0.9,3,0,66,0.0008210180623973727,0.0005473453749315821,1086.001336548835,271.91524862361945,6,406
correlated,6.0,30,0.7,0.9,3,0,78,0.00041050903119868636,0.0003420908593322387,1202.5785126909143,316.4260695234339,6,406
correlated,6.0,30,0.7,0.9,3,0,92,0.00041050903119868636,0.0003420908593322387,1422.1938346209888,465.8676058005663,6,406
correlated,6.0,30,0.7,0.9,3,0,109,0.0008210180623973727,0.0005473453749315821,1637.5048614620118,516.9181307002082,6,406
correlated,6.0,30,0.7,0.9,3,0,129,0.00041050903119868636,0.0003420908593322387,1747.7945306860772,577.4643518785983,6,406
correlated,6.0,30,0.7,0.9,3,0,152,0.0012315270935960591,0.0006157635467980298,1891.3060353435387,715.3647333695257,6,406
correlated,6.0,30,0.7,0.9,3,0,180,0.00041050903119868636,0.0003420908593322387,2056.9720666060125,846.2021814463543,6,406
correlated,6.0,30,0.7,0.9,3,0,212,0.0008210180623973727,0.0005473453749315821,2174.8339490653143,1038.161845205897,6,406
correlated,6.0,30,0.7,0.9,3,0,251,0.0012315270935960591,0.0006157635467980298,2292.055289893735,1129.047963845671,6,406
correlated,6.0,30,0.7,0.9,3,0,297,0.0012315270935960591,0.0006157635467980298,2507.7132277058204,1201.7663650565917,6,406
correlated,6.0,30,0.7,0.9,3,0,351,0.00041050903119868636,0.0003420908593322387,2693.8450727530767,1283.671391915843,6,406
correlated,6.0,30,0.7,0.9,3,0,415,0.00041050903119868636,0.0003420908593322387,2712.60751046425,1329.635063750985,6,406
correlated,6.0,30,0.7,0.9,3,0,491,0.00041050903119868636,0.0003420908593322387,2799.692656109013,1423.9146706544313,6,406
correlated,6.0,30,0.7,0.9,3,0,580,0.0012315270935960591,0.0006157635467980298,2904.578275150528,1374.6539029151706,6,406
correlated,6.0,30,0.7,0.9,3,0,686,0.0008210180623973727,0.0005473453749315821,3071.417939923058,1469.949719639167,6,406
correlated,6.0,30,0.7,0.9,3,0,811,0.0008210180623973727,0.0005473453749315821,3178.7177674216114,1592.4175474252836,6,406
correlated,6.0,30,0.7,0.9,3,0,959,0.0008210180623973727,0.0005473453749315821,3302.943411041242,1420.2928935157042,6,406
correlated,6.0,30,0.7,0.9,3,0,1134,0.0008210180623973727,0.0005473453749315821,3189.5522129396463,1440.1084278194523,6,406
correlated,6.0,30,0.7,0.9,3,0,1341,0.00041050903119868636,0.0003420908593322387,3402.913397225522,1449.2955516707461,6,406
correlated,6.0,30,0.7,0.9,3,0,1585,0.0012315270935960591,0.0006157635467980298,3515.9149445195794,1604.8638577892266,6,406
correlated,6.0,30,0.7,0.9,3,0,1874,0.0012315270935960591,0.0006157635467980298,3705.23563828075,1610.7564243368893,6,406
correlated,6.0,30,0.7,0.9,3,0,2215,0.0012315270935960591,0.0006157635467980298,3907.9992635383865,1802.9794775987953,6,406
correlated,6.0,30,0.7,0.9,3,0,2619,0.00041050903119868636,0.0003420908593322387,4077.2733157772313,1828.4749158253985,6,406
correlated,6.0,30,0.7,0.9,3,0,3097,0.0012315270935960591,0.0006157635467980298,4121.16151487856,1822.1988250585073,6,406
correlated,6.0,30,0.7,0.9,3,0,3661,0.00041050903119868636,0.0003420908593322387,4075.430740107146,1795.6797175395204,6,406
correlated,6.0,30,0.7,0.9,3,0,4329,0.00041050903119868636,0.0003420908593322387,4163.444006334918,1839.961047470898,6,406
correlated,6.0,30,0.7,0.9,3,0,5118,0.0,0.0,4168.069360047759,1875.1583048564587,6,406
correlated,6.0,30,0.7,0.9,3,0,6051,0.0,0.0,4211.322024396094,2037.0334463892952,6,406
correlated,6.0,30,0.7,0.9,3,0,7154,0.0,0.0,4266.695427305357,2044.4775521147694,6,406
correlated,6.0,30,0.7,0.9,3,0,8458,0.00041050903119868636,0.0003420908593322387,4293.257369027648,2029.9970162340292,6,406
correlated,6.0,30,0.7,0.9,3,0,10000,0.0,0.0,4291.874233147628,2033.4879927767745,6,406
correlated,6.0,30,0.7,0.9,3,1000,1,0.07183908045977011,0.14730432402846239,0.5571019714158986,0.3337935024446395,6,406
correlated,6.0,30,0.7,0.9,3,1000,2,0.06691297208538587,0.13334701696770745,1.109407012757054,0.5681938571644398,6,406
correlated,6.0,30,0.7,0.9,3,1000,3,0.06650246305418718,0.1527093596059119,1.3971467824112527,0.6708747570810033,6,406
correlated,6.0,30,0.7,0.9,3,1000,4,0.06486042692939244,0.14258347016967743,1.9642262677326503,0.7716572443134673,6,406
correlated,6.0,30,0.7,0.9,3,1000,5,0.06486042692939244,0.10399562123700093,2.5667524390547523,0.8471256137792483,6,406
correlated,6.0,30,0.7,0.9,3,1000,6,0.06362889983579638,0.11117952928297797,2.917739065733297,1.3144546290377637,6,406
correlated,6.0,30,0.7,0.9,3,1000,7,0.060755336617405585,0.12041598248494795,3.094494982133288,1.1020774836244376,6,406
correlated,6.0,30,0.7,0.9,3,1000,9,0.05829228243021347,0.11795292829775586,3.979601194909023,1.3331373482708275,6,406
correlated,6.0,30,0.7,0.9,3,1000,10,0.060755336617405585,0.12370005473453763,4.156041409588949,1.2793481470119945,6,406
correlated,6.0,30,0.7,0.9,3,1000,12,0.055829228243021355,0.11713191023535809,5.22908164550815,1.6781960898529615,6,406
correlated,6.0,30,0.7,0.9,3,1000,15,0.05418719211822661,0.08374384236453168,6.864525366112289,3.0421462469071803,6,406
correlated,6.0,30,0.7,0.9,3,1000,17,0.05500821018062398,0.11713191023535827,7.339595215002771,3.329698703433988,6,406
correlated,6.0,30,0.7,0.9,3,1000,20,0.05623973727422004,0.11938970990695078,8.818924940323388,3.1659342564914796,6,406
correlated,6.0,30,0.7,0.9,3,1000,24,0.05377668308702791,0.10050629447181203,10.392172508216545,4.164840285153897,6,406
correlated,6.0,30,0.7,0.9,3,1000,28,0.052545155993431854,0.09906951286261641,11.64129121290371,6.513697251999619,6,406
correlated,6.0,30,0.7,0.9,3,1000,34,0.053366174055829226,0.14176245210727983,13.734658171530109,7.101846450011641,6,406
correlated,6.0,30,0.7,0.9,3,1000,40,0.050492610837438424,0.07286535303776669,16.41900899392445,10.770863167407331,6,406
correlated,6.0,30,0.7,0.9,3,1000,47,0.04967159277504105,0.16947181171319117,18.82897116258328,12.997583139908864,6,406
correlated,6.0,30,0.7,0.9,3,1000,56,0.048850574712643674,0.12595785440613033,21.272777948459566,12.079806550229716,6,406
correlated,6.0,30,0.7,0.9,3,1000,66,0.04802955665024631,0.10242200328407192,24.227147746686082,13.261237715039007,6,406
correlated,6.0,30,0.7,0.9,3,1000,78,0.05008210180623974,0.09742747673782173,30.52792327428706,15.736593225975358,6,406
correlated,6.0,30,0.7,0.9,3,1000,92,0.0480295566502463,0.1122742200328408,39.18747270940653,25.10258878249636,6,406
correlated,6.0,30,0.7,0.9,3,1000,109,0.0422824302134647,0.08983305966064573,36.9343155234165,19.076465302677523,6,406
correlated,6.0,30,0.7,0.9,3,1000,129,0.04310344827586207,0.0736863711001641,42.55740842547248,24.486865741239335,6,406
correlated,6.0,30,0.7,0.9,3,1000,152,0.0451559934318555,0.08921729611384788,42.69673430037756,19.29726875127864,6,406
correlated,6.0,30,0.7,0.9,3,1000,180,0.040229885057471264,0.06130268199233723,49.0075117708302,26.846382750385384,6,406
correlated,6.0,30,0.7,0.9,3,1000,212,0.04146141215106733,0.09804324028461932,52.65689928479511,32.79283764085192,6,406
correlated,6.0,30,0.7,0.9,3,1000,251,0.03981937602627258,0.08983305966064581,65.07013491629955,51.964080012495785,6,406
correlated,6.0,30,0.7,0.9,3,1000,297,0.038177339901477834,0.038382594417076935,58.051704437708196,31.645058104026507,6,406
correlated,6.0,30,0.7,0.9,3,1000,351,0.03653530377668309,0.053708264915161306,49.351451429786806,31.561973834939078,6,406
correlated,6.0,30,0.7,0.9,3,1000,415,0.03735632183908046,0.07094964422550618,57.61933220440099,39.94719405995753,6,406
correlated,6.0,30,0.7,0.9,3,1000,491,0.03243021346469622,0.016762452107279727,68.11489066962115,44.26556234270104,6,406
correlated,6.0,30,0.7,0.9,3,1000,580,0.03489326765188835,0.014299397920087376,82.99534356306373,43.838995703902995,6,406
correlated,6.0,30,0.7,0.9,3,1000,686,0.03489326765188835,0.035645867542419184,81.12988821388471,47.88143487705672,6,406
correlated,6.0,30,0.7,0.9,3,1000,811,0.03489326765188835,0.06109742747673765,98.69394552567756,63.47857432572716,6,406
correlated,6.0,30,0.7,0.9,3,1000,959,0.034072249589490976,0.05206622879036655,130.95916258418643,102.85373746936064,6,406
correlated,6.0,30,0.7,0.9,3,1000,1134,0.03201970443349753,0.043513957307060855,150.7723438740462,135.04892410880146,6,406
correlated,6.0,30,0.7,0.9,3,1000,1341,0.03243021346469622,0.05288724685276415,163.1238632343037,138.69102554485653,6,406
correlated,6.0,30,0.7,0.9,3,1000,1585,0.02955665024630542,0.051724137931034364,165.66355664395132,132.40106135148787,6,406
correlated,6.0,30,0.7,0.9,3,1000,1874,0.029967159277504107,0.015120415982484887,185.40996540578942,138.0907301940565,6,406
correlated,6.0,30,0.7,0.9,3,1000,2215,0.032430213464696225,0.02004652435686915,200.61434700423254,127.4306769839417,6,406
correlated,6.0,30,0.7,0.9,3,1000,2619,0.03201970443349754,0.020525451559934297,220.8097865003273,141.92427925241225,6,406
correlated,6.0,30,0.7,0.9,3,1000,3097,0.030377668308702793,0.08593322386425828,201.11883019205223,124.18102514202043,6,406
correlated,6.0,30,0.7,0.9,3,1000,3661,0.02955665024630542,0.05336617405582912,209.7245172950269,124.08693341730023,6,406
correlated,6.0,30,0.7,0.9,3,1000,4329,0.027914614121510677,0.017788724685276373,223.42213862403568,128.79440217404445,6,406
correlated,6.0,30,0.7,0.9,3,1000,5118,0.026272577996715927,0.025177887246852857,231.3686221305937,140.76817294130535,6,406
correlated,6.0,30,0.7,0.9,3,1000,6051,0.025041050903119866,0.04139299397920091,237.8907280047554,138.81170447272578,6,406
correlated,6.0,30,0.7,0.9,3,1000,7154,0.02791461412151067,0.04077723043240298,231.6496161475972,146.13943182427303,6,406
correlated,6.0,30,0.7,0.9,3,1000,8458,0.021346469622331693,0.01860974274767375,246.41115315402547,150.05998568683097,6,406
correlated,6.0,30,0.7,0.9,3,1000,10000,0.027504105090311984,0.061097427476737874,247.29385973733676,143.26642236416055,6,406
correlated,6.0,30,0.7,0.9,3,3000,1,0.12397372742200329,0.1598248494800231,0.1263102765679826,0.08983243150043226,6,406
correlated,6.0,30,0.7,0.9,3,3000,2,0.1206896551724138,0.1789819376026276,0.35284893196424466,0.19386840788703819,6,406
correlated,6.0,30,0.7,0.9,3,3000,3,0.11986863711001644,0.176245210727968,0.5506723379945903,0.27487753058075154,6,406
correlated,6.0,30,0.7,0.9,3,3000,4,0.11330049261083745,0.15188834154351324,0.8192095648229,0.3598281886878848,6,406
correlated,6.0,30,0.7,0.9,3,3000,5,0.11288998357963877,0.22119594964422432,0.9797696628503854,0.505225488710979,6,406
correlated,6.0,30,0.7,0.9,3,3000,6,0.11206896551724138,0.2280377668308698,1.260621103079341,0.8902210359215924,6,406
correlated,6.0,30,0.7,0.9,3,3000,7,0.11042692939244664,0.23843732895457104,1.4744718876066782,1.272815059047195,6,406
correlated,6.0,30,0.7,0.9,3,3000,9,0.10796387520525452,0.21380678708264875,1.4309900797738015,0.8277292048967912,6,406
correlated,6.0,30,0.7,0.9,3,3000,10,0.10837438423645322,0.24712643678160776,1.6142955466762856,0.9441441055958387,6,406
correlated,6.0,30,0.7,0.9,3,3000,12,0.10509031198686371,0.3035030103995632,1.9584304070219953,0.9482181074189399,6,406
correlated,6.0,30,0.7,0.9,3,3000,15,0.10550082101806241,0.25485769020251736,2.402116686892001,1.3813675888615162,6,406
correlated,6.0,30,0.7,0.9,3,3000,17,0.10673234811165845,0.22550629447181186,3.267897070390284,2.6446393460203126,6,406
correlated,6.0,30,0.7,0.9,3,3000,20,0.10632183908045977,0.2285851122058027,4.392201173162389,3.524538840318227,6,406
correlated,6.0,30,0.7,0.9,3,3000,24,0.10426929392446634,0.22140120415982528,4.7044575362994605,3.4914964593255995,6,406
correlated,6.0,30,0.7,0.9,3,3000,28,0.10385878489326765,0.22530103995621228,5.326021825897549,4.157792547854315,6,406
correlated,6.0,30,0.7,0.9,3,3000,34,0.0993431855500821,0.23207443897099053,5.307153156895104,4.023606250150659,6,406
correlated,6.0,30,0.7,0.9,3,3000,40,0.10057471264367816,0.2220169677066226,5.930041621155525,5.178243613074407,6,406
correlated,6.0,30,0.7,0.9,3,3000,47,0.0964696223316913,0.21380678708264875,5.840237957391679,5.3980985806599255,6,406
correlated,6.0,30,0.7,0.9,3,3000,56,0.09811165845648605,0.12924192665572018,6.388993975844941,6.135609216406064,6,406
correlated,6.0,30,0.7,0.9,3,3000,66,0.09770114942528736,0.12205801860974208,7.720428481176637,7.496522935553627,6,406
correlated,6.0,30,0.7,0.9,3,3000,78,0.09318555008210182,0.1021483305966058,6.999432013203692,5.528338275113873,6,406
correlated,6.0,30,0.7,0.9,3,3000,92,0.09400656814449919,0.15223043240284587,7.221768692274426,6.521924023728834,6,406
correlated,6.0,30,0.7,0.9,3,3000,109,0.08949096880131363,0.09332238642583462,10.010188277474382,11.488807865772195,6,406
correlated,6.0,30,0.7,0.9,3,3000,129,0.08825944170771756,0.08162287903667292,13.712368954552678,17.322083158422668,6,406
correlated,6.0,30,0.7,0.9,3,3000,152,0.08579638752052544,0.08080186097427426,14.680898971261124,16.189313384777016,6,406
correlated,6.0,30,0.7,0.9,3,3000,180,0.08333333333333333,0.12431581828133566,15.310452991020865,12.96835394393528,6,406
correlated,6.0,30,0.7,0.9,3,3000,212,0.07963875205254516,0.14422550629447192,15.92104308215925,13.845045069536697,6,406
correlated,6.0,30,0.7,0.9,3,3000,251,0.07799671592775041,0.21893814997263286,16.335341717040063,10.49546736818592,6,406
correlated,6.0,30,0.7,0.9,3,3000,297,0.07717569786535304,0.3297755883962782,14.022667230860156,7.640859928832388,6,406
correlated,6.0,30,0.7,0.9,3,3000,351,0.0784072249589491,0.2762041598248496,12.14219681103311,4.887113562873387,6,406
correlated,6.0,30,0.7,0.9,3,3000,415,0.07307060755336618,0.28954570333880686,13.098547916341184,9.160938673072346,6,406
correlated,6.0,30,0.7,0.9,3,3000,491,0.06691297208538588,0.2146278051450467,21.907461229490778,23.232414210410333,6,406
correlated,6.0,30,0.7,0.9,3,3000,580,0.06773399014778325,0.12705254515599312,29.680470151648297,38.235124015790085,6,406
correlated,6.0,30,0.7,0.9,3,3000,686,0.06403940886699507,0.13054187192118238,17.654949244743385,8.432506434161262,6,406
correlated,6.0,30,0.7,0.9,3,3000,811,0.0632183908045977,0.08757525998905356,27.30458842952594,25.14602308752545,6,406
correlated,6.0,30,0.7,0.9,3,3000,959,0.06198686371100163,0.12431581828133653,26.673690424166494,24.043728090023404,6,406
correlated,6.0,30,0.7,0.9,3,3000,1134,0.055418719211822655,0.060550082101806596,23.588535363228345,14.112806916601818,6,406
correlated,6.0,30,0.7,0.9,3,3000,1341,0.05870279146141214,0.03071975916803545,30.767441367358952,29.446429260817762,6,406
correlated,6.0,30,0.7,0.9,3,3000,1585,0.0570607553366174,0.04631910235358522,34.57854910867971,39.94708673321772,6,406
correlated,6.0,30,0.7,0.9,3,3000,1874,0.0541871921182266,0.06403940886699515,29.926606522662382,22.594319719100735,6,406
correlated,6.0,30,0.7,0.9,3,3000,2215,0.048850574712643674,0.0816228790366724,55.34981872084713,63.929614541887716,6,406
correlated,6.0,30,0.7,0.9,3,3000,2619,0.051724137931034475,0.0402298850574717,61.64412927897726,89.62586970807557,6,406
correlated,6.0,30,0.7,0.9,3,3000,3097,0.04720853858784893,0.021688560481663993,79.63144019954134,125.29458284199836,6,406
correlated,6.0,30,0.7,0.9,3,3000,3661,0.05172413793103448,0.03366174055829233,76.97656386005598,119.7458786667092,6,406
correlated,6.0,30,0.7,0.9,3,3000,4329,0.04885057471264368,0.07177066228790369,77.59735721142172,127.97415033261808,6,406
correlated,6.0,30,0.7,0.9,3,3000,5118,0.05295566502463054,0.167282430213465,87.37462645645773,137.881585624899,6,406
correlated,6.0,30,0.7,0.9,3,3000,6051,0.051313628899835796,0.03236179529282994,88.57571109310352,138.5339746604084,6,406
correlated,6.0,30,0.7,0.9,3,3000,7154,0.04597701149425287,0.04570333880678702,89.0720351682171,131.19574672460718,6,406
correlated,6.0,30,0.7,0.9,3,3000,8458,0.05090311986863711,0.06869184455391358,83.81078243664487,131.7664607697381,6,406
correlated,6.0,30,0.7,0.9,3,3000,10000,0.04638752052545156,0.05124521072796922,82.99991540481894,132.1973150567392,6,406
correlated,6.0,30,0.7,0.9,3,10000,1,0.14614121510673236,0.09085933223864114,0.09103924868545066,0.06565301446971723,6,406
correlated,6.0,30,0.7,0.9,3,10000,2,0.1420361247947455,0.06212370005473298,0.3235651568491193,0.140829172209676,6,406
correlated,6.0,30,0.7,0.9,3,10000,3,0.13916256157635468,0.07943349753694623,0.4136691097930972,0.2691543604546571,6,406
correlated,6.0,30,0.7,0.9,3,10000,4,0.13916256157635468,0.09256978653530357,0.5642308539714668,0.40139783117393607,6,406
correlated,6.0,30,0.7,0.9,3,10000,5,0.13793103448275862,0.08374384236453379,0.9200072291496754,0.6783308402438784,6,406
correlated,6.0,30,0.7,0.9,3,10000,6,0.13752052545155993,0.08080186097427391,0.9606727875252213,0.6706987436403301,6,406
correlated,6.0,30,0.7,0.9,3,10000,7,0.13423645320197045,0.09585385878489394,1.012984279692562,0.7623553059578005,6,406
correlated,6.0,30,0.7,0.9,3,10000,9,0.12972085385878487,0.06376573617953099,1.333355963470617,1.0441396584611722,6,406
correlated,6.0,30,0.7,0.9,3,10000,10,0.12889983579638753,0.047345374931580454,1.4871161783551816,0.9868517320952758,6,406
correlated,6.0,30,0.7,0.9,3,10000,12,0.12972085385878487,0.04488232074439259,1.6229067060672133,0.779655425059775,6,406
correlated,6.0,30,0.7,0.9,3,10000,15,0.12561576354679801,0.07635467980295753,1.937716547168199,0.9898762067975583,6,406
correlated,6.0,30,0.7,0.9,3,10000,17,0.1264367816091954,0.08429118773946459,2.0724691986328865,0.993005205354339,6,406
correlated,6.0,30,0.7,0.9,3,10000,20,0.12315270935960591,0.09605911330049212,2.2177654521692793,1.2045236933148613,6,406
correlated,6.0,30,0.7,0.9,3,10000,24,0.12274220032840723,0.07341269841269907,2.4135136444325833,1.404229839798968,6,406
correlated,6.0,30,0.7,0.9,3,10000,28,0.1141215106732348,0.0604816639299406,2.9883394895121267,1.2887098617725101,6,406
correlated,6.0,30,0.7,0.9,3,10000,34,0.11288998357963875,0.047961138478379184,3.224535357111485,1.7640648947796649,6,406
correlated,6.0,30,0.7,0.9,3,10000,40,0.11658456486042691,0.03831417624521252,3.8263658760079124,2.4478405223026525,6,406
correlated,6.0,30,0.7,0.9,3,10000,47,0.1149425287356322,0.08100711548987208,3.588836673730059,1.6347032730582451,6,406
correlated,6.0,30,0.7,0.9,3,10000,56,0.11330049261083742,0.03694581280788272,3.7497680279052297,1.3249981336420236,6,406
correlated,6.0,30,0.7,0.9,3,10000,66,0.11206896551724137,0.03920361247947594,4.20112267963895,1.2926041527465568,6,406
correlated,6.0,30,0.7,0.9,3,10000,78,0.11165845648604268,0.06540777230432548,3.949348760101666,1.3896057331993283,6,406
correlated,6.0,30,0.7,0.9,3,10000,92,0.11206896551724138,0.06793924466338269,4.898889248976359,1.6197043842299819,6,406
correlated,6.0,30,0.7,0.9,3,10000,109,0.10632183908045978,0.11117952928297656,5.606745062287989,1.5897314885952973,6,406
correlated,6.0,30,0.7,0.9,3,10000,129,0.10550082101806241,0.08654898741105568,6.186814862958795,3.0501448123913324,6,406
correlated,6.0,30,0.7,0.9,3,10000,152,0.10016420361247948,0.09496442255062983,7.514104801716283,3.0675670187265847,6,406
correlated,6.0,30,0.7,0.9,3,10000,180,0.09852216748768472,0.08620689655172448,9.188237212270861,4.275386403445081,6,406
correlated,6.0,30,0.7,0.9,3,10000,212,0.10057471264367816,0.06684455391351898,10.85890533419795,4.670898159547479,6,406
correlated,6.0,30,0.7,0.9,3,10000,251,0.09729064039408868,0.03920361247947312,11.326192554576815,4.042978565978264,6,406
correlated,6.0,30,0.7,0.9,3,10000,297,0.09811165845648605,0.0454980842911878,11.116975903054454,4.7602217887333715,6,406
correlated,6.0,30,0.7,0.9,3,10000,351,0.09154351395730707,0.07833880678708183,13.651187937569174,6.6897230958687866,6,406
correlated,6.0,30,0.7,0.9,3,10000,415,0.08538587848932677,0.07690202517788691,13.692705989726086,5.850512496085512,6,406
correlated,6.0,30,0.7,0.9,3,10000,491,0.08661740558292282,0.06930760810071213,13.023933828405722,5.050862948541394,6,406
correlated,6.0,30,0.7,0.9,3,10000,580,0.08949096880131363,0.035030103995621426,12.5394595928295,4.8520326324153995,6,406
correlated,6.0,30,0.7,0.9,3,10000,686,0.08908045977011496,0.06848659003831277,14.460781033319888,5.136919237733709,6,406
correlated,6.0,30,0.7,0.9,3,10000,811,0.08333333333333333,0.10789545703338829,13.820632335492254,3.470185477234994,6,406
correlated,6.0,30,0.7,0.9,3,10000,959,0.08743842364532022,0.10406403940886569,14.079819019328282,4.991073148925573,6,406
correlated,6.0,30,0.7,0.9,3,10000,1134,0.08004926108374384,0.05151888341543532,13.962214353366823,5.09466018564906,6,406
correlated,6.0,30,0.7,0.9,3,10000,1341,0.07881773399014778,0.04105090311986824,14.640811938419338,5.440876917524751,6,406
correlated,6.0,30,0.7,0.9,3,10000,1585,0.08169129720853859,0.11117952928297727,15.369091537869808,3.790119599965269,6,406
correlated,6.0,30,0.7,0.9,3,10000,1874,0.0812807881773399,0.10262725779967148,14.81168574632155,2.8314156989196704,6,406
correlated,6.0,30,0.7,0.9,3,10000,2215,0.07799671592775041,0.10481663929939747,16.475619501912487,5.243166345994487,6,406
correlated,6.0,30,0.7,0.9,3,10000,2619,0.07060755336617405,0.13355227148330634,17.977624935426743,8.084734979272465,6,406
correlated,6.0,30,0.7,0.9,3,10000,3097,0.06486042692939245,0.10071154898741125,20.865630932652923,12.437242889324576,6,406
correlated,6.0,30,0.7,0.9,3,10000,3661,0.05911330049261084,0.06896551724137898,25.421342189317784,12.712058127904584,6,406
correlated,6.0,30,0.7,0.9,3,10000,4329,0.060755336617405585,0.04406130268199218,22.980038694915944,6.585938801147638,6,406
correlated,6.0,30,0.7,0.9,3,10000,5118,0.053366174055829226,0.05473453749315848,22.471845481920457,5.926302690117625,6,406
correlated,6.0,30,0.7,0.9,3,10000,6051,0.055418719211822655,0.08353858784893298,25.39575989729389,8.97645631221585,6,406
correlated,6.0,30,0.7,0.9,3,10000,7154,0.058292282430213456,0.12370005473453781,22.09970226482231,8.067336891160103,6,406
correlated,6.0,30,0.7,0.9,3,10000,8458,0.05295566502463054,0.08353858784893298,35.17551795277433,26.449056928211895,6,406
correlated,6.0,30,0.7,0.9,3,10000,10000,0.05500821018062397,0.018609742747673883,23.681938095363915,7.925899698430893,6,406
correlated,6.0,30,0.7,0.9,4,0,1,0.0036945812807881776,0.0014367816091954018,5.2505030142763625,1.981103701683546,6,406
correlated,6.0,30,0.7,0.9,4,0,2,0.003284072249589491,0.0030103995621237004,11.575061921882586,4.050968411997522,6,406
correlated,6.0,30,0.7,0.9,4,0,3,0.0028735632183908046,0.0028051450465243566,18.68419566385202,6.524157475397762,6,406
correlated,6.0,30,0.7,0.9,4,0,4,0.0028735632183908046,0.0028051450465243566,24.625054532307995,7.59881599477869,6,406
correlated,6.0,30,0.7,0.9,4,0,5,0.0028735632183908046,0.0028051450465243566,32.565331759809304,7.712034560405061,6,406
correlated,6.0,30,0.7,0.9,4,0,6,0.0028735632183908046,0.004447181171319102,42.46786632094447,8.902458297005154,6,406
correlated,6.0,30,0.7,0.9,4,0,7,0.0016420361247947454,0.0013683634373289552,55.07878941547485,7.709392442419044,6,406
correlated,6.0,30,0.7,0.9,4,0,9,0.0008210180623973727,0.0005473453749315821,77.20248896743759,13.516926684227013,6,406
correlated,6.0,30,0.7,0.9,4,0,10,0.0008210180623973727,0.0005473453749315821,89.23633120461834,13.87058242399563,6,406
correlated,6.0,30,0.7,0.9,4,0,12,0.002052545155993432,0.0011631089217296112,119.10769454454514,21.53367087885776,6,406
correlated,6.0,30,0.7,0.9,4,0,15,0.0008210180623973727,0.0005473453749315821,165.19020276869276,41.16977155590994,6,406
correlated,6.0,30,0.7,0.9,4,0,17,0.002052545155993432,0.0011631089217296112,205.04189515613893,55.0651046290432,6,406
correlated,6.0,30,0.7,0.9,4,0,20,0.0016420361247947454,0.0013683634373289546,254.65899768783675,74.01689685353884,6,406
correlated,6.0,30,0.7,0.9,4,0,24,0.002052545155993432,0.0011631089217296112,328.00682649760836,94.95168989810415,6,406
correlated,6.0,30,0.7,0.9,4,0,28,0.0016420361247947454,0.0005473453749315822,395.75044003173616,103.16687147543945,6,406
correlated,6.0,30,0.7,0.9,4,0,34,0.0016420361247947454,0.0013683634373289546,526.2911285371646,117.4152078834825,6,406
correlated,6.0,30,0.7,0.9,4,0,40,0.002052545155993432,0.0011631089217296114,641.3573092052006,174.92993842151188,6,406
correlated,6.0,30,0.7,0.9,4,0,47,0.0012315270935960591,0.0014367816091954023,792.4863112946964,236.22121981456863,6,406
correlated,6.0,30,0.7,0.9,4,0,56,0.0008210180623973727,0.0005473453749315821,973.5625398443472,323.3628610083226,6,406
correlated,6.0,30,0.7,0.9,4,0,66,0.0008210180623973727,0.0005473453749315821,1149.1316651672337,479.551249633262,6,406
correlated,6.0,30,0.7,0.9,4,0,78,0.0012315270935960591,0.0014367816091954023,1321.5870139584972,566.3732176972844,6,406
correlated,6.0,30,0.7,0.9,4,0,92,0.0008210180623973727,0.0005473453749315821,1477.6035015281195,664.7950719649746,6,406
correlated,6.0,30,0.7,0.9,4,0,109,0.0012315270935960591,0.0014367816091954023,1652.3247167345646,699.2378720816597,6,406
correlated,6.0,30,0.7,0.9,4,0,129,0.0008210180623973727,0.0005473453749315821,1863.452691949534,827.9761810313245,6,406
correlated,6.0,30,0.7,0.9,4,0,152,0.00041050903119868636,0.0003420908593322387,1997.8562123195782,799.3575700148267,6,406
correlated,6.0,30,0.7,0.9,4,0,180,0.00041050903119868636,0.0003420908593322387,2177.5716565073762,936.6923737249903,6,406
correlated,6.0,30,0.7,0.9,4,0,212,0.00041050903119868636,0.0003420908593322387,2299.987948985175,1076.3307482131995,6,406
correlated,6.0,30,0.7,0.9,4,0,251,0.00041050903119868636,0.0003420908593322387,2416.178147161509,1156.3840769382239,6,406
correlated,6.0,30,0.7,0.9,4,0,297,0.0008210180623973727,0.0005473453749315821,2493.4567164863033,1178.1941024283967,6,406
correlated,6.0,30,0.7,0.9,4,0,351,0.0008210180623973727,0.0005473453749315821,2615.2023151136714,1347.6156693491778,6,406
correlated,6.0,30,0.7,0.9,4,0,415,0.0008210180623973727,0.0005473453749315821,2630.3349878697923,1336.8142253844244,6,406
correlated,6.0,30,0.7,0.9,4,0,491,0.0012315270935960591,0.0006157635467980298,2699.6298044445116,1411.9171715036996,6,406
correlated,6.0,30,0.7,0.9,4,0,580,0.0012315270935960591,0.0006157635467980298,2739.312616583627,1401.1063945020953,6,406
correlated,6.0,30,0.7,0.9,4,0,686,0.0012315270935960591,0.0006157635467980298,2782.9337045496172,1399.7710716378845,6,406
correlated,6.0,30,0.7,0.9,4,0,811,0.0012315270935960591,0.0006157635467980298,2872.5353828366497,1569.8457055822541,6,406
correlated,6.0,30,0.7,0.9,4,0,959,0.0008210180623973727,0.0005473453749315821,2998.770339416904,1591.9038174419518,6,406
correlated,6.0,30,0.7,0.9,4,0,1134,0.0008210180623973727,0.0005473453749315821,3178.2215691134297,1750.4152382111768,6,406
correlated,6.0,30,0.7,0.9,4,0,1341,0.0008210180623973727,0.0005473453749315821,3255.1858182141477,1868.0621389927192,6,406
correlated,6.0,30,0.7,0.9,4,0,1585,0.0016420361247947454,0.0013683634373289546,3227.9887013549287,1820.431882476994,6,406
correlated,6.0,30,0.7,0.9,4,0,1874,0.0012315270935960591,0.0014367816091954023,3325.8288648390057,1910.2679382032677,6,406
correlated,6.0,30,0.7,0.9,4,0,2215,0.0012315270935960591,0.0014367816091954023,3562.2530051949675,2086.146700877628,6,406
correlated,6.0,30,0.7,0.9,4,0,2619,0.0008210180623973727,0.0005473453749315821,3649.897786572387,2088.355877492073,6,406
correlated,6.0,30,0.7,0.9,4,0,3097,0.0012315270935960591,0.0014367816091954023,3745.444329533722,2042.7856273110124,6,406
correlated,6.0,30,0.7,0.9,4,0,3661,0.0016420361247947454,0.0013683634373289552,4032.718298804895,2340.836960956813,6,406
correlated,6.0,30,0.7,0.9,4,0,4329,0.002052545155993432,0.0011631089217296114,4063.865667095472,2346.6277479530386,6,406
correlated,6.0,30,0.7,0.9,4,0,5118,0.0012315270935960591,0.0006157635467980298,4124.879236538034,2397.5298985855247,6,406
correlated,6.0,30,0.7,0.9,4,0,6051,0.0012315270935960591,0.0006157635467980298,4155.798309807621,2388.5142698880877,6,406
correlated,6.0,30,0.7,0.9,4,0,7154,0.0008210180623973727,0.0005473453749315821,4232.317807270064,2445.96677203797,6,406
correlated,6.0,30,0.7,0.9,4,0,8458,0.00041050903119868636,0.0003420908593322387,4311.02882436344,2555.668732637591,6,406
correlated,6.0,30,0.7,0.9,4,0,10000,0.0012315270935960591,0.0006157635467980298,4275.462666505995,2471.816125141968,6,406
correlated,6.0,30,0.7,0.9,4,1000,1,0.11165845648604268,0.39135194307608145,0.6347254449033293,0.8340130456391992,6,406
correlated,6.0,30,0.7,0.9,4,1000,2,0.11124794745484401,0.39689381499726434,1.1010985669942757,1.0912140691290808,6,406
correlated,6.0,30,0.7,0.9,4,1000,3,0.11165845648604271,0.3626163108921719,2.100310454753574,2.763265765906245,6,406
correlated,6.0,30,0.7,0.9,4,1000,4,0.11124794745484401,0.35502189381499744,2.6076324108065503,3.4375246494661633,6,406
correlated,6.0,30,0.7,0.9,4,1000,5,0.10960591133004927,0.37335796387520437,4.285663436437121,6.2841872238461844,6,406
correlated,6.0,30,0.7,0.9,4,1000,6,0.10796387520525452,0.41085112205801855,4.784280207986389,7.1256425672586055,6,406
correlated,6.0,30,0.7,0.9,4,1000,7,0.10632183908045977,0.45436507936507997,5.030064777155455,7.433346869607565,6,406
correlated,6.0,30,0.7,0.9,4,1000,9,0.10673234811165845,0.3979200875752608,6.702267958597393,9.76009545379721,6,406
correlated,6.0,30,0.7,0.9,4,1000,10,0.10591133004926108,0.3645320197044346,7.712351836580655,11.013909250414143,6,406
correlated,6.0,30,0.7,0.9,4,1000,12,0.1055008210180624,0.3665161466885617,7.968160037183785,11.485421137405618,6,406
correlated,6.0,30,0.7,0.9,4,1000,15,0.10509031198686371,0.3494800218938153,8.891316953174451,12.340722200569688,6,406
correlated,6.0,30,0.7,0.9,4,1000,17,0.10467980295566504,0.35201149425287315,10.628037019844461,15.187310286619562,6,406
correlated,6.0,30,0.7,0.9,4,1000,20,0.10467980295566502,0.3618637110016422,11.591884558510076,16.65920886941537,6,406
correlated,6.0,30,0.7,0.9,4,1000,24,0.10385878489326766,0.38704159824849316,13.008327382401431,19.169790202105883,6,406
correlated,6.0,30,0.7,0.9,4,1000,28,0.10303776683087028,0.359126984126984,15.109218769961489,23.024897372996286,6,406
correlated,6.0,30,0.7,0.9,4,1000,34,0.0993431855500821,0.3199233716475088,14.919724089135025,20.361487619764244,6,406
correlated,6.0,30,0.7,0.9,4,1000,40,0.10180623973727422,0.30596606458675385,14.380977154498561,19.49704891303221,6,406
correlated,6.0,30,0.7,0.9,4,1000,47,0.09975369458128079,0.2814039408866995,15.904424644713053,17.98185634374646,6,406
correlated,6.0,30,0.7,0.9,4,1000,56,0.10016420361247948,0.2805145046524361,14.581173465956454,15.115964892281319,6,406
correlated,6.0,30,0.7,0.9,4,1000,66,0.09852216748768473,0.33004926108374394,20.49319639543874,21.113056447989294,6,406
correlated,6.0,30,0.7,0.9,4,1000,78,0.09852216748768473,0.40722495894909694,26.583659551230998,31.19605974959832,6,406
correlated,6.0,30,0.7,0.9,4,1000,92,0.0960591133004926,0.4129720853858787,29.61397819200737,35.603836229248444,6,406
correlated,6.0,30,0.7,0.9,4,1000,109,0.0935960591133005,0.42528735632183845,33.03828848188383,40.9939481982339,6,406
correlated,6.0,30,0.7,0.9,4,1000,129,0.09482758620689656,0.3692528735632178,39.83192404986957,52.66187827950381,6,406
correlated,6.0,30,0.7,0.9,4,1000,152,0.0907224958949097,0.40838806787082577,47.34893509488285,61.21126429835748,6,406
correlated,6.0,30,0.7,0.9,4,1000,180,0.090311986863711,0.3527640941434049,52.61300531985276,66.02738131034499,6,406
correlated,6.0,30,0.7,0.9,4,1000,212,0.09359605911330049,0.3382594417077178,60.41595817894225,81.15620134481192,6,406
correlated,6.0,30,0.7,0.9,4,1000,251,0.08949096880131363,0.278051450465244,79.6992361598659,102.86688502833655,6,406
correlated,6.0,30,0.7,0.9,4,1000,297,0.09113300492610836,0.24630541871921297,89.12137302763217,120.12626713520307,6,406
correlated,6.0,30,0.7,0.9,4,1000,351,0.0899014778325123,0.25513136288998417,85.99757481725432,129.27175962797202,6,406
correlated,6.0,30,0.7,0.9,4,1000,415,0.08661740558292282,0.2187328954570347,89.76617632473368,132.66780115742952,6,406
correlated,6.0,30,0.7,0.9,4,1000,491,0.08456486042692939,0.26245210727969354,79.37607209066526,105.87725689736745,6,406
correlated,6.0,30,0.7,0.9,4,1000,580,0.08251231527093596,0.310139573070608,95.69306470652809,127.90121489933712,6,406
correlated,6.0,30,0.7,0.9,4,1000,686,0.0816912972085386,0.28030925013683583,128.8459474866511,154.79121623120187,6,406
correlated,6.0,30,0.7,0.9,4,1000,811,0.08333333333333333,0.24336343732895485,141.54051506469537,172.51369700693957,6,406
correlated,6.0,30,0.7,0.9,4,1000,959,0.08087027914614121,0.2967296113847839,184.02292554230846,240.41610794593046,6,406
correlated,6.0,30,0.7,0.9,4,1000,1134,0.08128078817733991,0.23070607553366143,202.59299208591867,258.63530194454336,6,406
correlated,6.0,30,0.7,0.9,4,1000,1341,0.08004926108374384,0.2009441707717568,219.99323835805788,259.4527621029327,6,406
correlated,6.0,30,0.7,0.9,4,1000,1585,0.07471264367816093,0.13026819923371594,227.17542743911272,276.23459153087714,6,406
correlated,6.0,30,0.7,0.9,4,1000,1874,0.07594417077175698,0.1448412698412696,235.001345851883,258.98142024822374,6,406
correlated,6.0,30,0.7,0.9,4,1000,2215,0.0755336617405583,0.200875752599891,269.5371993673887,274.4829813392823,6,406
correlated,6.0,30,0.7,0.9,4,1000,2619,0.07183908045977012,0.14566228790366684,310.6973380756025,273.2602048628589,6,406
correlated,6.0,30,0.7,0.9,4,1000,3097,0.07430213464696224,0.14402025177887307,326.59384835670903,281.4600294362808,6,406
correlated,6.0,30,0.7,0.9,4,1000,3661,0.07183908045977011,0.19328133552271515,336.6858937735463,271.3293629985403,6,406
correlated,6.0,30,0.7,0.9,4,1000,4329,0.07142857142857141,0.15845648604269402,350.2348748060875,275.88139353659716,6,406
correlated,6.0,30,0.7,0.9,4,1000,5118,0.069376026272578,0.1735769020251788,371.3111174671649,292.36711698347295,6,406
correlated,6.0,30,0.7,0.9,4,1000,6051,0.06650246305418718,0.10673234811165912,395.2498967950434,304.7269977238598,6,406
correlated,6.0,30,0.7,0.9,4,1000,7154,0.07101806239737274,0.10296934865900446,424.7026899340931,339.23252765581157,6,406
correlated,6.0,30,0.7,0.9,4,1000,8458,0.06691297208538588,0.12103174603174632,429.3462558958554,339.5223622948313,6,406
correlated,6.0,30,0.7,0.9,4,1000,10000,0.0669129720853859,0.12759989053092427,435.91271246916654,347.0603586159701,6,406
correlated,6.0,30,0.7,0.9,4,3000,1,0.15311986863711002,0.10543240284619479,0.5805142189056317,0.8724715004702437,6,406
correlated,6.0,30,0.7,0.9,4,3000,2,0.15229885057471265,0.1234948002189377,1.0018603426381525,1.375869822306077,6,406
correlated,6.0,30,0.7,0.9,4,3000,3,0.15188834154351397,0.12862616310892216,0.8884937688854508,1.2274405099184413,6,406
correlated,6.0,30,0.7,0.9,4,3000,4,0.14942528735632185,0.10153256704980637,1.2877092546294684,1.9544052160840177,6,406
correlated,6.0,30,0.7,0.9,4,3000,5,0.14983579638752054,0.1021483305966058,1.5282345689931092,1.977519561532471,6,406
correlated,6.0,30,0.7,0.9,4,3000,6,0.14942528735632185,0.12944718117131623,1.791151272935416,2.210811116449642,6,406
correlated,6.0,30,0.7,0.9,4,3000,7,0.1481937602627258,0.11938970990694761,1.88767770972708,2.3694635311879515,6,406
correlated,6.0,30,0.7,0.9,4,3000,9,0.14573070607553365,0.13663108921729786,2.970025324993958,3.734713907925802,6,406
correlated,6.0,30,0.7,0.9,4,3000,10,0.1449096880131363,0.14648330596606338,3.0954628155043142,3.9045067808457845,6,406
correlated,6.0,30,0.7,0.9,4,3000,12,0.14367816091954022,0.11548987411056624,3.2382793898263436,4.3559340504845165,6,406
correlated,6.0,30,0.7,0.9,4,3000,15,0.14532019704433496,0.12972085385878795,3.5482118584495237,4.729862472411041,6,406
correlated,6.0,30,0.7,0.9,4,3000,17,0.14490968801313628,0.11774767378215664,3.550354015698007,4.797488639452468,6,406
correlated,6.0,30,0.7,0.9,4,3000,20,0.14367816091954022,0.11384783798577104,4.226554457609553,6.030435739149649,6,406
correlated,6.0,30,0.7,0.9,4,3000,24,0.1449096880131363,0.09147509578543916,6.120826577705178,9.640065852383142,6,406
correlated,6.0,30,0.7,0.9,4,3000,28,0.14080459770114942,0.08737000547345469,7.3808847136730655,11.32489449378065,6,406
correlated,6.0,30,0.7,0.9,4,3000,34,0.14121510673234813,0.1179529282977541,6.599481623905507,9.662292335181034,6,406
correlated,6.0,30,0.7,0.9,4,3000,40,0.138752052545156,0.120415982484949,7.460575582881567,11.037950082942672,6,406
correlated,6.0,30,0.7,0.9,4,3000,47,0.14039408866995073,0.11822660098522161,8.390909358107857,11.977281604320527,6,406
correlated,6.0,30,0.7,0.9,4,3000,56,0.1383415435139573,0.14155719759168062,9.102610766283759,11.55978883859361,6,406
correlated,6.0,30,0.7,0.9,4,3000,66,0.13793103448275862,0.16584564860427098,7.416486057745175,8.578789177140937,6,406
correlated,6.0,30,0.7,0.9,4,3000,78,0.13628899835796388,0.15489874110563823,8.239949195672663,8.762499982022547,6,406
correlated,6.0,30,0.7,0.9,4,3000,92,0.13711001642036125,0.16639299397920176,9.260431069878939,11.102256765113388,6,406
correlated,6.0,30,0.7,0.9,4,3000,109,0.13669950738916256,0.17302955665024697,10.875768741684174,11.92514603765619,6,406
correlated,6.0,30,0.7,0.9,4,3000,129,0.13752052545155993,0.11774767378215523,10.046169144853545,12.587723702977303,6,406
correlated,6.0,30,0.7,0.9,4,3000,152,0.13177339901477833,0.1648193760262724,15.092977874306515,17.2574230653677,6,406
correlated,6.0,30,0.7,0.9,4,3000,180,0.13423645320197042,0.1475779967159306,15.63465015430358,18.411397552977746,6,406
correlated,6.0,30,0.7,0.9,4,3000,212,0.13218390804597702,0.20169677066228647,18.437190943703758,26.35104132926364,6,406
correlated,6.0,30,0.7,0.9,4,3000,251,0.1325944170771757,0.08162287903667222,23.26929375164927,29.580275211706624,6,406
correlated,6.0,30,0.7,0.9,4,3000,297,0.1325944170771757,0.12924192665572018,32.31427863200472,44.10916291008073,6,406
correlated,6.0,30,0.7,0.9,4,3000,351,0.12807881773399016,0.11986863711001539,40.53480718219598,57.90173991297163,6,406
correlated,6.0,30,0.7,0.9,4,3000,415,0.12520525451559933,0.1095374931581849,41.07897235371578,56.90183794871958,6,406
correlated,6.0,30,0.7,0.9,4,3000,491,0.1264367816091954,0.18856048166393197,48.13171421483378,71.25307204037107,6,406
correlated,6.0,30,0.7,0.9,4,3000,580,0.12479474548440067,0.15982484948001957,72.02118049562442,118.50399420942398,6,406
correlated,6.0,30,0.7,0.9,4,3000,686,0.11945812807881773,0.16399835796387552,78.998189167939,137.11664169591862,6,406
correlated,6.0,30,0.7,0.9,4,3000,811,0.11986863711001644,0.12534209085933035,84.00802794558702,144.4451495032913,6,406
correlated,6.0,30,0.7,0.9,4,3000,959,0.124384236453202,0.16646141215106547,90.0582062569353,150.38004820937113,6,406
correlated,6.0,30,0.7,0.9,4,3000,1134,0.11740558292282431,0.12616310892172866,87.99685027796932,152.64377019496806,6,406
correlated,6.0,30,0.7,0.9,4,3000,1341,0.11699507389162563,0.07614942528735444,91.45072688404088,149.17008711630658,6,406
correlated,6.0,30,0.7,0.9,4,3000,1585,0.11781609195402298,0.13088396278051537,89.06823271350079,146.95181660813282,6,406
correlated,6.0,30,0.7,0.9,4,3000,1874,0.11781609195402298,0.17029282977558877,88.4756486824878,145.17805490097297,6,406
correlated,6.0,30,0.7,0.9,4,3000,2215,0.11658456486042691,0.2222222222222236,90.64740220815158,149.05469592869852,6,406
correlated,6.0,30,0.7,0.9,4,3000,2619,0.11412151067323482,0.1401204159824836,95.30197529718335,144.09708434588504,6,406
correlated,6.0,30,0.7,0.9,4,3000,3097,0.10960591133004925,0.20094417077175822,93.73357417951354,143.7247091882977,6,406
correlated,6.0,30,0.7,0.9,4,3000,3661,0.10632183908045978,0.28523535851122,105.00701240348701,151.40934709357168,6,406
correlated,6.0,30,0.7,0.9,4,3000,4329,0.09688013136288999,0.15736179529282962,112.77464981473508,153.12386777477835,6,406
correlated,6.0,30,0.7,0.9,4,3000,5118,0.10057471264367816,0.2228379857690195,113.34301255364186,151.40654012979175,6,406
correlated,6.0,30,0.7,0.9,4,3000,6051,0.10016420361247948,0.1975916803503006,117.54384468577189,154.95518390910624,6,406
correlated,6.0,30,0.7,0.9,4,3000,7154,0.10139573070607553,0.21955391351943052,113.7964397355214,149.61831594515957,6,406
correlated,6.0,30,0.7,0.9,4,3000,8458,0.10098522167487685,0.17405582922824203,142.78089582258775,180.0748429030612,6,406
correlated,6.0,30,0.7,0.9,4,3000,10000,0.10057471264367816,0.25239463601532525,136.0262945870327,170.49995512970673,6,406
correlated,6.0,30,0.7,0.9,4,10000,1,0.1986863711001642,0.2214012041598246,0.09663019613630007,0.15147716488807317,6,406
correlated,6.0,30,0.7,0.9,4,10000,2,0.19704433497536944,0.24876847290640647,0.13445117958353892,0.18301339463364333,6,406
correlated,6.0,30,0.7,0.9,4,10000,3,0.1962233169129721,0.2591680350301014,0.210419205030957,0.3311227600128162,6,406
correlated,6.0,30,0.7,0.9,4,10000,4,0.19786535303776684,0.23207443897099123,0.29233855494639727,0.5040385104045563,6,406
correlated,6.0,30,0.7,0.9,4,10000,5,0.19786535303776684,0.2534209085933217,0.44656850345495247,0.7940150394678599,6,406
correlated,6.0,30,0.7,0.9,4,10000,6,0.19786535303776684,0.2567049808429121,0.5424213098278026,0.9506166406066553,6,406
correlated,6.0,30,0.7,0.9,4,10000,7,0.19745484400656813,0.23186918445539517,0.5273579051895849,0.8803741970649958,6,406
correlated,6.0,30,0.7,0.9,4,10000,9,0.19458128078817735,0.27422003284072,0.7414379019886179,1.3096769510704165,6,406
correlated,6.0,30,0.7,0.9,4,10000,10,0.19458128078817735,0.2528735632183895,0.5731706311002066,0.896417641478636,6,406
correlated,6.0,30,0.7,0.9,4,10000,12,0.1925287356321839,0.27292008757525954,0.5043659231307415,0.6584216426825807,6,406
correlated,6.0,30,0.7,0.9,4,10000,15,0.19088669950738915,0.20340722495895452,0.7961751413612338,1.2364052418377665,6,406
correlated,6.0,30,0.7,0.9,4,10000,17,0.19129720853858787,0.1770662287903642,0.7941885766005323,1.2897609388243252,6,406
correlated,6.0,30,0.7,0.9,4,10000,20,0.18965517241379307,0.21921182266010142,0.7710802182709032,1.115432239133927,6,406
correlated,6.0,30,0.7,0.9,4,10000,24,0.19047619047619047,0.19512862616310994,0.8171332161271202,1.1596867251029686,6,406
correlated,6.0,30,0.7,0.9,4,10000,28,0.18883415435139572,0.21237000547345453,1.5803795517755266,2.746085808020194,6,406
correlated,6.0,30,0.7,0.9,4,10000,34,0.18513957307060758,0.2154488232074404,1.2417497441305432,1.5205620144471124,6,406
correlated,6.0,30,0.7,0.9,4,10000,40,0.18842364532019704,0.22146962233169182,1.0959238791365058,1.4026947526265294,6,406
correlated,6.0,30,0.7,0.9,4,10000,47,0.18719211822660098,0.21428571428571724,1.237887198876252,1.4201524847138929,6,406
correlated,6.0,30,0.7,0.9,4,10000,56,0.18513957307060755,0.2523946360153302,1.414287887148337,1.3683341528181405,6,406
correlated,6.0,30,0.7,0.9,4,10000,66,0.18513957307060758,0.19656540777230203,1.3198972715727562,1.4470216666047413,6,406
correlated,6.0,30,0.7,0.9,4,10000,78,0.18719211822660098,0.22495894909688108,1.8781485089039762,3.085966229233906,6,406
correlated,6.0,30,0.7,0.9,4,10000,92,0.18513957307060755,0.23104816639299688,1.990001868931971,3.3105937448131955,6,406
correlated,6.0,30,0.7,0.9,4,10000,109,0.18555008210180624,0.2517788724685279,2.1141638306198662,3.2691253867583634,6,406
correlated,6.0,30,0.7,0.9,4,10000,129,0.18513957307060758,0.22448002189381047,2.478138590008426,4.236460387596412,6,406
correlated,6.0,30,0.7,0.9,4,10000,152,0.1818555008210181,0.33203338806786964,3.8047213054833784,7.536689733032723,6,406
correlated,6.0,30,0.7,0.9,4,10000,180,0.17939244663382595,0.3977148330596577,8.183173030257263,17.541838946097176,6,406
correlated,6.0,30,0.7,0.9,4,10000,212,0.17446633825944172,0.31643404488232024,9.327264174956115,19.952737002380367,6,406
correlated,6.0,30,0.7,0.9,4,10000,251,0.17610837438423646,0.34708538587848686,9.213421767228327,19.785372366670423,6,406
correlated,6.0,30,0.7,0.9,4,10000,297,0.17692939244663383,0.38868363437329045,8.83659305983123,18.60333263619864,6,406
correlated,6.0,30,0.7,0.9,4,10000,351,0.1752873563218391,0.31807608100711543,8.824354779958943,18.378958911869603,6,406
correlated,6.0,30,0.7,0.9,4,10000,415,0.1724137931034483,0.29392446633825814,6.957667084848779,14.338727591515356,6,406
correlated,6.0,30,0.7,0.9,4,10000,491,0.17323481116584563,0.27066228790366914,8.009965676521814,15.810707140220828,6,406
correlated,6.0,30,0.7,0.9,4,10000,580,0.1720032840722496,0.2753831417624502,8.774166801904368,17.63662431548702,6,406
correlated,6.0,30,0.7,0.9,4,10000,686,0.16707717569786537,0.3180760810071126,10.263861101447889,20.75074097551041,6,406
correlated,6.0,30,0.7,0.9,4,10000,811,0.16338259441707717,0.2821565407772313,9.169855118621454,17.668479952061656,6,406
correlated,6.0,30,0.7,0.9,4,10000,959,0.16379310344827586,0.28140394088670306,8.43905535798936,16.588366251324786,6,406
correlated,6.0,30,0.7,0.9,4,10000,1134,0.16009852216748766,0.3021346469622355,11.154770544299005,23.218829628210496,6,406
correlated,6.0,30,0.7,0.9,4,10000,1341,0.16297208538587848,0.27702517788724684,12.474982630614713,25.951466103284233,6,406
correlated,6.0,30,0.7,0.9,4,10000,1585,0.159688013136289,0.345169677066227,15.167154385239668,31.78356907312939,6,406
correlated,6.0,30,0.7,0.9,4,10000,1874,0.1568144499178982,0.3716475095785433,19.67509154864053,41.38989962838442,6,406
correlated,6.0,30,0.7,0.9,4,10000,2215,0.15229885057471262,0.30493979200875954,16.59595191755241,34.32078162748145,6,406
correlated,6.0,30,0.7,0.9,4,10000,2619,0.1600985221674877,0.34729064039408575,19.774347253280578,41.4266917247091,6,406
correlated,6.0,30,0.7,0.9,4,10000,3097,0.1592775041050903,0.3067870826491508,17.173784130230636,35.04197894047621,6,406
correlated,6.0,30,0.7,0.9,4,10000,3661,0.15517241379310345,0.4006568144499176,16.989696452746692,34.309620556852835,6,406
correlated,6.0,30,0.7,0.9,4,10000,4329,0.14901477832512314,0.3249178981937623,19.80503059631069,39.36477879032912,6,406
correlated,6.0,30,0.7,0.9,4,10000,5118,0.14614121510673236,0.2788724685276409,26.256248312708397,55.02719790638087,6,406
correlated,6.0,30,0.7,0.9,4,10000,6051,0.1449096880131363,0.2647099069512836,20.600439761527493,41.199042689664175,6,406
correlated,6.0,30,0.7,0.9,4,10000,7154,0.13669950738916256,0.2042282430213472,16.41102454253368,30.337059189675035,6,406
correlated,6.0,30,0.7,0.9,4,10000,8458,0.13711001642036127,0.2140120415982455,24.739793674876342,48.6739408201679,6,406
correlated,6.0,30,0.7,0.9,4,10000,10000,0.13423645320197045,0.2863300492610858,22.052605923865315,42.176944107209614,6,406
correlated,6.0,30,0.7,0.9,5,0,1,0.0049261083743842365,0.005747126436781607,5.17406206662345,3.023429534840759,6,406
correlated,6.0,30,0.7,0.9,5,0,2,0.004515599343185551,0.006089217296113846,10.97180850199616,2.646090981403658,6,406
correlated,6.0,30,0.7,0.9,5,0,3,0.004515599343185551,0.0028051450465243553,19.235342369087665,4.411719791219808,6,406
correlated,6.0,30,0.7,0.9,5,0,4,0.0036945812807881776,0.0022577996715927736,24.174893397821517,4.5927994403543435,6,406
correlated,6.0,30,0.7,0.9,5,0,5,0.0028735632183908046,0.0019841269841269845,34.79133032500321,8.969008201417568,6,406
correlated,6.0,30,0.7,0.9,5,0,6,0.003284072249589491,0.0030103995621237004,41.984671065160136,11.372112939757091,6,406
correlated,6.0,30,0.7,0.9,5,0,7,0.003284072249589491,0.001368363437328955,53.19614531673539,13.870700791103271,6,406
correlated,6.0,30,0.7,0.9,5,0,9,0.0028735632183908046,0.0011631089217296114,83.53479302659488,27.24412457259964,6,406
correlated,6.0,30,0.7,0.9,5,0,10,0.0036945812807881776,0.003899835796387521,96.1551442927725,27.516217533143536,6,406
correlated,6.0,30,0.7,0.9,5,0,12,0.0028735632183908046,0.0011631089217296114,136.78751677054558,45.78052383824473,6,406
correlated,6.0,30,0.7,0.9,5,0,15,0.003284072249589491,0.0021893814997263287,184.9507406217225,51.94890396522596,6,406
correlated,6.0,30,0.7,0.9,5,0,17,0.0028735632183908046,0.0028051450465243566,211.26262080854426,58.61152480364755,6,406
correlated,6.0,30,0.7,0.9,5,0,20,0.0028735632183908046,0.0028051450465243566,282.5908466499173,77.99054413091582,6,406
correlated,6.0,30,0.7,0.9,5,0,24,0.002052545155993432,0.0003420908593322384,347.5865197684495,102.80659703100767,6,406
correlated,6.0,30,0.7,0.9,5,0,28,0.0012315270935960591,0.0006157635467980298,446.12435096709504,130.49018889372047,6,406
correlated,6.0,30,0.7,0.9,5,0,34,0.0012315270935960591,0.0006157635467980298,574.6362398196527,173.88116725995476,6,406
correlated,6.0,30,0.7,0.9,5,0,40,0.0008210180623973727,0.0005473453749315821,684.9284254684167,232.2785924292535,6,406
correlated,6.0,30,0.7,0.9,5,0,47,0.0012315270935960591,0.0006157635467980298,832.3908749991675,232.42000498005675,6,406
correlated,6.0,30,0.7,0.9,5,0,56,0.0008210180623973727,0.0005473453749315821,997.1027258871449,296.2793631864099,6,406
correlated,6.0,30,0.7,0.9,5,0,66,0.0008210180623973727,0.0005473453749315821,1126.3094163263731,323.4851197717245,6,406
correlated,6.0,30,0.7,0.9,5,0,78,0.00041050903119868636,0.0003420908593322387,1247.306914458951,375.90752597935204,6,406
correlated,6.0,30,0.7,0.9,5,0,92,0.00041050903119868636,0.0003420908593322387,1424.4207936794792,413.67104605432695,6,406
correlated,6.0,30,0.7,0.9,5,0,109,0.0,0.0,1582.7780601780803,441.5896289517408,6,406
correlated,6.0,30,0.7,0.9,5,0,129,0.0008210180623973727,0.0005473453749315821,1691.253268553047,475.23527762589976,6,406
correlated,6.0,30,0.7,0.9,5,0,152,0.0008210180623973727,0.0005473453749315821,1844.4536960320413,556.5889047172033,6,406
correlated,6.0,30,0.7,0.9,5,0,180,0.0012315270935960591,0.0006157635467980298,2026.6246810156824,709.8211134920641,6,406
correlated,6.0,30,0.7,0.9,5,0,212,0.0012315270935960591,0.0006157635467980298,2148.165952765595,779.7486917811025,6,406
correlated,6.0,30,0.7,0.9,5,0,251,0.0012315270935960591,0.0006157635467980298,2196.749271400188,771.3099668890724,6,406
correlated,6.0,30,0.7,0.9,5,0,297,0.0012315270935960591,0.0006157635467980298,2228.146301996394,777.0679952978101,6,406
correlated,6.0,30,0.7,0.9,5,0,351,0.0008210180623973727,0.0005473453749315821,2355.2590326861014,867.8063978389968,6,406
correlated,6.0,30,0.7,0.9,5,0,415,0.0008210180623973727,0.0005473453749315821,2488.830281850564,925.6670559710941,6,406
correlated,6.0,30,0.7,0.9,5,0,491,0.0016420361247947454,0.0005473453749315822,2486.604505887734,843.6224977006596,6,406
correlated,6.0,30,0.7,0.9,5,0,580,0.0008210180623973727,0.0005473453749315821,2563.899184960158,926.0392527406364,6,406
correlated,6.0,30,0.7,0.9,5,0,686,0.0024630541871921183,0.002463054187192118,2768.0918302730047,1006.8566149664315,6,406
correlated,6.0,30,0.7,0.9,5,0,811,0.0008210180623973727,0.0005473453749315821,2920.6094278899145,1188.4937501267568,6,406
correlated,6.0,30,0.7,0.9,5,0,959,0.0008210180623973727,0.0005473453749315821,2971.9365565138364,1310.7915775573986,6,406
correlated,6.0,30,0.7,0.9,5,0,1134,0.0012315270935960591,0.0014367816091954023,3052.3194805808585,1375.7407719907806,6,406
correlated,6.0,30,0.7,0.9,5,0,1341,0.0012315270935960591,0.0014367816091954023,3203.2226450764956,1470.4786123403833,6,406
correlated,6.0,30,0.7,0.9,5,0,1585,0.00041050903119868636,0.0003420908593322387,3363.2822848746205,1411.3336704830188,6,406
correlated,6.0,30,0.7,0.9,5,0,1874,0.0008210180623973727,0.0005473453749315821,3455.264485979497,1429.1287489863162,6,406
correlated,6.0,30,0.7,0.9,5,0,2215,0.0008210180623973727,0.0005473453749315821,3472.3545574706077,1419.0910181320733,6,406
correlated,6.0,30,0.7,0.9,5,0,2619,0.00041050903119868636,0.0003420908593322387,3514.304690934008,1454.7772804279703,6,406
correlated,6.0,30,0.7,0.9,5,0,3097,0.0008210180623973727,0.0005473453749315821,3533.0482489295264,1477.3317720233217,6,406
correlated,6.0,30,0.7,0.9,5,0,3661,0.0008210180623973727,0.0005473453749315821,3547.4504036602934,1500.3742724523602,6,406
correlated,6.0,30,0.7,0.9,5,0,4329,0.0012315270935960591,0.0006157635467980298,3580.355020312018,1521.4517672733577,6,406
correlated,6.0,30,0.7,0.9,5,0,5118,0.0012315270935960591,0.0006157635467980298,3623.1262347499505,1509.081797884596,6,406
correlated,6.0,30,0.7,0.9,5,0,6051,0.0008210180623973727,0.0005473453749315821,3678.784383235814,1521.0180983293342,6,406
correlated,6.0,30,0.7,0.9,5,0,7154,0.0012315270935960591,0.0006157635467980298,3689.6426582542767,1513.7048863637613,6,406
correlated,6.0,30,0.7,0.9,5,0,8458,0.0016420361247947454,0.0013683634373289546,3700.6769322770815,1511.2374872885823,6,406
correlated,6.0,30,0.7,0.9,5,0,10000,0.0012315270935960591,0.0006157635467980298,3691.9546401461685,1505.2274759576678,6,406
correlated,6.0,30,0.7,0.9,5,1000,1,0.14901477832512314,0.5638341543513962,0.24490612907527565,0.33866657173487147,6,406
correlated,6.0,30,0.7,0.9,5,1000,2,0.14819376026272577,0.5175834701696788,0.3717463725515396,0.4119768471884143,6,406
correlated,6.0,30,0.7,0.9,5,1000,3,0.14614121510673236,0.5186097427476717,0.6994881670106211,0.6256963028926916,6,406
correlated,6.0,30,0.7,0.9,5,1000,4,0.1444991789819376,0.4816639299397932,0.8627527036556241,0.6986430714436964,6,406
correlated,6.0,30,0.7,0.9,5,1000,5,0.14326765188834154,0.4855637657361802,0.9349182164173322,0.8536408065391919,6,406
correlated,6.0,30,0.7,0.9,5,1000,6,0.14285714285714288,0.46880131362889915,0.9594751161165043,0.7521560705009944,6,406
correlated,6.0,30,0.7,0.9,5,1000,7,0.14285714285714288,0.48522167487684403,1.2867478013352187,1.0366339656363388,6,406
correlated,6.0,30,0.7,0.9,5,1000,9,0.14367816091954025,0.46195949644225365,2.5100112971737008,3.580868090024776,6,406
correlated,6.0,30,0.7,0.9,5,1000,10,0.14367816091954022,0.4759168035030093,2.659556537807759,3.601175576506347,6,406
correlated,6.0,30,0.7,0.9,5,1000,12,0.1416256157635468,0.481732348111659,3.34336157712456,4.603380554103827,6,406
correlated,6.0,30,0.7,0.9,5,1000,15,0.14039408866995073,0.44909688013136384,3.9513852871239386,5.14581885617246,6,406
correlated,6.0,30,0.7,0.9,5,1000,17,0.138752052545156,0.4438970990695136,4.166748581698774,4.825676675914218,6,406
correlated,6.0,30,0.7,0.9,5,1000,20,0.13793103448275862,0.43513957307060824,9.13238615164185,13.535378874930837,6,406
correlated,6.0,30,0.7,0.9,5,1000,24,0.13752052545155993,0.4461548987411068,6.762132815236343,8.82656710792324,6,406
correlated,6.0,30,0.7,0.9,5,1000,28,0.13793103448275865,0.4589490968801294,8.656837979455267,10.655024831375597,6,406
correlated,6.0,30,0.7,0.9,5,1000,34,0.1358784893267652,0.43466064586754183,8.42138277600611,10.725630781951695,6,406
correlated,6.0,30,0.7,0.9,5,1000,40,0.13423645320197045,0.43000821018062374,9.503590622300056,12.142874869546338,6,406
correlated,6.0,30,0.7,0.9,5,1000,47,0.13095238095238096,0.4978790366721406,10.57678479872562,13.027060550643471,6,406
correlated,6.0,30,0.7,0.9,5,1000,56,0.13218390804597702,0.4833059660645856,11.587652427717154,14.524721333442638,6,406
correlated,6.0,30,0.7,0.9,5,1000,66,0.1297208538587849,0.438970990695128,13.077727476191432,15.829216595465095,6,406
correlated,6.0,30,0.7,0.9,5,1000,78,0.1264367816091954,0.43240284619595143,18.737225815819404,21.262846906274557,6,406
correlated,6.0,30,0.7,0.9,5,1000,92,0.12561576354679804,0.4392446633825927,18.720499994218002,21.549654943484345,6,406
correlated,6.0,30,0.7,0.9,5,1000,109,0.12479474548440066,0.4545703338806788,19.317555194939715,22.785768267909347,6,406
correlated,6.0,30,0.7,0.9,5,1000,129,0.12479474548440066,0.3576902025177891,16.953666098986886,19.04135750896219,6,406
correlated,6.0,30,0.7,0.9,5,1000,152,0.12561576354679801,0.39983579638752353,21.904327573497223,22.901616610460287,6,406
correlated,6.0,30,0.7,0.9,5,1000,180,0.12479474548440066,0.3314176245210744,19.252994340937473,20.201875556963643,6,406
correlated,6.0,30,0.7,0.9,5,1000,212,0.12602627257799673,0.41495621237000374,22.691431417743342,23.43363494904287,6,406
correlated,6.0,30,0.7,0.9,5,1000,251,0.12274220032840723,0.4009989053092509,30.767834006986273,29.248055813780937,6,406
correlated,6.0,30,0.7,0.9,5,1000,297,0.11904761904761905,0.32731253420908507,36.65335072861905,39.26822068594383,6,406
correlated,6.0,30,0.7,0.9,5,1000,351,0.11822660098522168,0.3382594417077164,33.54611701760221,31.622623445463216,6,406
correlated,6.0,30,0.7,0.9,5,1000,415,0.11822660098522168,0.32676518883415356,53.25249194001281,68.71877904214716,6,406
correlated,6.0,30,0.7,0.9,5,1000,491,0.11740558292282431,0.3929939792008752,71.88261449765612,86.29504146239711,6,406
correlated,6.0,30,0.7,0.9,5,1000,580,0.11617405582922824,0.35173782156540845,90.85860511519446,137.20810251659677,6,406
correlated,6.0,30,0.7,0.9,5,1000,686,0.1149425287356322,0.34619594964422484,111.12371620423637,164.4829224826766,6,406
correlated,6.0,30,0.7,0.9,5,1000,811,0.11083743842364534,0.32183908045976867,116.72155468899437,177.8810447946747,6,406
correlated,6.0,30,0.7,0.9,5,1000,959,0.1083743842364532,0.360426929392448,140.61254729112076,191.35791911660155,6,406
correlated,6.0,30,0.7,0.9,5,1000,1134,0.10796387520525452,0.3205391351943082,135.16686622574426,186.4284508654325,6,406
correlated,6.0,30,0.7,0.9,5,1000,1341,0.0993431855500821,0.18773946360153296,144.07736508076258,194.06769216682767,6,406
correlated,6.0,30,0.7,0.9,5,1000,1585,0.10139573070607555,0.16700875752599767,158.7716597998473,204.29395094437592,6,406
correlated,6.0,30,0.7,0.9,5,1000,1874,0.10098522167487685,0.18883415435139594,159.94048232166833,204.24671195558582,6,406
correlated,6.0,30,0.7,0.9,5,1000,2215,0.09277504105090312,0.19020251778872435,168.59366953949538,208.39229402178282,6,406
correlated,6.0,30,0.7,0.9,5,1000,2619,0.09400656814449916,0.2679939792008768,156.5136762254383,193.9465565964766,6,406
correlated,6.0,30,0.7,0.9,5,1000,3097,0.09277504105090312,0.28461959496442335,153.21079029859328,190.29696422198484,6,406
correlated,6.0,30,0.7,0.9,5,1000,3661,0.09277504105090312,0.1795292829775591,148.69738252867782,185.04027717366395,6,406
correlated,6.0,30,0.7,0.9,5,1000,4329,0.0899014778325123,0.24938423645320237,168.05728146762775,200.73452709815845,6,406
correlated,6.0,30,0.7,0.9,5,1000,5118,0.09195402298850575,0.33388067870826443,198.94018262581685,240.63842209025094,6,406
correlated,6.0,30,0.7,0.9,5,1000,6051,0.09072249589490967,0.2720990695128634,203.37759499055673,247.7065850672528,6,406
correlated,6.0,30,0.7,0.9,5,1000,7154,0.08949096880131363,0.23453749315818334,207.07163285449167,253.67641600207057,6,406
correlated,6.0,30,0.7,0.9,5,1000,8458,0.090311986863711,0.23453749315818262,205.1600060930241,249.65474024728522,6,406
correlated,6.0,30,0.7,0.9,5,1000,10000,0.08743842364532022,0.24610016420361128,210.43918884742695,258.6793557369001,6,406
correlated,6.0,30,0.7,0.9,5,3000,1,0.1892446633825944,0.13745210727969476,0.3731079208177362,0.8117564890654762,6,406
correlated,6.0,30,0.7,0.9,5,3000,2,0.18760262725779966,0.1259578544061326,0.36769448238143876,0.7105623522835667,6,406
correlated,6.0,30,0.7,0.9,5,3000,3,0.18472906403940884,0.1256157635468021,0.4795251966349556,0.8768005991301644,6,406
correlated,6.0,30,0.7,0.9,5,3000,4,0.18472906403940884,0.1256157635468021,0.49272173099024935,0.8094691582291578,6,406
correlated,6.0,30,0.7,0.9,5,3000,5,0.1847290640394089,0.12233169129720325,0.5480179053378614,0.9650915544499881,6,406
correlated,6.0,30,0.7,0.9,5,3000,6,0.1847290640394089,0.12151067323480777,0.6955799977930736,1.286154750397094,6,406
correlated,6.0,30,0.7,0.9,5,3000,7,0.1839080459770115,0.13191023535851115,0.5918641182607255,0.9567203442360551,6,406
correlated,6.0,30,0.7,0.9,5,3000,9,0.1826765188834154,0.15551450465243766,0.8662389867470827,1.5396803139830122,6,406
correlated,6.0,30,0.7,0.9,5,3000,10,0.1839080459770115,0.14422550629447156,0.6925187918233545,1.1546333568500748,6,406
correlated,6.0,30,0.7,0.9,5,3000,12,0.1830870279146141,0.13847837985769756,0.8806764480650212,1.5757598853727588,6,406
correlated,6.0,30,0.7,0.9,5,3000,15,0.18267651888341543,0.12431581828133319,0.7478855152513324,1.1967161721105246,6,406
correlated,6.0,30,0.7,0.9,5,3000,17,0.1834975369458128,0.13690476190476253,1.166025740752768,2.173916673981071,6,406
correlated,6.0,30,0.7,0.9,5,3000,20,0.18431855500821018,0.14073617952928513,1.442752935729225,2.701625905397935,6,406
correlated,6.0,30,0.7,0.9,5,3000,24,0.1810344827586207,0.15660919540229642,1.161596375152853,1.641054814384783,6,406
correlated,6.0,30,0.7,0.9,5,3000,28,0.17939244663382595,0.12924192665572018,1.3308026088478053,2.0058087145386767,6,406
correlated,6.0,30,0.7,0.9,5,3000,34,0.1777504105090312,0.15551450465243202,1.148567581407245,1.7386478186611292,6,406
correlated,6.0,30,0.7,0.9,5,3000,40,0.17692939244663383,0.17603995621237267,1.6084130356576958,2.744769119316137,6,406
correlated,6.0,30,0.7,0.9,5,3000,47,0.17651888341543512,0.19512862616311274,1.755408167220631,2.7215431097272984,6,406
correlated,6.0,30,0.7,0.9,5,3000,56,0.17487684729064043,0.1469622331691227,1.88512030180595,2.57215521038291,6,406
correlated,6.0,30,0.7,0.9,5,3000,66,0.17487684729064043,0.13218390804597302,3.6638813773152985,6.592775867860894,6,406
correlated,6.0,30,0.7,0.9,5,3000,78,0.17364532019704434,0.13444170771756764,8.0550406233236,17.634752659826272,6,406
correlated,6.0,30,0.7,0.9,5,3000,92,0.1720032840722496,0.10132731253420892,6.5540612919875345,13.72670584969062,6,406
correlated,6.0,30,0.7,0.9,5,3000,109,0.1720032840722496,0.11282156540776964,5.4898038262337,11.146725815819405,6,406
correlated,6.0,30,0.7,0.9,5,3000,129,0.1724137931034483,0.11165845648603942,10.693354267922098,22.51846096247915,6,406
correlated,6.0,30,0.7,0.9,5,3000,152,0.17282430213464695,0.1456622879036693,6.496361198169911,12.875826011005325,6,406
correlated,6.0,30,0.7,0.9,5,3000,180,0.166256157635468,0.10816912972085158,9.866370302045555,19.665592326805328,6,406
correlated,6.0,30,0.7,0.9,5,3000,212,0.16584564860426929,0.14668856048166368,8.337508788459855,15.880013486984804,6,406
correlated,6.0,30,0.7,0.9,5,3000,251,0.1621510673234811,0.07177066228790527,9.345979467329213,17.576668904666544,6,406
correlated,6.0,30,0.7,0.9,5,3000,297,0.16009852216748768,0.1773399014778317,9.46841673867914,16.65598660255712,6,406
correlated,6.0,30,0.7,0.9,5,3000,351,0.16174055829228243,0.10235358511220327,14.289620158320934,25.935918225460746,6,406
correlated,6.0,30,0.7,0.9,5,3000,415,0.15394088669950737,0.12048440065681765,15.855725440569458,29.793407636776486,6,406
correlated,6.0,30,0.7,0.9,5,3000,491,0.15229885057471268,0.10871647509578236,14.67553761973877,26.395852239455664,6,406
correlated,6.0,30,0.7,0.9,5,3000,580,0.15229885057471268,0.11364258347016795,21.199247928110818,41.58878550329409,6,406
correlated,6.0,30,0.7,0.9,5,3000,686,0.15270935960591134,0.15435139573070603,19.75251381944322,37.0096330814694,6,406
correlated,6.0,30,0.7,0.9,5,3000,811,0.14285714285714288,0.16091954022988258,17.962277322887296,30.035474660218956,6,406
correlated,6.0,30,0.7,0.9,5,3000,959,0.13916256157635468,0.19437602627257886,20.138172444779574,34.873014302467126,6,406
correlated,6.0,30,0.7,0.9,5,3000,1134,0.1383415435139573,0.13991516146688543,16.365744823703007,25.356733311444803,6,406
correlated,6.0,30,0.7,0.9,5,3000,1341,0.14367816091954022,0.10727969348659026,32.803882201341686,65.3594118704689,6,406
correlated,6.0,30,0.7,0.9,5,3000,1585,0.14285714285714288,0.10016420361247728,61.84164727323332,138.69711160717046,6,406
correlated,6.0,30,0.7,0.9,5,3000,1874,0.13998357963875208,0.16618773946359866,60.99857958284941,135.6257772648253,6,406
correlated,6.0,30,0.7,0.9,5,3000,2215,0.13998357963875208,0.13416803503010155,57.69608438148288,126.65527737000096,6,406
correlated,6.0,30,0.7,0.9,5,3000,2619,0.13341543513957307,0.11610563765736004,66.63876250415488,146.04108553235724,6,406
correlated,6.0,30,0.7,0.9,5,3000,3097,0.13218390804597702,0.13355227148330634,132.15734390909358,307.3306740051786,6,406
correlated,6.0,30,0.7,0.9,5,3000,3661,0.1317733990147783,0.11884236453202245,138.3961913965796,322.3182817557974,6,406
correlated,6.0,30,0.7,0.9,5,3000,4329,0.12520525451559936,0.1005062944718092,139.45747454827966,323.2481776264655,6,406
correlated,6.0,30,0.7,0.9,5,3000,5118,0.12889983579638753,0.11384783798576822,147.52648261724622,343.1280160821357,6,406
correlated,6.0,30,0.7,0.9,5,3000,6051,0.12561576354679801,0.0796387520525465,149.27116176557467,345.2426773302508,6,406
correlated,6.0,30,0.7,0.9,5,3000,7154,0.12315270935960591,0.10426929392446668,150.52576588277228,346.1078378497424,6,406
correlated,6.0,30,0.7,0.9,5,3000,8458,0.11535303776683088,0.10625342090859309,151.31761797729993,348.08505157514526,6,406
correlated,6.0,30,0.7,0.9,5,3000,10000,0.11165845648604271,0.0810071154898735,152.1639033035695,349.58833766485367,6,406
correlated,6.0,30,0.7,0.9,5,10000,1,0.21059113300492613,0.07368637110016094,0.041719276471001064,0.03700609117589946,6,406
correlated,6.0,30,0.7,0.9,5,10000,2,0.21018062397372742,0.06951286261631347,0.08269750808179122,0.06871414220179863,6,406
correlated,6.0,30,0.7,0.9,5,10000,3,0.20894909688013139,0.07177066228789823,0.10113857118238549,0.08578020750432379,6,406
correlated,6.0,30,0.7,0.9,5,10000,4,0.2077175697865353,0.0810071154898756,0.13288234249522943,0.09257929787794161,6,406
correlated,6.0,30,0.7,0.9,5,10000,5,0.2073070607553366,0.08408593322386994,0.13909444510161464,0.0938385437600268,6,406
correlated,6.0,30,0.7,0.9,5,10000,6,0.2073070607553366,0.08490695128626542,0.16818879595501,0.0815934621196939,6,406
correlated,6.0,30,0.7,0.9,5,10000,7,0.20648604269293924,0.07505473453749426,0.175993701901584,0.08435572015636345,6,406
correlated,6.0,30,0.7,0.9,5,10000,9,0.20648604269293924,0.07669677066228804,0.19841432535242506,0.06654795393455248,6,406
correlated,6.0,30,0.7,0.9,5,10000,10,0.20607553366174056,0.08182813355227109,0.20406113582390548,0.08170108763222847,6,406
correlated,6.0,30,0.7,0.9,5,10000,12,0.20361247947454844,0.0990695128626157,0.2792289458927509,0.12326815511847006,6,406
correlated,6.0,30,0.7,0.9,5,10000,15,0.20032840722495893,0.11466885604816934,0.321301047779264,0.1359567033255252,6,406
correlated,6.0,30,0.7,0.9,5,10000,17,0.2007389162561576,0.11720032840722866,0.419205534802266,0.20460547709809254,6,406
correlated,6.0,30,0.7,0.9,5,10000,20,0.20032840722495895,0.11795292829775691,0.4962831839172908,0.2300135322598722,6,406
correlated,6.0,30,0.7,0.9,5,10000,24,0.2040229885057471,0.10789545703339251,0.5433790043458308,0.30930015621750495,6,406
correlated,6.0,30,0.7,0.9,5,10000,28,0.201559934318555,0.09311713191023717,0.5121043366456984,0.3026255944441782,6,406
correlated,6.0,30,0.7,0.9,5,10000,34,0.19991789819376024,0.08901204159825411,0.5429586354444577,0.3252755496687023,6,406
correlated,6.0,30,0.7,0.9,5,10000,40,0.19827586206896552,0.11720032840722303,0.6554173027608804,0.46678351709955185,6,406
correlated,6.0,30,0.7,0.9,5,10000,47,0.19909688013136287,0.09640120415982756,0.6945177268567266,0.6304302268817383,6,406
correlated,6.0,30,0.7,0.9,5,10000,56,0.19950738916256158,0.04105090311987,0.7742837226659994,0.6933252764395738,6,406
correlated,6.0,30,0.7,0.9,5,10000,66,0.20238095238095236,0.06273946360153382,0.7639667520276979,0.517953365180635,6,406
correlated,6.0,30,0.7,0.9,5,10000,78,0.19827586206896552,0.07040229885057336,0.7221665534265767,0.5832686287561164,6,406
correlated,6.0,30,0.7,0.9,5,10000,92,0.19499178981937604,0.06027640941434173,1.0389641199712527,0.7811081382892318,6,406
correlated,6.0,30,0.7,0.9,5,10000,109,0.194991789819376,0.03646688560481916,1.1426577682595371,0.6128434809689294,6,406
correlated,6.0,30,0.7,0.9,5,10000,129,0.19417077175697864,0.05699233716475134,1.1206661218424647,0.8607006576979181,6,406
correlated,6.0,30,0.7,0.9,5,10000,152,0.19334975369458127,0.065476190476192,1.1506855197279215,0.8203523199917396,6,406
correlated,6.0,30,0.7,0.9,5,10000,180,0.1929392446633826,0.050629447181169435,1.170121693802674,0.7314743840872076,6,406
correlated,6.0,30,0.7,0.9,5,10000,212,0.19458128078817735,0.0771756978653502,1.3758550836323622,0.9990504670211505,6,406
correlated,6.0,30,0.7,0.9,5,10000,251,0.18883415435139572,0.07115489874110725,1.4391878076206712,1.045814977671764,6,406
correlated,6.0,30,0.7,0.9,5,10000,297,0.19170771756978655,0.05124521072796323,1.4593385919818307,0.8078036350669674,6,406
correlated,6.0,30,0.7,0.9,5,10000,351,0.19088669950738915,0.07943349753694905,1.3700453237570107,0.7560277902998012,6,406
correlated,6.0,30,0.7,0.9,5,10000,415,0.18965517241379312,0.09523809523809311,1.3860932344744803,0.9928497612949937,6,406
correlated,6.0,30,0.7,0.9,5,10000,491,0.18596059113300492,0.15660919540230206,1.6596913850865118,1.2189598544454137,6,406
correlated,6.0,30,0.7,0.9,5,10000,580,0.18267651888341543,0.08326491516146882,1.75035310585196,0.8931344588090191,6,406
correlated,6.0,30,0.7,0.9,5,10000,686,0.18472906403940884,0.0656814449917937,1.6711514016667681,0.753672997806093,6,406
correlated,6.0,30,0.7,0.9,5,10000,811,0.17939244663382595,0.08654898741105921,2.125506477350405,1.108858572697932,6,406
correlated,6.0,30,0.7,0.9,5,10000,959,0.1810344827586207,0.11720032840722303,2.0214897283207782,0.8317544227143174,6,406
correlated,6.0,30,0.7,0.9,5,10000,1134,0.17816091954022986,0.07115489874110725,2.1258825972325543,0.7550398770434816,6,406
correlated,6.0,30,0.7,0.9,5,10000,1341,0.17036124794745486,0.07505473453749144,2.8047578380139644,1.1908704904052472,6,406
correlated,6.0,30,0.7,0.9,5,10000,1585,0.1711822660098522,0.16974548440065798,2.4400487273536062,1.038785676196365,6,406
correlated,6.0,30,0.7,0.9,5,10000,1874,0.16954022988505746,0.16372468527641082,2.5370899950660433,1.0528368427401753,6,406
correlated,6.0,30,0.7,0.9,5,10000,2215,0.16707717569786537,0.036466885604812115,2.8569977212940163,0.6955801420993722,6,406
correlated,6.0,30,0.7,0.9,5,10000,2619,0.16707717569786537,0.024151614668853086,2.9825341491853545,0.5614919379039817,6,406
correlated,6.0,30,0.7,0.9,5,10000,3097,0.16461412151067323,0.06027640941433891,3.2479464078850317,0.9210927772564766,6,406
correlated,6.0,30,0.7,0.9,5,10000,3661,0.16009852216748768,0.06321839080459879,3.9229398778806277,1.4397112063970432,6,406
correlated,6.0,30,0.7,0.9,5,10000,4329,0.15886699507389165,0.05562397372741943,3.900522668782624,1.4373503770513767,6,406
correlated,6.0,30,0.7,0.9,5,10000,5118,0.16133004926108374,0.06301313628899852,4.0491924064221525,1.48413780665885,6,406
correlated,6.0,30,0.7,0.9,5,10000,6051,0.1539408866995074,0.05644499178981914,4.036842226021894,1.1550711333404076,6,406
correlated,6.0,30,0.7,0.9,5,10000,7154,0.14285714285714285,0.11658456486042781,5.047791461883455,1.3802511570591771,6,406
correlated,6.0,30,0.7,0.9,5,10000,8458,0.13998357963875205,0.09640120415982614,5.504628254097838,1.4268950415190502,6,406
correlated,6.0,30,0.7,0.9,5,10000,10000,0.13218390804597704,0.0760810071154858,5.765483329272157,0.8795895912217652,6,406
correlated,6.0,30,0.7,0.9,6,0,1,0.003284072249589491,0.0013683634373289556,7.081404814828365,3.4996467972829897,6,406
correlated,6.0,30,0.7,0.9,6,0,2,0.003284072249589491,0.0005473453749315834,14.346548770646109,4.392975898950972,6,406
correlated,6.0,30,0.7,0.9,6,0,3,0.0028735632183908046,0.0011631089217296114,22.757971140425294,10.504421848775255,6,406
correlated,6.0,30,0.7,0.9,6,0,4,0.0028735632183908046,0.0011631089217296114,31.653915228770085,15.724818624631906,6,406
correlated,6.0,30,0.7,0.9,6,0,5,0.002052545155993432,0.0011631089217296114,42.09468337781061,21.461100688709,6,406
correlated,6.0,30,0.7,0.9,6,0,6,0.002052545155993432,0.0011631089217296114,53.30212371160183,25.8574742397487,6,406
correlated,6.0,30,0.7,0.9,6,0,7,0.0016420361247947454,0.0013683634373289546,67.443086414369,39.54903902052307,6,406
correlated,6.0,30,0.7,0.9,6,0,9,0.0016420361247947454,0.0013683634373289546,95.0230771116354,42.488894559254135,6,406
correlated,6.0,30,0.7,0.9,6,0,10,0.0012315270935960591,0.0006157635467980298,115.68751228452373,57.864189955969614,6,406
correlated,6.0,30,0.7,0.9,6,0,12,0.0008210180623973727,0.0005473453749315821,141.30357707248515,64.98232247343064,6,406
correlated,6.0,30,0.7,0.9,6,0,15,0.0008210180623973727,0.0005473453749315821,205.20585485481058,84.670148212501,6,406
correlated,6.0,30,0.7,0.9,6,0,17,0.0012315270935960591,0.0014367816091954023,233.94687113774395,61.68071838253866,6,406
correlated,6.0,30,0.7,0.9,6,0,20,0.0012315270935960591,0.0006157635467980298,291.1867771052651,92.45151901966966,6,406
correlated,6.0,30,0.7,0.9,6,0,24,0.0016420361247947454,0.0005473453749315822,357.41088098120434,110.95272266870725,6,406
correlated,6.0,30,0.7,0.9,6,0,28,0.002052545155993432,0.0011631089217296112,437.56766660703124,155.63072170407912,6,406
correlated,6.0,30,0.7,0.9,6,0,34,0.002052545155993432,0.0011631089217296112,581.1959193522862,204.4050257484855,6,406
correlated,6.0,30,0.7,0.9,6,0,40,0.0012315270935960591,0.0014367816091954023,728.9620425114471,279.6740055598358,6,406
correlated,6.0,30,0.7,0.9,6,0,47,0.0012315270935960591,0.0014367816091954023,868.2692818420918,335.1965364217979,6,406
correlated,6.0,30,0.7,0.9,6,0,56,0.0008210180623973727,0.0005473453749315821,1043.2081452617076,339.9310766100383,6,406
correlated,6.0,30,0.7,0.9,6,0,66,0.0008210180623973727,0.0005473453749315821,1249.690126746153,485.1653576288434,6,406
correlated,6.0,30,0.7,0.9,6,0,78,0.0012315270935960591,0.0014367816091954023,1414.1227010122311,542.2168926091084,6,406
correlated,6.0,30,0.7,0.9,6,0,92,0.0012315270935960591,0.0014367816091954023,1682.3433692377068,642.9307309091779,6,406
correlated,6.0,30,0.7,0.9,6,0,109,0.0012315270935960591,0.0014367816091954023,1859.4909376057751,671.1545162309894,6,406
correlated,6.0,30,0.7,0.9,6,0,129,0.0012315270935960591,0.0014367816091954023,2227.8147092846198,800.5109767538816,6,406
correlated,6.0,30,0.7,0.9,6,0,152,0.0008210180623973727,0.0005473453749315821,2427.8891886266165,946.8495392639012,6,406
correlated,6.0,30,0.7,0.9,6,0,180,0.0012315270935960591,0.0014367816091954023,2590.8062043665573,1030.4604473842346,6,406
correlated,6.0,30,0.7,0.9,6,0,212,0.0008210180623973727,0.0005473453749315821,2819.2335708569813,989.3568437963061,6,406
correlated,6.0,30,0.7,0.9,6,0,251,0.00041050903119868636,0.0003420908593322387,3135.5584788277506,1108.814759001566,6,406
correlated,6.0,30,0.7,0.9,6,0,297,0.0008210180623973727,0.0005473453749315821,3439.8756306697846,1181.8194334575217,6,406
correlated,6.0,30,0.7,0.9,6,0,351,0.0008210180623973727,0.0005473453749315821,3760.7361178974957,1307.6844011303256,6,406
correlated,6.0,30,0.7,0.9,6,0,415,0.0008210180623973727,0.0005473453749315821,3995.0074862680644,1344.491547791828,6,406
correlated,6.0,30,0.7,0.9,6,0,491,0.0012315270935960591,0.0006157635467980298,4135.1841303806505,1538.850133314813,6,406
correlated,6.0,30,0.7,0.9,6,0,580,0.002052545155993432,0.0003420908593322384,4447.950428279083,1637.4414998768414,6,406
correlated,6.0,30,0.7,0.9,6,0,686,0.0012315270935960591,0.0006157635467980298,4551.254017691538,1547.1919244803742,6,406
correlated,6.0,30,0.7,0.9,6,0,811,0.0012315270935960591,0.0006157635467980298,4642.9010528248355,1637.8488246277236,6,406
correlated,6.0,30,0.7,0.9,6,0,959,0.0008210180623973727,0.0005473453749315821,4751.291672670028,1631.5652293196772,6,406
correlated,6.0,30,0.7,0.9,6,0,1134,0.0008210180623973727,0.0005473453749315821,5016.10377630935,1801.0265835528285,6,406
correlated,6.0,30,0.7,0.9,6,0,1341,0.0016420361247947454,0.0013683634373289546,5052.24398173525,1768.7039908859178,6,406
correlated,6.0,30,0.7,0.9,6,0,1585,0.0012315270935960591,0.0014367816091954023,5231.738746698645,1836.8849863433593,6,406
correlated,6.0,30,0.7,0.9,6,0,1874,0.0008210180623973727,0.0005473453749315821,5300.9640826733075,1873.971184417762,6,406
correlated,6.0,30,0.7,0.9,6,0,2215,0.0012315270935960591,0.0006157635467980298,5502.796977048769,2042.014650542162,6,406
correlated,6.0,30,0.7,0.9,6,0,2619,0.0012315270935960591,0.0006157635467980298,5606.495457831171,2126.1738878164692,6,406
correlated,6.0,30,0.7,0.9,6,0,3097,0.0012315270935960591,0.0006157635467980298,5721.75734965673,2331.316572211115,6,406
correlated,6.0,30,0.7,0.9,6,0,3661,0.0012315270935960591,0.0006157635467980298,5782.541192306594,2362.1950595141566,6,406
correlated,6.0,30,0.7,0.9,6,0,4329,0.0012315270935960591,0.0006157635467980298,5803.634324785835,2419.521811062314,6,406
correlated,6.0,30,0.7,0.9,6,0,5118,0.002052545155993432,0.0003420908593322384,5816.575315279413,2332.285569888357,6,406
correlated,6.0,30,0.7,0.9,6,0,6051,0.0012315270935960591,0.0006157635467980298,5878.123028645372,2438.0523814220624,6,406
correlated,6.0,30,0.7,0.9,6,0,7154,0.0012315270935960591,0.0006157635467980298,5951.302226171859,2474.695861586839,6,406
correlated,6.0,30,0.7,0.9,6,0,8458,0.002052545155993432,0.0003420908593322384,5917.803167183495,2439.4634069633325,6,406
correlated,6.0,30,0.7,0.9,6,0,10000,0.0016420361247947454,0.0005473453749315822,6029.2017495558475,2474.609228444811,6,406
correlated,6.0,30,0.7,0.9,6,1000,1,0.12479474548440067,0.42665571975916616,0.31641128725773937,0.40263750135256343,6,406
correlated,6.0,30,0.7,0.9,6,1000,2,0.12151067323481117,0.41434044882320714,0.7148272170833594,0.7334503812762955,6,406
correlated,6.0,30,0.7,0.9,6,1000,3,0.11904761904761905,0.4324028461959486,1.1093021212556933,1.0918330537828667,6,406
correlated,6.0,30,0.7,0.9,6,1000,4,0.11904761904761905,0.3970990695128618,1.4013194998233196,1.4532126443091458,6,406
correlated,6.0,30,0.7,0.9,6,1000,5,0.11740558292282428,0.3445539135194325,1.772445703279424,1.7660718362894001,6,406
correlated,6.0,30,0.7,0.9,6,1000,6,0.11740558292282433,0.4200875752599868,2.005635736534309,2.2954976797260827,6,406
correlated,6.0,30,0.7,0.9,6,1000,7,0.11658456486042694,0.37493158182813374,2.557655947986999,3.286638171410012,6,406
correlated,6.0,30,0.7,0.9,6,1000,9,0.1145320197044335,0.3996305418719211,4.780927189798468,7.09193601475979,6,406
correlated,6.0,30,0.7,0.9,6,1000,10,0.11330049261083745,0.4146141215106725,5.1356166659993425,7.433539045356212,6,406
correlated,6.0,30,0.7,0.9,6,1000,12,0.1145320197044335,0.38485221674877,6.036288523389836,9.588276316328136,6,406
correlated,6.0,30,0.7,0.9,6,1000,15,0.11247947454844008,0.32649151614668676,5.967882490923576,9.432810629708493,6,406
correlated,6.0,30,0.7,0.9,6,1000,17,0.111247947454844,0.36733716475095857,6.428308979130629,9.221298359308612,6,406
correlated,6.0,30,0.7,0.9,6,1000,20,0.11124794745484401,0.3024767378215653,7.243957522512081,10.915725915509434,6,406
correlated,6.0,30,0.7,0.9,6,1000,24,0.11124794745484401,0.3476327312534212,7.560938274941004,9.968645202936058,6,406
correlated,6.0,30,0.7,0.9,6,1000,28,0.11206896551724138,0.37335796387520437,10.2859947088036,14.181114258761792,6,406
correlated,6.0,30,0.7,0.9,6,1000,34,0.10960591133004927,0.29700328407224963,10.236588613128491,12.97963879504234,6,406
correlated,6.0,30,0.7,0.9,6,1000,40,0.10632183908045978,0.3082238642583471,11.448373266209954,12.71106706647283,6,406
correlated,6.0,30,0.7,0.9,6,1000,47,0.10550082101806241,0.31561302681992265,15.30796625175696,18.652177071175622,6,406
correlated,6.0,30,0.7,0.9,6,1000,56,0.10591133004926108,0.28817733990147987,14.230772640293594,18.14955571081113,6,406
correlated,6.0,30,0.7,0.9,6,1000,66,0.10426929392446634,0.3297755883962786,14.296066195298389,16.666417778126775,6,406
correlated,6.0,30,0.7,0.9,6,1000,78,0.10016420361247948,0.38888888888888934,16.270010050418275,17.51131798120572,6,406
correlated,6.0,30,0.7,0.9,6,1000,92,0.0993431855500821,0.29118773946360205,15.69337308222635,16.500006239084584,6,406
correlated,6.0,30,0.7,0.9,6,1000,109,0.09934318555008209,0.31007115489874254,18.528599110533616,18.804156115430743,6,406
correlated,6.0,30,0.7,0.9,6,1000,129,0.0964696223316913,0.29426655719759076,17.68330351390514,18.131767076672887,6,406
correlated,6.0,30,0.7,0.9,6,1000,152,0.09770114942528735,0.335522714833061,19.71051933610789,17.28633512064052,6,406
correlated,6.0,30,0.7,0.9,6,1000,180,0.0960591133004926,0.32594417077175736,21.550021019614945,17.476448724849263,6,406
correlated,6.0,30,0.7,0.9,6,1000,212,0.09400656814449919,0.33942255062944593,19.206063829164453,12.81234643347535,6,406
correlated,6.0,30,0.7,0.9,6,1000,251,0.09441707717569786,0.3043240284619594,22.96805659564475,15.657538037895442,6,406
correlated,6.0,30,0.7,0.9,6,1000,297,0.09318555008210182,0.39278872468527637,25.03941080084702,15.605915366723258,6,406
correlated,6.0,30,0.7,0.9,6,1000,351,0.09318555008210182,0.37308429118773895,30.309400359939758,18.766900262988777,6,406
correlated,6.0,30,0.7,0.9,6,1000,415,0.08866995073891625,0.3218390804597715,28.899348466287275,16.59258464393554,6,406
correlated,6.0,30,0.7,0.9,6,1000,491,0.08743842364532019,0.30931855500821076,33.74440544195857,19.11304426593311,6,406
correlated,6.0,30,0.7,0.9,6,1000,580,0.08620689655172414,0.298850574712643,42.71015710716236,27.294779525227863,6,406
correlated,6.0,30,0.7,0.9,6,1000,686,0.08579638752052544,0.2909824849480025,59.06447713564722,43.935527464885,6,406
correlated,6.0,30,0.7,0.9,6,1000,811,0.08045977011494253,0.2534209085933231,57.19056798636901,41.04085065176197,6,406
correlated,6.0,30,0.7,0.9,6,1000,959,0.08045977011494253,0.20744389709907002,72.86769084595197,59.47403853982801,6,406
correlated,6.0,30,0.7,0.9,6,1000,1134,0.0812807881773399,0.27832512315271013,80.46383514422453,67.52032771265726,6,406
correlated,6.0,30,0.7,0.9,6,1000,1341,0.0755336617405583,0.20169677066228825,107.91874668435605,109.83940075948621,6,406
correlated,6.0,30,0.7,0.9,6,1000,1585,0.07635467980295567,0.2586206896551727,113.9032698136677,109.254530485235,6,406
correlated,6.0,30,0.7,0.9,6,1000,1874,0.07799671592775041,0.2575259989053097,123.00212427098897,129.51008348355313,6,406
correlated,6.0,30,0.7,0.9,6,1000,2215,0.07963875205254516,0.18117131910235396,158.0650578044653,197.99478369795344,6,406
correlated,6.0,30,0.7,0.9,6,1000,2619,0.08210180623973727,0.2698412698412705,175.021809848383,213.2952224884692,6,406
correlated,6.0,30,0.7,0.9,6,1000,3097,0.0755336617405583,0.20908593322386415,185.61555361680976,221.7330707709762,6,406
correlated,6.0,30,0.7,0.9,6,1000,3661,0.0751231527093596,0.25184729064039413,187.38594525318658,219.9480427592847,6,406
correlated,6.0,30,0.7,0.9,6,1000,4329,0.07142857142857142,0.18308702791461418,193.60641955772917,221.89538477472513,6,406
correlated,6.0,30,0.7,0.9,6,1000,5118,0.07266009852216748,0.18780788177339983,187.9131571077453,221.02982714789263,6,406
correlated,6.0,30,0.7,0.9,6,1000,6051,0.06978653530377668,0.18609742747673813,191.80945165388462,215.01961489132574,6,406
correlated,6.0,30,0.7,0.9,6,1000,7154,0.06486042692939244,0.08100711548987455,189.78358164794167,222.26224136653113,6,406
correlated,6.0,30,0.7,0.9,6,1000,8458,0.06486042692939244,0.13847837985769085,208.1884939409039,226.6671259731627,6,406
correlated,6.0,30,0.7,0.9,6,1000,10000,0.06444991789819375,0.13006294471811777,210.79392044886868,233.1488659102376,6,406
correlated,6.0,30,0.7,0.9,6,3000,1,0.16871921182266011,0.10077996715927531,0.11272359216833959,0.12933479202995643,6,406
correlated,6.0,30,0.7,0.9,6,3000,2,0.16789819376026272,0.08819102353585159,0.26617227205370014,0.23142672949047302,6,406
correlated,6.0,30,0.7,0.9,6,3000,3,0.16584564860426929,0.10563765736179648,0.31731172814828557,0.27310135345116876,6,406
correlated,6.0,30,0.7,0.9,6,3000,4,0.16420361247947454,0.10892172961138546,0.5172956580346618,0.5021445774889423,6,406
correlated,6.0,30,0.7,0.9,6,3000,5,0.16420361247947454,0.09578544061302671,0.5359263203884674,0.4315755899296543,6,406
correlated,6.0,30,0.7,0.9,6,3000,6,0.16338259441707717,0.10727969348659308,0.4832045934291826,0.2942265539124527,6,406
correlated,6.0,30,0.7,0.9,6,3000,7,0.1625615763546798,0.11904761904762132,0.5659181395483874,0.31625187689534356,6,406
correlated,6.0,30,0.7,0.9,6,3000,9,0.16174055829228243,0.10810071154898715,0.6821055290454798,0.40439633174896716,6,406
correlated,6.0,30,0.7,0.9,6,3000,10,0.16009852216748768,0.10837438423645326,0.8015240241264969,0.5728414804442485,6,406
correlated,6.0,30,0.7,0.9,6,3000,12,0.16133004926108374,0.09831691297208603,0.9970841446118905,0.8761676118219934,6,406
correlated,6.0,30,0.7,0.9,6,3000,15,0.16091954022988506,0.11713191023535721,1.1190737483158844,0.9295305713578429,6,406
correlated,6.0,30,0.7,0.9,6,3000,17,0.16009852216748768,0.10919540229885155,1.360163081102952,1.2835649070412265,6,406
correlated,6.0,30,0.7,0.9,6,3000,20,0.15763546798029557,0.09688013136288971,1.5834293459717899,1.5934870383168402,6,406
correlated,6.0,30,0.7,0.9,6,3000,24,0.15763546798029557,0.10919540229885015,2.347455188034798,2.631320279483661,6,406
correlated,6.0,30,0.7,0.9,6,3000,28,0.15763546798029557,0.10673234811165806,2.875314981124136,3.889514997771809,6,406
correlated,6.0,30,0.7,0.9,6,3000,34,0.16050903119868637,0.09968527640941513,1.8415134245486062,1.81142836772821,6,406
correlated,6.0,30,0.7,0.9,6,3000,40,0.16009852216748768,0.09770114942528801,2.243368066111228,2.295798772553561,6,406
correlated,6.0,30,0.7,0.9,6,3000,47,0.15722495894909685,0.1095374931581863,2.2851091453908907,2.1782237995553593,6,406
correlated,6.0,30,0.7,0.9,6,3000,56,0.15147783251231525,0.13362068965517357,2.648761759881921,2.6532008359004062,6,406
correlated,6.0,30,0.7,0.9,6,3000,66,0.14778325123152708,0.1403940886699532,3.680425277380058,3.0773004068516947,6,406
correlated,6.0,30,0.7,0.9,6,3000,78,0.14039408866995076,0.12561576354679646,4.352316699338829,4.38497249875722,6,406
correlated,6.0,30,0.7,0.9,6,3000,92,0.14367816091954025,0.1573617952928289,4.7066350353077935,4.596618704778218,6,406
correlated,6.0,30,0.7,0.9,6,3000,109,0.14285714285714285,0.08866995073891797,4.4964192902792615,4.185524179787918,6,406
correlated,6.0,30,0.7,0.9,6,3000,129,0.14285714285714285,0.14860426929392495,4.661445644382669,4.829458813632491,6,406
correlated,6.0,30,0.7,0.9,6,3000,152,0.1416256157635468,0.1656403940886721,5.642653943808234,5.987689229267757,6,406
correlated,6.0,30,0.7,0.9,6,3000,180,0.14244663382594416,0.14894636015325688,5.513339861899952,5.199944078449876,6,406
correlated,6.0,30,0.7,0.9,6,3000,212,0.1444991789819376,0.1007115489874123,5.697630359305663,4.744137186479266,6,406
correlated,6.0,30,0.7,0.9,6,3000,251,0.14080459770114942,0.13909414340448994,7.361773266226984,5.3694266061103315,6,406
correlated,6.0,30,0.7,0.9,6,3000,297,0.14244663382594416,0.17193486590038257,8.848234543531214,8.860729143278185,6,406
correlated,6.0,30,0.7,0.9,6,3000,351,0.1395730706075534,0.24438970990694744,9.86428611460286,10.218543995653864,6,406
correlated,6.0,30,0.7,0.9,6,3000,415,0.13464696223316913,0.2525998905309234,13.666813630577417,16.161121823632463,6,406
correlated,6.0,30,0.7,0.9,6,3000,491,0.13464696223316913,0.36343732895457015,12.28181310225237,13.335695775947737,6,406
correlated,6.0,30,0.7,0.9,6,3000,580,0.13095238095238096,0.27866721401204064,12.595594225369148,14.490988930333426,6,406
correlated,6.0,30,0.7,0.9,6,3000,686,0.1293103448275862,0.2502052545156,14.899181169409504,18.005341586437286,6,406
correlated,6.0,30,0.7,0.9,6,3000,811,0.12561576354679801,0.2011494252873571,16.13597446590438,17.499103714108966,6,406
correlated,6.0,30,0.7,0.9,6,3000,959,0.1272577996715928,0.3248494800218937,14.891852817803846,14.388460082306391,6,406
correlated,6.0,30,0.7,0.9,6,3000,1134,0.12315270935960591,0.261904761904761,13.882178414737782,12.502721500431331,6,406
correlated,6.0,30,0.7,0.9,6,3000,1341,0.1198686371100164,0.2821565407772313,15.077357683410993,13.18558164536713,6,406
correlated,6.0,30,0.7,0.9,6,3000,1585,0.11945812807881773,0.17056650246305416,15.33024369479061,15.086255488700996,6,406
correlated,6.0,30,0.7,0.9,6,3000,1874,0.11576354679802957,0.2791461412151056,14.815351779159961,13.27683863728356,6,406
correlated,6.0,30,0.7,0.9,6,3000,2215,0.1141215106732348,0.2016967706622879,16.92686950978862,14.999951124911705,6,406
correlated,6.0,30,0.7,0.9,6,3000,2619,0.11822660098522168,0.2602627257799665,15.924992772311429,12.218292334023024,6,406
correlated,6.0,30,0.7,0.9,6,3000,3097,0.11042692939244664,0.24828954570333867,23.255637374883037,22.478266883008345,6,406
correlated,6.0,30,0.7,0.9,6,3000,3661,0.10960591133004925,0.15989326765188963,27.308466203578803,26.842730595803594,6,406
correlated,6.0,30,0.7,0.9,6,3000,4329,0.11042692939244662,0.17275588396278158,26.387762491534943,27.098697433211743,6,406
correlated,6.0,30,0.7,0.9,6,3000,5118,0.1087848932676519,0.17603995621237054,25.714204212226047,26.109696365555887,6,406
correlated,6.0,30,0.7,0.9,6,3000,6051,0.10755336617405581,0.19841269841269962,34.65339504589456,40.04004947302446,6,406
correlated,6.0,30,0.7,0.9,6,3000,7154,0.10467980295566502,0.20915435139573138,37.7620721655649,45.19629343170937,6,406
correlated,6.0,30,0.7,0.9,6,3000,8458,0.09975369458128079,0.12294745484400621,38.97369453935642,42.82840662676898,6,406
correlated,6.0,30,0.7,0.9,6,3000,10000,0.10139573070607555,0.15387246852764036,54.77597422474955,73.46433985268388,6,406
correlated,6.0,30,0.7,0.9,6,10000,1,0.17323481116584563,0.27805145046524543,0.13113492133325333,0.18973279278542554,6,406
correlated,6.0,30,0.7,0.9,6,10000,2,0.1711822660098522,0.26990968801313947,0.1947885886929008,0.2678863267062286,6,406
correlated,6.0,30,0.7,0.9,6,10000,3,0.16871921182266011,0.2772988505747101,0.3552316605973995,0.4934092637025154,6,406
correlated,6.0,30,0.7,0.9,6,10000,4,0.16625615763546797,0.31178160919540215,0.38355174310589724,0.5150863846974328,6,406
correlated,6.0,30,0.7,0.9,6,10000,5,0.16666666666666666,0.3371647509578541,0.5340424438250423,0.8804578366240368,6,406
correlated,6.0,30,0.7,0.9,6,10000,6,0.16666666666666666,0.3511220580186111,0.511667484080843,0.6935590716025399,6,406
correlated,6.0,30,0.7,0.9,6,10000,7,0.16584564860426929,0.31171319102353773,0.48129022745224775,0.5894099018619852,6,406
correlated,6.0,30,0.7,0.9,6,10000,9,0.16666666666666666,0.29118773946360277,0.6146115044409434,0.8334878547179562,6,406
correlated,6.0,30,0.7,0.9,6,10000,10,0.16707717569786537,0.28441434044881886,0.601167617949673,0.7212397883016556,6,406
correlated,6.0,30,0.7,0.9,6,10000,12,0.16543513957307063,0.26635194307607596,0.6103921678030807,0.5542726895149854,6,406
correlated,6.0,30,0.7,0.9,6,10000,15,0.16502463054187191,0.2775041050903132,0.8668739744536734,1.0383111698581378,6,406
correlated,6.0,30,0.7,0.9,6,10000,17,0.16379310344827586,0.2649835796387539,0.8673165512995724,0.9551705958287953,6,406
correlated,6.0,30,0.7,0.9,6,10000,20,0.16502463054187191,0.24220032840722427,0.8734020803919398,0.9874185300700566,6,406
correlated,6.0,30,0.7,0.9,6,10000,24,0.16420361247947454,0.3166392993979205,0.9145216269424189,1.130447202391874,6,406
correlated,6.0,30,0.7,0.9,6,10000,28,0.1621510673234811,0.3016557197591677,1.072670088596169,1.2440085886739571,6,406
correlated,6.0,30,0.7,0.9,6,10000,34,0.16091954022988506,0.2870826491516141,0.8176550729876401,0.5385048458206962,6,406
correlated,6.0,30,0.7,0.9,6,10000,40,0.1592775041050903,0.28051450465243466,1.0392734123623348,0.730357632163945,6,406
correlated,6.0,30,0.7,0.9,6,10000,47,0.159688013136289,0.2868773946360138,1.0954207075525384,0.9504554434208429,6,406
correlated,6.0,30,0.7,0.9,6,10000,56,0.15886699507389163,0.27565681444991635,1.118040985425225,0.7717915210926616,6,406
correlated,6.0,30,0.7,0.9,6,10000,66,0.15229885057471265,0.3197181171319106,1.705296390649935,1.5543334394669308,6,406
correlated,6.0,30,0.7,0.9,6,10000,78,0.15804597701149425,0.24911056376573698,1.3974935547435763,0.8981746058097343,6,406
correlated,6.0,30,0.7,0.9,6,10000,92,0.15886699507389163,0.2444581280788189,1.6206456940007763,1.1062998748886956,6,406
correlated,6.0,30,0.7,0.9,6,10000,109,0.15394088669950737,0.3495484400656832,1.8304150331870594,1.1730211455320116,6,406
correlated,6.0,30,0.7,0.9,6,10000,129,0.15311986863711002,0.3082238642583471,2.1550938860223927,1.297223383386357,6,406
correlated,6.0,30,0.7,0.9,6,10000,152,0.14901477832512314,0.33477011494253067,2.989538023981838,2.6843095891776128,6,406
correlated,6.0,30,0.7,0.9,6,10000,180,0.1477832512315271,0.38834154351395433,3.1637384503655377,2.3286637966798103,6,406
correlated,6.0,30,0.7,0.9,6,10000,212,0.14490968801313628,0.30822386425834847,4.374415151780906,4.291371867614461,6,406
correlated,6.0,30,0.7,0.9,6,10000,251,0.14942528735632185,0.31499726327312394,6.086229606327639,8.330146992546766,6,406
correlated,6.0,30,0.7,0.9,6,10000,297,0.14326765188834154,0.420703338806789,7.5014996016741025,8.675886326785692,6,406
correlated,6.0,30,0.7,0.9,6,10000,351,0.13669950738916256,0.39470443349753764,9.742157559557198,13.587793195596978,6,406
correlated,6.0,30,0.7,0.9,6,10000,415,0.1354679802955665,0.3637110016420363,8.012530849575468,9.250759168320464,6,406
correlated,6.0,30,0.7,0.9,6,10000,491,0.13916256157635468,0.4521756978653554,8.068696314831007,9.488089771177298,6,406
correlated,6.0,30,0.7,0.9,6,10000,580,0.14326765188834154,0.3853995621237015,7.8904125939470875,8.726701008054267,6,406
correlated,6.0,30,0.7,0.9,6,10000,686,0.14326765188834154,0.41659824849480176,9.05748371686913,10.761264277213858,6,406
correlated,6.0,30,0.7,0.9,6,10000,811,0.13752052545155993,0.3788314176245221,9.42783021093102,9.675068523160263,6,406
correlated,6.0,30,0.7,0.9,6,10000,959,0.13998357963875208,0.4239874110563738,17.33953308980411,22.881125883278923,6,406
correlated,6.0,30,0.7,0.9,6,10000,1134,0.1325944170771757,0.3410645867542411,13.793061434489102,17.369668396748196,6,406
correlated,6.0,30,0.7,0.9,6,10000,1341,0.13218390804597702,0.2747673782156536,13.635771241387127,15.878799924282086,6,406
correlated,6.0,30,0.7,0.9,6,10000,1585,0.12931034482758622,0.20669129720853788,13.128463823950804,16.36569943129451,6,406
correlated,6.0,30,0.7,0.9,6,10000,1874,0.1264367816091954,0.2632731253420929,15.232778618160724,15.319330925091307,6,406
correlated,6.0,30,0.7,0.9,6,10000,2215,0.12274220032840723,0.3435276409414346,18.830284463475735,20.539418172426494,6,406
correlated,6.0,30,0.7,0.9,6,10000,2619,0.12397372742200329,0.3199233716475102,20.032069019776504,25.682956827084777,6,406
correlated,6.0,30,0.7,0.9,6,10000,3097,0.12438423645320197,0.48665845648604317,21.872846273925294,31.896677857692687,6,406
correlated,6.0,30,0.7,0.9,6,10000,3661,0.11945812807881773,0.41440886699507506,23.711840852010265,32.37386849083028,6,406
correlated,6.0,30,0.7,0.9,6,10000,4329,0.11740558292282431,0.33305966064586684,23.92114722021313,29.83137385559198,6,406
correlated,6.0,30,0.7,0.9,6,10000,5118,0.11330049261083742,0.44991789819376216,23.52252301718477,27.24667492086482,6,406
correlated,6.0,30,0.7,0.9,6,10000,6051,0.11124794745484401,0.4018199233716485,25.295133010016674,30.29067634967431,6,406
correlated,6.0,30,0.7,0.9,6,10000,7154,0.11001642036124794,0.3995621237000553,27.272033815393424,31.258071416844874,6,406
correlated,6.0,30,0.7,0.9,6,10000,8458,0.10673234811165848,0.24028461959496228,24.710564559663993,25.42353776263183,6,406
correlated,6.0,30,0.7,0.9,6,10000,10000,0.10016420361247948,0.23453749315818334,30.853720966631872,35.01598649284937,6,406
correlated,6.0,30,0.7,0.9,7,0,1,0.0036945812807881776,0.005541871921182265,5.455910062079102,3.8229917438179415,6,406
correlated,6.0,30,0.7,0.9,7,0,2,0.0036945812807881776,0.005541871921182265,10.207465789966177,4.389160203583155,6,406
correlated,6.0,30,0.7,0.9,7,0,3,0.003284072249589491,0.006294471811713192,17.464483479346974,7.265317350638442,6,406
correlated,6.0,30,0.7,0.9,7,0,4,0.0024630541871921183,0.003284072249589491,26.14132173168798,12.051206779396761,6,406
correlated,6.0,30,0.7,0.9,7,0,5,0.0024630541871921183,0.0016420361247947454,33.02124318351496,14.163274330789204,6,406
correlated,6.0,30,0.7,0.9,7,0,6,0.002052545155993432,0.0011631089217296112,41.836338367623306,18.644517364513902,6,406
correlated,6.0,30,0.7,0.9,7,0,7,0.002052545155993432,0.0011631089217296112,49.55422726764721,20.52310177782915,6,406
correlated,6.0,30,0.7,0.9,7,0,9,0.0016420361247947454,0.0005473453749315822,67.1332359658016,24.266142615500552,6,406
correlated,6.0,30,0.7,0.9,7,0,10,0.002052545155993432,0.0011631089217296112,81.33170405582062,35.785016474264324,6,406
correlated,6.0,30,0.7,0.9,7,0,12,0.0024630541871921183,0.0016420361247947454,106.37143897059269,52.07077903320867,6,406
correlated,6.0,30,0.7,0.9,7,0,15,0.0016420361247947454,0.0013683634373289546,148.40031151904034,78.44212424309626,6,406
correlated,6.0,30,0.7,0.9,7,0,17,0.0008210180623973727,0.0005473453749315821,173.56919238394087,89.05050550164515,6,406
correlated,6.0,30,0.7,0.9,7,0,20,0.0012315270935960591,0.0014367816091954023,214.73978656199867,98.72452133913522,6,406
correlated,6.0,30,0.7,0.9,7,0,24,0.002052545155993432,0.001984126984126984,258.0199747963012,123.3897651293178,6,406
correlated,6.0,30,0.7,0.9,7,0,28,0.0012315270935960591,0.0014367816091954023,332.99000239989954,158.19126695663968,6,406
correlated,6.0,30,0.7,0.9,7,0,34,0.0012315270935960591,0.0014367816091954023,438.12133250485294,191.81034917217468,6,406
correlated,6.0,30,0.7,0.9,7,0,40,0.0012315270935960591,0.0006157635467980298,567.2394360118365,235.14192994158637,6,406
correlated,6.0,30,0.7,0.9,7,0,47,0.0012315270935960591,0.0006157635467980298,701.1565680183963,308.6989756609491,6,406
correlated,6.0,30,0.7,0.9,7,0,56,0.0012315270935960591,0.0006157635467980298,832.034116949099,332.30189001204724,6,406
correlated,6.0,30,0.7,0.9,7,0,66,0.0012315270935960591,0.0006157635467980298,1000.117090691042,453.4298116028759,6,406
correlated,6.0,30,0.7,0.9,7,0,78,0.0012315270935960591,0.0006157635467980298,1167.0752767078754,525.0999352297947,6,406
correlated,6.0,30,0.7,0.9,7,0,92,0.0012315270935960591,0.0006157635467980298,1313.100862419564,688.5516666823925,6,406
correlated,6.0,30,0.7,0.9,7,0,109,0.0016420361247947454,0.0013683634373289546,1446.3223375580644,838.7104184176303,6,406
correlated,6.0,30,0.7,0.9,7,0,129,0.0016420361247947454,0.0013683634373289546,1553.8674556468275,806.5635157313002,6,406
correlated,6.0,30,0.7,0.9,7,0,152,0.002052545155993432,0.001984126984126984,1700.941052868189,861.8727398558834,6,406
correlated,6.0,30,0.7,0.9,7,0,180,0.0012315270935960591,0.0006157635467980298,1778.0602614205345,982.3268818439731,6,406
correlated,6.0,30,0.7,0.9,7,0,212,0.0016420361247947454,0.0021893814997263283,1929.2236059875584,1119.7119718261004,6,406
correlated,6.0,30,0.7,0.9,7,0,251,0.0016420361247947454,0.0013683634373289546,2018.3480481846684,1197.8910627699354,6,406
correlated,6.0,30,0.7,0.9,7,0,297,0.002052545155993432,0.001984126984126984,2194.379689712684,1401.060279356523,6,406
correlated,6.0,30,0.7,0.9,7,0,351,0.002052545155993432,0.001984126984126984,2318.415067747243,1394.749026046685,6,406
correlated,6.0,30,0.7,0.9,7,0,415,0.0012315270935960591,0.0014367816091954023,2403.601883741025,1430.1093589729205,6,406
correlated,6.0,30,0.7,0.9,7,0,491,0.0012315270935960591,0.0014367816091954023,2589.449506696096,1531.355263620245,6,406
correlated,6.0,30,0.7,0.9,7,0,580,0.0012315270935960591,0.0014367816091954023,2629.0592210239106,1508.9668333525933,6,406
correlated,6.0,30,0.7,0.9,7,0,686,0.0016420361247947454,0.0013683634373289546,2726.380280716878,1582.561706295361,6,406
correlated,6.0,30,0.7,0.9,7,0,811,0.0008210180623973727,0.0013683634373289548,2865.1145264025,1659.1151405667235,6,406
correlated,6.0,30,0.7,0.9,7,0,959,0.00041050903119868636,0.0003420908593322387,3003.166005617754,1743.2133821866332,6,406
correlated,6.0,30,0.7,0.9,7,0,1134,0.00041050903119868636,0.0003420908593322387,3117.960674010894,1872.857193548107,6,406
correlated,6.0,30,0.7,0.9,7,0,1341,0.00041050903119868636,0.0003420908593322387,3268.8085864875516,1922.140141321357,6,406
correlated,6.0,30,0.7,0.9,7,0,1585,0.0012315270935960591,0.0014367816091954023,3430.083987592219,2056.503368784801,6,406
correlated,6.0,30,0.7,0.9,7,0,1874,0.0012315270935960591,0.0006157635467980298,3656.150802582064,2326.47285616774,6,406
correlated,6.0,30,0.7,0.9,7,0,2215,0.0016420361247947454,0.0013683634373289546,3656.961904996642,2311.991812452312,6,406
correlated,6.0,30,0.7,0.9,7,0,2619,0.0012315270935960591,0.0014367816091954023,3731.249193283067,2408.6696167827945,6,406
correlated,6.0,30,0.7,0.9,7,0,3097,0.0016420361247947454,0.0021893814997263283,3850.1922132557497,2581.8857306308,6,406
correlated,6.0,30,0.7,0.9,7,0,3661,0.002052545155993432,0.001984126984126984,3882.0303459270726,2554.3315832299795,6,406
correlated,6.0,30,0.7,0.9,7,0,4329,0.002052545155993432,0.001984126984126984,3965.4345720512065,2557.1738789077544,6,406
correlated,6.0,30,0.7,0.9,7,0,5118,0.0016420361247947454,0.0021893814997263283,3987.2715397569596,2544.4146369225778,6,406
correlated,6.0,30,0.7,0.9,7,0,6051,0.0008210180623973727,0.0005473453749315821,4035.1322369820123,2603.456087635657,6,406
correlated,6.0,30,0.7,0.9,7,0,7154,0.0012315270935960591,0.0014367816091954023,4037.332185212214,2595.0979137253958,6,406
correlated,6.0,30,0.7,0.9,7,0,8458,0.0008210180623973727,0.0005473453749315821,4060.741447326462,2572.475356312049,6,406
correlated,6.0,30,0.7,0.9,7,0,10000,0.00041050903119868636,0.0003420908593322387,4092.710340220649,2590.783730294511,6,406
correlated,6.0,30,0.7,0.9,7,1000,1,0.14285714285714285,0.3784893267651902,0.3277845350752239,0.2866300888193759,6,406
correlated,6.0,30,0.7,0.9,7,1000,2,0.14244663382594416,0.38375752599890633,0.539313241828785,0.5235384018472061,6,406
correlated,6.0,30,0.7,0.9,7,1000,3,0.14039408866995073,0.40804597701149387,1.2668398821315392,1.5334655074696404,6,406
correlated,6.0,30,0.7,0.9,7,1000,4,0.13998357963875205,0.439586754241926,1.518347016375193,1.679312726974729,6,406
correlated,6.0,30,0.7,0.9,7,1000,5,0.13957307060755336,0.4496442255062946,1.877703327612763,2.173054579456218,6,406
correlated,6.0,30,0.7,0.9,7,1000,6,0.13875205254515602,0.425013683634371,2.0836560588083333,2.3290916996202555,6,406
correlated,6.0,30,0.7,0.9,7,1000,7,0.13752052545155993,0.4338396278051435,2.351291377650678,2.425631036033939,6,406
correlated,6.0,30,0.7,0.9,7,1000,9,0.138752052545156,0.4102353585112212,2.2744629746127596,2.214397799842316,6,406
correlated,6.0,30,0.7,0.9,7,1000,10,0.13793103448275862,0.37520525451559983,2.25965498784844,2.0455751737990937,6,406
correlated,6.0,30,0.7,0.9,7,1000,12,0.13628899835796388,0.40366721401204186,3.7533253117682066,3.798784064698964,6,406
correlated,6.0,30,0.7,0.9,7,1000,15,0.13382594417077176,0.3979200875752608,4.646146177451119,4.741171122380298,6,406
correlated,6.0,30,0.7,0.9,7,1000,17,0.13341543513957307,0.386220580186097,6.622062816312642,7.8918943402967505,6,406
correlated,6.0,30,0.7,0.9,7,1000,20,0.13054187192118227,0.32840722495894736,9.1652862604988,13.291857023565505,6,406
correlated,6.0,30,0.7,0.9,7,1000,24,0.13177339901477833,0.3487274220032835,6.672122802353125,7.037541707486639,6,406
correlated,6.0,30,0.7,0.9,7,1000,28,0.13136288998357962,0.29036672140120584,6.853472150432256,7.306209025031884,6,406
correlated,6.0,30,0.7,0.9,7,1000,34,0.13136288998357964,0.4053092501368343,7.864046503442064,8.451939821698677,6,406
correlated,6.0,30,0.7,0.9,7,1000,40,0.13136288998357962,0.4143404488232099,9.627529257698628,11.404602754266357,6,406
correlated,6.0,30,0.7,0.9,7,1000,47,0.13177339901477833,0.4800903119868624,12.435589284036363,16.237666845405204,6,406
correlated,6.0,30,0.7,0.9,7,1000,56,0.13095238095238096,0.43548166392994014,13.950191692242534,16.17070293163797,6,406
correlated,6.0,30,0.7,0.9,7,1000,66,0.1268472906403941,0.384031198686371,13.983962290376292,14.748026487015018,6,406
correlated,6.0,30,0.7,0.9,7,1000,78,0.12766830870279147,0.4231663929939769,15.445340316579015,16.280963398732062,6,406
correlated,6.0,30,0.7,0.9,7,1000,92,0.12848932676518884,0.43466064586754183,16.52215043108963,17.599807391263347,6,406
correlated,6.0,30,0.7,0.9,7,1000,109,0.12807881773399013,0.3456486042692948,18.597634814237065,19.48494430209974,6,406
correlated,6.0,30,0.7,0.9,7,1000,129,0.12848932676518884,0.41003010399561957,22.15189998846297,26.836615549959042,6,406
correlated,6.0,30,0.7,0.9,7,1000,152,0.12315270935960591,0.42775041050903057,29.10352321541568,39.88419791077411,6,406
correlated,6.0,30,0.7,0.9,7,1000,180,0.1235632183908046,0.4469759168035023,27.44778524335112,29.915852623314926,6,406
correlated,6.0,30,0.7,0.9,7,1000,212,0.12438423645320197,0.4406814449917904,25.472882191560657,26.42805797224934,6,406
correlated,6.0,30,0.7,0.9,7,1000,251,0.11863711001642037,0.45025998905309267,32.09962726920043,29.076646132079077,6,406
correlated,6.0,30,0.7,0.9,7,1000,297,0.1145320197044335,0.4341133004926103,33.656975358509364,30.643045541547277,6,406
correlated,6.0,30,0.7,0.9,7,1000,351,0.11206896551724137,0.4234400656814458,41.742813282171255,36.92645939214348,6,406
correlated,6.0,30,0.7,0.9,7,1000,415,0.11165845648604268,0.31910235358511263,50.500370742027066,46.06503970025958,6,406
correlated,6.0,30,0.7,0.9,7,1000,491,0.11371100164203612,0.3804734537493159,52.80978012567982,47.152152309313415,6,406
correlated,6.0,30,0.7,0.9,7,1000,580,0.11371100164203614,0.4806376573617953,67.70789662762239,67.36477315763543,6,406
correlated,6.0,30,0.7,0.9,7,1000,686,0.10919540229885057,0.4857690202517805,96.66429314738333,101.68344519662745,6,406
correlated,6.0,30,0.7,0.9,7,1000,811,0.10796387520525451,0.443691844553914,130.17055698480775,141.66755285182074,6,406
correlated,6.0,30,0.7,0.9,7,1000,959,0.1022167487684729,0.37664203612479474,137.62745636885032,143.20247613215014,6,406
correlated,6.0,30,0.7,0.9,7,1000,1134,0.10344827586206895,0.4564860426929408,144.75389952106886,161.55603060350498,6,406
correlated,6.0,30,0.7,0.9,7,1000,1341,0.09770114942528735,0.38642583470169795,145.83927942542584,143.77893933689518,6,406
correlated,6.0,30,0.7,0.9,7,1000,1585,0.09277504105090313,0.26902025177887184,180.39314700680166,195.27747696959992,6,406
correlated,6.0,30,0.7,0.9,7,1000,1874,0.090311986863711,0.3174603174603181,200.18805437097612,218.22402572756818,6,406
correlated,6.0,30,0.7,0.9,7,1000,2215,0.09277504105090312,0.3240284619594961,230.81020519290624,246.69277023195787,6,406
correlated,6.0,30,0.7,0.9,7,1000,2619,0.08866995073891626,0.26354679802955616,256.55253256180526,256.28236328698546,6,406
correlated,6.0,30,0.7,0.9,7,1000,3097,0.08949096880131363,0.2640941434044884,271.792482200085,268.8237513542644,6,406
correlated,6.0,30,0.7,0.9,7,1000,3661,0.08497536945812807,0.21079638752052587,279.63448164108866,276.6318203530576,6,406
correlated,6.0,30,0.7,0.9,7,1000,4329,0.08456486042692939,0.1819923371647512,292.0590584285961,284.35262087737317,6,406
correlated,6.0,30,0.7,0.9,7,1000,5118,0.08497536945812807,0.16317733990147862,306.09795105465525,302.2160628703651,6,406
correlated,6.0,30,0.7,0.9,7,1000,6051,0.08538587848932677,0.33388067870826443,303.64276209010126,305.2184524113875,6,406
correlated,6.0,30,0.7,0.9,7,1000,7154,0.08702791461412152,0.22304324028461978,307.6910994883492,299.4776616446165,6,406
correlated,6.0,30,0.7,0.9,7,1000,8458,0.07922824302134647,0.23269020251778855,317.1336593201608,308.83595035282394,6,406
correlated,6.0,30,0.7,0.9,7,1000,10000,0.0784072249589491,0.1752189381499726,321.9203567860787,307.5792878727943,6,406
correlated,6.0,30,0.7,0.9,7,3000,1,0.17405582922824303,0.18199233716474977,0.04955989058065117,0.044165527122734846,6,406
correlated,6.0,30,0.7,0.9,7,3000,2,0.17241379310344826,0.17651888341543764,0.09750729631657351,0.0676365689433129,6,406
correlated,6.0,30,0.7,0.9,7,3000,3,0.17036124794745486,0.17111384783798425,0.14895293420063604,0.09943774765064801,6,406
correlated,6.0,30,0.7,0.9,7,3000,4,0.16995073891625614,0.17816091954023142,0.1566734152932356,0.07040575110128339,6,406
correlated,6.0,30,0.7,0.9,7,3000,5,0.16954022988505746,0.18096606458675543,0.22367681910292206,0.1411252400803656,6,406
correlated,6.0,30,0.7,0.9,7,3000,6,0.1683087027914614,0.21319102353585284,0.308398426977073,0.20390939410641934,6,406
correlated,6.0,30,0.7,0.9,7,3000,7,0.16871921182266006,0.21900656814450395,0.33020139666477055,0.21093913252006502,6,406
correlated,6.0,30,0.7,0.9,7,3000,9,0.16954022988505746,0.21626984126984294,0.4390012461658011,0.34668417493687836,6,406
correlated,6.0,30,0.7,0.9,7,3000,10,0.17036124794745486,0.2014915161466862,0.4591121781719079,0.3474939201086737,6,406
correlated,6.0,30,0.7,0.9,7,3000,12,0.16748768472906406,0.21346469622331332,0.644485488406052,0.5218206777944134,6,406
correlated,6.0,30,0.7,0.9,7,3000,15,0.16871921182266011,0.19109195402298845,0.7437568119271987,0.7389704459072736,6,406
correlated,6.0,30,0.7,0.9,7,3000,17,0.16789819376026272,0.20970169677066075,0.7049984507510607,0.6637137028877181,6,406
correlated,6.0,30,0.7,0.9,7,3000,20,0.16666666666666666,0.18691844553913536,0.7044581681169525,0.5081426195836812,6,406
correlated,6.0,30,0.7,0.9,7,3000,24,0.16912972085385877,0.19266557197591644,0.917131212422064,0.90448693912341,6,406
correlated,6.0,30,0.7,0.9,7,3000,28,0.16707717569786537,0.19328133552271165,1.0663885956451384,1.0401902967927688,6,406
correlated,6.0,30,0.7,0.9,7,3000,34,0.16707717569786537,0.19328133552271165,1.3606264573544806,1.3101104611273189,6,406
correlated,6.0,30,0.7,0.9,7,3000,40,0.16461412151067323,0.14155719759168203,1.3225226862999973,1.1664303314353341,6,406
correlated,6.0,30,0.7,0.9,7,3000,47,0.16502463054187191,0.1428571428571453,1.399359894744381,1.3238516582469022,6,406
correlated,6.0,30,0.7,0.9,7,3000,56,0.1621510673234811,0.13663108921729786,1.7389724081364388,1.5290001084454652,6,406
correlated,6.0,30,0.7,0.9,7,3000,66,0.16133004926108377,0.1615353037766806,2.116529327758752,1.8410830302221215,6,406
correlated,6.0,30,0.7,0.9,7,3000,78,0.1625615763546798,0.16912972085385855,2.619065056278138,2.539684585609636,6,406
correlated,6.0,30,0.7,0.9,7,3000,92,0.16050903119868637,0.13252599890530917,3.544017165596811,3.631330224359437,6,406
correlated,6.0,30,0.7,0.9,7,3000,109,0.1592775041050903,0.22468527640941358,4.54402044584245,4.4014857164874135,6,406
correlated,6.0,30,0.7,0.9,7,3000,129,0.1605090311986864,0.22448002189381047,4.297822850178111,4.086620336652691,6,406
correlated,6.0,30,0.7,0.9,7,3000,152,0.15763546798029557,0.20361247947454636,5.462090350541825,5.746685659774748,6,406
correlated,6.0,30,0.7,0.9,7,3000,180,0.1539408866995074,0.2255747126436791,5.913784287273162,6.3054907667887345,6,406
correlated,6.0,30,0.7,0.9,7,3000,212,0.1535303776683087,0.20005473453749129,5.890507504505156,5.973827195069843,6,406
correlated,6.0,30,0.7,0.9,7,3000,251,0.1535303776683087,0.18363437328954496,6.701379779094143,6.011430487334932,6,406
correlated,6.0,30,0.7,0.9,7,3000,297,0.15147783251231528,0.18616584564860428,6.066951007182659,5.12759562922068,6,406
correlated,6.0,30,0.7,0.9,7,3000,351,0.14819376026272577,0.17439792008757746,6.8399685153330525,6.048393262117778,6,406
correlated,6.0,30,0.7,0.9,7,3000,415,0.15024630541871922,0.23809523809523842,8.32650423508825,7.032752425971788,6,406
correlated,6.0,30,0.7,0.9,7,3000,491,0.14696223316912974,0.24931581828133303,8.870647320754662,7.688297905199014,6,406
correlated,6.0,30,0.7,0.9,7,3000,580,0.14614121510673236,0.17214012041598142,10.873486488527847,8.863487357142526,6,406
correlated,6.0,30,0.7,0.9,7,3000,686,0.1481937602627258,0.21462780514504354,10.894207262451213,8.5287557740037,6,406
correlated,6.0,30,0.7,0.9,7,3000,811,0.14367816091954025,0.18856048166392775,12.659388151323641,9.88732597646851,6,406
correlated,6.0,30,0.7,0.9,7,3000,959,0.1383415435139573,0.15058839627805065,15.139974672793507,12.867455401939306,6,406
correlated,6.0,30,0.7,0.9,7,3000,1134,0.1358784893267652,0.10953749315818348,15.467464856750004,13.047306142973659,6,406
correlated,6.0,30,0.7,0.9,7,3000,1341,0.13752052545155993,0.1078954570333897,17.413121270033344,15.02844371859201,6,406
correlated,6.0,30,0.7,0.9,7,3000,1585,0.13054187192118227,0.12479474548440239,18.433210764746722,16.12516785217977,6,406
correlated,6.0,30,0.7,0.9,7,3000,1874,0.13423645320197045,0.1648193760262724,19.252342743629164,18.793630824176528,6,406
correlated,6.0,30,0.7,0.9,7,3000,2215,0.1268472906403941,0.20915435139572996,21.548728677569887,20.398675428843458,6,406
correlated,6.0,30,0.7,0.9,7,3000,2619,0.13054187192118225,0.2249589490968825,21.844813209757756,20.13168164497809,6,406
correlated,6.0,30,0.7,0.9,7,3000,3097,0.12807881773399013,0.11083743842364675,23.49521816574644,20.409211161320318,6,406
correlated,6.0,30,0.7,0.9,7,3000,3661,0.12438423645320197,0.15660919540229784,21.613998334058838,18.91214448414415,6,406
correlated,6.0,30,0.7,0.9,7,3000,4329,0.12192118226600986,0.17302955665024625,22.831007698365273,18.813512850666854,6,406
correlated,6.0,30,0.7,0.9,7,3000,5118,0.1198686371100164,0.18938149972632887,26.10784452992227,21.480568065275428,6,406
correlated,6.0,30,0.7,0.9,7,3000,6051,0.12027914614121511,0.15140941434044827,29.21254176218126,25.69251953019649,6,406
correlated,6.0,30,0.7,0.9,7,3000,7154,0.11699507389162563,0.15086206896551607,32.031315357173,29.372399741173705,6,406
correlated,6.0,30,0.7,0.9,7,3000,8458,0.1083743842364532,0.10919540229885086,33.95338075554858,30.56174477870346,6,406
correlated,6.0,30,0.7,0.9,7,3000,10000,0.10426929392446634,0.10481663929939747,35.93758891958914,32.55860728722692,6,406
correlated,6.0,30,0.7,0.9,7,10000,1,0.21059113300492613,0.021141215106728797,0.024142565453121986,0.02459362955138707,6,406
correlated,6.0,30,0.7,0.9,7,10000,2,0.20894909688013133,0.022509578544064934,0.03768034973695412,0.025094511158607204,6,406
correlated,6.0,30,0.7,0.9,7,10000,3,0.20812807881773399,0.01703612479474856,0.05651398053542653,0.01805087899718347,6,406
correlated,6.0,30,0.7,0.9,7,10000,4,0.20730706075533664,0.010194307608096045,0.06686792491019852,0.007223628651230595,6,406
correlated,6.0,30,0.7,0.9,7,10000,5,0.2077175697865353,0.012041598248497154,0.08595608262197198,0.023401089410532344,6,406
correlated,6.0,30,0.7,0.9,7,10000,6,0.20730706075533664,0.013478379857686434,0.09792515242046995,0.03238317147193171,6,406
correlated,6.0,30,0.7,0.9,7,10000,7,0.2056650246305419,0.014573070607550836,0.11576931210251189,0.0444956944024312,6,406
correlated,6.0,30,0.7,0.9,7,10000,9,0.20525451559934318,0.021072796934864385,0.17362206973834068,0.06328666091842385,6,406
correlated,6.0,30,0.7,0.9,7,10000,10,0.20607553366174056,0.0202517788724689,0.15861535313795339,0.06331192308818023,6,406
correlated,6.0,30,0.7,0.9,7,10000,12,0.20361247947454844,0.021893814997265504,0.21133350725092873,0.08148374797792896,6,406
correlated,6.0,30,0.7,0.9,7,10000,15,0.2040229885057471,0.015941434044886973,0.2376614638860596,0.08618210308183855,6,406
correlated,6.0,30,0.7,0.9,7,10000,17,0.2048440065681445,0.011015325670497164,0.23731886672773292,0.08558848509512368,6,406
correlated,6.0,30,0.7,0.9,7,10000,20,0.20361247947454844,0.011220580186096035,0.29353475608965773,0.08369361138040683,6,406
correlated,6.0,30,0.7,0.9,7,10000,24,0.2027914614121511,0.019430760810067782,0.29164421515765043,0.10789521676340944,6,406
correlated,6.0,30,0.7,0.9,7,10000,28,0.201559934318555,0.02579365079364969,0.29371880076613666,0.1377937592712947,6,406
correlated,6.0,30,0.7,0.9,7,10000,34,0.2036124794745484,0.03338806787083046,0.3308091202355909,0.18384857829269352,6,406
correlated,6.0,30,0.7,0.9,7,10000,40,0.2023809523809524,0.04878215654077396,0.33279895390487413,0.1835656587363561,6,406
correlated,6.0,30,0.7,0.9,7,10000,47,0.201559934318555,0.04714012041598299,0.3957814778395989,0.28016439767472817,6,406
correlated,6.0,30,0.7,0.9,7,10000,56,0.20032840722495895,0.04324028461959599,0.5107732796076845,0.34695672155712187,6,406
correlated,6.0,30,0.7,0.9,7,10000,66,0.2007389162561576,0.049876847290644,0.48968897104671494,0.3302660712340331,6,406
correlated,6.0,30,0.7,0.9,7,10000,78,0.2007389162561576,0.07122331691297448,0.5592723894359605,0.399544256740312,6,406
correlated,6.0,30,0.7,0.9,7,10000,92,0.1954022988505747,0.06130268199234172,0.678519373073086,0.49177223750053345,6,406
correlated,6.0,30,0.7,0.9,7,10000,109,0.1962233169129721,0.07197591680350274,0.6927648848059786,0.5466230843823038,6,406
correlated,6.0,30,0.7,0.9,7,10000,129,0.19293924466338255,0.06951286261631628,0.7307663500984461,0.641557253504854,6,406
correlated,6.0,30,0.7,0.9,7,10000,152,0.19499178981937604,0.05370826491516095,0.717830609466691,0.5499468865908299,6,406
correlated,6.0,30,0.7,0.9,7,10000,180,0.19376026272577995,0.035851122058022544,0.8239333224840552,0.5631733387484814,6,406
correlated,6.0,30,0.7,0.9,7,10000,212,0.19581280788177344,0.04495073891624855,0.7769640300127073,0.2752454267654175,6,406
correlated,6.0,30,0.7,0.9,7,10000,251,0.1925287356321839,0.06356048166393212,1.0254137443401343,0.4717630129942469,6,406
correlated,6.0,30,0.7,0.9,7,10000,297,0.19006568144499178,0.0643814997263276,1.2798992547014942,0.686621432112439,6,406
correlated,6.0,30,0.7,0.9,7,10000,351,0.1892446633825944,0.058634373289547945,1.52513898266674,0.9222249684828272,6,406
correlated,6.0,30,0.7,0.9,7,10000,415,0.18513957307060758,0.09065407772303945,1.329066295920087,0.7923528236577453,6,406
correlated,6.0,30,0.7,0.9,7,10000,491,0.18431855500821018,0.124315818281336,1.4662022859947348,0.9275307600216076,6,406
correlated,6.0,30,0.7,0.9,7,10000,580,0.1777504105090312,0.1407361795292823,2.226788481198198,1.4671865237468191,6,406
correlated,6.0,30,0.7,0.9,7,10000,686,0.17939244663382595,0.12842090859331906,2.0582948314327694,1.228477390993439,6,406
correlated,6.0,30,0.7,0.9,7,10000,811,0.17487684729064037,0.14860426929392778,2.413692744729182,1.5114769097348586,6,406
correlated,6.0,30,0.7,0.9,7,10000,959,0.17364532019704434,0.07614942528735302,3.018819626811346,2.0534635262024645,6,406
correlated,6.0,30,0.7,0.9,7,10000,1134,0.17610837438423643,0.08682266009852531,2.939891641686208,2.291719376073437,6,406
correlated,6.0,30,0.7,0.9,7,10000,1341,0.17323481116584563,0.06458675424192929,2.513772709848172,1.304303276895729,6,406
correlated,6.0,30,0.7,0.9,7,10000,1585,0.1744663382594417,0.13334701696771029,2.7638154662172663,1.935683952579151,6,406
correlated,6.0,30,0.7,0.9,7,10000,1874,0.16954022988505746,0.20805966064586978,3.0387279113234036,2.2531958374150896,6,406
correlated,6.0,30,0.7,0.9,7,10000,2215,0.1720032840722496,0.18096606458675119,3.024945506203393,1.7793808721152424,6,406
correlated,6.0,30,0.7,0.9,7,10000,2619,0.1683087027914614,0.21401204159824974,2.9279381459555136,2.276373135559546,6,406
correlated,6.0,30,0.7,0.9,7,10000,3097,0.16707717569786537,0.21380678708264664,2.9037503727233642,2.1817378555624507,6,406
correlated,6.0,30,0.7,0.9,7,10000,3661,0.1695402298850575,0.20641762452107038,3.050967807272104,2.2607191294990536,6,406
correlated,6.0,30,0.7,0.9,7,10000,4329,0.16050903119868637,0.22776409414340368,3.8560677411061755,2.9932391338601207,6,406
correlated,6.0,30,0.7,0.9,7,10000,5118,0.15722495894909688,0.19163929939791927,3.8599528017634306,2.3495906041540255,6,406
correlated,6.0,30,0.7,0.9,7,10000,6051,0.1568144499178982,0.14997263273125264,4.716630635143938,2.5329395214299186,6,406
correlated,6.0,30,0.7,0.9,7,10000,7154,0.15763546798029557,0.13054187192118205,4.724848606514988,2.4098632671043014,6,406
correlated,6.0,30,0.7,0.9,7,10000,8458,0.1568144499178982,0.15161466885604644,4.986842643131413,2.264649287678254,6,406
correlated,6.0,30,0.7,0.9,7,10000,10000,0.15270935960591134,0.13218390804597582,4.884158078584703,2.7815258917785317,6,406
correlated,6.0,30,0.7,0.9,8,0,1,0.0036945812807881776,0.0014367816091954018,6.488790330779239,2.539844814420661,6,406
correlated,6.0,30,0.7,0.9,8,0,2,0.0036945812807881776,0.0014367816091954018,12.425160120297411,2.4669976732747596,6,406
correlated,6.0,30,0.7,0.9,8,0,3,0.0028735632183908046,0.0019841269841269845,20.441442470940622,4.517174573441426,6,406
correlated,6.0,30,0.7,0.9,8,0,4,0.0028735632183908046,0.0003420908593322384,28.031403902347282,7.765805230081594,6,406
correlated,6.0,30,0.7,0.9,8,0,5,0.0024630541871921183,0.0008210180623973724,39.515243396412835,10.952304508216965,6,406
correlated,6.0,30,0.7,0.9,8,0,6,0.0036945812807881776,0.0014367816091954018,48.143903558920975,10.715631705003569,6,406
correlated,6.0,30,0.7,0.9,8,0,7,0.003284072249589491,0.0005473453749315834,57.59931942895394,13.329985338117039,6,406
correlated,6.0,30,0.7,0.9,8,0,9,0.0028735632183908046,0.0011631089217296114,85.1822501135792,31.590131132714625,6,406
correlated,6.0,30,0.7,0.9,8,0,10,0.003284072249589491,0.0005473453749315834,98.21047887923903,31.75057536071939,6,406
correlated,6.0,30,0.7,0.9,8,0,12,0.0024630541871921183,0.000821018062397373,127.46599084614706,42.735977178875686,6,406
correlated,6.0,30,0.7,0.9,8,0,15,0.0024630541871921183,0.000821018062397373,168.56458325918274,68.89002476753096,6,406
correlated,6.0,30,0.7,0.9,8,0,17,0.0028735632183908046,0.0019841269841269845,190.1548756717253,59.25989674294669,6,406
correlated,6.0,30,0.7,0.9,8,0,20,0.002052545155993432,0.0011631089217296114,240.54538260667223,67.60462471897138,6,406
correlated,6.0,30,0.7,0.9,8,0,24,0.002052545155993432,0.0003420908593322384,305.98291359041906,92.45648577601688,6,406
correlated,6.0,30,0.7,0.9,8,0,28,0.0024630541871921183,-3.4389537658524594e-19,358.95953562444146,110.28651730593262,6,406
correlated,6.0,30,0.7,0.9,8,0,34,0.0016420361247947454,0.0005473453749315822,467.0299319513397,139.52848940243442,6,406
correlated,6.0,30,0.7,0.9,8,0,40,0.0012315270935960591,0.0006157635467980298,625.9857247465239,203.46059111245677,6,406
correlated,6.0,30,0.7,0.9,8,0,47,0.0012315270935960591,0.0006157635467980298,794.0846947798838,287.4837138440089,6,406
correlated,6.0,30,0.7,0.9,8,0,56,0.0008210180623973727,0.0005473453749315821,907.687361412955,347.3047894213888,6,406
correlated,6.0,30,0.7,0.9,8,0,66,0.0012315270935960591,0.0006157635467980298,1108.2824958535807,411.7479187319763,6,406
correlated,6.0,30,0.7,0.9,8,0,78,0.0016420361247947454,0.0005473453749315822,1288.1626769082402,416.8605825783915,6,406
correlated,6.0,30,0.7,0.9,8,0,92,0.0016420361247947454,0.0005473453749315822,1483.8512481598693,447.5686953816875,6,406
correlated,6.0,30,0.7,0.9,8,0,109,0.0012315270935960591,0.0006157635467980298,1732.3856713369667,530.048315814715,6,406
correlated,6.0,30,0.7,0.9,8,0,129,0.0016420361247947454,0.0005473453749315822,1992.4592248069237,661.1377913503734,6,406
correlated,6.0,30,0.7,0.9,8,0,152,0.0012315270935960591,0.0006157635467980298,2166.9999616602067,649.6637753511018,6,406
correlated,6.0,30,0.7,0.9,8,0,180,0.0008210180623973727,0.0005473453749315821,2404.030065970655,679.3113389923262,6,406
correlated,6.0,30,0.7,0.9,8,0,212,0.0008210180623973727,0.0005473453749315821,2646.615827472393,764.9426072650942,6,406
correlated,6.0,30,0.7,0.9,8,0,251,0.00041050903119868636,0.0003420908593322387,2839.391102251159,845.5234921191756,6,406
correlated,6.0,30,0.7,0.9,8,0,297,0.0008210180623973727,0.0005473453749315821,2992.9043089192924,818.329782562996,6,406
correlated,6.0,30,0.7,0.9,8,0,351,0.00041050903119868636,0.0003420908593322387,3058.5812872121546,866.3394658820736,6,406
correlated,6.0,30,0.7,0.9,8,0,415,0.00041050903119868636,0.0003420908593322387,3130.823752668742,889.1733803746224,6,406
correlated,6.0,30,0.7,0.9,8,0,491,0.00041050903119868636,0.0003420908593322387,3225.2495071567023,893.1189801931439,6,406
correlated,6.0,30,0.7,0.9,8,0,580,0.0008210180623973727,0.0013683634373289548,3313.8160658097368,950.7484562323524,6,406
correlated,6.0,30,0.7,0.9,8,0,686,0.00041050903119868636,0.0003420908593322387,3374.4287105472254,973.6624455226873,6,406
correlated,6.0,30,0.7,0.9,8,0,811,0.0008210180623973727,0.0005473453749315821,3512.1135132046493,934.6512378212934,6,406
correlated,6.0,30,0.7,0.9,8,0,959,0.0012315270935960591,0.0014367816091954023,3583.6546383250316,935.7499785015973,6,406
correlated,6.0,30,0.7,0.9,8,0,1134,0.0012315270935960591,0.0014367816091954023,3669.51949171566,1004.1356812541582,6,406
correlated,6.0,30,0.7,0.9,8,0,1341,0.0008210180623973727,0.0005473453749315821,3744.0728431150405,1066.5699441704903,6,406
correlated,6.0,30,0.7,0.9,8,0,1585,0.0008210180623973727,0.0005473453749315821,3818.0967895756517,1076.26495851682,6,406
correlated,6.0,30,0.7,0.9,8,0,1874,0.0008210180623973727,0.0005473453749315821,3904.40389911682,1091.8643464276038,6,406
correlated,6.0,30,0.7,0.9,8,0,2215,0.0008210180623973727,0.0005473453749315821,3980.623248505153,1089.298053969568,6,406
correlated,6.0,30,0.7,0.9,8,0,2619,0.00041050903119868636,0.0003420908593322387,4032.218896003102,1098.8939761968832,6,406
correlated,6.0,30,0.7,0.9,8,0,3097,0.0012315270935960591,0.0006157635467980298,4058.5923287148967,1183.6950728715863,6,406
correlated,6.0,30,0.7,0.9,8,0,3661,0.0012315270935960591,0.0006157635467980298,4120.68687077901,1103.717381132066,6,406
correlated,6.0,30,0.7,0.9,8,0,4329,0.0012315270935960591,0.0006157635467980298,4209.808408201382,1129.8278858347364,6,406
correlated,6.0,30,0.7,0.9,8,0,5118,0.0016420361247947454,0.0005473453749315822,4303.043979164815,1158.3511222418322,6,406
correlated,6.0,30,0.7,0.9,8,0,6051,0.0008210180623973727,0.0005473453749315821,4376.976080503484,1212.4559804744656,6,406
correlated,6.0,30,0.7,0.9,8,0,7154,0.00041050903119868636,0.0003420908593322387,4396.610314192927,1223.3460378088892,6,406
correlated,6.0,30,0.7,0.9,8,0,8458,0.00041050903119868636,0.0003420908593322387,4400.794127892316,1221.483178168188,6,406
correlated,6.0,30,0.7,0.9,8,0,10000,0.00041050903119868636,0.0003420908593322387,4416.040229380187,1225.0116681154864,6,406
correlated,6.0,30,0.7,0.9,8,1000,1,0.14696223316912974,0.29365079365079344,0.10275091731006859,0.054510708602782176,6,406
correlated,6.0,30,0.7,0.9,8,1000,2,0.14655172413793105,0.29125615763546714,0.24742350084837292,0.18894695957711638,6,406
correlated,6.0,30,0.7,0.9,8,1000,3,0.14449917898193762,0.2870826491516141,0.34782915980998313,0.26164450850476173,6,406
correlated,6.0,30,0.7,0.9,8,1000,4,0.14244663382594416,0.32464422550629624,0.48525676820782854,0.3366286267615473,6,406
correlated,6.0,30,0.7,0.9,8,1000,5,0.1420361247947455,0.3322386425834685,0.5769457022451535,0.4363323202523048,6,406
correlated,6.0,30,0.7,0.9,8,1000,6,0.14121510673234813,0.34948002189381455,0.871961117670756,0.966309204342832,6,406
correlated,6.0,30,0.7,0.9,8,1000,7,0.14244663382594416,0.3303913519430773,0.9977172436733882,1.0672435303853898,6,406
correlated,6.0,30,0.7,0.9,8,1000,9,0.1412151067323481,0.3149972632731267,1.3749043638900762,1.0361346627264256,6,406
correlated,6.0,30,0.7,0.9,8,1000,10,0.14039408866995076,0.3193760262725745,1.5526636377498149,1.069291193368222,6,406
correlated,6.0,30,0.7,0.9,8,1000,12,0.1395730706075534,0.33962780514504476,1.6780958418322778,1.214476220226657,6,406
correlated,6.0,30,0.7,0.9,8,1000,15,0.1354679802955665,0.3193760262725773,2.5262413813281235,2.7825644796508175,6,406
correlated,6.0,30,0.7,0.9,8,1000,17,0.13464696223316913,0.33141762452107165,2.7788184564547893,2.923218317114288,6,406
correlated,6.0,30,0.7,0.9,8,1000,20,0.1358784893267652,0.3427066228790363,3.0193143499029813,3.046267829789514,6,406
correlated,6.0,30,0.7,0.9,8,1000,24,0.1346469622331691,0.34537493158183147,3.6579373835155593,3.8817781881183597,6,406
correlated,6.0,30,0.7,0.9,8,1000,28,0.1330049261083744,0.30788177339901374,4.208224137025748,5.016137398506582,6,406
correlated,6.0,30,0.7,0.9,8,1000,34,0.13341543513957305,0.27374110563765924,4.749500650389284,6.1861681454304716,6,406
correlated,6.0,30,0.7,0.9,8,1000,40,0.13423645320197045,0.2855090311986875,5.189839586012067,5.848745239635804,6,406
correlated,6.0,30,0.7,0.9,8,1000,47,0.13136288998357964,0.22961138478379775,5.935245592816368,6.988352814197359,6,406
correlated,6.0,30,0.7,0.9,8,1000,56,0.12848932676518882,0.21298576902025396,7.052251767949969,6.259203626182299,6,406
correlated,6.0,30,0.7,0.9,8,1000,66,0.12931034482758622,0.2567733990147779,7.945088244310938,7.8543726254795025,6,406
correlated,6.0,30,0.7,0.9,8,1000,78,0.13136288998357967,0.22468527640941074,8.859921824318416,7.694932030831548,6,406
correlated,6.0,30,0.7,0.9,8,1000,92,0.12972085385878487,0.1819923371647526,9.398675946363168,7.810359142843294,6,406
correlated,6.0,30,0.7,0.9,8,1000,109,0.12931034482758622,0.22311165845648562,10.179873673290976,7.2521791063541645,6,406
correlated,6.0,30,0.7,0.9,8,1000,129,0.12889983579638753,0.28379857690202365,9.90224064444311,6.70206282526948,6,406
correlated,6.0,30,0.7,0.9,8,1000,152,0.12561576354679801,0.21346469622331893,13.161963413790394,7.557534976718977,6,406
correlated,6.0,30,0.7,0.9,8,1000,180,0.12438423645320197,0.2428160919540237,11.07554902200956,7.415759714927698,6,406
correlated,6.0,30,0.7,0.9,8,1000,212,0.12151067323481117,0.21072796934866006,13.75360078790171,11.520911667387953,6,406
correlated,6.0,30,0.7,0.9,8,1000,251,0.11904761904761905,0.2698412698412687,13.50826155805519,9.328161671978597,6,406
correlated,6.0,30,0.7,0.9,8,1000,297,0.11986863711001643,0.19184455391351812,16.34874533301977,13.933388526247114,6,406
correlated,6.0,30,0.7,0.9,8,1000,351,0.11617405582922824,0.09558018609742855,21.2959864691534,20.35626500413331,6,406
correlated,6.0,30,0.7,0.9,8,1000,415,0.11371100164203614,0.12185276409414321,25.984252270812565,22.010844176765207,6,406
correlated,6.0,30,0.7,0.9,8,1000,491,0.10960591133004927,0.1656403940886707,29.886930445987762,25.258311946315594,6,406
correlated,6.0,30,0.7,0.9,8,1000,580,0.10632183908045978,0.20231253420908452,32.66360969330969,25.691374442017032,6,406
correlated,6.0,30,0.7,0.9,8,1000,686,0.09852216748768473,0.09113300492610865,32.612421988536795,27.21614669635964,6,406
correlated,6.0,30,0.7,0.9,8,1000,811,0.10303776683087028,0.10953749315818348,38.5222296754361,30.504965203476342,6,406
correlated,6.0,30,0.7,0.9,8,1000,959,0.10262725779967159,0.08264915161466939,50.42029758249237,40.975857681356764,6,406
correlated,6.0,30,0.7,0.9,8,1000,1134,0.0993431855500821,0.1171319102353579,60.662367048508514,51.03452846299305,6,406
correlated,6.0,30,0.7,0.9,8,1000,1341,0.0993431855500821,0.13026819923371666,61.61252692252432,53.37827155593681,6,406
correlated,6.0,30,0.7,0.9,8,1000,1585,0.09729064039408868,0.09749589490968774,66.1898098582635,55.19358906887412,6,406
correlated,6.0,30,0.7,0.9,8,1000,1874,0.09605911330049262,0.0796387520525451,74.96564432338626,77.68973372002968,6,406
correlated,6.0,30,0.7,0.9,8,1000,2215,0.10016420361247948,0.13191023535851115,93.10625601904964,92.78834058565106,6,406
correlated,6.0,30,0.7,0.9,8,1000,2619,0.09400656814449919,0.15715654077723004,90.66296246152638,71.35490307297417,6,406
correlated,6.0,30,0.7,0.9,8,1000,3097,0.09277504105090312,0.1992337164750958,112.10004318021,100.08864228647101,6,406
correlated,6.0,30,0.7,0.9,8,1000,3661,0.0907224958949097,0.22858511220580058,125.04494911208093,114.83841831928169,6,406
correlated,6.0,30,0.7,0.9,8,1000,4329,0.08456486042692939,0.149972632731253,168.81170535308,174.70313712725698,6,406
correlated,6.0,30,0.7,0.9,8,1000,5118,0.0812807881773399,0.18144499178981935,180.36913062111236,187.21071336258152,6,406
correlated,6.0,30,0.7,0.9,8,1000,6051,0.07717569786535304,0.12041598248494759,184.9435346701613,194.77468486452534,6,406
correlated,6.0,30,0.7,0.9,8,1000,7154,0.07676518883415434,0.15058839627805243,188.16877502687046,200.25415740874544,6,406
correlated,6.0,30,0.7,0.9,8,1000,8458,0.07635467980295567,0.11822660098522125,190.85494347135398,201.63039298847278,6,406
correlated,6.0,30,0.7,0.9,8,1000,10000,0.07635467980295566,0.13464696223317002,195.11213581619862,209.14242795698806,6,406
correlated,6.0,30,0.7,0.9,8,3000,1,0.17939244663382595,0.19163929939791785,0.0713620655879996,0.0969191899610452,6,406
correlated,6.0,30,0.7,0.9,8,3000,2,0.17816091954022986,0.17624521072797153,0.09905129998230806,0.11106275162722717,6,406
correlated,6.0,30,0.7,0.9,8,3000,3,0.17857142857142858,0.1672824302134659,0.11153004086697842,0.12109392629208297,6,406
correlated,6.0,30,0.7,0.9,8,3000,4,0.1777504105090312,0.1670087575259998,0.17069503437550926,0.14537446468912985,6,406
correlated,6.0,30,0.7,0.9,8,3000,5,0.17733990147783252,0.16912972085385855,0.19145600337321125,0.16105333711369865,6,406
correlated,6.0,30,0.7,0.9,8,3000,6,0.17610837438423646,0.19437602627258027,0.22105237490426297,0.1875838160257043,6,406
correlated,6.0,30,0.7,0.9,8,3000,7,0.1752873563218391,0.19820744389710004,0.24401853793222614,0.20694044847389664,6,406
correlated,6.0,30,0.7,0.9,8,3000,9,0.17364532019704434,0.19355500821017774,0.4097987069008436,0.47121634129589096,6,406
correlated,6.0,30,0.7,0.9,8,3000,10,0.17405582922824303,0.19102353585112264,0.41741708311523834,0.4853888332217714,6,406
correlated,6.0,30,0.7,0.9,8,3000,12,0.1724137931034483,0.20525451559934296,0.5384661530271014,0.5812095728032541,6,406
correlated,6.0,30,0.7,0.9,8,3000,15,0.1711822660098522,0.23542692939244603,0.5604048177688149,0.6001944775788716,6,406
correlated,6.0,30,0.7,0.9,8,3000,17,0.1715927750410509,0.2205801860974291,0.5862168349142536,0.6144231506831067,6,406
correlated,6.0,30,0.7,0.9,8,3000,20,0.1715927750410509,0.23125342090859294,0.6874468478535722,0.70279987764552,6,406
correlated,6.0,30,0.7,0.9,8,3000,24,0.17077175697865354,0.20415982484947856,0.8828760178867198,1.0476302236506922,6,406
correlated,6.0,30,0.7,0.9,8,3000,28,0.16666666666666666,0.18856048166393055,1.0292406680860098,1.1072793499290907,6,406
correlated,6.0,30,0.7,0.9,8,3000,34,0.16502463054187191,0.16584564860427098,1.0264314485817685,0.9576411898336443,6,406
correlated,6.0,30,0.7,0.9,8,3000,40,0.16912972085385877,0.18445539135194328,1.1262322289236508,0.7801446598829263,6,406
correlated,6.0,30,0.7,0.9,8,3000,47,0.1683087027914614,0.17049808429119045,0.961407301972926,0.6429420006279867,6,406
correlated,6.0,30,0.7,0.9,8,3000,56,0.16789819376026274,0.13663108921729503,1.3157773391247365,1.205243567554859,6,406
correlated,6.0,30,0.7,0.9,8,3000,66,0.16338259441707717,0.1655719759168049,1.6900650425100519,1.3051067997083685,6,406
correlated,6.0,30,0.7,0.9,8,3000,78,0.16461412151067323,0.14402025177887412,1.7123859525695104,1.5243873538385855,6,406
correlated,6.0,30,0.7,0.9,8,3000,92,0.16543513957307063,0.16454570333880347,2.0878282516825526,1.73424982756359,6,406
correlated,6.0,30,0.7,0.9,8,3000,109,0.16297208538587848,0.16126163108921732,3.0633950598372355,2.3817631912597643,6,406
correlated,6.0,30,0.7,0.9,8,3000,129,0.16174055829228243,0.2411056376573613,5.1645677119616344,4.370459968587573,6,406
correlated,6.0,30,0.7,0.9,8,3000,152,0.16091954022988506,0.17214012041598284,4.834786678441073,4.505125737742227,6,406
correlated,6.0,30,0.7,0.9,8,3000,180,0.16091954022988506,0.22796934865900395,5.788199911514432,7.9243328058716855,6,406
correlated,6.0,30,0.7,0.9,8,3000,212,0.1605090311986864,0.29262452107279346,7.760903262585344,12.5398043500622,6,406
correlated,6.0,30,0.7,0.9,8,3000,251,0.1568144499178982,0.24521072796934998,7.160553368350033,11.049816704989745,6,406
correlated,6.0,30,0.7,0.9,8,3000,297,0.15763546798029557,0.21346469622331754,7.384448393770257,10.978270902894982,6,406
correlated,6.0,30,0.7,0.9,8,3000,351,0.15435139573070608,0.20990695128626105,7.7271121840043655,11.663683615926685,6,406
correlated,6.0,30,0.7,0.9,8,3000,415,0.1510673234811166,0.274767378215655,9.6940677964568,14.691570254763162,6,406
correlated,6.0,30,0.7,0.9,8,3000,491,0.14696223316912974,0.27148330596606185,10.086967585050788,15.072336325748013,6,406
correlated,6.0,30,0.7,0.9,8,3000,580,0.14326765188834154,0.26799397920087537,11.992590532327744,16.061950526964278,6,406
correlated,6.0,30,0.7,0.9,8,3000,686,0.14203612479474548,0.18856048166393197,14.953376707770097,26.096044668348384,6,406
correlated,6.0,30,0.7,0.9,8,3000,811,0.14285714285714288,0.2750410509031183,19.15186984011918,32.35900631568147,6,406
correlated,6.0,30,0.7,0.9,8,3000,959,0.14121510673234813,0.24521072796934718,24.528199850635144,41.91713021923742,6,406
correlated,6.0,30,0.7,0.9,8,3000,1134,0.14367816091954022,0.3207443897099078,22.40554897343074,36.92509777370323,6,406
correlated,6.0,30,0.7,0.9,8,3000,1341,0.138752052545156,0.23453749315818473,23.954997434850153,38.263789486003645,6,406
correlated,6.0,30,0.7,0.9,8,3000,1585,0.13341543513957307,0.23269020251778927,27.782039121749293,39.56480689422999,6,406
correlated,6.0,30,0.7,0.9,8,3000,1874,0.13382594417077176,0.19266557197591644,30.940562273019868,40.70208012574355,6,406
correlated,6.0,30,0.7,0.9,8,3000,2215,0.1239737274220033,0.2624521072796911,40.535923179641784,54.30282702090065,6,406
correlated,6.0,30,0.7,0.9,8,3000,2619,0.11699507389162563,0.2436371100164199,49.22047030662622,67.13306795350479,6,406
correlated,6.0,30,0.7,0.9,8,3000,3097,0.11945812807881774,0.20012315270935782,51.304333772089024,69.28642147580267,6,406
correlated,6.0,30,0.7,0.9,8,3000,3661,0.1145320197044335,0.14757799671592708,53.16253499956258,70.60464538746388,6,406
correlated,6.0,30,0.7,0.9,8,3000,4329,0.11658456486042694,0.27640941434044813,55.72041713274635,75.42423876591971,6,406
correlated,6.0,30,0.7,0.9,8,3000,5118,0.11247947454844005,0.23289545703338885,58.52489701404986,80.60583814900666,6,406
correlated,6.0,30,0.7,0.9,8,3000,6051,0.10919540229885057,0.20169677066228858,62.338566492769104,83.86736879395114,6,406
correlated,6.0,30,0.7,0.9,8,3000,7154,0.10919540229885057,0.11713191023535932,61.67064769504449,84.7673983427392,6,406
correlated,6.0,30,0.7,0.9,8,3000,8458,0.10960591133004927,0.23624794745484365,61.9429387107137,82.84003305429393,6,406
correlated,6.0,30,0.7,0.9,8,3000,10000,0.10632183908045978,0.2425424192665562,64.63296563712353,86.28214292260608,6,406
correlated,6.0,30,0.7,0.9,8,10000,1,0.21715927750410513,0.04467706622878527,0.01856516516371622,0.02712410311500735,6,406
correlated,6.0,30,0.7,0.9,8,10000,2,0.214696223316913,0.039750957854401095,0.05739004072498848,0.03640267852265606,6,406
correlated,6.0,30,0.7,0.9,8,10000,3,0.2142857142857143,0.041050903119867185,0.07001475850206058,0.037714641838039395,6,406
correlated,6.0,30,0.7,0.9,8,10000,4,0.2142857142857143,0.041050903119867185,0.07510269669793006,0.033168836488126324,6,406
correlated,6.0,30,0.7,0.9,8,10000,5,0.21387520525451562,0.0430350301039943,0.09496362440129778,0.06630504659484641,6,406
correlated,6.0,30,0.7,0.9,8,10000,6,0.2142857142857143,0.041050903119867185,0.0889242196923709,0.05819448575922583,6,406
correlated,6.0,30,0.7,0.9,8,10000,7,0.21387520525451562,0.047140120415980175,0.10157037008684566,0.057157011371993055,6,406
correlated,6.0,30,0.7,0.9,8,10000,9,0.21223316912972082,0.03400383141762989,0.11603922036556198,0.07431099242092104,6,406
correlated,6.0,30,0.7,0.9,8,10000,10,0.2110016420361248,0.03749315818281351,0.13712259632512483,0.11231280308025704,6,406
correlated,6.0,30,0.7,0.9,8,10000,12,0.21141215106732347,0.03318281335522877,0.1396997864131116,0.10487621755281366,6,406
correlated,6.0,30,0.7,0.9,8,10000,15,0.2110016420361248,0.04488232074438696,0.19347359497644576,0.1259975826029529,6,406
correlated,6.0,30,0.7,0.9,8,10000,17,0.21059113300492607,0.060550082101813466,0.18848484293630083,0.12710786239154423,6,406
correlated,6.0,30,0.7,0.9,8,10000,20,0.21018062397372742,0.04241926655719769,0.21732057058952678,0.14222326809774355,6,406
correlated,6.0,30,0.7,0.9,8,10000,24,0.2077175697865353,0.04488232074439259,0.21871388489672605,0.11296108735487406,6,406
correlated,6.0,30,0.7,0.9,8,10000,28,0.20894909688013133,0.08572796934866372,0.2621560904631225,0.129775259642441,6,406
correlated,6.0,30,0.7,0.9,8,10000,34,0.20730706075533664,0.052066228790358715,0.32046797797046295,0.14016593922440496,6,406
correlated,6.0,30,0.7,0.9,8,10000,40,0.20607553366174056,0.031746031746033854,0.41906351222760524,0.0995105354499226,6,406
correlated,6.0,30,0.7,0.9,8,10000,47,0.20689655172413793,0.024630541871920875,0.4432901595800291,0.10854838616766947,6,406
correlated,6.0,30,0.7,0.9,8,10000,56,0.20607553366174058,0.04816639299397453,0.35460391226603255,0.11679028218322195,6,406
correlated,6.0,30,0.7,0.9,8,10000,66,0.2056650246305419,0.07614942528735302,0.38309358487729434,0.14846244399891612,6,406
correlated,6.0,30,0.7,0.9,8,10000,78,0.2040229885057471,0.027435686918451926,0.44203124560673784,0.1466818268347643,6,406
correlated,6.0,30,0.7,0.9,8,10000,92,0.2023809523809524,0.029898741105629928,0.45955809009058185,0.13925351133465894,6,406
correlated,6.0,30,0.7,0.9,8,10000,109,0.19950738916256158,0.024630541871918057,0.48289658763088283,0.0872575920915226,6,406
correlated,6.0,30,0.7,0.9,8,10000,129,0.20114942528735633,0.04898741105637283,0.476284383955529,0.10444376333899778,6,406
correlated,6.0,30,0.7,0.9,8,10000,152,0.19868637110016418,0.025998905309251377,0.626637587121964,0.24595806052920755,6,406
correlated,6.0,30,0.7,0.9,8,10000,180,0.20320197044334973,0.021141215106740066,0.6155291530329283,0.24085317460152075,6,406
correlated,6.0,30,0.7,0.9,8,10000,212,0.19991789819376027,0.030719759168033864,0.7347425692335773,0.4205125448482908,6,406
correlated,6.0,30,0.7,0.9,8,10000,251,0.19663382594417078,0.03400383141761862,0.741810529504349,0.4101658592545998,6,406
correlated,6.0,30,0.7,0.9,8,10000,297,0.19745484400656818,0.011836343732889831,0.9281941089505804,0.3346404781416476,6,406
correlated,6.0,30,0.7,0.9,8,10000,351,0.19293924466338255,0.045703338806790894,0.933458062308424,0.35817682490016384,6,406
correlated,6.0,30,0.7,0.9,8,10000,415,0.1954022988505747,0.058839627805146816,0.9927151392342136,0.6314836250729835,6,406
correlated,6.0,30,0.7,0.9,8,10000,491,0.18965517241379312,0.042692939244658154,1.1764287156553184,0.7785872955828781,6,406
correlated,6.0,30,0.7,0.9,8,10000,580,0.19170771756978655,0.07341269841269484,1.3126892068333864,1.0308479724947044,6,406
correlated,6.0,30,0.7,0.9,8,10000,686,0.18801313628899832,0.08347016967707051,1.2414875606837625,0.7341360177748871,6,406
correlated,6.0,30,0.7,0.9,8,10000,811,0.18678160919540232,0.0766967706622824,1.512691583294518,0.8773340852285275,6,406
correlated,6.0,30,0.7,0.9,8,10000,959,0.17857142857142858,0.13772577996716084,1.5640807111954675,0.8886157047874613,6,406
correlated,6.0,30,0.7,0.9,8,10000,1134,0.17816091954022992,0.1746031746031693,1.794485470292008,1.093826166562951,6,406
correlated,6.0,30,0.7,0.9,8,10000,1341,0.17651888341543512,0.13765736179529642,2.061981263531072,1.1701535097558438,6,406
correlated,6.0,30,0.7,0.9,8,10000,1585,0.180623973727422,0.17131910235358735,1.8865962858941148,1.0612534321498812,6,406
correlated,6.0,30,0.7,0.9,8,10000,1874,0.17569786535303777,0.07525998905309172,2.2994488444721424,0.9199170557298012,6,406
correlated,6.0,30,0.7,0.9,8,10000,2215,0.17077175697865354,0.04241926655719628,2.6046969515068237,0.9342135260629079,6,406
correlated,6.0,30,0.7,0.9,8,10000,2619,0.17118226600985223,0.15496715927750265,2.7868775968323694,1.2399146192543837,6,406
correlated,6.0,30,0.7,0.9,8,10000,3097,0.16379310344827588,0.18944991789819046,2.766897643192784,1.127613629628891,6,406
correlated,6.0,30,0.7,0.9,8,10000,3661,0.16748768472906403,0.10591133004926398,2.874207599701414,1.2574644367066616,6,406
correlated,6.0,30,0.7,0.9,8,10000,4329,0.16461412151067326,0.12595785440612556,2.655118254179818,0.8590957300027205,6,406
correlated,6.0,30,0.7,0.9,8,10000,5118,0.16379310344827588,0.12376847290640099,2.9738380577477748,1.3182966983367654,6,406
correlated,6.0,30,0.7,0.9,8,10000,6051,0.16091954022988506,0.09168035030104085,3.1776113543118867,1.0841461927885159,6,406
correlated,6.0,30,0.7,0.9,8,10000,7154,0.15435139573070608,0.06951286261631065,3.7489570535571644,1.507386216106852,6,406
correlated,6.0,30,0.7,0.9,8,10000,8458,0.1564039408866995,0.2017651888341523,3.6174280309993123,1.5491458072061508,6,406
correlated,6.0,30,0.7,0.9,8,10000,10000,0.15845648604269294,0.13026819923371877,4.071573174316945,1.4012242273753273,6,406
correlated,6.0,30,0.7,0.9,9,0,1,0.0036945812807881767,0.002257799671592776,5.16049430389227,2.0429668773838996,6,406
correlated,6.0,30,0.7,0.9,9,0,2,0.0024630541871921183,0.0016420361247947454,12.52437189291389,4.816171549897999,6,406
correlated,6.0,30,0.7,0.9,9,0,3,0.003284072249589491,0.0013683634373289556,22.562562860724217,14.510923579756279,6,406
correlated,6.0,30,0.7,0.9,9,0,4,0.0028735632183908046,0.0019841269841269853,30.33733999878247,15.932281623198183,6,406
correlated,6.0,30,0.7,0.9,9,0,5,0.0024630541871921183,0.003284072249589491,37.70937695752966,16.99375779490723,6,406
correlated,6.0,30,0.7,0.9,9,0,6,0.0024630541871921183,0.003284072249589491,48.27785602205293,18.189551217889814,6,406
correlated,6.0,30,0.7,0.9,9,0,7,0.0024630541871921183,0.003284072249589491,59.34351913138038,16.745072811540318,6,406
correlated,6.0,30,0.7,0.9,9,0,9,0.003284072249589491,0.0030103995621237004,78.09990523577046,26.2565264271359,6,406
correlated,6.0,30,0.7,0.9,9,0,10,0.003284072249589491,0.0038314176245210735,90.53504528211259,31.691697934874092,6,406
correlated,6.0,30,0.7,0.9,9,0,12,0.0024630541871921183,0.003284072249589491,118.0131925104062,37.23551547172336,6,406
correlated,6.0,30,0.7,0.9,9,0,15,0.0024630541871921183,0.003284072249589491,159.11963767112724,45.15779332200924,6,406
correlated,6.0,30,0.7,0.9,9,0,17,0.0028735632183908046,0.004447181171319102,202.57722343330056,69.79943393950671,6,406
correlated,6.0,30,0.7,0.9,9,0,20,0.0028735632183908046,0.0028051450465243566,249.4258105726832,102.85517673650739,6,406
correlated,6.0,30,0.7,0.9,9,0,24,0.0028735632183908046,0.0028051450465243566,316.75977566420886,140.78221067609914,6,406
correlated,6.0,30,0.7,0.9,9,0,28,0.0024630541871921183,0.003284072249589491,393.6164251397074,156.5140968145524,6,406
correlated,6.0,30,0.7,0.9,9,0,34,0.0028735632183908046,0.004447181171319102,479.6851535821831,178.9310967905495,6,406
correlated,6.0,30,0.7,0.9,9,0,40,0.0028735632183908046,0.005268199233716476,614.6451365017339,221.51106593859146,6,406
correlated,6.0,30,0.7,0.9,9,0,47,0.0024630541871921183,0.0049261083743842365,766.2478883099443,278.33364341569626,6,406
correlated,6.0,30,0.7,0.9,9,0,56,0.002052545155993432,0.005268199233716475,949.994561655402,374.05793948625393,6,406
correlated,6.0,30,0.7,0.9,9,0,66,0.002052545155993432,0.005268199233716475,1087.7439182921735,396.5814191915401,6,406
correlated,6.0,30,0.7,0.9,9,0,78,0.0024630541871921183,0.0049261083743842365,1282.09788920927,446.69849533362884,6,406
correlated,6.0,30,0.7,0.9,9,0,92,0.002052545155993432,0.005268199233716475,1522.44896567203,631.1910560383714,6,406
correlated,6.0,30,0.7,0.9,9,0,109,0.0012315270935960591,0.0014367816091954023,1768.2779048048276,785.5264918089309,6,406
correlated,6.0,30,0.7,0.9,9,0,129,0.0016420361247947454,0.0030103995621236996,1966.5392239309658,892.8696663667286,6,406
correlated,6.0,30,0.7,0.9,9,0,152,0.0016420361247947454,0.0030103995621236996,2060.204941082175,975.2432415633144,6,406
correlated,6.0,30,0.7,0.9,9,0,180,0.0024630541871921183,0.0049261083743842365,2226.7511683684406,967.3565908417768,6,406
correlated,6.0,30,0.7,0.9,9,0,212,0.0020525451559934315,0.0028051450465243566,2384.6430039579113,1013.8011394539909,6,406
correlated,6.0,30,0.7,0.9,9,0,251,0.0024630541871921183,0.002463054187192118,2620.427770116715,1116.252648064577,6,406
correlated,6.0,30,0.7,0.9,9,0,297,0.0024630541871921183,0.002463054187192118,2733.602834655338,1134.526527044787,6,406
correlated,6.0,30,0.7,0.9,9,0,351,0.0016420361247947454,0.0013683634373289552,2867.5694991711175,1193.3488405603243,6,406
correlated,6.0,30,0.7,0.9,9,0,415,0.0008210180623973727,0.0005473453749315821,2952.1094191277934,1202.7090660925023,6,406
correlated,6.0,30,0.7,0.9,9,0,491,0.0012315270935960591,0.0006157635467980298,2994.320043121083,1209.9392120476055,6,406
correlated,6.0,30,0.7,0.9,9,0,580,0.0016420361247947454,0.0005473453749315822,3094.4173348439185,1319.0674596614576,6,406
correlated,6.0,30,0.7,0.9,9,0,686,0.0012315270935960591,0.0006157635467980298,3298.528289818733,1492.8511974470666,6,406
correlated,6.0,30,0.7,0.9,9,0,811,0.0016420361247947454,0.0013683634373289546,3389.6653047046802,1586.2000381483303,6,406
correlated,6.0,30,0.7,0.9,9,0,959,0.0016420361247947454,0.0013683634373289546,3546.857673396474,1576.4993244299571,6,406
correlated,6.0,30,0.7,0.9,9,0,1134,0.0016420361247947454,0.0013683634373289546,3691.8344712956446,1584.922780012877,6,406
correlated,6.0,30,0.7,0.9,9,0,1341,0.0016420361247947454,0.0013683634373289546,3753.060134703937,1617.6038207067163,6,406
correlated,6.0,30,0.7,0.9,9,0,1585,0.0016420361247947454,0.0013683634373289546,3794.864257367329,1658.446481123255,6,406
correlated,6.0,30,0.7,0.9,9,0,1874,0.0016420361247947454,0.0013683634373289546,3904.1240395553127,1669.2302026815057,6,406
correlated,6.0,30,0.7,0.9,9,0,2215,0.0016420361247947454,0.0013683634373289546,3935.262219921824,1674.5174118416026,6,406
correlated,6.0,30,0.7,0.9,9,0,2619,0.0016420361247947454,0.0013683634373289546,3955.603333882415,1714.6668238749505,6,406
correlated,6.0,30,0.7,0.9,9,0,3097,0.002052545155993432,0.0011631089217296112,4008.0957022460266,1722.5480019990541,6,406
correlated,6.0,30,0.7,0.9,9,0,3661,0.002052545155993432,0.0011631089217296112,4083.15102842661,1775.530031985747,6,406
correlated,6.0,30,0.7,0.9,9,0,4329,0.002052545155993432,0.0011631089217296112,4209.324896092813,1789.8311424786084,6,406
correlated,6.0,30,0.7,0.9,9,0,5118,0.002052545155993432,0.0011631089217296112,4256.894740743437,1822.1291374631655,6,406
correlated,6.0,30,0.7,0.9,9,0,6051,0.0016420361247947454,0.0013683634373289546,4312.799150508376,1868.0903477928218,6,406
correlated,6.0,30,0.7,0.9,9,0,7154,0.002052545155993432,0.0011631089217296112,4299.802900571088,1887.3685443641293,6,406
correlated,6.0,30,0.7,0.9,9,0,8458,0.002052545155993432,0.0011631089217296112,4363.731181847672,1967.0016573097269,6,406
correlated,6.0,30,0.7,0.9,9,0,10000,0.002052545155993432,0.0011631089217296112,4385.827053012984,2003.144382983846,6,406
correlated,6.0,30,0.7,0.9,9,1000,1,0.16091954022988506,0.6844553913519427,0.2107521440332286,0.23065862141644083,6,406
correlated,6.0,30,0.7,0.9,9,1000,2,0.1592775041050903,0.6811713191023537,0.41166348887971305,0.5523356414514473,6,406
correlated,6.0,30,0.7,0.9,9,1000,3,0.1592775041050903,0.6565407772304328,0.6024721744951346,0.8279475148904284,6,406
correlated,6.0,30,0.7,0.9,9,1000,4,0.1592775041050903,0.6491516146688565,0.6843286983794997,0.8283967387282285,6,406
correlated,6.0,30,0.7,0.9,9,1000,5,0.159688013136289,0.6949233716475091,0.7442125369511539,0.7570686474225473,6,406
correlated,6.0,30,0.7,0.9,9,1000,6,0.1592775041050903,0.7123700054734525,1.0318544765153959,1.3588413676083402,6,406
correlated,6.0,30,0.7,0.9,9,1000,7,0.15599343185550082,0.6499726327312548,1.1253794481681714,1.6553757489081613,6,406
correlated,6.0,30,0.7,0.9,9,1000,9,0.15229885057471262,0.6563355227148353,1.472167149486176,1.6299296222038893,6,406
correlated,6.0,30,0.7,0.9,9,1000,10,0.15147783251231528,0.6738505747126432,1.8268913603616597,2.319332607370231,6,406
correlated,6.0,30,0.7,0.9,9,1000,12,0.15065681444991788,0.646483305966067,2.2132446579645504,3.0939661859239433,6,406
correlated,6.0,30,0.7,0.9,9,1000,15,0.15147783251231528,0.6040640394088679,2.6639641165549772,4.191412274931277,6,406
correlated,6.0,30,0.7,0.9,9,1000,17,0.15147783251231525,0.5506978653530403,2.861438090229312,3.9637190643812263,6,406
correlated,6.0,30,0.7,0.9,9,1000,20,0.15065681444991788,0.5537082649151631,2.9958250545548673,3.69070638294027,6,406
correlated,6.0,30,0.7,0.9,9,1000,24,0.1502463054187192,0.5985221674876872,3.4720763858423194,3.9838909005477956,6,406
correlated,6.0,30,0.7,0.9,9,1000,28,0.1510673234811166,0.5711548987411038,3.089195040829276,3.447090394260394,6,406
correlated,6.0,30,0.7,0.9,9,1000,34,0.1510673234811166,0.5933223864258355,3.194131206113036,3.600291534433982,6,406
correlated,6.0,30,0.7,0.9,9,1000,40,0.15188834154351394,0.6343732895457068,3.382037011486304,3.855385859943466,6,406
correlated,6.0,30,0.7,0.9,9,1000,47,0.14860426929392448,0.6302681992337154,3.6938651932511153,3.635141180957736,6,406
correlated,6.0,30,0.7,0.9,9,1000,56,0.14942528735632185,0.5810071154898736,4.771205441605084,5.094661310587594,6,406
correlated,6.0,30,0.7,0.9,9,1000,66,0.14696223316912974,0.7000547345374907,5.2875633743921435,5.458331588625576,6,406
correlated,6.0,30,0.7,0.9,9,1000,78,0.14614121510673236,0.7140120415982477,6.620856463150564,6.7946633668995355,6,406
correlated,6.0,30,0.7,0.9,9,1000,92,0.1436781609195402,0.7361795292829807,6.53931239136111,6.524234527865085,6,406
correlated,6.0,30,0.7,0.9,9,1000,109,0.1416256157635468,0.7641625615763579,7.058052277522204,6.986326155991587,6,406
correlated,6.0,30,0.7,0.9,9,1000,129,0.1412151067323481,0.7000547345374935,10.172516342794738,10.839267625290226,6,406
correlated,6.0,30,0.7,0.9,9,1000,152,0.14080459770114942,0.8632320744389721,8.581015076375618,8.84104218125933,6,406
correlated,6.0,30,0.7,0.9,9,1000,180,0.1416256157635468,0.8011083743842363,10.487631759036129,10.845504221180011,6,406
correlated,6.0,30,0.7,0.9,9,1000,212,0.1383415435139573,0.7909824849480018,11.73656329042988,11.909741366054384,6,406
correlated,6.0,30,0.7,0.9,9,1000,251,0.1354679802955665,0.8144499178981939,13.14393315108866,13.027759152782544,6,406
correlated,6.0,30,0.7,0.9,9,1000,297,0.14121510673234813,0.5727969348658977,15.824202512270276,16.34481051859579,6,406
correlated,6.0,30,0.7,0.9,9,1000,351,0.1395730706075534,0.6499726327312506,18.042671270121,22.107778444759667,6,406
correlated,6.0,30,0.7,0.9,9,1000,415,0.1395730706075534,0.6737821565407746,18.474822665802996,20.482947521388937,6,406
correlated,6.0,30,0.7,0.9,9,1000,491,0.13546798029556648,0.690476190476194,21.08075030745637,22.691834501597224,6,406
correlated,6.0,30,0.7,0.9,9,1000,580,0.13752052545155993,0.676039956212372,23.599661052550843,25.99314760954973,6,406
correlated,6.0,30,0.7,0.9,9,1000,686,0.1338259441707718,0.567870826491512,30.532645575655085,32.88299354149041,6,406
correlated,6.0,30,0.7,0.9,9,1000,811,0.1358784893267652,0.6817870826491517,35.175200904517,42.44338993972356,6,406
correlated,6.0,30,0.7,0.9,9,1000,959,0.13341543513957305,0.6530514504652464,38.128894954054516,41.37961233930477,6,406
correlated,6.0,30,0.7,0.9,9,1000,1134,0.13669950738916256,0.692733990147783,48.756522962849004,52.2530110147562,6,406
correlated,6.0,30,0.7,0.9,9,1000,1341,0.1330049261083744,0.5821018062397366,52.81317737892047,57.15465204220143,6,406
correlated,6.0,30,0.7,0.9,9,1000,1585,0.12931034482758622,0.6344417077175685,58.9830508357422,67.89922904421837,6,406
correlated,6.0,30,0.7,0.9,9,1000,1874,0.12397372742200329,0.6351943076081003,63.8213693813636,72.97128243210746,6,406
correlated,6.0,30,0.7,0.9,9,1000,2215,0.12274220032840721,0.5857279693486603,69.02311003417958,89.13074868478489,6,406
correlated,6.0,30,0.7,0.9,9,1000,2619,0.12110016420361251,0.6136425834701673,81.27165814120112,115.92343283587553,6,406
correlated,6.0,30,0.7,0.9,9,1000,3097,0.11945812807881774,0.5038998357963871,110.88594719568727,164.31807759454676,6,406
correlated,6.0,30,0.7,0.9,9,1000,3661,0.11986863711001643,0.6688560481663911,126.28881936291549,197.96502996008394,6,406
correlated,6.0,30,0.7,0.9,9,1000,4329,0.11781609195402298,0.6103585112205805,139.70205654414698,199.8659267860382,6,406
correlated,6.0,30,0.7,0.9,9,1000,5118,0.11206896551724138,0.49979474548439984,147.68569372767402,204.95847875610366,6,406
correlated,6.0,30,0.7,0.9,9,1000,6051,0.10960591133004927,0.5695812807881773,148.43750687745145,200.74908419923003,6,406
correlated,6.0,30,0.7,0.9,9,1000,7154,0.0997536945812808,0.32984400656814367,156.24819167685988,207.2576983813671,6,406
correlated,6.0,30,0.7,0.9,9,1000,8458,0.10262725779967158,0.3215654077723054,169.7131408243068,217.21722048200715,6,406
correlated,6.0,30,0.7,0.9,9,1000,10000,0.09564860426929393,0.23597427476737753,191.6858100910902,220.9422412708271,6,406
correlated,6.0,30,0.7,0.9,9,3000,1,0.1929392446633826,0.40530925013683006,0.016815887396126963,0.016044328476065274,6,406
correlated,6.0,30,0.7,0.9,9,3000,2,0.19211822660098524,0.4014778325123103,0.08252396907680372,0.07195962114334281,6,406
correlated,6.0,30,0.7,0.9,9,3000,3,0.19170771756978655,0.3903256704980814,0.14548048233257052,0.17159379566654465,6,406
correlated,6.0,30,0.7,0.9,9,3000,4,0.19129720853858787,0.3979200875752566,0.23256950283325817,0.24559600076864202,6,406
correlated,6.0,30,0.7,0.9,9,3000,5,0.19047619047619047,0.3987411056376605,0.27179339026398996,0.2880249989740389,6,406
correlated,6.0,30,0.7,0.9,9,3000,6,0.18965517241379312,0.3949096880131323,0.35423221542628996,0.3659519949958445,6,406
correlated,6.0,30,0.7,0.9,9,3000,7,0.18883415435139572,0.4176245210727989,0.46531446439810614,0.5039363454382153,6,406
correlated,6.0,30,0.7,0.9,9,3000,9,0.18801313628899832,0.4685276409414373,0.5589381439285438,0.6323478006190655,6,406
correlated,6.0,30,0.7,0.9,9,3000,10,0.18801313628899832,0.4225506294471859,0.5908219326112115,0.5905499574596773,6,406
correlated,6.0,30,0.7,0.9,9,3000,12,0.18842364532019704,0.43575533661740623,1.0343708845954123,1.4613391100472295,6,406
correlated,6.0,30,0.7,0.9,9,3000,15,0.18842364532019704,0.41276683087027916,1.1205295110104263,1.6634050911760112,6,406
correlated,6.0,30,0.7,0.9,9,3000,17,0.18760262725779966,0.4461548987411068,1.2780377055443484,1.7003453916203164,6,406
correlated,6.0,30,0.7,0.9,9,3000,20,0.18842364532019706,0.3979885057471238,1.7574908253447727,2.7789217267548425,6,406
correlated,6.0,30,0.7,0.9,9,3000,24,0.18760262725779966,0.42152435686918593,1.9034947717156623,2.8663098122972785,6,406
correlated,6.0,30,0.7,0.9,9,3000,28,0.18637110016420363,0.38806787082648825,2.014114054629163,2.81704927312782,6,406
correlated,6.0,30,0.7,0.9,9,3000,34,0.1847290640394089,0.34154351395730187,1.8830347873283122,2.778936604404805,6,406
correlated,6.0,30,0.7,0.9,9,3000,40,0.18513957307060758,0.3739053092501323,2.1269009789606668,3.143260633767237,6,406
correlated,6.0,30,0.7,0.9,9,3000,47,0.18513957307060755,0.35830596606458714,2.151367018549732,2.925891680733332,6,406
correlated,6.0,30,0.7,0.9,9,3000,56,0.18431855500821018,0.3788314176245221,1.835936619248021,2.4623634258703646,6,406
correlated,6.0,30,0.7,0.9,9,3000,66,0.18226600985221675,0.33087027914613804,2.111172365719399,2.638998882563627,6,406
correlated,6.0,30,0.7,0.9,9,3000,78,0.1830870279146141,0.3691844553913583,2.290448107102946,2.9067590560971124,6,406
correlated,6.0,30,0.7,0.9,9,3000,92,0.17651888341543512,0.3708264915161521,2.6625393651643416,3.1820943697849104,6,406
correlated,6.0,30,0.7,0.9,9,3000,109,0.17610837438423646,0.3372331691297185,2.8700590486735007,2.5812015613322297,6,406
correlated,6.0,30,0.7,0.9,9,3000,129,0.17323481116584563,0.36754241926655884,3.1363867149899405,2.670628263749063,6,406
correlated,6.0,30,0.7,0.9,9,3000,152,0.17405582922824303,0.36343732895456876,4.4426993129381245,4.317946143996927,6,406
correlated,6.0,30,0.7,0.9,9,3000,180,0.17364532019704434,0.35365353037766345,4.663909834434277,4.647445677905237,6,406
correlated,6.0,30,0.7,0.9,9,3000,212,0.17282430213464697,0.29426655719759287,5.5698091622991965,5.140281962975431,6,406
correlated,6.0,30,0.7,0.9,9,3000,251,0.1724137931034483,0.3883415435139557,4.631793692745998,4.566823490587153,6,406
correlated,6.0,30,0.7,0.9,9,3000,297,0.17569786535303777,0.559660645867543,5.4395038509070295,5.251840607962581,6,406
correlated,6.0,30,0.7,0.9,9,3000,351,0.17364532019704434,0.44150246305418306,5.308675980107784,5.989019034419934,6,406
correlated,6.0,30,0.7,0.9,9,3000,415,0.1724137931034483,0.5205254515599316,6.50697689617693,7.489779785001549,6,406
correlated,6.0,30,0.7,0.9,9,3000,491,0.16871921182266011,0.4669540229885051,8.085653687131048,10.104214446390666,6,406
correlated,6.0,30,0.7,0.9,9,3000,580,0.17036124794745486,0.48802681992337227,8.70336070142901,10.050768497718453,6,406
correlated,6.0,30,0.7,0.9,9,3000,686,0.16707717569786537,0.6218527640941405,11.062050130146277,12.828422646616977,6,406
correlated,6.0,30,0.7,0.9,9,3000,811,0.16748768472906403,0.5550082101806264,13.030903200752233,18.45410510946686,6,406
correlated,6.0,30,0.7,0.9,9,3000,959,0.1621510673234811,0.5282567049808454,17.291454671364054,30.55950900022143,6,406
correlated,6.0,30,0.7,0.9,9,3000,1134,0.1625615763546798,0.45238095238095144,21.61084063036873,39.811796645553606,6,406
correlated,6.0,30,0.7,0.9,9,3000,1341,0.1605090311986864,0.43055555555555314,23.52032534157883,42.072859843034735,6,406
correlated,6.0,30,0.7,0.9,9,3000,1585,0.15435139573070608,0.5711548987411053,28.733215889957364,52.67030302402135,6,406
correlated,6.0,30,0.7,0.9,9,3000,1874,0.15517241379310345,0.5755336617405558,30.1107129045081,51.8813693077347,6,406
correlated,6.0,30,0.7,0.9,9,3000,2215,0.15188834154351394,0.5867542419266589,32.62027388148364,53.304304695710265,6,406
correlated,6.0,30,0.7,0.9,9,3000,2619,0.15435139573070608,0.4750957854406138,37.25335211873642,54.24308980121483,6,406
correlated,6.0,30,0.7,0.9,9,3000,3097,0.14080459770114942,0.45764915161467035,37.8600328478199,56.00330113760683,6,406
correlated,6.0,30,0.7,0.9,9,3000,3661,0.14573070607553365,0.5454980842911872,41.56021165541,55.074307288753204,6,406
correlated,6.0,30,0.7,0.9,9,3000,4329,0.14367816091954025,0.44800218938149805,37.15699001455426,53.969221513709044,6,406
correlated,6.0,30,0.7,0.9,9,3000,5118,0.13669950738916256,0.25759441707717623,36.661466173710785,53.209441888106106,6,406
correlated,6.0,30,0.7,0.9,9,3000,6051,0.13177339901477833,0.21243842364531895,39.02723699255399,57.36237598754726,6,406
correlated,6.0,30,0.7,0.9,9,3000,7154,0.1301313628899836,0.14894636015325546,49.111928564741326,57.69665667943753,6,406
correlated,6.0,30,0.7,0.9,9,3000,8458,0.1268472906403941,0.15004105090311848,56.71423202872159,59.88336830919974,6,406
correlated,6.0,30,0.7,0.9,9,3000,10000,0.12520525451559936,0.15058839627805065,66.10418431580423,67.56935898579052,6,406
correlated,6.0,30,0.7,0.9,9,10000,1,0.19909688013136287,0.30329775588396574,0.011855095120589437,0.022461068822972483,6,406
correlated,6.0,30,0.7,0.9,9,10000,2,0.19909688013136287,0.3262862616310928,0.03756118517487487,0.049602284447522745,6,406
correlated,6.0,30,0.7,0.9,9,10000,3,0.19786535303776684,0.3158182813355222,0.06254733691008205,0.05128453270882479,6,406
correlated,6.0,30,0.7,0.9,9,10000,4,0.19786535303776684,0.3158182813355222,0.10308653451310797,0.10670900668552406,6,406
correlated,6.0,30,0.7,0.9,9,10000,5,0.19704433497536952,0.3407224958948979,0.11640855815043531,0.1084558838112892,6,406
correlated,6.0,30,0.7,0.9,9,10000,6,0.19745484400656813,0.3632320744389769,0.10960869668398095,0.11691450374213286,6,406
correlated,6.0,30,0.7,0.9,9,10000,7,0.19786535303776684,0.3437328954570363,0.13817422746929123,0.1484804951607446,6,406
correlated,6.0,30,0.7,0.9,9,10000,9,0.19704433497536947,0.34564860426929334,0.18280445111065238,0.24267464380473364,6,406
correlated,6.0,30,0.7,0.9,9,10000,10,0.19704433497536947,0.34564860426929334,0.20586722743449226,0.23855615259519747,6,406
correlated,6.0,30,0.7,0.9,9,10000,12,0.1962233169129721,0.3363437328954544,0.25410457074528353,0.25097430928684267,6,406
correlated,6.0,30,0.7,0.9,9,10000,15,0.19540229885057472,0.34291187739463236,0.33166255565211267,0.3820632819726712,6,406
correlated,6.0,30,0.7,0.9,9,10000,17,0.19458128078817735,0.32840722495894875,0.3575316729226976,0.4215685402306063,6,406
correlated,6.0,30,0.7,0.9,9,10000,20,0.19458128078817735,0.36371100164203346,0.3682816752002647,0.3269780564810612,6,406
correlated,6.0,30,0.7,0.9,9,10000,24,0.1933497536945813,0.37171592775040635,0.4384989826215531,0.3645993787441595,6,406
correlated,6.0,30,0.7,0.9,9,10000,28,0.1900656814449918,0.3542008757525956,0.5795222403595127,0.5369908374785382,6,406
correlated,6.0,30,0.7,0.9,9,10000,34,0.18719211822660098,0.3013136288998358,0.6754680114870389,0.5942707858228133,6,406
correlated,6.0,30,0.7,0.9,9,10000,40,0.19088669950738915,0.29700328407225385,0.7286096384466118,0.8697093096812604,6,406
correlated,6.0,30,0.7,0.9,9,10000,47,0.19129720853858787,0.2542419266557144,0.9243546200987561,1.035676906685176,6,406
correlated,6.0,30,0.7,0.9,9,10000,56,0.1900656814449918,0.2630678708264884,1.1380849575168828,1.1775029638022314,6,406
correlated,6.0,30,0.7,0.9,9,10000,66,0.18801313628899838,0.2690202517788669,0.9223664332299345,1.1486187145933937,6,406
correlated,6.0,30,0.7,0.9,9,10000,78,0.1847290640394089,0.27422003284071717,0.9847987626455678,1.0613896492383939,6,406
correlated,6.0,30,0.7,0.9,9,10000,92,0.18513957307060755,0.2597837985769008,1.406653205725565,1.8086221270058693,6,406
correlated,6.0,30,0.7,0.9,9,10000,109,0.1839080459770115,0.240284619594963,1.6541470359894328,2.1201553641066253,6,406
correlated,6.0,30,0.7,0.9,9,10000,129,0.1839080459770115,0.30021893814997136,2.052653723569883,3.41046726872765,6,406
correlated,6.0,30,0.7,0.9,9,10000,152,0.1839080459770115,0.2895457033388076,1.9767751055252833,3.4372649442378207,6,406
correlated,6.0,30,0.7,0.9,9,10000,180,0.1847290640394089,0.3037766830870222,3.064873240907463,4.870580334009589,6,406
correlated,6.0,30,0.7,0.9,9,10000,212,0.1834975369458128,0.3199917898193753,3.1319062366923887,4.501853510792236,6,406
correlated,6.0,30,0.7,0.9,9,10000,251,0.17898193760262726,0.3626163108921747,4.152698372081326,5.365161033130477,6,406
correlated,6.0,30,0.7,0.9,9,10000,297,0.17980295566502466,0.30459770114942053,4.470713886833235,6.493994311310653,6,406
correlated,6.0,30,0.7,0.9,9,10000,351,0.18021346469622332,0.2876984126984149,5.01649637753379,7.537238288551238,6,406
correlated,6.0,30,0.7,0.9,9,10000,415,0.17898193760262723,0.383962780514508,4.734316161281175,8.500222191823235,6,406
correlated,6.0,30,0.7,0.9,9,10000,491,0.17610837438423646,0.3019293924466338,5.108265523584862,8.959306310757649,6,406
correlated,6.0,30,0.7,0.9,9,10000,580,0.17980295566502466,0.3555008210180589,4.8469779449947605,8.474489622013575,6,406
correlated,6.0,30,0.7,0.9,9,10000,686,0.17118226600985223,0.27155172413793044,5.280554419866447,8.738896058351276,6,406
correlated,6.0,30,0.7,0.9,9,10000,811,0.17364532019704434,0.2403530377668302,5.669400029710395,9.693657337705487,6,406
correlated,6.0,30,0.7,0.9,9,10000,959,0.17077175697865354,0.18609742747673846,5.655019281946504,9.288736287307838,6,406
correlated,6.0,30,0.7,0.9,9,10000,1134,0.17282430213464695,0.18999726327312688,6.620505790267887,11.600618131390064,6,406
correlated,6.0,30,0.7,0.9,9,10000,1341,0.16995073891625614,0.21346469622331893,5.314859340942806,7.1787657774643545,6,406
correlated,6.0,30,0.7,0.9,9,10000,1585,0.17118226600985223,0.19273399014778367,6.590548626181274,9.02142394026883,6,406
correlated,6.0,30,0.7,0.9,9,10000,1874,0.17118226600985223,0.23542692939244464,7.572299792021958,11.611342233531918,6,406
correlated,6.0,30,0.7,0.9,9,10000,2215,0.16461412151067323,0.2983716475095801,8.130241337296384,11.417583603328678,6,406
correlated,6.0,30,0.7,0.9,9,10000,2619,0.16297208538587848,0.29180350301039937,9.055891662108472,11.255853718598562,6,406
correlated,6.0,30,0.7,0.9,9,10000,3097,0.15886699507389163,0.2411740558292271,9.108661400775398,12.854276594528045,6,406
correlated,6.0,30,0.7,0.9,9,10000,3661,0.15476190476190477,0.26553092501368186,9.463728254121134,13.229863093528389,6,406
correlated,6.0,30,0.7,0.9,9,10000,4329,0.14983579638752054,0.37554734537493034,10.963333939155907,14.77234235775468,6,406
correlated,6.0,30,0.7,0.9,9,10000,5118,0.14901477832512314,0.4398604269293949,13.069621321335228,16.702531863076075,6,406
correlated,6.0,30,0.7,0.9,9,10000,6051,0.14942528735632185,0.5407772304324004,13.263984048382648,16.48383340980101,6,406
correlated,6.0,30,0.7,0.9,9,10000,7154,0.1449096880131363,0.5594553913519428,13.993186943440895,17.10075919241713,6,406
correlated,6.0,30,0.7,0.9,9,10000,8458,0.14408866995073893,0.37253694581280605,13.264979344552863,15.766938376679143,6,406
correlated,6.0,30,0.7,0.9,9,10000,10000,0.1383415435139573,0.38375752599890633,14.344367504300308,16.75570120567605,6,406
