ensemble,epsilon,N,kappa,pi,disorder_idx,tw,lag,Q_mean,chi4,D4_mean,D4_std,n_traj,n_pairs
iid,3.0,40,0.0,0.0,0,0,1,0.007085020242914981,0.008350202429149793,5.9753604957503486,2.29779119431948,4,741
iid,3.0,40,0.0,0.0,0,0,2,0.00641025641025641,0.007000674763832666,11.870594464072402,5.170447805311658,4,741
iid,3.0,40,0.0,0.0,0,0,3,0.0067476383265856945,0.012145748987854258,16.37481870761591,6.7204966490303795,4,741
iid,3.0,40,0.0,0.0,0,0,4,0.005398110661268556,0.008097165991902832,20.94649332821815,9.877363205753339,4,741
iid,3.0,40,0.0,0.0,0,0,7,0.004723346828609987,0.007085020242914976,44.27781222485018,11.078841137038854,4,741
iid,3.0,40,0.0,0.0,0,0,11,0.0033738191632928472,0.005735492577597841,82.62227140225819,28.032583949569617,4,741
iid,3.0,40,0.0,0.0,0,0,18,0.003036437246963563,0.0029520917678812412,165.65227215184478,35.533328002772535,4,741
iid,3.0,40,0.0,0.0,0,0,30,0.0020242914979757085,0.0016869095816464238,339.0095606513694,94.23668884361113,4,741
iid,3.0,40,0.0,0.0,0,0,48,0.0020242914979757085,0.0016869095816464238,563.7568907211252,201.10089652277418,4,741
iid,3.0,40,0.0,0.0,0,0,78,0.0010121457489878543,0.0009278002699055331,905.3669672745614,314.5301390013859,4,741
iid,3.0,40,0.0,0.0,0,0,127,0.001349527665317139,0.0006747638326585698,1287.6164338526019,450.7047447740714,4,741
iid,3.0,40,0.0,0.0,0,0,207,0.0016869095816464236,0.0009278002699055334,1649.0641798064378,578.9070856352181,4,741
iid,3.0,40,0.0,0.0,0,0,336,0.001349527665317139,0.0006747638326585698,1949.6782507169057,770.0153577678194,4,741
iid,3.0,40,0.0,0.0,0,0,546,0.0010121457489878543,0.0002530364372469635,2105.353380972272,885.2502646905117,4,741
iid,3.0,40,0.0,0.0,0,0,886,0.001349527665317139,0.001349527665317139,2354.06196990355,1069.1629667860736,4,741
iid,3.0,40,0.0,0.0,0,0,1438,0.0016869095816464236,0.0022773279352226723,2613.395167778181,1549.3110075977754,4,741
iid,3.0,40,0.0,0.0,0,0,2336,0.0020242914979757085,0.003036437246963563,2852.917377409075,1836.0146976638573,4,741
iid,3.0,40,0.0,0.0,0,0,3793,0.0020242914979757085,0.0016869095816464238,3121.9598220484813,1999.6807371748646,4,741
iid,3.0,40,0.0,0.0,0,0,6158,0.0020242914979757085,0.0016869095816464238,3208.9933215914302,2013.6875051537552,4,741
iid,3.0,40,0.0,0.0,0,0,10000,0.001349527665317139,0.001349527665317139,3291.8325548315406,1956.2668927760728,4,741
iid,3.0,40,0.0,0.0,0,100,1,0.041835357624831315,0.18893387314439897,1.7677524215558305,1.3664772772988116,4,741
iid,3.0,40,0.0,0.0,0,100,2,0.04082321187584345,0.17974021592442657,3.4095043274156973,1.8098048060667893,4,741
iid,3.0,40,0.0,0.0,0,100,3,0.038798920377867745,0.17231781376518207,5.042473180716909,3.5616572677363765,4,741
iid,3.0,40,0.0,0.0,0,100,4,0.0398110661268556,0.15553306342780016,6.379435348335132,4.27985107412684,4,741
iid,3.0,40,0.0,0.0,0,100,7,0.03677462887989204,0.14060391363022928,9.99643922510294,5.828874419898769,4,741
iid,3.0,40,0.0,0.0,0,100,11,0.03441295546558704,0.14136302294197037,13.308110679386584,7.315701655438309,4,741
iid,3.0,40,0.0,0.0,0,100,18,0.033063427800269905,0.15148448043184903,23.699993506141226,5.445173623198398,4,741
iid,3.0,40,0.0,0.0,0,100,30,0.03171390013495277,0.16093117408906882,41.525971148644594,6.80955000996121,4,741
iid,3.0,40,0.0,0.0,0,100,48,0.032388663967611336,0.11605937921727376,69.25876122428198,20.16715763451885,4,741
iid,3.0,40,0.0,0.0,0,100,78,0.0310391363022942,0.1437246963562752,106.21098288417002,36.34762782173531,4,741
iid,3.0,40,0.0,0.0,0,100,127,0.02800269905533063,0.1669197031039137,165.1037239970246,77.52833564643592,4,741
iid,3.0,40,0.0,0.0,0,100,207,0.024628879892037787,0.08999662618083666,214.13505383079826,94.61410108469845,4,741
iid,3.0,40,0.0,0.0,0,100,336,0.023954116059379218,0.14802631578947378,307.38707760767596,206.90243352516185,4,741
iid,3.0,40,0.0,0.0,0,100,546,0.022267206477732792,0.11639676113360327,347.2409800682176,214.64092206468732,4,741
iid,3.0,40,0.0,0.0,0,100,886,0.02327935222672065,0.06907894736842109,465.37176346719804,366.45238125731527,4,741
iid,3.0,40,0.0,0.0,0,100,1438,0.02192982456140351,0.12306005398110657,620.614032651155,592.7109170219007,4,741
iid,3.0,40,0.0,0.0,0,100,2336,0.022267206477732795,0.07321187584345488,787.5934911423649,829.3393370925353,4,741
iid,3.0,40,0.0,0.0,0,100,3793,0.0199055330634278,0.05895748987854246,957.3912121928768,964.8988774211796,4,741
iid,3.0,40,0.0,0.0,0,100,6158,0.02024291497975709,0.04048582995951404,1015.8714012649252,988.9713609304347,4,741
iid,3.0,40,0.0,0.0,0,100,10000,0.018893387314439944,0.02901484480431852,1070.1250314138806,972.6464201024461,4,741
iid,3.0,40,0.0,0.0,0,1000,1,0.11437246963562753,0.6392543859649129,0.2582689666236521,0.20850417802786245,4,741
iid,3.0,40,0.0,0.0,0,1000,2,0.11403508771929824,0.5968286099865047,0.3562447349115544,0.28343052751037257,4,741
iid,3.0,40,0.0,0.0,0,1000,3,0.11268556005398112,0.6481106612685528,0.49692526773187645,0.34109359574144255,4,741
iid,3.0,40,0.0,0.0,0,1000,4,0.11268556005398112,0.6481106612685528,0.671767437669519,0.5153091691426823,4,741
iid,3.0,40,0.0,0.0,0,1000,7,0.11201079622132253,0.6390013495276684,0.9894432637157047,0.8344955786069288,4,741
iid,3.0,40,0.0,0.0,0,1000,11,0.10796221322537113,0.6457489878542506,1.6745127573989764,1.3445659927054074,4,741
iid,3.0,40,0.0,0.0,0,1000,18,0.10695006747638328,0.6142881241565451,2.5612553162807816,1.4312522007228579,4,741
iid,3.0,40,0.0,0.0,0,1000,30,0.10323886639676114,0.5462213225371114,4.6811088615423975,4.522335163445197,4,741
iid,3.0,40,0.0,0.0,0,1000,48,0.10020242914979757,0.5771761133603242,7.621437260579376,7.802357223868516,4,741
iid,3.0,40,0.0,0.0,0,1000,78,0.09784075573549258,0.6568825910931181,9.05033229610993,9.13655591358264,4,741
iid,3.0,40,0.0,0.0,0,1000,127,0.09750337381916328,0.7316970310391392,13.899601796434695,15.941053633048412,4,741
iid,3.0,40,0.0,0.0,0,1000,207,0.09682860998650472,0.8450573549257775,19.178898786658948,24.85127612809762,4,741
iid,3.0,40,0.0,0.0,0,1000,336,0.08873144399460188,0.8929655870445352,35.13990706398461,38.537639608680614,4,741
iid,3.0,40,0.0,0.0,0,1000,546,0.0860323886639676,0.9496457489878556,41.35739623566012,47.53289173311541,4,741
iid,3.0,40,0.0,0.0,0,1000,886,0.08265856950067477,0.8126686909581646,61.77433942057219,80.23707660914819,4,741
iid,3.0,40,0.0,0.0,0,1000,1438,0.07456140350877193,0.6061909581646425,103.6713240752651,135.79131224105194,4,741
iid,3.0,40,0.0,0.0,0,1000,2336,0.06747638326585695,0.4838056680161951,145.60806750504167,187.2803457182478,4,741
iid,3.0,40,0.0,0.0,0,1000,3793,0.06612685560053981,0.369770580296896,187.37272204832124,208.65793627951535,4,741
iid,3.0,40,0.0,0.0,0,1000,6158,0.0641025641025641,0.36201079622132293,197.48887541214123,208.98820587725058,4,741
iid,3.0,40,0.0,0.0,0,1000,10000,0.06106612685560054,0.31604251012145784,214.70885626936564,212.38615399565379,4,741
iid,3.0,40,0.0,0.0,0,10000,1,0.15587044534412955,0.20141700404858706,0.04027178103237991,0.05054177450040411,4,741
iid,3.0,40,0.0,0.0,0,10000,2,0.15519568151147098,0.19230769230768976,0.05500595109400484,0.04742782267629518,4,741
iid,3.0,40,0.0,0.0,0,10000,3,0.1548582995951417,0.20335695006747745,0.08650944182113227,0.05676429061754338,4,741
iid,3.0,40,0.0,0.0,0,10000,4,0.1545209176788124,0.17914979757085472,0.098250982171849,0.05126528017013314,4,741
iid,3.0,40,0.0,0.0,0,10000,7,0.15350877192982457,0.1561234817813773,0.16793968672770154,0.06297325918777646,4,741
iid,3.0,40,0.0,0.0,0,10000,11,0.15047233468286098,0.22165991902834536,0.24324973305585848,0.16192469233813261,4,741
iid,3.0,40,0.0,0.0,0,10000,18,0.1508097165991903,0.21347840755735273,0.3573790120895388,0.23664623651587297,4,741
iid,3.0,40,0.0,0.0,0,10000,30,0.1484480431848853,0.20242914979756765,0.5476136004004256,0.252705839964898,4,741
iid,3.0,40,0.0,0.0,0,10000,48,0.14811066126855602,0.1871626180836672,0.7070028672087396,0.35691098352188894,4,741
iid,3.0,40,0.0,0.0,0,10000,78,0.14912280701754385,0.14203778677463244,0.7359129116759304,0.32943861460981294,4,741
iid,3.0,40,0.0,0.0,0,10000,127,0.1440620782726046,0.20065789473684453,0.9714633880549001,0.5809558510937709,4,741
iid,3.0,40,0.0,0.0,0,10000,207,0.14068825910931174,0.2458670715249681,1.3965538025158128,0.9475528378867464,4,741
iid,3.0,40,0.0,0.0,0,10000,336,0.13697705802968962,0.3512145748987836,2.396523411339466,1.8523877841871654,4,741
iid,3.0,40,0.0,0.0,0,10000,546,0.13529014844804318,0.31806680161943346,2.5682452178206443,1.9080334665309984,4,741
iid,3.0,40,0.0,0.0,0,10000,886,0.12786774628879893,0.3187415654520872,2.935234983340235,1.9404419318373023,4,741
iid,3.0,40,0.0,0.0,0,10000,1438,0.12786774628879893,0.2647604588394035,3.6828257918741487,2.2345957635353546,4,741
iid,3.0,40,0.0,0.0,0,10000,2336,0.12449392712550608,0.3578778677462873,5.387828449372391,4.4915198450033476,4,741
iid,3.0,40,0.0,0.0,0,10000,3793,0.11572199730094467,0.3639507422402172,6.480908738006979,5.763241541238491,4,741
iid,3.0,40,0.0,0.0,0,10000,6158,0.10897435897435898,0.41455802968960775,7.708425208595408,5.700372509807037,4,741
iid,3.0,40,0.0,0.0,0,10000,10000,0.10053981106612686,0.6535087719298225,10.983726007189224,11.167511218556378,4,741
iid,3.0,40,0.0,0.0,1,0,1,0.006072874493927126,0.007085020242914978,6.089416414921386,1.348720889017765,4,741
iid,3.0,40,0.0,0.0,1,0,2,0.005735492577597841,0.009024966261808364,11.40535263407386,3.0878036986263506,4,741
iid,3.0,40,0.0,0.0,1,0,3,0.005398110661268557,0.006747638326585695,19.940637622649884,8.674203343507717,4,741
iid,3.0,40,0.0,0.0,1,0,4,0.005398110661268557,0.006747638326585695,28.06088784246973,12.028744209534397,4,741
iid,3.0,40,0.0,0.0,1,0,7,0.004048582995951417,0.0026990553306342766,47.86996301530782,22.889430990977893,4,741
iid,3.0,40,0.0,0.0,1,0,11,0.0043859649122807015,0.0036268556005398123,91.20495034795427,33.70074252560409,4,741
iid,3.0,40,0.0,0.0,1,0,18,0.0033738191632928472,0.0037112010796221334,167.26343759685903,64.76974804623507,4,741
iid,3.0,40,0.0,0.0,1,0,30,0.003036437246963563,0.0022773279352226714,329.08087961009346,117.07441307219058,4,741
iid,3.0,40,0.0,0.0,1,0,48,0.0020242914979757085,0.0016869095816464238,574.6075468339026,222.25177617202274,4,741
iid,3.0,40,0.0,0.0,1,0,78,0.0020242914979757085,0.0016869095816464238,888.8010535048634,324.07856822874277,4,741
iid,3.0,40,0.0,0.0,1,0,127,0.001349527665317139,0.0006747638326585695,1151.4591348249037,329.31610185281136,4,741
iid,3.0,40,0.0,0.0,1,0,207,0.0016869095816464236,0.0009278002699055334,1359.625106756498,409.1795819306157,4,741
iid,3.0,40,0.0,0.0,1,0,336,0.002361673414304993,0.0016025641025641045,1466.2151510302033,453.44306551462216,4,741
iid,3.0,40,0.0,0.0,1,0,546,0.002699055330634278,0.002699055330634278,1524.5053924445156,443.8807770063136,4,741
iid,3.0,40,0.0,0.0,1,0,886,0.0016869095816464236,0.0009278002699055334,1706.9980620401034,497.1302229401287,4,741
iid,3.0,40,0.0,0.0,1,0,1438,0.002361673414304993,0.0029520917678812425,1971.1298929218644,365.78696673284935,4,741
iid,3.0,40,0.0,0.0,1,0,2336,0.0016869095816464236,0.0016025641025641025,2215.6122162126976,449.394330467956,4,741
iid,3.0,40,0.0,0.0,1,0,3793,0.0020242914979757085,0.0016869095816464238,2457.597996261934,562.7505762098324,4,741
iid,3.0,40,0.0,0.0,1,0,6158,0.0020242914979757085,0.0016869095816464238,2705.726679439555,592.9376655778533,4,741
iid,3.0,40,0.0,0.0,1,0,10000,0.0020242914979757085,0.0016869095816464238,2788.647065300482,607.2535366984127,4,741
iid,3.0,40,0.0,0.0,1,100,1,0.03609986504723346,0.08729757085020287,1.1376257450570795,0.3512218823431894,4,741
iid,3.0,40,0.0,0.0,1,100,2,0.03441295546558705,0.07860998650472317,2.4326546448328608,0.7180031340734241,4,741
iid,3.0,40,0.0,0.0,1,100,3,0.03340080971659919,0.08054993252361661,4.135298622210994,0.7232129122183218,4,741
iid,3.0,40,0.0,0.0,1,100,4,0.033400809716599186,0.08189946018893418,6.121026661387005,0.6477490172502138,4,741
iid,3.0,40,0.0,0.0,1,100,7,0.03205128205128205,0.08054993252361693,10.530859892755847,0.6546222574554269,4,741
iid,3.0,40,0.0,0.0,1,100,11,0.03205128205128205,0.08054993252361693,16.048240191948324,3.152565569986032,4,741
iid,3.0,40,0.0,0.0,1,100,18,0.0310391363022942,0.08434547908232122,22.818005420217226,7.087093498599981,4,741
iid,3.0,40,0.0,0.0,1,100,30,0.02901484480431849,0.08738191632928467,37.663941142142086,11.126084831150878,4,741
iid,3.0,40,0.0,0.0,1,100,48,0.027327935222672066,0.0805499325236167,52.81949626256732,11.94262332955063,4,741
iid,3.0,40,0.0,0.0,1,100,78,0.027665317139001347,0.07456140350877206,69.82478812298275,18.405620212444543,4,741
iid,3.0,40,0.0,0.0,1,100,127,0.02496626180836707,0.04217273954116057,114.30327373793679,42.634129631110135,4,741
iid,3.0,40,0.0,0.0,1,100,207,0.024291497975708502,0.03711201079622131,139.20916428011154,29.826812056512104,4,741
iid,3.0,40,0.0,0.0,1,100,336,0.020242914979757085,0.03171390013495278,183.74488147840216,59.62626340441412,4,741
iid,3.0,40,0.0,0.0,1,100,546,0.019568151147098513,0.028002699055330663,203.26829082838879,39.21733016093345,4,741
iid,3.0,40,0.0,0.0,1,100,886,0.01821862348178138,0.027327935222672035,302.6947877972467,93.85917845287334,4,741
iid,3.0,40,0.0,0.0,1,100,1438,0.020917678812415654,0.05701754385964918,437.7806125520216,95.73381579676781,4,741
iid,3.0,40,0.0,0.0,1,100,2336,0.020242914979757085,0.05465587044534411,542.9652422621409,74.12390627897169,4,741
iid,3.0,40,0.0,0.0,1,100,3793,0.02058029689608637,0.073802294197031,668.4517938736348,81.48877084051766,4,741
iid,3.0,40,0.0,0.0,1,100,6158,0.020242914979757085,0.030364372469635612,816.0372184137826,198.68218114099912,4,741
iid,3.0,40,0.0,0.0,1,100,10000,0.017206477732793525,0.05895748987854246,858.799711722988,233.4564956072108,4,741
iid,3.0,40,0.0,0.0,1,1000,1,0.09615384615384615,0.21887651821862367,0.28575934264786174,0.24894967349015834,4,741
iid,3.0,40,0.0,0.0,1,1000,2,0.09446693657219973,0.22064777327935192,0.6241999817557867,0.36544597982869437,4,741
iid,3.0,40,0.0,0.0,1,1000,3,0.09345479082321187,0.24856612685560098,0.6928663056101011,0.41353314861662444,4,741
iid,3.0,40,0.0,0.0,1,1000,4,0.09176788124156546,0.261133603238866,0.9220428574068612,0.4795795729736804,4,741
iid,3.0,40,0.0,0.0,1,1000,7,0.0907557354925776,0.2391194331983807,1.6724060551801028,1.3279249771894046,4,741
iid,3.0,40,0.0,0.0,1,1000,11,0.08771929824561403,0.16936572199730113,2.647655334125184,1.4322444160647694,4,741
iid,3.0,40,0.0,0.0,1,1000,18,0.08434547908232118,0.16497975708502108,3.629351736666015,1.8645814791959021,4,741
iid,3.0,40,0.0,0.0,1,1000,30,0.08265856950067475,0.21145411605938064,5.687234180773092,3.416750649030526,4,741
iid,3.0,40,0.0,0.0,1,1000,48,0.0796221322537112,0.16666666666666632,8.391838850129588,4.87697147209123,4,741
iid,3.0,40,0.0,0.0,1,1000,78,0.07793522267206478,0.2276484480431851,11.052556905018154,3.960513000390893,4,741
iid,3.0,40,0.0,0.0,1,1000,127,0.07860998650472334,0.2519399460188953,14.68823925648067,7.755629960158338,4,741
iid,3.0,40,0.0,0.0,1,1000,207,0.07388663967611336,0.27353238866396684,22.081951952928534,12.427909715296037,4,741
iid,3.0,40,0.0,0.0,1,1000,336,0.07017543859649122,0.1855600539811069,33.27019860517154,22.231548610728463,4,741
iid,3.0,40,0.0,0.0,1,1000,546,0.07118758434547909,0.27218286099864974,54.552491024694405,38.02596005877584,4,741
iid,3.0,40,0.0,0.0,1,1000,886,0.06781376518218624,0.2775809716599194,73.25027555108792,45.60914356477565,4,741
iid,3.0,40,0.0,0.0,1,1000,1438,0.05668016194331984,0.177462887989204,98.2574539285185,57.56136342441386,4,741
iid,3.0,40,0.0,0.0,1,1000,2336,0.053306342780026994,0.1305668016194333,138.93194257946584,57.7405108986367,4,741
iid,3.0,40,0.0,0.0,1,1000,3793,0.05161943319838057,0.12643387314439936,200.1492240085155,117.37217887731796,4,741
iid,3.0,40,0.0,0.0,1,1000,6158,0.04892037786774629,0.12440958164642371,244.2619517750147,146.50422883377766,4,741
iid,3.0,40,0.0,0.0,1,1000,10000,0.04352226720647773,0.17839068825910995,285.54134716182733,175.14467620219568,4,741
iid,3.0,40,0.0,0.0,1,10000,1,0.15114709851551955,0.06140350877193379,0.07200428196078414,0.04788495682884796,4,741
iid,3.0,40,0.0,0.0,1,10000,2,0.1508097165991903,0.06975371120107828,0.10697611096393408,0.04420726145996547,4,741
iid,3.0,40,0.0,0.0,1,10000,3,0.15047233468286098,0.06848852901484932,0.13049397894380727,0.05579548780503326,4,741
iid,3.0,40,0.0,0.0,1,10000,4,0.15047233468286098,0.0759109311740943,0.1395134587800069,0.0516639071488374,4,741
iid,3.0,40,0.0,0.0,1,10000,7,0.14912280701754385,0.06241565452091952,0.18847591079332524,0.09687760691850755,4,741
iid,3.0,40,0.0,0.0,1,10000,11,0.1487854251012146,0.0758265856950055,0.2556082993581362,0.08777304680309418,4,741
iid,3.0,40,0.0,0.0,1,10000,18,0.14777327935222673,0.07591093117408915,0.29588927928171493,0.09232349679886431,4,741
iid,3.0,40,0.0,0.0,1,10000,30,0.14237516869095815,0.09615384615384745,0.4474405933380154,0.1402999819519657,4,741
iid,3.0,40,0.0,0.0,1,10000,48,0.13832658569500675,0.08805668016194362,0.5139997237018065,0.14291371503622421,4,741
iid,3.0,40,0.0,0.0,1,10000,78,0.13697705802968962,0.058367071524963746,0.8011254376231531,0.31371308056331376,4,741
iid,3.0,40,0.0,0.0,1,10000,127,0.13225371120107962,0.06680161943319958,1.3187602625670871,0.6703720772701102,4,741
iid,3.0,40,0.0,0.0,1,10000,207,0.1305668016194332,0.0508603238866377,1.9378580674071915,1.0783197026820945,4,741
iid,3.0,40,0.0,0.0,1,10000,336,0.1305668016194332,0.16219635627530196,2.0338097248736506,1.1726140607792825,4,741
iid,3.0,40,0.0,0.0,1,10000,546,0.12651821862348178,0.13183198380566835,2.629040754969493,1.1501211371092128,4,741
iid,3.0,40,0.0,0.0,1,10000,886,0.1194331983805668,0.0705128205128195,3.3640367898396404,1.4974217982982472,4,741
iid,3.0,40,0.0,0.0,1,10000,1438,0.11470985155195682,0.10728744939271362,3.8762062987471624,1.7069338593164334,4,741
iid,3.0,40,0.0,0.0,1,10000,2336,0.11099865047233468,0.127783400809719,4.835844541011825,1.646720216417254,4,741
iid,3.0,40,0.0,0.0,1,10000,3793,0.10964912280701754,0.09134615384615431,5.185915846148466,1.45100895581671,4,741
iid,3.0,40,0.0,0.0,1,10000,6158,0.09919028340080971,0.09817813765182277,6.842149928445698,1.663239285362696,4,741
iid,3.0,40,0.0,0.0,1,10000,10000,0.10020242914979757,0.09269568151146948,7.198167946676383,2.84116573008002,4,741
iid,3.0,40,0.0,0.0,2,0,1,0.005735492577597841,0.0022773279352226727,4.731941975068169,1.6371372982391037,4,741
iid,3.0,40,0.0,0.0,2,0,2,0.005398110661268556,0.002024291497975708,9.244750754046809,1.3971305928371982,4,741
iid,3.0,40,0.0,0.0,2,0,3,0.004723346828609986,0.0016869095816464301,17.274459403170564,2.6768971958659473,4,741
iid,3.0,40,0.0,0.0,2,0,4,0.005398110661268557,0.001349527665317137,27.059573531960357,8.964764478298394,4,741
iid,3.0,40,0.0,0.0,2,0,7,0.0043859649122807015,0.00025303643724696476,63.15354906881363,22.6396408141022,4,741
iid,3.0,40,0.0,0.0,2,0,11,0.0037112010796221326,0.0029520917678812404,104.45980237436692,37.88832540306846,4,741
iid,3.0,40,0.0,0.0,2,0,18,0.0033738191632928472,0.001012145748987854,205.31756257339273,48.65053196795793,4,741
iid,3.0,40,0.0,0.0,2,0,30,0.002699055330634278,0.002699055330634278,369.2686051052597,74.61099879755294,4,741
iid,3.0,40,0.0,0.0,2,0,48,0.002699055330634278,0.0033738191632928477,625.4694389215982,184.1282387258446,4,741
iid,3.0,40,0.0,0.0,2,0,78,0.0020242914979757085,0.001012145748987854,958.6964888084467,295.08368301637387,4,741
iid,3.0,40,0.0,0.0,2,0,127,0.0010121457489878543,0.0022773279352226723,1271.1938781840656,410.26080674940994,4,741
iid,3.0,40,0.0,0.0,2,0,207,0.001349527665317139,0.0,1684.2076915914668,633.5789378209378,4,741
iid,3.0,40,0.0,0.0,2,0,336,0.002361673414304993,0.004301619433198381,1986.505757502775,756.6940333759437,4,741
iid,3.0,40,0.0,0.0,2,0,546,0.002361673414304993,0.0022773279352226727,2183.4382246761083,842.7305360023179,4,741
iid,3.0,40,0.0,0.0,2,0,886,0.0016869095816464236,0.0022773279352226723,2417.013848548811,1014.1603807837449,4,741
iid,3.0,40,0.0,0.0,2,0,1438,0.001349527665317139,0.0006747638326585695,2520.7601734574946,1023.0658113244107,4,741
iid,3.0,40,0.0,0.0,2,0,2336,0.001349527665317139,0.0006747638326585695,2722.7586770030243,1177.522286102413,4,741
iid,3.0,40,0.0,0.0,2,0,3793,0.001349527665317139,0.002024291497975709,2896.018802335229,1253.1945424241558,4,741
iid,3.0,40,0.0,0.0,2,0,6158,0.0016869095816464236,0.0016025641025641025,2961.161753527549,1352.7849032417876,4,741
iid,3.0,40,0.0,0.0,2,0,10000,0.0020242914979757085,0.003036437246963563,2913.28067499391,1123.123503211021,4,741
iid,3.0,40,0.0,0.0,2,100,1,0.029689608636977057,0.13765182186234828,1.7995704236818675,1.6110046984799864,4,741
iid,3.0,40,0.0,0.0,2,100,2,0.030364372469635626,0.1413630229419705,3.724688737844368,2.9145587608382724,4,741
iid,3.0,40,0.0,0.0,2,100,3,0.028002699055330635,0.12845816464237514,5.947086605137749,5.924108316298043,4,741
iid,3.0,40,0.0,0.0,2,100,4,0.026990553306342778,0.1255060728744939,6.70931693969883,6.0333983182295166,4,741
iid,3.0,40,0.0,0.0,2,100,7,0.02530364372469636,0.10281713900134935,10.214393701268811,5.970096364442402,4,741
iid,3.0,40,0.0,0.0,2,100,11,0.024291497975708502,0.09851551956815108,14.708164657132908,7.294752230591489,4,741
iid,3.0,40,0.0,0.0,2,100,18,0.023616734143049933,0.09075573549257748,23.535545995670315,11.245695196737513,4,741
iid,3.0,40,0.0,0.0,2,100,30,0.021929824561403508,0.11226383265856955,42.99529954302484,24.542056818043136,4,741
iid,3.0,40,0.0,0.0,2,100,48,0.019230769230769232,0.053559379217273974,71.45706162888068,45.063675836491605,4,741
iid,3.0,40,0.0,0.0,2,100,78,0.021929824561403508,0.06570512820512828,107.22680921436228,83.26832098578404,4,741
iid,3.0,40,0.0,0.0,2,100,127,0.018893387314439947,0.06275303643724695,156.19939301232088,101.32858072330718,4,741
iid,3.0,40,0.0,0.0,2,100,207,0.016531713900134956,0.05423414304993248,245.73861744292992,170.03429392905116,4,741
iid,3.0,40,0.0,0.0,2,100,336,0.018893387314439947,0.06275303643724695,314.5104699309083,200.68281442089528,4,741
iid,3.0,40,0.0,0.0,2,100,546,0.016531713900134953,0.0751518218623482,399.28785155036496,262.9015715586174,4,741
iid,3.0,40,0.0,0.0,2,100,886,0.016194331983805668,0.08367071524966263,516.5279380992761,402.2538825395193,4,741
iid,3.0,40,0.0,0.0,2,100,1438,0.015519568151147098,0.05026990553306342,580.4711019620482,419.23170975108445,4,741
iid,3.0,40,0.0,0.0,2,100,2336,0.016869095816464237,0.07456140350877194,690.1010147873109,516.8009517946712,4,741
iid,3.0,40,0.0,0.0,2,100,3793,0.015856950067476384,0.056258434547908236,808.7994549353712,627.5668374955374,4,741
iid,3.0,40,0.0,0.0,2,100,6158,0.016194331983805668,0.06410256410256411,830.7074427029046,667.4501897308329,4,741
iid,3.0,40,0.0,0.0,2,100,10000,0.012483130904183536,0.023869770580296885,820.2246357278352,553.3263827823495,4,741
iid,3.0,40,0.0,0.0,2,1000,1,0.12010796221322537,0.21524966261808484,0.20834278970924275,0.1906207042136262,4,741
iid,3.0,40,0.0,0.0,2,1000,2,0.12010796221322537,0.21524966261808484,0.44252522170945485,0.27966035634930553,4,741
iid,3.0,40,0.0,0.0,2,1000,3,0.11977058029689608,0.2087550607287458,0.6152268542866194,0.5356932987925653,4,741
iid,3.0,40,0.0,0.0,2,1000,4,0.11808367071524967,0.23785425101214402,0.7164192103912957,0.592773297538901,4,741
iid,3.0,40,0.0,0.0,2,1000,7,0.11470985155195682,0.21929824561403674,1.0819221902009872,0.7831891304490752,4,741
iid,3.0,40,0.0,0.0,2,1000,11,0.11268556005398112,0.1622807017543843,1.0808699339432768,0.5555427945786569,4,741
iid,3.0,40,0.0,0.0,2,1000,18,0.1109986504723347,0.2074055330634255,1.6006424799013763,0.910303666959493,4,741
iid,3.0,40,0.0,0.0,2,1000,30,0.10458839406207827,0.19331983805667935,2.662676014445967,1.514259112097465,4,741
iid,3.0,40,0.0,0.0,2,1000,48,0.1062753036437247,0.1729925775978387,4.513315618669338,4.2160541605934725,4,741
iid,3.0,40,0.0,0.0,2,1000,78,0.10323886639676114,0.1717273954116046,5.432082505715269,4.25125380150674,4,741
iid,3.0,40,0.0,0.0,2,1000,127,0.10290148448043185,0.16691970310391274,11.188778352733845,12.182426268022603,4,741
iid,3.0,40,0.0,0.0,2,1000,207,0.099527665317139,0.16354588394062225,11.730302760464046,9.366399153574013,4,741
iid,3.0,40,0.0,0.0,2,1000,336,0.09345479082321187,0.23574561403508892,13.537116621298255,11.142814900065408,4,741
iid,3.0,40,0.0,0.0,2,1000,546,0.08535762483130904,0.31536774628879866,28.90065200050094,25.129386101585112,4,741
iid,3.0,40,0.0,0.0,2,1000,886,0.07995951417004049,0.26341093117408837,52.78101885476463,53.81751296995559,4,741
iid,3.0,40,0.0,0.0,2,1000,1438,0.0752361673414305,0.3254892037786771,64.84984821386762,62.57022152233106,4,741
iid,3.0,40,0.0,0.0,2,1000,2336,0.06815114709851552,0.34311740890688297,92.8108107272272,80.75987342129226,4,741
iid,3.0,40,0.0,0.0,2,1000,3793,0.06545209176788123,0.21221322537112058,96.60668132426835,81.9101689138126,4,741
iid,3.0,40,0.0,0.0,2,1000,6158,0.06680161943319839,0.1852226720647768,133.5447853945889,132.0649430438031,4,741
iid,3.0,40,0.0,0.0,2,1000,10000,0.06072874493927126,0.10593792172739525,139.13352841138015,119.52097923404226,4,741
iid,3.0,40,0.0,0.0,2,10000,1,0.15215924426450744,0.17029352226720323,0.04289430151260304,0.027423895863620307,4,741
iid,3.0,40,0.0,0.0,2,10000,2,0.15114709851551958,0.1869095816464214,0.1226194827377891,0.06410221363766476,4,741
iid,3.0,40,0.0,0.0,2,10000,3,0.14946018893387314,0.15409919028340327,0.12906050130604885,0.04344408260798507,4,741
iid,3.0,40,0.0,0.0,2,10000,4,0.14878542510121456,0.16691970310391147,0.20051873917206608,0.14055836489533272,4,741
iid,3.0,40,0.0,0.0,2,10000,7,0.14676113360323886,0.17164304993252352,0.43838702625469217,0.2990988595480156,4,741
iid,3.0,40,0.0,0.0,2,10000,11,0.14676113360323886,0.1905364372469641,0.8521164886352816,0.7418587605122667,4,741
iid,3.0,40,0.0,0.0,2,10000,18,0.14237516869095818,0.13124156545208798,0.7974316023521908,0.702760019328699,4,741
iid,3.0,40,0.0,0.0,2,10000,30,0.14237516869095818,0.14608636977057793,0.8381789126387736,0.6033323947516392,4,741
iid,3.0,40,0.0,0.0,2,10000,48,0.14304993252361672,0.20310391363023164,1.2682317471462599,1.4368265101971365,4,741
iid,3.0,40,0.0,0.0,2,10000,78,0.14001349527665316,0.19391025641025844,1.7625780493608227,1.4772986048027674,4,741
iid,3.0,40,0.0,0.0,2,10000,127,0.13326585695006748,0.18041497975708365,2.9306304154671197,3.4873355478873984,4,741
iid,3.0,40,0.0,0.0,2,10000,207,0.13326585695006748,0.2883771929824562,4.696825279648705,6.3117551673631445,4,741
iid,3.0,40,0.0,0.0,2,10000,336,0.12955465587044535,0.17341430499325433,4.834745124828377,5.827152750702675,4,741
iid,3.0,40,0.0,0.0,2,10000,546,0.12550607287449392,0.13832658569500866,6.379212309780611,7.79212986365326,4,741
iid,3.0,40,0.0,0.0,2,10000,886,0.1238191632928475,0.2067307692307679,5.79945729089985,6.351310137080435,4,741
iid,3.0,40,0.0,0.0,2,10000,1438,0.12044534412955467,0.18513832658569315,13.63827916714976,22.61984817525229,4,741
iid,3.0,40,0.0,0.0,2,10000,2336,0.11639676113360323,0.2364203778677478,12.033660827495344,17.076674470328808,4,741
iid,3.0,40,0.0,0.0,2,10000,3793,0.1082995951417004,0.3329116059379234,33.872735692695315,58.47215455644531,4,741
iid,3.0,40,0.0,0.0,2,10000,6158,0.101889338731444,0.24122807017543837,41.29401515988274,72.25836887591966,4,741
iid,3.0,40,0.0,0.0,2,10000,10000,0.09514170040485831,0.14136302294196842,71.52747032820972,131.4461127692127,4,741
iid,3.0,40,0.0,0.0,3,0,1,0.007422402159244265,0.0016869095816464202,3.718925674956623,0.380591660928979,4,741
iid,3.0,40,0.0,0.0,3,0,2,0.007085020242914981,0.0016025641025640969,8.004055379826088,1.3821568564928726,4,741
iid,3.0,40,0.0,0.0,3,0,3,0.006747638326585695,0.000674763832658566,12.553021701041818,2.4815707811900003,4,741
iid,3.0,40,0.0,0.0,3,0,4,0.006072874493927125,0.0030364372469635723,17.70898432416586,3.185280252388089,4,741
iid,3.0,40,0.0,0.0,3,0,7,0.005398110661268556,0.004723346828609988,33.782473144132496,6.726598562553806,4,741
iid,3.0,40,0.0,0.0,3,0,11,0.004048582995951417,0.002024291497975708,62.13595915368661,11.28189446551414,4,741
iid,3.0,40,0.0,0.0,3,0,18,0.003036437246963563,0.0009278002699055334,129.36846106465995,18.951546604149772,4,741
iid,3.0,40,0.0,0.0,3,0,30,0.0033738191632928472,0.00033738191632928555,274.07799434943394,69.10955644967066,4,741
iid,3.0,40,0.0,0.0,3,0,48,0.003711201079622132,0.0009278002699055346,468.21179699742913,121.21677824828359,4,741
iid,3.0,40,0.0,0.0,3,0,78,0.002361673414304993,0.0009278002699055346,726.3292173049815,201.22493749289688,4,741
iid,3.0,40,0.0,0.0,3,0,127,0.002699055330634278,0.002024291497975708,901.7532620027796,186.67188675230224,4,741
iid,3.0,40,0.0,0.0,3,0,207,0.003036437246963563,0.0016025641025641019,1127.002541163713,309.97622458790914,4,741
iid,3.0,40,0.0,0.0,3,0,336,0.002699055330634278,0.002024291497975708,1277.230783870417,415.10181765128607,4,741
iid,3.0,40,0.0,0.0,3,0,546,0.002699055330634278,0.0033738191632928477,1354.4112705728262,429.4431740161693,4,741
iid,3.0,40,0.0,0.0,3,0,886,0.002699055330634278,0.0033738191632928477,1472.4675226283225,573.5384273445727,4,741
iid,3.0,40,0.0,0.0,3,0,1438,0.0037112010796221317,0.000927800269905537,1624.7032408591601,588.087196094412,4,741
iid,3.0,40,0.0,0.0,3,0,2336,0.002361673414304993,0.00025303643724696476,1668.346876073752,586.1628050443032,4,741
iid,3.0,40,0.0,0.0,3,0,3793,0.002361673414304993,0.00025303643724696476,1784.7990228316821,582.3432487788739,4,741
iid,3.0,40,0.0,0.0,3,0,6158,0.0016869095816464236,0.00025303643724696416,1851.3687084942355,573.816665976009,4,741
iid,3.0,40,0.0,0.0,3,0,10000,0.0016869095816464236,0.00025303643724696416,1910.077892014974,563.3611689754225,4,741
iid,3.0,40,0.0,0.0,3,100,1,0.038124156545209176,0.24451754385964905,1.265870130790553,0.7171688643772994,4,741
iid,3.0,40,0.0,0.0,3,100,2,0.03609986504723347,0.23709514170040474,2.6440820981065376,1.7714717216574205,4,741
iid,3.0,40,0.0,0.0,3,100,3,0.03643724696356275,0.17408906882591113,3.6573551745621122,1.577384038320693,4,741
iid,3.0,40,0.0,0.0,3,100,4,0.03576248313090418,0.14946018893387322,4.875321076486799,1.9616254431165634,4,741
iid,3.0,40,0.0,0.0,3,100,7,0.033063427800269905,0.11909581646423753,9.038419875165166,3.1122739785123876,4,741
iid,3.0,40,0.0,0.0,3,100,11,0.030026990553306345,0.08122469635627524,12.245806395555412,4.346736632113571,4,741
iid,3.0,40,0.0,0.0,3,100,18,0.029352226720647773,0.1041666666666666,18.181872655361698,4.706040272560719,4,741
iid,3.0,40,0.0,0.0,3,100,30,0.028002699055330635,0.16354588394062067,32.043433754952474,8.75240269317578,4,741
iid,3.0,40,0.0,0.0,3,100,48,0.029689608636977057,0.14170040485829954,48.73645570463466,13.620902784037778,4,741
iid,3.0,40,0.0,0.0,3,100,78,0.028340080971659916,0.15047233468286114,70.5096137725898,19.683906560737324,4,741
iid,3.0,40,0.0,0.0,3,100,127,0.02564102564102564,0.15047233468286106,105.4020000564114,45.264777411593045,4,741
iid,3.0,40,0.0,0.0,3,100,207,0.02766531713900135,0.17914979757085014,139.49271097940488,55.90073771218394,4,741
iid,3.0,40,0.0,0.0,3,100,336,0.025978407557354928,0.1041666666666666,165.52123835539717,66.28601297067864,4,741
iid,3.0,40,0.0,0.0,3,100,546,0.022941970310391364,0.16666666666666663,214.44476800559934,91.13178405802302,4,741
iid,3.0,40,0.0,0.0,3,100,886,0.02125506072874494,0.15274966261808373,263.4093261079428,138.58817673893458,4,741
iid,3.0,40,0.0,0.0,3,100,1438,0.020242914979757085,0.1309041835357625,338.7318447519118,161.9127029805178,4,741
iid,3.0,40,0.0,0.0,3,100,2336,0.02125506072874494,0.09944331983805674,364.5195158725537,164.49804984978437,4,741
iid,3.0,40,0.0,0.0,3,100,3793,0.02058029689608637,0.09202091767881238,445.15674996390726,197.67988968111152,4,741
iid,3.0,40,0.0,0.0,3,100,6158,0.018218623481781375,0.0732118758434548,494.4132174312944,226.7655827045596,4,741
iid,3.0,40,0.0,0.0,3,100,10000,0.017543859649122806,0.07085020242914981,529.0896683801517,230.05453564577223,4,741
iid,3.0,40,0.0,0.0,3,1000,1,0.12044534412955465,0.3187415654520923,0.1821330621138007,0.2213800565764789,4,741
iid,3.0,40,0.0,0.0,3,1000,2,0.12044534412955465,0.3187415654520923,0.22856138785185476,0.266617285586284,4,741
iid,3.0,40,0.0,0.0,3,1000,3,0.11977058029689609,0.3005229419703106,0.2848545464339167,0.3310343911766982,4,741
iid,3.0,40,0.0,0.0,3,1000,4,0.11977058029689609,0.3099696356275296,0.3985829317076458,0.2967868617403282,4,741
iid,3.0,40,0.0,0.0,3,1000,7,0.11842105263157895,0.3281882591093113,0.7140477342210262,0.6025519116286007,4,741
iid,3.0,40,0.0,0.0,3,1000,11,0.11605937921727395,0.2921727395411597,1.0886012689825728,0.7309609105850873,4,741
iid,3.0,40,0.0,0.0,3,1000,18,0.11302294197031039,0.31671727395411575,1.5520859081070735,1.116931242842724,4,741
iid,3.0,40,0.0,0.0,3,1000,30,0.1126855600539811,0.2446018893387327,2.1695348069263396,1.410967514548945,4,741
iid,3.0,40,0.0,0.0,3,1000,48,0.11099865047233468,0.384868421052633,4.051583108659306,2.3451917110061795,4,741
iid,3.0,40,0.0,0.0,3,1000,78,0.10695006747638328,0.3383097165991892,6.107052790059354,2.924341387915616,4,741
iid,3.0,40,0.0,0.0,3,1000,127,0.10560053981106612,0.24181848852901489,9.957292514222143,9.625948711605233,4,741
iid,3.0,40,0.0,0.0,3,1000,207,0.09784075573549257,0.2432523616734137,15.706918799787525,14.988392603850619,4,741
iid,3.0,40,0.0,0.0,3,1000,336,0.09176788124156546,0.3886639676113353,17.664836592175902,15.989247638108253,4,741
iid,3.0,40,0.0,0.0,3,1000,546,0.09143049932523617,0.313343454790824,30.757649775094894,34.39744734964787,4,741
iid,3.0,40,0.0,0.0,3,1000,886,0.0840080971659919,0.2148279352226724,33.11615594297435,31.037974203600513,4,741
iid,3.0,40,0.0,0.0,3,1000,1438,0.08232118758434548,0.20445344129554616,43.193146877498144,46.779419067105955,4,741
iid,3.0,40,0.0,0.0,3,1000,2336,0.07692307692307693,0.2152496626180829,69.6528194355706,67.04489455052196,4,741
iid,3.0,40,0.0,0.0,3,1000,3793,0.07759784075573549,0.22031039136302313,97.38367814274575,96.89545393212083,4,741
iid,3.0,40,0.0,0.0,3,1000,6158,0.06713900134952767,0.22494939271254963,116.38488469092543,110.05866000153549,4,741
iid,3.0,40,0.0,0.0,3,1000,10000,0.06275303643724696,0.16228070175438625,133.89031090816587,125.54839769856459,4,741
iid,3.0,40,0.0,0.0,3,10000,1,0.16700404858299595,0.03331646423752001,0.019673645759408127,0.026366297224801796,4,741
iid,3.0,40,0.0,0.0,3,10000,2,0.16531713900134953,0.034075573549254806,0.0465568788323477,0.031548737103568786,4,741
iid,3.0,40,0.0,0.0,3,10000,3,0.16430499325236167,0.03331646423751743,0.06020088719998151,0.02074765139300934,4,741
iid,3.0,40,0.0,0.0,3,10000,4,0.16329284750337383,0.024966261808365236,0.08675423448358908,0.05587363687359148,4,741
iid,3.0,40,0.0,0.0,3,10000,7,0.16228070175438597,0.03871457489878323,0.15035980979196117,0.056579726327565784,4,741
iid,3.0,40,0.0,0.0,3,10000,11,0.1612685560053981,0.04082321187584348,0.2343385202046514,0.08982381759482476,4,741
iid,3.0,40,0.0,0.0,3,10000,18,0.16025641025641024,0.03871457489878837,0.3306297259688259,0.1506719508789231,4,741
iid,3.0,40,0.0,0.0,3,10000,30,0.15856950067476383,0.043522267206481516,0.5187946378381314,0.2960595398403142,4,741
iid,3.0,40,0.0,0.0,3,10000,48,0.15485829959514172,0.07110323886639344,0.651994405894655,0.3065556409252787,4,741
iid,3.0,40,0.0,0.0,3,10000,78,0.15553306342780027,0.04613697705803077,0.8305345493701244,0.4704609087423431,4,741
iid,3.0,40,0.0,0.0,3,10000,127,0.15182186234817813,0.062415654520922084,1.0123145267851832,0.4586119155456019,4,741
iid,3.0,40,0.0,0.0,3,10000,207,0.1524966261808367,0.06545209176788185,1.1292016702217698,0.6523691774633983,4,741
iid,3.0,40,0.0,0.0,3,10000,336,0.14946018893387314,0.13655533063428044,1.1614957724573083,0.4986799761066496,4,741
iid,3.0,40,0.0,0.0,3,10000,546,0.14777327935222673,0.058367071524963746,1.6255734894983445,0.8066134063558704,4,741
iid,3.0,40,0.0,0.0,3,10000,886,0.13798920377867746,0.02184547908232183,2.6111928733257015,1.0446595839646597,4,741
iid,3.0,40,0.0,0.0,3,10000,1438,0.13562753036437247,0.05431848852901311,3.7853256518339684,1.393486844274485,4,741
iid,3.0,40,0.0,0.0,3,10000,2336,0.13225371120107965,0.21255060728744551,3.9460096865602674,1.9724731401652598,4,741
iid,3.0,40,0.0,0.0,3,10000,3793,0.12651821862348178,0.07312753036437261,4.609385345553191,2.4222494562742964,4,741
iid,3.0,40,0.0,0.0,3,10000,6158,0.11909581646423752,0.039389338731444665,5.70309124292252,2.7513298967846325,4,741
iid,3.0,40,0.0,0.0,3,10000,10000,0.10796221322537111,0.022267206477732338,8.066542985163014,3.2742654297581675,4,741
iid,3.0,40,0.0,0.0,4,0,1,0.007422402159244264,0.003036437246963567,4.175234521407264,0.726651298074687,4,741
iid,3.0,40,0.0,0.0,4,0,2,0.008097165991902834,0.0033738191632928503,7.868560280173451,1.2640866988318227,4,741
iid,3.0,40,0.0,0.0,4,0,3,0.00708502024291498,0.0009278002699055308,13.888730401489052,0.28808122545669745,4,741
iid,3.0,40,0.0,0.0,4,0,4,0.006747638326585695,0.000674763832658566,23.99904179185466,2.9298995839909496,4,741
iid,3.0,40,0.0,0.0,4,0,7,0.005060728744939271,0.0029520917678812412,51.18764173368346,8.353825039241048,4,741
iid,3.0,40,0.0,0.0,4,0,11,0.005060728744939271,0.0009278002699055359,100.19197923805656,17.688210542910944,4,741
iid,3.0,40,0.0,0.0,4,0,18,0.0030364372469635624,0.000253036437246966,173.94052375027474,42.20883777943042,4,741
iid,3.0,40,0.0,0.0,4,0,30,0.001349527665317139,0.001349527665317139,338.39197768419274,83.60395136527389,4,741
iid,3.0,40,0.0,0.0,4,0,48,0.0020242914979757085,0.0016869095816464238,577.2837706388586,118.7928252339627,4,741
iid,3.0,40,0.0,0.0,4,0,78,0.0023616734143049934,0.002952091767881241,835.4023752176853,222.10081381185313,4,741
iid,3.0,40,0.0,0.0,4,0,127,0.0010121457489878543,0.0002530364372469635,1104.0124309604516,219.55687986381182,4,741
iid,3.0,40,0.0,0.0,4,0,207,0.001349527665317139,0.002024291497975709,1343.0706444921104,302.723414422002,4,741
iid,3.0,40,0.0,0.0,4,0,336,0.002699055330634278,0.002699055330634279,1454.5069093435425,397.7241244241766,4,741
iid,3.0,40,0.0,0.0,4,0,546,0.002699055330634278,0.002024291497975708,1614.4869088494556,454.28230906137253,4,741
iid,3.0,40,0.0,0.0,4,0,886,0.0033738191632928477,0.00573549257759784,1851.0287009326253,425.8975327885826,4,741
iid,3.0,40,0.0,0.0,4,0,1438,0.004048582995951417,0.004723346828609988,2258.173259431972,470.0126353430539,4,741
iid,3.0,40,0.0,0.0,4,0,2336,0.002699055330634278,0.0006747638326585698,2514.6784068103375,463.95830660927885,4,741
iid,3.0,40,0.0,0.0,4,0,3793,0.0033738191632928472,0.0030364372469635624,2845.312936981566,484.82635181053314,4,741
iid,3.0,40,0.0,0.0,4,0,6158,0.001349527665317139,0.001349527665317139,2858.6941792409525,342.14846918893284,4,741
iid,3.0,40,0.0,0.0,4,0,10000,0.0010121457489878543,0.0002530364372469635,3188.963158644452,811.1793741931768,4,741
iid,3.0,40,0.0,0.0,4,100,1,0.038124156545209176,0.011049257759784131,1.8880934671053344,0.8247589688397619,4,741
iid,3.0,40,0.0,0.0,4,100,2,0.03609986504723347,0.014423076923076861,3.235801334800327,0.794680395028666,4,741
iid,3.0,40,0.0,0.0,4,100,3,0.03609986504723347,0.013073549257759609,4.590064994436384,1.5107360041990325,4,741
iid,3.0,40,0.0,0.0,4,100,4,0.033738191632928474,0.014170040485829948,6.744059198065957,3.2971818856512494,4,741
iid,3.0,40,0.0,0.0,4,100,7,0.03205128205128205,0.008350202429149947,13.292890807222598,6.742581886316951,4,741
iid,3.0,40,0.0,0.0,4,100,11,0.03272604588394062,0.021170715249662804,19.523670168189685,12.152603073713237,4,741
iid,3.0,40,0.0,0.0,4,100,18,0.03171390013495277,0.005735492577597801,23.751501329832443,7.1408229995985195,4,741
iid,3.0,40,0.0,0.0,4,100,30,0.03036437246963563,0.01113360323886633,35.996513557023384,12.439014983627732,4,741
iid,3.0,40,0.0,0.0,4,100,48,0.026990553306342785,0.006072874493926994,66.62247882031261,23.3054502219025,4,741
iid,3.0,40,0.0,0.0,4,100,78,0.02631578947368421,0.015182186234817926,96.90647328793162,37.25080483887021,4,741
iid,3.0,40,0.0,0.0,4,100,127,0.026990553306342778,0.005398110661268609,124.89791368851644,22.22634462219551,4,741
iid,3.0,40,0.0,0.0,4,100,207,0.02496626180836707,0.007085020242914974,171.49362629672214,35.279894619194536,4,741
iid,3.0,40,0.0,0.0,4,100,336,0.023616734143049933,0.007085020242914974,217.70759329740554,35.59841884353827,4,741
iid,3.0,40,0.0,0.0,4,100,546,0.02294197031039136,0.010121457489878591,282.7626152358604,39.51058491040464,4,741
iid,3.0,40,0.0,0.0,4,100,886,0.020242914979757085,0.008771929824561419,383.70495946189584,77.31808891392791,4,741
iid,3.0,40,0.0,0.0,4,100,1438,0.019568151147098516,0.007085020242914974,582.2512201709601,189.42543849136044,4,741
iid,3.0,40,0.0,0.0,4,100,2336,0.02058029689608637,0.001602564102564127,815.8333667239633,293.0335117170352,4,741
iid,3.0,40,0.0,0.0,4,100,3793,0.01855600539811066,0.0009278002699056212,955.4975258863781,312.7754967171768,4,741
iid,3.0,40,0.0,0.0,4,100,6158,0.013832658569500675,0.0056511470985155235,1041.736730382564,363.7797234898971,4,741
iid,3.0,40,0.0,0.0,4,100,10000,0.014507422402159246,0.0029520917678811987,1243.4983794973139,564.0370831900224,4,741
iid,3.0,40,0.0,0.0,4,1000,1,0.09784075573549258,0.01180836707152375,0.2568625478589533,0.17611150619399527,4,741
iid,3.0,40,0.0,0.0,4,1000,2,0.09682860998650472,0.011049257759785096,0.3460336506528151,0.11761414927265869,4,741
iid,3.0,40,0.0,0.0,4,1000,3,0.09547908232118758,0.021170715249662964,0.6354109067420644,0.25545154682908544,4,741
iid,3.0,40,0.0,0.0,4,1000,4,0.09514170040485831,0.02058029689608517,0.9862891829747635,0.45572854007178576,4,741
iid,3.0,40,0.0,0.0,4,1000,7,0.09176788124156546,0.02631578947368297,1.8104243940490707,0.8065031886076237,4,741
iid,3.0,40,0.0,0.0,4,1000,11,0.0887314439946019,0.020495951417004096,2.6883796185078888,1.3576932730137887,4,741
iid,3.0,40,0.0,0.0,4,1000,18,0.08670715249662618,0.0272435897435902,5.605058029714364,2.9736785962900663,4,741
iid,3.0,40,0.0,0.0,4,1000,30,0.0840080971659919,0.015097840755735729,6.497560467737061,2.354007449146425,4,741
iid,3.0,40,0.0,0.0,4,1000,48,0.08198380566801619,0.004301619433198994,11.48304161342423,7.402036032197705,4,741
iid,3.0,40,0.0,0.0,4,1000,78,0.08097165991902834,0.008097165991903195,15.345048622128914,7.802214681429606,4,741
iid,3.0,40,0.0,0.0,4,1000,127,0.07894736842105264,0.03609986504723269,28.28847559369175,22.778938333205865,4,741
iid,3.0,40,0.0,0.0,4,1000,207,0.07388663967611335,0.008350202429150912,43.8490056929509,36.147218553248386,4,741
iid,3.0,40,0.0,0.0,4,1000,336,0.07186234817813766,0.02791835357624778,55.6697678291757,40.79383744349307,4,741
iid,3.0,40,0.0,0.0,4,1000,546,0.06916329284750337,0.028593117408906646,64.88201402868987,53.5814575517639,4,741
iid,3.0,40,0.0,0.0,4,1000,886,0.06342780026990553,0.03171390013495262,83.22619694656849,52.33406271533873,4,741
iid,3.0,40,0.0,0.0,4,1000,1438,0.058029689608636977,0.02564102564102571,163.96530470301425,122.1178715745385,4,741
iid,3.0,40,0.0,0.0,4,1000,2336,0.05566801619433198,0.047486504723346895,236.9142115431776,193.111612952189,4,741
iid,3.0,40,0.0,0.0,4,1000,3793,0.04723346828609987,0.014170040485829786,271.4665388573097,175.70182427317326,4,741
iid,3.0,40,0.0,0.0,4,1000,6158,0.049595141700404854,0.018471659919028778,323.28776763960553,237.68612451092122,4,741
iid,3.0,40,0.0,0.0,4,1000,10000,0.043184885290148446,0.0026990553306343442,461.36807371505853,343.58120087528863,4,741
iid,3.0,40,0.0,0.0,4,10000,1,0.143387314439946,0.2256241565452098,0.0630325463645098,0.04769629844163799,4,741
iid,3.0,40,0.0,0.0,4,10000,2,0.14203778677462886,0.22697368421053007,0.1359822432544231,0.10198927907571648,4,741
iid,3.0,40,0.0,0.0,4,10000,3,0.1413630229419703,0.21752699055330593,0.11197111462660239,0.07987068048435536,4,741
iid,3.0,40,0.0,0.0,4,10000,4,0.1413630229419703,0.21752699055330593,0.20510133065384062,0.2112170374694688,4,741
iid,3.0,40,0.0,0.0,4,10000,7,0.13967611336032387,0.21626180836707443,0.29845087022056627,0.27010085823665275,4,741
iid,3.0,40,0.0,0.0,4,10000,11,0.13697705802968962,0.15755735492577352,0.41852129374792585,0.1840409887075731,4,741
iid,3.0,40,0.0,0.0,4,10000,18,0.1329284750337382,0.14338731443994246,0.8164956958731905,0.6019525674707499,4,741
iid,3.0,40,0.0,0.0,4,10000,30,0.13394062078272606,0.16961875843454177,0.9073301377038683,0.6135235018023829,4,741
iid,3.0,40,0.0,0.0,4,10000,48,0.1349527665317139,0.217948717948719,0.8187447973257167,0.4253517869484951,4,741
iid,3.0,40,0.0,0.0,4,10000,78,0.12854251012145748,0.2182017543859648,1.4543612919251636,1.3457255076138446,4,741
iid,3.0,40,0.0,0.0,4,10000,127,0.1278677462887989,0.1817645074224014,1.9020133606443927,1.753529079233203,4,741
iid,3.0,40,0.0,0.0,4,10000,207,0.1258434547908232,0.1891869095816438,2.8271452895636284,2.365111762505363,4,741
iid,3.0,40,0.0,0.0,4,10000,336,0.11875843454790823,0.1194331983805668,3.1345773883021604,2.316718907827684,4,741
iid,3.0,40,0.0,0.0,4,10000,546,0.11336032388663966,0.1626180836707163,4.822990284880661,4.19059002323679,4,741
iid,3.0,40,0.0,0.0,4,10000,886,0.10931174089068826,0.10863697705802879,6.7035449731669505,5.846048876209482,4,741
iid,3.0,40,0.0,0.0,4,10000,1438,0.10593792172739541,0.09278002699055313,7.840688837877785,7.55340550966073,4,741
iid,3.0,40,0.0,0.0,4,10000,2336,0.10087719298245613,0.03534075573549275,11.00100439778434,9.783537166946003,4,741
iid,3.0,40,0.0,0.0,4,10000,3793,0.09244264507422402,0.0678137651821866,15.420942116582362,12.00602489970866,4,741
iid,3.0,40,0.0,0.0,4,10000,6158,0.08468286099865047,0.036690283400810486,23.04248810668921,24.13989952284071,4,741
iid,3.0,40,0.0,0.0,4,10000,10000,0.08164642375168692,0.04082321187584348,33.007018980980305,42.39073737056018,4,741
iid,6.0,40,0.0,0.0,0,0,1,0.010796221322537112,0.03711201079622133,4.627693475503189,2.193880235836831,4,741
iid,6.0,40,0.0,0.0,0,0,2,0.010121457489878541,0.03407557354925778,8.76345765320433,2.3685439558805514,4,741
iid,6.0,40,0.0,0.0,0,0,3,0.009109311740890687,0.03331646423751688,14.549707206886632,2.9271722836762915,4,741
iid,6.0,40,0.0,0.0,0,0,4,0.008434547908232119,0.025219298245614027,21.936602786614763,5.95425350723334,4,741
iid,6.0,40,0.0,0.0,0,0,7,0.008434547908232119,0.025219298245614027,41.89658277149306,10.828415477577012,4,741
iid,6.0,40,0.0,0.0,0,0,11,0.00708502024291498,0.007675438596491231,84.17258421636663,23.206795407160786,4,741
iid,6.0,40,0.0,0.0,0,0,18,0.00641025641025641,0.006325910931174089,170.4627468027379,28.314964050385246,4,741
iid,6.0,40,0.0,0.0,0,0,30,0.005735492577597841,0.00700067476383265,329.2716140553885,58.673988786121804,4,741
iid,6.0,40,0.0,0.0,0,0,48,0.0043859649122807015,0.0036268556005398123,643.7483906151194,151.58551589285017,4,741
iid,6.0,40,0.0,0.0,0,0,78,0.0043859649122807015,0.004976383265856952,956.8224617685254,161.01213734011932,4,741
iid,6.0,40,0.0,0.0,0,0,127,0.0043859649122807015,0.004976383265856952,1346.4777125928217,224.63757440022158,4,741
iid,6.0,40,0.0,0.0,0,0,207,0.0043859649122807015,0.004976383265856952,1713.1734801069554,239.96292250446726,4,741
iid,6.0,40,0.0,0.0,0,0,336,0.0037112010796221326,0.0049763832658569485,1907.5928587713504,285.1433244388477,4,741
iid,6.0,40,0.0,0.0,0,0,546,0.004048582995951417,0.002024291497975708,2112.0278613658597,428.6407068058169,4,741
iid,6.0,40,0.0,0.0,0,0,886,0.004048582995951417,0.002024291497975708,2480.940578319686,701.4244013726305,4,741
iid,6.0,40,0.0,0.0,0,0,1438,0.004723346828609986,0.003036437246963567,2582.467022846669,763.7091573634711,4,741
iid,6.0,40,0.0,0.0,0,0,2336,0.004048582995951417,0.0006747638326585685,2743.0022929407332,868.6873337724521,4,741
iid,6.0,40,0.0,0.0,0,0,3793,0.002699055330634278,0.0,2808.9985782071985,924.2069740227561,4,741
iid,6.0,40,0.0,0.0,0,0,6158,0.0033738191632928477,0.003036437246963561,2906.155529175553,932.0453238610193,4,741
iid,6.0,40,0.0,0.0,0,0,10000,0.003711201079622132,0.004976383265856954,2931.6881269917776,953.6694974390376,4,741
iid,6.0,40,0.0,0.0,0,100,1,0.04520917678812415,0.07388663967611384,1.7272073390656275,0.714102859982835,4,741
iid,6.0,40,0.0,0.0,0,100,2,0.042847503373819165,0.041413630229419664,5.0350309899867876,2.8055191553292365,4,741
iid,6.0,40,0.0,0.0,0,100,3,0.041835357624831315,0.035762483130903897,6.615095295691004,3.6373162927332174,4,741
iid,6.0,40,0.0,0.0,0,100,4,0.041835357624831315,0.04048582995951388,8.743709789650937,4.478419782680472,4,741
iid,6.0,40,0.0,0.0,0,100,7,0.0398110661268556,0.051619433198380374,12.607284153898922,3.801361844156992,4,741
iid,6.0,40,0.0,0.0,0,100,11,0.037786774628879895,0.06612685560053976,16.909611798237744,8.011210527463694,4,741
iid,6.0,40,0.0,0.0,0,100,18,0.03744939271255061,0.05760796221322541,23.000725443495234,7.946226185884711,4,741
iid,6.0,40,0.0,0.0,0,100,30,0.03677462887989204,0.09202091767881238,42.67914321221416,15.18114487710642,4,741
iid,6.0,40,0.0,0.0,0,100,48,0.03609986504723347,0.08729757085020255,74.51842948104114,30.758645345781847,4,741
iid,6.0,40,0.0,0.0,0,100,78,0.03441295546558704,0.05161943319838069,96.35186903042089,32.01301711950603,4,741
iid,6.0,40,0.0,0.0,0,100,127,0.033738191632928474,0.04251012145749,165.1617125539745,66.40245866693043,4,741
iid,6.0,40,0.0,0.0,0,100,207,0.03407557354925776,0.08189946018893386,197.54916767440625,46.775729671601596,4,741
iid,6.0,40,0.0,0.0,0,100,336,0.03002699055330634,0.04883603238866407,267.7336688805773,65.5295782765654,4,741
iid,6.0,40,0.0,0.0,0,100,546,0.029689608636977054,0.0627530364372471,401.4716484899922,243.7438148452889,4,741
iid,6.0,40,0.0,0.0,0,100,886,0.028677462887989204,0.06300607287449402,512.9762201835747,318.9085338275852,4,741
iid,6.0,40,0.0,0.0,0,100,1438,0.027665317139001347,0.04892037786774635,567.6524565656399,367.8680196835836,4,741
iid,6.0,40,0.0,0.0,0,100,2336,0.024291497975708502,0.03913630229419711,662.5111118601764,426.35991110529983,4,741
iid,6.0,40,0.0,0.0,0,100,3793,0.02260458839406208,0.02117071524966248,710.9349615576346,449.0155402007089,4,741
iid,6.0,40,0.0,0.0,0,100,6158,0.023616734143049933,0.015182186234817846,759.3219519216458,459.8230397414022,4,741
iid,6.0,40,0.0,0.0,0,100,10000,0.023954116059379218,0.02117071524966264,773.7132381473077,464.62723347633704,4,741
iid,6.0,40,0.0,0.0,0,1000,1,0.12887989203778677,0.09075573549257394,0.09211273780554985,0.1187997857510313,4,741
iid,6.0,40,0.0,0.0,0,1000,2,0.12786774628879893,0.08527327935222451,0.2629876948461712,0.1715009132041887,4,741
iid,6.0,40,0.0,0.0,0,1000,3,0.1278677462887989,0.0758265856950055,0.4608237380203626,0.430240055762702,4,741
iid,6.0,40,0.0,0.0,0,1000,4,0.12719298245614036,0.09944331983805557,0.5185069626398395,0.41526743870611044,4,741
iid,6.0,40,0.0,0.0,0,1000,7,0.1258434547908232,0.09944331983805557,0.793141436550904,0.5346420303140098,4,741
iid,6.0,40,0.0,0.0,0,1000,11,0.12449392712550607,0.08729757085020368,1.0178142219243052,0.5646733867424983,4,741
iid,6.0,40,0.0,0.0,0,1000,18,0.12078272604588394,0.07118758434547837,1.2780577513968054,0.7620234186545606,4,741
iid,6.0,40,0.0,0.0,0,1000,30,0.12112010796221322,0.07582658569500808,2.6885659699466,1.978159961271301,4,741
iid,6.0,40,0.0,0.0,0,1000,48,0.12112010796221322,0.08527327935222836,2.4828148167916018,2.4938210826375493,4,741
iid,6.0,40,0.0,0.0,0,1000,78,0.11403508771929824,0.027327935222673842,3.270486030359881,2.668996941788195,4,741
iid,6.0,40,0.0,0.0,0,1000,127,0.11201079622132254,0.094466936572199,5.0945018099752195,3.9559477334851114,4,741
iid,6.0,40,0.0,0.0,0,1000,207,0.10998650472334683,0.15215924426450902,5.852980483525162,3.372490225862682,4,741
iid,6.0,40,0.0,0.0,0,1000,336,0.11032388663967611,0.11698717948717842,8.687145676436273,6.4181707126270435,4,741
iid,6.0,40,0.0,0.0,0,1000,546,0.104251012145749,0.13925438596491205,14.059686921096155,10.253224744709286,4,741
iid,6.0,40,0.0,0.0,0,1000,886,0.1039136302294197,0.12145748987854213,30.113337424492897,28.941278342353126,4,741
iid,6.0,40,0.0,0.0,0,1000,1438,0.09784075573549258,0.22975708502024406,45.99630298954303,43.279318717752005,4,741
iid,6.0,40,0.0,0.0,0,1000,2336,0.09008097165991902,0.1514001349527678,71.21246907460673,90.91985263618251,4,741
iid,6.0,40,0.0,0.0,0,1000,3793,0.08299595141700405,0.07995951417003978,102.01380822229024,110.69530065220911,4,741
iid,6.0,40,0.0,0.0,0,1000,6158,0.0796221322537112,0.1626180836707144,114.17400472754682,120.5087864541973,4,741
iid,6.0,40,0.0,0.0,0,1000,10000,0.0772604588394062,0.1257591093117411,115.31639371451057,120.66196423643663,4,741
iid,6.0,40,0.0,0.0,0,10000,1,0.1659919028340081,0.1896086369770543,0.0474571983176255,0.055828822142071806,4,741
iid,6.0,40,0.0,0.0,0,10000,2,0.16565452091767882,0.18311403508771656,0.22479768753681398,0.39817409247643254,4,741
iid,6.0,40,0.0,0.0,0,10000,3,0.1659919028340081,0.1707152496626163,0.22679978219714975,0.39665362547965066,4,741
iid,6.0,40,0.0,0.0,0,10000,4,0.16497975708502025,0.1588225371120102,0.2403912081053421,0.38756948199748176,4,741
iid,6.0,40,0.0,0.0,0,10000,7,0.16194331983805665,0.21120107962213805,0.3426138112298646,0.4963566238693717,4,741
iid,6.0,40,0.0,0.0,0,10000,11,0.16059379217273953,0.22334682860998994,0.7643917580779571,1.2509678618025875,4,741
iid,6.0,40,0.0,0.0,0,10000,18,0.15823211875843454,0.2175269905533085,0.6289098793130199,0.8720115357209353,4,741
iid,6.0,40,0.0,0.0,0,10000,30,0.15856950067476383,0.22435897435897312,0.7762107561355907,1.046470993139652,4,741
iid,6.0,40,0.0,0.0,0,10000,48,0.15890688259109312,0.2458670715249655,0.6738666210239064,0.7626356320268818,4,741
iid,6.0,40,0.0,0.0,0,10000,78,0.15620782726045884,0.3187415654520923,2.6702280657239386,4.524866381268519,4,741
iid,6.0,40,0.0,0.0,0,10000,127,0.15553306342780027,0.31806680161943346,3.1582094276389965,5.285882130942342,4,741
iid,6.0,40,0.0,0.0,0,10000,207,0.15317139001349528,0.3336707152496582,3.9941000588828595,7.124823754668499,4,741
iid,6.0,40,0.0,0.0,0,10000,336,0.15013495276653172,0.3308873144399468,3.666526299884374,5.976282723108553,4,741
iid,6.0,40,0.0,0.0,0,10000,546,0.1460863697705803,0.26206140350877577,4.219445466808618,6.479980710704119,4,741
iid,6.0,40,0.0,0.0,0,10000,886,0.1437246963562753,0.1690283400809717,3.7391435572363667,4.80964527836388,4,741
iid,6.0,40,0.0,0.0,0,10000,1438,0.13630229419703102,0.17881241565452527,5.562069475367867,7.003598757591409,4,741
iid,6.0,40,0.0,0.0,0,10000,2336,0.13225371120107962,0.13967611336032382,5.981509862678773,6.760707027387661,4,741
iid,6.0,40,0.0,0.0,0,10000,3793,0.13157894736842107,0.1447368421052602,10.772632167132647,14.39250936888246,4,741
iid,6.0,40,0.0,0.0,0,10000,6158,0.12719298245614033,0.19795883940621165,11.585832424258793,17.123553259641046,4,741
iid,6.0,40,0.0,0.0,0,10000,10000,0.12246963562753035,0.1723178137651824,11.525701726936063,15.30977654919336,4,741
iid,6.0,40,0.0,0.0,1,0,1,0.0050607287449392704,0.007000674763832663,4.933022577459289,2.3459242588652693,4,741
iid,6.0,40,0.0,0.0,1,0,2,0.0043859649122807015,0.01037449392712551,7.732743855233779,3.248015172767163,4,741
iid,6.0,40,0.0,0.0,1,0,3,0.004048582995951417,0.008771929824561406,12.596117566756543,5.151295214875855,4,741
iid,6.0,40,0.0,0.0,1,0,4,0.004048582995951417,0.004723346828609988,17.088201651735112,4.935150517874946,4,741
iid,6.0,40,0.0,0.0,1,0,7,0.0033738191632928472,0.005735492577597841,40.61570143875008,11.68799367030058,4,741
iid,6.0,40,0.0,0.0,1,0,11,0.0037112010796221326,0.007000674763832659,71.87797310207397,26.706844264213,4,741
iid,6.0,40,0.0,0.0,1,0,18,0.0026990553306342783,0.004723346828609986,146.62832620766463,58.192068257204575,4,741
iid,6.0,40,0.0,0.0,1,0,30,0.0020242914979757085,0.0037112010796221326,254.92972963140147,87.02359483475834,4,741
iid,6.0,40,0.0,0.0,1,0,48,0.0026990553306342783,0.006072874493927126,434.13447016752826,115.63689281216358,4,741
iid,6.0,40,0.0,0.0,1,0,78,0.0023616734143049934,0.005651147098515519,682.6742171620831,145.81218247895626,4,741
iid,6.0,40,0.0,0.0,1,0,127,0.0026990553306342783,0.006072874493927126,926.1294233522002,194.5935373667831,4,741
iid,6.0,40,0.0,0.0,1,0,207,0.001349527665317139,0.002024291497975709,1141.482915375564,213.04280134917656,4,741
iid,6.0,40,0.0,0.0,1,0,336,0.001349527665317139,0.002024291497975709,1306.5367988730422,325.43839665473394,4,741
iid,6.0,40,0.0,0.0,1,0,546,0.002361673414304993,0.0029520917678812412,1486.2849594897384,378.11601085987746,4,741
iid,6.0,40,0.0,0.0,1,0,886,0.002361673414304993,0.0029520917678812412,1601.9228237789657,381.2587397803059,4,741
iid,6.0,40,0.0,0.0,1,0,1438,0.001349527665317139,0.001349527665317139,1723.0455873193623,435.1475319434894,4,741
iid,6.0,40,0.0,0.0,1,0,2336,0.0020242914979757085,0.0037112010796221326,1777.3378349458449,459.6994795498704,4,741
iid,6.0,40,0.0,0.0,1,0,3793,0.0020242914979757085,0.0037112010796221326,1793.4038405398871,452.1377142619933,4,741
iid,6.0,40,0.0,0.0,1,0,6158,0.003036437246963563,0.004976383265856949,1898.0007761919246,543.1306346603384,4,741
iid,6.0,40,0.0,0.0,1,0,10000,0.002699055330634278,0.0033738191632928477,1915.68961587078,546.8476139350998,4,741
iid,6.0,40,0.0,0.0,1,100,1,0.043184885290148446,0.3448043184885289,1.0477671602073104,0.4413347003186367,4,741
iid,6.0,40,0.0,0.0,1,100,2,0.041160593792172746,0.3120782726045879,2.48860757046318,1.294046538410215,4,741
iid,6.0,40,0.0,0.0,1,100,3,0.04014844804318488,0.3747469635627533,4.180692280751234,1.9020530122006374,4,741
iid,6.0,40,0.0,0.0,1,100,4,0.04048582995951417,0.3380566801619434,5.343060639642148,1.5576432061228311,4,741
iid,6.0,40,0.0,0.0,1,100,7,0.03913630229419703,0.3124156545209175,6.788520298906656,1.5070365242741495,4,741
iid,6.0,40,0.0,0.0,1,100,11,0.038798920377867745,0.30794534412955465,11.181637874844313,2.8959346036007125,4,741
iid,6.0,40,0.0,0.0,1,100,18,0.03744939271255061,0.3072705802968961,17.50436887664887,1.249733350419936,4,741
iid,6.0,40,0.0,0.0,1,100,30,0.03711201079622132,0.2709176788124162,27.251683284825297,5.218143276702346,4,741
iid,6.0,40,0.0,0.0,1,100,48,0.03643724696356276,0.29149797570850194,33.944745266171225,7.649048994206637,4,741
iid,6.0,40,0.0,0.0,1,100,78,0.030701754385964914,0.2485661268556005,60.39772155294564,13.610989040897243,4,741
iid,6.0,40,0.0,0.0,1,100,127,0.028002699055330635,0.22090080971659914,98.62758131412068,25.02998828763967,4,741
iid,6.0,40,0.0,0.0,1,100,207,0.027327935222672066,0.13655533063427794,136.6395181005837,69.92231803921334,4,741
iid,6.0,40,0.0,0.0,1,100,336,0.028002699055330635,0.20403171390013486,176.5737563741806,81.30057765727693,4,741
iid,6.0,40,0.0,0.0,1,100,546,0.029352226720647773,0.22494939271255066,215.03241492676256,78.81793421791764,4,741
iid,6.0,40,0.0,0.0,1,100,886,0.024628879892037787,0.16624493927125508,275.2090507615608,101.53584305468863,4,741
iid,6.0,40,0.0,0.0,1,100,1438,0.02530364372469636,0.17366734143049925,318.9213924461459,118.10587150465896,4,741
iid,6.0,40,0.0,0.0,1,100,2336,0.02496626180836707,0.16902834008097162,344.5492394077884,134.266122323203,4,741
iid,6.0,40,0.0,0.0,1,100,3793,0.022267206477732795,0.0981781376518218,354.57027558858806,128.05465527091903,4,741
iid,6.0,40,0.0,0.0,1,100,6158,0.022267206477732795,0.0981781376518218,418.31991904684565,192.99980751417772,4,741
iid,6.0,40,0.0,0.0,1,100,10000,0.020580296896086373,0.10484143049932507,425.32504200450035,198.87439366253997,4,741
iid,6.0,40,0.0,0.0,1,1000,1,0.12753036437246965,0.11167341430499111,0.049441298711194924,0.07271794267254349,4,741
iid,6.0,40,0.0,0.0,1,1000,2,0.12685560053981107,0.13427800269905546,0.0965752482507052,0.06394522392706609,4,741
iid,6.0,40,0.0,0.0,1,1000,3,0.12550607287449392,0.1363022941970295,0.1190761887060299,0.013394615522924293,4,741
iid,6.0,40,0.0,0.0,1,1000,4,0.12449392712550605,0.14532726045883929,0.18911887336050445,0.07472417363434497,4,741
iid,6.0,40,0.0,0.0,1,1000,7,0.12348178137651822,0.16093117408906787,0.5350410514353429,0.5387483656011182,4,741
iid,6.0,40,0.0,0.0,1,1000,11,0.12246963562753037,0.17636639676113303,0.8856648524237196,0.8894711174950093,4,741
iid,6.0,40,0.0,0.0,1,1000,18,0.12112010796221322,0.10214237516869362,1.2691396137607476,1.2391112955281274,4,741
iid,6.0,40,0.0,0.0,1,1000,30,0.11842105263157895,0.11833670715249486,1.650428021712135,1.5276404023434396,4,741
iid,6.0,40,0.0,0.0,1,1000,48,0.11673414304993253,0.13798920377867666,2.591567187841497,2.837342266399175,4,741
iid,6.0,40,0.0,0.0,1,1000,78,0.1150472334682861,0.09539473684210495,3.3308916592915403,3.712266001699889,4,741
iid,6.0,40,0.0,0.0,1,1000,127,0.11336032388663966,0.057354925775980586,4.295042142124181,3.443688308026427,4,741
iid,6.0,40,0.0,0.0,1,1000,207,0.10728744939271255,0.07591093117408787,6.700316520020466,4.962094100865527,4,741
iid,6.0,40,0.0,0.0,1,1000,336,0.10357624831309041,0.09944331983805686,8.067649980337688,6.144479498195765,4,741
iid,6.0,40,0.0,0.0,1,1000,546,0.10256410256410256,0.1518218623481796,9.850852460094366,6.319842911926784,4,741
iid,6.0,40,0.0,0.0,1,1000,886,0.0975033738191633,0.15072537112010637,11.000449342021483,5.340922830353149,4,741
iid,6.0,40,0.0,0.0,1,1000,1438,0.09412955465587045,0.20065789473684198,16.15011089137479,9.364047131808496,4,741
iid,6.0,40,0.0,0.0,1,1000,2336,0.08738191632928474,0.04006410256410418,17.52486717742335,8.490880468058279,4,741
iid,6.0,40,0.0,0.0,1,1000,3793,0.08434547908232119,0.10897435897435886,24.16551257493054,14.287713063248969,4,741
iid,6.0,40,0.0,0.0,1,1000,6158,0.07759784075573549,0.034075573549257374,38.37447529148528,38.09644012331569,4,741
iid,6.0,40,0.0,0.0,1,1000,10000,0.0728744939271255,0.0492577597840761,47.38921910320934,53.146397586271206,4,741
iid,6.0,40,0.0,0.0,1,10000,1,0.16531713900134953,0.04217273954115864,0.004357207088756186,0.005276436944130202,4,741
iid,6.0,40,0.0,0.0,1,10000,2,0.16464237516869096,0.044534412955464675,0.01877442459908268,0.0088519276096377,4,741
iid,6.0,40,0.0,0.0,1,10000,3,0.16464237516869096,0.044534412955464675,0.0407216730196365,0.04151237539231581,4,741
iid,6.0,40,0.0,0.0,1,10000,4,0.16464237516869096,0.044534412955464675,0.05169792521578108,0.05570836043271455,4,741
iid,6.0,40,0.0,0.0,1,10000,7,0.16464237516869096,0.044534412955464675,0.0701723690112278,0.05399364938506453,4,741
iid,6.0,40,0.0,0.0,1,10000,11,0.16295546558704455,0.04141363022941613,0.11777921113375454,0.05262491652718174,4,741
iid,6.0,40,0.0,0.0,1,10000,18,0.16261808367071523,0.05026990553306762,0.18029607257573124,0.0751157077570055,4,741
iid,6.0,40,0.0,0.0,1,10000,30,0.15991902834008095,0.04487179487179668,0.22524355393302328,0.07917813182044263,4,741
iid,6.0,40,0.0,0.0,1,10000,48,0.15789473684210525,0.02429149797570894,0.28568196742887825,0.05980532724649394,4,741
iid,6.0,40,0.0,0.0,1,10000,78,0.15620782726045884,0.031966936572197124,0.3703232236074071,0.10796071323182091,4,741
iid,6.0,40,0.0,0.0,1,10000,127,0.15317139001349528,0.05431848852901568,0.5191574127865658,0.21152178656254067,4,741
iid,6.0,40,0.0,0.0,1,10000,207,0.14946018893387314,0.056933198380567505,0.9471305553014956,0.6081142323515071,4,741
iid,6.0,40,0.0,0.0,1,10000,336,0.14878542510121456,0.04478744939271818,0.9528940347375797,0.38274555172617175,4,741
iid,6.0,40,0.0,0.0,1,10000,546,0.1437246963562753,0.07995951417004235,1.2509581170368318,0.5916282672100095,4,741
iid,6.0,40,0.0,0.0,1,10000,886,0.14304993252361672,0.042510121457493215,1.2102465477759434,0.6277208995272089,4,741
iid,6.0,40,0.0,0.0,1,10000,1438,0.13866396761133604,0.03129217273954083,1.786186737383249,0.6836154148045953,4,741
iid,6.0,40,0.0,0.0,1,10000,2336,0.13495276653171392,0.025641025641021532,2.4007145562499894,1.3686698597209326,4,741
iid,6.0,40,0.0,0.0,1,10000,3793,0.1329284750337382,0.05026990553306247,3.3082720355814916,1.6342034013584608,4,741
iid,6.0,40,0.0,0.0,1,10000,6158,0.12516869095816463,0.07515182186234921,3.382358992259482,1.3616771562282783,4,741
iid,6.0,40,0.0,0.0,1,10000,10000,0.1241565452091768,0.05870445344129446,5.112863278073626,3.8044705918971324,4,741
iid,6.0,40,0.0,0.0,2,0,1,0.008434547908232119,0.0016025641025640969,3.720975797345684,1.4879394865176427,4,741
iid,6.0,40,0.0,0.0,2,0,2,0.007422402159244263,0.003711201079622148,7.143202150942636,3.068232501238864,4,741
iid,6.0,40,0.0,0.0,2,0,3,0.00641025641025641,0.0056511470985155235,12.238840273354064,4.935942600106686,4,741
iid,6.0,40,0.0,0.0,2,0,4,0.00641025641025641,0.0056511470985155235,18.48695113193685,8.073529900222447,4,741
iid,6.0,40,0.0,0.0,2,0,7,0.005060728744939272,0.0056511470985155104,40.435963972487855,9.024406423358759,4,741
iid,6.0,40,0.0,0.0,2,0,11,0.004048582995951417,0.0020242914979757107,70.70876320644909,17.83522503278066,4,741
iid,6.0,40,0.0,0.0,2,0,18,0.0033738191632928472,0.0016869095816464225,168.47869755823464,33.55066811686105,4,741
iid,6.0,40,0.0,0.0,2,0,30,0.0026990553306342783,0.002024291497975707,324.5107720659648,28.36823249454767,4,741
iid,6.0,40,0.0,0.0,2,0,48,0.002699055330634278,0.0,507.14107789467283,91.20323731248403,4,741
iid,6.0,40,0.0,0.0,2,0,78,0.0023616734143049934,0.0002530364372469629,828.9800838826342,149.35876843884404,4,741
iid,6.0,40,0.0,0.0,2,0,127,0.0020242914979757085,0.0003373819163292849,1071.9153584904648,200.7585010114514,4,741
iid,6.0,40,0.0,0.0,2,0,207,0.0020242914979757085,0.0003373819163292849,1216.188030409396,293.9101728536844,4,741
iid,6.0,40,0.0,0.0,2,0,336,0.0023616734143049934,0.0009278002699055327,1384.6661379779337,395.6043078088802,4,741
iid,6.0,40,0.0,0.0,2,0,546,0.0020242914979757085,0.001012145748987854,1470.939475885988,440.7947334044132,4,741
iid,6.0,40,0.0,0.0,2,0,886,0.0020242914979757085,0.001012145748987854,1625.4250953210912,514.4448463891088,4,741
iid,6.0,40,0.0,0.0,2,0,1438,0.0016869095816464236,0.0009278002699055334,1722.4012901556275,512.760796525621,4,741
iid,6.0,40,0.0,0.0,2,0,2336,0.001349527665317139,0.0006747638326585695,1861.9658975831267,576.3459121910491,4,741
iid,6.0,40,0.0,0.0,2,0,3793,0.0016869095816464236,0.0009278002699055334,1958.9688193271681,576.727632186368,4,741
iid,6.0,40,0.0,0.0,2,0,6158,0.0020242914979757085,0.0016869095816464238,1956.445208738769,525.3136996259478,4,741
iid,6.0,40,0.0,0.0,2,0,10000,0.001349527665317139,0.002024291497975709,2109.8251708281314,584.172942424051,4,741
iid,6.0,40,0.0,0.0,2,100,1,0.03576248313090419,0.009784075573549076,0.9076869688751238,0.1894637661657282,4,741
iid,6.0,40,0.0,0.0,2,100,2,0.0354251012145749,0.008350202429149788,1.8906449660473916,0.2602687384403629,4,741
iid,6.0,40,0.0,0.0,2,100,3,0.033738191632928474,0.011470985155195764,3.2581689528541475,1.135414342027381,4,741
iid,6.0,40,0.0,0.0,2,100,4,0.032726045883940624,0.019146423751686844,4.901690041665829,1.6535863236565493,4,741
iid,6.0,40,0.0,0.0,2,100,7,0.031376518218623486,0.00969973009446672,7.496664246507224,2.673322148183442,4,741
iid,6.0,40,0.0,0.0,2,100,11,0.03171390013495277,0.008434547908232146,11.852100385846397,4.6149140428173405,4,741
iid,6.0,40,0.0,0.0,2,100,18,0.03002699055330634,0.027918353576248344,20.783562254966967,9.096738601134962,4,741
iid,6.0,40,0.0,0.0,2,100,30,0.029014844804318488,0.025978407557354904,32.28905689659662,17.26544375243979,4,741
iid,6.0,40,0.0,0.0,2,100,48,0.02834008097165992,0.020917678812415647,51.71348757429461,31.627520100776113,4,741
iid,6.0,40,0.0,0.0,2,100,78,0.027327935222672066,0.017122132253711127,61.36461226651842,33.970733420031884,4,741
iid,6.0,40,0.0,0.0,2,100,127,0.02496626180836707,0.015182186234817766,90.91866150081886,54.92549311218234,4,741
iid,6.0,40,0.0,0.0,2,100,207,0.024291497975708502,0.004048582995951436,139.57852789632489,91.66710720772367,4,741
iid,6.0,40,0.0,0.0,2,100,336,0.02496626180836707,0.005735492577597801,180.02753708398143,89.72183260311834,4,741
iid,6.0,40,0.0,0.0,2,100,546,0.02530364372469636,0.013073549257759689,243.58590735072988,116.25078829777998,4,741
iid,6.0,40,0.0,0.0,2,100,886,0.023954116059379218,0.011049257759784131,269.4791119820004,150.8797098918655,4,741
iid,6.0,40,0.0,0.0,2,100,1438,0.024291497975708502,0.008771929824561419,329.3422957126145,174.71271034808157,4,741
iid,6.0,40,0.0,0.0,2,100,2336,0.02125506072874494,0.01982118758434551,416.15642477374,233.61165295482738,4,741
iid,6.0,40,0.0,0.0,2,100,3793,0.019568151147098516,0.009784075573549237,467.3043228928029,209.27274149307098,4,741
iid,6.0,40,0.0,0.0,2,100,6158,0.019568151147098513,0.022604588394062174,476.4094464178877,217.39314325401344,4,741
iid,6.0,40,0.0,0.0,2,100,10000,0.019568151147098516,0.020580296896086373,563.9787579095417,264.6176088437426,4,741
iid,6.0,40,0.0,0.0,2,1000,1,0.11099865047233469,0.11023954116059231,0.18723944455332467,0.08370859323762732,4,741
iid,6.0,40,0.0,0.0,2,1000,2,0.1106612685560054,0.11133603238866425,0.340955334296571,0.37414629760357626,4,741
iid,6.0,40,0.0,0.0,2,1000,3,0.10998650472334684,0.11639676113360062,0.6272451102085163,0.4477501739389496,4,741
iid,6.0,40,0.0,0.0,2,1000,4,0.10964912280701755,0.10416666666666508,0.9174929362620324,0.5912187199493334,4,741
iid,6.0,40,0.0,0.0,2,1000,7,0.10931174089068826,0.10593792172739461,1.1516694652540374,0.3909967627245938,4,741
iid,6.0,40,0.0,0.0,2,1000,11,0.10762483130904182,0.12778340080971773,1.8613470164845252,0.8114378276539328,4,741
iid,6.0,40,0.0,0.0,2,1000,18,0.10560053981106612,0.11833670715249615,3.821010433837921,2.6645754132592514,4,741
iid,6.0,40,0.0,0.0,2,1000,30,0.10526315789473685,0.12145748987854213,6.539013833426071,3.503084898839617,4,741
iid,6.0,40,0.0,0.0,2,1000,48,0.10087719298245615,0.10484143049932394,8.132910710532535,4.63081519802482,4,741
iid,6.0,40,0.0,0.0,2,1000,78,0.09919028340080971,0.074561403508774,12.500920813949687,7.4127832115071355,4,741
iid,6.0,40,0.0,0.0,2,1000,127,0.09716599190283401,0.09109311740890724,12.272925458985394,6.9792950126495485,4,741
iid,6.0,40,0.0,0.0,2,1000,207,0.09412955465587045,0.06165654520917572,13.089509391859536,7.042217969654403,4,741
iid,6.0,40,0.0,0.0,2,1000,336,0.09008097165991902,0.0657051282051315,26.955496934870094,19.02428497977892,4,741
iid,6.0,40,0.0,0.0,2,1000,546,0.08873144399460188,0.05693319838056879,33.06676072176745,19.825260078860655,4,741
iid,6.0,40,0.0,0.0,2,1000,886,0.08299595141700405,0.06511470985155177,51.38904444858966,29.49104474955501,4,741
iid,6.0,40,0.0,0.0,2,1000,1438,0.08569500674763832,0.05566801619433277,65.12071760099303,31.368010655332505,4,741
iid,6.0,40,0.0,0.0,2,1000,2336,0.07557354925775979,0.022941970310390563,92.61218052627098,44.32089770346656,4,741
iid,6.0,40,0.0,0.0,2,1000,3793,0.07186234817813765,0.058957489878542824,102.60531388896464,48.4122621573936,4,741
iid,6.0,40,0.0,0.0,2,1000,6158,0.06713900134952766,0.02791835357624778,111.57545532943188,58.175791033915374,4,741
iid,6.0,40,0.0,0.0,2,1000,10000,0.06578947368421054,0.07987516869095743,177.18832484736768,104.36718081961665,4,741
iid,6.0,40,0.0,0.0,2,10000,1,0.1477732793522267,0.04487179487179925,0.16707742151190885,0.1833357511069075,4,741
iid,6.0,40,0.0,0.0,2,10000,2,0.1474358974358974,0.04546221322537447,0.2226116239689475,0.28322325088232153,4,741
iid,6.0,40,0.0,0.0,2,10000,3,0.1474358974358974,0.04546221322537447,0.26048566773377213,0.33727144194991376,4,741
iid,6.0,40,0.0,0.0,2,10000,4,0.14743589743589744,0.043437921727392734,0.2416885271195571,0.2276392980770296,4,741
iid,6.0,40,0.0,0.0,2,10000,7,0.14608636977058032,0.04748650472334336,0.3382148398740463,0.33730563191386165,4,741
iid,6.0,40,0.0,0.0,2,10000,11,0.145748987854251,0.046558704453443844,0.6702368705206693,0.7531859147346981,4,741
iid,6.0,40,0.0,0.0,2,10000,18,0.14541160593792174,0.05018556005397626,0.7798725597420112,0.8024721675273909,4,741
iid,6.0,40,0.0,0.0,2,10000,30,0.14271255060728746,0.05018556005397883,0.8261477523025123,0.5070182644842223,4,741
iid,6.0,40,0.0,0.0,2,10000,48,0.1420377867746289,0.09876855600539672,1.3846442041043785,1.386075039567137,4,741
iid,6.0,40,0.0,0.0,2,10000,78,0.13933873144399458,0.06300607287449474,2.56505308190864,2.589782849350992,4,741
iid,6.0,40,0.0,0.0,2,10000,127,0.14035087719298245,0.061403508771931216,2.985226751790178,2.9431438524884195,4,741
iid,6.0,40,0.0,0.0,2,10000,207,0.1349527665317139,0.04520917678812611,3.8905430496112707,4.087864556660114,4,741
iid,6.0,40,0.0,0.0,2,10000,336,0.13191632928475033,0.07380229419703148,4.2343588103669765,5.3487658164135805,4,741
iid,6.0,40,0.0,0.0,2,10000,546,0.13191632928475033,0.09944331983805557,5.7059176094785355,6.1841170098175615,4,741
iid,6.0,40,0.0,0.0,2,10000,886,0.12887989203778677,0.1825236167341439,10.508952390868252,13.283621299908258,4,741
iid,6.0,40,0.0,0.0,2,10000,1438,0.12145748987854252,0.09784075573548948,16.969547633978493,18.346000618937904,4,741
iid,6.0,40,0.0,0.0,2,10000,2336,0.12112010796221323,0.1817645074224014,14.970038443519762,14.16015346357137,4,741
iid,6.0,40,0.0,0.0,2,10000,3793,0.11875843454790821,0.1585695006747657,13.742042947964533,12.112164281449427,4,741
iid,6.0,40,0.0,0.0,2,10000,6158,0.10931174089068826,0.17206477732793404,25.637577774815973,24.258682381120103,4,741
iid,6.0,40,0.0,0.0,2,10000,10000,0.10728744939271254,0.17172739541160717,30.4441209923242,29.321770799696516,4,741
iid,6.0,40,0.0,0.0,3,0,1,0.009109311740890687,0.013748313090418365,4.624768170404139,2.414645931088194,4,741
iid,6.0,40,0.0,0.0,3,0,2,0.008097165991902834,0.004723346828609992,8.445100084302654,2.3728892762159908,4,741
iid,6.0,40,0.0,0.0,3,0,3,0.00910931174089069,0.006325910931174089,15.032653930765536,4.4747631272392265,4,741
iid,6.0,40,0.0,0.0,3,0,4,0.008771929824561403,0.0057354925775978515,22.653218322590092,6.715033962249463,4,741
iid,6.0,40,0.0,0.0,3,0,7,0.006410256410256411,0.002952091767881244,44.52476810883029,5.83551676576632,4,741
iid,6.0,40,0.0,0.0,3,0,11,0.00641025641025641,0.002277327935222678,72.9905844471426,9.015918372399325,4,741
iid,6.0,40,0.0,0.0,3,0,18,0.006747638326585695,0.0006747638326585711,152.51804342026367,32.57683653693281,4,741
iid,6.0,40,0.0,0.0,3,0,30,0.00708502024291498,0.0016025641025641019,278.16636932280346,71.8277559310334,4,741
iid,6.0,40,0.0,0.0,3,0,48,0.005398110661268556,0.002699055330634279,468.3725829473274,125.51483696145134,4,741
iid,6.0,40,0.0,0.0,3,0,78,0.004048582995951417,0.0006747638326585685,744.0404822539914,205.2095913120463,4,741
iid,6.0,40,0.0,0.0,3,0,127,0.004048582995951417,0.0006747638326585711,1008.3557213322727,257.46453352040965,4,741
iid,6.0,40,0.0,0.0,3,0,207,0.004385964912280702,0.0016025641025640993,1203.2825537651263,351.61905918552316,4,741
iid,6.0,40,0.0,0.0,3,0,336,0.004723346828609986,0.003036437246963567,1343.7299149430548,347.4594774200013,4,741
iid,6.0,40,0.0,0.0,3,0,546,0.0043859649122807015,0.00025303643724696226,1463.0328304100808,439.5783324396045,4,741
iid,6.0,40,0.0,0.0,3,0,886,0.005398110661268557,0.001349527665317137,1508.889891357066,449.3477000045203,4,741
iid,6.0,40,0.0,0.0,3,0,1438,0.00573549257759784,0.00025303643724696476,1522.271771618618,473.5948261797047,4,741
iid,6.0,40,0.0,0.0,3,0,2336,0.005398110661268556,0.0006747638326585685,1598.4685415216145,542.8569344106907,4,741
iid,6.0,40,0.0,0.0,3,0,3793,0.005398110661268556,0.0006747638326585685,1589.7316946296992,551.2779303989415,4,741
iid,6.0,40,0.0,0.0,3,0,6158,0.005060728744939271,0.00025303643724696226,1641.5012956456694,614.1854533832189,4,741
iid,6.0,40,0.0,0.0,3,0,10000,0.0043859649122807015,0.0022773279352226727,1677.797938980415,630.4605214739928,4,741
iid,6.0,40,0.0,0.0,3,100,1,0.04824561403508772,0.16152159244264502,0.8215587937213791,0.3520984540747562,4,741
iid,6.0,40,0.0,0.0,3,100,2,0.04588394062078273,0.1578947368421049,1.5936337515894436,0.6799369104955628,4,741
iid,6.0,40,0.0,0.0,3,100,3,0.04588394062078273,0.1578947368421049,2.4993551651582915,1.3338811374422135,4,741
iid,6.0,40,0.0,0.0,3,100,4,0.04588394062078273,0.20040485829959523,3.864329123914677,1.900139723268794,4,741
iid,6.0,40,0.0,0.0,3,100,7,0.042847503373819165,0.14262820512820476,6.066764567680698,1.8990895429088654,4,741
iid,6.0,40,0.0,0.0,3,100,11,0.04014844804318488,0.13453103913630254,11.080903479952058,3.5527404487328,4,741
iid,6.0,40,0.0,0.0,3,100,18,0.03913630229419703,0.1437246963562751,15.796037184223607,5.631810628463057,4,741
iid,6.0,40,0.0,0.0,3,100,30,0.04082321187584346,0.14735155195681476,26.874744809426467,10.259356576694923,4,741
iid,6.0,40,0.0,0.0,3,100,48,0.03576248313090419,0.0975033738191631,38.75483045719916,18.019448891315182,4,741
iid,6.0,40,0.0,0.0,3,100,78,0.0354251012145749,0.0852732793522266,56.157321335901386,26.571476813233826,4,741
iid,6.0,40,0.0,0.0,3,100,127,0.032051282051282055,0.11158906882591085,84.96954933569461,41.02811845912945,4,741
iid,6.0,40,0.0,0.0,3,100,207,0.033063427800269905,0.09885290148448035,116.00532161680306,49.39232555744676,4,741
iid,6.0,40,0.0,0.0,3,100,336,0.033738191632928474,0.0978407557354927,145.04857352552884,70.13094709591661,4,741
iid,6.0,40,0.0,0.0,3,100,546,0.033063427800269905,0.07658569500674754,169.3719027679433,82.38318108727032,4,741
iid,6.0,40,0.0,0.0,3,100,886,0.03002699055330634,0.05963225371120113,183.48923930803394,79.70347757149993,4,741
iid,6.0,40,0.0,0.0,3,100,1438,0.030701754385964914,0.03331646423751679,197.91864396562738,98.5093516617567,4,741
iid,6.0,40,0.0,0.0,3,100,2336,0.026315789473684213,0.01113360323886641,222.3680839199218,132.87343276515702,4,741
iid,6.0,40,0.0,0.0,3,100,3793,0.025978407557354928,0.02521929824561392,219.2382837486059,119.24205637720686,4,741
iid,6.0,40,0.0,0.0,3,100,6158,0.02530364372469636,0.02117071524966256,248.39494001899885,161.76751029337515,4,741
iid,6.0,40,0.0,0.0,3,100,10000,0.024291497975708502,0.012820512820512855,257.6596045757979,163.72908696498263,4,741
iid,6.0,40,0.0,0.0,3,1000,1,0.14102564102564105,0.262820512820508,0.08046331747142077,0.08863537338714737,4,741
iid,6.0,40,0.0,0.0,3,1000,2,0.1400134952766532,0.276906207827258,0.10727072590104511,0.09325783436799193,4,741
iid,6.0,40,0.0,0.0,3,1000,3,0.1393387314439946,0.2816295546558649,0.18121180959137745,0.17674670556673544,4,741
iid,6.0,40,0.0,0.0,3,1000,4,0.13900134952766532,0.27732793522266846,0.20222273448456132,0.19595659634425078,4,741
iid,6.0,40,0.0,0.0,3,1000,7,0.13866396761133604,0.2667847503373827,0.4370173072181222,0.40735222733182447,4,741
iid,6.0,40,0.0,0.0,3,1000,11,0.1369770580296896,0.2486504723346872,0.47708305553146513,0.31954531690145743,4,741
iid,6.0,40,0.0,0.0,3,1000,18,0.13596491228070173,0.27825573549258087,0.7810177040507184,0.4625825258620521,4,741
iid,6.0,40,0.0,0.0,3,1000,30,0.12887989203778677,0.3323211875843456,1.1629900214613043,1.1036205043335499,4,741
iid,6.0,40,0.0,0.0,3,1000,48,0.13124156545209176,0.3119939271255062,1.4997752814974463,1.3466278910278326,4,741
iid,6.0,40,0.0,0.0,3,1000,78,0.12955465587044535,0.3340080971659928,2.003073070968937,2.0981096282035776,4,741
iid,6.0,40,0.0,0.0,3,1000,127,0.12483130904183536,0.3228744939271253,2.9179092368331787,3.3856482305164954,4,741
iid,6.0,40,0.0,0.0,3,1000,207,0.12449392712550607,0.29512483130904354,3.09013661592129,3.7070792667056844,4,741
iid,6.0,40,0.0,0.0,3,1000,336,0.11673414304993253,0.30398110661268474,5.53291616583857,5.946028770343747,4,741
iid,6.0,40,0.0,0.0,3,1000,546,0.11470985155195682,0.1842105263157898,6.847022171492455,4.02059526336446,4,741
iid,6.0,40,0.0,0.0,3,1000,886,0.10897435897435898,0.19863360323886664,7.731196589080915,5.93828605796332,4,741
iid,6.0,40,0.0,0.0,3,1000,1438,0.1039136302294197,0.19365721997301136,10.82659021491003,7.653620196712099,4,741
iid,6.0,40,0.0,0.0,3,1000,2336,0.10492577597840755,0.17839068825911092,10.515485918519786,6.590481290854143,4,741
iid,6.0,40,0.0,0.0,3,1000,3793,0.09412955465587045,0.1358805668016177,14.21208101568191,8.116223596825227,4,741
iid,6.0,40,0.0,0.0,3,1000,6158,0.08974358974358976,0.10020242914979552,21.34390759176714,20.565985364719065,4,741
iid,6.0,40,0.0,0.0,3,1000,10000,0.0867071524966262,0.1419534412955443,23.7975158454152,22.31742811233736,4,741
iid,6.0,40,0.0,0.0,3,10000,1,0.16464237516869096,0.05533063427800141,0.032791929783859905,0.03210392527024771,4,741
iid,6.0,40,0.0,0.0,3,10000,2,0.16430499325236167,0.06300607287449474,0.0634896382333005,0.08754424287598997,4,741
iid,6.0,40,0.0,0.0,3,10000,3,0.1643049932523617,0.06570512820512507,0.0703908826898816,0.08124550148065218,4,741
iid,6.0,40,0.0,0.0,3,10000,4,0.1643049932523617,0.06570512820512507,0.08058087724408544,0.09932950317886496,4,741
iid,6.0,40,0.0,0.0,3,10000,7,0.1616059379217274,0.10889001349527971,0.12719138331490035,0.13927501748760562,4,741
iid,6.0,40,0.0,0.0,3,10000,11,0.1616059379217274,0.11631241565452212,0.2328474955327575,0.31252578551031096,4,741
iid,6.0,40,0.0,0.0,3,10000,18,0.15890688259109312,0.09876855600539929,0.2596543600697526,0.27913376062841155,4,741
iid,6.0,40,0.0,0.0,3,10000,30,0.1592442645074224,0.09176788124156225,0.28912815242391665,0.2590069134226014,4,741
iid,6.0,40,0.0,0.0,3,10000,48,0.15890688259109315,0.070428475033732,0.35268790328396105,0.2692740697013458,4,741
iid,6.0,40,0.0,0.0,3,10000,78,0.15553306342780027,0.08392375168691191,0.4371584578948861,0.19268965872831384,4,741
iid,6.0,40,0.0,0.0,3,10000,127,0.15418353576248311,0.07920040485830242,0.5074964837008203,0.2294643815313725,4,741
iid,6.0,40,0.0,0.0,3,10000,207,0.15047233468286098,0.039473684210533454,0.5389461721424567,0.09466422702478273,4,741
iid,6.0,40,0.0,0.0,3,10000,336,0.14878542510121456,0.04681174089068964,0.8387289130044083,0.13986082012452258,4,741
iid,6.0,40,0.0,0.0,3,10000,546,0.1467611336032389,0.06368083670714589,1.4908932001479762,0.704885881759245,4,741
iid,6.0,40,0.0,0.0,3,10000,886,0.1440620782726046,0.16624493927125772,1.6414096600407124,0.05363105064746782,4,741
iid,6.0,40,0.0,0.0,3,10000,1438,0.13967611336032387,0.1352901484480489,2.5822770707981872,1.0180026520162888,4,741
iid,6.0,40,0.0,0.0,3,10000,2336,0.13596491228070176,0.2155026990553319,3.7325829011113556,2.428527331227652,4,741
iid,6.0,40,0.0,0.0,3,10000,3793,0.13022941970310392,0.13124156545209056,5.485404374262091,2.930153278473628,4,741
iid,6.0,40,0.0,0.0,3,10000,6158,0.12483130904183534,0.1109986504723361,6.724568561001231,4.111172311562126,4,741
iid,6.0,40,0.0,0.0,3,10000,10000,0.12348178137651822,0.10087719298245568,8.459642908565083,8.075613979478607,4,741
iid,6.0,40,0.0,0.0,4,0,1,0.004048582995951417,0.002024291497975708,4.263679697537267,1.7975491119625386,4,741
iid,6.0,40,0.0,0.0,4,0,2,0.003036437246963563,0.0022773279352226714,10.388750575671438,4.2513696072159375,4,741
iid,6.0,40,0.0,0.0,4,0,3,0.0033738191632928477,0.003036437246963561,14.131953857193626,5.643393249125922,4,741
iid,6.0,40,0.0,0.0,4,0,4,0.0033738191632928477,0.0016869095816464225,21.226469502833368,7.908661746833258,4,741
iid,6.0,40,0.0,0.0,4,0,7,0.0023616734143049934,0.0009278002699055327,50.77775850770682,17.10822722659967,4,741
iid,6.0,40,0.0,0.0,4,0,11,0.0020242914979757085,0.0016869095816464238,97.34578953602502,11.599767212375331,4,741
iid,6.0,40,0.0,0.0,4,0,18,0.0020242914979757085,0.0003373819163292849,188.78116055009005,28.92706180572056,4,741
iid,6.0,40,0.0,0.0,4,0,30,0.0023616734143049934,0.0009278002699055327,394.2903358342327,107.39506984521476,4,741
iid,6.0,40,0.0,0.0,4,0,48,0.001349527665317139,0.0006747638326585698,666.3996429820738,147.8614654699138,4,741
iid,6.0,40,0.0,0.0,4,0,78,0.0016869095816464236,0.0009278002699055334,1012.7744271923511,260.77918174002076,4,741
iid,6.0,40,0.0,0.0,4,0,127,0.001349527665317139,0.001349527665317139,1282.5405962929124,374.22353905156393,4,741
iid,6.0,40,0.0,0.0,4,0,207,0.002361673414304993,0.0016025641025641045,1559.8827238139565,476.4160930916776,4,741
iid,6.0,40,0.0,0.0,4,0,336,0.0020242914979757085,0.0016869095816464238,1831.0539479095219,582.596901987344,4,741
iid,6.0,40,0.0,0.0,4,0,546,0.0016869095816464236,0.0016025641025641032,2159.044577978171,805.724384427461,4,741
iid,6.0,40,0.0,0.0,4,0,886,0.0020242914979757085,0.0016869095816464238,2337.137811687192,768.2000202400583,4,741
iid,6.0,40,0.0,0.0,4,0,1438,0.002361673414304993,0.0016025641025641045,2477.5871763650202,822.2549981904821,4,741
iid,6.0,40,0.0,0.0,4,0,2336,0.002361673414304993,0.0016025641025641045,2514.215681172294,843.5286689303709,4,741
iid,6.0,40,0.0,0.0,4,0,3793,0.002361673414304993,0.0016025641025641045,2733.1970138961906,904.9038836272841,4,741
iid,6.0,40,0.0,0.0,4,0,6158,0.001349527665317139,0.002024291497975709,2832.4096888842832,991.9882769405757,4,741
iid,6.0,40,0.0,0.0,4,0,10000,0.0010121457489878543,0.0009278002699055331,3045.578601504487,1072.4792243301968,4,741
iid,6.0,40,0.0,0.0,4,100,1,0.03340080971659919,0.08729757085020223,1.5164904062204372,0.9048331342891365,4,741
iid,6.0,40,0.0,0.0,4,100,2,0.032388663967611336,0.08232118758434549,3.2720976446109513,1.4847705654399501,4,741
iid,6.0,40,0.0,0.0,4,100,3,0.0310391363022942,0.09514170040485827,4.739448240884981,2.487333788447729,4,741
iid,6.0,40,0.0,0.0,4,100,4,0.03070175438596491,0.09606950067476397,6.584756312008167,2.5866151115850533,4,741
iid,6.0,40,0.0,0.0,4,100,7,0.028677462887989204,0.08797233468286102,14.825587736342895,9.561573316591419,4,741
iid,6.0,40,0.0,0.0,4,100,11,0.02834008097165992,0.08569500674763839,19.52128057240932,8.440000663988139,4,741
iid,6.0,40,0.0,0.0,4,100,18,0.026653171390013494,0.06503036437246973,30.173819412911648,13.434233522194136,4,741
iid,6.0,40,0.0,0.0,4,100,30,0.024628879892037787,0.08594804318488522,48.41977151970692,23.941894339794892,4,741
iid,6.0,40,0.0,0.0,4,100,48,0.024966261808367075,0.11504723346828602,61.662527536986204,25.9705661530813,4,741
iid,6.0,40,0.0,0.0,4,100,78,0.023279352226720645,0.07582658569500687,95.87330990356249,62.12727294343075,4,741
iid,6.0,40,0.0,0.0,4,100,127,0.022941970310391364,0.122132253711201,134.23192766751262,91.2873379189377,4,741
iid,6.0,40,0.0,0.0,4,100,207,0.02125506072874494,0.10619095816464244,199.9150142990518,125.63480365497439,4,741
iid,6.0,40,0.0,0.0,4,100,336,0.020242914979757085,0.07624831309041842,275.47955702934587,148.903229914361,4,741
iid,6.0,40,0.0,0.0,4,100,546,0.01855600539811066,0.07987516869095819,397.25535767035217,249.68180841822684,4,741
iid,6.0,40,0.0,0.0,4,100,886,0.018893387314439947,0.05465587044534407,484.78714322872327,294.62923559906227,4,741
iid,6.0,40,0.0,0.0,4,100,1438,0.019230769230769232,0.073802294197031,545.4854256363001,305.3704485509419,4,741
iid,6.0,40,0.0,0.0,4,100,2336,0.018556005398110663,0.058282726045883915,587.5698796286902,358.68230629513175,4,741
iid,6.0,40,0.0,0.0,4,100,3793,0.015182186234817813,0.027918353576248302,686.758836255721,358.1568176069036,4,741
iid,6.0,40,0.0,0.0,4,100,6158,0.016531713900134953,0.03534075573549259,737.8154636394968,425.6572283812158,4,741
iid,6.0,40,0.0,0.0,4,100,10000,0.016194331983805668,0.057354925775978456,862.3936636568108,464.5914460192123,4,741
iid,6.0,40,0.0,0.0,4,1000,1,0.1106612685560054,0.2881241565452078,0.3064573222958767,0.41901440270963247,4,741
iid,6.0,40,0.0,0.0,4,1000,2,0.10964912280701755,0.2580128205128187,0.5237302276434965,0.4568642143465656,4,741
iid,6.0,40,0.0,0.0,4,1000,3,0.10762483130904182,0.3052462887989214,0.9774369364734854,0.9110509335859049,4,741
iid,6.0,40,0.0,0.0,4,1000,4,0.10728744939271254,0.3066801619433215,0.9727496465152659,0.8545625371180328,4,741
iid,6.0,40,0.0,0.0,4,1000,7,0.10526315789473684,0.2975708502024306,1.2287596684350692,0.9293990276757238,4,741
iid,6.0,40,0.0,0.0,4,1000,11,0.10121457489878544,0.23819163292847217,1.6770104348535004,1.081312115593488,4,741
iid,6.0,40,0.0,0.0,4,1000,18,0.0975033738191633,0.31874156545209104,2.6426422160814442,2.237998857052317,4,741
iid,6.0,40,0.0,0.0,4,1000,30,0.09547908232118758,0.322790148448043,3.9966976496156303,2.319063897606735,4,741
iid,6.0,40,0.0,0.0,4,1000,48,0.09412955465587045,0.40376180836707104,8.817974253680621,7.109364330523593,4,741
iid,6.0,40,0.0,0.0,4,1000,78,0.09412955465587045,0.30524628879891885,12.752976887221754,10.201503114147465,4,741
iid,6.0,40,0.0,0.0,4,1000,127,0.08771929824561403,0.33940620782726116,17.717693345703058,13.722569585921873,4,741
iid,6.0,40,0.0,0.0,4,1000,207,0.08974358974358974,0.38697705802968946,23.596756692945938,20.073829356730393,4,741
iid,6.0,40,0.0,0.0,4,1000,336,0.08704453441295545,0.2952091767881259,27.40890243575041,17.859547585268736,4,741
iid,6.0,40,0.0,0.0,4,1000,546,0.0796221322537112,0.4224021592442633,25.917783206861895,16.417395712748867,4,741
iid,6.0,40,0.0,0.0,4,1000,886,0.07658569500674764,0.2897267206477733,30.165301569364246,17.44835502286836,4,741
iid,6.0,40,0.0,0.0,4,1000,1438,0.0708502024291498,0.26079622132253716,41.780082348879034,24.208789846621965,4,741
iid,6.0,40,0.0,0.0,4,1000,2336,0.06578947368421052,0.26206140350877255,70.98663123765292,54.60301518380711,4,741
iid,6.0,40,0.0,0.0,4,1000,3793,0.06342780026990553,0.22604588394062092,92.85690467131171,66.34468296656216,4,741
iid,6.0,40,0.0,0.0,4,1000,6158,0.06005398110661268,0.17037786774628913,118.65309738611803,78.29645414346918,4,741
iid,6.0,40,0.0,0.0,4,1000,10000,0.05870445344129555,0.13663967611336023,180.941319818178,111.97465227091668,4,741
iid,6.0,40,0.0,0.0,4,10000,1,0.1454116059379217,0.11766194331984242,0.10617467758212691,0.11134797679106809,4,741
iid,6.0,40,0.0,0.0,4,10000,2,0.1454116059379217,0.11766194331984242,0.1316908130800019,0.11432156982787088,4,741
iid,6.0,40,0.0,0.0,4,10000,3,0.143387314439946,0.1257591093117411,0.14458531683230091,0.11351929864997164,4,741
iid,6.0,40,0.0,0.0,4,10000,4,0.14304993252361672,0.13427800269905804,0.17710060416608758,0.11687399458090476,4,741
iid,6.0,40,0.0,0.0,4,10000,7,0.1437246963562753,0.13394062078272345,0.28915306773244476,0.23772566423836564,4,741
iid,6.0,40,0.0,0.0,4,10000,11,0.1417004048582996,0.12145748987854213,0.45193239589360024,0.43376359282983956,4,741
iid,6.0,40,0.0,0.0,4,10000,18,0.13866396761133604,0.13048245614034804,0.4395393657698194,0.19924563462700678,4,741
iid,6.0,40,0.0,0.0,4,10000,30,0.13663967611336034,0.1750168690958153,0.9674018699827818,0.5653781238802709,4,741
iid,6.0,40,0.0,0.0,4,10000,48,0.13529014844804318,0.15409919028340327,1.0291840162348356,0.5195318863779997,4,741
iid,6.0,40,0.0,0.0,4,10000,78,0.1325910931174089,0.2256241565452098,1.555423816390105,1.0367448491445133,4,741
iid,6.0,40,0.0,0.0,4,10000,127,0.12921727395411609,0.16287112010795826,1.7984062538667576,1.4366529261389032,4,741
iid,6.0,40,0.0,0.0,4,10000,207,0.1325910931174089,0.1723178137651824,2.3043097973634605,2.3087230778108814,4,741
iid,6.0,40,0.0,0.0,4,10000,336,0.12719298245614036,0.16624493927125258,4.75431567787503,5.461948897249506,4,741
iid,6.0,40,0.0,0.0,4,10000,546,0.12246963562753035,0.06840418353576182,5.281657263487103,4.107034532818772,4,741
iid,6.0,40,0.0,0.0,4,10000,886,0.11572199730094467,0.09404520917678978,8.001803776033825,6.374948469328307,4,741
iid,6.0,40,0.0,0.0,4,10000,1438,0.11470985155195682,0.03981106612685646,11.312646138023723,9.794536567733731,4,741
iid,6.0,40,0.0,0.0,4,10000,2336,0.10897435897435898,0.07245276653171374,16.76695702356969,17.963461160208343,4,741
iid,6.0,40,0.0,0.0,4,10000,3793,0.10492577597840756,0.11428812415654423,27.538201076840192,26.331765893232525,4,741
iid,6.0,40,0.0,0.0,4,10000,6158,0.09784075573549257,0.13866396761133554,53.21689579952881,68.47907581809488,4,741
iid,6.0,40,0.0,0.0,4,10000,10000,0.09750337381916328,0.22157557354926044,65.15533397334057,87.87601108081273,4,741
correlated,3.0,40,0.7,0.9,0,0,1,0.0043859649122807015,0.0016025641025641045,6.817068218194482,2.4598722509474777,4,741
correlated,3.0,40,0.7,0.9,0,0,2,0.004723346828609986,0.0016869095816464275,16.130967550238676,5.226219930429064,4,741
correlated,3.0,40,0.7,0.9,0,0,3,0.0033738191632928472,0.0010121457489878566,23.500748023375156,8.246804542263918,4,741
correlated,3.0,40,0.7,0.9,0,0,4,0.003036437246963563,0.0016025641025641032,33.68888609916099,11.126931391581152,4,741
correlated,3.0,40,0.7,0.9,0,0,7,0.0010121457489878543,0.0009278002699055331,66.62591800295718,17.676876554537277,4,741
correlated,3.0,40,0.7,0.9,0,0,11,0.0016869095816464236,0.00025303643724696416,123.88950357338098,39.128687597402966,4,741
correlated,3.0,40,0.7,0.9,0,0,18,0.0016869095816464236,0.00025303643724696416,238.75303082282812,76.87529239940265,4,741
correlated,3.0,40,0.7,0.9,0,0,30,0.0,0.0,477.54374847427346,118.90249097131732,4,741
correlated,3.0,40,0.7,0.9,0,0,48,0.00033738191632928474,0.00025303643724696357,834.5978901726348,230.22209165700116,4,741
correlated,3.0,40,0.7,0.9,0,0,78,0.0006747638326585695,0.0010121457489878543,1212.52523356037,352.1293000586303,4,741
correlated,3.0,40,0.7,0.9,0,0,127,0.00033738191632928474,0.00025303643724696357,1609.7005453083361,590.6687139409024,4,741
correlated,3.0,40,0.7,0.9,0,0,207,0.0006747638326585695,0.00033738191632928474,1900.076925793311,554.6586595404021,4,741
correlated,3.0,40,0.7,0.9,0,0,336,0.0010121457489878543,0.0002530364372469635,1983.9080340831874,471.10449347022853,4,741
correlated,3.0,40,0.7,0.9,0,0,546,0.00033738191632928474,0.00025303643724696357,2188.4548037887807,499.1847118333293,4,741
correlated,3.0,40,0.7,0.9,0,0,886,0.0,0.0,2377.0446666262083,542.4732614916289,4,741
correlated,3.0,40,0.7,0.9,0,0,1438,0.0006747638326585695,0.0010121457489878543,2369.0832499212447,614.2185450302086,4,741
correlated,3.0,40,0.7,0.9,0,0,2336,0.0010121457489878543,0.0009278002699055331,2571.9516293429488,721.8445225585402,4,741
correlated,3.0,40,0.7,0.9,0,0,3793,0.0010121457489878543,0.0009278002699055331,2795.3463563917157,711.6628194914836,4,741
correlated,3.0,40,0.7,0.9,0,0,6158,0.0006747638326585695,0.0010121457489878543,2821.2408836142404,857.3620258618363,4,741
correlated,3.0,40,0.7,0.9,0,0,10000,0.0010121457489878543,0.0002530364372469635,3041.4286570503655,894.2135056424894,4,741
correlated,3.0,40,0.7,0.9,0,100,1,0.017543859649122806,0.056005398110661325,3.3212173343186535,1.9858787220552891,4,741
correlated,3.0,40,0.7,0.9,0,100,2,0.015856950067476384,0.036690283400809764,5.990388303434978,2.451018965613195,4,741
correlated,3.0,40,0.7,0.9,0,100,3,0.016194331983805668,0.028340080971659895,6.701435086112847,2.573240532220359,4,741
correlated,3.0,40,0.7,0.9,0,100,4,0.01484480431848853,0.01889338731443995,8.910529590352086,3.495372875149598,4,741
correlated,3.0,40,0.7,0.9,0,100,7,0.014170040485829958,0.015182186234817867,16.41100741215503,10.493996082655846,4,741
correlated,3.0,40,0.7,0.9,0,100,11,0.01282051282051282,0.013832658569500694,25.127747400003372,11.688364559161519,4,741
correlated,3.0,40,0.7,0.9,0,100,18,0.010796221322537112,0.008771929824561398,44.649549102387304,22.789906185417948,4,741
correlated,3.0,40,0.7,0.9,0,100,30,0.009446693657219974,0.016194331983805644,62.038821406601386,35.019343455259694,4,741
correlated,3.0,40,0.7,0.9,0,100,48,0.008771929824561403,0.004385964912280709,87.22907960593348,45.30077072991066,4,741
correlated,3.0,40,0.7,0.9,0,100,78,0.0067476383265856945,0.012820512820512825,119.53391563369006,56.19027430824413,4,741
correlated,3.0,40,0.7,0.9,0,100,127,0.007085020242914981,0.004301619433198376,172.7719505101852,77.0306544239444,4,741
correlated,3.0,40,0.7,0.9,0,100,207,0.0067476383265856945,0.004048582995951427,219.52541545209203,59.08577064489299,4,741
correlated,3.0,40,0.7,0.9,0,100,336,0.00641025641025641,0.0043016194331983865,321.2365666825355,142.7917844350342,4,741
correlated,3.0,40,0.7,0.9,0,100,546,0.006747638326585695,0.006747638326585695,376.71163939388106,196.3509172470068,4,741
correlated,3.0,40,0.7,0.9,0,100,886,0.004048582995951417,0.002024291497975708,473.14802898623185,272.94499813092534,4,741
correlated,3.0,40,0.7,0.9,0,100,1438,0.005398110661268556,0.0013495276653171422,549.625868494892,304.2606477298349,4,741
correlated,3.0,40,0.7,0.9,0,100,2336,0.005060728744939271,0.014423076923076922,880.3147538977405,761.0838479985626,4,741
correlated,3.0,40,0.7,0.9,0,100,3793,0.004723346828609986,0.00033738191632928804,767.9463010310637,323.39006314110463,4,741
correlated,3.0,40,0.7,0.9,0,100,6158,0.004723346828609987,0.0016869095816464225,868.5425031039163,458.90762073092935,4,741
correlated,3.0,40,0.7,0.9,0,100,10000,0.004048582995951417,0.007422402159244267,884.8966492956281,425.57675535118415,4,741
correlated,3.0,40,0.7,0.9,0,1000,1,0.058704453441295545,0.20276653171389997,0.79539800830238,0.47967169040354524,4,741
correlated,3.0,40,0.7,0.9,0,1000,2,0.05499325236167341,0.18446356275303688,2.9214791205930855,3.6416740992276098,4,741
correlated,3.0,40,0.7,0.9,0,1000,3,0.05398110661268556,0.1875843454790825,3.4099913820618184,3.660250178242494,4,741
correlated,3.0,40,0.7,0.9,0,1000,4,0.05499325236167341,0.24586707152496615,3.9618137040516808,4.303150465224083,4,741
correlated,3.0,40,0.7,0.9,0,1000,7,0.05128205128205129,0.264507422402159,8.060973840333421,7.771101931063055,4,741
correlated,3.0,40,0.7,0.9,0,1000,11,0.0465587044534413,0.1663292847503375,9.605785343231911,8.764740913279269,4,741
correlated,3.0,40,0.7,0.9,0,1000,18,0.04082321187584345,0.10011808367071541,18.787332139949577,19.619056788853136,4,741
correlated,3.0,40,0.7,0.9,0,1000,30,0.03643724696356275,0.05735492577597849,30.990963601523887,29.921982778540954,4,741
correlated,3.0,40,0.7,0.9,0,1000,48,0.03677462887989204,0.12036099865047227,33.80664734369091,32.70701456810463,4,741
correlated,3.0,40,0.7,0.9,0,1000,78,0.032726045883940624,0.05490890688259106,52.9444620730051,47.08348879645773,4,741
correlated,3.0,40,0.7,0.9,0,1000,127,0.02631578947368421,0.0765856950067477,78.09168118777576,59.18322343238747,4,741
correlated,3.0,40,0.7,0.9,0,1000,207,0.02968960863697706,0.11268556005398095,116.20326865597528,118.98026075838231,4,741
correlated,3.0,40,0.7,0.9,0,1000,336,0.025303643724696356,0.054908906882591146,190.1407930692251,179.27595433675913,4,741
correlated,3.0,40,0.7,0.9,0,1000,546,0.02260458839406208,0.04208839406207821,177.35074642314135,167.9476308385385,4,741
correlated,3.0,40,0.7,0.9,0,1000,886,0.023616734143049933,0.013832658569500673,192.53100666209693,185.72705947508877,4,741
correlated,3.0,40,0.7,0.9,0,1000,1438,0.018556005398110663,0.015097840755735448,293.2002159995991,292.86223246043045,4,741
correlated,3.0,40,0.7,0.9,0,1000,2336,0.018218623481781375,0.027327935222672115,252.2028921968775,141.587322527329,4,741
correlated,3.0,40,0.7,0.9,0,1000,3793,0.016194331983805668,0.02226720647773274,293.73458932526023,247.1383125798055,4,741
correlated,3.0,40,0.7,0.9,0,1000,6158,0.012483130904183537,0.01307354925775975,271.2419806578831,166.98645602071008,4,741
correlated,3.0,40,0.7,0.9,0,1000,10000,0.014844804318488529,0.010121457489878591,356.7808586396056,240.93253065622775,4,741
correlated,3.0,40,0.7,0.9,0,10000,1,0.08265856950067477,0.29107624831308904,0.7614062510954365,0.6879324164057474,4,741
correlated,3.0,40,0.7,0.9,0,10000,2,0.08198380566801619,0.25801282051282065,1.103810161397949,1.043369261717174,4,741
correlated,3.0,40,0.7,0.9,0,10000,3,0.07894736842105263,0.2628205128205131,1.882597509478086,2.2854338920276454,4,741
correlated,3.0,40,0.7,0.9,0,10000,4,0.07827260458839407,0.1990553306342778,2.605753255352109,2.9178341790423197,4,741
correlated,3.0,40,0.7,0.9,0,10000,7,0.07219973009446694,0.20681511470985092,5.838890562843513,7.5451834400782385,4,741
correlated,3.0,40,0.7,0.9,0,10000,11,0.07017543859649122,0.22941970310391332,10.837091046208004,15.792644714050057,4,741
correlated,3.0,40,0.7,0.9,0,10000,18,0.06848852901484481,0.2337213225371117,12.060680913858247,15.96333873130082,4,741
correlated,3.0,40,0.7,0.9,0,10000,30,0.06376518218623481,0.25936234817813836,23.0456757251466,34.34997695404256,4,741
correlated,3.0,40,0.7,0.9,0,10000,48,0.06174089068825911,0.19391025641025683,27.615158276778796,29.876004444578687,4,741
correlated,3.0,40,0.7,0.9,0,10000,78,0.0620782726045884,0.1977058029689604,33.73624919219684,33.17487977456598,4,741
correlated,3.0,40,0.7,0.9,0,10000,127,0.058029689608636977,0.12618083670715258,49.61224034545914,62.03818043369342,4,741
correlated,3.0,40,0.7,0.9,0,10000,207,0.05026990553306342,0.20538124156545243,49.84957514657184,54.216585352900516,4,741
correlated,3.0,40,0.7,0.9,0,10000,336,0.04689608636977058,0.15679824561403488,44.215002482717175,45.60110893384516,4,741
correlated,3.0,40,0.7,0.9,0,10000,546,0.0441970310391363,0.22427462887989205,63.487171359189816,67.58784350444007,4,741
correlated,3.0,40,0.7,0.9,0,10000,886,0.038124156545209176,0.20673076923076936,100.77610666960615,105.66988606591408,4,741
correlated,3.0,40,0.7,0.9,0,10000,1438,0.038124156545209176,0.166244939271255,138.38917218057733,189.29986153746935,4,741
correlated,3.0,40,0.7,0.9,0,10000,2336,0.0310391363022942,0.058704453441295504,171.35839884979583,194.94665994703814,4,741
correlated,3.0,40,0.7,0.9,0,10000,3793,0.027327935222672062,0.029267881241565513,237.61461304590688,272.70055154932425,4,741
correlated,3.0,40,0.7,0.9,0,10000,6158,0.0310391363022942,0.09109311740890684,293.77702806177257,439.29795948874704,4,741
correlated,3.0,40,0.7,0.9,0,10000,10000,0.025978407557354928,0.08257422402159233,317.870812165658,409.71679197196886,4,741
correlated,3.0,40,0.7,0.9,1,0,1,0.0043859649122807015,0.0009278002699055334,5.42614625361929,1.0332556312854257,4,741
correlated,3.0,40,0.7,0.9,1,0,2,0.004048582995951417,0.0006747638326585685,11.30765518525534,4.228830874229563,4,741
correlated,3.0,40,0.7,0.9,1,0,3,0.0033738191632928472,0.00033738191632928555,16.68274797779129,3.7765345908698498,4,741
correlated,3.0,40,0.7,0.9,1,0,4,0.0030364372469635624,0.000253036437246966,24.30682741389822,6.1141931221250685,4,741
correlated,3.0,40,0.7,0.9,1,0,7,0.003711201079622132,0.0002530364372469635,57.16330715082063,14.105580245439956,4,741
correlated,3.0,40,0.7,0.9,1,0,11,0.003036437246963563,0.0002530364372469635,95.89077019104701,23.479806684566828,4,741
correlated,3.0,40,0.7,0.9,1,0,18,0.003036437246963563,0.0009278002699055334,207.94909508171065,72.66331916360909,4,741
correlated,3.0,40,0.7,0.9,1,0,30,0.0016869095816464236,0.0009278002699055334,423.4157930429984,104.88980486068931,4,741
correlated,3.0,40,0.7,0.9,1,0,48,0.001349527665317139,0.002024291497975709,671.6139551043862,254.1550163256872,4,741
correlated,3.0,40,0.7,0.9,1,0,78,0.001349527665317139,0.0006747638326585695,1020.8796617063177,358.0849232823518,4,741
correlated,3.0,40,0.7,0.9,1,0,127,0.00033738191632928474,0.00025303643724696357,1510.34253436583,488.7042259728741,4,741
correlated,3.0,40,0.7,0.9,1,0,207,0.0006747638326585695,0.0010121457489878543,1764.9179220989424,401.70246239024806,4,741
correlated,3.0,40,0.7,0.9,1,0,336,0.0010121457489878543,0.0009278002699055331,2146.384481469164,352.2239039673338,4,741
correlated,3.0,40,0.7,0.9,1,0,546,0.0006747638326585695,0.0010121457489878543,2453.279699404947,300.053056803051,4,741
correlated,3.0,40,0.7,0.9,1,0,886,0.0006747638326585695,0.0010121457489878543,2736.9827321961425,426.1128215992269,4,741
correlated,3.0,40,0.7,0.9,1,0,1438,0.0006747638326585695,0.00033738191632928474,2968.2062885800997,477.8272600977153,4,741
correlated,3.0,40,0.7,0.9,1,0,2336,0.0006747638326585695,0.00033738191632928474,3003.2090881083864,507.67935351299263,4,741
correlated,3.0,40,0.7,0.9,1,0,3793,0.0010121457489878543,0.0009278002699055331,3072.3818104114093,505.8033610661932,4,741
correlated,3.0,40,0.7,0.9,1,0,6158,0.00033738191632928474,0.00025303643724696357,3070.5623996125514,517.8068156646348,4,741
correlated,3.0,40,0.7,0.9,1,0,10000,0.0006747638326585695,0.00033738191632928474,3095.237815583639,516.7975020352153,4,741
correlated,3.0,40,0.7,0.9,1,100,1,0.02564102564102564,0.23954116059379207,2.2400283333084885,1.1189338987364876,4,741
correlated,3.0,40,0.7,0.9,1,100,2,0.025303643724696356,0.21482793522267216,4.545998477112311,1.501812648069266,4,741
correlated,3.0,40,0.7,0.9,1,100,3,0.024628879892037787,0.2296727395411605,6.347932829985964,2.8105831811158346,4,741
correlated,3.0,40,0.7,0.9,1,100,4,0.024291497975708502,0.24898785425101214,8.080932264904861,2.7446968858766034,4,741
correlated,3.0,40,0.7,0.9,1,100,7,0.022941970310391364,0.20715249662618085,14.10986371431069,6.255374236871944,4,741
correlated,3.0,40,0.7,0.9,1,100,11,0.0199055330634278,0.19525978407557357,18.22310795679259,10.413882620697784,4,741
correlated,3.0,40,0.7,0.9,1,100,18,0.02058029689608637,0.2202260458839406,27.826963133160934,11.96922869856631,4,741
correlated,3.0,40,0.7,0.9,1,100,30,0.019230769230769232,0.17096828609986497,50.204029815435405,22.099166289051283,4,741
correlated,3.0,40,0.7,0.9,1,100,48,0.018893387314439944,0.1585695006747639,67.42302897256359,22.020265000577186,4,741
correlated,3.0,40,0.7,0.9,1,100,78,0.016869095816464237,0.12449392712550611,111.12725751359241,37.71476573661557,4,741
correlated,3.0,40,0.7,0.9,1,100,127,0.018218623481781375,0.17982456140350872,166.79830202018303,50.54836255728642,4,741
correlated,3.0,40,0.7,0.9,1,100,207,0.016869095816464237,0.1899460188933873,225.85574736310747,76.49836543117195,4,741
correlated,3.0,40,0.7,0.9,1,100,336,0.014507422402159242,0.12508434547908234,303.83702547339607,137.8817935015127,4,741
correlated,3.0,40,0.7,0.9,1,100,546,0.012483130904183536,0.08122469635627526,417.96375006989626,167.9355605779532,4,741
correlated,3.0,40,0.7,0.9,1,100,886,0.013832658569500675,0.09606950067476379,534.1840916872248,199.45067986128527,4,741
correlated,3.0,40,0.7,0.9,1,100,1438,0.0155195681511471,0.12449392712550604,623.748180123569,228.12519513269208,4,741
correlated,3.0,40,0.7,0.9,1,100,2336,0.016194331983805668,0.1201079622132254,630.9742582132599,211.4024284536254,4,741
correlated,3.0,40,0.7,0.9,1,100,3793,0.013832658569500673,0.10551619433198384,667.7018267691171,261.56528631824165,4,741
correlated,3.0,40,0.7,0.9,1,100,6158,0.011808367071524967,0.07515182186234816,676.8425717116095,253.02616136481618,4,741
correlated,3.0,40,0.7,0.9,1,100,10000,0.011808367071524967,0.06165654520917679,671.8895810310893,266.7628326000987,4,741
correlated,3.0,40,0.7,0.9,1,1000,1,0.10323886639676114,0.06039136302294163,0.34718772955556265,0.25785763924274807,4,741
correlated,3.0,40,0.7,0.9,1,1000,2,0.10222672064777329,0.06300607287449346,0.5194886368572049,0.26652783950407494,4,741
correlated,3.0,40,0.7,0.9,1,1000,3,0.10121457489878544,0.06545209176788057,0.7479394447895762,0.3398439827014889,4,741
correlated,3.0,40,0.7,0.9,1,1000,4,0.09817813765182186,0.056933198380567505,1.0988863378945875,0.5601042120777922,4,741
correlated,3.0,40,0.7,0.9,1,1000,7,0.09649122807017543,0.06241565452091823,1.527828220750624,0.7647561133003844,4,741
correlated,3.0,40,0.7,0.9,1,1000,11,0.09682860998650472,0.10619095816464424,1.918844683168659,1.0345292463017084,4,741
correlated,3.0,40,0.7,0.9,1,1000,18,0.09480431848852901,0.08594804318488594,4.227512330288599,2.2343209271876185,4,741
correlated,3.0,40,0.7,0.9,1,1000,30,0.08940620782726044,0.11428812415654681,6.185123838608159,3.5442690643595127,4,741
correlated,3.0,40,0.7,0.9,1,1000,48,0.08738191632928474,0.15544871794871906,7.341499321639176,4.831464439380069,4,741
correlated,3.0,40,0.7,0.9,1,1000,78,0.08535762483130904,0.13520580296896012,9.854607595989878,7.726535501326843,4,741
correlated,3.0,40,0.7,0.9,1,1000,127,0.07793522267206478,0.10821524966261828,11.084186142933476,6.7105390885730625,4,741
correlated,3.0,40,0.7,0.9,1,1000,207,0.07253711201079623,0.061656545209176364,16.792616746321087,9.02653245123425,4,741
correlated,3.0,40,0.7,0.9,1,1000,336,0.06815114709851552,0.08805668016194297,24.27104183147185,10.803252510535982,4,741
correlated,3.0,40,0.7,0.9,1,1000,546,0.06275303643724697,0.04419703103913524,28.321866141608474,14.629368198089288,4,741
correlated,3.0,40,0.7,0.9,1,1000,886,0.06174089068825911,0.07785087719298243,25.995704679793253,10.732232107956143,4,741
correlated,3.0,40,0.7,0.9,1,1000,1438,0.06039136302294197,0.10281713900134959,24.27868153944776,9.30609738790367,4,741
correlated,3.0,40,0.7,0.9,1,1000,2336,0.05566801619433198,0.08324898785425112,33.948727190751605,16.04028883827536,4,741
correlated,3.0,40,0.7,0.9,1,1000,3793,0.05026990553306343,0.04546221322537094,35.535664389016986,19.519152133363967,4,741
correlated,3.0,40,0.7,0.9,1,1000,6158,0.047908232118758436,0.04487179487179507,35.540126425623136,15.96945500753107,4,741
correlated,3.0,40,0.7,0.9,1,1000,10000,0.04183535762483131,0.12213225371120115,44.79314886946892,23.860630274250518,4,741
correlated,3.0,40,0.7,0.9,1,10000,1,0.1400134952766532,0.0765013495276618,0.15169201301679855,0.09554155821326722,4,741
correlated,3.0,40,0.7,0.9,1,10000,2,0.13765182186234817,0.08367071524966355,0.17665550329334948,0.09220638850843765,4,741
correlated,3.0,40,0.7,0.9,1,10000,3,0.13562753036437247,0.09480431848852972,0.22380220676579043,0.071421504569139,4,741
correlated,3.0,40,0.7,0.9,1,10000,4,0.13596491228070173,0.09944331983806072,0.2650423960833972,0.10887649418537221,4,741
correlated,3.0,40,0.7,0.9,1,10000,7,0.13326585695006748,0.08594804318488337,0.4010964826667697,0.17772451380836196,4,741
correlated,3.0,40,0.7,0.9,1,10000,11,0.13326585695006748,0.10011808367071445,0.6172396283056201,0.17212941420119862,4,741
correlated,3.0,40,0.7,0.9,1,10000,18,0.1278677462887989,0.13655533063428044,0.8213519094912948,0.3345064786042954,4,741
correlated,3.0,40,0.7,0.9,1,10000,30,0.12550607287449395,0.08367071524965841,1.3144617811576313,0.33780626670256375,4,741
correlated,3.0,40,0.7,0.9,1,10000,48,0.12314439946018893,0.13250674763832723,1.8754084994738809,0.48091278672136933,4,741
correlated,3.0,40,0.7,0.9,1,10000,78,0.1170715249662618,0.06368083670715233,2.8692341267915564,1.1423101134695266,4,741
correlated,3.0,40,0.7,0.9,1,10000,127,0.10762483130904184,0.10214237516868976,3.660846835391673,0.937386205492304,4,741
correlated,3.0,40,0.7,0.9,1,10000,207,0.10458839406207826,0.13663967611336278,4.550351340970445,2.030984432950132,4,741
correlated,3.0,40,0.7,0.9,1,10000,336,0.10121457489878542,0.06275303643724767,7.316684039553904,4.244422559848905,4,741
correlated,3.0,40,0.7,0.9,1,10000,546,0.09244264507422403,0.020580296896083886,7.889984930655748,1.5808231115341322,4,741
correlated,3.0,40,0.7,0.9,1,10000,886,0.097165991902834,0.08164642375168824,7.464526040246978,1.8566314463143936,4,741
correlated,3.0,40,0.7,0.9,1,10000,1438,0.09143049932523617,0.0387145748987858,8.783994915784376,2.2410537777816453,4,741
correlated,3.0,40,0.7,0.9,1,10000,2336,0.08738191632928476,0.030617408906881964,9.659848319536252,3.5505493727525415,4,741
correlated,3.0,40,0.7,0.9,1,10000,3793,0.07624831309041835,0.015182186234818087,10.774125747496159,3.1116121886380195,4,741
correlated,3.0,40,0.7,0.9,1,10000,6158,0.07321187584345479,0.04141363022941998,14.59462354833892,4.024184268617489,4,741
correlated,3.0,40,0.7,0.9,1,10000,10000,0.06983805668016195,0.07515182186234792,15.923508262823226,5.384249534347536,4,741
correlated,3.0,40,0.7,0.9,2,0,1,0.006072874493927126,0.007085020242914983,4.5631847060525965,1.5008243916479087,4,741
correlated,3.0,40,0.7,0.9,2,0,2,0.005398110661268556,0.006072874493927125,9.780401977524061,3.2889994641883615,4,741
correlated,3.0,40,0.7,0.9,2,0,3,0.0043859649122807015,0.004976383265856949,16.1179210856056,5.406590250971646,4,741
correlated,3.0,40,0.7,0.9,2,0,4,0.0043859649122807015,0.0029520917678812412,27.008632839951748,12.964928885799814,4,741
correlated,3.0,40,0.7,0.9,2,0,7,0.004048582995951417,0.004048582995951416,54.37182861817026,27.96273661106207,4,741
correlated,3.0,40,0.7,0.9,2,0,11,0.0020242914979757085,0.0016869095816464238,88.58788895465244,37.98868039414379,4,741
correlated,3.0,40,0.7,0.9,2,0,18,0.0020242914979757085,0.001012145748987854,180.39331905715778,71.15181968501876,4,741
correlated,3.0,40,0.7,0.9,2,0,30,0.0020242914979757085,0.0016869095816464238,371.5834942185051,150.797281116382,4,741
correlated,3.0,40,0.7,0.9,2,0,48,0.0010121457489878543,0.0009278002699055331,628.2445347179657,332.68333350021123,4,741
correlated,3.0,40,0.7,0.9,2,0,78,0.0016869095816464236,0.0009278002699055334,954.50357299594,570.9760692095879,4,741
correlated,3.0,40,0.7,0.9,2,0,127,0.0016869095816464236,0.0009278002699055334,1296.7967781736033,860.3251227946446,4,741
correlated,3.0,40,0.7,0.9,2,0,207,0.0020242914979757085,0.001012145748987854,1550.5741243974821,1133.19056231629,4,741
correlated,3.0,40,0.7,0.9,2,0,336,0.001349527665317139,0.0006747638326585695,1804.5440044295103,1354.7356548095013,4,741
correlated,3.0,40,0.7,0.9,2,0,546,0.0016869095816464236,0.0009278002699055334,2074.960540796186,1498.393838161908,4,741
correlated,3.0,40,0.7,0.9,2,0,886,0.0020242914979757085,0.0016869095816464238,2217.5734525076373,1514.4093036826296,4,741
correlated,3.0,40,0.7,0.9,2,0,1438,0.002699055330634278,0.002024291497975708,2325.127544140476,1509.256968510624,4,741
correlated,3.0,40,0.7,0.9,2,0,2336,0.002699055330634278,0.002699055330634278,2450.868825595217,1466.4394872290593,4,741
correlated,3.0,40,0.7,0.9,2,0,3793,0.0026990553306342783,0.004723346828609986,2616.387097367498,1451.9445635200673,4,741
correlated,3.0,40,0.7,0.9,2,0,6158,0.002699055330634278,0.007422402159244264,2614.506083586141,1443.746101396403,4,741
correlated,3.0,40,0.7,0.9,2,0,10000,0.001349527665317139,0.004048582995951417,2917.9674664992776,1526.2266001689334,4,741
correlated,3.0,40,0.7,0.9,2,100,1,0.026990553306342778,0.12618083670715244,2.1685664646063696,0.6097632334801881,4,741
correlated,3.0,40,0.7,0.9,2,100,2,0.025978407557354928,0.10416666666666652,4.282886300437146,1.0890152716338646,4,741
correlated,3.0,40,0.7,0.9,2,100,3,0.02462887989203779,0.10619095816464233,5.5628231742913625,1.467741303781554,4,741
correlated,3.0,40,0.7,0.9,2,100,4,0.02462887989203779,0.09404520917678802,6.490705213926684,2.0710723922908802,4,741
correlated,3.0,40,0.7,0.9,2,100,7,0.023954116059379218,0.10551619433198386,13.086926095295125,6.013176512306873,4,741
correlated,3.0,40,0.7,0.9,2,100,11,0.02125506072874494,0.08527327935222671,20.58317307309982,7.787143722870975,4,741
correlated,3.0,40,0.7,0.9,2,100,18,0.021592442645074227,0.06747638326585684,26.46938544530512,13.535701609450266,4,741
correlated,3.0,40,0.7,0.9,2,100,30,0.01821862348178138,0.05161943319838049,52.44644837314232,21.991965199741614,4,741
correlated,3.0,40,0.7,0.9,2,100,48,0.02091767881241565,0.10087719298245619,69.02823400387403,34.97786961148429,4,741
correlated,3.0,40,0.7,0.9,2,100,78,0.01720647773279352,0.09944331983805671,102.07542666639544,47.96942323396218,4,741
correlated,3.0,40,0.7,0.9,2,100,127,0.015182186234817815,0.07785087719298243,144.00392681229167,67.94189917476292,4,741
correlated,3.0,40,0.7,0.9,2,100,207,0.010796221322537113,0.04655870445344128,223.05326298615466,111.34701671142811,4,741
correlated,3.0,40,0.7,0.9,2,100,336,0.013157894736842106,0.03534075573549255,313.5488178757024,176.03151304602451,4,741
correlated,3.0,40,0.7,0.9,2,100,546,0.01417004048582996,0.035425101214574886,431.38549367956193,212.56336576859957,4,741
correlated,3.0,40,0.7,0.9,2,100,886,0.013495276653171389,0.03036437246963565,499.9472701674998,185.6255113224085,4,741
correlated,3.0,40,0.7,0.9,2,100,1438,0.010458839406207829,0.02656882591093115,554.7708133833536,206.19689107026272,4,741
correlated,3.0,40,0.7,0.9,2,100,2336,0.009109311740890687,0.020495951417004055,640.8137587644267,274.5780965785456,4,741
correlated,3.0,40,0.7,0.9,2,100,3793,0.008097165991902834,0.0290148448043185,693.2443101264402,342.15700716810403,4,741
correlated,3.0,40,0.7,0.9,2,100,6158,0.009446693657219972,0.02901484480431852,751.452983284747,436.62656876280124,4,741
correlated,3.0,40,0.7,0.9,2,100,10000,0.008434547908232119,0.05355937921727396,942.3245719535001,796.7714121934594,4,741
correlated,3.0,40,0.7,0.9,2,1000,1,0.11403508771929824,0.4787449392712543,0.3049344260398411,0.48758949223215997,4,741
correlated,3.0,40,0.7,0.9,2,1000,2,0.11066126855600539,0.41295546558704554,0.5702954705642643,0.8735945886918786,4,741
correlated,3.0,40,0.7,0.9,2,1000,3,0.10931174089068825,0.3954116059379214,0.6434579790039652,0.9575529820013817,4,741
correlated,3.0,40,0.7,0.9,2,1000,4,0.10863697705802967,0.40519568151147245,1.0444315970046276,1.6596906698831382,4,741
correlated,3.0,40,0.7,0.9,2,1000,7,0.10593792172739541,0.4200404858299585,1.3548639306296748,1.9848286881479895,4,741
correlated,3.0,40,0.7,0.9,2,1000,11,0.1039136302294197,0.3812415654520929,1.9936322485612228,2.5702008324979597,4,741
correlated,3.0,40,0.7,0.9,2,1000,18,0.10121457489878544,0.36977058029689475,5.237759476924523,8.199191792969053,4,741
correlated,3.0,40,0.7,0.9,2,1000,30,0.09480431848852902,0.3038967611336037,6.525715336482604,8.536627654316623,4,741
correlated,3.0,40,0.7,0.9,2,1000,48,0.09379217273954116,0.4956140350877195,11.466261947054514,16.14153232590255,4,741
correlated,3.0,40,0.7,0.9,2,1000,78,0.08569500674763833,0.4220647773279351,21.503204504296306,32.967576180542814,4,741
correlated,3.0,40,0.7,0.9,2,1000,127,0.08603238866396762,0.25059041835357565,28.321746869464146,44.0401193956505,4,741
correlated,3.0,40,0.7,0.9,2,1000,207,0.07928475033738192,0.22090080971659898,30.952969916502283,45.64751337083906,4,741
correlated,3.0,40,0.7,0.9,2,1000,336,0.07456140350877194,0.1918859649122799,37.22413383756586,57.260891779217935,4,741
correlated,3.0,40,0.7,0.9,2,1000,546,0.06680161943319839,0.07118758434547837,58.236436295694055,88.41041721668519,4,741
correlated,3.0,40,0.7,0.9,2,1000,886,0.060391363022941964,0.176366396761134,76.20415522913906,119.27366157832823,4,741
correlated,3.0,40,0.7,0.9,2,1000,1438,0.05566801619433198,0.12913292847503385,136.17863232762593,234.1571198637887,4,741
correlated,3.0,40,0.7,0.9,2,1000,2336,0.05398110661268556,0.10593792172739525,191.90791784519016,346.05405087127957,4,741
correlated,3.0,40,0.7,0.9,2,1000,3793,0.04993252361673414,0.1936572199730091,187.263068993328,332.8499731121315,4,741
correlated,3.0,40,0.7,0.9,2,1000,6158,0.04520917678812416,0.14338731443994568,278.38928895272306,512.4924381628509,4,741
correlated,3.0,40,0.7,0.9,2,1000,10000,0.04419703103913631,0.12036099865047178,446.2628052428537,843.2671726420956,4,741
correlated,3.0,40,0.7,0.9,2,10000,1,0.15587044534412955,0.09480431848852715,0.04281431182414136,0.02766490053788026,4,741
correlated,3.0,40,0.7,0.9,2,10000,2,0.15452091767881243,0.11774628879892093,0.09824734729181171,0.046036727909596384,4,741
correlated,3.0,40,0.7,0.9,2,10000,3,0.15350877192982457,0.13453103913630382,0.13721877130105675,0.06534254781969391,4,741
correlated,3.0,40,0.7,0.9,2,10000,4,0.15182186234817813,0.15553306342780465,0.1620760059474456,0.05877027049067049,4,741
correlated,3.0,40,0.7,0.9,2,10000,7,0.14878542510121456,0.15140013495277035,0.2215935402959421,0.03828088955784042,4,741
correlated,3.0,40,0.7,0.9,2,10000,11,0.14777327935222673,0.1487854251012134,0.2600872999984022,0.08153222542357438,4,741
correlated,3.0,40,0.7,0.9,2,10000,18,0.14473684210526316,0.13723009446693415,0.34257358345636013,0.10754330040813741,4,741
correlated,3.0,40,0.7,0.9,2,10000,30,0.13933873144399458,0.09337044534413348,0.7076707601829965,0.29099570512630085,4,741
correlated,3.0,40,0.7,0.9,2,10000,48,0.14001349527665316,0.12710863697705885,0.8283113004374026,0.31591508561213394,4,741
correlated,3.0,40,0.7,0.9,2,10000,78,0.13866396761133604,0.16017206477732535,1.1057107074034598,0.5608613993260884,4,741
correlated,3.0,40,0.7,0.9,2,10000,127,0.13394062078272603,0.10146761133603475,1.739318000121492,0.6230240934093435,4,741
correlated,3.0,40,0.7,0.9,2,10000,207,0.1346153846153846,0.12306005398110823,2.1314526769675948,0.9646324638566718,4,741
correlated,3.0,40,0.7,0.9,2,10000,336,0.12550607287449395,0.13292847503373517,2.6792114982006945,1.1770125960486524,4,741
correlated,3.0,40,0.7,0.9,2,10000,546,0.12786774628879893,0.1500506072874449,3.103553507476906,0.6131634097790312,4,741
correlated,3.0,40,0.7,0.9,2,10000,886,0.12246963562753035,0.3511302294197051,3.5559936081565517,1.453281424806044,4,741
correlated,3.0,40,0.7,0.9,2,10000,1438,0.11133603238866396,0.06578947368421,5.418062989597788,1.7359597648086411,4,741
correlated,3.0,40,0.7,0.9,2,10000,2336,0.11066126855600542,0.13360323886639275,5.883600932655544,2.3513617329827468,4,741
correlated,3.0,40,0.7,0.9,2,10000,3793,0.10053981106612686,0.14338731443994374,7.559174720187865,1.8129652512838408,4,741
correlated,3.0,40,0.7,0.9,2,10000,6158,0.09412955465587045,0.10011808367071573,8.353875305326888,0.9810128282518953,4,741
correlated,3.0,40,0.7,0.9,2,10000,10000,0.08502024291497975,0.11538461538461553,10.158542110715324,1.4086362069524077,4,741
correlated,3.0,40,0.7,0.9,3,0,1,0.004723346828609987,0.0016869095816464225,3.8086520925257537,1.2405708172961867,4,741
correlated,3.0,40,0.7,0.9,3,0,2,0.004048582995951417,0.0033738191632928503,10.335492197675755,2.3665860902305913,4,741
correlated,3.0,40,0.7,0.9,3,0,3,0.0043859649122807015,0.004301619433198384,16.154331564540986,3.4584898977633993,4,741
correlated,3.0,40,0.7,0.9,3,0,4,0.0037112010796221326,0.007000674763832659,22.605316731932298,3.2932327586908743,4,741
correlated,3.0,40,0.7,0.9,3,0,7,0.002699055330634278,0.005398110661268556,49.38704694614264,14.143493870644377,4,741
correlated,3.0,40,0.7,0.9,3,0,11,0.0020242914979757085,0.0016869095816464238,79.36090531664104,21.38465086866148,4,741
correlated,3.0,40,0.7,0.9,3,0,18,0.0006747638326585695,0.00033738191632928474,174.88610833491964,58.58048794321584,4,741
correlated,3.0,40,0.7,0.9,3,0,30,0.00033738191632928474,0.00025303643724696357,331.57660613957074,95.86601076739136,4,741
correlated,3.0,40,0.7,0.9,3,0,48,0.0010121457489878543,0.0002530364372469635,616.142789474537,161.07369903133872,4,741
correlated,3.0,40,0.7,0.9,3,0,78,0.0006747638326585695,0.0010121457489878543,915.4886251386815,284.1395217359813,4,741
correlated,3.0,40,0.7,0.9,3,0,127,0.0010121457489878543,0.0009278002699055331,1206.1663814254891,547.1256799002437,4,741
correlated,3.0,40,0.7,0.9,3,0,207,0.0006747638326585695,0.00033738191632928474,1383.9040003199566,527.180688575899,4,741
correlated,3.0,40,0.7,0.9,3,0,336,0.0,0.0,1728.4109341976377,889.5055914800511,4,741
correlated,3.0,40,0.7,0.9,3,0,546,0.0,0.0,2044.5924848864788,1073.8006617455712,4,741
correlated,3.0,40,0.7,0.9,3,0,886,0.0,0.0,2363.7042332716787,1270.5020562493253,4,741
correlated,3.0,40,0.7,0.9,3,0,1438,0.0006747638326585695,0.00033738191632928474,2475.562482880183,1391.438009529427,4,741
correlated,3.0,40,0.7,0.9,3,0,2336,0.00033738191632928474,0.00025303643724696357,2566.7645616525692,1378.7552915170763,4,741
correlated,3.0,40,0.7,0.9,3,0,3793,0.0,0.0,2708.7258538899773,1260.484771994404,4,741
correlated,3.0,40,0.7,0.9,3,0,6158,0.0006747638326585695,0.00033738191632928474,2723.1154348949276,1245.799367793442,4,741
correlated,3.0,40,0.7,0.9,3,0,10000,0.0006747638326585695,0.00033738191632928474,2730.187506638568,1310.407624666996,4,741
correlated,3.0,40,0.7,0.9,3,100,1,0.028002699055330635,0.10551619433198378,1.8776631919427564,0.623892911939861,4,741
correlated,3.0,40,0.7,0.9,3,100,2,0.026315789473684213,0.10290148448043171,3.8511685036290926,1.549923174133925,4,741
correlated,3.0,40,0.7,0.9,3,100,3,0.02462887989203779,0.08054993252361661,5.434057105644621,1.4882326376793962,4,741
correlated,3.0,40,0.7,0.9,3,100,4,0.023616734143049937,0.07995951417004035,8.029973325080555,1.1619555039204787,4,741
correlated,3.0,40,0.7,0.9,3,100,7,0.021592442645074223,0.092442645074224,13.002508964707705,4.961005216925196,4,741
correlated,3.0,40,0.7,0.9,3,100,11,0.019230769230769232,0.09606950067476382,24.012943318451512,12.105322688915333,4,741
correlated,3.0,40,0.7,0.9,3,100,18,0.017543859649122806,0.09109311740890688,28.763926677271925,15.248708026782769,4,741
correlated,3.0,40,0.7,0.9,3,100,30,0.015856950067476384,0.07110323886639673,42.318792141174505,25.444283319254136,4,741
correlated,3.0,40,0.7,0.9,3,100,48,0.014844804318488529,0.04993252361673415,57.779389761903516,32.29797633045657,4,741
correlated,3.0,40,0.7,0.9,3,100,78,0.01282051282051282,0.030701754385964924,89.39494474819443,28.51101511746205,4,741
correlated,3.0,40,0.7,0.9,3,100,127,0.010796221322537112,0.02901484480431848,138.8403255503025,45.494808610827306,4,741
correlated,3.0,40,0.7,0.9,3,100,207,0.009784075573549256,0.0198211875843455,208.33837129677678,108.6347803500519,4,741
correlated,3.0,40,0.7,0.9,3,100,336,0.005735492577597841,0.00969973009446694,350.71701335143143,159.4912886015529,4,741
correlated,3.0,40,0.7,0.9,3,100,546,0.006410256410256411,0.014423076923076917,431.91479822112825,214.49214531116525,4,741
correlated,3.0,40,0.7,0.9,3,100,886,0.008097165991902834,0.012820512820512815,580.8061064537563,320.95600344071585,4,741
correlated,3.0,40,0.7,0.9,3,100,1438,0.006072874493927126,0.032726045883940624,649.2823071212912,361.18734389663604,4,741
correlated,3.0,40,0.7,0.9,3,100,2336,0.006072874493927126,0.009784075573549253,704.1083320408151,342.34359402428004,4,741
correlated,3.0,40,0.7,0.9,3,100,3793,0.005398110661268556,0.01889338731443995,799.2081294735214,318.7982001608967,4,741
correlated,3.0,40,0.7,0.9,3,100,6158,0.004723346828609987,0.013832658569500667,828.8038876472376,335.15919013454953,4,741
correlated,3.0,40,0.7,0.9,3,100,10000,0.004723346828609987,0.00641025641025641,834.7030237070279,348.2587026821051,4,741
correlated,3.0,40,0.7,0.9,3,1000,1,0.07692307692307693,0.12078272604588326,0.7888979333273072,0.6643877664481008,4,741
correlated,3.0,40,0.7,0.9,3,1000,2,0.07557354925775978,0.09919028340081107,1.1472718457460247,0.840453001745609,4,741
correlated,3.0,40,0.7,0.9,3,1000,3,0.07321187584345479,0.11631241565452083,1.633774052696822,1.1653908976280123,4,741
correlated,3.0,40,0.7,0.9,3,1000,4,0.07152496626180838,0.11538461538461489,1.7584365755720692,1.400925363248657,4,741
correlated,3.0,40,0.7,0.9,3,1000,7,0.06815114709851552,0.11504723346828546,2.899217896180545,1.7665411894162153,4,741
correlated,3.0,40,0.7,0.9,3,1000,11,0.06680161943319837,0.09615384615384681,5.267911229547695,4.575707075272874,4,741
correlated,3.0,40,0.7,0.9,3,1000,18,0.05836707152496626,0.18041497975708526,7.507520267924273,6.579217686790809,4,741
correlated,3.0,40,0.7,0.9,3,1000,30,0.061403508771929835,0.06916329284750306,7.771211271506587,4.559255926707721,4,741
correlated,3.0,40,0.7,0.9,3,1000,48,0.05499325236167341,0.06368083670715265,12.61326418494961,10.892979203491581,4,741
correlated,3.0,40,0.7,0.9,3,1000,78,0.04757085020242915,0.0319669365721997,32.47440137541738,41.30878788813209,4,741
correlated,3.0,40,0.7,0.9,3,1000,127,0.04723346828609987,0.08569500674763823,27.401827485858455,19.70475477949453,4,741
correlated,3.0,40,0.7,0.9,3,1000,207,0.04655870445344129,0.03879892037786816,58.482106798428035,71.95785796204552,4,741
correlated,3.0,40,0.7,0.9,3,1000,336,0.03609986504723347,0.06368083670715233,46.56919579168904,40.74354649443032,4,741
correlated,3.0,40,0.7,0.9,3,1000,546,0.03441295546558704,0.030701754385964966,38.11732165301511,22.15257321098962,4,741
correlated,3.0,40,0.7,0.9,3,1000,886,0.03407557354925776,0.054908906882590904,46.1999933379647,33.67640900002698,4,741
correlated,3.0,40,0.7,0.9,3,1000,1438,0.028002699055330635,0.007000674763832695,63.33710035502956,40.96498119237942,4,741
correlated,3.0,40,0.7,0.9,3,1000,2336,0.02327935222672065,0.002277327935222633,98.05619860648747,95.75553057325482,4,741
correlated,3.0,40,0.7,0.9,3,1000,3793,0.023616734143049933,0.017206477732793563,132.80787233355068,151.5876036699495,4,741
correlated,3.0,40,0.7,0.9,3,1000,6158,0.02125506072874494,0.007675438596491281,128.68386815614247,124.14105637593654,4,741
correlated,3.0,40,0.7,0.9,3,1000,10000,0.020917678812415654,0.008434547908232146,139.48296260384734,146.7819567299593,4,741
correlated,3.0,40,0.7,0.9,3,10000,1,0.10290148448043185,0.04951079622132382,0.27657922407131674,0.3222023577096571,4,741
correlated,3.0,40,0.7,0.9,3,10000,2,0.10087719298245613,0.031292172739543406,0.44941280159300107,0.44733003758248674,4,741
correlated,3.0,40,0.7,0.9,3,10000,3,0.09919028340080972,0.049595141700403605,0.5269478233570156,0.5564162584565818,4,741
correlated,3.0,40,0.7,0.9,3,10000,4,0.0975033738191633,0.05153508771929785,0.6573081117513332,0.551854616216223,4,741
correlated,3.0,40,0.7,0.9,3,10000,7,0.09446693657219973,0.03711201079622099,0.9878047128997761,0.5243635908659494,4,741
correlated,3.0,40,0.7,0.9,3,10000,11,0.09244264507422403,0.043522267206476374,1.460736859564363,0.5165407075418634,4,741
correlated,3.0,40,0.7,0.9,3,10000,18,0.08468286099865047,0.056933198380567505,2.2900108547797715,0.33948451499228105,4,741
correlated,3.0,40,0.7,0.9,3,10000,30,0.08164642375168692,0.0300269905533061,3.190642753166239,0.5060280538458579,4,741
correlated,3.0,40,0.7,0.9,3,10000,48,0.08097165991902834,0.04588394062078369,4.737767185179783,2.225724040171259,4,741
correlated,3.0,40,0.7,0.9,3,10000,78,0.07827260458839407,0.04251012145749,6.469078199333623,3.586422728656081,4,741
correlated,3.0,40,0.7,0.9,3,10000,127,0.07422402159244265,0.06140350877192993,8.110356659699372,4.309747066791682,4,741
correlated,3.0,40,0.7,0.9,3,10000,207,0.07186234817813766,0.031292172739540186,10.869324040254872,7.417537637555455,4,741
correlated,3.0,40,0.7,0.9,3,10000,336,0.06376518218623481,0.06300607287449474,14.736289790368996,10.76769891381874,4,741
correlated,3.0,40,0.7,0.9,3,10000,546,0.05802968960863698,0.049257759784075136,14.87313864621326,9.24607391017928,4,741
correlated,3.0,40,0.7,0.9,3,10000,886,0.048582995951417005,0.030364372469635532,23.578631079638967,11.893098025911543,4,741
correlated,3.0,40,0.7,0.9,3,10000,1438,0.04959514170040486,0.020495951417003774,18.51388726148535,4.138984760713576,4,741
correlated,3.0,40,0.7,0.9,3,10000,2336,0.04048582995951417,0.016869095816464293,25.429822950889235,11.35299091016172,4,741
correlated,3.0,40,0.7,0.9,3,10000,3793,0.033063427800269905,0.008434547908231985,29.472191074027673,12.643550192042872,4,741
correlated,3.0,40,0.7,0.9,3,10000,6158,0.03272604588394062,0.04343792172739562,32.6598109814094,11.122351320284231,4,741
correlated,3.0,40,0.7,0.9,3,10000,10000,0.02901484480431849,0.027327935222671913,28.35803845050976,13.599314668022414,4,741
correlated,3.0,40,0.7,0.9,4,0,1,0.006747638326585695,0.002024291497975708,5.1913548283826625,2.047399535999243,4,741
correlated,3.0,40,0.7,0.9,4,0,2,0.005735492577597841,0.0009278002699055308,8.993947215741379,2.1107492473640748,4,741
correlated,3.0,40,0.7,0.9,4,0,3,0.006410256410256411,0.0016025641025640969,12.938265147423486,2.656354159054891,4,741
correlated,3.0,40,0.7,0.9,4,0,4,0.005735492577597841,0.0009278002699055308,16.805068255263524,1.4035953290153786,4,741
correlated,3.0,40,0.7,0.9,4,0,7,0.005735492577597841,0.00025303643724695977,39.4640053280426,7.341741950612999,4,741
correlated,3.0,40,0.7,0.9,4,0,11,0.0043859649122807015,0.0009278002699055334,73.42688495269992,13.55465294950177,4,741
correlated,3.0,40,0.7,0.9,4,0,18,0.004048582995951417,0.0006747638326585711,141.3206513560467,33.402509584912174,4,741
correlated,3.0,40,0.7,0.9,4,0,30,0.004723346828609986,0.00033738191632928804,277.6906464706064,39.36184191806227,4,741
correlated,3.0,40,0.7,0.9,4,0,48,0.002699055330634278,0.0,440.53742852183535,83.23676493501068,4,741
correlated,3.0,40,0.7,0.9,4,0,78,0.002699055330634278,0.0006747638326585698,653.7707867062987,117.73509729467261,4,741
correlated,3.0,40,0.7,0.9,4,0,127,0.0033738191632928477,0.0016869095816464225,940.5088733123082,179.7656726522729,4,741
correlated,3.0,40,0.7,0.9,4,0,207,0.002699055330634278,0.002024291497975708,1236.0388985943575,261.8102110592504,4,741
correlated,3.0,40,0.7,0.9,4,0,336,0.003036437246963563,0.0009278002699055321,1407.1542149851666,376.2980452566709,4,741
correlated,3.0,40,0.7,0.9,4,0,546,0.002361673414304993,0.0016025641025641045,1577.1512835127212,465.35598419166524,4,741
correlated,3.0,40,0.7,0.9,4,0,886,0.0016869095816464236,0.0009278002699055334,1823.123614086307,493.3320950809116,4,741
correlated,3.0,40,0.7,0.9,4,0,1438,0.0023616734143049934,0.002277327935222671,1904.072103771003,501.96067015905544,4,741
correlated,3.0,40,0.7,0.9,4,0,2336,0.0020242914979757085,0.0016869095816464238,2010.7876634456993,555.3410296758398,4,741
correlated,3.0,40,0.7,0.9,4,0,3793,0.0016869095816464236,0.0016025641025641032,2069.9723997461233,591.7281527097725,4,741
correlated,3.0,40,0.7,0.9,4,0,6158,0.0020242914979757085,0.0010121457489878547,2090.3094189733242,626.342348646693,4,741
correlated,3.0,40,0.7,0.9,4,0,10000,0.001349527665317139,0.0006747638326585698,2127.123730948148,653.8801532872451,4,741
correlated,3.0,40,0.7,0.9,4,100,1,0.04284750337381916,0.26880904183535814,1.0104431727637404,0.47705908843502587,4,741
correlated,3.0,40,0.7,0.9,4,100,2,0.04082321187584345,0.2411437246963565,2.3801365682831976,0.8163720999079755,4,741
correlated,3.0,40,0.7,0.9,4,100,3,0.04014844804318488,0.2155026990553308,3.9830391956217683,1.9162103921629556,4,741
correlated,3.0,40,0.7,0.9,4,100,4,0.0398110661268556,0.22300944669365716,5.953461707963662,3.349032397468176,4,741
correlated,3.0,40,0.7,0.9,4,100,7,0.03609986504723347,0.23844466936572198,11.449315001477794,6.942584751332548,4,741
correlated,3.0,40,0.7,0.9,4,100,11,0.037112010796221326,0.29048582995951383,18.974948034547282,12.88948631687435,4,741
correlated,3.0,40,0.7,0.9,4,100,18,0.03407557354925776,0.2917510121457489,25.62587447106548,17.1264752178552,4,741
correlated,3.0,40,0.7,0.9,4,100,30,0.033063427800269905,0.18522267206477744,43.668222434109026,28.443156575331866,4,741
correlated,3.0,40,0.7,0.9,4,100,48,0.033738191632928474,0.28677462887989197,59.04028584065736,27.652565540096937,4,741
correlated,3.0,40,0.7,0.9,4,100,78,0.032388663967611336,0.2948717948717949,100.38977164865292,56.30296620609135,4,741
correlated,3.0,40,0.7,0.9,4,100,127,0.028677462887989204,0.16287112010796226,130.92509803159228,69.56511236338473,4,741
correlated,3.0,40,0.7,0.9,4,100,207,0.026653171390013497,0.17771592442645068,183.47037139121477,92.32764609260889,4,741
correlated,3.0,40,0.7,0.9,4,100,336,0.025978407557354925,0.14465249662618096,222.75293124029537,146.75145722773712,4,741
correlated,3.0,40,0.7,0.9,4,100,546,0.024291497975708502,0.11201079622132248,323.0326622289424,167.05627860788417,4,741
correlated,3.0,40,0.7,0.9,4,100,886,0.024628879892037787,0.14465249662618088,396.4527048177365,198.47563336196723,4,741
correlated,3.0,40,0.7,0.9,4,100,1438,0.02125506072874494,0.06772941970310396,442.88904745475975,205.26467024337532,4,741
correlated,3.0,40,0.7,0.9,4,100,2336,0.021255060728744942,0.08324898785425096,486.99621972455,245.02757101430637,4,741
correlated,3.0,40,0.7,0.9,4,100,3793,0.018556005398110663,0.11158906882591085,520.1760141434623,276.14407785109125,4,741
correlated,3.0,40,0.7,0.9,4,100,6158,0.017543859649122806,0.13157894736842107,540.9472953941579,301.3037134148411,4,741
correlated,3.0,40,0.7,0.9,4,100,10000,0.013832658569500675,0.11361336032388666,560.0510911909921,322.7025301762953,4,741
correlated,3.0,40,0.7,0.9,4,1000,1,0.13191632928475033,0.11293859649122778,0.08915533569989803,0.06030462735070875,4,741
correlated,3.0,40,0.7,0.9,4,1000,2,0.12955465587044535,0.12618083670715163,0.18128549231948765,0.14589044357665878,4,741
correlated,3.0,40,0.7,0.9,4,1000,3,0.12887989203778677,0.12854251012145768,0.3362601102133368,0.3976895006373728,4,741
correlated,3.0,40,0.7,0.9,4,1000,4,0.1278677462887989,0.13453103913630127,0.4359069873553416,0.521899235566461,4,741
correlated,3.0,40,0.7,0.9,4,1000,7,0.12415654520917678,0.1747638326585708,0.5231445388009702,0.5177620558631099,4,741
correlated,3.0,40,0.7,0.9,4,1000,11,0.1238191632928475,0.13048245614034934,0.7856717515450307,0.33620710168750373,4,741
correlated,3.0,40,0.7,0.9,4,1000,18,0.12078272604588394,0.07591093117408915,1.4089454739551972,0.4158469605231206,4,741
correlated,3.0,40,0.7,0.9,4,1000,30,0.12280701754385964,0.04520917678812611,1.6359613965722513,0.649922073334962,4,741
correlated,3.0,40,0.7,0.9,4,1000,48,0.12078272604588394,0.09615384615384488,1.8822814355284954,1.2101920233096808,4,741
correlated,3.0,40,0.7,0.9,4,1000,78,0.11336032388663968,0.11268556005397942,3.7088076618859755,2.0266821627499207,4,741
correlated,3.0,40,0.7,0.9,4,1000,127,0.10796221322537111,0.1356275303643732,4.37190100523607,2.267046265078398,4,741
correlated,3.0,40,0.7,0.9,4,1000,207,0.10357624831309042,0.11226383265856892,6.167188400785791,3.4105111456562645,4,741
correlated,3.0,40,0.7,0.9,4,1000,336,0.10020242914979757,0.2370951417004041,10.381806781966217,5.98920458289267,4,741
correlated,3.0,40,0.7,0.9,4,1000,546,0.09480431848852902,0.1581477732793513,11.180809337374637,6.201596178297298,4,741
correlated,3.0,40,0.7,0.9,4,1000,886,0.0927800269905533,0.10484143049932651,17.812964838846558,14.384582871412807,4,741
correlated,3.0,40,0.7,0.9,4,1000,1438,0.08468286099865047,0.0663798920377878,21.882051424391303,16.346119031298876,4,741
correlated,3.0,40,0.7,0.9,4,1000,2336,0.07591093117408906,0.07717611336032452,29.92018367773689,25.040971156561415,4,741
correlated,3.0,40,0.7,0.9,4,1000,3793,0.07321187584345479,0.05895748987854346,34.00791216019901,34.251062391640495,4,741
correlated,3.0,40,0.7,0.9,4,1000,6158,0.06983805668016194,0.015097840755735729,38.942276976458686,41.318243902023426,4,741
correlated,3.0,40,0.7,0.9,4,1000,10000,0.06275303643724696,0.04757085020242958,45.71917714169595,47.800149185856704,4,741
correlated,3.0,40,0.7,0.9,4,10000,1,0.16396761133603238,0.017881241565454842,0.05203202293797313,0.036021452210426345,4,741
correlated,3.0,40,0.7,0.9,4,10000,2,0.16430499325236167,0.01712213225371233,0.06115802017885222,0.04302399534588924,4,741
correlated,3.0,40,0.7,0.9,4,10000,3,0.16329284750337383,0.020917678812414603,0.08228942065515199,0.03623442366566348,4,741
correlated,3.0,40,0.7,0.9,4,10000,4,0.1616059379217274,0.013748313090417994,0.11750560239176486,0.05631379541112928,4,741
correlated,3.0,40,0.7,0.9,4,10000,7,0.16025641025641024,0.011049257759790237,0.17651165885357525,0.09835495128450764,4,741
correlated,3.0,40,0.7,0.9,4,10000,11,0.15856950067476383,0.009109311740886996,0.23020069187900352,0.07534490643045431,4,741
correlated,3.0,40,0.7,0.9,4,10000,18,0.15856950067476383,0.00641025641026181,0.25904579890339413,0.05386245846844299,4,741
correlated,3.0,40,0.7,0.9,4,10000,30,0.15587044534412953,0.011133603238873881,0.4281696913688374,0.053722091350234674,4,741
correlated,3.0,40,0.7,0.9,4,10000,48,0.15114709851551958,0.024966261808365236,0.4745073689492538,0.08906088816326532,4,741
correlated,3.0,40,0.7,0.9,4,10000,78,0.150472334682861,0.017881241565454842,0.6720443649479038,0.1948117434061162,4,741
correlated,3.0,40,0.7,0.9,4,10000,127,0.1460863697705803,0.0657051282051302,1.0420436604322343,0.24756187212767708,4,741
correlated,3.0,40,0.7,0.9,4,10000,207,0.1413630229419703,0.01914642375168636,1.3447554135924624,0.4501588594943119,4,741
correlated,3.0,40,0.7,0.9,4,10000,336,0.1400134952766532,0.05490890688258833,1.456100302004613,0.14088738371119255,4,741
correlated,3.0,40,0.7,0.9,4,10000,546,0.14338731443994604,0.025219298245608455,1.5099263776410852,0.5334094695138765,4,741
correlated,3.0,40,0.7,0.9,4,10000,886,0.1325910931174089,0.03129217273954083,2.4243858944430547,0.8244157159228791,4,741
correlated,3.0,40,0.7,0.9,4,10000,1438,0.12955465587044535,0.07759784075573375,2.803636844692468,0.6436337674128757,4,741
correlated,3.0,40,0.7,0.9,4,10000,2336,0.12753036437246962,0.06916329284750562,3.6819865442774886,0.8619903979279525,4,741
correlated,3.0,40,0.7,0.9,4,10000,3793,0.11099865047233468,0.00767543859649333,5.589333639327575,0.715519246565322,4,741
correlated,3.0,40,0.7,0.9,4,10000,6158,0.10492577597840755,0.007675438596492045,6.443623426279144,1.3529389411822352,4,741
correlated,3.0,40,0.7,0.9,4,10000,10000,0.0951417004048583,0.009784075573548434,6.637962173445958,1.89502876351896,4,741
correlated,6.0,40,0.7,0.9,0,0,1,0.003036437246963563,0.0022773279352226714,3.5789789618962207,0.9011406071398018,4,741
correlated,6.0,40,0.7,0.9,0,0,2,0.0023616734143049934,0.0009278002699055327,10.052267650790194,1.1034800987971005,4,741
correlated,6.0,40,0.7,0.9,0,0,3,0.0020242914979757085,0.0003373819163292849,16.561530706258804,4.313414039883946,4,741
correlated,6.0,40,0.7,0.9,0,0,4,0.0010121457489878543,0.0009278002699055331,20.673782034491655,4.92171119575348,4,741
correlated,6.0,40,0.7,0.9,0,0,7,0.001349527665317139,0.0006747638326585698,45.30621235596999,16.26388051868373,4,741
correlated,6.0,40,0.7,0.9,0,0,11,0.0016869095816464236,0.0009278002699055334,89.88026384435824,30.334580883652325,4,741
correlated,6.0,40,0.7,0.9,0,0,18,0.0006747638326585695,0.00033738191632928474,184.66234946960986,36.88082023571849,4,741
correlated,6.0,40,0.7,0.9,0,0,30,0.00033738191632928474,0.00025303643724696357,329.21863729404447,69.74006788005626,4,741
correlated,6.0,40,0.7,0.9,0,0,48,0.0,0.0,546.246921728302,107.59187724892232,4,741
correlated,6.0,40,0.7,0.9,0,0,78,0.00033738191632928474,0.00025303643724696357,876.0264511891817,119.22536565037562,4,741
correlated,6.0,40,0.7,0.9,0,0,127,0.00033738191632928474,0.00025303643724696357,1161.8547671609426,133.6267903152956,4,741
correlated,6.0,40,0.7,0.9,0,0,207,0.0,0.0,1404.356822730631,211.0703406366506,4,741
correlated,6.0,40,0.7,0.9,0,0,336,0.0,0.0,1528.9901283247686,267.7931194376743,4,741
correlated,6.0,40,0.7,0.9,0,0,546,0.00033738191632928474,0.00025303643724696357,1744.9601118058752,166.48705003946745,4,741
correlated,6.0,40,0.7,0.9,0,0,886,0.0,0.0,1825.797270939104,185.3502111320236,4,741
correlated,6.0,40,0.7,0.9,0,0,1438,0.0,0.0,1955.8278250660408,190.55613675322846,4,741
correlated,6.0,40,0.7,0.9,0,0,2336,0.0,0.0,2420.5132222966927,429.31304813981194,4,741
correlated,6.0,40,0.7,0.9,0,0,3793,0.00033738191632928474,0.00025303643724696357,2391.586512457277,513.5546074362279,4,741
correlated,6.0,40,0.7,0.9,0,0,6158,0.0006747638326585695,0.00033738191632928474,2654.988654439424,728.2617657246667,4,741
correlated,6.0,40,0.7,0.9,0,0,10000,0.0006747638326585695,0.00033738191632928474,2756.7963617508976,780.8056591081331,4,741
correlated,6.0,40,0.7,0.9,0,100,1,0.026653171390013494,0.06300607287449402,2.278493653064464,0.915814011191897,4,741
correlated,6.0,40,0.7,0.9,0,100,2,0.02564102564102564,0.06005398110661276,4.945440243010428,1.9717598847783782,4,741
correlated,6.0,40,0.7,0.9,0,100,3,0.023616734143049933,0.06578947368421048,8.985656503318246,4.022211979687203,4,741
correlated,6.0,40,0.7,0.9,0,100,4,0.022604588394062076,0.09337044534412971,12.268116252580507,6.726071281272984,4,741
correlated,6.0,40,0.7,0.9,0,100,7,0.018218623481781375,0.08468286099865052,18.158531498544157,6.657733742575706,4,741
correlated,6.0,40,0.7,0.9,0,100,11,0.0155195681511471,0.07591093117408909,24.336642271847445,9.48270588492551,4,741
correlated,6.0,40,0.7,0.9,0,100,18,0.0155195681511471,0.06376518218623482,29.420106170245464,8.00625764166646,4,741
correlated,6.0,40,0.7,0.9,0,100,30,0.014507422402159246,0.04951079622132252,51.71085952258682,19.235167541260513,4,741
correlated,6.0,40,0.7,0.9,0,100,48,0.011808367071524965,0.029267881241565496,70.82344547750812,29.988608682209467,4,741
correlated,6.0,40,0.7,0.9,0,100,78,0.012483130904183536,0.057607962213225346,92.10069161678288,32.79875990528594,4,741
correlated,6.0,40,0.7,0.9,0,100,127,0.011133603238866394,0.03871457489878544,132.18827397588439,34.83090027145828,4,741
correlated,6.0,40,0.7,0.9,0,100,207,0.011470985155195682,0.05026990553306344,162.58525926733535,39.991506280462,4,741
correlated,6.0,40,0.7,0.9,0,100,336,0.007085020242914981,0.013073549257759784,216.85104118165697,69.14494636163688,4,741
correlated,6.0,40,0.7,0.9,0,100,546,0.005398110661268556,0.01282051282051282,287.65679103426737,73.52933595898804,4,741
correlated,6.0,40,0.7,0.9,0,100,886,0.00641025641025641,0.011049257759784081,362.45828487226316,102.01799880579999,4,741
correlated,6.0,40,0.7,0.9,0,100,1438,0.0026990553306342783,0.004723346828609985,491.7034899694385,276.2298054912708,4,741
correlated,6.0,40,0.7,0.9,0,100,2336,0.00573549257759784,0.009024966261808369,666.1147704342334,326.2336974881235,4,741
correlated,6.0,40,0.7,0.9,0,100,3793,0.005060728744939271,0.0029520917678812412,705.4636422998595,402.5676678343784,4,741
correlated,6.0,40,0.7,0.9,0,100,6158,0.0033738191632928477,0.0016869095816464225,836.7054660698273,553.5284310089756,4,741
correlated,6.0,40,0.7,0.9,0,100,10000,0.0043859649122807015,0.004976383265856952,867.1393105471535,627.4271825137225,4,741
correlated,6.0,40,0.7,0.9,0,1000,1,0.04892037786774629,0.148701079622132,0.6600706087587603,0.3645891188312474,4,741
correlated,6.0,40,0.7,0.9,0,1000,2,0.04689608636977058,0.15207489878542504,1.5923367171220986,0.9140155655417249,4,741
correlated,6.0,40,0.7,0.9,0,1000,3,0.04520917678812415,0.16767881241565494,2.722066054523037,1.5390703287261829,4,741
correlated,6.0,40,0.7,0.9,0,1000,4,0.043522267206477734,0.16691970310391355,3.2337867287132824,1.6152496043652287,4,741
correlated,6.0,40,0.7,0.9,0,1000,7,0.04149797570850203,0.16422064777327905,4.530013480067124,1.3989512262585078,4,741
correlated,6.0,40,0.7,0.9,0,1000,11,0.04014844804318488,0.15747300944669373,7.2735063211575905,3.6745525923088582,4,741
correlated,6.0,40,0.7,0.9,0,1000,18,0.03913630229419703,0.1214574898785426,11.443067020665461,6.2390712282829535,4,741
correlated,6.0,40,0.7,0.9,0,1000,30,0.03677462887989204,0.166244939271255,18.079121314706185,9.259999215042553,4,741
correlated,6.0,40,0.7,0.9,0,1000,48,0.03508771929824561,0.1754385964912282,23.0882522609075,10.4803675354524,4,741
correlated,6.0,40,0.7,0.9,0,1000,78,0.03441295546558704,0.15485829959514175,31.35791679661348,18.519341032926555,4,741
correlated,6.0,40,0.7,0.9,0,1000,127,0.03002699055330634,0.1217105263157896,40.16166262923183,20.16210342395085,4,741
correlated,6.0,40,0.7,0.9,0,1000,207,0.027665317139001347,0.06916329284750344,59.77547816835194,29.84074531576448,4,741
correlated,6.0,40,0.7,0.9,0,1000,336,0.02699055330634278,0.12145748987854245,73.57318935834587,29.992898967773197,4,741
correlated,6.0,40,0.7,0.9,0,1000,546,0.019230769230769232,0.0758265856950067,102.89352090800938,58.73166075304646,4,741
correlated,6.0,40,0.7,0.9,0,1000,886,0.02564102564102564,0.10323886639676115,126.30951440964745,76.81670521698773,4,741
correlated,6.0,40,0.7,0.9,0,1000,1438,0.023616734143049933,0.12719298245614033,200.0199134162276,143.43182877245073,4,741
correlated,6.0,40,0.7,0.9,0,1000,2336,0.01720647773279352,0.07312753036437249,205.2078010575946,159.41281004200533,4,741
correlated,6.0,40,0.7,0.9,0,1000,3793,0.017543859649122806,0.042510121457489884,233.905578335796,194.84853623766134,4,741
correlated,6.0,40,0.7,0.9,0,1000,6158,0.015856950067476384,0.07785087719298248,282.01278776167214,260.324968982986,4,741
correlated,6.0,40,0.7,0.9,0,1000,10000,0.014507422402159246,0.012398785425101184,305.5344971389512,267.14472044512667,4,741
correlated,6.0,40,0.7,0.9,0,10000,1,0.09581646423751687,0.16869095816464355,0.23646931383769615,0.09592878814154246,4,741
correlated,6.0,40,0.7,0.9,0,10000,2,0.0904183535762483,0.1585695006747657,0.5313279794122824,0.2572102074529739,4,741
correlated,6.0,40,0.7,0.9,0,10000,3,0.09143049932523616,0.13453103913630254,0.7383581959460607,0.33097005134991214,4,741
correlated,6.0,40,0.7,0.9,0,10000,4,0.08738191632928476,0.10551619433198281,0.8004731838631196,0.24877057743079684,4,741
correlated,6.0,40,0.7,0.9,0,10000,7,0.08535762483130904,0.09606950067476445,1.5250841939837734,0.3865005521917895,4,741
correlated,6.0,40,0.7,0.9,0,10000,11,0.08198380566801619,0.11563765182186325,2.22497387170316,0.591412624989967,4,741
correlated,6.0,40,0.7,0.9,0,10000,18,0.07860998650472334,0.09202091767881318,2.6775382150982443,0.5824790291196376,4,741
correlated,6.0,40,0.7,0.9,0,10000,30,0.07928475033738192,0.16219635627530454,4.247381493776422,1.4598966731553147,4,741
correlated,6.0,40,0.7,0.9,0,10000,48,0.07186234817813766,0.08729757085020111,5.59063335265618,1.8680986314691617,4,741
correlated,6.0,40,0.7,0.9,0,10000,78,0.07017543859649122,0.1504723346828612,9.663046656306069,5.383235089401429,4,741
correlated,6.0,40,0.7,0.9,0,10000,127,0.07118758434547909,0.15005060728744876,9.700355846183037,4.962616154696916,4,741
correlated,6.0,40,0.7,0.9,0,10000,207,0.06309041835357625,0.05625843454790864,10.909233973589444,5.1079325802617905,4,741
correlated,6.0,40,0.7,0.9,0,10000,336,0.05634278002699055,0.03534075573549275,14.768305254172036,4.540666300708979,4,741
correlated,6.0,40,0.7,0.9,0,10000,546,0.05398110661268556,0.07759784075573535,25.67285293358061,7.4530302347284785,4,741
correlated,6.0,40,0.7,0.9,0,10000,886,0.050944669365722006,0.10416666666666605,25.729946582791296,14.616911740777047,4,741
correlated,6.0,40,0.7,0.9,0,10000,1438,0.04892037786774629,0.07987516869095806,30.727204719109803,21.215031193874694,4,741
correlated,6.0,40,0.7,0.9,0,10000,2336,0.03778677462887989,0.047233468286100144,41.9519943097201,32.39347513164588,4,741
correlated,6.0,40,0.7,0.9,0,10000,3793,0.03441295546558704,0.03407557354925785,43.48067156573968,18.022560472258885,4,741
correlated,6.0,40,0.7,0.9,0,10000,6158,0.03205128205128205,0.020495951417004256,43.278292832006755,19.784191306063885,4,741
correlated,6.0,40,0.7,0.9,0,10000,10000,0.030364372469635626,0.023279352226720798,53.3805460515853,38.12040756322837,4,741
correlated,6.0,40,0.7,0.9,1,0,1,0.009446693657219972,0.008097165991902853,3.6230928771843134,0.7340812681290478,4,741
correlated,6.0,40,0.7,0.9,1,0,2,0.008771929824561403,0.006410256410256418,6.825575828134133,0.32142239004455464,4,741
correlated,6.0,40,0.7,0.9,1,0,3,0.007422402159244263,0.006410256410256422,13.176015282939671,3.58318455665771,4,741
correlated,6.0,40,0.7,0.9,1,0,4,0.0067476383265856945,0.006747638326585701,19.611143919173497,5.441393127756424,4,741
correlated,6.0,40,0.7,0.9,1,0,7,0.006072874493927126,0.003036437246963567,36.34468567011172,6.308780035554367,4,741
correlated,6.0,40,0.7,0.9,1,0,11,0.005398110661268557,0.0020242914979757033,67.97067000974396,15.331662759080924,4,741
correlated,6.0,40,0.7,0.9,1,0,18,0.005735492577597841,0.002952091767881239,135.87204522121942,22.077446042014284,4,741
correlated,6.0,40,0.7,0.9,1,0,30,0.004723346828609987,0.004385964912280699,271.47918339242494,44.775515250864885,4,741
correlated,6.0,40,0.7,0.9,1,0,48,0.0030364372469635632,0.004976383265856949,508.39637218320485,104.03621431759865,4,741
correlated,6.0,40,0.7,0.9,1,0,78,0.004048582995951417,0.008097165991902838,764.3805031126648,136.28553653978588,4,741
correlated,6.0,40,0.7,0.9,1,0,127,0.0037112010796221326,0.005651147098515519,1012.8542002544532,144.5659054665622,4,741
correlated,6.0,40,0.7,0.9,1,0,207,0.004048582995951417,0.004723346828609988,1214.2787793721118,213.00248787989952,4,741
correlated,6.0,40,0.7,0.9,1,0,336,0.0033738191632928477,0.005735492577597843,1386.6272574487434,228.47594501520712,4,741
correlated,6.0,40,0.7,0.9,1,0,546,0.002699055330634278,0.004723346828609988,1682.4903636134645,285.8301166544965,4,741
correlated,6.0,40,0.7,0.9,1,0,886,0.0020242914979757085,0.0016869095816464238,1804.0709528307398,340.31948195908586,4,741
correlated,6.0,40,0.7,0.9,1,0,1438,0.0020242914979757085,0.0016869095816464238,1925.6014122602414,325.35865160401505,4,741
correlated,6.0,40,0.7,0.9,1,0,2336,0.003036437246963563,0.0029520917678812412,2149.9262724912455,442.22321380017627,4,741
correlated,6.0,40,0.7,0.9,1,0,3793,0.0020242914979757085,0.003036437246963563,2266.896736024427,515.1764971071219,4,741
correlated,6.0,40,0.7,0.9,1,0,6158,0.0033738191632928472,0.0030364372469635645,2363.1024390399634,527.339135287454,4,741
correlated,6.0,40,0.7,0.9,1,0,10000,0.002361673414304993,0.0016025641025641045,2397.1905803025033,560.8634947793829,4,741
correlated,6.0,40,0.7,0.9,1,100,1,0.037112010796221326,0.11504723346828578,1.3138692014201498,0.30166408862029326,4,741
correlated,6.0,40,0.7,0.9,1,100,2,0.03643724696356275,0.08704453441295548,2.4060450042726242,0.5991649764365541,4,741
correlated,6.0,40,0.7,0.9,1,100,3,0.03407557354925776,0.09606950067476365,4.504725980100561,2.0114760010237305,4,741
correlated,6.0,40,0.7,0.9,1,100,4,0.031376518218623486,0.06840418353576215,6.255058578007965,2.7102915358512685,4,741
correlated,6.0,40,0.7,0.9,1,100,7,0.029352226720647776,0.0859480431848853,11.713813950243981,5.419616391711087,4,741
correlated,6.0,40,0.7,0.9,1,100,11,0.027665317139001347,0.08670715249662621,15.503106224726574,7.859594562286181,4,741
correlated,6.0,40,0.7,0.9,1,100,18,0.026990553306342778,0.09379217273954125,25.27893481610356,13.590424857974671,4,741
correlated,6.0,40,0.7,0.9,1,100,30,0.027327935222672066,0.10821524966261804,38.048113928259426,13.773778703771915,4,741
correlated,6.0,40,0.7,0.9,1,100,48,0.026990553306342778,0.07152496626180845,52.437646926048664,19.737472111148577,4,741
correlated,6.0,40,0.7,0.9,1,100,78,0.02530364372469636,0.07245276653171383,75.51843098345009,26.25502776893142,4,741
correlated,6.0,40,0.7,0.9,1,100,127,0.022604588394062076,0.06368083670715256,98.64019779748465,37.86157569671232,4,741
correlated,6.0,40,0.7,0.9,1,100,207,0.023279352226720645,0.09067139001349536,147.23961113110124,69.82947625256743,4,741
correlated,6.0,40,0.7,0.9,1,100,336,0.022267206477732795,0.03677462887989196,242.28071474126767,98.2162134603459,4,741
correlated,6.0,40,0.7,0.9,1,100,546,0.016531713900134953,0.006325910931174109,341.1696496833542,161.9031722188008,4,741
correlated,6.0,40,0.7,0.9,1,100,886,0.01855600539811066,0.015097840755735567,394.83060760327936,147.69927340654633,4,741
correlated,6.0,40,0.7,0.9,1,100,1438,0.014844804318488529,0.02226720647773284,475.05141439979207,201.8837701110974,4,741
correlated,6.0,40,0.7,0.9,1,100,2336,0.014844804318488529,0.024966261808367102,580.949858419996,177.86761437680804,4,741
correlated,6.0,40,0.7,0.9,1,100,3793,0.012820512820512822,0.009784075573549237,649.7859186129608,276.6689950711077,4,741
correlated,6.0,40,0.7,0.9,1,100,6158,0.012483130904183536,0.01982118758434549,711.611179827618,260.5566811371985,4,741
correlated,6.0,40,0.7,0.9,1,100,10000,0.011808367071524967,0.015772604588394072,735.1589197102822,281.33944824027816,4,741
correlated,6.0,40,0.7,0.9,1,1000,1,0.09615384615384615,0.3747469635627539,0.36312869647658325,0.24469318892034286,4,741
correlated,6.0,40,0.7,0.9,1,1000,2,0.09581646423751687,0.3819163292847505,1.095842383790332,1.1287000608967221,4,741
correlated,6.0,40,0.7,0.9,1,1000,3,0.09480431848852902,0.3484311740890684,1.8559161007654457,1.295493567976649,4,741
correlated,6.0,40,0.7,0.9,1,1000,4,0.09311740890688258,0.3535762483130909,2.5027700458827344,1.8006828790350071,4,741
correlated,6.0,40,0.7,0.9,1,1000,7,0.0887314439946019,0.36597503373819246,2.831472035638952,1.5742367132535333,4,741
correlated,6.0,40,0.7,0.9,1,1000,11,0.08502024291497975,0.26518218623481854,3.8138813821439705,2.023937408812442,4,741
correlated,6.0,40,0.7,0.9,1,1000,18,0.08333333333333334,0.24519230769230665,6.964933937709264,5.284295425847824,4,741
correlated,6.0,40,0.7,0.9,1,1000,30,0.08265856950067477,0.32616396761133604,11.474046252292222,7.115006754525847,4,741
correlated,6.0,40,0.7,0.9,1,1000,48,0.07894736842105263,0.3437921727395412,17.478357121613584,11.861896541796403,4,741
correlated,6.0,40,0.7,0.9,1,1000,78,0.07692307692307693,0.20175438596491135,26.58047570212771,18.54896368270013,4,741
correlated,6.0,40,0.7,0.9,1,1000,127,0.07017543859649122,0.27327935222672045,28.670796378879704,18.59398954579688,4,741
correlated,6.0,40,0.7,0.9,1,1000,207,0.06747638326585695,0.16599190283400808,30.34695604839351,17.057803659256443,4,741
correlated,6.0,40,0.7,0.9,1,1000,336,0.06747638326585695,0.2746288798920375,42.09258755331761,26.804706394910866,4,741
correlated,6.0,40,0.7,0.9,1,1000,546,0.06072874493927125,0.2267206477732798,75.70500626489952,65.81368072486289,4,741
correlated,6.0,40,0.7,0.9,1,1000,886,0.05836707152496626,0.11833670715249743,88.43162080991893,81.51217971850858,4,741
correlated,6.0,40,0.7,0.9,1,1000,1438,0.05802968960863698,0.17476383265856887,118.25590250185836,78.62597290716656,4,741
correlated,6.0,40,0.7,0.9,1,1000,2336,0.05701754385964912,0.2235998650472335,167.49888584737513,115.44060685675741,4,741
correlated,6.0,40,0.7,0.9,1,1000,3793,0.05263157894736842,0.10931174089068862,254.9065266958504,188.57057249292416,4,741
correlated,6.0,40,0.7,0.9,1,1000,6158,0.04824561403508772,0.0899966261808369,281.34305904412156,216.68387401465242,4,741
correlated,6.0,40,0.7,0.9,1,1000,10000,0.043184885290148446,0.036437246963562604,294.77615993205,235.8148763458587,4,741
correlated,6.0,40,0.7,0.9,1,10000,1,0.13900134952766532,0.14372469635627447,0.10547981398414587,0.0392033066947326,4,741
correlated,6.0,40,0.7,0.9,1,10000,2,0.13562753036437245,0.1730769230769249,0.2282215141864042,0.09255894859309129,4,741
correlated,6.0,40,0.7,0.9,1,10000,3,0.13360323886639677,0.16869095816464227,0.31097337932651464,0.1656075032627777,4,741
correlated,6.0,40,0.7,0.9,1,10000,4,0.13225371120107962,0.14170040485829785,0.3994371577699739,0.12370764076710894,4,741
correlated,6.0,40,0.7,0.9,1,10000,7,0.1325910931174089,0.16691970310391147,0.5004348600445767,0.15014310100065242,4,741
correlated,6.0,40,0.7,0.9,1,10000,11,0.12955465587044535,0.14102564102564158,0.6964442835499919,0.2764326360628311,4,741
correlated,6.0,40,0.7,0.9,1,10000,18,0.12753036437246965,0.14338731443994504,1.2660948147578237,0.5870859278433528,4,741
correlated,6.0,40,0.7,0.9,1,10000,30,0.12449392712550607,0.17501686909581657,2.2776585329638603,1.0696536323855992,4,741
correlated,6.0,40,0.7,0.9,1,10000,48,0.12246963562753035,0.15072537112010892,2.475015549060703,0.9153544097894925,4,741
correlated,6.0,40,0.7,0.9,1,10000,78,0.12044534412955465,0.1588225371120102,2.9426037839964154,1.567740057721322,4,741
correlated,6.0,40,0.7,0.9,1,10000,127,0.11369770580296895,0.0272435897435902,3.3948788555994027,1.8252696955753331,4,741
correlated,6.0,40,0.7,0.9,1,10000,207,0.1126855600539811,0.1676788124156527,4.195431218635559,1.4315861469483082,4,741
correlated,6.0,40,0.7,0.9,1,10000,336,0.10863697705802969,0.18184885290148375,6.101853766224428,1.9868881285986928,4,741
correlated,6.0,40,0.7,0.9,1,10000,546,0.10728744939271255,0.1386639676113368,5.726730809407304,1.3013524346595853,4,741
correlated,6.0,40,0.7,0.9,1,10000,886,0.10391363022941971,0.23144399460188736,8.08594683750707,1.5031104062975946,4,741
correlated,6.0,40,0.7,0.9,1,10000,1438,0.10357624831309042,0.27353238866396623,6.832198686584842,0.9407810963473207,4,741
correlated,6.0,40,0.7,0.9,1,10000,2336,0.09176788124156544,0.2921727395411623,9.067209518557808,3.1972706166930482,4,741
correlated,6.0,40,0.7,0.9,1,10000,3793,0.08670715249662618,0.24451754385964905,9.822515024540474,0.7695411352799661,4,741
correlated,6.0,40,0.7,0.9,1,10000,6158,0.08974358974358974,0.3917004048583002,8.910203850782327,2.0035955356978503,4,741
correlated,6.0,40,0.7,0.9,1,10000,10000,0.08265856950067477,0.15409919028340005,13.977321521973371,3.222777048919511,4,741
correlated,6.0,40,0.7,0.9,2,0,1,0.00573549257759784,0.0043016194331983865,4.195042534807085,1.2555152657140505,4,741
correlated,6.0,40,0.7,0.9,2,0,2,0.005398110661268556,0.002699055330634279,8.613389992896746,1.5623550411373228,4,741
correlated,6.0,40,0.7,0.9,2,0,3,0.004723346828609986,0.004385964912280707,19.27732851271419,10.548877201387686,4,741
correlated,6.0,40,0.7,0.9,2,0,4,0.004723346828609986,0.0016869095816464275,23.372750788405632,12.049529849266886,4,741
correlated,6.0,40,0.7,0.9,2,0,7,0.004048582995951417,0.0006747638326585685,40.46153434249838,16.430900373920664,4,741
correlated,6.0,40,0.7,0.9,2,0,11,0.0043859649122807015,0.0009278002699055334,85.69949277189136,30.752656881672706,4,741
correlated,6.0,40,0.7,0.9,2,0,18,0.0033738191632928472,0.001012145748987854,147.56322898934806,44.62793062522995,4,741
correlated,6.0,40,0.7,0.9,2,0,30,0.0016869095816464236,0.00025303643724696416,338.9765970286787,113.75899930891627,4,741
correlated,6.0,40,0.7,0.9,2,0,48,0.0020242914979757085,0.0003373819163292849,623.4641923830125,264.5697886403416,4,741
correlated,6.0,40,0.7,0.9,2,0,78,0.001349527665317139,0.002024291497975709,960.4782125435435,374.1354882161239,4,741
correlated,6.0,40,0.7,0.9,2,0,127,0.0016869095816464236,0.0016025641025641032,1389.8074557843825,591.0519607260659,4,741
correlated,6.0,40,0.7,0.9,2,0,207,0.0016869095816464236,0.0016025641025641032,1743.0958191806417,787.0102268503264,4,741
correlated,6.0,40,0.7,0.9,2,0,336,0.0026990553306342783,0.004723346828609985,1924.500526330145,954.6235239306573,4,741
correlated,6.0,40,0.7,0.9,2,0,546,0.0020242914979757085,0.0016869095816464238,2169.1761962743167,920.405954543184,4,741
correlated,6.0,40,0.7,0.9,2,0,886,0.0016869095816464236,0.0009278002699055334,2318.9937619624525,938.0863392164091,4,741
correlated,6.0,40,0.7,0.9,2,0,1438,0.0023616734143049934,0.002277327935222671,2503.4460111250028,851.2090253358325,4,741
correlated,6.0,40,0.7,0.9,2,0,2336,0.0020242914979757085,0.001012145748987854,2714.6327983290175,825.6082892432632,4,741
correlated,6.0,40,0.7,0.9,2,0,3793,0.0023616734143049934,0.002952091767881241,3024.381519908332,1099.9183153624447,4,741
correlated,6.0,40,0.7,0.9,2,0,6158,0.0020242914979757085,0.0030364372469635615,3235.966216157566,1355.5636615805297,4,741
correlated,6.0,40,0.7,0.9,2,0,10000,0.0023616734143049934,0.002952091767881241,3259.727138901947,1352.539634648194,4,741
correlated,6.0,40,0.7,0.9,2,100,1,0.0354251012145749,0.04951079622132254,1.9345198063080842,0.7354903440786417,4,741
correlated,6.0,40,0.7,0.9,2,100,2,0.03441295546558704,0.04892037786774635,4.011641435387647,1.4574348073642385,4,741
correlated,6.0,40,0.7,0.9,2,100,3,0.033063427800269905,0.03340080971659915,5.2068381817358045,2.2738920752034626,4,741
correlated,6.0,40,0.7,0.9,2,100,4,0.032051282051282055,0.030617408906882446,6.338010454291702,2.7158009231091316,4,741
correlated,6.0,40,0.7,0.9,2,100,7,0.029689608636977057,0.03441295546558721,11.602577716612974,3.8648022244442464,4,741
correlated,6.0,40,0.7,0.9,2,100,11,0.029352226720647773,0.02859311740890689,18.428175524254023,7.685840440321746,4,741
correlated,6.0,40,0.7,0.9,2,100,18,0.029352226720647773,0.017122132253711127,29.5450184424421,14.126002729149109,4,741
correlated,6.0,40,0.7,0.9,2,100,30,0.029014844804318488,0.0360998650472335,55.60738301702397,23.259080829109262,4,741
correlated,6.0,40,0.7,0.9,2,100,48,0.024628879892037787,0.02994264507422406,87.17135837565377,34.24055966392225,4,741
correlated,6.0,40,0.7,0.9,2,100,78,0.024291497975708502,0.08974358974358974,140.2380634736394,58.93648130710918,4,741
correlated,6.0,40,0.7,0.9,2,100,127,0.02327935222672065,0.07380229419703108,165.67037137988584,79.40836559591557,4,741
correlated,6.0,40,0.7,0.9,2,100,207,0.024291497975708502,0.03711201079622131,217.50582691783617,81.26053991585177,4,741
correlated,6.0,40,0.7,0.9,2,100,336,0.021929824561403508,0.03803981106612693,298.5087502909709,134.38243735907002,4,741
correlated,6.0,40,0.7,0.9,2,100,546,0.018893387314439944,0.02901484480431856,410.3453676508436,158.7396504032419,4,741
correlated,6.0,40,0.7,0.9,2,100,886,0.020242914979757085,0.006072874493927154,478.34310533878204,192.89263519414072,4,741
correlated,6.0,40,0.7,0.9,2,100,1438,0.019230769230769232,0.0029520917678812187,615.3927850637328,345.72076726213055,4,741
correlated,6.0,40,0.7,0.9,2,100,2336,0.019230769230769232,0.0009278002699055408,815.0885074166029,684.4111654638566,4,741
correlated,6.0,40,0.7,0.9,2,100,3793,0.018218623481781375,0.006410256410256467,1075.3079275546281,1198.0620968448686,4,741
correlated,6.0,40,0.7,0.9,2,100,6158,0.01720647773279352,0.0076754385964912415,1257.2768769282739,1504.4074723689173,4,741
correlated,6.0,40,0.7,0.9,2,100,10000,0.016531713900134953,0.01982118758434551,1266.5013823336787,1511.359764263816,4,741
correlated,6.0,40,0.7,0.9,2,1000,1,0.1221322537112011,0.7135627530364347,0.5607684229453281,1.073673178084221,4,741
correlated,6.0,40,0.7,0.9,2,1000,2,0.11977058029689609,0.7910762483130899,1.2804375829693881,2.43341340528033,4,741
correlated,6.0,40,0.7,0.9,2,1000,3,0.11943319838056679,0.7459514170040513,1.5532841124581773,2.852965228569427,4,741
correlated,6.0,40,0.7,0.9,2,1000,4,0.11808367071524965,0.823549257759785,2.7591241084444125,5.144493424454199,4,741
correlated,6.0,40,0.7,0.9,2,1000,7,0.11470985155195682,0.9237516869095805,2.335583838685283,4.019231172329626,4,741
correlated,6.0,40,0.7,0.9,2,1000,11,0.11369770580296897,0.9739372469635607,5.206236191186064,9.17692009324818,4,741
correlated,6.0,40,0.7,0.9,2,1000,18,0.10931174089068826,0.7226720647773268,5.188851874076979,8.56619495030944,4,741
correlated,6.0,40,0.7,0.9,2,1000,30,0.10863697705802969,0.8195006747638306,6.7136281329619,11.475496544908744,4,741
correlated,6.0,40,0.7,0.9,2,1000,48,0.10492577597840755,0.716852226720648,7.415032870925232,12.301021260775977,4,741
correlated,6.0,40,0.7,0.9,2,1000,78,0.10290148448043185,0.6271086369770571,12.908843191479319,22.497871089528232,4,741
correlated,6.0,40,0.7,0.9,2,1000,127,0.0975033738191633,0.7701585695006741,24.721075197664106,44.256207400428686,4,741
correlated,6.0,40,0.7,0.9,2,1000,207,0.09682860998650472,0.6783906882591105,31.686398975693447,58.37207408510476,4,741
correlated,6.0,40,0.7,0.9,2,1000,336,0.09412955465587045,0.6783906882591092,44.677869198314625,83.80595957778299,4,741
correlated,6.0,40,0.7,0.9,2,1000,546,0.08738191632928474,0.5474865047233475,62.629384663671225,113.91040525064214,4,741
correlated,6.0,40,0.7,0.9,2,1000,886,0.08603238866396762,0.6763663967611333,132.04467691406177,249.1297496268496,4,741
correlated,6.0,40,0.7,0.9,2,1000,1438,0.08299595141700405,0.6778002699055327,231.17028712508392,445.0437039586431,4,741
correlated,6.0,40,0.7,0.9,2,1000,2336,0.07692307692307691,0.5580296896086384,349.58299065897523,677.3007806027072,4,741
correlated,6.0,40,0.7,0.9,2,1000,3793,0.06815114709851552,0.4888663967611334,458.22260380369187,887.9538550874479,4,741
correlated,6.0,40,0.7,0.9,2,1000,6158,0.06174089068825911,0.31064439946018946,551.3544783844192,1067.4780940099556,4,741
correlated,6.0,40,0.7,0.9,2,1000,10000,0.056680161943319846,0.2098515519568142,562.9453657545236,1082.0924847095353,4,741
correlated,6.0,40,0.7,0.9,2,10000,1,0.17071524966261808,0.0084345479082307,0.04351763732165677,0.03356701284180773,4,741
correlated,6.0,40,0.7,0.9,2,10000,2,0.17071524966261808,0.013832658569499067,0.08216226032680382,0.0575664099003851,4,741
correlated,6.0,40,0.7,0.9,2,10000,3,0.1700404858299595,0.010796221322536735,0.11295216642907024,0.047876898014989885,4,741
correlated,6.0,40,0.7,0.9,2,10000,4,0.1683535762483131,0.018471659919024924,0.1399907944016383,0.08430724836920064,4,741
correlated,6.0,40,0.7,0.9,2,10000,7,0.16902834008097167,0.010374493927121087,0.1401160888547555,0.03632535054262744,4,741
correlated,6.0,40,0.7,0.9,2,10000,11,0.1683535762483131,0.013073549257756556,0.15406830747201927,0.017335759659295978,4,741
correlated,6.0,40,0.7,0.9,2,10000,18,0.16464237516869096,0.015519568151148806,0.23685536591935374,0.07097982752266238,4,741
correlated,6.0,40,0.7,0.9,2,10000,30,0.16261808367071523,0.016531713900139678,0.4567652303026729,0.20625629207548113,4,741
correlated,6.0,40,0.7,0.9,2,10000,48,0.15958164642375167,0.004976383265860432,0.7803870246761352,0.2551534500741193,4,741
correlated,6.0,40,0.7,0.9,2,10000,78,0.15688259109311742,0.030617408906879393,0.9168264471490576,0.19683167119260708,4,741
correlated,6.0,40,0.7,0.9,2,10000,127,0.15215924426450742,0.025219298245613597,1.2736558948305388,0.5095014697061033,4,741
correlated,6.0,40,0.7,0.9,2,10000,207,0.15114709851551958,0.018218623481779134,1.4321310074481852,0.27272244594389716,4,741
correlated,6.0,40,0.7,0.9,2,10000,336,0.1484480431848853,0.002024291497974031,1.6684492971197842,0.08671547064844955,4,741
correlated,6.0,40,0.7,0.9,2,10000,546,0.1460863697705803,0.0063259109311755955,1.8733686167312056,0.8170774687696671,4,741
correlated,6.0,40,0.7,0.9,2,10000,886,0.1454116059379217,0.005651147098516728,2.315661297581209,0.7767929290772148,4,741
correlated,6.0,40,0.7,0.9,2,10000,1438,0.1390013495276653,0.0006747638326614382,3.241249625710643,0.5344057895337435,4,741
correlated,6.0,40,0.7,0.9,2,10000,2336,0.14102564102564102,0.03340080971659594,2.9775230236991086,0.4044567576079844,4,741
correlated,6.0,40,0.7,0.9,2,10000,3793,0.1282051282051282,0.03913630229420145,3.8738676882873415,0.8934480148959868,4,741
correlated,6.0,40,0.7,0.9,2,10000,6158,0.12516869095816463,0.05018556005398141,4.796369049876031,0.9179865978718151,4,741
correlated,6.0,40,0.7,0.9,2,10000,10000,0.12280701754385964,0.018218623481782992,5.2400370305300275,0.33636382408759313,4,741
correlated,6.0,40,0.7,0.9,3,0,1,0.005735492577597841,0.002952091767881239,5.121400488128033,2.1390722364041728,4,741
correlated,6.0,40,0.7,0.9,3,0,2,0.004723346828609986,0.0016869095816464301,11.653263827844878,3.7201677124055825,4,741
correlated,6.0,40,0.7,0.9,3,0,3,0.004048582995951417,0.0020242914979757107,19.754248267564723,3.5753557047233606,4,741
correlated,6.0,40,0.7,0.9,3,0,4,0.0033738191632928472,0.0016869095816464251,28.032983669786873,4.124440212903801,4,741
correlated,6.0,40,0.7,0.9,3,0,7,0.003036437246963563,0.0016025641025641019,52.91930823818686,14.82906544805849,4,741
correlated,6.0,40,0.7,0.9,3,0,11,0.0033738191632928477,0.003036437246963561,93.6406283910499,24.328551567731015,4,741
correlated,6.0,40,0.7,0.9,3,0,18,0.001349527665317139,0.002024291497975709,177.89704463890718,30.455322729353682,4,741
correlated,6.0,40,0.7,0.9,3,0,30,0.001349527665317139,0.0,384.7694925210053,71.12869792872786,4,741
correlated,6.0,40,0.7,0.9,3,0,48,0.0010121457489878543,0.0009278002699055331,636.5081062603915,151.7364625126432,4,741
correlated,6.0,40,0.7,0.9,3,0,78,0.0006747638326585695,0.00033738191632928474,946.3817280016428,271.0606002180168,4,741
correlated,6.0,40,0.7,0.9,3,0,127,0.00033738191632928474,0.00025303643724696357,1343.3382597833156,377.69405733935724,4,741
correlated,6.0,40,0.7,0.9,3,0,207,0.0,0.0,1718.9179995082418,608.1132043386727,4,741
correlated,6.0,40,0.7,0.9,3,0,336,0.00033738191632928474,0.00025303643724696357,1969.7107948709347,731.2933010744993,4,741
correlated,6.0,40,0.7,0.9,3,0,546,0.001349527665317139,0.0006747638326585698,2249.891637657324,895.76703076872,4,741
correlated,6.0,40,0.7,0.9,3,0,886,0.0010121457489878543,0.0022773279352226723,2446.177041533847,1043.501191848608,4,741
correlated,6.0,40,0.7,0.9,3,0,1438,0.00033738191632928474,0.00025303643724696357,2455.23318231471,1023.4924599023162,4,741
correlated,6.0,40,0.7,0.9,3,0,2336,0.0006747638326585695,0.0010121457489878543,2637.7981885121953,1066.7841578853972,4,741
correlated,6.0,40,0.7,0.9,3,0,3793,0.0006747638326585695,0.0010121457489878543,2657.3746409556347,1031.1941188183498,4,741
correlated,6.0,40,0.7,0.9,3,0,6158,0.0,0.0,2757.833960834346,1043.5969208651516,4,741
correlated,6.0,40,0.7,0.9,3,0,10000,0.001349527665317139,0.002024291497975709,2755.617894158706,1019.514272499197,4,741
correlated,6.0,40,0.7,0.9,3,100,1,0.02766531713900135,0.0900809716599191,1.7925828333147082,0.8372002141310243,4,741
correlated,6.0,40,0.7,0.9,3,100,2,0.026653171390013497,0.10551619433198386,4.141024311210847,1.8899265229717273,4,741
correlated,6.0,40,0.7,0.9,3,100,3,0.024628879892037783,0.11158906882591109,6.446024300723351,4.719273978802782,4,741
correlated,6.0,40,0.7,0.9,3,100,4,0.02462887989203779,0.0758265856950067,6.923348299409069,3.060186465979021,4,741
correlated,6.0,40,0.7,0.9,3,100,7,0.021929824561403508,0.08392375168690966,11.999538322084765,5.941038266604775,4,741
correlated,6.0,40,0.7,0.9,3,100,11,0.018556005398110663,0.06503036437246958,18.25943523123744,10.200251176934378,4,741
correlated,6.0,40,0.7,0.9,3,100,18,0.018556005398110663,0.05558367071524961,26.43000837630881,13.862559050442949,4,741
correlated,6.0,40,0.7,0.9,3,100,30,0.014844804318488529,0.022941970310391385,42.76024347917762,12.647919171246668,4,741
correlated,6.0,40,0.7,0.9,3,100,48,0.014507422402159244,0.025219298245614058,66.51235042916798,20.988828244764985,4,741
correlated,6.0,40,0.7,0.9,3,100,78,0.009784075573549258,0.018471659919028337,107.62885055471824,40.29745598491754,4,741
correlated,6.0,40,0.7,0.9,3,100,127,0.011133603238866398,0.01644736842105264,162.61390446865028,79.90099388149618,4,741
correlated,6.0,40,0.7,0.9,3,100,207,0.013157894736842106,0.03264170040485827,222.2207154771634,108.28260512495916,4,741
correlated,6.0,40,0.7,0.9,3,100,336,0.01147098515519568,0.011133603238866389,311.3024598130386,164.4139814371632,4,741
correlated,6.0,40,0.7,0.9,3,100,546,0.009784075573549258,0.004301619433198371,401.97370713948027,240.5734066063566,4,741
correlated,6.0,40,0.7,0.9,3,100,886,0.008771929824561403,0.001012145748987849,453.4773513279967,283.98758170513696,4,741
correlated,6.0,40,0.7,0.9,3,100,1438,0.00641025641025641,0.004976383265856957,518.2512983231686,285.2524687980651,4,741
correlated,6.0,40,0.7,0.9,3,100,2336,0.008097165991902834,0.000674763832658566,601.1401104352321,316.6735931491718,4,741
correlated,6.0,40,0.7,0.9,3,100,3793,0.007422402159244264,0.0016869095816464301,605.6393481374344,320.87750909131313,4,741
correlated,6.0,40,0.7,0.9,3,100,6158,0.00641025641025641,0.0009278002699055359,687.7727462940503,378.65387262619186,4,741
correlated,6.0,40,0.7,0.9,3,100,10000,0.006072874493927126,0.0016869095816464251,673.4609921872759,360.00018765500323,4,741
correlated,6.0,40,0.7,0.9,3,1000,1,0.08198380566801619,0.17704116059379318,0.30235574533065845,0.2504182210506478,4,741
correlated,6.0,40,0.7,0.9,3,1000,2,0.07995951417004049,0.15882253711200955,0.7860794839698065,0.683075603817621,4,741
correlated,6.0,40,0.7,0.9,3,1000,3,0.07860998650472335,0.20065789473684068,1.1075683805696384,0.7297228520531304,4,741
correlated,6.0,40,0.7,0.9,3,1000,4,0.07658569500674764,0.22359986504723317,1.4088238117821221,0.9691472612444135,4,741
correlated,6.0,40,0.7,0.9,3,1000,7,0.07253711201079621,0.20335695006747745,2.050840461242505,1.4020995255111692,4,741
correlated,6.0,40,0.7,0.9,3,1000,11,0.07017543859649122,0.2314439946018893,3.271388413845047,2.150139820238248,4,741
correlated,6.0,40,0.7,0.9,3,1000,18,0.06848852901484481,0.3524797570850203,4.671669614149764,3.691648774448494,4,741
correlated,6.0,40,0.7,0.9,3,1000,30,0.06106612685560053,0.22697368421052655,7.228352063893882,6.47726062337314,4,741
correlated,6.0,40,0.7,0.9,3,1000,48,0.058704453441295545,0.20951417004048542,9.701764700909761,8.169628742250309,4,741
correlated,6.0,40,0.7,0.9,3,1000,78,0.05229419703103913,0.1298076923076927,14.761116567810806,12.401205171109686,4,741
correlated,6.0,40,0.7,0.9,3,1000,127,0.05499325236167342,0.21077935222671984,29.809785604062156,36.08720427302456,4,741
correlated,6.0,40,0.7,0.9,3,1000,207,0.04757085020242915,0.1527496626180836,35.85694251348499,40.67486955198415,4,741
correlated,6.0,40,0.7,0.9,3,1000,336,0.043522267206477734,0.10754048582995926,38.99852834176183,42.67124725420796,4,741
correlated,6.0,40,0.7,0.9,3,1000,546,0.0441970310391363,0.17029352226720643,53.60261602779156,55.05403490487743,4,741
correlated,6.0,40,0.7,0.9,3,1000,886,0.04082321187584346,0.11563765182186213,61.86483528154072,56.277440268488434,4,741
correlated,6.0,40,0.7,0.9,3,1000,1438,0.037112010796221326,0.06106612685560017,68.55259004932715,57.27433797004747,4,741
correlated,6.0,40,0.7,0.9,3,1000,2336,0.03272604588394062,0.03129217273954131,82.7740301586946,46.883068290731764,4,741
correlated,6.0,40,0.7,0.9,3,1000,3793,0.031376518218623486,0.009024966261808012,91.27438444998215,77.95413078641798,4,741
correlated,6.0,40,0.7,0.9,3,1000,6158,0.028002699055330635,0.019146423751686924,98.13719864146292,82.70994397386937,4,741
correlated,6.0,40,0.7,0.9,3,1000,10000,0.02125506072874494,0.0029520917678812993,102.07467310859384,72.2151001139604,4,741
correlated,6.0,40,0.7,0.9,3,10000,1,0.11470985155195682,0.05195681511470965,0.13194252696835795,0.08319357768299085,4,741
correlated,6.0,40,0.7,0.9,3,10000,2,0.1126855600539811,0.05026990553306247,0.18771111053001316,0.10780731013842233,4,741
correlated,6.0,40,0.7,0.9,3,10000,3,0.10964912280701755,0.03129217273953955,0.4287831326134503,0.2149390860492133,4,741
correlated,6.0,40,0.7,0.9,3,10000,4,0.10762483130904184,0.034665991902833884,0.624365618469057,0.3071920951147361,4,741
correlated,6.0,40,0.7,0.9,3,10000,7,0.10357624831309041,0.06907894736842198,0.8177613852463466,0.35134879284601506,4,741
correlated,6.0,40,0.7,0.9,3,10000,11,0.09986504723346828,0.04655870445344128,1.1662539418793763,0.42903209939230424,4,741
correlated,6.0,40,0.7,0.9,3,10000,18,0.09817813765182186,0.03736504723346935,1.3427776715924633,0.42811064198317245,4,741
correlated,6.0,40,0.7,0.9,3,10000,30,0.09176788124156546,0.03306342780026907,2.1054375924334594,0.5917691577756741,4,741
correlated,6.0,40,0.7,0.9,3,10000,48,0.09210526315789473,0.011049257759785096,3.1996376145286742,0.42817337776537356,4,741
correlated,6.0,40,0.7,0.9,3,10000,78,0.0860323886639676,0.0016025641025648098,4.276327414687683,1.54001011992766,4,741
correlated,6.0,40,0.7,0.9,3,10000,127,0.07860998650472334,0.03534075573549339,6.734051030964548,1.13972538260858,4,741
correlated,6.0,40,0.7,0.9,3,10000,207,0.07321187584345479,0.011049257759785096,7.237167812835745,1.7584054993722884,4,741
correlated,6.0,40,0.7,0.9,3,10000,336,0.07253711201079621,0.021170715249663605,9.388014962508166,1.553575301636213,4,741
correlated,6.0,40,0.7,0.9,3,10000,546,0.0664642375168691,0.025219298245613597,10.703770699173806,2.057674574857606,4,741
correlated,6.0,40,0.7,0.9,3,10000,886,0.06039136302294197,0.00632591093117431,12.845720334606437,3.0188979175231045,4,741
correlated,6.0,40,0.7,0.9,3,10000,1438,0.05398110661268556,0.04116059379217259,19.224916754246347,13.125076190616635,4,741
correlated,6.0,40,0.7,0.9,3,10000,2336,0.052968960863697706,0.08594804318488498,17.384989266021353,7.914870501855269,4,741
correlated,6.0,40,0.7,0.9,3,10000,3793,0.048245614035087724,0.063680836707152,22.464483226633646,6.525371033932457,4,741
correlated,6.0,40,0.7,0.9,3,10000,6158,0.044534412955465584,0.05735492577597866,25.265021024005417,6.515024140479835,4,741
correlated,6.0,40,0.7,0.9,3,10000,10000,0.037112010796221326,0.039473684210526064,31.965940734717726,5.789177756729928,4,741
correlated,6.0,40,0.7,0.9,4,0,1,0.004048582995951417,0.0026990553306342766,4.662110398717571,1.4328909873142872,4,741
correlated,6.0,40,0.7,0.9,4,0,2,0.0037112010796221326,0.0029520917678812404,9.24740468129107,1.7279318882663204,4,741
correlated,6.0,40,0.7,0.9,4,0,3,0.0037112010796221326,0.0029520917678812404,15.94324992688528,3.4258905621238536,4,741
correlated,6.0,40,0.7,0.9,4,0,4,0.0037112010796221326,0.0029520917678812404,22.67586122554688,2.900943471809266,4,741
correlated,6.0,40,0.7,0.9,4,0,7,0.003036437246963563,0.0009278002699055334,46.15549850969741,5.451888597011676,4,741
correlated,6.0,40,0.7,0.9,4,0,11,0.0023616734143049934,0.0009278002699055327,87.69420648518059,5.201866379411575,4,741
correlated,6.0,40,0.7,0.9,4,0,18,0.003036437246963563,0.0022773279352226714,171.40295183537557,9.069082224405904,4,741
correlated,6.0,40,0.7,0.9,4,0,30,0.0023616734143049934,0.0009278002699055327,379.1680595619061,57.36049132638062,4,741
correlated,6.0,40,0.7,0.9,4,0,48,0.001349527665317139,0.001349527665317139,642.529275605935,55.73546113798372,4,741
correlated,6.0,40,0.7,0.9,4,0,78,0.0020242914979757085,0.0003373819163292849,1003.5023529308052,180.35649429461816,4,741
correlated,6.0,40,0.7,0.9,4,0,127,0.0016869095816464236,0.00025303643724696416,1413.9549686675891,180.98749409365004,4,741
correlated,6.0,40,0.7,0.9,4,0,207,0.0020242914979757085,0.0010121457489878547,1726.7905400549755,242.92807469600103,4,741
correlated,6.0,40,0.7,0.9,4,0,336,0.0016869095816464236,0.0009278002699055334,2117.436618016594,265.37895625719796,4,741
correlated,6.0,40,0.7,0.9,4,0,546,0.0016869095816464236,0.0009278002699055334,2405.448358237525,380.59648164106335,4,741
correlated,6.0,40,0.7,0.9,4,0,886,0.0020242914979757085,0.001012145748987854,2543.3002822539274,400.0110095097345,4,741
correlated,6.0,40,0.7,0.9,4,0,1438,0.0020242914979757085,0.0003373819163292849,2817.4130120365053,570.7384751125919,4,741
correlated,6.0,40,0.7,0.9,4,0,2336,0.0020242914979757085,0.0003373819163292849,2856.956183757256,572.7970675028805,4,741
correlated,6.0,40,0.7,0.9,4,0,3793,0.0023616734143049934,0.0002530364372469629,2941.25187299806,467.6579244337718,4,741
correlated,6.0,40,0.7,0.9,4,0,6158,0.0016869095816464236,0.00025303643724696416,3045.7630754386246,367.01597172450613,4,741
correlated,6.0,40,0.7,0.9,4,0,10000,0.0020242914979757085,0.001012145748987854,3076.5219962456686,313.3664798202104,4,741
correlated,6.0,40,0.7,0.9,4,100,1,0.038798920377867745,0.1756916329284748,1.9052819934310565,1.1957305022612332,4,741
correlated,6.0,40,0.7,0.9,4,100,2,0.038461538461538464,0.18117408906882554,3.933409877907887,1.6787366979213993,4,741
correlated,6.0,40,0.7,0.9,4,100,3,0.03879892037786775,0.203356950067476,5.018190110930947,1.7603603643925012,4,741
correlated,6.0,40,0.7,0.9,4,100,4,0.03643724696356276,0.15047233468286073,6.843606478189095,2.5480627624573384,4,741
correlated,6.0,40,0.7,0.9,4,100,7,0.03508771929824562,0.17071524966261775,9.584785983103579,2.800924354651053,4,741
correlated,6.0,40,0.7,0.9,4,100,11,0.033400809716599186,0.17029352226720676,14.484520821876352,4.566605546629115,4,741
correlated,6.0,40,0.7,0.9,4,100,18,0.03171390013495276,0.131241565452092,23.23471500847219,4.924579356395259,4,741
correlated,6.0,40,0.7,0.9,4,100,30,0.029352226720647776,0.15207489878542504,35.85000966386488,9.97099697962102,4,741
correlated,6.0,40,0.7,0.9,4,100,48,0.02631578947368421,0.11099865047233475,56.413436062909206,24.663875042462692,4,741
correlated,6.0,40,0.7,0.9,4,100,78,0.02766531713900135,0.12449392712550615,92.450181407264,27.308985157297272,4,741
correlated,6.0,40,0.7,0.9,4,100,127,0.026653171390013494,0.1217105263157896,147.38712250107324,41.780153336500334,4,741
correlated,6.0,40,0.7,0.9,4,100,207,0.027665317139001347,0.10087719298245623,205.8975677981785,61.72788444782551,4,741
correlated,6.0,40,0.7,0.9,4,100,336,0.02766531713900135,0.13663967611336023,327.22512487770024,178.87891802402157,4,741
correlated,6.0,40,0.7,0.9,4,100,546,0.02564102564102564,0.11066126855600547,399.82966762192234,168.7394405459549,4,741
correlated,6.0,40,0.7,0.9,4,100,886,0.024291497975708502,0.09784075573549253,479.54477365675996,126.55683991010105,4,741
correlated,6.0,40,0.7,0.9,4,100,1438,0.022267206477732795,0.07456140350877198,633.6028987388495,259.3948935469017,4,741
correlated,6.0,40,0.7,0.9,4,100,2336,0.02192982456140351,0.06368083670715237,677.8115002096436,264.19329228878837,4,741
correlated,6.0,40,0.7,0.9,4,100,3793,0.021592442645074227,0.06950067476383257,704.5950355939104,270.02219179052787,4,741
correlated,6.0,40,0.7,0.9,4,100,6158,0.021929824561403508,0.0724527665317139,782.1673045873545,266.3354817889398,4,741
correlated,6.0,40,0.7,0.9,4,100,10000,0.019568151147098513,0.05701754385964918,791.0080704798258,266.43661491197633,4,741
correlated,6.0,40,0.7,0.9,4,1000,1,0.13394062078272606,0.05963225371119783,0.28419213765027485,0.46365833369063486,4,741
correlated,6.0,40,0.7,0.9,4,1000,2,0.13191632928475033,0.07920040485829985,0.49099269204763946,0.38011348603980655,4,741
correlated,6.0,40,0.7,0.9,4,1000,3,0.13124156545209176,0.07582658569500808,0.5226331054702531,0.3736165072778413,4,741
correlated,6.0,40,0.7,0.9,4,1000,4,0.13022941970310392,0.09885290148448035,0.33481801186902527,0.22604102538023604,4,741
correlated,6.0,40,0.7,0.9,4,1000,7,0.13124156545209176,0.06772941970310424,0.8166790907571063,0.47616277467352713,4,741
correlated,6.0,40,0.7,0.9,4,1000,11,0.12651821862348178,0.05086032388664284,1.5572256735972818,0.8758512455143642,4,741
correlated,6.0,40,0.7,0.9,4,1000,18,0.1258434547908232,0.07110323886639601,3.034790223173322,1.7723517716220392,4,741
correlated,6.0,40,0.7,0.9,4,1000,30,0.1238191632928475,0.04883603238866367,4.247245650903418,2.3398220318927923,4,741
correlated,6.0,40,0.7,0.9,4,1000,48,0.12449392712550605,0.08122469635627773,4.9257645342726075,2.4699272528025493,4,741
correlated,6.0,40,0.7,0.9,4,1000,78,0.11572199730094468,0.08189946018893274,7.146469328734398,5.761452276936648,4,741
correlated,6.0,40,0.7,0.9,4,1000,127,0.11302294197031039,0.058282726045883956,10.663179159731094,8.216647501174968,4,741
correlated,6.0,40,0.7,0.9,4,1000,207,0.11774628879892038,0.11158906882591005,23.90010489079949,15.278154691337928,4,741
correlated,6.0,40,0.7,0.9,4,1000,336,0.10998650472334683,0.08400809716599299,38.9893052179186,24.918477921389552,4,741
correlated,6.0,40,0.7,0.9,4,1000,546,0.10627530364372469,0.08594804318488594,39.70954150301026,22.965065256426115,4,741
correlated,6.0,40,0.7,0.9,4,1000,886,0.09986504723346828,0.04925775978407546,49.811267189337414,30.081801585377008,4,741
correlated,6.0,40,0.7,0.9,4,1000,1438,0.10155195681511471,0.06300607287449474,56.526272319934016,33.26659678765483,4,741
correlated,6.0,40,0.7,0.9,4,1000,2336,0.09480431848852902,0.048161268556004805,70.05224638844128,47.91282349287307,4,741
correlated,6.0,40,0.7,0.9,4,1000,3793,0.09109311740890688,0.07118758434547837,93.6950605135126,89.6153992623344,4,741
correlated,6.0,40,0.7,0.9,4,1000,6158,0.08400809716599189,0.04748650472334786,104.83102248277872,102.97863008227517,4,741
correlated,6.0,40,0.7,0.9,4,1000,10000,0.07624831309041835,0.05836707152496631,115.3038269488689,118.46772651068667,4,741
correlated,6.0,40,0.7,0.9,4,10000,1,0.1676788124156545,0.014423076923084574,0.02215104812523333,0.011813502081514772,4,741
correlated,6.0,40,0.7,0.9,4,10000,2,0.1680161943319838,0.012483130904183903,0.028967499052415878,0.016219307649562816,4,741
correlated,6.0,40,0.7,0.9,4,10000,3,0.16767881241565452,0.010374493927126228,0.04498268120127524,0.028271950736702103,4,741
correlated,6.0,40,0.7,0.9,4,10000,4,0.16734143049932523,0.01214574898785704,0.060373175121676115,0.02986412914256007,4,741
correlated,6.0,40,0.7,0.9,4,10000,7,0.16666666666666666,0.017206477732795974,0.087893654215569,0.04411735740945314,4,741
correlated,6.0,40,0.7,0.9,4,10000,11,0.16632928475033737,0.015772604588397167,0.12729318721917224,0.04003857989219864,4,741
correlated,6.0,40,0.7,0.9,4,10000,18,0.1656545209176788,0.015772604588397167,0.18758366540708588,0.05112785967200514,4,741
correlated,6.0,40,0.7,0.9,4,10000,30,0.16396761133603238,0.012483130904186474,0.2019636910646197,0.10168969021701292,4,741
correlated,6.0,40,0.7,0.9,4,10000,48,0.1612685560053981,0.01113360323886874,0.33965040701953536,0.1490716428192113,4,741
correlated,6.0,40,0.7,0.9,4,10000,78,0.15789473684210525,0.011470985155195602,0.5107255709129745,0.10181095513667533,4,741
correlated,6.0,40,0.7,0.9,4,10000,127,0.15485829959514172,0.008350202429144485,0.8285852809312598,0.15709599538191454,4,741
correlated,6.0,40,0.7,0.9,4,10000,207,0.155195681511471,0.031713900134948764,0.9833121581447883,0.4277647613288937,4,741
correlated,6.0,40,0.7,0.9,4,10000,336,0.15148448043184887,0.015772604588389454,1.1074583924851524,0.2850037511292874,4,741
correlated,6.0,40,0.7,0.9,4,10000,546,0.14709851551956815,0.04116059379217548,1.3220140916750442,0.4025342483742408,4,741
correlated,6.0,40,0.7,0.9,4,10000,886,0.1417004048582996,0.018893387314440572,1.9829627767093276,0.37537343357544994,4,741
correlated,6.0,40,0.7,0.9,4,10000,1438,0.14102564102564102,0.09615384615384745,2.391002503800067,0.6076774062624594,4,741
correlated,6.0,40,0.7,0.9,4,10000,2336,0.1352901484480432,0.0717780026990523,2.559471940549671,0.8974375763345875,4,741
correlated,6.0,40,0.7,0.9,4,10000,3793,0.13157894736842105,0.05161943319838021,3.6529550670530746,1.3330587471040496,4,741
correlated,6.0,40,0.7,0.9,4,10000,6158,0.12348178137651823,0.07051282051281821,5.366185217536858,1.4716437832875227,4,741
correlated,6.0,40,0.7,0.9,4,10000,10000,0.11673414304993252,0.130566801619433,5.616637981194941,1.5038342974519032,4,741
