ensemble,epsilon,N,kappa,pi,disorder_idx,tw,lag,Q_mean,chi4,D4_mean,D4_std,n_traj,n_pairs
correlated,3.0,30,0.3,0.9,0,0,1,0.005336617405582922,0.0019841269841269853,6.339818586730423,2.868033307855342,6,406
correlated,3.0,30,0.3,0.9,0,0,2,0.004515599343185551,0.0019841269841269823,14.660489391330726,7.6940485167262995,6,406
correlated,3.0,30,0.3,0.9,0,0,3,0.004105090311986863,0.0013683634373289565,22.222292630069862,13.799905941832458,6,406
correlated,3.0,30,0.3,0.9,0,0,5,0.004105090311986863,0.0021893814997263296,44.90889713318183,13.49037596641679,6,406
correlated,3.0,30,0.3,0.9,0,0,7,0.003284072249589491,0.0021893814997263287,68.57778999878308,22.892406734709056,6,406
correlated,3.0,30,0.3,0.9,0,0,11,0.003284072249589491,0.0021893814997263287,126.25313584217115,38.59237845011584,6,406
correlated,3.0,30,0.3,0.9,0,0,16,0.0020525451559934315,0.0019841269841269845,213.3428728123007,53.835577792308186,6,406
correlated,3.0,30,0.3,0.9,0,0,25,0.0008210180623973727,0.0005473453749315821,417.3194122052117,143.18185002213613,6,406
correlated,3.0,30,0.3,0.9,0,0,37,0.0008210180623973727,0.0005473453749315821,678.1786646916174,222.22778577325127,6,406
correlated,3.0,30,0.3,0.9,0,0,55,0.0,0.0,1021.1411240337994,405.23262374791835,6,406
correlated,3.0,30,0.3,0.9,0,0,82,0.00041050903119868636,0.0003420908593322387,1441.4295917617485,547.8464449619102,6,406
correlated,3.0,30,0.3,0.9,0,0,122,0.0,0.0,2040.7945897326097,1005.7878706767965,6,406
correlated,3.0,30,0.3,0.9,0,0,182,0.0012315270935960591,0.0014367816091954023,2536.5884294767834,1311.0856227547047,6,406
correlated,3.0,30,0.3,0.9,0,0,272,0.0012315270935960591,0.0006157635467980298,3120.469805516883,1673.711552037959,6,406
correlated,3.0,30,0.3,0.9,0,0,406,0.0012315270935960591,0.0006157635467980298,3567.128894322619,1838.5693078450074,6,406
correlated,3.0,30,0.3,0.9,0,0,606,0.0016420361247947454,0.0013683634373289546,3869.2037064857304,2016.853346298792,6,406
correlated,3.0,30,0.3,0.9,0,0,905,0.0016420361247947454,0.0005473453749315822,4063.4386305594176,2010.6094981664871,6,406
correlated,3.0,30,0.3,0.9,0,0,1350,0.002052545155993432,0.0011631089217296112,4306.658980894673,2265.8367028568523,6,406
correlated,3.0,30,0.3,0.9,0,0,2015,0.0020525451559934315,0.001163108921729612,4449.882366768871,2233.604278743867,6,406
correlated,3.0,30,0.3,0.9,0,0,3008,0.0016420361247947454,0.0013683634373289552,4537.884815143109,2347.917950654986,6,406
correlated,3.0,30,0.3,0.9,0,0,4489,0.003284072249589491,0.0013683634373289556,4962.450849199274,2407.793434112691,6,406
correlated,3.0,30,0.3,0.9,0,0,6700,0.0016420361247947454,0.0013683634373289552,5199.448994406482,2442.4422870684293,6,406
correlated,3.0,30,0.3,0.9,0,0,10000,0.0016420361247947454,0.0005473453749315822,5258.678971322498,2443.8809473786423,6,406
correlated,3.0,30,0.3,0.9,0,100,1,0.02463054187192118,0.06486042692939249,2.8500773294048325,1.6227273358079444,6,406
correlated,3.0,30,0.3,0.9,0,100,2,0.023809523809523808,0.05473453749315826,5.0648576976229105,2.2029649756756595,6,406
correlated,3.0,30,0.3,0.9,0,100,3,0.023809523809523808,0.06048166392993985,7.817948017686077,3.1897776893077827,6,406
correlated,3.0,30,0.3,0.9,0,100,5,0.02463054187192118,0.06732348111658462,14.66152614545049,8.299400188946873,6,406
correlated,3.0,30,0.3,0.9,0,100,7,0.02257799671592775,0.05206622879036668,18.84071646986463,10.024691002672501,6,406
correlated,3.0,30,0.3,0.9,0,100,11,0.020935960591133007,0.04987684729064037,29.097890036296594,20.604887911622807,6,406
correlated,3.0,30,0.3,0.9,0,100,16,0.019704433497536946,0.04351395730706077,37.42508236474526,23.64577655708259,6,406
correlated,3.0,30,0.3,0.9,0,100,25,0.020114942528735632,0.05206622879036677,51.90433956441954,32.79625723222905,6,406
correlated,3.0,30,0.3,0.9,0,100,37,0.01724137931034483,0.040229885057471194,89.73526692996677,52.67192076935452,6,406
correlated,3.0,30,0.3,0.9,0,100,55,0.017241379310344827,0.037766830870279176,122.06569375907291,65.32251377275101,6,406
correlated,3.0,30,0.3,0.9,0,100,82,0.01477832512315271,0.016420361247947456,168.08543947222248,87.70357138680141,6,406
correlated,3.0,30,0.3,0.9,0,100,122,0.017241379310344827,0.029556650246305424,257.38522930298103,134.84162749316968,6,406
correlated,3.0,30,0.3,0.9,0,100,182,0.015599343185550082,0.01943076081007115,380.2363117306452,164.0578567314879,6,406
correlated,3.0,30,0.3,0.9,0,100,272,0.014367816091954025,0.013478379857690166,492.8944362566599,237.68327280067118,6,406
correlated,3.0,30,0.3,0.9,0,100,406,0.016420361247947452,0.016967706622879063,686.7752131904122,320.8300333351413,6,406
correlated,3.0,30,0.3,0.9,0,100,606,0.012725779967159278,0.014299397920087576,754.18339211717,365.9296453421659,6,406
correlated,3.0,30,0.3,0.9,0,100,905,0.011083743842364532,0.02688834154351396,895.5601187796533,413.7679065708784,6,406
correlated,3.0,30,0.3,0.9,0,100,1350,0.01231527093596059,0.02545155993431856,1012.5778906685314,487.95681504393883,6,406
correlated,3.0,30,0.3,0.9,0,100,2015,0.009852216748768473,0.019704433497536943,1087.7100900215696,465.40901290960016,6,406
correlated,3.0,30,0.3,0.9,0,100,3008,0.010673234811165846,0.011220580186097421,1138.3424408099083,574.5214944793331,6,406
correlated,3.0,30,0.3,0.9,0,100,4489,0.010673234811165846,0.016146688560481653,1382.7668272680633,543.1920006895014,6,406
correlated,3.0,30,0.3,0.9,0,100,6700,0.009031198686371101,0.01860974274767378,1504.7035321918586,610.4178081450531,6,406
correlated,3.0,30,0.3,0.9,0,100,10000,0.009852216748768473,0.009031198686371094,1537.4138580118085,608.1031660980136,6,406
correlated,3.0,30,0.3,0.9,0,1000,1,0.11001642036124794,0.15325670498084373,0.3899989723210217,0.3392006009109047,6,406
correlated,3.0,30,0.3,0.9,0,1000,2,0.10796387520525452,0.1473043240284617,1.0950230559093868,1.0326270739681265,6,406
correlated,3.0,30,0.3,0.9,0,1000,3,0.1050903119868637,0.1401204159824864,1.2168888936988023,0.851027478645068,6,406
correlated,3.0,30,0.3,0.9,0,1000,5,0.0993431855500821,0.12862616310892216,2.09258121919245,1.8029331068264167,6,406
correlated,3.0,30,0.3,0.9,0,1000,7,0.09770114942528736,0.13437328954570252,2.7773476322369373,2.4778866558554538,6,406
correlated,3.0,30,0.3,0.9,0,1000,11,0.09811165845648605,0.15058839627805137,4.234666814655603,3.487019777873594,6,406
correlated,3.0,30,0.3,0.9,0,1000,16,0.09441707717569787,0.1351943076081001,6.697320379222991,5.197990967203863,6,406
correlated,3.0,30,0.3,0.9,0,1000,25,0.09236453201970445,0.15332512315270885,8.543066774911464,6.568316296292694,6,406
correlated,3.0,30,0.3,0.9,0,1000,37,0.09195402298850575,0.14586754241926606,10.934333297641553,7.208815003455443,6,406
correlated,3.0,30,0.3,0.9,0,1000,55,0.08620689655172414,0.16830870279146165,16.464216677424925,11.6862502470841,6,406
correlated,3.0,30,0.3,0.9,0,1000,82,0.08333333333333333,0.1571565407772311,25.151006206136497,20.921825111397798,6,406
correlated,3.0,30,0.3,0.9,0,1000,122,0.08210180623973727,0.11302681992337169,34.22058668088931,27.31086839358205,6,406
correlated,3.0,30,0.3,0.9,0,1000,182,0.07635467980295566,0.1018062397372746,28.108650159291543,14.498051479710016,6,406
correlated,3.0,30,0.3,0.9,0,1000,272,0.069376026272578,0.09640120415982509,34.91514738862711,21.017297015496844,6,406
correlated,3.0,30,0.3,0.9,0,1000,406,0.06732348111658457,0.19348659003831403,52.54084958904857,35.61127485569356,6,406
correlated,3.0,30,0.3,0.9,0,1000,606,0.05788177339901477,0.16974548440065745,57.06282809811089,38.31904272720338,6,406
correlated,3.0,30,0.3,0.9,0,1000,905,0.060344827586206885,0.06711822660098561,104.39760426001398,131.82677292437396,6,406
correlated,3.0,30,0.3,0.9,0,1000,1350,0.05582922824302134,0.03667214012041592,133.42962437475683,157.72047751470768,6,406
correlated,3.0,30,0.3,0.9,0,1000,2015,0.052545155993431854,0.03174603174603209,169.4583985975083,193.79096961957063,6,406
correlated,3.0,30,0.3,0.9,0,1000,3008,0.05213464696223316,0.03400383141762496,217.50309551527957,213.27452319771737,6,406
correlated,3.0,30,0.3,0.9,0,1000,4489,0.04597701149425287,0.030103995621237074,302.99767642523994,321.9237373378288,6,406
correlated,3.0,30,0.3,0.9,0,1000,6700,0.040229885057471264,0.03995621237000551,324.5463454588717,326.55121943641393,6,406
correlated,3.0,30,0.3,0.9,0,1000,10000,0.041871921182266014,0.0164203612479471,360.93973150331726,355.8072957487327,6,406
correlated,3.0,30,0.3,0.9,0,10000,1,0.16133004926108374,0.2928981937602624,0.09359530407230125,0.08800762672146806,6,406
correlated,3.0,30,0.3,0.9,0,10000,2,0.16009852216748768,0.2775041050903118,0.26829971418547105,0.3521089030031474,6,406
correlated,3.0,30,0.3,0.9,0,10000,3,0.15886699507389163,0.33723316912972273,0.5757984698025561,1.046284190543189,6,406
correlated,3.0,30,0.3,0.9,0,10000,5,0.1568144499178982,0.28790366721401095,0.9187022206256402,1.7368365596317856,6,406
correlated,3.0,30,0.3,0.9,0,10000,7,0.15311986863711002,0.28605637657361827,1.5544753326110952,3.1218582351076507,6,406
correlated,3.0,30,0.3,0.9,0,10000,11,0.15270935960591134,0.3308702791461394,2.3030793814455452,4.500089046730347,6,406
correlated,3.0,30,0.3,0.9,0,10000,16,0.1477832512315271,0.2775041050903104,2.20402793345475,3.349067647066818,6,406
correlated,3.0,30,0.3,0.9,0,10000,25,0.14532019704433496,0.26929392446634004,3.2060780249010303,5.6979601500402355,6,406
correlated,3.0,30,0.3,0.9,0,10000,37,0.14244663382594416,0.31314997263273125,5.132462563931687,8.623691798253406,6,406
correlated,3.0,30,0.3,0.9,0,10000,55,0.1358784893267652,0.23597427476737826,6.908030024759266,13.124425247626984,6,406
correlated,3.0,30,0.3,0.9,0,10000,82,0.13218390804597702,0.22714833059660425,10.773995367798186,21.962120344274616,6,406
correlated,3.0,30,0.3,0.9,0,10000,122,0.13136288998357964,0.28790366721401234,8.982765787096232,15.338688567684402,6,406
correlated,3.0,30,0.3,0.9,0,10000,182,0.13054187192118227,0.26765188834154346,11.913251220677408,21.552913845965687,6,406
correlated,3.0,30,0.3,0.9,0,10000,272,0.11740558292282431,0.18691844553913536,14.855273429818924,24.371567540340603,6,406
correlated,3.0,30,0.3,0.9,0,10000,406,0.11371100164203612,0.3640530925013682,17.315275087010516,29.356662985185437,6,406
correlated,3.0,30,0.3,0.9,0,10000,606,0.10632183908045978,0.2023125342090852,22.758618310857216,42.69875920276451,6,406
correlated,3.0,30,0.3,0.9,0,10000,905,0.10632183908045978,0.29180350301039865,18.689426338806427,30.614755137481225,6,406
correlated,3.0,30,0.3,0.9,0,10000,1350,0.10016420361247948,0.19512862616310922,16.189452331462174,23.333656262947603,6,406
correlated,3.0,30,0.3,0.9,0,10000,2015,0.09688013136288998,0.0810071154898749,21.385981375063267,30.472605453031573,6,406
correlated,3.0,30,0.3,0.9,0,10000,3008,0.09236453201970442,0.13526272577996806,24.478201471096302,41.707713571691485,6,406
correlated,3.0,30,0.3,0.9,0,10000,4489,0.08784893267651887,0.0818281335522725,35.27116261175032,61.86362350408399,6,406
correlated,3.0,30,0.3,0.9,0,10000,6700,0.07348111658456487,0.06684455391351934,185.3293743329655,429.18853074985066,6,406
correlated,3.0,30,0.3,0.9,0,10000,10000,0.07471264367816093,0.029282977558839653,224.47008831182646,523.9951851352203,6,406
correlated,3.0,30,0.3,0.9,1,0,1,0.003284072249589491,0.001368363437328955,6.104021979121051,1.0187773687921018,6,406
correlated,3.0,30,0.3,0.9,1,0,2,0.0036945812807881776,0.0022577996715927736,12.690178401770337,2.954932418169417,6,406
correlated,3.0,30,0.3,0.9,1,0,3,0.003284072249589491,0.0021893814997263287,18.762907846529856,5.689549405441182,6,406
correlated,3.0,30,0.3,0.9,1,0,5,0.0024630541871921183,0.0008210180623973724,42.515049819000886,9.740981732227967,6,406
correlated,3.0,30,0.3,0.9,1,0,7,0.003284072249589491,0.0005473453749315834,59.59194022372103,10.784272217060884,6,406
correlated,3.0,30,0.3,0.9,1,0,11,0.002052545155993432,0.0003420908593322384,107.51332539024185,29.93977396088022,6,406
correlated,3.0,30,0.3,0.9,1,0,16,0.0028735632183908046,0.0003420908593322384,196.92928284663518,71.08483276346516,6,406
correlated,3.0,30,0.3,0.9,1,0,25,0.0016420361247947454,0.0005473453749315822,356.1881999928706,141.37454841400958,6,406
correlated,3.0,30,0.3,0.9,1,0,37,0.0012315270935960591,0.0006157635467980298,619.6145127110491,187.74188749813075,6,406
correlated,3.0,30,0.3,0.9,1,0,55,0.0008210180623973727,0.0005473453749315821,966.9104421759288,220.1103669849244,6,406
correlated,3.0,30,0.3,0.9,1,0,82,0.0008210180623973727,0.0005473453749315821,1363.455511236261,306.3311650847918,6,406
correlated,3.0,30,0.3,0.9,1,0,122,0.0,0.0,1805.4798093393285,399.49501235890506,6,406
correlated,3.0,30,0.3,0.9,1,0,182,0.0,0.0,2031.1521417971517,471.9363938228922,6,406
correlated,3.0,30,0.3,0.9,1,0,272,0.0,0.0,2278.113701445207,757.2679811304677,6,406
correlated,3.0,30,0.3,0.9,1,0,406,0.0008210180623973727,0.0005473453749315821,2595.573960321386,800.6070290440124,6,406
correlated,3.0,30,0.3,0.9,1,0,606,0.00041050903119868636,0.0003420908593322387,2767.430063989368,930.340651487656,6,406
correlated,3.0,30,0.3,0.9,1,0,905,0.00041050903119868636,0.0003420908593322387,2984.5701157959134,943.4414120125566,6,406
correlated,3.0,30,0.3,0.9,1,0,1350,0.0008210180623973727,0.0005473453749315821,3146.0293686346085,943.0253056394864,6,406
correlated,3.0,30,0.3,0.9,1,0,2015,0.0008210180623973727,0.0005473453749315821,3530.8488119968592,1124.1316749691205,6,406
correlated,3.0,30,0.3,0.9,1,0,3008,0.0012315270935960591,0.003078817733990148,3664.872216843262,1157.2180964053653,6,406
correlated,3.0,30,0.3,0.9,1,0,4489,0.0016420361247947454,0.0030103995621236996,4074.310386800967,1406.2534857455476,6,406
correlated,3.0,30,0.3,0.9,1,0,6700,0.0016420361247947454,0.0030103995621236996,4315.215357388334,1291.535301095463,6,406
correlated,3.0,30,0.3,0.9,1,0,10000,0.0008210180623973727,0.0005473453749315821,4369.064893110062,1292.720083051303,6,406
correlated,3.0,30,0.3,0.9,1,100,1,0.034893267651888334,0.06027640941434085,1.9487687118362331,0.7743618641553818,6,406
correlated,3.0,30,0.3,0.9,1,100,2,0.03407224958949096,0.05206622879036699,3.470953025936495,1.6484512530773794,6,406
correlated,3.0,30,0.3,0.9,1,100,3,0.03366174055829229,0.05145046524356853,5.664629229178215,2.2310396752313957,6,406
correlated,3.0,30,0.3,0.9,1,100,5,0.03160919540229885,0.05617131910235366,10.043384980910465,3.167301366668583,6,406
correlated,3.0,30,0.3,0.9,1,100,7,0.031198686371100164,0.05801860974274772,14.804444374714516,4.8598924330321775,6,406
correlated,3.0,30,0.3,0.9,1,100,11,0.030377668308702793,0.054734537493158125,23.043180302479275,6.564202234550745,6,406
correlated,3.0,30,0.3,0.9,1,100,16,0.029146141215106735,0.0881910235358511,30.07419584206886,9.958425212248667,6,406
correlated,3.0,30,0.3,0.9,1,100,25,0.030377668308702793,0.06869184455391349,47.1570336849351,16.1542942323828,6,406
correlated,3.0,30,0.3,0.9,1,100,37,0.026272577996715927,0.05801860974274772,57.36101919472886,22.4621190306394,6,406
correlated,3.0,30,0.3,0.9,1,100,55,0.024220032840722494,0.05370826491516152,82.89274331367542,32.547568475481555,6,406
correlated,3.0,30,0.3,0.9,1,100,82,0.02586206896551724,0.07040229885057472,113.27751334742241,63.17650511592614,6,406
correlated,3.0,30,0.3,0.9,1,100,122,0.02504105090311987,0.060276409414340454,141.60649572008495,90.73527785512105,6,406
correlated,3.0,30,0.3,0.9,1,100,182,0.023399014778325122,0.05398193760262723,187.75682685184609,146.90273919606807,6,406
correlated,3.0,30,0.3,0.9,1,100,272,0.019704433497536946,0.041050903119868594,274.03272439265885,165.33382470328453,6,406
correlated,3.0,30,0.3,0.9,1,100,406,0.024220032840722494,0.017583470169677106,378.51718026327404,232.790971289632,6,406
correlated,3.0,30,0.3,0.9,1,100,606,0.017651888341543517,0.0126573617952928,402.34005853208697,242.31119892727838,6,406
correlated,3.0,30,0.3,0.9,1,100,905,0.020525451559934318,0.024356869184455412,497.4493612417253,279.9050481648481,6,406
correlated,3.0,30,0.3,0.9,1,100,1350,0.01847290640394089,0.026067323481116515,613.3546258221326,351.4247082188212,6,406
correlated,3.0,30,0.3,0.9,1,100,2015,0.01929392446633826,0.022509578544061302,803.2159173801418,496.6673804961109,6,406
correlated,3.0,30,0.3,0.9,1,100,3008,0.020525451559934318,0.030925013683634452,909.7731096218417,528.3865202655188,6,406
correlated,3.0,30,0.3,0.9,1,100,4489,0.017651888341543513,0.02907772304324032,1210.4993559303607,821.6778167664781,6,406
correlated,3.0,30,0.3,0.9,1,100,6700,0.016009852216748766,0.020320197044335006,1383.2698433942426,850.2624431442339,6,406
correlated,3.0,30,0.3,0.9,1,100,10000,0.017651888341543513,0.01840448823207446,1414.9390769190743,869.3773276952029,6,406
correlated,3.0,30,0.3,0.9,1,1000,1,0.13998357963875205,0.3632320744389713,0.14560456109725736,0.1157112898489667,6,406
correlated,3.0,30,0.3,0.9,1,1000,2,0.13711001642036125,0.36918445539135125,1.0364080602185097,1.352348523406876,6,406
correlated,3.0,30,0.3,0.9,1,1000,3,0.1362889983579639,0.37903667214011677,1.5063557514826182,1.673675420138507,6,406
correlated,3.0,30,0.3,0.9,1,1000,5,0.1334154351395731,0.3788314176245179,1.4177386137455248,1.0966999952302285,6,406
correlated,3.0,30,0.3,0.9,1,1000,7,0.13136288998357964,0.3494800218938131,2.6667103962310645,2.7845726956892585,6,406
correlated,3.0,30,0.3,0.9,1,1000,11,0.12931034482758622,0.2764778325123146,3.584684372182077,3.255404599828202,6,406
correlated,3.0,30,0.3,0.9,1,1000,16,0.1297208538587849,0.30925013683634284,4.201686464227187,4.66473457565997,6,406
correlated,3.0,30,0.3,0.9,1,1000,25,0.1268472906403941,0.2649835796387511,5.789819701621906,6.4070385479570255,6,406
correlated,3.0,30,0.3,0.9,1,1000,37,0.12233169129720854,0.24274767378215648,8.58709298345479,8.323919200079956,6,406
correlated,3.0,30,0.3,0.9,1,1000,55,0.11740558292282431,0.24521072796934787,10.275647490240827,9.733300238990063,6,406
correlated,3.0,30,0.3,0.9,1,1000,82,0.11412151067323482,0.1590038314176241,14.321791200984542,15.409304618918727,6,406
correlated,3.0,30,0.3,0.9,1,1000,122,0.11658456486042691,0.27476737821565644,12.533396817228422,10.552035020050798,6,406
correlated,3.0,30,0.3,0.9,1,1000,182,0.10632183908045978,0.2655309250136833,26.153957073066305,29.61754069699569,6,406
correlated,3.0,30,0.3,0.9,1,1000,272,0.10960591133004927,0.266625615763547,29.420478776208995,29.887722685076394,6,406
correlated,3.0,30,0.3,0.9,1,1000,406,0.09893267651888342,0.1899972632731262,38.998908261858155,43.238016020294616,6,406
correlated,3.0,30,0.3,0.9,1,1000,606,0.10016420361247946,0.14833059660645956,63.517246345336105,71.9536527324284,6,406
correlated,3.0,30,0.3,0.9,1,1000,905,0.09482758620689656,0.09339080459770045,101.85072040147958,106.06681030778275,6,406
correlated,3.0,30,0.3,0.9,1,1000,1350,0.09277504105090312,0.16967706622879006,125.26107222092467,116.9686818728409,6,406
correlated,3.0,30,0.3,0.9,1,1000,2015,0.08702791461412152,0.16721401204159797,163.56195668149073,172.66661402213026,6,406
correlated,3.0,30,0.3,0.9,1,1000,3008,0.07922824302134647,0.12349480021893805,316.09271315635436,327.1664388532922,6,406
correlated,3.0,30,0.3,0.9,1,1000,4489,0.07430213464696223,0.13663108921729644,417.1653760227918,393.36719224867267,6,406
correlated,3.0,30,0.3,0.9,1,1000,6700,0.0665024630541872,0.05747126436781596,503.63457454728035,509.5360858721362,6,406
correlated,3.0,30,0.3,0.9,1,1000,10000,0.0632183908045977,0.08511220580186182,510.81600992594167,512.8186406064433,6,406
correlated,3.0,30,0.3,0.9,1,10000,1,0.20894909688013139,0.02415161466885027,0.021600693456819257,0.00830055972010319,6,406
correlated,3.0,30,0.3,0.9,1,10000,2,0.208128078817734,0.01867816091953671,0.052021424550917926,0.04395891055752755,6,406
correlated,3.0,30,0.3,0.9,1,10000,3,0.20730706075533664,0.019225506294466094,0.07610672611826318,0.0787327518721084,6,406
correlated,3.0,30,0.3,0.9,1,10000,5,0.20607553366174058,0.019430760810067782,0.11320941793522303,0.07358533642775249,6,406
correlated,3.0,30,0.3,0.9,1,10000,7,0.20320197044334976,0.02935139573070618,0.1424141199727689,0.07703016663410145,6,406
correlated,3.0,30,0.3,0.9,1,10000,11,0.20238095238095236,0.02825670498084741,0.22221617144837888,0.17151712268228653,6,406
correlated,3.0,30,0.3,0.9,1,10000,16,0.19950738916256153,0.015599343185559278,0.3346960220563974,0.13461102354890475,6,406
correlated,3.0,30,0.3,0.9,1,10000,25,0.19868637110016418,0.025998905309254194,0.347575063254979,0.0400320148246265,6,406
correlated,3.0,30,0.3,0.9,1,10000,37,0.19827586206896552,0.030172413793101663,0.4968931055809162,0.2515228755578967,6,406
correlated,3.0,30,0.3,0.9,1,10000,55,0.1921182266009852,0.012315270935963255,0.6404498516005307,0.18832574511312453,6,406
correlated,3.0,30,0.3,0.9,1,10000,82,0.19047619047619047,0.062123700054737205,0.6064038022023814,0.20166575140670337,6,406
correlated,3.0,30,0.3,0.9,1,10000,122,0.18513957307060758,0.03236179529282483,0.9776701158583813,0.29120030736568986,6,406
correlated,3.0,30,0.3,0.9,1,10000,182,0.18267651888341543,0.048782156540779595,1.0909989659255726,0.41592412115124117,6,406
correlated,3.0,30,0.3,0.9,1,10000,272,0.1777504105090312,0.031540777230432165,1.466161979438904,0.49717084421745694,6,406
correlated,3.0,30,0.3,0.9,1,10000,406,0.17610837438423646,0.04330870279146181,1.6006347314170053,0.46224028577316534,6,406
correlated,3.0,30,0.3,0.9,1,10000,606,0.17487684729064037,0.05090311986863835,1.6807889520061716,0.4711590827755245,6,406
correlated,3.0,30,0.3,0.9,1,10000,905,0.1711822660098522,0.04659277504105079,2.520133480652465,0.9920825029243006,6,406
correlated,3.0,30,0.3,0.9,1,10000,1350,0.16091954022988506,0.11631089217296173,2.5083444660848806,0.9500481968234343,6,406
correlated,3.0,30,0.3,0.9,1,10000,2015,0.15311986863711002,0.10132731253420892,3.4142853583570028,1.3815190143723761,6,406
correlated,3.0,30,0.3,0.9,1,10000,3008,0.15270935960591134,0.12315270935960437,3.018969211566126,1.3742838624552698,6,406
correlated,3.0,30,0.3,0.9,1,10000,4489,0.14901477832512314,0.10570607553366229,3.5536279700353304,1.2163328702183918,6,406
correlated,3.0,30,0.3,0.9,1,10000,6700,0.138752052545156,0.15325670498084304,3.7251898504585603,0.8718366286902682,6,406
correlated,3.0,30,0.3,0.9,1,10000,10000,0.12602627257799673,0.11200054734537275,4.796849409913599,1.6152399964399513,6,406
correlated,3.0,30,0.3,0.9,2,0,1,0.002052545155993432,0.0011631089217296114,7.562100852112292,5.214778281686316,6,406
correlated,3.0,30,0.3,0.9,2,0,2,0.002052545155993432,0.0011631089217296114,13.9370300932141,7.576388758931196,6,406
correlated,3.0,30,0.3,0.9,2,0,3,0.002052545155993432,0.0011631089217296114,22.520848049722463,9.064127929614605,6,406
correlated,3.0,30,0.3,0.9,2,0,5,0.002052545155993432,0.0011631089217296114,37.9377504478657,10.036656706018803,6,406
correlated,3.0,30,0.3,0.9,2,0,7,0.002052545155993432,0.0011631089217296114,60.4094901514434,11.15662845129315,6,406
correlated,3.0,30,0.3,0.9,2,0,11,0.0016420361247947454,0.0013683634373289552,116.66446884369475,34.210985484513664,6,406
correlated,3.0,30,0.3,0.9,2,0,16,0.0012315270935960591,0.0006157635467980298,187.16375389245593,29.169614389018808,6,406
correlated,3.0,30,0.3,0.9,2,0,25,0.0012315270935960591,0.0006157635467980298,348.22276398081095,49.613831756227626,6,406
correlated,3.0,30,0.3,0.9,2,0,37,0.0008210180623973727,0.0005473453749315821,549.6143485417556,88.43534229380299,6,406
correlated,3.0,30,0.3,0.9,2,0,55,0.0008210180623973727,0.0005473453749315821,855.0836331097688,130.60581901318517,6,406
correlated,3.0,30,0.3,0.9,2,0,82,0.0008210180623973727,0.0005473453749315821,1247.6596125108822,163.87057075229353,6,406
correlated,3.0,30,0.3,0.9,2,0,122,0.00041050903119868636,0.0003420908593322387,1633.2476833352966,232.6954014668571,6,406
correlated,3.0,30,0.3,0.9,2,0,182,0.0008210180623973727,0.0005473453749315821,2008.989610072235,245.68770946951312,6,406
correlated,3.0,30,0.3,0.9,2,0,272,0.0008210180623973727,0.0005473453749315821,2328.103375558876,288.3996030113669,6,406
correlated,3.0,30,0.3,0.9,2,0,406,0.0008210180623973727,0.0005473453749315821,2616.360213421743,367.7665396131676,6,406
correlated,3.0,30,0.3,0.9,2,0,606,0.0016420361247947454,0.0013683634373289546,2769.264773518749,375.6369177401786,6,406
correlated,3.0,30,0.3,0.9,2,0,905,0.0012315270935960591,0.0014367816091954023,3109.6038641779887,463.5473382555149,6,406
correlated,3.0,30,0.3,0.9,2,0,1350,0.0012315270935960591,0.0014367816091954023,3410.007825278026,576.8028260180132,6,406
correlated,3.0,30,0.3,0.9,2,0,2015,0.0012315270935960591,0.0014367816091954023,3672.4555836516247,558.0131509002222,6,406
correlated,3.0,30,0.3,0.9,2,0,3008,0.0012315270935960591,0.0014367816091954023,3986.76494495354,860.3929942403068,6,406
correlated,3.0,30,0.3,0.9,2,0,4489,0.0008210180623973727,0.0005473453749315821,4173.717006252997,1094.662231940842,6,406
correlated,3.0,30,0.3,0.9,2,0,6700,0.0008210180623973727,0.0005473453749315821,4276.849571566337,1337.935314275724,6,406
correlated,3.0,30,0.3,0.9,2,0,10000,0.0012315270935960591,0.0006157635467980298,4404.843776236504,1483.8675590273706,6,406
correlated,3.0,30,0.3,0.9,2,100,1,0.026683087027914613,0.024972632731253455,2.9357888052043006,1.5689465418152557,6,406
correlated,3.0,30,0.3,0.9,2,100,2,0.02586206896551724,0.02196223316912974,5.136839847686443,1.9921659130126812,6,406
correlated,3.0,30,0.3,0.9,2,100,3,0.024630541871921183,0.02545155993431856,6.9836830622983115,3.2364599472645716,6,406
correlated,3.0,30,0.3,0.9,2,100,5,0.023809523809523808,0.020251778872468592,12.665129389145457,7.9124696504525005,6,406
correlated,3.0,30,0.3,0.9,2,100,7,0.02257799671592775,0.02086754241926657,16.173335138341198,7.133417273067317,6,406
correlated,3.0,30,0.3,0.9,2,100,11,0.022988505747126436,0.015325670498084285,24.945811111782536,8.014914045659149,6,406
correlated,3.0,30,0.3,0.9,2,100,16,0.02175697865353038,0.019225506294471815,35.328909559781785,10.235125192063949,6,406
correlated,3.0,30,0.3,0.9,2,100,25,0.019704433497536946,0.013957307060755323,50.66561951849936,12.428231991139027,6,406
correlated,3.0,30,0.3,0.9,2,100,37,0.017651888341543513,0.009373289545703356,77.49015333214106,25.868684345115284,6,406
correlated,3.0,30,0.3,0.9,2,100,55,0.018062397372742203,0.010399562123700001,118.6572949359569,42.315903991154066,6,406
correlated,3.0,30,0.3,0.9,2,100,82,0.016009852216748766,0.0030788177339901752,155.63011072306102,49.97763129605087,6,406
correlated,3.0,30,0.3,0.9,2,100,122,0.017651888341543513,0.011836343732895466,189.9385113072718,54.513775205139794,6,406
correlated,3.0,30,0.3,0.9,2,100,182,0.015599343185550082,0.025177887246852746,276.80997244775045,91.46384067907874,6,406
correlated,3.0,30,0.3,0.9,2,100,272,0.015599343185550082,0.006294471811713203,350.9125005852591,95.1212050863818,6,406
correlated,3.0,30,0.3,0.9,2,100,406,0.015188834154351393,0.001984126984126995,418.1826462126722,144.06438792527499,6,406
correlated,3.0,30,0.3,0.9,2,100,606,0.015188834154351396,0.00773125342090858,484.3059195925858,158.95844438455532,6,406
correlated,3.0,30,0.3,0.9,2,100,905,0.013957307060755339,0.0046524356869184266,650.0316521061321,269.85810825160866,6,406
correlated,3.0,30,0.3,0.9,2,100,1350,0.01477832512315271,0.005747126436781607,780.0102107342458,348.56016598241536,6,406
correlated,3.0,30,0.3,0.9,2,100,2015,0.01477832512315271,0.0024630541871920983,956.5281400479224,380.34998678147537,6,406
correlated,3.0,30,0.3,0.9,2,100,3008,0.014367816091954025,0.01019430760810069,1133.5323262605657,532.6753700783764,6,406
correlated,3.0,30,0.3,0.9,2,100,4489,0.013957307060755335,0.006294471811713214,1241.7809461182019,666.514182144467,6,406
correlated,3.0,30,0.3,0.9,2,100,6700,0.016009852216748773,0.010467980295566438,1290.5281195523887,778.5188482681666,6,406
correlated,3.0,30,0.3,0.9,2,100,10000,0.011904761904761904,0.0044471811713191044,1375.1331042299805,880.976717679258,6,406
correlated,3.0,30,0.3,0.9,2,1000,1,0.11658456486042691,0.15736179529283173,0.23087795012660184,0.13500058814650764,6,406
correlated,3.0,30,0.3,0.9,2,1000,2,0.11535303776683085,0.17768199233716644,0.6398425568859356,0.5394725618562447,6,406
correlated,3.0,30,0.3,0.9,2,1000,3,0.11535303776683085,0.17768199233716644,0.7207445565533729,0.4975265890134326,6,406
correlated,3.0,30,0.3,0.9,2,1000,5,0.11247947454844005,0.16557197591680417,1.7491282312265906,1.5095473119179799,6,406
correlated,3.0,30,0.3,0.9,2,1000,7,0.10919540229885057,0.16392993979200898,2.62637753637976,2.157089568891469,6,406
correlated,3.0,30,0.3,0.9,2,1000,11,0.10467980295566502,0.2247536945812808,3.207686323577633,2.8258471086613923,6,406
correlated,3.0,30,0.3,0.9,2,1000,16,0.10344827586206896,0.16502463054187197,4.009126643297326,3.256053857624441,6,406
correlated,3.0,30,0.3,0.9,2,1000,25,0.10303776683087029,0.2014915161466862,7.299474617233784,8.787648688049467,6,406
correlated,3.0,30,0.3,0.9,2,1000,37,0.09852216748768472,0.1830870279146149,9.44547801481208,8.847348022442949,6,406
correlated,3.0,30,0.3,0.9,2,1000,55,0.09811165845648605,0.14319923371647442,10.985139079596903,7.194413484550526,6,406
correlated,3.0,30,0.3,0.9,2,1000,82,0.09277504105090312,0.1631089217296114,15.21109363220507,8.760978264963699,6,406
correlated,3.0,30,0.3,0.9,2,1000,122,0.08990147783251233,0.14839901477832468,17.29661100957321,9.071634023947142,6,406
correlated,3.0,30,0.3,0.9,2,1000,182,0.08825944170771756,0.11035851122058107,21.433018396580042,17.374129979901767,6,406
correlated,3.0,30,0.3,0.9,2,1000,272,0.08579638752052544,0.1382731253420913,27.67155454520339,17.53949475860759,6,406
correlated,3.0,30,0.3,0.9,2,1000,406,0.0845648604269294,0.20333880678708238,30.645835549966478,21.69880707255725,6,406
correlated,3.0,30,0.3,0.9,2,1000,606,0.07963875205254516,0.1195949644225507,46.606985225019365,28.946825672440664,6,406
correlated,3.0,30,0.3,0.9,2,1000,905,0.07183908045977012,0.19328133552271445,85.7856728410636,52.04094858197689,6,406
correlated,3.0,30,0.3,0.9,2,1000,1350,0.06650246305418718,0.13136288998358,110.4272007132649,73.5310224106359,6,406
correlated,3.0,30,0.3,0.9,2,1000,2015,0.060755336617405585,0.109742747673782,166.56488340988872,139.49874645473912,6,406
correlated,3.0,30,0.3,0.9,2,1000,3008,0.05952380952380953,0.0947591680350299,221.37230721837855,204.97649569539902,6,406
correlated,3.0,30,0.3,0.9,2,1000,4489,0.0603448275862069,0.06876026272577976,269.3524843014293,299.69831279426876,6,406
correlated,3.0,30,0.3,0.9,2,1000,6700,0.052545155993431854,0.07608100711549001,316.25316450743395,383.87361959869645,6,406
correlated,3.0,30,0.3,0.9,2,1000,10000,0.05295566502463054,0.048234811165845985,338.15985049900814,413.2438446195562,6,406
correlated,3.0,30,0.3,0.9,2,10000,1,0.20648604269293924,0.07259168035029935,0.02061256703409688,0.0147301297183489,6,406
correlated,3.0,30,0.3,0.9,2,10000,2,0.2056650246305419,0.05316091954022875,0.05041136213306438,0.037642052999078884,6,406
correlated,3.0,30,0.3,0.9,2,10000,3,0.2056650246305419,0.0416666666666638,0.08578980999144291,0.05068964897700633,6,406
correlated,3.0,30,0.3,0.9,2,10000,5,0.2027914614121511,0.05883962780514118,0.14511557184472101,0.055091202450946716,6,406
correlated,3.0,30,0.3,0.9,2,10000,7,0.20114942528735633,0.07361795292829652,0.2028151571718667,0.13744176428422364,6,406
correlated,3.0,30,0.3,0.9,2,10000,11,0.201559934318555,0.05370826491516377,0.2082615149991374,0.11325961398511582,6,406
correlated,3.0,30,0.3,0.9,2,10000,16,0.19991789819376027,0.08819102353585018,0.28095413485191095,0.14276994332571313,6,406
correlated,3.0,30,0.3,0.9,2,10000,25,0.19540229885057472,0.10317460317459876,0.3411632921060937,0.1725923165860385,6,406
correlated,3.0,30,0.3,0.9,2,10000,37,0.19458128078817735,0.0582922824302118,0.45773395460538513,0.22868323975904012,6,406
correlated,3.0,30,0.3,0.9,2,10000,55,0.18965517241379307,0.04105090311987282,0.6491278551411455,0.2994482762148878,6,406
correlated,3.0,30,0.3,0.9,2,10000,82,0.1867816091954023,0.057813355227146826,0.745667363122422,0.32897913546470653,6,406
correlated,3.0,30,0.3,0.9,2,10000,122,0.18431855500821018,0.10214833059660722,0.9316565235674585,0.431398875038002,6,406
correlated,3.0,30,0.3,0.9,2,10000,182,0.1839080459770115,0.09660645867542643,1.3162717817221814,0.7726848729043595,6,406
correlated,3.0,30,0.3,0.9,2,10000,272,0.1777504105090312,0.0849069512862626,1.4180015214621493,0.6314488128775381,6,406
correlated,3.0,30,0.3,0.9,2,10000,406,0.16995073891625614,0.13054187192118344,1.8276392379832693,0.878631685256822,6,406
correlated,3.0,30,0.3,0.9,2,10000,606,0.15968801313628903,0.1218527640941397,2.601580896636469,0.7348305361657057,6,406
correlated,3.0,30,0.3,0.9,2,10000,905,0.15804597701149425,0.09640120415982334,2.810920319749765,0.48514295493440635,6,406
correlated,3.0,30,0.3,0.9,2,10000,1350,0.1506568144499179,0.12924192665572018,3.77666468961888,0.7496544386881759,6,406
correlated,3.0,30,0.3,0.9,2,10000,2015,0.138752052545156,0.15489874110563823,4.3282890575462245,1.1752675685051304,6,406
correlated,3.0,30,0.3,0.9,2,10000,3008,0.13916256157635468,0.2887931034482779,4.7231186321654555,1.5382112579117537,6,406
correlated,3.0,30,0.3,0.9,2,10000,4489,0.13095238095238096,0.15140941434044897,5.190621420913678,2.14991316190633,6,406
correlated,3.0,30,0.3,0.9,2,10000,6700,0.12192118226600986,0.08435960591132899,6.365315450007656,1.7250585944740062,6,406
correlated,3.0,30,0.3,0.9,2,10000,10000,0.11535303776683087,0.11938970990695183,7.021686317659209,1.601072538408426,6,406
correlated,3.0,30,0.3,0.9,3,0,1,0.0036945812807881767,0.0038998357963875223,4.591725039948813,1.2975155082462315,6,406
correlated,3.0,30,0.3,0.9,3,0,2,0.0032840722495894904,0.004652435686918446,9.037469145945186,2.79827854413429,6,406
correlated,3.0,30,0.3,0.9,3,0,3,0.0028735632183908046,0.0019841269841269853,14.862978087784763,3.3185283399407317,6,406
correlated,3.0,30,0.3,0.9,3,0,5,0.0024630541871921183,0.0016420361247947454,33.33538657234869,13.32177751973069,6,406
correlated,3.0,30,0.3,0.9,3,0,7,0.0024630541871921183,0.002463054187192119,50.01026683166895,14.767128186855022,6,406
correlated,3.0,30,0.3,0.9,3,0,11,0.0024630541871921183,0.003284072249589491,95.53620901611647,33.02961060196146,6,406
correlated,3.0,30,0.3,0.9,3,0,16,0.0024630541871921183,0.003284072249589491,163.17455737412192,44.02418092131228,6,406
correlated,3.0,30,0.3,0.9,3,0,25,0.0016420361247947454,0.0030103995621236996,314.05404310292784,95.75437855054314,6,406
correlated,3.0,30,0.3,0.9,3,0,37,0.0016420361247947454,0.0013683634373289546,543.8345746129525,182.4144373636816,6,406
correlated,3.0,30,0.3,0.9,3,0,55,0.0012315270935960591,0.0014367816091954023,846.3622313848083,349.3756190821928,6,406
correlated,3.0,30,0.3,0.9,3,0,82,0.0012315270935960591,0.0014367816091954023,1240.5905626042954,486.4058046700399,6,406
correlated,3.0,30,0.3,0.9,3,0,122,0.0012315270935960591,0.0014367816091954023,1552.8397242121393,672.9469706173415,6,406
correlated,3.0,30,0.3,0.9,3,0,182,0.0020525451559934315,0.0036261631089217292,1790.5308605451617,833.9100764353648,6,406
correlated,3.0,30,0.3,0.9,3,0,272,0.0016420361247947454,0.0013683634373289546,2091.9236150534903,1013.7236794178361,6,406
correlated,3.0,30,0.3,0.9,3,0,406,0.0016420361247947454,0.0013683634373289546,2296.4786549428036,1134.8532156421043,6,406
correlated,3.0,30,0.3,0.9,3,0,606,0.0020525451559934315,0.0019841269841269845,2459.128886001963,1235.0922005494692,6,406
correlated,3.0,30,0.3,0.9,3,0,905,0.0016420361247947454,0.0013683634373289546,2697.25237904044,1265.4969561321677,6,406
correlated,3.0,30,0.3,0.9,3,0,1350,0.0008210180623973727,0.0005473453749315821,2886.2105604261815,1289.5684981761685,6,406
correlated,3.0,30,0.3,0.9,3,0,2015,0.0012315270935960591,0.0014367816091954023,2996.204130742956,1376.2055616257858,6,406
correlated,3.0,30,0.3,0.9,3,0,3008,0.0012315270935960591,0.0014367816091954023,3072.075768055039,1343.8703515820955,6,406
correlated,3.0,30,0.3,0.9,3,0,4489,0.0008210180623973727,0.0005473453749315821,3092.0511063062113,1315.9730738032108,6,406
correlated,3.0,30,0.3,0.9,3,0,6700,0.0024630541871921183,0.0016420361247947454,3107.134900796235,1300.0041365449906,6,406
correlated,3.0,30,0.3,0.9,3,0,10000,0.0012315270935960591,0.0006157635467980298,3119.731438501732,1272.7498928768832,6,406
correlated,3.0,30,0.3,0.9,3,100,1,0.029967159277504107,0.09558018609742745,2.2846999456156034,1.2369367255574895,6,406
correlated,3.0,30,0.3,0.9,3,100,2,0.02873563218390805,0.074438970990695,3.655249863976977,1.903770239345294,6,406
correlated,3.0,30,0.3,0.9,3,100,3,0.026272577996715923,0.058018609742747765,5.241710649965762,2.5867466757059683,6,406
correlated,3.0,30,0.3,0.9,3,100,5,0.02257799671592775,0.06684455391351947,9.261040572388398,5.11485554721246,6,406
correlated,3.0,30,0.3,0.9,3,100,7,0.024220032840722494,0.06684455391351947,11.683744776602298,5.904763208077124,6,406
correlated,3.0,30,0.3,0.9,3,100,11,0.025041050903119866,0.06684455391351947,17.55973924777624,8.933776473793953,6,406
correlated,3.0,30,0.3,0.9,3,100,16,0.020935960591133004,0.0860016420361248,26.681165072099656,15.605532230412681,6,406
correlated,3.0,30,0.3,0.9,3,100,25,0.021346469622331693,0.08921729611384784,34.168253927001146,14.157164899439092,6,406
correlated,3.0,30,0.3,0.9,3,100,37,0.018883415435139574,0.06212370005473454,49.98898387111132,23.765676199955994,6,406
correlated,3.0,30,0.3,0.9,3,100,55,0.018472906403940885,0.09749589490968802,66.91271982973704,34.88926548056381,6,406
correlated,3.0,30,0.3,0.9,3,100,82,0.015599343185550082,0.045703338806787085,96.09834653882369,50.98808873803272,6,406
correlated,3.0,30,0.3,0.9,3,100,122,0.016420361247947452,0.05062944718117135,144.43379456967105,106.49474273134918,6,406
correlated,3.0,30,0.3,0.9,3,100,182,0.015188834154351393,0.04960317460317464,191.32032034082772,130.46279136802906,6,406
correlated,3.0,30,0.3,0.9,3,100,272,0.01231527093596059,0.0303776683087028,264.6286252271221,175.52225635733703,6,406
correlated,3.0,30,0.3,0.9,3,100,406,0.01231527093596059,0.02380952380952383,312.5530005755982,203.27302710171853,6,406
correlated,3.0,30,0.3,0.9,3,100,606,0.016830870279146138,0.0241516146688561,384.06591490378764,216.44363025679812,6,406
correlated,3.0,30,0.3,0.9,3,100,905,0.013546798029556648,0.019499178981937596,470.43235339921995,252.4485274583909,6,406
correlated,3.0,30,0.3,0.9,3,100,1350,0.016830870279146145,0.028256704980842876,551.5681263423089,293.23077428796455,6,406
correlated,3.0,30,0.3,0.9,3,100,2015,0.012725779967159278,0.024151614668856035,617.779122186964,363.76636910218366,6,406
correlated,3.0,30,0.3,0.9,3,100,3008,0.010673234811165846,0.007115489874110558,654.2102703304582,357.3148396305639,6,406
correlated,3.0,30,0.3,0.9,3,100,4489,0.010673234811165845,0.019430760810071165,666.1542786437891,351.4171866771488,6,406
correlated,3.0,30,0.3,0.9,3,100,6700,0.01231527093596059,0.018883415435139574,675.7697094573116,354.44255208166555,6,406
correlated,3.0,30,0.3,0.9,3,100,10000,0.011494252873563218,0.023535851122058023,677.4815872447649,338.34514782875635,6,406
correlated,3.0,30,0.3,0.9,3,1000,1,0.13136288998357962,0.2501368363437342,0.21737006128647818,0.0981611171995736,6,406
correlated,3.0,30,0.3,0.9,3,1000,2,0.1301313628899836,0.25814176245210846,0.5251670197361676,0.31136113954083317,6,406
correlated,3.0,30,0.3,0.9,3,1000,3,0.12848932676518884,0.2622468527640929,0.7290285291323874,0.5066212836299497,6,406
correlated,3.0,30,0.3,0.9,3,1000,5,0.1272577996715928,0.2542419266557186,1.2559686689961498,1.390791090497584,6,406
correlated,3.0,30,0.3,0.9,3,1000,7,0.12561576354679801,0.23399014778325394,1.5081552314664692,1.9300628044459198,6,406
correlated,3.0,30,0.3,0.9,3,1000,11,0.1235632183908046,0.27209906951286406,1.5424279186756331,1.5956277652439679,6,406
correlated,3.0,30,0.3,0.9,3,1000,16,0.12233169129720854,0.2599890530925011,2.4036753267175563,2.362468204897914,6,406
correlated,3.0,30,0.3,0.9,3,1000,25,0.11781609195402298,0.3747263273125356,4.955954385888028,6.801708364306689,6,406
correlated,3.0,30,0.3,0.9,3,1000,37,0.11165845648604268,0.24356869184455407,3.528256349599598,2.416088427272494,6,406
correlated,3.0,30,0.3,0.9,3,1000,55,0.11001642036124792,0.21237000547345525,5.372733833593071,2.8591012694601208,6,406
correlated,3.0,30,0.3,0.9,3,1000,82,0.10919540229885057,0.2550629447181183,8.36999792857421,4.990128476338799,6,406
correlated,3.0,30,0.3,0.9,3,1000,122,0.10303776683087029,0.17932402846195883,9.58476027952676,5.621767443419207,6,406
correlated,3.0,30,0.3,0.9,3,1000,182,0.10344827586206895,0.10509031198686428,12.44686136736763,7.82516261970646,6,406
correlated,3.0,30,0.3,0.9,3,1000,272,0.0960591133004926,0.17159277504105133,19.133203964244498,16.881509145366035,6,406
correlated,3.0,30,0.3,0.9,3,1000,406,0.08784893267651889,0.17542419266557147,30.287081607382262,26.743146004961616,6,406
correlated,3.0,30,0.3,0.9,3,1000,606,0.08538587848932677,0.10727969348658886,34.30875672802076,26.525614733814795,6,406
correlated,3.0,30,0.3,0.9,3,1000,905,0.069376026272578,0.10296934865900412,46.865254718186954,38.15751701299547,6,406
correlated,3.0,30,0.3,0.9,3,1000,1350,0.07183908045977011,0.1423782156540782,63.67976673548289,55.4140409306153,6,406
correlated,3.0,30,0.3,0.9,3,1000,2015,0.06732348111658455,0.09496442255063017,67.22549308370608,56.44646376297274,6,406
correlated,3.0,30,0.3,0.9,3,1000,3008,0.06773399014778325,0.07943349753694588,73.70884311313124,59.0119537714063,6,406
correlated,3.0,30,0.3,0.9,3,1000,4489,0.058702791461412156,0.06027640941434015,85.40855059176421,71.03303838261175,6,406
correlated,3.0,30,0.3,0.9,3,1000,6700,0.05911330049261084,0.04351395730706033,86.40866656785217,71.1215630943283,6,406
correlated,3.0,30,0.3,0.9,3,1000,10000,0.05500821018062398,0.062123700054734214,91.98354034246665,73.22757154132695,6,406
correlated,3.0,30,0.3,0.9,3,10000,1,0.1900656814449918,0.04878215654077678,0.031130592825024617,0.031948395764309835,6,406
correlated,3.0,30,0.3,0.9,3,10000,2,0.18719211822660098,0.045155993431855876,0.0934878275602789,0.06572090785185343,6,406
correlated,3.0,30,0.3,0.9,3,10000,3,0.1839080459770115,0.07033388067870613,0.16652265944239172,0.09283570901110033,6,406
correlated,3.0,30,0.3,0.9,3,10000,5,0.18185550082101806,0.04221401204159882,0.1977926944477463,0.13115054256736416,6,406
correlated,3.0,30,0.3,0.9,3,10000,7,0.18021346469622332,0.061097427476737215,0.202031039576545,0.11233719757030591,6,406
correlated,3.0,30,0.3,0.9,3,10000,11,0.17898193760262726,0.07279693486590104,0.2798152800449942,0.11410963924797338,6,406
correlated,3.0,30,0.3,0.9,3,10000,16,0.17610837438423646,0.07532840722495895,0.3602092088702465,0.18324301122416062,6,406
correlated,3.0,30,0.3,0.9,3,10000,25,0.1744663382594417,0.06027640941434314,0.506139122310797,0.34330223504296664,6,406
correlated,3.0,30,0.3,0.9,3,10000,37,0.1720032840722496,0.0643814997263262,0.7351975913829194,0.39577335360574367,6,406
correlated,3.0,30,0.3,0.9,3,10000,55,0.16420361247947451,0.06787082649151827,1.255407486341908,0.4966580940671702,6,406
correlated,3.0,30,0.3,0.9,3,10000,82,0.16174055829228243,0.05637657361795332,1.565689369741284,0.5588340941870502,6,406
correlated,3.0,30,0.3,0.9,3,10000,122,0.15804597701149425,0.06848659003831489,1.5520989706413306,0.23709723993873208,6,406
correlated,3.0,30,0.3,0.9,3,10000,182,0.15435139573070608,0.07608100711548721,2.165163138533101,0.7660669618548362,6,406
correlated,3.0,30,0.3,0.9,3,10000,272,0.15229885057471265,0.024972632731251387,2.7750593543329116,1.049244281686877,6,406
correlated,3.0,30,0.3,0.9,3,10000,406,0.14367816091954025,0.08839627805144765,3.0555313457318825,0.5931041842959182,6,406
correlated,3.0,30,0.3,0.9,3,10000,606,0.14244663382594416,0.13088396278051678,3.5438461325272876,1.1112415319381526,6,406
correlated,3.0,30,0.3,0.9,3,10000,905,0.14203612479474548,0.10892172961138546,3.881609580919681,1.4048439416844525,6,406
correlated,3.0,30,0.3,0.9,3,10000,1350,0.12725779967159276,0.0998905309250154,4.435396826806315,1.973604321785825,6,406
correlated,3.0,30,0.3,0.9,3,10000,2015,0.12807881773399013,0.10509031198686569,5.193447611316819,1.7128721783334349,6,406
correlated,3.0,30,0.3,0.9,3,10000,3008,0.1202791461412151,0.05042419266557338,5.731106516254567,1.1942079423449032,6,406
correlated,3.0,30,0.3,0.9,3,10000,4489,0.1202791461412151,0.09804324028461994,5.874306720265422,1.4977881886053528,6,406
correlated,3.0,30,0.3,0.9,3,10000,6700,0.1083743842364532,0.06568144499179088,7.430279974712882,1.3841888130679967,6,406
correlated,3.0,30,0.3,0.9,3,10000,10000,0.10755336617405582,0.05309250136836434,7.871589055052845,2.1145515860263546,6,406
correlated,3.0,30,0.3,0.9,4,0,1,0.005336617405582922,0.012657361795292832,6.8850886289770585,2.3401114758126,6,406
correlated,3.0,30,0.3,0.9,4,0,2,0.0049261083743842365,0.0090311986863711,12.94257442614404,1.852024925316467,6,406
correlated,3.0,30,0.3,0.9,4,0,3,0.004105090311986864,0.0038314176245210726,25.069127570155132,10.010462078167047,6,406
correlated,3.0,30,0.3,0.9,4,0,5,0.0036945812807881776,0.0022577996715927736,42.66061185999889,14.92481241441585,6,406
correlated,3.0,30,0.3,0.9,4,0,7,0.003284072249589491,0.0046524356869184465,66.70667155278024,24.358293676547795,6,406
correlated,3.0,30,0.3,0.9,4,0,11,0.0036945812807881776,0.0071839080459770105,115.82873290213611,40.65375594528057,6,406
correlated,3.0,30,0.3,0.9,4,0,16,0.004105090311986864,0.0071154898741105635,196.78606108398594,49.48713973188115,6,406
correlated,3.0,30,0.3,0.9,4,0,25,0.003284072249589491,0.007115489874110566,375.0528547579422,83.86302851617025,6,406
correlated,3.0,30,0.3,0.9,4,0,37,0.0028735632183908046,0.0044471811713191044,587.7672694165211,131.00393031017163,6,406
correlated,3.0,30,0.3,0.9,4,0,55,0.0024630541871921183,0.004926108374384237,932.2144783071861,239.31701699514704,6,406
correlated,3.0,30,0.3,0.9,4,0,82,0.0012315270935960591,0.003078817733990148,1376.4729043093384,387.79208780375717,6,406
correlated,3.0,30,0.3,0.9,4,0,122,0.0016420361247947454,0.0030103995621236996,1746.6347055794768,538.4644585250318,6,406
correlated,3.0,30,0.3,0.9,4,0,182,0.0024630541871921183,0.004926108374384237,2107.738912057628,695.4896689591374,6,406
correlated,3.0,30,0.3,0.9,4,0,272,0.0012315270935960591,0.0014367816091954023,2453.3905991181314,800.6996689591346,6,406
correlated,3.0,30,0.3,0.9,4,0,406,0.0028735632183908046,0.0044471811713191044,2862.188200710398,1034.8677821242618,6,406
correlated,3.0,30,0.3,0.9,4,0,606,0.0016420361247947454,0.0030103995621236996,3376.8431948072885,1234.2325880859646,6,406
correlated,3.0,30,0.3,0.9,4,0,905,0.0012315270935960591,0.0014367816091954023,3791.726493499634,1255.2084496762075,6,406
correlated,3.0,30,0.3,0.9,4,0,1350,0.002052545155993432,0.002805145046524356,4052.417420667493,1446.6986524479137,6,406
correlated,3.0,30,0.3,0.9,4,0,2015,0.0016420361247947454,0.0030103995621236996,4433.59085164683,1551.7888819816587,6,406
correlated,3.0,30,0.3,0.9,4,0,3008,0.002052545155993432,0.002805145046524356,4808.243631507499,1686.5650766902938,6,406
correlated,3.0,30,0.3,0.9,4,0,4489,0.0028735632183908046,0.0019841269841269845,5086.781768702806,1761.8962099229045,6,406
correlated,3.0,30,0.3,0.9,4,0,6700,0.002052545155993432,0.0011631089217296112,5272.311263419284,1950.926040635405,6,406
correlated,3.0,30,0.3,0.9,4,0,10000,0.002052545155993432,0.0003420908593322384,5343.937317575631,1993.0062671277394,6,406
correlated,3.0,30,0.3,0.9,4,100,1,0.0270935960591133,0.00574712643678164,3.112748467370641,1.0916870075872014,6,406
correlated,3.0,30,0.3,0.9,4,100,2,0.02586206896551724,0.006362889983579618,5.974344357864332,2.2973452019634255,6,406
correlated,3.0,30,0.3,0.9,4,100,3,0.024630541871921183,0.009852216748768438,8.935853425589178,3.1581116860461766,6,406
correlated,3.0,30,0.3,0.9,4,100,5,0.02504105090311987,0.0069102353585112465,14.744155103000416,5.992793626952458,6,406
correlated,3.0,30,0.3,0.9,4,100,7,0.024630541871921183,0.009031198686371148,20.232702901863835,9.404748109963027,6,406
correlated,3.0,30,0.3,0.9,4,100,11,0.020114942528735632,0.01840448823207446,35.07498943159499,24.874256857789227,6,406
correlated,3.0,30,0.3,0.9,4,100,16,0.021346469622331693,0.011220580186097421,45.53686698534423,35.40049509348529,6,406
correlated,3.0,30,0.3,0.9,4,100,25,0.019704433497536946,0.006568144499178973,63.488019382063385,48.16278189247598,6,406
correlated,3.0,30,0.3,0.9,4,100,37,0.017241379310344827,0.020525451559934318,83.43249092488543,58.513234688641234,6,406
correlated,3.0,30,0.3,0.9,4,100,55,0.018062397372742203,0.020251778872468526,116.8286250405691,54.12917949988088,6,406
correlated,3.0,30,0.3,0.9,4,100,82,0.014778325123152707,0.02545155993431856,186.2443696221592,88.77614301209722,6,406
correlated,3.0,30,0.3,0.9,4,100,122,0.01354679802955665,0.02606732348111656,258.5036205534252,111.80793105733397,6,406
correlated,3.0,30,0.3,0.9,4,100,182,0.01477832512315271,0.016420361247947456,345.4345872825248,151.2909545384809,6,406
correlated,3.0,30,0.3,0.9,4,100,272,0.01354679802955665,0.010467980295566504,467.1006012744019,206.32237911255928,6,406
correlated,3.0,30,0.3,0.9,4,100,406,0.012725779967159278,0.012657361795292832,592.030649455109,306.3205204151653,6,406
correlated,3.0,30,0.3,0.9,4,100,606,0.012315270935960592,0.008210180623973738,786.3949500755713,430.25803882213495,6,406
correlated,3.0,30,0.3,0.9,4,100,905,0.014367816091954025,0.01512041598248492,927.7220614967333,442.26684258358404,6,406
correlated,3.0,30,0.3,0.9,4,100,1350,0.012725779967159278,0.008552271483305958,1164.475444525222,435.1333388940183,6,406
correlated,3.0,30,0.3,0.9,4,100,2015,0.012725779967159276,0.012657361795292853,1292.8054509226035,560.5628938776666,6,406
correlated,3.0,30,0.3,0.9,4,100,3008,0.012725779967159278,0.014299397920087576,1555.1887258035251,606.9044396620938,6,406
correlated,3.0,30,0.3,0.9,4,100,4489,0.014367816091954025,0.009373289545703323,1739.3310992890458,695.1950710973657,6,406
correlated,3.0,30,0.3,0.9,4,100,6700,0.012725779967159278,0.0044471811713191044,1829.7626933693289,799.2475029206577,6,406
correlated,3.0,30,0.3,0.9,4,100,10000,0.011083743842364532,0.017036124794745477,1889.003567464241,869.9829788137247,6,406
correlated,3.0,30,0.3,0.9,4,1000,1,0.12438423645320197,1.09995894909688,0.5688309547641502,0.5468610614335697,6,406
correlated,3.0,30,0.3,0.9,4,1000,2,0.12151067323481117,1.1269841269841272,1.24787355449823,1.1644126317070198,6,406
correlated,3.0,30,0.3,0.9,4,1000,3,0.11986863711001643,1.092501368363436,1.724065704281496,1.7772283128456694,6,406
correlated,3.0,30,0.3,0.9,4,1000,5,0.1182266009852217,1.1403940886699477,2.5519054053779713,2.746570046074334,6,406
correlated,3.0,30,0.3,0.9,4,1000,7,0.117816091954023,1.0750547345374917,3.1797929015693485,3.203879852255289,6,406
correlated,3.0,30,0.3,0.9,4,1000,11,0.11412151067323482,1.1409414340448814,5.322390599652723,5.54465170047342,6,406
correlated,3.0,30,0.3,0.9,4,1000,16,0.11083743842364531,1.044334975369459,7.644127994072686,8.524574363721902,6,406
correlated,3.0,30,0.3,0.9,4,1000,25,0.11247947454844005,0.9455391351943074,13.014938080644251,15.830880826611331,6,406
correlated,3.0,30,0.3,0.9,4,1000,37,0.1091954022988506,1.0670498084291173,16.402007980186834,17.79831660860206,6,406
correlated,3.0,30,0.3,0.9,4,1000,55,0.10796387520525452,0.994594964422551,23.470973709437214,19.30945226653311,6,406
correlated,3.0,30,0.3,0.9,4,1000,82,0.10139573070607553,1.1358100711548984,32.57322312848863,35.301701922537696,6,406
correlated,3.0,30,0.3,0.9,4,1000,122,0.0960591133004926,1.1116584564860432,39.49942588668807,56.01746819006453,6,406
correlated,3.0,30,0.3,0.9,4,1000,182,0.09072249589490967,1.0175834701696782,56.063305288006376,83.17797519441281,6,406
correlated,3.0,30,0.3,0.9,4,1000,272,0.08374384236453201,0.757799671592776,65.28206796566353,94.38908237262122,6,406
correlated,3.0,30,0.3,0.9,4,1000,406,0.08169129720853859,0.7630678708264923,72.34801025040937,97.54256454741325,6,406
correlated,3.0,30,0.3,0.9,4,1000,606,0.07594417077175698,0.6899972632731252,134.6418394162604,185.81905081520938,6,406
correlated,3.0,30,0.3,0.9,4,1000,905,0.08087027914614121,0.5282567049808433,157.6188218938249,159.0392804236126,6,406
correlated,3.0,30,0.3,0.9,4,1000,1350,0.0755336617405583,0.6934865900383145,295.1387012006793,332.23468603546826,6,406
correlated,3.0,30,0.3,0.9,4,1000,2015,0.069376026272578,0.5192255062944722,384.27654357312235,451.18704442914014,6,406
correlated,3.0,30,0.3,0.9,4,1000,3008,0.0603448275862069,0.3864942528735631,486.57618259778155,595.7620415875117,6,406
correlated,3.0,30,0.3,0.9,4,1000,4489,0.0636288998357964,0.48227969348659017,560.0547830085585,708.554600997033,6,406
correlated,3.0,30,0.3,0.9,4,1000,6700,0.06198686371100165,0.40674603174603147,653.4966326330006,868.416379381532,6,406
correlated,3.0,30,0.3,0.9,4,1000,10000,0.06239737274220033,0.33962780514504654,665.2536013348645,888.2460007845837,6,406
correlated,3.0,30,0.3,0.9,4,10000,1,0.20566502463054184,0.056444991789824775,0.0369160150480038,0.018645602132641572,6,406
correlated,3.0,30,0.3,0.9,4,10000,2,0.20566502463054184,0.06301313628900555,0.044477880036245414,0.025509192539567117,6,406
correlated,3.0,30,0.3,0.9,4,10000,3,0.2048440065681445,0.05206622879036435,0.0636175089360506,0.02558124884495714,6,406
correlated,3.0,30,0.3,0.9,4,10000,5,0.2044334975369458,0.05090311986863835,0.10703174745786452,0.05190923835727008,6,406
correlated,3.0,30,0.3,0.9,4,10000,7,0.20361247947454844,0.05309250136836152,0.15744344430197535,0.06364969356598019,6,406
correlated,3.0,30,0.3,0.9,4,10000,11,0.20032840722495895,0.05637657361795191,0.2474234381006816,0.13267424268051323,6,406
correlated,3.0,30,0.3,0.9,4,10000,16,0.19581280788177338,0.058908045977014045,0.3263429298072957,0.19047894890974257,6,406
correlated,3.0,30,0.3,0.9,4,10000,25,0.1929392446633826,0.06294471811712987,0.42138100350002494,0.20874302207183618,6,406
correlated,3.0,30,0.3,0.9,4,10000,37,0.1921182266009852,0.05582922824302253,0.5560576137641081,0.30853807842638176,6,406
correlated,3.0,30,0.3,0.9,4,10000,55,0.18842364532019706,0.07450738916255924,0.5668605327908687,0.24276684063099374,6,406
correlated,3.0,30,0.3,0.9,4,10000,82,0.1904761904761905,0.03420908593321749,0.7201272776988251,0.2378638619153086,6,406
correlated,3.0,30,0.3,0.9,4,10000,122,0.180623973727422,0.02271483305965817,0.8364638899503923,0.15853752001710167,6,406
correlated,3.0,30,0.3,0.9,4,10000,182,0.18021346469622332,0.014299397920087553,1.2295030660105961,0.5177207081323443,6,406
correlated,3.0,30,0.3,0.9,4,10000,272,0.17487684729064037,0.004105090311990099,1.5382385498350841,0.5484758597825554,6,406
correlated,3.0,30,0.3,0.9,4,10000,406,0.17610837438423646,0.030172413793101663,1.5707797915040607,0.9278907900402136,6,406
correlated,3.0,30,0.3,0.9,4,10000,606,0.16789819376026272,0.041392993979200515,1.894044333107072,0.6829927166498108,6,406
correlated,3.0,30,0.3,0.9,4,10000,905,0.16009852216748768,0.020525451559933593,2.695164055119067,1.331920126245286,6,406
correlated,3.0,30,0.3,0.9,4,10000,1350,0.15804597701149423,0.055350301039958964,3.0994193532858993,1.1704400056741011,6,406
correlated,3.0,30,0.3,0.9,4,10000,2015,0.15106732348111657,0.07443897099069764,3.3016690981156547,1.0259802816294066,6,406
correlated,3.0,30,0.3,0.9,4,10000,3008,0.145320197044335,0.07142857142856912,3.4664256678594714,1.099921213285065,6,406
correlated,3.0,30,0.3,0.9,4,10000,4489,0.14367816091954025,0.08921729611384735,4.1462372507203815,1.7401686736368651,6,406
correlated,3.0,30,0.3,0.9,4,10000,6700,0.13916256157635468,0.04166666666666943,5.133797479564115,1.8267313324338434,6,406
correlated,3.0,30,0.3,0.9,4,10000,10000,0.12643678160919541,0.11713191023535721,6.089524073326576,2.3430554910805346,6,406
correlated,3.0,30,0.3,0.9,5,0,1,0.004515599343185551,0.003626163108921727,6.045200969652204,2.802917035081312,6,406
correlated,3.0,30,0.3,0.9,5,0,2,0.004105090311986864,0.0021893814997263252,12.368142318810861,4.751773892979402,6,406
correlated,3.0,30,0.3,0.9,5,0,3,0.004105090311986864,0.0021893814997263252,24.056634830447834,8.5760491227646,6,406
correlated,3.0,30,0.3,0.9,5,0,5,0.0036945812807881776,0.0014367816091954018,38.73758154295529,12.787415410108853,6,406
correlated,3.0,30,0.3,0.9,5,0,7,0.003284072249589491,0.001368363437328955,60.469759405064735,18.718885921959544,6,406
correlated,3.0,30,0.3,0.9,5,0,11,0.0028735632183908046,0.0028051450465243566,114.37198662520855,32.65134899985067,6,406
correlated,3.0,30,0.3,0.9,5,0,16,0.0020525451559934315,0.001163108921729612,200.95645271210364,67.71214626775644,6,406
correlated,3.0,30,0.3,0.9,5,0,25,0.0016420361247947454,0.0013683634373289552,382.2645588859425,116.3385762906687,6,406
correlated,3.0,30,0.3,0.9,5,0,37,0.0008210180623973727,0.0005473453749315821,663.686818258755,206.3074908677286,6,406
correlated,3.0,30,0.3,0.9,5,0,55,0.0008210180623973727,0.0005473453749315821,995.0603006485075,238.7011335227079,6,406
correlated,3.0,30,0.3,0.9,5,0,82,0.0008210180623973727,0.0005473453749315821,1453.5898065146123,448.0487906457107,6,406
correlated,3.0,30,0.3,0.9,5,0,122,0.0020525451559934315,0.0019841269841269845,2051.815637513078,598.450835361092,6,406
correlated,3.0,30,0.3,0.9,5,0,182,0.0024630541871921183,0.0016420361247947454,2469.363078240066,819.6122947565791,6,406
correlated,3.0,30,0.3,0.9,5,0,272,0.0016420361247947454,0.0013683634373289546,3163.359225852116,1286.8716577784926,6,406
correlated,3.0,30,0.3,0.9,5,0,406,0.0020525451559934315,0.0019841269841269845,3596.8455869350732,1635.796798546496,6,406
correlated,3.0,30,0.3,0.9,5,0,606,0.0012315270935960591,0.0014367816091954023,4077.5526244104044,2080.3006969984685,6,406
correlated,3.0,30,0.3,0.9,5,0,905,0.0016420361247947454,0.0013683634373289546,4304.7942686737615,1977.0415526000154,6,406
correlated,3.0,30,0.3,0.9,5,0,1350,0.0016420361247947454,0.0013683634373289546,4576.155848233496,2248.0006177043906,6,406
correlated,3.0,30,0.3,0.9,5,0,2015,0.0016420361247947454,0.0013683634373289546,4679.448534501965,2400.0161655573306,6,406
correlated,3.0,30,0.3,0.9,5,0,3008,0.0016420361247947454,0.0021893814997263283,4972.434928932608,3037.5566928426083,6,406
correlated,3.0,30,0.3,0.9,5,0,4489,0.002052545155993432,0.002805145046524356,5257.056301500172,3539.9862672572835,6,406
correlated,3.0,30,0.3,0.9,5,0,6700,0.0016420361247947454,0.0013683634373289546,5284.315637123637,3609.132586412138,6,406
correlated,3.0,30,0.3,0.9,5,0,10000,0.0020525451559934315,0.0019841269841269845,5294.907878835376,3570.3825367925456,6,406
correlated,3.0,30,0.3,0.9,5,100,1,0.032840722495894904,0.16310892172961147,1.9713849713370193,1.1567842697070079,6,406
correlated,3.0,30,0.3,0.9,5,100,2,0.032840722495894904,0.16310892172961147,3.413543735749224,1.8267702595884983,6,406
correlated,3.0,30,0.3,0.9,5,100,3,0.03243021346469622,0.1431992337164751,6.465843437319151,5.777384643768863,6,406
correlated,3.0,30,0.3,0.9,5,100,5,0.031198686371100164,0.1434044882320744,10.77511639649638,8.966250905246916,6,406
correlated,3.0,30,0.3,0.9,5,100,7,0.02955665024630542,0.13628899835796382,18.15020052170156,11.28295603369552,6,406
correlated,3.0,30,0.3,0.9,5,100,11,0.02873563218390805,0.11138478379857684,37.1471880585538,17.094637467665482,6,406
correlated,3.0,30,0.3,0.9,5,100,16,0.029967159277504107,0.13006294471811702,40.98393771015205,16.369079380488422,6,406
correlated,3.0,30,0.3,0.9,5,100,25,0.025041050903119866,0.09886425834701705,51.78011070646582,21.822725505825623,6,406
correlated,3.0,30,0.3,0.9,5,100,37,0.026683087027914613,0.10132731253420914,76.49249076170736,38.90288884130361,6,406
correlated,3.0,30,0.3,0.9,5,100,55,0.022988505747126436,0.0662287903667214,109.8999196586431,71.7049320947032,6,406
correlated,3.0,30,0.3,0.9,5,100,82,0.02257799671592775,0.08654898741105635,185.12284939354257,127.88147688000892,6,406
correlated,3.0,30,0.3,0.9,5,100,122,0.01929392446633826,0.0881910235358511,321.5013491398624,289.9623265154457,6,406
correlated,3.0,30,0.3,0.9,5,100,182,0.01929392446633826,0.0676655719759168,473.1777231282534,377.3436656152536,6,406
correlated,3.0,30,0.3,0.9,5,100,272,0.016420361247947452,0.057197591680350324,670.8820724036326,651.7125311641422,6,406
correlated,3.0,30,0.3,0.9,5,100,406,0.016420361247947452,0.05145046524356871,903.5343015153677,915.5121506711548,6,406
correlated,3.0,30,0.3,0.9,5,100,606,0.017241379310344824,0.0459770114942529,1033.2500342765206,1020.7436176729416,6,406
correlated,3.0,30,0.3,0.9,5,100,905,0.015188834154351393,0.0381089217296114,1150.1445601074508,968.865211018601,6,406
correlated,3.0,30,0.3,0.9,5,100,1350,0.01765188834154351,0.04385604816639304,1298.5252113229226,1162.2275301113168,6,406
correlated,3.0,30,0.3,0.9,5,100,2015,0.01600985221674877,0.04412972085385879,1395.4180055184736,1395.1701243688049,6,406
correlated,3.0,30,0.3,0.9,5,100,3008,0.015188834154351396,0.03071975916803503,1572.4197394120793,1740.3685951874206,6,406
correlated,3.0,30,0.3,0.9,5,100,4489,0.015599343185550082,0.040777230432402826,1776.0813102075583,2179.5973253946645,6,406
correlated,3.0,30,0.3,0.9,5,100,6700,0.01354679802955665,0.024425287356321837,1803.713309427888,2211.312213487943,6,406
correlated,3.0,30,0.3,0.9,5,100,10000,0.013546798029556653,0.017036124794745457,1794.93180634335,2184.5584937866392,6,406
correlated,3.0,30,0.3,0.9,5,1000,1,0.1564039408866995,0.4406814449917904,0.09587618972103439,0.09352917254134023,6,406
correlated,3.0,30,0.3,0.9,5,1000,2,0.15599343185550082,0.3987411056376577,0.2363871108175076,0.23571750982596498,6,406
correlated,3.0,30,0.3,0.9,5,1000,3,0.15558292282430214,0.4009989053092509,0.49813438287330164,0.6157931064029681,6,406
correlated,3.0,30,0.3,0.9,5,1000,5,0.14942528735632185,0.39381499726327074,0.8771555444175482,1.017354019923642,6,406
correlated,3.0,30,0.3,0.9,5,1000,7,0.1473727422003284,0.33531746031746146,1.0378391269063942,0.9638050249069277,6,406
correlated,3.0,30,0.3,0.9,5,1000,11,0.14614121510673236,0.3494800218938131,1.0602423742917748,0.5222716621542843,6,406
correlated,3.0,30,0.3,0.9,5,1000,16,0.14408866995073893,0.4201559934318526,2.5762500204905936,3.4395933366207365,6,406
correlated,3.0,30,0.3,0.9,5,1000,25,0.14449917898193762,0.40777230432402634,4.328600603818678,7.147654704372731,6,406
correlated,3.0,30,0.3,0.9,5,1000,37,0.14285714285714288,0.38916256157635265,4.700474187703832,6.632079039377811,6,406
correlated,3.0,30,0.3,0.9,5,1000,55,0.13669950738916256,0.34051724137931033,5.549492307367281,6.350439835695561,6,406
correlated,3.0,30,0.3,0.9,5,1000,82,0.13382594417077176,0.4200875752599896,9.471602740517422,13.97761729533582,6,406
correlated,3.0,30,0.3,0.9,5,1000,122,0.1288998357963875,0.37000547345375095,9.674829080769749,10.680455474950396,6,406
correlated,3.0,30,0.3,0.9,5,1000,182,0.12807881773399013,0.3801313628899854,10.311234914475206,11.0957489883734,6,406
correlated,3.0,30,0.3,0.9,5,1000,272,0.12931034482758622,0.3856732348111648,18.589400001504533,28.265669967642538,6,406
correlated,3.0,30,0.3,0.9,5,1000,406,0.12479474548440066,0.4258347016967707,16.599526005197408,17.93550093076384,6,406
correlated,3.0,30,0.3,0.9,5,1000,606,0.12479474548440066,0.2911877394636013,32.93445804380741,58.88365132144355,6,406
correlated,3.0,30,0.3,0.9,5,1000,905,0.11576354679802957,0.3292282430213456,32.39783195941991,50.76385911924275,6,406
correlated,3.0,30,0.3,0.9,5,1000,1350,0.1145320197044335,0.2707307060755343,64.321717392463,127.34428475846163,6,406
correlated,3.0,30,0.3,0.9,5,1000,2015,0.10344827586206895,0.26929392446634004,127.46238876086284,276.0917383794785,6,406
correlated,3.0,30,0.3,0.9,5,1000,3008,0.09852216748768472,0.3013136288998358,235.1030689413327,527.6710939782126,6,406
correlated,3.0,30,0.3,0.9,5,1000,4489,0.09277504105090313,0.34865900383141696,239.59691120078358,529.8638999106004,6,406
correlated,3.0,30,0.3,0.9,5,1000,6700,0.08087027914614121,0.19984948002189382,251.8030618229684,550.4222987130374,6,406
correlated,3.0,30,0.3,0.9,5,1000,10000,0.07430213464696223,0.1842501368363444,252.515307329279,544.9502372345703,6,406
correlated,3.0,30,0.3,0.9,5,10000,1,0.20853858784893267,0.012862616310889821,0.035804266602617325,0.019851348724795385,6,406
correlated,3.0,30,0.3,0.9,5,10000,2,0.20730706075533664,0.012657361795285316,0.06690093310353575,0.04150647834710957,6,406
correlated,3.0,30,0.3,0.9,5,10000,3,0.20730706075533664,0.012657361795285316,0.09791663356166092,0.06785645715514574,6,406
correlated,3.0,30,0.3,0.9,5,10000,5,0.2048440065681445,0.010194307608098863,0.12622791384235305,0.07073040891226322,6,406
correlated,3.0,30,0.3,0.9,5,10000,7,0.2044334975369458,0.007389162561576262,0.18622693429597525,0.11735261811180928,6,406
correlated,3.0,30,0.3,0.9,5,10000,11,0.20361247947454844,0.012862616310892638,0.25042030451689884,0.11151385897384052,6,406
correlated,3.0,30,0.3,0.9,5,10000,16,0.20525451559934318,0.009578544061305067,0.2865060656150785,0.10852805922618523,6,406
correlated,3.0,30,0.3,0.9,5,10000,25,0.19991789819376027,0.007731253420906775,0.4095189028205332,0.1901628086660873,6,406
correlated,3.0,30,0.3,0.9,5,10000,37,0.19581280788177338,0.01949917898193783,0.5076461850143338,0.22292967732838492,6,406
correlated,3.0,30,0.3,0.9,5,10000,55,0.19581280788177338,0.02114121510673443,0.5252165888180299,0.08355893679019676,6,406
correlated,3.0,30,0.3,0.9,5,10000,82,0.19417077175697864,0.027435686918446292,0.6251574943999237,0.1415912333893248,6,406
correlated,3.0,30,0.3,0.9,5,10000,122,0.18760262725779966,0.045498084291189206,0.8793513270720391,0.3680384917795026,6,406
correlated,3.0,30,0.3,0.9,5,10000,182,0.18431855500821018,0.054529282977559254,1.0844099666799758,0.3601635535508694,6,406
correlated,3.0,30,0.3,0.9,5,10000,272,0.18185550082101806,0.014299397920087553,1.177864998305392,0.5612633811073298,6,406
correlated,3.0,30,0.3,0.9,5,10000,406,0.18637110016420358,0.05719759168035585,1.125688173545586,0.6004418437993058,6,406
correlated,3.0,30,0.3,0.9,5,10000,606,0.17857142857142858,0.03756157635468074,1.6222795097046312,0.5201984776448983,6,406
correlated,3.0,30,0.3,0.9,5,10000,905,0.17446633825944172,0.03236179529282765,1.9477510577434494,0.4474252724888079,6,406
correlated,3.0,30,0.3,0.9,5,10000,1350,0.17036124794745486,0.053708264915158135,2.6587526610628114,1.1970491403315278,6,406
correlated,3.0,30,0.3,0.9,5,10000,2015,0.1592775041050903,0.10153256704980779,3.3018411972961235,1.4829499931896835,6,406
correlated,3.0,30,0.3,0.9,5,10000,3008,0.15188834154351397,0.0818281335522725,3.622414491998752,1.1914572402442583,6,406
correlated,3.0,30,0.3,0.9,5,10000,4489,0.14573070607553365,0.11856869184455493,4.152772797179662,1.3636016371976203,6,406
correlated,3.0,30,0.3,0.9,5,10000,6700,0.14080459770114942,0.055350301039957556,4.97355014736489,1.7590695699492773,6,406
correlated,3.0,30,0.3,0.9,5,10000,10000,0.13218390804597702,0.06458675424192648,4.970363225128159,1.8346636668960916,6,406
correlated,3.0,30,0.3,0.9,6,0,1,0.0032840722495894904,0.004652435686918446,4.300018741554387,1.8426041952578094,6,406
correlated,3.0,30,0.3,0.9,6,0,2,0.0024630541871921183,0.003284072249589491,9.866229318135886,3.4353988097617645,6,406
correlated,3.0,30,0.3,0.9,6,0,3,0.0016420361247947454,0.0030103995621236996,16.80203599458424,5.786746778419931,6,406
correlated,3.0,30,0.3,0.9,6,0,5,0.0016420361247947454,0.0030103995621236996,31.67553981044098,7.170526921891625,6,406
correlated,3.0,30,0.3,0.9,6,0,7,0.0016420361247947454,0.0030103995621236996,53.02756036477424,19.048131638326687,6,406
correlated,3.0,30,0.3,0.9,6,0,11,0.0016420361247947454,0.0013683634373289546,98.11185429936272,29.59070288464434,6,406
correlated,3.0,30,0.3,0.9,6,0,16,0.0016420361247947454,0.0013683634373289546,180.83030123072442,34.01012491992783,6,406
correlated,3.0,30,0.3,0.9,6,0,25,0.0016420361247947454,0.0013683634373289546,354.22454979026196,55.15226367169798,6,406
correlated,3.0,30,0.3,0.9,6,0,37,0.0008210180623973727,0.0005473453749315821,574.227255823902,105.06485066318143,6,406
correlated,3.0,30,0.3,0.9,6,0,55,0.0008210180623973727,0.0005473453749315821,915.8944938455458,201.19817322232427,6,406
correlated,3.0,30,0.3,0.9,6,0,82,0.0012315270935960591,0.0014367816091954023,1346.3108059306758,303.4479193109421,6,406
correlated,3.0,30,0.3,0.9,6,0,122,0.0012315270935960591,0.0014367816091954023,1723.425398971386,378.51363937745924,6,406
correlated,3.0,30,0.3,0.9,6,0,182,0.0,0.0,2029.3625698647909,405.0096297737116,6,406
correlated,3.0,30,0.3,0.9,6,0,272,0.0008210180623973727,0.0005473453749315821,2284.40682569526,474.3352839390966,6,406
correlated,3.0,30,0.3,0.9,6,0,406,0.0016420361247947454,0.0013683634373289546,2653.364643407986,742.9416954515807,6,406
correlated,3.0,30,0.3,0.9,6,0,606,0.0012315270935960591,0.0006157635467980298,2847.359981157941,913.8328293836676,6,406
correlated,3.0,30,0.3,0.9,6,0,905,0.0008210180623973727,0.0005473453749315821,2955.67538088507,860.7994292690443,6,406
correlated,3.0,30,0.3,0.9,6,0,1350,0.0012315270935960591,0.0006157635467980298,3209.2321148023343,1002.4076764017423,6,406
correlated,3.0,30,0.3,0.9,6,0,2015,0.0016420361247947454,0.0005473453749315822,3574.456156908496,1213.9309930643717,6,406
correlated,3.0,30,0.3,0.9,6,0,3008,0.0012315270935960591,0.0006157635467980298,3812.9247786419055,1436.0618398169313,6,406
correlated,3.0,30,0.3,0.9,6,0,4489,0.0016420361247947454,0.0005473453749315822,3981.1795584241595,1570.3488651950554,6,406
correlated,3.0,30,0.3,0.9,6,0,6700,0.0012315270935960591,0.0006157635467980298,4038.969910979882,1653.8314002416564,6,406
correlated,3.0,30,0.3,0.9,6,0,10000,0.0020525451559934315,0.001163108921729612,4159.583219788282,1712.8377907787496,6,406
correlated,3.0,30,0.3,0.9,6,100,1,0.03735632183908046,0.08490695128626155,2.0516754798843038,1.8270165331152648,6,406
correlated,3.0,30,0.3,0.9,6,100,2,0.0332512315270936,0.05808702791461407,3.1739272804125265,2.078910672964422,6,406
correlated,3.0,30,0.3,0.9,6,100,3,0.03160919540229885,0.07177066228790369,5.82272447864631,2.5637973874706725,6,406
correlated,3.0,30,0.3,0.9,6,100,5,0.02955665024630542,0.06732348111658458,9.565998977014171,4.923131335961909,6,406
correlated,3.0,30,0.3,0.9,6,100,7,0.03078817733990148,0.08107553366174046,12.758041699501327,6.060898462045359,6,406
correlated,3.0,30,0.3,0.9,6,100,11,0.02955665024630542,0.07471264367816084,19.6194120865055,9.220997904592794,6,406
correlated,3.0,30,0.3,0.9,6,100,16,0.02873563218390805,0.07854406130268193,28.033940309054046,17.03475680277407,6,406
correlated,3.0,30,0.3,0.9,6,100,25,0.029146141215106735,0.0881910235358511,38.75449753101262,20.4613392804929,6,406
correlated,3.0,30,0.3,0.9,6,100,37,0.026272577996715927,0.08347016967706623,59.931669664617324,30.70559423425989,6,406
correlated,3.0,30,0.3,0.9,6,100,55,0.026272577996715927,0.06130268199233723,85.60881191199435,48.24578895314833,6,406
correlated,3.0,30,0.3,0.9,6,100,82,0.024630541871921183,0.05747126436781605,112.30272104674991,51.742358148677035,6,406
correlated,3.0,30,0.3,0.9,6,100,122,0.02504105090311987,0.048782156540777215,146.8001016607723,55.48129775508074,6,406
correlated,3.0,30,0.3,0.9,6,100,182,0.02380952380952381,0.058018609742747675,183.9288693683233,49.306431327325456,6,406
correlated,3.0,30,0.3,0.9,6,100,272,0.022988505747126436,0.04898741105637657,277.1124533057819,132.1128391650568,6,406
correlated,3.0,30,0.3,0.9,6,100,406,0.020525451559934318,0.06869184455391354,384.39791785955435,206.27156146105384,6,406
correlated,3.0,30,0.3,0.9,6,100,606,0.020114942528735632,0.05617131910235361,454.8493219688812,242.75180293641168,6,406
correlated,3.0,30,0.3,0.9,6,100,905,0.021756978653530375,0.076696770662288,561.6218551267008,269.6317233861174,6,406
correlated,3.0,30,0.3,0.9,6,100,1350,0.022167487684729065,0.04351395730706072,632.1205204858226,303.3963861212305,6,406
correlated,3.0,30,0.3,0.9,6,100,2015,0.019293924466338257,0.06109742747673783,843.0481310877104,501.19976139395834,6,406
correlated,3.0,30,0.3,0.9,6,100,3008,0.017241379310344827,0.019704433497536943,1017.6333455140563,717.389250225372,6,406
correlated,3.0,30,0.3,0.9,6,100,4489,0.014778325123152707,0.009031198686371115,1121.9460813553903,860.8081620206846,6,406
correlated,3.0,30,0.3,0.9,6,100,6700,0.016830870279146138,0.02661466885604821,1149.3684103433786,911.5163894946346,6,406
correlated,3.0,30,0.3,0.9,6,100,10000,0.01354679802955665,0.012110016420361257,1212.8642233544024,960.2512875283413,6,406
correlated,3.0,30,0.3,0.9,6,1000,1,0.13505747126436782,0.5980432402846193,0.21215290206863158,0.3033541212683746,6,406
correlated,3.0,30,0.3,0.9,6,1000,2,0.1325944170771757,0.6202107279693481,0.42591081289681093,0.3978926964975134,6,406
correlated,3.0,30,0.3,0.9,6,1000,3,0.12972085385878487,0.5990695128626193,0.7438883381372595,0.6288150364336762,6,406
correlated,3.0,30,0.3,0.9,6,1000,5,0.12807881773399016,0.5821018062397366,1.265165125892379,1.2031108817959555,6,406
correlated,3.0,30,0.3,0.9,6,1000,7,0.12766830870279144,0.5922961138478396,1.4543913924321696,1.4749607716381292,6,406
correlated,3.0,30,0.3,0.9,6,1000,11,0.1260262725779967,0.6128215654077732,2.261980905228571,1.9251178633500798,6,406
correlated,3.0,30,0.3,0.9,6,1000,16,0.12315270935960591,0.5303776683087027,2.949184143522533,2.531097907525172,6,406
correlated,3.0,30,0.3,0.9,6,1000,25,0.11945812807881774,0.5777914614121504,5.035018643908098,4.737118676932306,6,406
correlated,3.0,30,0.3,0.9,6,1000,37,0.11699507389162563,0.6057060755336617,8.560287080812785,11.157464434305043,6,406
correlated,3.0,30,0.3,0.9,6,1000,55,0.11206896551724138,0.4209770114942523,13.778090929105993,20.77205113766839,6,406
correlated,3.0,30,0.3,0.9,6,1000,82,0.10878489326765188,0.501163108921731,15.88790175742421,19.57962499993957,6,406
correlated,3.0,30,0.3,0.9,6,1000,122,0.10919540229885057,0.42911877394636105,23.089003688244087,29.094087254532813,6,406
correlated,3.0,30,0.3,0.9,6,1000,182,0.10467980295566502,0.44068144499178974,34.519305030970976,50.711277302197836,6,406
correlated,3.0,30,0.3,0.9,6,1000,272,0.10467980295566502,0.4768062397372748,38.52792117249955,52.11663672392256,6,406
correlated,3.0,30,0.3,0.9,6,1000,406,0.0993431855500821,0.3609742747673788,40.89799927024121,61.397599126993455,6,406
correlated,3.0,30,0.3,0.9,6,1000,606,0.09318555008210179,0.3624110563765751,73.60793362437636,97.7603567941356,6,406
correlated,3.0,30,0.3,0.9,6,1000,905,0.09195402298850575,0.398741105637657,103.85710128801828,125.51441655215056,6,406
correlated,3.0,30,0.3,0.9,6,1000,1350,0.09236453201970442,0.4242610837438434,122.1750600690496,138.6198680187643,6,406
correlated,3.0,30,0.3,0.9,6,1000,2015,0.08210180623973727,0.32320744389709954,212.8322340125682,248.92987375070373,6,406
correlated,3.0,30,0.3,0.9,6,1000,3008,0.07676518883415435,0.16782977558839599,297.23463492489117,369.42352099545013,6,406
correlated,3.0,30,0.3,0.9,6,1000,4489,0.0665024630541872,0.11740558292282437,335.34148245821797,421.03608499549233,6,406
correlated,3.0,30,0.3,0.9,6,1000,6700,0.06978653530377668,0.15654077723043236,346.4498104761911,409.1613342562341,6,406
correlated,3.0,30,0.3,0.9,6,1000,10000,0.06527093596059114,0.08764367816091974,376.00809121460844,449.7245054567969,6,406
correlated,3.0,30,0.3,0.9,6,10000,1,0.18842364532019706,0.15660919540229923,0.09702283918515447,0.1734950914083953,6,406
correlated,3.0,30,0.3,0.9,6,10000,2,0.18842364532019706,0.15660919540229923,0.13173097134908685,0.2012878606752098,6,406
correlated,3.0,30,0.3,0.9,6,10000,3,0.1867816091954023,0.1637246852764094,0.2685198683151108,0.4893747333983444,6,406
correlated,3.0,30,0.3,0.9,6,10000,5,0.1867816091954023,0.15715654077723146,0.3381531314274658,0.5202444134183761,6,406
correlated,3.0,30,0.3,0.9,6,10000,7,0.18513957307060755,0.1850711548987427,0.4968776697901494,0.8299611235932727,6,406
correlated,3.0,30,0.3,0.9,6,10000,11,0.18144499178981935,0.15161466885605346,0.5161467650379331,0.6815801216509884,6,406
correlated,3.0,30,0.3,0.9,6,10000,16,0.1777504105090312,0.10789545703338688,0.6994561653886876,0.8018356514358211,6,406
correlated,3.0,30,0.3,0.9,6,10000,25,0.1752873563218391,0.1571565407772272,0.8481093905662748,1.0316857651631701,6,406
correlated,3.0,30,0.3,0.9,6,10000,37,0.17282430213464695,0.206417624521076,1.2122560523018981,1.6390522669644736,6,406
correlated,3.0,30,0.3,0.9,6,10000,55,0.17282430213464695,0.15551450465243766,1.415252803464362,1.467404897849293,6,406
correlated,3.0,30,0.3,0.9,6,10000,82,0.17118226600985223,0.17056650246305205,2.234112024039208,2.8825567700716395,6,406
correlated,3.0,30,0.3,0.9,6,10000,122,0.16543513957307063,0.23022714833059293,2.4436462232078866,3.2284722296238173,6,406
correlated,3.0,30,0.3,0.9,6,10000,182,0.16502463054187191,0.19047619047619185,3.493525882817309,5.1535333278655875,6,406
correlated,3.0,30,0.3,0.9,6,10000,272,0.1568144499178982,0.20498084291187688,7.0505332747478695,12.485078885678686,6,406
correlated,3.0,30,0.3,0.9,6,10000,406,0.15311986863711002,0.2228379857690195,7.9751000215528665,13.055494662806558,6,406
correlated,3.0,30,0.3,0.9,6,10000,606,0.1481937602627258,0.1218527640941425,5.810358197608294,6.4623201790298035,6,406
correlated,3.0,30,0.3,0.9,6,10000,905,0.1395730706075534,0.13847837985768768,9.571353776975661,14.97213714241693,6,406
correlated,3.0,30,0.3,0.9,6,10000,1350,0.13669950738916256,0.15907224958949273,9.1127382285143,13.081811240633517,6,406
correlated,3.0,30,0.3,0.9,6,10000,2015,0.13505747126436782,0.3074028461959502,9.620239915565053,14.590715154953092,6,406
correlated,3.0,30,0.3,0.9,6,10000,3008,0.13218390804597702,0.2583470169677059,10.814978623945954,16.47750434481958,6,406
correlated,3.0,30,0.3,0.9,6,10000,4489,0.12520525451559936,0.2918035030103979,14.384339333395575,23.895965420171095,6,406
correlated,3.0,30,0.3,0.9,6,10000,6700,0.12233169129720854,0.20415982484947998,14.890527692324781,24.75087386633766,6,406
correlated,3.0,30,0.3,0.9,6,10000,10000,0.11945812807881774,0.2255747126436784,14.519087031410614,20.156050899095195,6,406
correlated,3.0,30,0.3,0.9,7,0,1,0.0049261083743842365,0.002463054187192118,5.069828283943112,2.4258355983066946,6,406
correlated,3.0,30,0.3,0.9,7,0,2,0.004515599343185551,0.0028051450465243553,10.728205292681926,4.078924339895765,6,406
correlated,3.0,30,0.3,0.9,7,0,3,0.004105090311986864,0.0013683634373289537,21.573560130027218,8.0588495092576,6,406
correlated,3.0,30,0.3,0.9,7,0,5,0.0036945812807881776,0.0022577996715927736,36.12787893769669,12.163230813511138,6,406
correlated,3.0,30,0.3,0.9,7,0,7,0.004515599343185551,0.0019841269841269823,62.2633144793953,18.42972306438018,6,406
correlated,3.0,30,0.3,0.9,7,0,11,0.003284072249589491,0.0013683634373289556,118.90010188959549,33.504747213632065,6,406
correlated,3.0,30,0.3,0.9,7,0,16,0.0028735632183908046,0.0019841269841269853,209.3781532112458,49.923064606717666,6,406
correlated,3.0,30,0.3,0.9,7,0,25,0.0016420361247947454,0.0013683634373289546,424.0533759658779,117.61894582576382,6,406
correlated,3.0,30,0.3,0.9,7,0,37,0.002052545155993432,0.0011631089217296112,737.9288577583719,188.57405931057176,6,406
correlated,3.0,30,0.3,0.9,7,0,55,0.0012315270935960591,0.0006157635467980298,1075.030633203678,226.54590159866032,6,406
correlated,3.0,30,0.3,0.9,7,0,82,0.0008210180623973727,0.0005473453749315821,1433.912834809118,272.9753305349769,6,406
correlated,3.0,30,0.3,0.9,7,0,122,0.0016420361247947454,0.0005473453749315822,1926.8390831330416,452.98671358206,6,406
correlated,3.0,30,0.3,0.9,7,0,182,0.0016420361247947454,0.0005473453749315822,2354.3794171746463,614.4896669610455,6,406
correlated,3.0,30,0.3,0.9,7,0,272,0.0016420361247947454,0.0005473453749315822,2808.68487144808,765.5963299490039,6,406
correlated,3.0,30,0.3,0.9,7,0,406,0.002052545155993432,0.0011631089217296112,3190.7861235340156,877.4734449798065,6,406
correlated,3.0,30,0.3,0.9,7,0,606,0.002052545155993432,0.0011631089217296112,3382.8399887576197,1031.3507641534625,6,406
correlated,3.0,30,0.3,0.9,7,0,905,0.0016420361247947454,0.0005473453749315822,3559.1845949226868,893.2517176830702,6,406
correlated,3.0,30,0.3,0.9,7,0,1350,0.00041050903119868636,0.0003420908593322387,3852.483931854322,1065.369882800049,6,406
correlated,3.0,30,0.3,0.9,7,0,2015,0.0008210180623973727,0.0005473453749315821,4122.128612556765,1147.2813683204747,6,406
correlated,3.0,30,0.3,0.9,7,0,3008,0.00041050903119868636,0.0003420908593322387,4509.147877841268,1406.8630299271024,6,406
correlated,3.0,30,0.3,0.9,7,0,4489,0.0008210180623973727,0.0005473453749315821,4979.381790095534,1892.434252391626,6,406
correlated,3.0,30,0.3,0.9,7,0,6700,0.0008210180623973727,0.0005473453749315821,5418.592788022338,2086.956314232699,6,406
correlated,3.0,30,0.3,0.9,7,0,10000,0.0016420361247947454,0.0013683634373289546,5624.096608954852,2135.7309883686685,6,406
correlated,3.0,30,0.3,0.9,7,100,1,0.03530377668308703,0.10810071154898733,2.835892822232886,1.1421213627211284,6,406
correlated,3.0,30,0.3,0.9,7,100,2,0.03407224958949097,0.10296934865900394,5.311276233388122,2.9448091634502274,6,406
correlated,3.0,30,0.3,0.9,7,100,3,0.03407224958949097,0.10953749315818287,7.4974265041878665,3.959392808876519,6,406
correlated,3.0,30,0.3,0.9,7,100,5,0.0332512315270936,0.12048440065681447,12.016882976083087,5.462703941843748,6,406
correlated,3.0,30,0.3,0.9,7,100,7,0.032430213464696225,0.13416803503010383,16.00714254682476,7.676749650739931,6,406
correlated,3.0,30,0.3,0.9,7,100,11,0.03201970443349754,0.11330049261083744,23.191688238573736,14.552577176653257,6,406
correlated,3.0,30,0.3,0.9,7,100,16,0.0299671592775041,0.12759989053092521,28.00056870043723,17.42139055307417,6,406
correlated,3.0,30,0.3,0.9,7,100,25,0.029146141215106728,0.15058839627805154,44.96562549123596,29.521432044868195,6,406
correlated,3.0,30,0.3,0.9,7,100,37,0.029146141215106735,0.09640120415982488,70.3220495750273,23.971306232354962,6,406
correlated,3.0,30,0.3,0.9,7,100,55,0.028325123152709363,0.10652709359605911,107.81232139007466,62.701723308432506,6,406
correlated,3.0,30,0.3,0.9,7,100,82,0.026272577996715934,0.10399562123700036,157.56557641894133,94.73688387707537,6,406
correlated,3.0,30,0.3,0.9,7,100,122,0.024630541871921183,0.1272577996715928,237.46693428624675,137.93864768787378,6,406
correlated,3.0,30,0.3,0.9,7,100,182,0.024220032840722494,0.07998084291187746,346.45131562577234,195.56725680840543,6,406
correlated,3.0,30,0.3,0.9,7,100,272,0.023399014778325126,0.09174876847290636,459.527684308598,233.73528870625032,6,406
correlated,3.0,30,0.3,0.9,7,100,406,0.024220032840722494,0.04878215654077726,538.2834050260083,221.4212494599982,6,406
correlated,3.0,30,0.3,0.9,7,100,606,0.02257799671592775,0.04960317460317464,641.3005662855925,308.3400066487322,6,406
correlated,3.0,30,0.3,0.9,7,100,905,0.02052545155993432,0.06787082649151611,762.7257398998457,262.6126238978208,6,406
correlated,3.0,30,0.3,0.9,7,100,1350,0.018883415435139574,0.03585112205801858,877.2983958357585,411.7307563444699,6,406
correlated,3.0,30,0.3,0.9,7,100,2015,0.021346469622331693,0.04898741105637653,1011.5123447207097,421.1937604148271,6,406
correlated,3.0,30,0.3,0.9,7,100,3008,0.020935960591133004,0.05151888341543519,1282.3003960484623,667.1702286503247,6,406
correlated,3.0,30,0.3,0.9,7,100,4489,0.01929392446633826,0.036466885604816625,1589.0607522263526,1012.7123675515393,6,406
correlated,3.0,30,0.3,0.9,7,100,6700,0.018062397372742203,0.020251778872468526,1880.9128730644245,1187.0071904541148,6,406
correlated,3.0,30,0.3,0.9,7,100,10000,0.015599343185550082,0.024356869184455367,2036.874526270339,1273.3159241745132,6,406
correlated,3.0,30,0.3,0.9,7,1000,1,0.11822660098522168,0.4178981937602615,0.6860347799292913,0.9321587767856949,6,406
correlated,3.0,30,0.3,0.9,7,1000,2,0.11699507389162561,0.39142036124794866,0.6361334610941571,0.5663218417927521,6,406
correlated,3.0,30,0.3,0.9,7,1000,3,0.11699507389162563,0.4070197044334974,1.1294675103509542,1.2997912545036956,6,406
correlated,3.0,30,0.3,0.9,7,1000,5,0.11535303776683087,0.4133141762452114,1.4611359164105024,1.7495529369205713,6,406
correlated,3.0,30,0.3,0.9,7,1000,7,0.11288998357963875,0.3648741105637658,2.8652096963474336,3.7351112690799657,6,406
correlated,3.0,30,0.3,0.9,7,1000,11,0.11042692939244664,0.3484537493158188,3.599990062162338,3.9959085775662166,6,406
correlated,3.0,30,0.3,0.9,7,1000,16,0.11247947454844008,0.40613026819923254,8.285346931871468,10.697506025629277,6,406
correlated,3.0,30,0.3,0.9,7,1000,25,0.10467980295566504,0.33394909688013097,12.56776181855409,15.939523452065618,6,406
correlated,3.0,30,0.3,0.9,7,1000,37,0.10221674876847292,0.363505747126436,15.567350330728509,19.203689665313494,6,406
correlated,3.0,30,0.3,0.9,7,1000,55,0.10098522167487685,0.42692939244663364,16.64766276620369,17.095000745169976,6,406
correlated,3.0,30,0.3,0.9,7,1000,82,0.09729064039408869,0.36678981937602495,17.222079457396525,17.623272615180106,6,406
correlated,3.0,30,0.3,0.9,7,1000,122,0.09564860426929393,0.4190613026819917,37.20606611277532,46.21416369345207,6,406
correlated,3.0,30,0.3,0.9,7,1000,182,0.09400656814449916,0.2638888888888902,55.34992724149854,68.87462776018246,6,406
correlated,3.0,30,0.3,0.9,7,1000,272,0.08866995073891626,0.3390804597701154,54.75369479578368,76.92097805886884,6,406
correlated,3.0,30,0.3,0.9,7,1000,406,0.08251231527093597,0.3199917898193753,81.33320460655248,106.47348335278402,6,406
correlated,3.0,30,0.3,0.9,7,1000,606,0.08169129720853859,0.3320333880678707,120.76491697401191,155.99903102146087,6,406
correlated,3.0,30,0.3,0.9,7,1000,905,0.07758620689655173,0.31424466338259427,114.2205415822594,137.52561525835372,6,406
correlated,3.0,30,0.3,0.9,7,1000,1350,0.0726600985221675,0.18780788177339877,163.68764392405373,181.86048800998003,6,406
correlated,3.0,30,0.3,0.9,7,1000,2015,0.07060755336617405,0.2205801860974277,270.5967039651591,366.837417958411,6,406
correlated,3.0,30,0.3,0.9,7,1000,3008,0.07019704433497538,0.18944991789819293,477.29947648687244,645.4989640822884,6,406
correlated,3.0,30,0.3,0.9,7,1000,4489,0.07101806239737274,0.16865079365079358,674.4266689308203,914.9074519848348,6,406
correlated,3.0,30,0.3,0.9,7,1000,6700,0.0603448275862069,0.09995894909688,853.0056811155937,1107.3693756934847,6,406
correlated,3.0,30,0.3,0.9,7,1000,10000,0.05500821018062398,0.1319102353585108,930.241963651475,1190.3077782661946,6,406
correlated,3.0,30,0.3,0.9,7,10000,1,0.2044334975369458,0.12972085385878515,0.022607674933258697,0.021974894944231892,6,406
correlated,3.0,30,0.3,0.9,7,10000,2,0.2044334975369458,0.12972085385878515,0.03809371779373789,0.022004868323662236,6,406
correlated,3.0,30,0.3,0.9,7,10000,3,0.20361247947454844,0.12452107279693488,0.06432535312056546,0.04709781963184923,6,406
correlated,3.0,30,0.3,0.9,7,10000,5,0.2019704433497537,0.13136288998357612,0.11300615275426568,0.09742934927853772,6,406
correlated,3.0,30,0.3,0.9,7,10000,7,0.20155993431855498,0.1259578544061326,0.14353149463885673,0.098847255012451,6,406
correlated,3.0,30,0.3,0.9,7,10000,11,0.2007389162561576,0.11555829228243206,0.16594739490118823,0.08098206087178625,6,406
correlated,3.0,30,0.3,0.9,7,10000,16,0.19581280788177338,0.15660919540229923,0.25303027457500005,0.1378476535248985,6,406
correlated,3.0,30,0.3,0.9,7,10000,25,0.1933497536945813,0.17302955665024555,0.30919775421698115,0.14310048629121117,6,406
correlated,3.0,30,0.3,0.9,7,10000,37,0.18842364532019706,0.1771346469622314,0.5582952908017399,0.19713482752110426,6,406
correlated,3.0,30,0.3,0.9,7,10000,55,0.18226600985221675,0.16830870279145743,0.7655852541797136,0.20601784073911766,6,406
correlated,3.0,30,0.3,0.9,7,10000,82,0.17898193760262726,0.20087575259988677,1.006720162795425,0.4546032982233642,6,406
correlated,3.0,30,0.3,0.9,7,10000,122,0.17405582922824303,0.20251778872468618,1.3279885009780763,0.7388198831466284,6,406
correlated,3.0,30,0.3,0.9,7,10000,182,0.1744663382594417,0.18014504652435995,1.4305575807220041,0.5246184183438242,6,406
correlated,3.0,30,0.3,0.9,7,10000,272,0.1720032840722496,0.12021072796934873,1.4352583860986636,0.5056141829732356,6,406
correlated,3.0,30,0.3,0.9,7,10000,406,0.16174055829228243,0.26819923371647425,1.8785532142592631,0.9882368026049521,6,406
correlated,3.0,30,0.3,0.9,7,10000,606,0.16174055829228243,0.2640941434044898,2.1606195022777954,1.0954800494423313,6,406
correlated,3.0,30,0.3,0.9,7,10000,905,0.15270935960591134,0.2996715927750392,2.9128957158267625,1.5489750374797824,6,406
correlated,3.0,30,0.3,0.9,7,10000,1350,0.14942528735632182,0.15325670498084584,3.0414006454266613,1.251091510762082,6,406
correlated,3.0,30,0.3,0.9,7,10000,2015,0.13916256157635468,0.1681034482758642,4.319182067786779,1.4076674354232657,6,406
correlated,3.0,30,0.3,0.9,7,10000,3008,0.13177339901477836,0.05233990147782904,4.33864532207932,0.9065194029001798,6,406
correlated,3.0,30,0.3,0.9,7,10000,4489,0.12356321839080459,0.05288724685276547,5.054418320060588,1.0782019555029834,6,406
correlated,3.0,30,0.3,0.9,7,10000,6700,0.12151067323481117,0.07443897099069553,5.836576202876636,1.5371861464482726,6,406
correlated,3.0,30,0.3,0.9,7,10000,10000,0.11699507389162561,0.1697454844006573,6.73708689226554,1.6781088476681572,6,406
correlated,3.0,30,0.3,0.9,8,0,1,0.0049261083743842365,0.004926108374384236,4.967411860454232,1.7853950346121414,6,406
correlated,3.0,30,0.3,0.9,8,0,2,0.004105090311986864,0.0030103995621236983,12.229505860857715,4.895322319535966,6,406
correlated,3.0,30,0.3,0.9,8,0,3,0.0036945812807881776,0.0038998357963875197,25.384901018494972,10.395868816290582,6,406
correlated,3.0,30,0.3,0.9,8,0,5,0.0032840722495894904,0.0021893814997263296,44.64095531704853,15.800454896288253,6,406
correlated,3.0,30,0.3,0.9,8,0,7,0.0024630541871921183,0.0016420361247947454,65.57748030196082,23.36437983765761,6,406
correlated,3.0,30,0.3,0.9,8,0,11,0.0020525451559934315,0.001163108921729612,118.07193879497457,21.096137348043914,6,406
correlated,3.0,30,0.3,0.9,8,0,16,0.0016420361247947454,0.0005473453749315822,223.8698322812678,46.09045217770523,6,406
correlated,3.0,30,0.3,0.9,8,0,25,0.0012315270935960591,0.0006157635467980298,419.8333351789588,70.80936405348302,6,406
correlated,3.0,30,0.3,0.9,8,0,37,0.0012315270935960591,0.0014367816091954023,714.1913102025475,132.6534986567076,6,406
correlated,3.0,30,0.3,0.9,8,0,55,0.0012315270935960591,0.0014367816091954023,1054.7911591502213,224.88178017126177,6,406
correlated,3.0,30,0.3,0.9,8,0,82,0.00041050903119868636,0.0003420908593322387,1533.6005424064645,347.39334957523175,6,406
correlated,3.0,30,0.3,0.9,8,0,122,0.00041050903119868636,0.0003420908593322387,2091.699298507933,470.28357827194753,6,406
correlated,3.0,30,0.3,0.9,8,0,182,0.0008210180623973727,0.0005473453749315821,2608.3238079286907,520.6704734482757,6,406
correlated,3.0,30,0.3,0.9,8,0,272,0.0008210180623973727,0.0005473453749315821,3052.2720246148237,623.9248908237627,6,406
correlated,3.0,30,0.3,0.9,8,0,406,0.0008210180623973727,0.0005473453749315821,3281.205931529043,616.4386232656676,6,406
correlated,3.0,30,0.3,0.9,8,0,606,0.00041050903119868636,0.0003420908593322387,3585.5005296000018,566.5615487341089,6,406
correlated,3.0,30,0.3,0.9,8,0,905,0.0008210180623973727,0.0005473453749315821,3822.6250644329593,523.5082195596555,6,406
correlated,3.0,30,0.3,0.9,8,0,1350,0.0012315270935960591,0.0006157635467980298,4006.7413674232844,520.0049776813485,6,406
correlated,3.0,30,0.3,0.9,8,0,2015,0.0008210180623973727,0.0005473453749315821,4157.482104945204,559.49775876249,6,406
correlated,3.0,30,0.3,0.9,8,0,3008,0.0008210180623973727,0.0005473453749315821,4244.208038018701,573.7422756798634,6,406
correlated,3.0,30,0.3,0.9,8,0,4489,0.0008210180623973727,0.0005473453749315821,4323.190856277787,592.3141876496344,6,406
correlated,3.0,30,0.3,0.9,8,0,6700,0.00041050903119868636,0.0003420908593322387,4441.629995674214,608.5144206780423,6,406
correlated,3.0,30,0.3,0.9,8,0,10000,0.0008210180623973727,0.0005473453749315821,4530.943204794975,637.5661672399349,6,406
correlated,3.0,30,0.3,0.9,8,100,1,0.031609195402298854,0.12267378215654072,2.6046637989674024,0.6627414859029499,6,406
correlated,3.0,30,0.3,0.9,8,100,2,0.02955665024630542,0.0977011494252873,4.464597230206587,1.754021144066122,6,406
correlated,3.0,30,0.3,0.9,8,100,3,0.029967159277504107,0.10625342090859331,7.619525806101201,2.4859905413110015,6,406
correlated,3.0,30,0.3,0.9,8,100,5,0.02545155993431855,0.07115489874110567,12.252548678370047,5.822976451700694,6,406
correlated,3.0,30,0.3,0.9,8,100,7,0.02463054187192118,0.05993431855500818,15.945453726032605,5.232772622872602,6,406
correlated,3.0,30,0.3,0.9,8,100,11,0.024220032840722494,0.08408593322386426,27.083404565469397,10.714678582825162,6,406
correlated,3.0,30,0.3,0.9,8,100,16,0.023809523809523808,0.09742747673782161,38.25887297508094,16.130974031122634,6,406
correlated,3.0,30,0.3,0.9,8,100,25,0.023809523809523808,0.08511220580186099,56.536138662164184,20.241968561094385,6,406
correlated,3.0,30,0.3,0.9,8,100,37,0.02175697865353038,0.10871647509578544,81.71858550435444,29.640180002816255,6,406
correlated,3.0,30,0.3,0.9,8,100,55,0.020525451559934318,0.0826491516146689,144.08341224791664,39.92271583468615,6,406
correlated,3.0,30,0.3,0.9,8,100,82,0.019704433497536946,0.08620689655172416,198.21999986193646,77.84736584333504,6,406
correlated,3.0,30,0.3,0.9,8,100,122,0.01477832512315271,0.039408866995073885,284.4408200427624,138.35464210989596,6,406
correlated,3.0,30,0.3,0.9,8,100,182,0.017241379310344827,0.04679802955665028,380.68969809022366,169.27634273038814,6,406
correlated,3.0,30,0.3,0.9,8,100,272,0.020525451559934318,0.07279693486590037,425.839751214472,223.38673425044172,6,406
correlated,3.0,30,0.3,0.9,8,100,406,0.016830870279146138,0.05370826491516152,544.2740176662966,289.16576488120637,6,406
correlated,3.0,30,0.3,0.9,8,100,606,0.017651888341543513,0.07998084291187739,630.8227977452237,318.199821613443,6,406
correlated,3.0,30,0.3,0.9,8,100,905,0.018062397372742203,0.08347016967706622,738.1761419110267,311.9635313989227,6,406
correlated,3.0,30,0.3,0.9,8,100,1350,0.018883415435139574,0.09496442255062945,807.4523957216483,318.39722973772405,6,406
correlated,3.0,30,0.3,0.9,8,100,2015,0.01847290640394088,0.09749589490968806,864.7575350054494,314.60866176626695,6,406
correlated,3.0,30,0.3,0.9,8,100,3008,0.016009852216748766,0.056444991789819425,920.9417022020924,288.12721738306766,6,406
correlated,3.0,30,0.3,0.9,8,100,4489,0.016420361247947452,0.057197591680350365,949.1717627473299,288.3663451001719,6,406
correlated,3.0,30,0.3,0.9,8,100,6700,0.015188834154351396,0.04139299397920089,1002.5403127045053,246.6804716432237,6,406
correlated,3.0,30,0.3,0.9,8,100,10000,0.01724137931034483,0.04515599343185546,1051.3609569192538,225.38555912702893,6,406
correlated,3.0,30,0.3,0.9,8,1000,1,0.13628899835796388,0.16310892172961278,0.18313379105170383,0.12802344615425998,6,406
correlated,3.0,30,0.3,0.9,8,1000,2,0.13628899835796388,0.1655719759168049,0.3084358978141596,0.17159322516806272,6,406
correlated,3.0,30,0.3,0.9,8,1000,3,0.13464696223316913,0.1557197591680337,0.3625183144197066,0.20659529183452177,6,406
correlated,3.0,30,0.3,0.9,8,1000,5,0.1325944170771757,0.13663108921729644,0.47133946797310444,0.17148025125964966,6,406
correlated,3.0,30,0.3,0.9,8,1000,7,0.13177339901477833,0.13444170771756905,0.6303227735110791,0.2982712709753162,6,406
correlated,3.0,30,0.3,0.9,8,1000,11,0.1297208538587849,0.1343732895457032,1.0198700053781913,0.4564308293998876,6,406
correlated,3.0,30,0.3,0.9,8,1000,16,0.1272577996715928,0.16310892172960997,1.3250576322154437,0.6427283664997497,6,406
correlated,3.0,30,0.3,0.9,8,1000,25,0.12233169129720851,0.2411056376573655,1.9733314738004515,0.8712887265172112,6,406
correlated,3.0,30,0.3,0.9,8,1000,37,0.11945812807881774,0.19355500821017985,3.074608008054972,1.5445019997686251,6,406
correlated,3.0,30,0.3,0.9,8,1000,55,0.11535303776683087,0.17029282977558877,4.184175096145431,3.145300258603301,6,406
correlated,3.0,30,0.3,0.9,8,1000,82,0.10960591133004927,0.19109195402298776,6.733731745714873,3.987387121467251,6,406
correlated,3.0,30,0.3,0.9,8,1000,122,0.1087848932676519,0.18753420908593268,7.267534511006431,4.007958032061948,6,406
correlated,3.0,30,0.3,0.9,8,1000,182,0.10919540229885057,0.20908593322386484,8.74436980405144,3.956275385010043,6,406
correlated,3.0,30,0.3,0.9,8,1000,272,0.10755336617405585,0.13273125342090664,10.832643308508695,4.900871763361988,6,406
correlated,3.0,30,0.3,0.9,8,1000,406,0.09852216748768473,0.12561576354679857,14.757663784042458,6.043469916844818,6,406
correlated,3.0,30,0.3,0.9,8,1000,606,0.09523809523809523,0.14668856048166437,22.202032074416532,14.735980180703136,6,406
correlated,3.0,30,0.3,0.9,8,1000,905,0.09113300492610837,0.12151067323481059,29.518000652728194,16.307286387920694,6,406
correlated,3.0,30,0.3,0.9,8,1000,1350,0.0907224958949097,0.1440202517788713,32.95041036963293,14.210024640883464,6,406
correlated,3.0,30,0.3,0.9,8,1000,2015,0.0812807881773399,0.14614121510673286,54.29182462696079,32.61396439690507,6,406
correlated,3.0,30,0.3,0.9,8,1000,3008,0.07881773399014778,0.1773399014778324,60.24859465377665,36.29240684422844,6,406
correlated,3.0,30,0.3,0.9,8,1000,4489,0.07019704433497535,0.1262315270935973,70.94798565488016,43.403417950744064,6,406
correlated,3.0,30,0.3,0.9,8,1000,6700,0.07266009852216748,0.10652709359605954,97.53373492302006,90.5922436033031,6,406
correlated,3.0,30,0.3,0.9,8,1000,10000,0.06444991789819375,0.07587575259989116,109.91342158867083,105.67395546348796,6,406
correlated,3.0,30,0.3,0.9,8,10000,1,0.19950738916256158,0.03037766830870335,0.04179469154082025,0.0517366177705547,6,406
correlated,3.0,30,0.3,0.9,8,10000,2,0.1986863711001642,0.030103995621234433,0.07255544858154868,0.054698606668187794,6,406
correlated,3.0,30,0.3,0.9,8,10000,3,0.19827586206896552,0.03263546798029375,0.07906026552133003,0.051261077664928496,6,406
correlated,3.0,30,0.3,0.9,8,10000,5,0.19704433497536947,0.021346469622330486,0.1086169069675268,0.039439464048959726,6,406
correlated,3.0,30,0.3,0.9,8,10000,7,0.19417077175697864,0.02086754241926833,0.1684053659069138,0.03784242509842537,6,406
correlated,3.0,30,0.3,0.9,8,10000,11,0.19252873563218387,0.03810892172961576,0.2747886500526191,0.12425159969608698,6,406
correlated,3.0,30,0.3,0.9,8,10000,16,0.19170771756978655,0.033182813355223134,0.3207126724848996,0.13408344436236677,6,406
correlated,3.0,30,0.3,0.9,8,10000,25,0.18719211822660098,0.05008210180624005,0.47592866351918267,0.25800360787689425,6,406
correlated,3.0,30,0.3,0.9,8,10000,37,0.18308702791461415,0.08347016967706206,0.6524826632726283,0.3584146716773932,6,406
correlated,3.0,30,0.3,0.9,8,10000,55,0.1892446633825944,0.03646688560481634,0.7671795353386308,0.28094122368945473,6,406
correlated,3.0,30,0.3,0.9,8,10000,82,0.18637110016420358,0.0629447181171355,0.8150617594572761,0.38298881775647425,6,406
correlated,3.0,30,0.3,0.9,8,10000,122,0.180623973727422,0.04734537493158186,1.0361431808132586,0.21038396714818472,6,406
correlated,3.0,30,0.3,0.9,8,10000,182,0.17405582922824303,0.0998905309250126,1.2316083356569545,0.32566822457480293,6,406
correlated,3.0,30,0.3,0.9,8,10000,272,0.16707717569786537,0.08737000547345188,1.781701085668942,0.6478538753811106,6,406
correlated,3.0,30,0.3,0.9,8,10000,406,0.16502463054187191,0.05254515599343214,2.3087743217763754,0.5286914406571663,6,406
correlated,3.0,30,0.3,0.9,8,10000,606,0.16009852216748768,0.16338259441707748,2.526027596851044,0.9613022076171444,6,406
correlated,3.0,30,0.3,0.9,8,10000,905,0.15229885057471268,0.1571565407772258,2.651559603099829,0.9909685146713325,6,406
correlated,3.0,30,0.3,0.9,8,10000,1350,0.14696223316912974,0.23782156540777089,3.2898485195745386,1.3132264073538207,6,406
correlated,3.0,30,0.3,0.9,8,10000,2015,0.14326765188834154,0.13252599890531058,3.6265068438469927,1.1756639928467392,6,406
correlated,3.0,30,0.3,0.9,8,10000,3008,0.13177339901477833,0.1245894909688007,4.935501328161205,2.281742500801259,6,406
correlated,3.0,30,0.3,0.9,8,10000,4489,0.12807881773399019,0.1978653530377639,5.811995137551516,2.7586987913047714,6,406
correlated,3.0,30,0.3,0.9,8,10000,6700,0.12315270935960593,0.18801313628899907,6.488999724881336,2.8659216025727736,6,406
correlated,3.0,30,0.3,0.9,8,10000,10000,0.1202791461412151,0.13252599890531058,6.18790420769414,3.244081856008642,6,406
correlated,3.0,30,0.3,0.9,9,0,1,0.0036945812807881776,0.0006157635467980295,5.478781689365601,2.0071136721990084,6,406
correlated,3.0,30,0.3,0.9,9,0,2,0.0036945812807881776,0.0006157635467980295,11.870320067364469,3.1875374491452657,6,406
correlated,3.0,30,0.3,0.9,9,0,3,0.0036945812807881776,0.0006157635467980295,21.78631252903435,6.630631773095701,6,406
correlated,3.0,30,0.3,0.9,9,0,5,0.003284072249589491,0.0005473453749315834,44.58278311198004,10.70836772067146,6,406
correlated,3.0,30,0.3,0.9,9,0,7,0.0028735632183908046,0.0011631089217296114,68.91071376800318,15.983351173396029,6,406
correlated,3.0,30,0.3,0.9,9,0,11,0.0012315270935960591,0.0006157635467980298,118.67084049069217,18.433710540283915,6,406
correlated,3.0,30,0.3,0.9,9,0,16,0.0012315270935960591,0.0006157635467980298,214.34691111391726,43.4671060766961,6,406
correlated,3.0,30,0.3,0.9,9,0,25,0.00041050903119868636,0.0003420908593322387,412.9344437466005,98.59595693542471,6,406
correlated,3.0,30,0.3,0.9,9,0,37,0.0008210180623973727,0.0005473453749315821,676.328962241494,125.01995707538978,6,406
correlated,3.0,30,0.3,0.9,9,0,55,0.0008210180623973727,0.0005473453749315821,1051.2910736285671,202.69049788491128,6,406
correlated,3.0,30,0.3,0.9,9,0,82,0.0008210180623973727,0.0005473453749315821,1665.6996524014103,429.0921866566654,6,406
correlated,3.0,30,0.3,0.9,9,0,122,0.0,0.0,2020.7266861660812,539.6389587052689,6,406
correlated,3.0,30,0.3,0.9,9,0,182,0.0012315270935960591,0.0006157635467980298,2594.3798366951037,859.9739784662993,6,406
correlated,3.0,30,0.3,0.9,9,0,272,0.002052545155993432,0.0003420908593322384,2986.422643395015,987.107510492787,6,406
correlated,3.0,30,0.3,0.9,9,0,406,0.0028735632183908046,0.0003420908593322384,3480.27386713767,1237.4760032701263,6,406
correlated,3.0,30,0.3,0.9,9,0,606,0.0016420361247947454,0.0005473453749315822,3913.6894996288415,1396.7716468347585,6,406
correlated,3.0,30,0.3,0.9,9,0,905,0.0016420361247947454,0.0005473453749315822,4254.36843080978,1567.096241431324,6,406
correlated,3.0,30,0.3,0.9,9,0,1350,0.0012315270935960591,0.0006157635467980298,4494.719737499527,1565.3031019390933,6,406
correlated,3.0,30,0.3,0.9,9,0,2015,0.0008210180623973727,0.0005473453749315821,4552.779728027448,1563.9341810636015,6,406
correlated,3.0,30,0.3,0.9,9,0,3008,0.0008210180623973727,0.0005473453749315821,4569.916515489242,1578.975647352579,6,406
correlated,3.0,30,0.3,0.9,9,0,4489,0.0,0.0,4589.981027749757,1576.784099563711,6,406
correlated,3.0,30,0.3,0.9,9,0,6700,0.0008210180623973727,0.0013683634373289548,4588.81551727508,1558.771692003404,6,406
correlated,3.0,30,0.3,0.9,9,0,10000,0.0008210180623973727,0.0013683634373289548,4608.467579293617,1583.0319912275224,6,406
correlated,3.0,30,0.3,0.9,9,100,1,0.03160919540229885,0.13827312534209085,1.4651248012994624,0.7066348441791855,6,406
correlated,3.0,30,0.3,0.9,9,100,2,0.029556650246305414,0.1371100164203614,3.787584930454818,2.7573966321574477,6,406
correlated,3.0,30,0.3,0.9,9,100,3,0.02791461412151067,0.11877394636015337,5.889700022290991,3.2000706156574763,6,406
correlated,3.0,30,0.3,0.9,9,100,5,0.027504105090311984,0.13909414340448825,9.963013779793895,6.793064699710226,6,406
correlated,3.0,30,0.3,0.9,9,100,7,0.029556650246305414,0.10591133004926126,12.580251639461702,7.567458052910354,6,406
correlated,3.0,30,0.3,0.9,9,100,11,0.029556650246305414,0.10755336617405602,18.477787952381362,11.575680294510496,6,406
correlated,3.0,30,0.3,0.9,9,100,16,0.02586206896551724,0.11391625615763545,28.971988439579007,16.372933909730797,6,406
correlated,3.0,30,0.3,0.9,9,100,25,0.024630541871921183,0.08866995073891625,44.530209294017574,15.404321776645672,6,406
correlated,3.0,30,0.3,0.9,9,100,37,0.02175697865353038,0.07833880678708266,64.29796339129908,25.70646618112734,6,406
correlated,3.0,30,0.3,0.9,9,100,55,0.022988505747126436,0.09003831417624521,94.76749146888234,42.73526906307365,6,406
correlated,3.0,30,0.3,0.9,9,100,82,0.022167487684729065,0.0977011494252873,165.76395442021254,76.98963858826687,6,406
correlated,3.0,30,0.3,0.9,9,100,122,0.01929392446633826,0.0996852764094143,206.8931648350596,88.41541232087596,6,406
correlated,3.0,30,0.3,0.9,9,100,182,0.016830870279146138,0.1210317460317461,308.7088744854077,150.2135535343509,6,406
correlated,3.0,30,0.3,0.9,9,100,272,0.020114942528735632,0.12103174603174602,407.39252450312773,221.93547044859,6,406
correlated,3.0,30,0.3,0.9,9,100,406,0.017651888341543513,0.07177066228790371,559.6081544378018,304.6324030881653,6,406
correlated,3.0,30,0.3,0.9,9,100,606,0.0180623973727422,0.04980842911877397,698.6099366410966,376.17160368647086,6,406
correlated,3.0,30,0.3,0.9,9,100,905,0.017651888341543513,0.09393814997263268,897.1827808963798,498.99327233092185,6,406
correlated,3.0,30,0.3,0.9,9,100,1350,0.01929392446633826,0.07751778872468529,1000.9897874159706,522.4820996979488,6,406
correlated,3.0,30,0.3,0.9,9,100,2015,0.018883415435139574,0.055555555555555566,1038.0124731270234,527.4256571623803,6,406
correlated,3.0,30,0.3,0.9,9,100,3008,0.015188834154351396,0.04796113847837984,1052.6155182185487,519.2917131038071,6,406
correlated,3.0,30,0.3,0.9,9,100,4489,0.013957307060755335,0.04652435686918446,1056.1918736918844,524.2314154870836,6,406
correlated,3.0,30,0.3,0.9,9,100,6700,0.013957307060755335,0.06294471811713194,1065.804468694012,532.9012783668885,6,406
correlated,3.0,30,0.3,0.9,9,100,10000,0.013957307060755335,0.05391351943076084,1070.9414275828055,543.7840070760666,6,406
correlated,3.0,30,0.3,0.9,9,1000,1,0.16338259441707717,0.13765736179529361,0.18848094867391305,0.18495381060713514,6,406
correlated,3.0,30,0.3,0.9,9,1000,2,0.16091954022988506,0.11877394636015381,0.285354706659882,0.27565434297637587,6,406
correlated,3.0,30,0.3,0.9,9,1000,3,0.1592775041050903,0.12780514504652526,0.3792847232970853,0.2945731448941645,6,406
correlated,3.0,30,0.3,0.9,9,1000,5,0.1572249589490969,0.09968527640941091,0.4112187105300485,0.1891969451938424,6,406
correlated,3.0,30,0.3,0.9,9,1000,7,0.15804597701149428,0.14976737821565095,0.5533491959032393,0.43670737925035524,6,406
correlated,3.0,30,0.3,0.9,9,1000,11,0.15722495894909688,0.10789545703338829,0.6867168595152296,0.49038770415645705,6,406
correlated,3.0,30,0.3,0.9,9,1000,16,0.15394088669950742,0.15004105090311706,1.4166155321994012,1.128220103974998,6,406
correlated,3.0,30,0.3,0.9,9,1000,25,0.15270935960591134,0.17816091954023,2.584689349623176,2.1232407976651926,6,406
correlated,3.0,30,0.3,0.9,9,1000,37,0.1477832512315271,0.12233169129720467,3.444768096486215,3.146304611613466,6,406
correlated,3.0,30,0.3,0.9,9,1000,55,0.14449917898193762,0.08921729611384735,3.643593261454123,2.2815882218109627,6,406
correlated,3.0,30,0.3,0.9,9,1000,82,0.1416256157635468,0.11720032840722584,4.209192411702411,3.2615673867974766,6,406
correlated,3.0,30,0.3,0.9,9,1000,122,0.1358784893267652,0.1267788724685281,7.455667883261854,9.049920912400895,6,406
correlated,3.0,30,0.3,0.9,9,1000,182,0.1330049261083744,0.12725779967159165,10.957332174596312,16.27197099036637,6,406
correlated,3.0,30,0.3,0.9,9,1000,272,0.12684729064039407,0.16481937602627522,18.12477676819465,21.216505374705093,6,406
correlated,3.0,30,0.3,0.9,9,1000,406,0.12315270935960591,0.20935960591133024,19.569697038048268,21.923715431785823,6,406
correlated,3.0,30,0.3,0.9,9,1000,606,0.1149425287356322,0.15489874110563612,21.17216959016064,23.520820331304154,6,406
correlated,3.0,30,0.3,0.9,9,1000,905,0.10714285714285714,0.18206075533661772,25.146339283656733,23.45259639047122,6,406
correlated,3.0,30,0.3,0.9,9,1000,1350,0.10098522167487683,0.15353037766830985,27.10514317189815,22.278716232939065,6,406
correlated,3.0,30,0.3,0.9,9,1000,2015,0.09318555008210182,0.05699233716474993,28.811226537632194,21.536952964995947,6,406
correlated,3.0,30,0.3,0.9,9,1000,3008,0.08908045977011493,0.0652025177887259,31.132141364588374,23.462100590655734,6,406
correlated,3.0,30,0.3,0.9,9,1000,4489,0.0870279146141215,0.07197591680350379,32.501593692790756,25.31916306193899,6,406
correlated,3.0,30,0.3,0.9,9,1000,6700,0.08210180623973728,0.14586754241926606,34.336070380851965,27.19378565837489,6,406
correlated,3.0,30,0.3,0.9,9,1000,10000,0.07758620689655171,0.1344417077175701,33.344331581334124,26.64725719155286,6,406
correlated,3.0,30,0.3,0.9,9,10000,1,0.21182266009852216,0.061576354679805004,0.013545747846266304,0.007879468265108573,6,406
correlated,3.0,30,0.3,0.9,9,10000,2,0.21141215106732347,0.05617131910235586,0.04268350844067645,0.02594628171160719,6,406
correlated,3.0,30,0.3,0.9,9,10000,3,0.20894909688013139,0.042214012041596,0.08314317224616302,0.04789240383284848,6,406
correlated,3.0,30,0.3,0.9,9,10000,5,0.20894909688013139,0.050424192665570564,0.1015627330358841,0.044200240299229865,6,406
correlated,3.0,30,0.3,0.9,9,10000,7,0.2073070607553366,0.04878215654078523,0.1367627945277736,0.05423187476433124,6,406
correlated,3.0,30,0.3,0.9,9,10000,11,0.20689655172413793,0.07224958949096884,0.19139657637031524,0.1261833328504823,6,406
correlated,3.0,30,0.3,0.9,9,10000,16,0.20402298850574715,0.042214012041590365,0.29062708711654467,0.1830753273329917,6,406
correlated,3.0,30,0.3,0.9,9,10000,25,0.19950738916256158,0.05172413793103384,0.4288347597862236,0.22440106437993618,6,406
correlated,3.0,30,0.3,0.9,9,10000,37,0.19540229885057472,0.09989053092500837,0.5279041613281525,0.22805522534446693,6,406
correlated,3.0,30,0.3,0.9,9,10000,55,0.19211822660098524,0.12725779967159023,0.6418298484393933,0.30325349141623764,6,406
correlated,3.0,30,0.3,0.9,9,10000,82,0.19499178981937604,0.07998084291187843,0.5712385144592016,0.25346216289746815,6,406
correlated,3.0,30,0.3,0.9,9,10000,122,0.1900656814449918,0.12759989053092358,0.9829485973635722,0.5872065531462921,6,406
correlated,3.0,30,0.3,0.9,9,10000,182,0.1847290640394089,0.06732348111658185,1.3492408482837772,0.5345628969906974,6,406
correlated,3.0,30,0.3,0.9,9,10000,272,0.1834975369458128,0.1418308702791467,1.1709583518523798,0.3588300440780769,6,406
correlated,3.0,30,0.3,0.9,9,10000,406,0.18308702791461415,0.1540777230432371,1.316441319908324,0.5642019368596448,6,406
correlated,3.0,30,0.3,0.9,9,10000,606,0.17446633825944172,0.1440202517788727,2.3138826486474158,2.1704798880720193,6,406
correlated,3.0,30,0.3,0.9,9,10000,905,0.17323481116584563,0.15571975916803654,1.870061253603735,0.6139742156597121,6,406
correlated,3.0,30,0.3,0.9,9,10000,1350,0.16666666666666666,0.21319102353585284,2.5274048087854273,1.1614217996286216,6,406
correlated,3.0,30,0.3,0.9,9,10000,2015,0.16625615763546797,0.058087027914614335,2.675354374074805,0.4686928369410937,6,406
correlated,3.0,30,0.3,0.9,9,10000,3008,0.15270935960591134,0.11330049261083602,3.8653862315611662,1.5644412214360066,6,406
correlated,3.0,30,0.3,0.9,9,10000,4489,0.1502463054187192,0.17323481116584724,4.058971598130698,1.320930813964126,6,406
correlated,3.0,30,0.3,0.9,9,10000,6700,0.13505747126436782,0.1259578544061312,5.405857274022465,1.239251775621981,6,406
correlated,3.0,30,0.3,0.9,9,10000,10000,0.12438423645320197,0.08025451559934313,6.130117698901407,1.464392134094453,6,406
