ensemble,epsilon,N,kappa,pi,disorder_idx,tw,lag,Q_mean,chi4,D4_mean,D4_std,n_traj,n_pairs
correlated,3.0,30,0.0,0.9,0,0,1,0.0016420361247947454,0.0005473453749315822,6.473666929646174,2.521368949981256,6,406
correlated,3.0,30,0.0,0.9,0,0,2,0.0016420361247947454,0.0005473453749315822,14.244419387936448,4.580770668047412,6,406
correlated,3.0,30,0.0,0.9,0,0,3,0.0016420361247947454,0.0005473453749315822,27.290035636033533,11.792409420199249,6,406
correlated,3.0,30,0.0,0.9,0,0,5,0.0016420361247947454,0.0013683634373289546,43.79765190111474,14.744190441835892,6,406
correlated,3.0,30,0.0,0.9,0,0,7,0.0016420361247947454,0.0013683634373289546,63.81751485167607,25.77848813778287,6,406
correlated,3.0,30,0.0,0.9,0,0,11,0.0008210180623973727,0.0005473453749315821,139.82030279731603,47.06890045291298,6,406
correlated,3.0,30,0.0,0.9,0,0,16,0.0008210180623973727,0.0005473453749315821,221.95084181767382,66.33205059108928,6,406
correlated,3.0,30,0.0,0.9,0,0,25,0.00041050903119868636,0.0003420908593322387,397.574051643436,129.85193445323756,6,406
correlated,3.0,30,0.0,0.9,0,0,37,0.00041050903119868636,0.0003420908593322387,644.6700773729484,216.56092685183663,6,406
correlated,3.0,30,0.0,0.9,0,0,55,0.00041050903119868636,0.0003420908593322387,1000.7354654404547,308.1902685781611,6,406
correlated,3.0,30,0.0,0.9,0,0,82,0.0012315270935960591,0.0014367816091954023,1325.716916685082,384.88534473900893,6,406
correlated,3.0,30,0.0,0.9,0,0,122,0.00041050903119868636,0.0003420908593322387,1777.9532018992834,477.09855468737095,6,406
correlated,3.0,30,0.0,0.9,0,0,182,0.0016420361247947454,0.0013683634373289546,2035.2901089133302,522.6814868948375,6,406
correlated,3.0,30,0.0,0.9,0,0,272,0.0016420361247947454,0.0013683634373289546,2330.08931451906,569.8262473479119,6,406
correlated,3.0,30,0.0,0.9,0,0,406,0.0016420361247947454,0.0013683634373289546,2683.3679007376036,662.6611459298481,6,406
correlated,3.0,30,0.0,0.9,0,0,606,0.0012315270935960591,0.0006157635467980298,3040.05598830925,854.932032849237,6,406
correlated,3.0,30,0.0,0.9,0,0,905,0.0012315270935960591,0.0006157635467980298,3378.086808119788,1091.282437797228,6,406
correlated,3.0,30,0.0,0.9,0,0,1350,0.0008210180623973727,0.0005473453749315821,3596.098564823156,1152.6452755705966,6,406
correlated,3.0,30,0.0,0.9,0,0,2015,0.0008210180623973727,0.0005473453749315821,3697.3857608387293,1119.5068132569722,6,406
correlated,3.0,30,0.0,0.9,0,0,3008,0.0008210180623973727,0.0005473453749315821,3868.604654231162,1186.1286611660137,6,406
correlated,3.0,30,0.0,0.9,0,0,4489,0.0008210180623973727,0.0005473453749315821,4468.25400495233,1238.3911165223974,6,406
correlated,3.0,30,0.0,0.9,0,0,6700,0.0008210180623973727,0.0005473453749315821,4664.338183079107,1175.9937095769274,6,406
correlated,3.0,30,0.0,0.9,0,0,10000,0.0012315270935960591,0.0006157635467980298,4725.22065347256,1170.4263257682876,6,406
correlated,3.0,30,0.0,0.9,0,100,1,0.019704433497536946,0.013957307060755323,1.9115829776341113,0.5959361303036784,6,406
correlated,3.0,30,0.0,0.9,0,100,2,0.018883415435139574,0.013683634373289531,3.826141452099384,1.847389668722658,6,406
correlated,3.0,30,0.0,0.9,0,100,3,0.01847290640394089,0.017036124794745457,6.160609853765337,1.7633712831244652,6,406
correlated,3.0,30,0.0,0.9,0,100,5,0.018062397372742203,0.023535851122058013,10.064613275864572,1.5511169065431079,6,406
correlated,3.0,30,0.0,0.9,0,100,7,0.016420361247947452,0.018609742747673793,15.27423449696918,4.657932489648928,6,406
correlated,3.0,30,0.0,0.9,0,100,11,0.016830870279146138,0.011836343732895509,23.943218781128063,6.585299667648234,6,406
correlated,3.0,30,0.0,0.9,0,100,16,0.016420361247947452,0.011220580186097444,38.411208381925356,8.113402851256515,6,406
correlated,3.0,30,0.0,0.9,0,100,25,0.013957307060755339,0.018609742747673772,56.780546655984494,14.10650313459918,6,406
correlated,3.0,30,0.0,0.9,0,100,37,0.014367816091954025,0.01758347016967704,74.70931859350145,13.079995324217178,6,406
correlated,3.0,30,0.0,0.9,0,100,55,0.01477832512315271,0.01724137931034481,103.78230027270111,33.09537127949814,6,406
correlated,3.0,30,0.0,0.9,0,100,82,0.014367816091954025,0.019225506294471794,143.72106169804405,19.797872505162214,6,406
correlated,3.0,30,0.0,0.9,0,100,122,0.009852216748768473,0.013136288998357958,207.94751785076323,32.30946446211251,6,406
correlated,3.0,30,0.0,0.9,0,100,182,0.013136288998357962,0.011220580186097454,274.94145538782163,17.964562124299633,6,406
correlated,3.0,30,0.0,0.9,0,100,272,0.012725779967159276,0.01840448823207446,379.4212077210984,65.04188259774187,6,406
correlated,3.0,30,0.0,0.9,0,100,406,0.010673234811165846,0.012041598248494798,530.9471012492709,125.57925261419389,6,406
correlated,3.0,30,0.0,0.9,0,100,606,0.010262725779967159,0.015941434044882317,704.6101337445785,241.77657983117942,6,406
correlated,3.0,30,0.0,0.9,0,100,905,0.010262725779967157,0.00937328954570335,792.7756565742924,323.32404205985955,6,406
correlated,3.0,30,0.0,0.9,0,100,1350,0.009852216748768473,0.014778325123152702,920.6593213187531,357.0848758314222,6,406
correlated,3.0,30,0.0,0.9,0,100,2015,0.010262725779967159,0.011015325670498078,954.0303625897994,317.79100407826434,6,406
correlated,3.0,30,0.0,0.9,0,100,3008,0.010262725779967159,0.011836343732895455,1118.568751804378,398.59269321591404,6,406
correlated,3.0,30,0.0,0.9,0,100,4489,0.010673234811165846,0.016146688560481653,1430.8961043167462,483.85659035521513,6,406
correlated,3.0,30,0.0,0.9,0,100,6700,0.0090311986863711,0.009578544061302678,1614.6105431505785,585.3325929241698,6,406
correlated,3.0,30,0.0,0.9,0,100,10000,0.007389162561576355,0.005747126436781601,1635.9569787278094,601.0574801119732,6,406
correlated,3.0,30,0.0,0.9,0,1000,1,0.11494252873563217,0.10481663929939888,0.5552148173996699,0.76456940818508,6,406
correlated,3.0,30,0.0,0.9,0,1000,2,0.11371100164203612,0.11610563765736144,0.8934737720446373,0.9587682331725089,6,406
correlated,3.0,30,0.0,0.9,0,1000,3,0.1145320197044335,0.10324302134647091,1.1335975666073665,1.0754258465541509,6,406
correlated,3.0,30,0.0,0.9,0,1000,5,0.11001642036124797,0.12862616310892006,1.82634759599614,1.788194056626463,6,406
correlated,3.0,30,0.0,0.9,0,1000,7,0.10919540229885057,0.12862616310892216,2.0937360113251215,1.8109477315727525,6,406
correlated,3.0,30,0.0,0.9,0,1000,11,0.10673234811165845,0.13191023535851254,3.346459833192757,3.1129308680977474,6,406
correlated,3.0,30,0.0,0.9,0,1000,16,0.10591133004926108,0.10755336617405707,3.5895742037612863,2.7433341260671447,6,406
correlated,3.0,30,0.0,0.9,0,1000,25,0.09975369458128076,0.07861247947454933,5.93929755585236,5.0953277802026005,6,406
correlated,3.0,30,0.0,0.9,0,1000,37,0.10139573070607553,0.07998084291187772,6.584743417653709,5.0738867763253985,6,406
correlated,3.0,30,0.0,0.9,0,1000,55,0.10016420361247948,0.0801860974274766,9.765461212413436,7.286342933537461,6,406
correlated,3.0,30,0.0,0.9,0,1000,82,0.09195402298850575,0.13191023535851115,13.555153640687982,10.84544241223357,6,406
correlated,3.0,30,0.0,0.9,0,1000,122,0.08661740558292282,0.14073617952928408,18.89518897345126,15.91272370278989,6,406
correlated,3.0,30,0.0,0.9,0,1000,182,0.08579638752052544,0.13334701696770745,21.552838086263197,18.337315983226006,6,406
correlated,3.0,30,0.0,0.9,0,1000,272,0.08579638752052544,0.14402025177887307,28.254556522089946,19.06513207111741,6,406
correlated,3.0,30,0.0,0.9,0,1000,406,0.07922824302134647,0.14073617952928266,33.951877921911816,21.32024950089438,6,406
correlated,3.0,30,0.0,0.9,0,1000,606,0.07348111658456487,0.11938970990695112,48.85359077198305,28.9072764833943,6,406
correlated,3.0,30,0.0,0.9,0,1000,905,0.07348111658456485,0.11364258347017041,72.49966403906195,59.61200207936979,6,406
correlated,3.0,30,0.0,0.9,0,1000,1350,0.07307060755336618,0.11302681992337203,92.53140339166971,75.31476763317156,6,406
correlated,3.0,30,0.0,0.9,0,1000,2015,0.06403940886699509,0.019704433497535995,133.8176450409414,127.67339745617225,6,406
correlated,3.0,30,0.0,0.9,0,1000,3008,0.0632183908045977,0.03913519430760871,239.6565293577328,164.9845812321482,6,406
correlated,3.0,30,0.0,0.9,0,1000,4489,0.06527093596059112,0.08682266009852249,385.0967698983017,333.35194934795635,6,406
correlated,3.0,30,0.0,0.9,0,1000,6700,0.06198686371100163,0.04878215654077801,451.9791830416059,447.2183131404918,6,406
correlated,3.0,30,0.0,0.9,0,1000,10000,0.05500821018062397,0.04816639299397928,485.9908419167753,445.6419357263925,6,406
correlated,3.0,30,0.0,0.9,0,10000,1,0.18513957307060758,0.17275588396277947,0.0622833577068292,0.0747509132272034,6,406
correlated,3.0,30,0.0,0.9,0,10000,2,0.18431855500821018,0.17029282977559018,0.1348259057640645,0.23118490742160455,6,406
correlated,3.0,30,0.0,0.9,0,10000,3,0.1834975369458128,0.17959770114942633,0.17130208883418027,0.2295555356319267,6,406
correlated,3.0,30,0.0,0.9,0,10000,5,0.18185550082101806,0.17932402846196022,0.35275752882895467,0.49909707183872465,6,406
correlated,3.0,30,0.0,0.9,0,10000,7,0.18021346469622332,0.18999726327312125,0.38636942791063045,0.42937033908533906,6,406
correlated,3.0,30,0.0,0.9,0,10000,11,0.17898193760262726,0.20333880678708166,0.4295763353813659,0.4010618950441738,6,406
correlated,3.0,30,0.0,0.9,0,10000,16,0.17733990147783252,0.20771756978653083,0.5197304866948177,0.5869753855050739,6,406
correlated,3.0,30,0.0,0.9,0,10000,25,0.17364532019704434,0.20915435139572858,0.8761075240462076,1.093013369142955,6,406
correlated,3.0,30,0.0,0.9,0,10000,37,0.17323481116584563,0.26902025177887534,1.042050725456509,1.4612356293861481,6,406
correlated,3.0,30,0.0,0.9,0,10000,55,0.1720032840722496,0.17603995621236843,1.5706803870752823,2.411153738755168,6,406
correlated,3.0,30,0.0,0.9,0,10000,82,0.17036124794745486,0.20149151614668903,1.8537994914461995,2.813698581702659,6,406
correlated,3.0,30,0.0,0.9,0,10000,122,0.16625615763546797,0.23706896551724124,2.217782041737675,3.520169647144159,6,406
correlated,3.0,30,0.0,0.9,0,10000,182,0.16543513957307063,0.22776409414340226,2.550340180447225,3.678714070048763,6,406
correlated,3.0,30,0.0,0.9,0,10000,272,0.15886699507389163,0.2239326765188825,3.183662913819927,4.6371869163023485,6,406
correlated,3.0,30,0.0,0.9,0,10000,406,0.15517241379310345,0.3579638752052538,4.392348919503222,7.307450107882994,6,406
correlated,3.0,30,0.0,0.9,0,10000,606,0.1477832512315271,0.261904761904761,4.049980458050627,5.163727627615145,6,406
correlated,3.0,30,0.0,0.9,0,10000,905,0.1477832512315271,0.16830870279145885,5.989323834607486,10.14832628486888,6,406
correlated,3.0,30,0.0,0.9,0,10000,1350,0.14203612479474548,0.19266557197591644,6.629482922144175,10.668106652086621,6,406
correlated,3.0,30,0.0,0.9,0,10000,2015,0.13669950738916256,0.23953201970443472,16.590555159437425,32.47129918041151,6,406
correlated,3.0,30,0.0,0.9,0,10000,3008,0.1297208538587849,0.1934865900383133,18.99942881042345,37.76203499916039,6,406
correlated,3.0,30,0.0,0.9,0,10000,4489,0.12931034482758622,0.26087848932676383,32.8734467188114,71.49558860771795,6,406
correlated,3.0,30,0.0,0.9,0,10000,6700,0.12315270935960591,0.2947454844006564,47.13212836191653,105.81214694258196,6,406
correlated,3.0,30,0.0,0.9,0,10000,10000,0.11945812807881773,0.3002873563218407,49.95977547310392,110.05486025262756,6,406
correlated,3.0,30,0.0,0.9,1,0,1,0.004515599343185551,0.003626163108921727,5.747306803362524,2.0885916099789728,6,406
correlated,3.0,30,0.0,0.9,1,0,2,0.004105090311986864,0.0038314176245210726,13.082226037166924,3.41125273620468,6,406
correlated,3.0,30,0.0,0.9,1,0,3,0.004105090311986864,0.0038314176245210726,20.949051863118225,5.181167113740987,6,406
correlated,3.0,30,0.0,0.9,1,0,5,0.003284072249589491,0.0013683634373289556,42.30139135478877,14.637426312024353,6,406
correlated,3.0,30,0.0,0.9,1,0,7,0.0024630541871921183,0.001642036124794746,61.65251627905625,21.71461181756043,6,406
correlated,3.0,30,0.0,0.9,1,0,11,0.0024630541871921183,0.0016420361247947454,118.37613949895653,22.7195649858172,6,406
correlated,3.0,30,0.0,0.9,1,0,16,0.002052545155993432,0.0011631089217296112,199.6064516943758,51.55513047120032,6,406
correlated,3.0,30,0.0,0.9,1,0,25,0.0016420361247947454,0.0013683634373289546,355.8314568882629,98.69828567018389,6,406
correlated,3.0,30,0.0,0.9,1,0,37,0.0012315270935960591,0.0014367816091954023,599.6299831256492,186.53585360596426,6,406
correlated,3.0,30,0.0,0.9,1,0,55,0.0008210180623973727,0.0005473453749315821,890.0645800216535,247.78103029788022,6,406
correlated,3.0,30,0.0,0.9,1,0,82,0.00041050903119868636,0.0003420908593322387,1236.662575984825,312.3520132452662,6,406
correlated,3.0,30,0.0,0.9,1,0,122,0.0012315270935960591,0.0006157635467980298,1711.2531958932943,448.70336045944805,6,406
correlated,3.0,30,0.0,0.9,1,0,182,0.0012315270935960591,0.0006157635467980298,2163.891153364639,655.322157926263,6,406
correlated,3.0,30,0.0,0.9,1,0,272,0.0012315270935960591,0.0006157635467980298,2462.632570859688,646.8641827973934,6,406
correlated,3.0,30,0.0,0.9,1,0,406,0.00041050903119868636,0.0003420908593322387,2669.6944768602784,689.8643054959839,6,406
correlated,3.0,30,0.0,0.9,1,0,606,0.0012315270935960591,0.0006157635467980298,2867.018846692543,739.6556878286154,6,406
correlated,3.0,30,0.0,0.9,1,0,905,0.0008210180623973727,0.0005473453749315821,3038.6635505373015,852.884928079449,6,406
correlated,3.0,30,0.0,0.9,1,0,1350,0.0008210180623973727,0.0005473453749315821,3135.17850671955,825.0301045435448,6,406
correlated,3.0,30,0.0,0.9,1,0,2015,0.0012315270935960591,0.0014367816091954023,3292.666077282846,870.6787093395878,6,406
correlated,3.0,30,0.0,0.9,1,0,3008,0.0012315270935960591,0.0014367816091954023,3321.0610564834788,826.9395932367146,6,406
correlated,3.0,30,0.0,0.9,1,0,4489,0.0008210180623973727,0.0005473453749315821,3473.283919206133,868.8401704605,6,406
correlated,3.0,30,0.0,0.9,1,0,6700,0.0008210180623973727,0.0005473453749315821,3570.5039423951825,868.1980294776397,6,406
correlated,3.0,30,0.0,0.9,1,0,10000,0.0008210180623973727,0.0005473453749315821,3823.278157431032,1005.5156631917224,6,406
correlated,3.0,30,0.0,0.9,1,100,1,0.03366174055829228,0.03503010399562125,2.215768388085424,0.9681943512501925,6,406
correlated,3.0,30,0.0,0.9,1,100,2,0.03366174055829228,0.03831417624521067,4.626635636545462,2.8003407747233813,6,406
correlated,3.0,30,0.0,0.9,1,100,3,0.03201970443349753,0.041871921182266104,6.653517403590222,3.0123477555862257,6,406
correlated,3.0,30,0.0,0.9,1,100,5,0.030377668308702793,0.03831417624521067,10.161690616563957,3.7468668958157054,6,406
correlated,3.0,30,0.0,0.9,1,100,7,0.031609195402298854,0.033182813355227186,14.914034984388072,6.802266989270433,6,406
correlated,3.0,30,0.0,0.9,1,100,11,0.029146141215106735,0.027435686918445543,19.43950278221057,9.991317911295384,6,406
correlated,3.0,30,0.0,0.9,1,100,16,0.0270935960591133,0.016420361247947542,32.63150821774573,21.72730798030484,6,406
correlated,3.0,30,0.0,0.9,1,100,25,0.02586206896551724,0.017857142857142898,53.43739674226947,26.593047316170427,6,406
correlated,3.0,30,0.0,0.9,1,100,37,0.026272577996715927,0.030103995621237032,83.31192986698458,47.49753194790056,6,406
correlated,3.0,30,0.0,0.9,1,100,55,0.024220032840722494,0.02907772304324034,111.63524869661539,62.104668658378486,6,406
correlated,3.0,30,0.0,0.9,1,100,82,0.020935960591133004,0.01211001642036128,185.1765415329592,113.00952510388294,6,406
correlated,3.0,30,0.0,0.9,1,100,122,0.02134646962233169,0.02025177887246857,261.8252931757167,128.34019800024953,6,406
correlated,3.0,30,0.0,0.9,1,100,182,0.020525451559934318,0.021893814997263304,298.9270589236235,159.69238167436495,6,406
correlated,3.0,30,0.0,0.9,1,100,272,0.024220032840722498,0.027435686918445543,382.62214841217184,189.09906618816467,6,406
correlated,3.0,30,0.0,0.9,1,100,406,0.020935960591133004,0.028530377668308758,452.7693339269354,233.35264569924007,6,406
correlated,3.0,30,0.0,0.9,1,100,606,0.019704433497536946,0.008210180623973705,504.4038961737662,230.58856026324293,6,406
correlated,3.0,30,0.0,0.9,1,100,905,0.022167487684729065,0.016420361247947456,595.8333667906392,286.8276199061388,6,406
correlated,3.0,30,0.0,0.9,1,100,1350,0.022167487684729065,0.020525451559934297,655.4701687032242,300.0068379498491,6,406
correlated,3.0,30,0.0,0.9,1,100,2015,0.01929392446633826,0.03154077723043237,707.5651360704204,275.87514851590805,6,406
correlated,3.0,30,0.0,0.9,1,100,3008,0.020114942528735632,0.01758347016967706,692.7967404863913,300.63727324621755,6,406
correlated,3.0,30,0.0,0.9,1,100,4489,0.01600985221674877,0.0038998357963874863,774.8102362157518,284.6134069723564,6,406
correlated,3.0,30,0.0,0.9,1,100,6700,0.01929392446633826,0.015941434044882286,832.6702913832611,281.14141814554205,6,406
correlated,3.0,30,0.0,0.9,1,100,10000,0.01929392446633826,0.011015325670498066,938.4139112351182,320.19730976550625,6,406
correlated,3.0,30,0.0,0.9,1,1000,1,0.14942528735632185,0.17952928297755769,0.27566974885326107,0.34519828328391655,6,406
correlated,3.0,30,0.0,0.9,1,1000,2,0.14737274220032842,0.19328133552271445,0.6677486570058592,0.8226456221485551,6,406
correlated,3.0,30,0.0,0.9,1,1000,3,0.14614121510673234,0.20826491516146867,0.7868422027517742,0.7169471524250164,6,406
correlated,3.0,30,0.0,0.9,1,1000,5,0.14614121510673236,0.2345374931581805,1.234772170941797,1.3400825771199107,6,406
correlated,3.0,30,0.0,0.9,1,1000,7,0.145320197044335,0.1986863711001636,1.5264604579038288,1.7058705173839566,6,406
correlated,3.0,30,0.0,0.9,1,1000,11,0.1440886699507389,0.21408045977011556,1.7443973102493586,1.7641708268347345,6,406
correlated,3.0,30,0.0,0.9,1,1000,16,0.14244663382594416,0.17029282977559018,1.6274664354772879,1.2132751288257426,6,406
correlated,3.0,30,0.0,0.9,1,1000,25,0.1420361247947455,0.16885604816639244,3.5325535366776557,4.424157538416548,6,406
correlated,3.0,30,0.0,0.9,1,1000,37,0.13957307060755336,0.14340448823207608,4.483057294861368,4.247804607848033,6,406
correlated,3.0,30,0.0,0.9,1,1000,55,0.13998357963875205,0.168650793650795,7.699184595221098,7.064010805667572,6,406
correlated,3.0,30,0.0,0.9,1,1000,82,0.1325944170771757,0.24090038314176243,11.665904339493098,12.273147654282761,6,406
correlated,3.0,30,0.0,0.9,1,1000,122,0.12931034482758622,0.26087848932676383,14.48878600782419,13.787290334934683,6,406
correlated,3.0,30,0.0,0.9,1,1000,182,0.12643678160919544,0.2805145046524319,18.31435446069874,22.543781902358564,6,406
correlated,3.0,30,0.0,0.9,1,1000,272,0.124384236453202,0.29289819376026166,21.690713143557762,23.669456962324627,6,406
correlated,3.0,30,0.0,0.9,1,1000,406,0.12479474548440066,0.2731253420908598,24.201894051232838,22.665979147545467,6,406
correlated,3.0,30,0.0,0.9,1,1000,606,0.12192118226600986,0.1837027914614115,31.728354310777544,31.600773492412323,6,406
correlated,3.0,30,0.0,0.9,1,1000,905,0.11042692939244662,0.19492337164751106,42.64166431338061,40.84314803507513,6,406
correlated,3.0,30,0.0,0.9,1,1000,1350,0.10467980295566504,0.2214696223316904,49.20862628892032,43.763874919265334,6,406
correlated,3.0,30,0.0,0.9,1,1000,2015,0.10057471264367816,0.2433634373289545,50.6357757816686,45.18709906263392,6,406
correlated,3.0,30,0.0,0.9,1,1000,3008,0.09811165845648605,0.12185276409414321,74.50996744866977,73.28680689500196,6,406
correlated,3.0,30,0.0,0.9,1,1000,4489,0.08990147783251233,0.15332512315270816,97.71638150032413,101.55647696939597,6,406
correlated,3.0,30,0.0,0.9,1,1000,6700,0.08374384236453203,0.16091954022988433,161.4534419695374,218.8126465913031,6,406
correlated,3.0,30,0.0,0.9,1,1000,10000,0.08456486042692939,0.12205801860974314,333.5763823550729,566.2301283137889,6,406
correlated,3.0,30,0.0,0.9,1,10000,1,0.1925287356321839,0.4256294471811746,0.07960998175694152,0.09991258353418338,6,406
correlated,3.0,30,0.0,0.9,1,10000,2,0.1900656814449918,0.4157772304324006,0.1172726259961514,0.09435494825951712,6,406
correlated,3.0,30,0.0,0.9,1,10000,3,0.1892446633825944,0.4231663929939825,0.21602679493062638,0.24423869781216487,6,406
correlated,3.0,30,0.0,0.9,1,10000,5,0.18637110016420363,0.38888888888888373,0.22524619312582073,0.21792838980646803,6,406
correlated,3.0,30,0.0,0.9,1,10000,7,0.18513957307060755,0.3788314176245221,0.25832430913501997,0.3438592472585101,6,406
correlated,3.0,30,0.0,0.9,1,10000,11,0.18596059113300492,0.44971264367816327,0.46271853712991123,0.44332021494230184,6,406
correlated,3.0,30,0.0,0.9,1,10000,16,0.18431855500821015,0.4149562123700108,0.6863326758988976,0.7245392147220877,6,406
correlated,3.0,30,0.0,0.9,1,10000,25,0.18226600985221675,0.3390804597701154,0.9248302017194151,1.0180563458824547,6,406
correlated,3.0,30,0.0,0.9,1,10000,37,0.17816091954022992,0.34126984126983295,1.0670717192954606,1.1236879438692398,6,406
correlated,3.0,30,0.0,0.9,1,10000,55,0.180623973727422,0.3995621237000532,1.254145470239552,1.345065108812949,6,406
correlated,3.0,30,0.0,0.9,1,10000,82,0.17651888341543512,0.35112205801861257,2.662536466418603,3.4554133229633717,6,406
correlated,3.0,30,0.0,0.9,1,10000,122,0.1744663382594417,0.35502189381499955,2.4218068585363244,3.0478572830348982,6,406
correlated,3.0,30,0.0,0.9,1,10000,182,0.17241379310344826,0.36699507389162667,4.981993500703744,7.38397362601651,6,406
correlated,3.0,30,0.0,0.9,1,10000,272,0.16379310344827586,0.401272577996717,6.694925327731979,8.652289553115503,6,406
correlated,3.0,30,0.0,0.9,1,10000,406,0.16091954022988506,0.3732895457033428,8.664396967148974,12.75272826457132,6,406
correlated,3.0,30,0.0,0.9,1,10000,606,0.15640394088669954,0.40948275862068734,13.333909197732089,19.675111285498605,6,406
correlated,3.0,30,0.0,0.9,1,10000,905,0.15640394088669948,0.4669540229885093,21.875600599236463,43.41856442497254,6,406
correlated,3.0,30,0.0,0.9,1,10000,1350,0.15147783251231528,0.485016420361248,45.072716599321915,92.37804578038424,6,406
correlated,3.0,30,0.0,0.9,1,10000,2015,0.14490968801313628,0.373905309250138,68.86521339214936,150.9161987823958,6,406
correlated,3.0,30,0.0,0.9,1,10000,3008,0.13669950738916256,0.3093185550082115,85.59108414227512,188.7229771218688,6,406
correlated,3.0,30,0.0,0.9,1,10000,4489,0.13136288998357962,0.3609742747673809,135.59584839021036,310.7662717413082,6,406
correlated,3.0,30,0.0,0.9,1,10000,6700,0.12397372742200329,0.11056376573617994,157.67592437003324,350.896643052742,6,406
correlated,3.0,30,0.0,0.9,1,10000,10000,0.10714285714285715,0.15907224958948993,172.2568110141665,347.295427514723,6,406
correlated,3.0,30,0.0,0.9,2,0,1,0.004105090311986863,0.0038314176245210756,5.461648474079812,2.9048388921332515,6,406
correlated,3.0,30,0.0,0.9,2,0,2,0.003284072249589491,0.0046524356869184465,12.446387235889299,4.845290552049616,6,406
correlated,3.0,30,0.0,0.9,2,0,3,0.003284072249589491,0.0046524356869184465,18.104127456629772,5.657572465716358,6,406
correlated,3.0,30,0.0,0.9,2,0,5,0.0028735632183908046,0.0028051450465243566,37.71679045155599,16.078218783554572,6,406
correlated,3.0,30,0.0,0.9,2,0,7,0.0036945812807881776,0.004720853858784893,60.36944291926857,28.06859660348339,6,406
correlated,3.0,30,0.0,0.9,2,0,11,0.003284072249589491,0.0046524356869184465,108.53327303788808,45.518271764487785,6,406
correlated,3.0,30,0.0,0.9,2,0,16,0.0028735632183908046,0.0028051450465243566,191.60214903030985,83.3942491219745,6,406
correlated,3.0,30,0.0,0.9,2,0,25,0.0016420361247947454,0.0030103995621236996,344.52887123111213,160.81389854049405,6,406
correlated,3.0,30,0.0,0.9,2,0,37,0.0012315270935960591,0.0014367816091954023,604.554477236293,208.89330160283478,6,406
correlated,3.0,30,0.0,0.9,2,0,55,0.0008210180623973727,0.0005473453749315821,1010.129336613309,429.833839733775,6,406
correlated,3.0,30,0.0,0.9,2,0,82,0.00041050903119868636,0.0003420908593322387,1462.1179033679539,599.8500900569177,6,406
correlated,3.0,30,0.0,0.9,2,0,122,0.0016420361247947454,0.0030103995621236996,1979.5571053292633,882.387852793022,6,406
correlated,3.0,30,0.0,0.9,2,0,182,0.0012315270935960591,0.003078817733990148,2433.1678780321336,1091.6477751886093,6,406
correlated,3.0,30,0.0,0.9,2,0,272,0.0008210180623973727,0.0005473453749315821,2726.745266474692,1197.5923878249685,6,406
correlated,3.0,30,0.0,0.9,2,0,406,0.0020525451559934315,0.0028051450465243566,2976.4603189617324,1408.8699956947228,6,406
correlated,3.0,30,0.0,0.9,2,0,606,0.0016420361247947454,0.0013683634373289552,3166.152909957449,1384.2396113944774,6,406
correlated,3.0,30,0.0,0.9,2,0,905,0.0016420361247947454,0.0030103995621236996,3490.605097866743,1639.845640509317,6,406
correlated,3.0,30,0.0,0.9,2,0,1350,0.0016420361247947454,0.0030103995621236996,3730.7407909548206,1888.7527892370827,6,406
correlated,3.0,30,0.0,0.9,2,0,2015,0.0016420361247947454,0.0013683634373289552,3890.53753076859,2003.2155770743684,6,406
correlated,3.0,30,0.0,0.9,2,0,3008,0.0012315270935960591,0.0014367816091954023,3949.9967916216283,1878.929884375394,6,406
correlated,3.0,30,0.0,0.9,2,0,4489,0.0012315270935960591,0.0014367816091954023,4118.798632371295,2018.1453075737404,6,406
correlated,3.0,30,0.0,0.9,2,0,6700,0.0012315270935960591,0.0014367816091954023,4173.255248711157,2019.6376092436724,6,406
correlated,3.0,30,0.0,0.9,2,0,10000,0.0016420361247947454,0.0021893814997263283,4349.468835795362,2124.4005542898167,6,406
correlated,3.0,30,0.0,0.9,2,100,1,0.03981937602627258,0.13252599890530925,1.6494197389265495,0.8448390381921932,6,406
correlated,3.0,30,0.0,0.9,2,100,2,0.03858784893267652,0.11302681992337169,2.836122135638432,1.4853308898257456,6,406
correlated,3.0,30,0.0,0.9,2,100,3,0.038998357963875206,0.12103174603174606,4.088100135903076,1.5718031639456294,6,406
correlated,3.0,30,0.0,0.9,2,100,5,0.038177339901477834,0.10981116584564853,8.036239499635244,4.6286751751143225,6,406
correlated,3.0,30,0.0,0.9,2,100,7,0.03776683087027915,0.13273125342090855,11.208493063388936,7.58012109741697,6,406
correlated,3.0,30,0.0,0.9,2,100,11,0.03735632183908046,0.12595785440613014,20.38681609226023,14.299254371390475,6,406
correlated,3.0,30,0.0,0.9,2,100,16,0.03407224958949097,0.13498905309250142,29.53625741023514,17.8981095003605,6,406
correlated,3.0,30,0.0,0.9,2,100,25,0.036124794745484405,0.13191023535851115,51.98533526992168,30.661096847261195,6,406
correlated,3.0,30,0.0,0.9,2,100,37,0.03243021346469622,0.1046113847837986,79.24451946743642,40.465183527975135,6,406
correlated,3.0,30,0.0,0.9,2,100,55,0.029967159277504107,0.08819102353585101,109.9056099485431,63.06411229807965,6,406
correlated,3.0,30,0.0,0.9,2,100,82,0.03078817733990148,0.10077996715927742,150.8582120052581,73.16057714463088,6,406
correlated,3.0,30,0.0,0.9,2,100,122,0.031198686371100164,0.09414340448823205,207.9363479512708,97.01268094832298,6,406
correlated,3.0,30,0.0,0.9,2,100,182,0.029146141215106735,0.0996852764094143,282.9688068777379,137.7143823922898,6,406
correlated,3.0,30,0.0,0.9,2,100,272,0.02586206896551724,0.0736863711001642,330.95420639398145,163.6645169604999,6,406
correlated,3.0,30,0.0,0.9,2,100,406,0.0270935960591133,0.08210180623973723,410.3758253865645,165.16571718157076,6,406
correlated,3.0,30,0.0,0.9,2,100,606,0.024630541871921183,0.05829228243021347,514.976711088936,245.02159200835086,6,406
correlated,3.0,30,0.0,0.9,2,100,905,0.02504105090311987,0.04960317460317455,683.1302184324683,480.6266679406241,6,406
correlated,3.0,30,0.0,0.9,2,100,1350,0.02134646962233169,0.06622879036672143,839.5670157953701,657.741123010261,6,406
correlated,3.0,30,0.0,0.9,2,100,2015,0.019704433497536946,0.025451559934318538,899.1501345196435,710.5825774993605,6,406
correlated,3.0,30,0.0,0.9,2,100,3008,0.022167487684729065,0.041050903119868594,921.0091562207513,662.393793856539,6,406
correlated,3.0,30,0.0,0.9,2,100,4489,0.020935960591133007,0.057266009852216714,1005.6174759089872,720.0486482749856,6,406
correlated,3.0,30,0.0,0.9,2,100,6700,0.02175697865353038,0.037287903667214024,1043.1359311079261,713.8291184214088,6,406
correlated,3.0,30,0.0,0.9,2,100,10000,0.017651888341543513,0.030719759168035075,1165.1888166318365,873.3828866497207,6,406
correlated,3.0,30,0.0,0.9,2,1000,1,0.1383415435139573,0.439586754241926,0.1275020285612775,0.11855941724906513,6,406
correlated,3.0,30,0.0,0.9,2,1000,2,0.13669950738916256,0.41276683087027916,0.3453540593307705,0.36042066693468683,6,406
correlated,3.0,30,0.0,0.9,2,1000,3,0.13505747126436782,0.4453338806787085,0.7240085715533676,0.8698648302827124,6,406
correlated,3.0,30,0.0,0.9,2,1000,5,0.13423645320197045,0.39470443349753764,0.8388567628686411,0.7990016262435107,6,406
correlated,3.0,30,0.0,0.9,2,1000,7,0.13136288998357964,0.39463601532567044,1.42685666360068,1.2955518385935494,6,406
correlated,3.0,30,0.0,0.9,2,1000,11,0.13095238095238096,0.4576491516146689,1.8385170465743075,1.4573279713922653,6,406
correlated,3.0,30,0.0,0.9,2,1000,16,0.13136288998357964,0.4578544061302664,3.1776533133017684,2.38113110032262,6,406
correlated,3.0,30,0.0,0.9,2,1000,25,0.1268472906403941,0.45710180623973534,4.93670630797964,3.7701750405316905,6,406
correlated,3.0,30,0.0,0.9,2,1000,37,0.12479474548440066,0.3954570333880687,6.158838102162675,4.8722283910045014,6,406
correlated,3.0,30,0.0,0.9,2,1000,55,0.11699507389162561,0.391420361247948,8.13179093185659,6.1636323470572645,6,406
correlated,3.0,30,0.0,0.9,2,1000,82,0.11699507389162563,0.3659688013136288,9.433288774702048,6.718103306821578,6,406
correlated,3.0,30,0.0,0.9,2,1000,122,0.11288998357963875,0.3197181171319099,16.401520126508515,14.833982467134964,6,406
correlated,3.0,30,0.0,0.9,2,1000,182,0.11001642036124794,0.5366721401204168,26.98572800271366,33.523461230104665,6,406
correlated,3.0,30,0.0,0.9,2,1000,272,0.1055008210180624,0.6308839627805141,29.885963154894977,30.317618416638282,6,406
correlated,3.0,30,0.0,0.9,2,1000,406,0.0964696223316913,0.6062534209085931,41.58439809566617,45.0260875166665,6,406
correlated,3.0,30,0.0,0.9,2,1000,606,0.09605911330049262,0.4523809523809528,56.93575541579977,65.27317210368699,6,406
correlated,3.0,30,0.0,0.9,2,1000,905,0.09400656814449916,0.46996442255063076,74.62510818454822,89.65238746540881,6,406
correlated,3.0,30,0.0,0.9,2,1000,1350,0.09154351395730705,0.49623700054734754,78.35940610264241,92.09802288817077,6,406
correlated,3.0,30,0.0,0.9,2,1000,2015,0.09277504105090312,0.28215654077723057,81.63836403018327,102.27795409525142,6,406
correlated,3.0,30,0.0,0.9,2,1000,3008,0.08374384236453201,0.201970443349754,106.68483090316619,123.88293062534758,6,406
correlated,3.0,30,0.0,0.9,2,1000,4489,0.0784072249589491,0.21380678708264944,135.34051691149833,160.17050082474432,6,406
correlated,3.0,30,0.0,0.9,2,1000,6700,0.07471264367816093,0.1212370005473452,162.34459085348146,225.98680263961862,6,406
correlated,3.0,30,0.0,0.9,2,1000,10000,0.07266009852216748,0.125410509031199,212.24330070295682,279.2690248823932,6,406
correlated,3.0,30,0.0,0.9,2,10000,1,0.1867816091954023,0.2704570333880675,0.021810712303893934,0.02235022744054823,6,406
correlated,3.0,30,0.0,0.9,2,10000,2,0.1839080459770115,0.2534209085933217,0.1339054097665079,0.18394266574988544,6,406
correlated,3.0,30,0.0,0.9,2,10000,3,0.18226600985221675,0.23316912972085002,0.26377789912090294,0.4342337493122005,6,406
correlated,3.0,30,0.0,0.9,2,10000,5,0.180623973727422,0.2657361795292822,0.2956813570064834,0.4077536234095927,6,406
correlated,3.0,30,0.0,0.9,2,10000,7,0.17898193760262726,0.24521072796934998,0.31054245786696894,0.3599249855701504,6,406
correlated,3.0,30,0.0,0.9,2,10000,11,0.1752873563218391,0.20559660645867348,0.5705110165110332,0.8270445191067003,6,406
correlated,3.0,30,0.0,0.9,2,10000,16,0.1752873563218391,0.25567870826491496,0.6982434797317106,1.0956302613950604,6,406
correlated,3.0,30,0.0,0.9,2,10000,25,0.1715927750410509,0.21811713191023702,1.3960444473134912,2.338208154306955,6,406
correlated,3.0,30,0.0,0.9,2,10000,37,0.1715927750410509,0.2846195949644248,2.4485604463238704,4.7510978133125485,6,406
correlated,3.0,30,0.0,0.9,2,10000,55,0.16871921182266011,0.4234400656814444,2.5917764524816262,5.182540829332927,6,406
correlated,3.0,30,0.0,0.9,2,10000,82,0.1654351395730706,0.32053913519430893,4.567735667711566,9.15141140704891,6,406
correlated,3.0,30,0.0,0.9,2,10000,122,0.16338259441707717,0.3683634373289544,5.464079107037468,10.577265458319282,6,406
correlated,3.0,30,0.0,0.9,2,10000,182,0.16174055829228243,0.33962780514504476,5.243787188152039,10.204074566397388,6,406
correlated,3.0,30,0.0,0.9,2,10000,272,0.15845648604269294,0.4365079365079373,9.621626209706218,17.97151370091722,6,406
correlated,3.0,30,0.0,0.9,2,10000,406,0.14901477832512317,0.2411740558292271,14.301235693546682,29.50509879715843,6,406
correlated,3.0,30,0.0,0.9,2,10000,606,0.14449917898193762,0.24521072796934718,13.145201989436766,24.262892047439585,6,406
correlated,3.0,30,0.0,0.9,2,10000,905,0.14285714285714288,0.1559934318554998,10.106369291454813,17.936136028235886,6,406
correlated,3.0,30,0.0,0.9,2,10000,1350,0.13423645320197045,0.11473727422003235,8.3036144989157,10.962050298513425,6,406
correlated,3.0,30,0.0,0.9,2,10000,2015,0.12807881773399013,0.08538587848932899,10.01037361699214,15.395496753856305,6,406
correlated,3.0,30,0.0,0.9,2,10000,3008,0.12274220032840721,0.11282156540777387,18.597447109319116,34.031165507293395,6,406
correlated,3.0,30,0.0,0.9,2,10000,4489,0.11945812807881773,0.1254105090311997,17.937690970533403,31.68329958122615,6,406
correlated,3.0,30,0.0,0.9,2,10000,6700,0.10878489326765188,0.18014504652435784,40.901494702198214,84.32027417092183,6,406
correlated,3.0,30,0.0,0.9,2,10000,10000,0.10303776683087029,0.20067049808429002,54.001799807314676,117.6455342348032,6,406
correlated,3.0,30,0.0,0.9,3,0,1,0.005747126436781609,0.005473453749315817,5.979050299925903,2.153507230569159,6,406
correlated,3.0,30,0.0,0.9,3,0,2,0.004515599343185551,0.006089217296113846,12.597216136097607,3.172244798949788,6,406
correlated,3.0,30,0.0,0.9,3,0,3,0.004105090311986863,0.004652435686918447,20.06309201681491,4.250721121399139,6,406
correlated,3.0,30,0.0,0.9,3,0,5,0.0028735632183908046,0.0028051450465243566,30.773596253331466,4.252068981222105,6,406
correlated,3.0,30,0.0,0.9,3,0,7,0.0028735632183908046,0.0028051450465243566,50.71078588259246,3.8672334352860656,6,406
correlated,3.0,30,0.0,0.9,3,0,11,0.003284072249589491,0.003831417624521072,98.44557514099905,12.843807384042742,6,406
correlated,3.0,30,0.0,0.9,3,0,16,0.0024630541871921183,0.0016420361247947454,176.8409728198526,30.03765289228265,6,406
correlated,3.0,30,0.0,0.9,3,0,25,0.0024630541871921183,0.000821018062397373,338.12697447417327,63.6340669722075,6,406
correlated,3.0,30,0.0,0.9,3,0,37,0.0024630541871921183,0.000821018062397373,570.0619850773796,121.93481135441405,6,406
correlated,3.0,30,0.0,0.9,3,0,55,0.0012315270935960591,0.0014367816091954023,927.6230228082128,187.72655706677529,6,406
correlated,3.0,30,0.0,0.9,3,0,82,0.0016420361247947454,0.0013683634373289546,1325.0231094940184,332.8842626924531,6,406
correlated,3.0,30,0.0,0.9,3,0,122,0.0016420361247947454,0.0013683634373289546,1740.221119024809,502.97546391066885,6,406
correlated,3.0,30,0.0,0.9,3,0,182,0.0016420361247947454,0.0013683634373289546,2137.4430439884177,696.9139829849586,6,406
correlated,3.0,30,0.0,0.9,3,0,272,0.0016420361247947454,0.0013683634373289546,2467.0655032794093,771.0759342006769,6,406
correlated,3.0,30,0.0,0.9,3,0,406,0.0012315270935960591,0.0006157635467980298,2635.8690264192787,847.2772926205681,6,406
correlated,3.0,30,0.0,0.9,3,0,606,0.0016420361247947454,0.0013683634373289546,2869.9899133336107,874.118989110272,6,406
correlated,3.0,30,0.0,0.9,3,0,905,0.0016420361247947454,0.0013683634373289546,3037.9514015230543,860.0032724201758,6,406
correlated,3.0,30,0.0,0.9,3,0,1350,0.0016420361247947454,0.0013683634373289546,3163.2119861052925,854.341722638956,6,406
correlated,3.0,30,0.0,0.9,3,0,2015,0.0012315270935960591,0.0014367816091954023,3259.637257377965,861.6025937585293,6,406
correlated,3.0,30,0.0,0.9,3,0,3008,0.0016420361247947454,0.0013683634373289552,3307.329514265894,868.0070558708915,6,406
correlated,3.0,30,0.0,0.9,3,0,4489,0.0016420361247947454,0.0013683634373289552,3344.5596910169347,818.3801364481814,6,406
correlated,3.0,30,0.0,0.9,3,0,6700,0.0012315270935960591,0.0006157635467980298,3418.1013902895925,769.4658492140973,6,406
correlated,3.0,30,0.0,0.9,3,0,10000,0.0012315270935960591,0.0006157635467980298,3433.426141053358,782.8259568841944,6,406
correlated,3.0,30,0.0,0.9,3,100,1,0.03201970443349754,0.07142857142857133,1.5589002944630324,0.6591112114599288,6,406
correlated,3.0,30,0.0,0.9,3,100,2,0.02955665024630542,0.06732348111658458,3.0499550844270886,1.8603101652251917,6,406
correlated,3.0,30,0.0,0.9,3,100,3,0.0270935960591133,0.04844006568144508,4.445002599288369,2.974660047316857,6,406
correlated,3.0,30,0.0,0.9,3,100,5,0.02586206896551724,0.05890804597701153,6.715995579962417,3.2374663955984855,6,406
correlated,3.0,30,0.0,0.9,3,100,7,0.02504105090311987,0.04385604816639304,9.608531474783007,4.517761640063545,6,406
correlated,3.0,30,0.0,0.9,3,100,11,0.021756978653530375,0.03892993979200882,15.452697515978747,8.423356812236404,6,406
correlated,3.0,30,0.0,0.9,3,100,16,0.023809523809523808,0.04077723043240289,26.561222604835518,11.172388967101092,6,406
correlated,3.0,30,0.0,0.9,3,100,25,0.02175697865353038,0.04385604816639304,39.1812707226479,14.916810227245394,6,406
correlated,3.0,30,0.0,0.9,3,100,37,0.024220032840722494,0.05535030103995628,61.09332623398328,29.35506726651185,6,406
correlated,3.0,30,0.0,0.9,3,100,55,0.02175697865353038,0.03810892172961136,91.56819822464051,43.31015959760132,6,406
correlated,3.0,30,0.0,0.9,3,100,82,0.022167487684729065,0.04761904761904757,126.26456819174366,76.73445846332224,6,406
correlated,3.0,30,0.0,0.9,3,100,122,0.020935960591133007,0.05890804597701147,178.56564320838925,94.13537512164817,6,406
correlated,3.0,30,0.0,0.9,3,100,182,0.020114942528735632,0.05042419266557193,235.3448603471364,138.43002545603187,6,406
correlated,3.0,30,0.0,0.9,3,100,272,0.01929392446633826,0.05535030103995619,273.49344202438874,165.70594500160288,6,406
correlated,3.0,30,0.0,0.9,3,100,406,0.018883415435139574,0.04077723043240285,335.23315147008765,188.03128137397354,6,406
correlated,3.0,30,0.0,0.9,3,100,606,0.01929392446633826,0.04878215654077726,404.55972150482785,186.87448012572125,6,406
correlated,3.0,30,0.0,0.9,3,100,905,0.020114942528735632,0.05370826491516144,474.0572507037098,215.46711835052795,6,406
correlated,3.0,30,0.0,0.9,3,100,1350,0.018062397372742203,0.05145046524356866,535.7666180398722,218.6554075418749,6,406
correlated,3.0,30,0.0,0.9,3,100,2015,0.015188834154351398,0.03892993979200873,579.1129242518426,250.3550023816659,6,406
correlated,3.0,30,0.0,0.9,3,100,3008,0.01354679802955665,0.033456486042692954,603.8856105008268,246.94412998862416,6,406
correlated,3.0,30,0.0,0.9,3,100,4489,0.013957307060755335,0.02517788724685279,632.426263984664,252.50889454581286,6,406
correlated,3.0,30,0.0,0.9,3,100,6700,0.015188834154351396,0.015941434044882307,669.0745267099745,262.5693562642874,6,406
correlated,3.0,30,0.0,0.9,3,100,10000,0.01477832512315271,0.03284072249589491,678.2615978178472,268.28741259714445,6,406
correlated,3.0,30,0.0,0.9,3,1000,1,0.15558292282430214,0.09558018609742644,0.08618557258721082,0.04900793129619144,6,406
correlated,3.0,30,0.0,0.9,3,1000,2,0.15476190476190474,0.07669677066229086,0.13969924937499967,0.062369460652533515,6,406
correlated,3.0,30,0.0,0.9,3,1000,3,0.15270935960591134,0.0771756978653502,0.1958097051538673,0.10863071399717836,6,406
correlated,3.0,30,0.0,0.9,3,1000,5,0.14942528735632185,0.08018609742747448,0.5444676729551826,0.49740373978881003,6,406
correlated,3.0,30,0.0,0.9,3,1000,7,0.1469622331691297,0.05966064586754512,0.7503255875759137,0.6484155577359068,6,406
correlated,3.0,30,0.0,0.9,3,1000,11,0.14655172413793102,0.04659277504105361,0.8317957026819937,0.5294629200184029,6,406
correlated,3.0,30,0.0,0.9,3,1000,16,0.14449917898193762,0.09085933223864254,1.0331004192540727,0.89056426829838,6,406
correlated,3.0,30,0.0,0.9,3,1000,25,0.14532019704433496,0.09441707717570044,1.3800736033802548,1.5404354716764022,6,406
correlated,3.0,30,0.0,0.9,3,1000,37,0.14080459770114942,0.09311713191023717,1.740652677151677,1.5463246315148225,6,406
correlated,3.0,30,0.0,0.9,3,1000,55,0.1383415435139573,0.10461138478379789,2.8361549250388562,3.2232583042141503,6,406
correlated,3.0,30,0.0,0.9,3,1000,82,0.13136288998357964,0.10399562123699987,3.004883944160749,2.0127692113882683,6,406
correlated,3.0,30,0.0,0.9,3,1000,122,0.13300492610837436,0.07799671592775273,5.134255674049613,3.6164044018383583,6,406
correlated,3.0,30,0.0,0.9,3,1000,182,0.12972085385878487,0.11713191023536002,6.664362088533072,5.755585502315095,6,406
correlated,3.0,30,0.0,0.9,3,1000,272,0.1264367816091954,0.11056376573618207,6.9936967607156335,3.972458708150284,6,406
correlated,3.0,30,0.0,0.9,3,1000,406,0.12315270935960591,0.05993431855500769,10.680472521991774,10.381838065706752,6,406
correlated,3.0,30,0.0,0.9,3,1000,606,0.11945812807881773,0.14675697865353088,13.743101228326744,13.297277399512804,6,406
correlated,3.0,30,0.0,0.9,3,1000,905,0.11371100164203611,0.13416803503010577,17.453071093969925,18.76709510652409,6,406
correlated,3.0,30,0.0,0.9,3,1000,1350,0.1055008210180624,0.09804324028461923,23.000905356181722,19.373850667322912,6,406
correlated,3.0,30,0.0,0.9,3,1000,2015,0.09400656814449919,0.0635604816639293,29.345950549001447,26.140644039862597,6,406
correlated,3.0,30,0.0,0.9,3,1000,3008,0.09523809523809523,0.051450465243569145,35.32007725491858,35.18675632233035,6,406
correlated,3.0,30,0.0,0.9,3,1000,4489,0.0899014778325123,0.02360426929392511,47.09245740167666,51.48832259577815,6,406
correlated,3.0,30,0.0,0.9,3,1000,6700,0.08661740558292282,0.019225506294472432,55.708232581398455,72.69550534671701,6,406
correlated,3.0,30,0.0,0.9,3,1000,10000,0.08087027914614123,0.015120415982484798,57.25940909814628,70.2488662025578,6,406
correlated,3.0,30,0.0,0.9,3,10000,1,0.2134646962233169,0.12041598248495182,0.019896853229166126,0.019599413895434497,6,406
correlated,3.0,30,0.0,0.9,3,10000,2,0.21223316912972082,0.1325259989053162,0.048063265217522265,0.02822473655828293,6,406
correlated,3.0,30,0.0,0.9,3,10000,3,0.21223316912972082,0.1325259989053162,0.07137196744872222,0.0410108722346399,6,406
correlated,3.0,30,0.0,0.9,3,10000,5,0.2110016420361248,0.14504652435686988,0.08996349303574895,0.03766870606702081,6,406
correlated,3.0,30,0.0,0.9,3,10000,7,0.21059113300492613,0.15496715927749982,0.11514370277725429,0.06540223783638176,6,406
correlated,3.0,30,0.0,0.9,3,10000,11,0.2073070607553366,0.16536672140121164,0.16711118596680194,0.07209433401943402,6,406
correlated,3.0,30,0.0,0.9,3,10000,16,0.20689655172413793,0.1789819376026297,0.19692584876443522,0.07067737627625294,6,406
correlated,3.0,30,0.0,0.9,3,10000,25,0.2040229885057471,0.1308839627805196,0.2201894894839379,0.06700282362479955,6,406
correlated,3.0,30,0.0,0.9,3,10000,37,0.20279146141215107,0.14340448823207608,0.25854510204378006,0.09415517218809795,6,406
correlated,3.0,30,0.0,0.9,3,10000,55,0.19704433497536944,0.15106732348111845,0.3201061144952901,0.10469969922165985,6,406
correlated,3.0,30,0.0,0.9,3,10000,82,0.1925287356321839,0.16126163108922015,0.4599893431707094,0.11399600189334363,6,406
correlated,3.0,30,0.0,0.9,3,10000,122,0.19129720853858787,0.17214012041598004,0.6883143250038802,0.3114371002384135,6,406
correlated,3.0,30,0.0,0.9,3,10000,182,0.18719211822660098,0.17405582922824273,0.9494686528481772,0.4094414840668009,6,406
correlated,3.0,30,0.0,0.9,3,10000,272,0.18555008210180624,0.1581828133552286,1.2049524368693456,0.457551659814307,6,406
correlated,3.0,30,0.0,0.9,3,10000,406,0.1810344827586207,0.10242200328407332,1.4203023077383081,0.49158372416251844,6,406
correlated,3.0,30,0.0,0.9,3,10000,606,0.18267651888341543,0.18178708264915233,1.7363827025911058,0.9308911433498192,6,406
correlated,3.0,30,0.0,0.9,3,10000,905,0.1773399014778325,0.19376026272578506,1.6819244756976905,0.587893725931192,6,406
correlated,3.0,30,0.0,0.9,3,10000,1350,0.1715927750410509,0.11384783798576822,1.8251365926199856,0.9358552929765536,6,406
correlated,3.0,30,0.0,0.9,3,10000,2015,0.17077175697865352,0.12616310892173288,2.116915898430208,0.8233985896914481,6,406
correlated,3.0,30,0.0,0.9,3,10000,3008,0.16543513957307063,0.15058839627805065,2.5841098196858145,1.0177425765609545,6,406
correlated,3.0,30,0.0,0.9,3,10000,4489,0.15147783251231528,0.145935960591134,3.855014666183399,1.1070132563752586,6,406
correlated,3.0,30,0.0,0.9,3,10000,6700,0.1547619047619048,0.08654898741105216,3.6476705497729025,0.9097932757844688,6,406
correlated,3.0,30,0.0,0.9,3,10000,10000,0.13505747126436782,0.09065407772304368,4.773392544953177,1.9963697441455075,6,406
correlated,3.0,30,0.0,0.9,4,0,1,0.004105090311986864,0.0071154898741105635,7.813568654567889,1.9165745275917487,6,406
correlated,3.0,30,0.0,0.9,4,0,2,0.003284072249589491,0.006294471811713192,15.34618793840435,6.6011665129167065,6,406
correlated,3.0,30,0.0,0.9,4,0,3,0.003284072249589491,0.006294471811713192,24.569785289695997,10.687848488793344,6,406
correlated,3.0,30,0.0,0.9,4,0,5,0.0028735632183908046,0.005268199233716476,48.1495043730284,17.687894687363517,6,406
correlated,3.0,30,0.0,0.9,4,0,7,0.0028735632183908046,0.004447181171319102,75.56021816722696,29.11865877660775,6,406
correlated,3.0,30,0.0,0.9,4,0,11,0.0020525451559934315,0.0019841269841269845,143.7336030220783,52.56865729367369,6,406
correlated,3.0,30,0.0,0.9,4,0,16,0.0016420361247947454,0.0013683634373289552,226.4686767679016,73.3755840897193,6,406
correlated,3.0,30,0.0,0.9,4,0,25,0.0016420361247947454,0.0030103995621236996,470.1213545646238,156.10972813253076,6,406
correlated,3.0,30,0.0,0.9,4,0,37,0.0020525451559934315,0.0028051450465243566,819.8026645804267,277.6443961951877,6,406
correlated,3.0,30,0.0,0.9,4,0,55,0.00041050903119868636,0.0003420908593322387,1203.3399004061637,438.278844354429,6,406
correlated,3.0,30,0.0,0.9,4,0,82,0.0016420361247947454,0.0021893814997263283,1704.2291311623223,486.04400052735343,6,406
correlated,3.0,30,0.0,0.9,4,0,122,0.0016420361247947454,0.0021893814997263283,2295.973609344768,638.1223192970169,6,406
correlated,3.0,30,0.0,0.9,4,0,182,0.0008210180623973727,0.0005473453749315821,2977.9307349888645,715.6499441454246,6,406
correlated,3.0,30,0.0,0.9,4,0,272,0.0008210180623973727,0.0005473453749315821,3455.5282436384764,831.999699127429,6,406
correlated,3.0,30,0.0,0.9,4,0,406,0.0008210180623973727,0.0005473453749315821,3773.217382688903,901.2711705226042,6,406
correlated,3.0,30,0.0,0.9,4,0,606,0.0016420361247947454,0.0021893814997263283,4136.532393914155,1072.4767610950357,6,406
correlated,3.0,30,0.0,0.9,4,0,905,0.0016420361247947454,0.0021893814997263283,4381.251013152875,1309.672238919781,6,406
correlated,3.0,30,0.0,0.9,4,0,1350,0.0016420361247947454,0.0021893814997263283,4624.467300339402,1465.9844747169832,6,406
correlated,3.0,30,0.0,0.9,4,0,2015,0.0016420361247947454,0.0030103995621236996,4972.115923041369,1632.8885337732938,6,406
correlated,3.0,30,0.0,0.9,4,0,3008,0.0024630541871921183,0.0049261083743842365,5266.146805498827,1896.0856798687694,6,406
correlated,3.0,30,0.0,0.9,4,0,4489,0.0016420361247947454,0.0030103995621236996,5301.463983049768,1916.4070045556907,6,406
correlated,3.0,30,0.0,0.9,4,0,6700,0.0016420361247947454,0.0021893814997263283,5544.357863542697,1694.20540345835,6,406
correlated,3.0,30,0.0,0.9,4,0,10000,0.0020525451559934315,0.0019841269841269845,5614.969276761835,1644.9791150172066,6,406
correlated,3.0,30,0.0,0.9,4,100,1,0.026272577996715927,0.05227148330596617,2.4482180814078336,1.4936555317164775,6,406
correlated,3.0,30,0.0,0.9,4,100,2,0.023809523809523808,0.05062944718117137,5.3414423189292926,2.794467981579517,6,406
correlated,3.0,30,0.0,0.9,4,100,3,0.02257799671592775,0.0454980842911878,7.911051169040138,4.1604297494230735,6,406
correlated,3.0,30,0.0,0.9,4,100,5,0.022988505747126436,0.06376573617952927,13.166936847669064,7.095195156537506,6,406
correlated,3.0,30,0.0,0.9,4,100,7,0.02175697865353038,0.08244389709906946,19.56833002236065,9.877456312909144,6,406
correlated,3.0,30,0.0,0.9,4,100,11,0.020525451559934318,0.054734537493158215,30.196522255332155,16.814787096046302,6,406
correlated,3.0,30,0.0,0.9,4,100,16,0.019704433497536946,0.062397372742200315,41.9899419913271,25.716843303574343,6,406
correlated,3.0,30,0.0,0.9,4,100,25,0.01847290640394089,0.06629720853858784,64.98541275426612,39.09236394911706,6,406
correlated,3.0,30,0.0,0.9,4,100,37,0.017241379310344827,0.0648604269293925,99.45178955326124,58.00318791715437,6,406
correlated,3.0,30,0.0,0.9,4,100,55,0.018062397372742203,0.05473453749315817,160.47173275745493,86.35685917460384,6,406
correlated,3.0,30,0.0,0.9,4,100,82,0.01724137931034483,0.051724137931034475,255.73122991495066,111.21770477060177,6,406
correlated,3.0,30,0.0,0.9,4,100,122,0.016830870279146138,0.04467706622879042,334.4207927990697,124.11672269269091,6,406
correlated,3.0,30,0.0,0.9,4,100,182,0.016420361247947456,0.041598248494800226,458.3252861728102,201.78262299721365,6,406
correlated,3.0,30,0.0,0.9,4,100,272,0.016420361247947456,0.025177887246852746,562.0739214627246,202.4706945487634,6,406
correlated,3.0,30,0.0,0.9,4,100,406,0.013957307060755335,0.017788724685276428,680.6755045744342,266.05165792797845,6,406
correlated,3.0,30,0.0,0.9,4,100,606,0.015599343185550084,0.02189381499726326,830.0011246409889,423.10390669988635,6,406
correlated,3.0,30,0.0,0.9,4,100,905,0.011494252873563218,0.02189381499726328,933.4180100329869,535.2007668126317,6,406
correlated,3.0,30,0.0,0.9,4,100,1350,0.012315270935960592,0.019704433497536943,1078.9061902437006,568.7820586157658,6,406
correlated,3.0,30,0.0,0.9,4,100,2015,0.01477832512315271,0.04269293924466339,1250.8775357595234,652.6335409001834,6,406
correlated,3.0,30,0.0,0.9,4,100,3008,0.012315270935960592,0.021346469622331707,1367.5539110779134,813.3967771240009,6,406
correlated,3.0,30,0.0,0.9,4,100,4489,0.013957307060755339,0.02599890530925011,1435.2717203572565,782.8381186295201,6,406
correlated,3.0,30,0.0,0.9,4,100,6700,0.015599343185550084,0.02107279693486588,1548.9630583505539,720.9448705539335,6,406
correlated,3.0,30,0.0,0.9,4,100,10000,0.011083743842364532,0.017036124794745477,1588.4706091798028,701.2093350485296,6,406
correlated,3.0,30,0.0,0.9,4,1000,1,0.11945812807881773,0.20915435139573138,0.28952077456465924,0.29436103825192855,6,406
correlated,3.0,30,0.0,0.9,4,1000,2,0.11617405582922824,0.20067049808429213,0.6580016168470632,0.6947801915268261,6,406
correlated,3.0,30,0.0,0.9,4,1000,3,0.1149425287356322,0.20908593322386274,0.990316856767989,0.8313758265829324,6,406
correlated,3.0,30,0.0,0.9,4,1000,5,0.11083743842364531,0.2027914614121523,1.4359370568739365,1.1367706677441394,6,406
correlated,3.0,30,0.0,0.9,4,1000,7,0.1087848932676519,0.20067049808429002,2.0368783189028288,1.411989619028951,6,406
correlated,3.0,30,0.0,0.9,4,1000,11,0.10714285714285714,0.1878078817734002,3.2999590690678993,2.8796355796723105,6,406
correlated,3.0,30,0.0,0.9,4,1000,16,0.10714285714285715,0.16974548440065587,3.8424246222924197,3.1107842772366,6,406
correlated,3.0,30,0.0,0.9,4,1000,25,0.10673234811165845,0.13273125342091013,4.727567804426941,3.011281789734164,6,406
correlated,3.0,30,0.0,0.9,4,1000,37,0.10673234811165844,0.19348659003831545,6.832748089124029,5.6629865321088655,6,406
correlated,3.0,30,0.0,0.9,4,1000,55,0.10344827586206896,0.2430213464696226,6.633953220823938,5.582498782453038,6,406
correlated,3.0,30,0.0,0.9,4,1000,82,0.10262725779967159,0.1967706622879044,9.072983359060276,6.490176366821364,6,406
correlated,3.0,30,0.0,0.9,4,1000,122,0.09318555008210182,0.2409003831417617,14.948981669964411,11.214789501380537,6,406
correlated,3.0,30,0.0,0.9,4,1000,182,0.09113300492610837,0.25369458128078853,20.85818192779788,15.916335052223326,6,406
correlated,3.0,30,0.0,0.9,4,1000,272,0.08825944170771759,0.17850301039956157,27.630235307654583,22.460926812019483,6,406
correlated,3.0,30,0.0,0.9,4,1000,406,0.090311986863711,0.29447181171319103,46.73348889404784,52.751790177688136,6,406
correlated,3.0,30,0.0,0.9,4,1000,606,0.08538587848932677,0.20415982484947962,59.294914694913224,70.67270777703075,6,406
correlated,3.0,30,0.0,0.9,4,1000,905,0.07758620689655173,0.08107553366174072,84.82616701078989,85.70063852898637,6,406
correlated,3.0,30,0.0,0.9,4,1000,1350,0.0784072249589491,0.08983305966064536,152.63087078489693,184.89213244053542,6,406
correlated,3.0,30,0.0,0.9,4,1000,2015,0.07389162561576354,0.14532019704433563,182.25096357340416,245.43851266733404,6,406
correlated,3.0,30,0.0,0.9,4,1000,3008,0.07142857142857142,0.11658456486042712,193.9980435803844,259.8473280630772,6,406
correlated,3.0,30,0.0,0.9,4,1000,4489,0.06609195402298851,0.09229611384783816,216.36008602532684,251.99297145666554,6,406
correlated,3.0,30,0.0,0.9,4,1000,6700,0.06444991789819375,0.10871647509578589,267.4840581691039,273.74612005039614,6,406
correlated,3.0,30,0.0,0.9,4,1000,10000,0.06157635467980296,0.08292282430213478,290.75862370793106,291.5583712507068,6,406
correlated,3.0,30,0.0,0.9,4,10000,1,0.20689655172413793,0.02709359605911578,0.0325882748432803,0.023683467893430694,6,406
correlated,3.0,30,0.0,0.9,4,10000,2,0.20689655172413793,0.03201970443349714,0.06380345294106045,0.08069319480199322,6,406
correlated,3.0,30,0.0,0.9,4,10000,3,0.20648604269293924,0.029077723043242895,0.11451995881217299,0.10916186784772128,6,406
correlated,3.0,30,0.0,0.9,4,10000,5,0.2036124794745484,0.041598248494802204,0.16259148189740674,0.10117301340025868,6,406
correlated,3.0,30,0.0,0.9,4,10000,7,0.2007389162561576,0.048234811165847394,0.24145714392616968,0.1273000450068029,6,406
correlated,3.0,30,0.0,0.9,4,10000,11,0.20032840722495893,0.05391351943076264,0.2838931804027865,0.15794388294839679,6,406
correlated,3.0,30,0.0,0.9,4,10000,16,0.2007389162561576,0.039203612479477346,0.4526458437679322,0.3472706161465556,6,406
correlated,3.0,30,0.0,0.9,4,10000,25,0.1986863711001642,0.018609742747675115,0.5534742704157218,0.45168998258603194,6,406
correlated,3.0,30,0.0,0.9,4,10000,37,0.1892446633825944,0.019225506294474545,0.9458982378065987,0.569382787075029,6,406
correlated,3.0,30,0.0,0.9,4,10000,55,0.1900656814449918,0.023330596606454784,0.9077490850704986,0.5459300858771077,6,406
correlated,3.0,30,0.0,0.9,4,10000,82,0.1798029556650246,0.06403940886699991,1.427960934595677,0.941717206314621,6,406
correlated,3.0,30,0.0,0.9,4,10000,122,0.18021346469622332,0.06848659003831348,1.4429365619442516,0.8194044838870984,6,406
correlated,3.0,30,0.0,0.9,4,10000,182,0.17651888341543517,0.07115489874110303,1.9071393115126412,1.11421811019404,6,406
correlated,3.0,30,0.0,0.9,4,10000,272,0.1744663382594417,0.055350301039958964,2.1201932276479463,0.9720826169160973,6,406
correlated,3.0,30,0.0,0.9,4,10000,406,0.1720032840722496,0.08654898741105499,2.1914543387721657,0.9898718636151238,6,406
correlated,3.0,30,0.0,0.9,4,10000,606,0.1629720853858785,0.06930760810070896,2.9543251839691274,1.6547473354725806,6,406
correlated,3.0,30,0.0,0.9,4,10000,905,0.16174055829228243,0.0801860974274787,2.8978627355518114,1.697210784215624,6,406
correlated,3.0,30,0.0,0.9,4,10000,1350,0.15435139573070608,0.08921729611384593,3.4608663154053105,1.8549245716557303,6,406
correlated,3.0,30,0.0,0.9,4,10000,2015,0.1568144499178982,0.10563765736179506,3.4827303329660224,1.956419151858495,6,406
correlated,3.0,30,0.0,0.9,4,10000,3008,0.14532019704433496,0.1009852216748784,4.1472911479348635,1.9040870070416358,6,406
correlated,3.0,30,0.0,0.9,4,10000,4489,0.14039408866995073,0.08949096880131345,4.987601760517596,2.259989662355009,6,406
correlated,3.0,30,0.0,0.9,4,10000,6700,0.13998357963875208,0.12842090859332048,5.309360659731481,2.0202542055704593,6,406
correlated,3.0,30,0.0,0.9,4,10000,10000,0.1268472906403941,0.037561576354679334,6.050210314507596,0.8698519674709869,6,406
correlated,3.0,30,0.0,0.9,5,0,1,0.0028735632183908046,0.0036261631089217297,7.564505938803234,2.624795074778854,6,406
correlated,3.0,30,0.0,0.9,5,0,2,0.002052545155993432,0.001984126984126984,14.38736560940241,4.045801027789463,6,406
correlated,3.0,30,0.0,0.9,5,0,3,0.002052545155993432,0.001984126984126984,22.45756528960992,9.098974708991442,6,406
correlated,3.0,30,0.0,0.9,5,0,5,0.0016420361247947454,0.0013683634373289552,41.338615954458994,9.65180409201937,6,406
correlated,3.0,30,0.0,0.9,5,0,7,0.0020525451559934315,0.0019841269841269845,65.19372042192691,16.869183394285926,6,406
correlated,3.0,30,0.0,0.9,5,0,11,0.0020525451559934315,0.0019841269841269845,116.77329164161165,12.97451251354832,6,406
correlated,3.0,30,0.0,0.9,5,0,16,0.0012315270935960591,0.0006157635467980298,211.85049382630936,37.10606035572754,6,406
correlated,3.0,30,0.0,0.9,5,0,25,0.0016420361247947454,0.0005473453749315822,349.3291858223774,53.67031046223238,6,406
correlated,3.0,30,0.0,0.9,5,0,37,0.0012315270935960591,0.0006157635467980298,561.7948918602998,76.91614060941404,6,406
correlated,3.0,30,0.0,0.9,5,0,55,0.0012315270935960591,0.0006157635467980298,882.7074301568504,126.35109938159195,6,406
correlated,3.0,30,0.0,0.9,5,0,82,0.0008210180623973727,0.0005473453749315821,1313.1799878893717,161.3090031124031,6,406
correlated,3.0,30,0.0,0.9,5,0,122,0.00041050903119868636,0.0003420908593322387,1693.2835545107773,264.30148585796,6,406
correlated,3.0,30,0.0,0.9,5,0,182,0.0008210180623973727,0.0005473453749315821,2030.077891754062,329.7880989931199,6,406
correlated,3.0,30,0.0,0.9,5,0,272,0.0008210180623973727,0.0005473453749315821,2330.592077364138,391.8225507441913,6,406
correlated,3.0,30,0.0,0.9,5,0,406,0.0012315270935960591,0.0006157635467980298,2546.0271470369653,504.34739083174844,6,406
correlated,3.0,30,0.0,0.9,5,0,606,0.0016420361247947454,0.0013683634373289552,2679.317913390604,554.4859335591234,6,406
correlated,3.0,30,0.0,0.9,5,0,905,0.0016420361247947454,0.0013683634373289552,2882.035934966038,587.3706147392959,6,406
correlated,3.0,30,0.0,0.9,5,0,1350,0.0012315270935960591,0.0014367816091954023,3151.7183297233883,654.334011939502,6,406
correlated,3.0,30,0.0,0.9,5,0,2015,0.0020525451559934315,0.0019841269841269845,3274.7082857847395,736.0528657846826,6,406
correlated,3.0,30,0.0,0.9,5,0,3008,0.0012315270935960591,0.0014367816091954023,3480.941272514092,914.8628991196772,6,406
correlated,3.0,30,0.0,0.9,5,0,4489,0.0008210180623973727,0.0005473453749315821,3490.9267180944894,930.3712067690734,6,406
correlated,3.0,30,0.0,0.9,5,0,6700,0.0012315270935960591,0.0014367816091954023,3522.669079850053,930.4847602628536,6,406
correlated,3.0,30,0.0,0.9,5,0,10000,0.0012315270935960591,0.0014367816091954023,3560.6304997552375,954.9914011130841,6,406
correlated,3.0,30,0.0,0.9,5,100,1,0.03653530377668309,0.06848659003831409,1.6732183408873718,0.6085055554584939,6,406
correlated,3.0,30,0.0,0.9,5,100,2,0.03694581280788178,0.062397372742200224,3.9131745885491083,2.968951592117984,6,406
correlated,3.0,30,0.0,0.9,5,100,3,0.03653530377668309,0.06191844553913508,5.885790362320236,3.6895712616456744,6,406
correlated,3.0,30,0.0,0.9,5,100,5,0.03366174055829229,0.08264915161466868,9.824230059599225,5.311949091085109,6,406
correlated,3.0,30,0.0,0.9,5,100,7,0.0332512315270936,0.057266009852216734,13.45612321088234,6.323782254201031,6,406
correlated,3.0,30,0.0,0.9,5,100,11,0.03366174055829228,0.055555555555555546,19.892044424792278,11.074723671508687,6,406
correlated,3.0,30,0.0,0.9,5,100,16,0.0332512315270936,0.03920361247947453,24.00921284369804,14.554186999510897,6,406
correlated,3.0,30,0.0,0.9,5,100,25,0.029967159277504107,0.03892993979200873,39.26263650619501,17.402695244520302,6,406
correlated,3.0,30,0.0,0.9,5,100,37,0.029146141215106728,0.059455391351943165,61.43868491941782,27.24834174228453,6,406
correlated,3.0,30,0.0,0.9,5,100,55,0.028325123152709356,0.054802955665024695,89.13326227790382,41.08041877289786,6,406
correlated,3.0,30,0.0,0.9,5,100,82,0.027504105090311984,0.025793650793650834,123.97130566202888,47.73579450377303,6,406
correlated,3.0,30,0.0,0.9,5,100,122,0.026683087027914613,0.04303503010399567,171.6453463726755,72.4370480188004,6,406
correlated,3.0,30,0.0,0.9,5,100,182,0.028325123152709356,0.06137110016420367,240.20966865665886,114.61086429598512,6,406
correlated,3.0,30,0.0,0.9,5,100,272,0.028325123152709363,0.04987684729064034,303.45747269123234,129.39212224945283,6,406
correlated,3.0,30,0.0,0.9,5,100,406,0.02586206896551724,0.04659277504105092,368.00893877648724,169.64671090823214,6,406
correlated,3.0,30,0.0,0.9,5,100,606,0.023399014778325126,0.041666666666666616,414.21992969115394,191.9485607435829,6,406
correlated,3.0,30,0.0,0.9,5,100,905,0.02257799671592775,0.03975095785440611,511.5991754397433,220.09992484744288,6,406
correlated,3.0,30,0.0,0.9,5,100,1350,0.022167487684729065,0.040229885057471264,647.4207232552168,265.8354934614845,6,406
correlated,3.0,30,0.0,0.9,5,100,2015,0.022167487684729065,0.040229885057471215,704.6399038047169,303.132926944987,6,406
correlated,3.0,30,0.0,0.9,5,100,3008,0.020935960591133007,0.0449507389162561,787.5511583615165,367.00236903208025,6,406
correlated,3.0,30,0.0,0.9,5,100,4489,0.01929392446633826,0.04057197591680347,807.1861757416101,374.3317720955612,6,406
correlated,3.0,30,0.0,0.9,5,100,6700,0.0180623973727422,0.014504652435686908,817.8466034795716,389.73824993208115,6,406
correlated,3.0,30,0.0,0.9,5,100,10000,0.018472906403940885,0.023604269293924493,837.5292411453144,390.00642313414653,6,406
correlated,3.0,30,0.0,0.9,5,1000,1,0.13711001642036127,0.139299397920086,0.2207728334298622,0.180696514159922,6,406
correlated,3.0,30,0.0,0.9,5,1000,2,0.13628899835796388,0.15079365079365095,0.41962617797530394,0.29898513374015123,6,406
correlated,3.0,30,0.0,0.9,5,1000,3,0.13669950738916256,0.15168308702791505,0.6442404755185202,0.43446605429113094,6,406
correlated,3.0,30,0.0,0.9,5,1000,5,0.1330049261083744,0.12889983579638825,1.0908959801229832,0.8276904722941388,6,406
correlated,3.0,30,0.0,0.9,5,1000,7,0.13136288998357967,0.14504652435686566,1.3473160672554083,0.8677108934491576,6,406
correlated,3.0,30,0.0,0.9,5,1000,11,0.12807881773399016,0.16091954022988397,1.8489931477542354,1.0198252774889005,6,406
correlated,3.0,30,0.0,0.9,5,1000,16,0.12848932676518884,0.19081828133552237,2.3040834075932755,0.9581206468342521,6,406
correlated,3.0,30,0.0,0.9,5,1000,25,0.1235632183908046,0.19820744389709863,4.065443670243192,2.9392953644490074,6,406
correlated,3.0,30,0.0,0.9,5,1000,37,0.12110016420361248,0.09640120415982403,4.596058305163752,3.101850278007774,6,406
correlated,3.0,30,0.0,0.9,5,1000,55,0.11822660098522166,0.17487684729064173,5.318148548294389,2.7988128657961107,6,406
correlated,3.0,30,0.0,0.9,5,1000,82,0.11453201970443351,0.1812397372742194,9.64913440868344,7.779486575297641,6,406
correlated,3.0,30,0.0,0.9,5,1000,122,0.10878489326765188,0.09886425834701754,12.019511922879495,7.303746264516203,6,406
correlated,3.0,30,0.0,0.9,5,1000,182,0.10385878489326765,0.20231253420908663,18.07757446190477,10.966803346793647,6,406
correlated,3.0,30,0.0,0.9,5,1000,272,0.10385878489326765,0.14155719759168062,23.111862710410104,15.881640927605437,6,406
correlated,3.0,30,0.0,0.9,5,1000,406,0.09688013136288999,0.18938149972632676,38.900806085207996,29.3831047024143,6,406
correlated,3.0,30,0.0,0.9,5,1000,606,0.08784893267651889,0.186918445539135,54.19633766958075,39.244675565697634,6,406
correlated,3.0,30,0.0,0.9,5,1000,905,0.0907224958949097,0.12021072796934802,56.097988848876945,38.812421776602775,6,406
correlated,3.0,30,0.0,0.9,5,1000,1350,0.08702791461412152,0.15243568691844614,69.98076845961799,61.83293020570308,6,406
correlated,3.0,30,0.0,0.9,5,1000,2015,0.0812807881773399,0.23399014778325147,100.34683661816865,98.6173384970789,6,406
correlated,3.0,30,0.0,0.9,5,1000,3008,0.07142857142857142,0.18801313628899835,103.24313227487319,103.5133044683551,6,406
correlated,3.0,30,0.0,0.9,5,1000,4489,0.07101806239737275,0.24582649151614624,121.52625824898159,112.46979505874734,6,406
correlated,3.0,30,0.0,0.9,5,1000,6700,0.07307060755336618,0.30186097427476766,117.47987824374745,110.97105755138293,6,406
correlated,3.0,30,0.0,0.9,5,1000,10000,0.0665024630541872,0.09441707717569797,138.31896377998473,123.33124629704851,6,406
correlated,3.0,30,0.0,0.9,5,10000,1,0.20114942528735635,0.36261631089216906,0.05204201571266635,0.075147309202331,6,406
correlated,3.0,30,0.0,0.9,5,10000,2,0.20073891625615767,0.35857963875204757,0.06496782531660737,0.08545929487996716,6,406
correlated,3.0,30,0.0,0.9,5,10000,3,0.20073891625615767,0.35857963875204757,0.11166533912210153,0.12848016221027653,6,406
correlated,3.0,30,0.0,0.9,5,10000,5,0.20114942528735633,0.3363437328954544,0.17828528436716762,0.14793479697490508,6,406
correlated,3.0,30,0.0,0.9,5,10000,7,0.19827586206896552,0.35119047619047417,0.23694597953112928,0.20909927508793655,6,406
correlated,3.0,30,0.0,0.9,5,10000,11,0.19581280788177344,0.32573891625614937,0.34832819986739744,0.36863630057568203,6,406
correlated,3.0,30,0.0,0.9,5,10000,16,0.1941707717569787,0.3336754241926606,0.49865809840611125,0.5989947047190033,6,406
correlated,3.0,30,0.0,0.9,5,10000,25,0.1933497536945813,0.3372331691297171,0.6909493999288608,0.7140174547080764,6,406
correlated,3.0,30,0.0,0.9,5,10000,37,0.19211822660098524,0.40968801313628767,0.6649063048063227,0.563085062183839,6,406
correlated,3.0,30,0.0,0.9,5,10000,55,0.18801313628899838,0.3576902025177849,1.2117522272194918,1.7563096870942316,6,406
correlated,3.0,30,0.0,0.9,5,10000,82,0.18801313628899838,0.45785440613026496,1.1263822113484576,1.272699529197615,6,406
correlated,3.0,30,0.0,0.9,5,10000,122,0.18637110016420363,0.4324028461959458,1.7199158725693995,2.3693128112889896,6,406
correlated,3.0,30,0.0,0.9,5,10000,182,0.17939244663382595,0.3049397920087567,2.6933612108524643,3.8494086300121517,6,406
correlated,3.0,30,0.0,0.9,5,10000,272,0.1777504105090312,0.3476327312534205,5.2840013552189165,9.677074405934285,6,406
correlated,3.0,30,0.0,0.9,5,10000,406,0.17733990147783252,0.3916256157635447,6.602524807937144,13.075058922762452,6,406
correlated,3.0,30,0.0,0.9,5,10000,606,0.17446633825944172,0.33285440613026657,4.119353472909672,6.1460309239845285,6,406
correlated,3.0,30,0.0,0.9,5,10000,905,0.16707717569786537,0.3853995621236987,2.8873050848475628,2.8590312407149185,6,406
correlated,3.0,30,0.0,0.9,5,10000,1350,0.16666666666666666,0.320744389709905,11.260041947790706,22.790261959609573,6,406
correlated,3.0,30,0.0,0.9,5,10000,2015,0.16297208538587848,0.35584291187739364,19.624725347999185,42.54111963188411,6,406
correlated,3.0,30,0.0,0.9,5,10000,3008,0.15845648604269294,0.37000547345375095,26.677508396939427,58.29794109082634,6,406
correlated,3.0,30,0.0,0.9,5,10000,4489,0.1498357963875205,0.3115079365079389,26.40747296314321,56.997469055267494,6,406
correlated,3.0,30,0.0,0.9,5,10000,6700,0.13957307060755333,0.23125342090859716,30.52261121988879,64.35727741408546,6,406
correlated,3.0,30,0.0,0.9,5,10000,10000,0.13177339901477833,0.2403530377668302,30.091789289655654,61.655492640578046,6,406
correlated,3.0,30,0.0,0.9,6,0,1,0.005336617405582922,0.0028051450465243597,5.90483097863417,2.6570803343479494,6,406
correlated,3.0,30,0.0,0.9,6,0,2,0.005336617405582922,0.004447181171319105,13.658362842807131,5.298856005151692,6,406
correlated,3.0,30,0.0,0.9,6,0,3,0.005747126436781608,0.003010399562123705,18.772562734909954,6.3826815296239525,6,406
correlated,3.0,30,0.0,0.9,6,0,5,0.004926108374384236,0.0032840722495894935,39.84589174715971,15.052541753707837,6,406
correlated,3.0,30,0.0,0.9,6,0,7,0.004926108374384236,0.0032840722495894935,65.79982987738371,19.80446516374796,6,406
correlated,3.0,30,0.0,0.9,6,0,11,0.0028735632183908046,0.0019841269841269853,118.83398440671117,38.003493621816936,6,406
correlated,3.0,30,0.0,0.9,6,0,16,0.002052545155993432,0.002805145046524356,196.35032581400847,45.099441347814064,6,406
correlated,3.0,30,0.0,0.9,6,0,25,0.0016420361247947454,0.0030103995621236996,361.7689930690019,76.27353727210998,6,406
correlated,3.0,30,0.0,0.9,6,0,37,0.0020525451559934315,0.0036261631089217292,634.8347521666371,140.94018280246846,6,406
correlated,3.0,30,0.0,0.9,6,0,55,0.003284072249589491,0.0038314176245210735,998.0197556339072,217.06777903689178,6,406
correlated,3.0,30,0.0,0.9,6,0,82,0.0028735632183908046,0.0028051450465243566,1344.2225236509341,338.71089002743133,6,406
correlated,3.0,30,0.0,0.9,6,0,122,0.0024630541871921183,0.002463054187192118,1662.392639352753,333.5753373304188,6,406
correlated,3.0,30,0.0,0.9,6,0,182,0.0024630541871921183,0.003284072249589491,1994.8251927134916,405.44701002050556,6,406
correlated,3.0,30,0.0,0.9,6,0,272,0.0024630541871921183,0.003284072249589491,2172.747196569327,357.62460843704457,6,406
correlated,3.0,30,0.0,0.9,6,0,406,0.0028735632183908046,0.0028051450465243566,2652.486695537164,621.5889748270573,6,406
correlated,3.0,30,0.0,0.9,6,0,606,0.0024630541871921183,0.0016420361247947454,2964.5279826359533,732.9496374552165,6,406
correlated,3.0,30,0.0,0.9,6,0,905,0.0016420361247947454,0.0013683634373289546,3128.4971357588242,769.0797540909932,6,406
correlated,3.0,30,0.0,0.9,6,0,1350,0.0016420361247947454,0.0021893814997263283,3418.8199590247536,896.854876060132,6,406
correlated,3.0,30,0.0,0.9,6,0,2015,0.0028735632183908046,0.0028051450465243566,3646.6621802986538,1094.6751159085902,6,406
correlated,3.0,30,0.0,0.9,6,0,3008,0.002052545155993432,0.0011631089217296112,3806.253269989664,1106.1838887464228,6,406
correlated,3.0,30,0.0,0.9,6,0,4489,0.002052545155993432,0.0003420908593322384,3931.8660761313145,1152.9239319499454,6,406
correlated,3.0,30,0.0,0.9,6,0,6700,0.0012315270935960591,0.0006157635467980298,4073.0981390962424,1268.096013797559,6,406
correlated,3.0,30,0.0,0.9,6,0,10000,0.0016420361247947454,0.0005473453749315822,4180.060783805145,1365.5256713593267,6,406
correlated,3.0,30,0.0,0.9,6,100,1,0.03735632183908046,0.17932402846195936,2.7463298058748933,1.6502437194281157,6,406
correlated,3.0,30,0.0,0.9,6,100,2,0.03694581280788178,0.17487684729064032,4.934683917742185,2.8757586126516705,6,406
correlated,3.0,30,0.0,0.9,6,100,3,0.034482758620689655,0.18555008210180635,7.678726472070146,4.3164337271167215,6,406
correlated,3.0,30,0.0,0.9,6,100,5,0.03201970443349754,0.16912972085385883,11.866213173293653,7.090762816827121,6,406
correlated,3.0,30,0.0,0.9,6,100,7,0.031609195402298854,0.14319923371647503,15.197842516628612,10.037381063647075,6,406
correlated,3.0,30,0.0,0.9,6,100,11,0.03284072249589491,0.1573617952928297,20.448682909492593,13.473611076849282,6,406
correlated,3.0,30,0.0,0.9,6,100,16,0.028325123152709356,0.10488505747126439,26.44659214328193,16.361210858058385,6,406
correlated,3.0,30,0.0,0.9,6,100,25,0.02914614121510674,0.09229611384783777,42.88494001606603,29.359944396355118,6,406
correlated,3.0,30,0.0,0.9,6,100,37,0.02668308702791462,0.1308839627805144,59.70597757397737,38.94980369297885,6,406
correlated,3.0,30,0.0,0.9,6,100,55,0.023399014778325122,0.1360837438423646,88.22152130156081,67.6144703138092,6,406
correlated,3.0,30,0.0,0.9,6,100,82,0.025041050903119866,0.1587985769020253,145.78858903113206,89.63414726825846,6,406
correlated,3.0,30,0.0,0.9,6,100,122,0.02504105090311987,0.1448412698412699,185.23780053510484,101.70254425922361,6,406
correlated,3.0,30,0.0,0.9,6,100,182,0.02463054187192118,0.14696223316912976,215.2052682937164,89.29629357958048,6,406
correlated,3.0,30,0.0,0.9,6,100,272,0.02175697865353038,0.092296113847838,333.96706157956993,153.73635437033786,6,406
correlated,3.0,30,0.0,0.9,6,100,406,0.02298850574712644,0.08100711548987406,467.1138117088207,221.84209850250397,6,406
correlated,3.0,30,0.0,0.9,6,100,606,0.019704433497536946,0.09688013136288998,564.7491745519483,280.86408591854575,6,406
correlated,3.0,30,0.0,0.9,6,100,905,0.020525451559934318,0.04734537493158182,643.1716718213682,306.48382551426346,6,406
correlated,3.0,30,0.0,0.9,6,100,1350,0.019704433497536946,0.0870279146141215,846.1276967325581,465.12776481754213,6,406
correlated,3.0,30,0.0,0.9,6,100,2015,0.021756978653530375,0.10953749315818281,892.9489819233326,509.6551215019129,6,406
correlated,3.0,30,0.0,0.9,6,100,3008,0.017651888341543513,0.06684455391351947,1018.1409459830876,562.4479552692286,6,406
correlated,3.0,30,0.0,0.9,6,100,4489,0.01477832512315271,0.014778325123152702,1063.7378626044876,582.429491350598,6,406
correlated,3.0,30,0.0,0.9,6,100,6700,0.012725779967159278,0.016762452107279686,1181.184102899185,635.1780671631535,6,406
correlated,3.0,30,0.0,0.9,6,100,10000,0.013957307060755335,0.014504652435686919,1239.4933573771066,676.4433220010907,6,406
correlated,3.0,30,0.0,0.9,6,1000,1,0.1264367816091954,0.6869184455391376,0.4473086211759821,0.639881340443794,6,406
correlated,3.0,30,0.0,0.9,6,1000,2,0.12561576354679804,0.6839080459770105,0.68550668330715,0.892316465067276,6,406
correlated,3.0,30,0.0,0.9,6,1000,3,0.124384236453202,0.662356321839079,1.0236248785242095,1.3251004759129872,6,406
correlated,3.0,30,0.0,0.9,6,1000,5,0.12438423645320197,0.6861658456486037,1.1518294147374653,1.3382470019802541,6,406
correlated,3.0,30,0.0,0.9,6,1000,7,0.12027914614121511,0.6259578544061298,2.0054597162465013,2.45264626314993,6,406
correlated,3.0,30,0.0,0.9,6,1000,11,0.11699507389162563,0.6525041050903113,2.3880091455260826,2.509868405849491,6,406
correlated,3.0,30,0.0,0.9,6,1000,16,0.11535303776683087,0.5693076081007126,4.673471980683671,5.786901339134496,6,406
correlated,3.0,30,0.0,0.9,6,1000,25,0.11576354679802957,0.5599343185550071,7.418534049471018,7.880644220850045,6,406
correlated,3.0,30,0.0,0.9,6,1000,37,0.11494252873563217,0.5465243568691864,8.392601812492682,9.750394011732691,6,406
correlated,3.0,30,0.0,0.9,6,1000,55,0.10960591133004925,0.5211412151067338,15.670546556154063,20.042178659687277,6,406
correlated,3.0,30,0.0,0.9,6,1000,82,0.10632183908045978,0.4806376573617953,19.957529146901273,23.879206171532708,6,406
correlated,3.0,30,0.0,0.9,6,1000,122,0.10426929392446632,0.4200875752599903,24.30989899531129,29.8114235405598,6,406
correlated,3.0,30,0.0,0.9,6,1000,182,0.10057471264367818,0.45764915161466824,27.9633675017631,26.11244852411327,6,406
correlated,3.0,30,0.0,0.9,6,1000,272,0.09811165845648606,0.4067460317460306,33.64111325335862,30.98888014547042,6,406
correlated,3.0,30,0.0,0.9,6,1000,406,0.09195402298850575,0.40777230432402845,59.152452269409885,70.6929886553376,6,406
correlated,3.0,30,0.0,0.9,6,1000,606,0.0907224958949097,0.3739053092501358,84.63427758755661,98.92765523399011,6,406
correlated,3.0,30,0.0,0.9,6,1000,905,0.09318555008210182,0.41988232074438864,109.88965716474813,124.94463683072699,6,406
correlated,3.0,30,0.0,0.9,6,1000,1350,0.08251231527093597,0.35283251231527074,111.0232016291496,106.5629210903072,6,406
correlated,3.0,30,0.0,0.9,6,1000,2015,0.08210180623973727,0.24931581828133587,139.61751598124394,122.00514646802586,6,406
correlated,3.0,30,0.0,0.9,6,1000,3008,0.07594417077175698,0.23186918445539131,175.4842913370488,156.2881186396506,6,406
correlated,3.0,30,0.0,0.9,6,1000,4489,0.07060755336617405,0.11138478379857719,166.02199333158748,139.8154345604566,6,406
correlated,3.0,30,0.0,0.9,6,1000,6700,0.06732348111658457,0.12287903667214004,230.80599507968762,199.81732561604952,6,406
correlated,3.0,30,0.0,0.9,6,1000,10000,0.06444991789819376,0.08162287903667187,254.9348285442612,239.45367283199175,6,406
correlated,3.0,30,0.0,0.9,6,10000,1,0.1839080459770115,0.2534209085933217,0.032520365346339286,0.01570646573878021,6,406
correlated,3.0,30,0.0,0.9,6,10000,2,0.1834975369458128,0.24856321839080478,0.12777911183997376,0.11935734981853532,6,406
correlated,3.0,30,0.0,0.9,6,10000,3,0.1818555008210181,0.2606048166392963,0.219180837403925,0.25822278247634073,6,406
correlated,3.0,30,0.0,0.9,6,10000,5,0.1818555008210181,0.2934455391351917,0.40164905680508306,0.4072736104553053,6,406
correlated,3.0,30,0.0,0.9,6,10000,7,0.17980295566502466,0.30459770114942336,0.5455339876296735,0.6301246496414309,6,406
correlated,3.0,30,0.0,0.9,6,10000,11,0.17692939244663383,0.3049397920087567,0.8964142967491768,1.0808372378759508,6,406
correlated,3.0,30,0.0,0.9,6,10000,16,0.1724137931034483,0.25451559934318474,0.9158287816898047,1.10266412356155,6,406
correlated,3.0,30,0.0,0.9,6,10000,25,0.1720032840722496,0.2606048166392977,1.2527422756271027,1.4170540693559843,6,406
correlated,3.0,30,0.0,0.9,6,10000,37,0.16954022988505746,0.20149151614668903,1.7092330978156351,1.6750460740886723,6,406
correlated,3.0,30,0.0,0.9,6,10000,55,0.16666666666666666,0.23700054734537682,2.0880295076364543,2.559896734538754,6,406
correlated,3.0,30,0.0,0.9,6,10000,82,0.16502463054187191,0.2848932676518909,2.539471462910392,2.588880251089384,6,406
correlated,3.0,30,0.0,0.9,6,10000,122,0.1625615763546798,0.2348111658456466,4.618217061575767,5.445617935291075,6,406
correlated,3.0,30,0.0,0.9,6,10000,182,0.15517241379310345,0.26272577996715785,5.243677273144443,6.476949298719746,6,406
correlated,3.0,30,0.0,0.9,6,10000,272,0.15229885057471265,0.23269020251778785,7.970607632855021,9.974807533944183,6,406
correlated,3.0,30,0.0,0.9,6,10000,406,0.14121510673234813,0.406951286261628,12.222315202169817,17.74512185339854,6,406
correlated,3.0,30,0.0,0.9,6,10000,606,0.13793103448275862,0.528735632183909,12.459163242118768,17.6470800729299,6,406
correlated,3.0,30,0.0,0.9,6,10000,905,0.14244663382594416,0.3936097427476747,18.365806477626382,31.921874747595357,6,406
correlated,3.0,30,0.0,0.9,6,10000,1350,0.13669950738916256,0.35529556650246286,25.740350096310504,47.076805761678855,6,406
correlated,3.0,30,0.0,0.9,6,10000,2015,0.12192118226600984,0.33066502463054337,51.391305005292686,87.06128675129511,6,406
correlated,3.0,30,0.0,0.9,6,10000,3008,0.12192118226600986,0.25513136288998345,69.25912929453658,121.0066473408577,6,406
correlated,3.0,30,0.0,0.9,6,10000,4489,0.11247947454844005,0.21647509578544252,107.42759566846671,179.01685688753503,6,406
correlated,3.0,30,0.0,0.9,6,10000,6700,0.11001642036124794,0.18527640941434087,126.68406316131178,195.71456366003127,6,406
correlated,3.0,30,0.0,0.9,6,10000,10000,0.10016420361247946,0.09414340448823294,134.09588163653197,206.33649245219095,6,406
correlated,3.0,30,0.0,0.9,7,0,1,0.003284072249589491,0.0021893814997263287,8.09256346781254,3.2009940039288476,6,406
correlated,3.0,30,0.0,0.9,7,0,2,0.003284072249589491,0.0021893814997263287,17.546380867527446,5.468822883885842,6,406
correlated,3.0,30,0.0,0.9,7,0,3,0.0028735632183908046,0.0011631089217296114,26.59316201531101,8.754307844754361,6,406
correlated,3.0,30,0.0,0.9,7,0,5,0.0028735632183908046,0.0019841269841269845,45.581545616398266,10.776332422092922,6,406
correlated,3.0,30,0.0,0.9,7,0,7,0.002052545155993432,0.002805145046524356,69.49222287401099,16.639196483883925,6,406
correlated,3.0,30,0.0,0.9,7,0,11,0.0016420361247947454,0.0013683634373289546,129.57605824732534,28.16379076526705,6,406
correlated,3.0,30,0.0,0.9,7,0,16,0.00041050903119868636,0.0003420908593322387,221.8137080420661,37.52355568902844,6,406
correlated,3.0,30,0.0,0.9,7,0,25,0.0012315270935960591,0.0006157635467980298,417.2186612240834,65.28206353046252,6,406
correlated,3.0,30,0.0,0.9,7,0,37,0.00041050903119868636,0.0003420908593322387,669.5108243057283,214.2643552125681,6,406
correlated,3.0,30,0.0,0.9,7,0,55,0.0008210180623973727,0.0013683634373289548,1055.9832050446414,191.25625835662274,6,406
correlated,3.0,30,0.0,0.9,7,0,82,0.00041050903119868636,0.0003420908593322387,1603.5354600536502,281.46634708754357,6,406
correlated,3.0,30,0.0,0.9,7,0,122,0.0,0.0,2038.2745586211383,346.06021216332294,6,406
correlated,3.0,30,0.0,0.9,7,0,182,0.00041050903119868636,0.0003420908593322387,2404.367622850249,383.138805352049,6,406
correlated,3.0,30,0.0,0.9,7,0,272,0.0012315270935960591,0.0006157635467980298,2647.5129075676773,376.44399010971927,6,406
correlated,3.0,30,0.0,0.9,7,0,406,0.0,0.0,2946.11800167282,423.4164087897231,6,406
correlated,3.0,30,0.0,0.9,7,0,606,0.0016420361247947454,0.0013683634373289546,3228.80249515174,439.83508153014515,6,406
correlated,3.0,30,0.0,0.9,7,0,905,0.0008210180623973727,0.0005473453749315821,3589.2920671263823,751.0161083466539,6,406
correlated,3.0,30,0.0,0.9,7,0,1350,0.0012315270935960591,0.0006157635467980298,3758.792361018235,898.0929325682779,6,406
correlated,3.0,30,0.0,0.9,7,0,2015,0.00041050903119868636,0.0003420908593322387,3983.6446467169103,1259.8427971395242,6,406
correlated,3.0,30,0.0,0.9,7,0,3008,0.0012315270935960591,0.0006157635467980298,4061.9787240077353,1201.5206018836525,6,406
correlated,3.0,30,0.0,0.9,7,0,4489,0.0016420361247947454,0.0005473453749315822,4208.307231762906,1243.774457385636,6,406
correlated,3.0,30,0.0,0.9,7,0,6700,0.002052545155993432,0.0011631089217296112,4478.777767639837,1325.969931509089,6,406
correlated,3.0,30,0.0,0.9,7,0,10000,0.0008210180623973727,0.0005473453749315821,4709.036371857178,1349.78962981337,6,406
correlated,3.0,30,0.0,0.9,7,100,1,0.024630541871921183,0.04761904761904766,3.326594837218703,2.5410051377286886,6,406
correlated,3.0,30,0.0,0.9,7,100,2,0.022988505747126436,0.03749315818281338,6.240512192665648,5.101574734063282,6,406
correlated,3.0,30,0.0,0.9,7,100,3,0.02257799671592775,0.04467706622879038,7.5016756297544545,2.970157052537476,6,406
correlated,3.0,30,0.0,0.9,7,100,5,0.022167487684729065,0.038587848932676506,11.89201185429694,4.85883291944649,6,406
correlated,3.0,30,0.0,0.9,7,100,7,0.022167487684729065,0.04351395730706072,15.571079973374722,7.82204937280565,6,406
correlated,3.0,30,0.0,0.9,7,100,11,0.020114942528735632,0.03975095785440616,22.802116225693855,10.735751780798804,6,406
correlated,3.0,30,0.0,0.9,7,100,16,0.018062397372742203,0.04159824849480018,34.545952313461335,17.750976461090964,6,406
correlated,3.0,30,0.0,0.9,7,100,25,0.017241379310344824,0.03612479474548446,51.7864041659975,27.53142365138544,6,406
correlated,3.0,30,0.0,0.9,7,100,37,0.014367816091954021,0.029077723043240297,74.1130892755293,40.18372442970973,6,406
correlated,3.0,30,0.0,0.9,7,100,55,0.01600985221674877,0.02524630541871918,109.5749989898837,62.709957647314525,6,406
correlated,3.0,30,0.0,0.9,7,100,82,0.01354679802955665,0.018678160919540242,165.1781727679398,97.0092964675731,6,406
correlated,3.0,30,0.0,0.9,7,100,122,0.014367816091954026,0.020867542419266517,207.1639334177502,101.64661159114718,6,406
correlated,3.0,30,0.0,0.9,7,100,182,0.014367816091954025,0.01840448823207444,281.50114316866956,129.80145281486702,6,406
correlated,3.0,30,0.0,0.9,7,100,272,0.01477832512315271,0.020525451559934318,361.1702849239808,139.2984274027037,6,406
correlated,3.0,30,0.0,0.9,7,100,406,0.01600985221674877,0.03509852216748766,471.73823377700364,222.87445775245945,6,406
correlated,3.0,30,0.0,0.9,7,100,606,0.013957307060755335,0.016146688560481695,559.2530819780278,286.48671839623955,6,406
correlated,3.0,30,0.0,0.9,7,100,905,0.011494252873563218,0.007936507936507924,682.1865192749397,302.54300402901777,6,406
correlated,3.0,30,0.0,0.9,7,100,1350,0.011083743842364532,0.006362889983579629,776.5233215832236,445.28732396541045,6,406
correlated,3.0,30,0.0,0.9,7,100,2015,0.008620689655172414,0.005541871921182268,908.5293812952626,672.2948269659307,6,406
correlated,3.0,30,0.0,0.9,7,100,3008,0.008210180623973728,0.011220580186097426,939.5293845739117,649.4862008175755,6,406
correlated,3.0,30,0.0,0.9,7,100,4489,0.007799671592775042,0.014299397920087576,996.7918351642512,613.2750199104063,6,406
correlated,3.0,30,0.0,0.9,7,100,6700,0.008620689655172414,0.010467980295566504,1184.2579828749251,725.2475176344711,6,406
correlated,3.0,30,0.0,0.9,7,100,10000,0.008620689655172412,0.009646962233169137,1308.8476844501874,724.3964339742508,6,406
correlated,3.0,30,0.0,0.9,7,1000,1,0.13177339901477833,0.27319376026272424,0.3736578594523144,0.5150299097472087,6,406
correlated,3.0,30,0.0,0.9,7,1000,2,0.13136288998357964,0.2731253420908584,0.4326648372182291,0.37667835863722254,6,406
correlated,3.0,30,0.0,0.9,7,1000,3,0.12889983579638753,0.2796934865900364,0.7351335617750369,0.8662639955699971,6,406
correlated,3.0,30,0.0,0.9,7,1000,5,0.12807881773399013,0.26929392446634004,0.9964112626415801,1.1749358804310657,6,406
correlated,3.0,30,0.0,0.9,7,1000,7,0.12807881773399013,0.28407224958949256,1.5100277375679685,1.6580533132560757,6,406
correlated,3.0,30,0.0,0.9,7,1000,11,0.12725779967159276,0.2796934865900406,2.547483125636304,2.6099110864803015,6,406
correlated,3.0,30,0.0,0.9,7,1000,16,0.1260262725779967,0.24090038314176382,4.263877253106834,5.1783633102591695,6,406
correlated,3.0,30,0.0,0.9,7,1000,25,0.12397372742200329,0.24931581828133656,6.171044139512522,7.910173646146297,6,406
correlated,3.0,30,0.0,0.9,7,1000,37,0.12233169129720851,0.2714833059660682,7.1897958074204205,9.03315693091717,6,406
correlated,3.0,30,0.0,0.9,7,1000,55,0.11986863711001643,0.2361795292829778,10.980267362160191,15.961144964435466,6,406
correlated,3.0,30,0.0,0.9,7,1000,82,0.11822660098522168,0.23316912972085424,13.586518371931684,17.248765310709572,6,406
correlated,3.0,30,0.0,0.9,7,1000,122,0.11083743842364531,0.1839080459770125,16.11215116602254,17.937572972767633,6,406
correlated,3.0,30,0.0,0.9,7,1000,182,0.09770114942528735,0.13683634373289602,27.04513356481657,26.307017981769715,6,406
correlated,3.0,30,0.0,0.9,7,1000,272,0.09318555008210179,0.14155719759168203,26.829339704010703,23.84298891180835,6,406
correlated,3.0,30,0.0,0.9,7,1000,406,0.09154351395730705,0.10871647509578729,39.50685707087603,52.84285079437041,6,406
correlated,3.0,30,0.0,0.9,7,1000,606,0.08784893267651889,0.14012041598248465,52.00681292303765,45.797315924751196,6,406
correlated,3.0,30,0.0,0.9,7,1000,905,0.07881773399014778,0.07471264367816127,75.62342739556894,110.24666687444396,6,406
correlated,3.0,30,0.0,0.9,7,1000,1350,0.07799671592775041,0.10974274767378164,104.37908857434923,148.44526809070297,6,406
correlated,3.0,30,0.0,0.9,7,1000,2015,0.07101806239737274,0.09475916803503025,118.03247198371918,140.64120686972768,6,406
correlated,3.0,30,0.0,0.9,7,1000,3008,0.07224958949096881,0.12370005473453728,132.1678213937199,148.0240154334693,6,406
correlated,3.0,30,0.0,0.9,7,1000,4489,0.06609195402298851,0.07998084291187772,164.03771791487256,172.0625367140713,6,406
correlated,3.0,30,0.0,0.9,7,1000,6700,0.06403940886699507,0.04844006568144556,249.47995512442625,180.5720958380092,6,406
correlated,3.0,30,0.0,0.9,7,1000,10000,0.06486042692939245,0.048166392993978756,285.4148912359551,222.31472971657868,6,406
correlated,3.0,30,0.0,0.9,7,10000,1,0.18637110016420358,0.1885604816639348,0.07171348365273786,0.12071779186488515,6,406
correlated,3.0,30,0.0,0.9,7,10000,2,0.1847290640394089,0.1937602627257738,0.12995894062962107,0.19752880374382445,6,406
correlated,3.0,30,0.0,0.9,7,10000,3,0.18267651888341543,0.17439792008757324,0.21159776042212378,0.2941182150669524,6,406
correlated,3.0,30,0.0,0.9,7,10000,5,0.1810344827586207,0.17631362889983312,0.4562011085445363,0.7600146766451111,6,406
correlated,3.0,30,0.0,0.9,7,10000,7,0.18021346469622332,0.17768199233716364,0.32553173702821425,0.3821060205956058,6,406
correlated,3.0,30,0.0,0.9,7,10000,11,0.17898193760262726,0.18691844553913536,0.4937500973753344,0.7093219460110322,6,406
correlated,3.0,30,0.0,0.9,7,10000,16,0.17980295566502466,0.1986863711001608,1.4294553294769718,2.7103572752346423,6,406
correlated,3.0,30,0.0,0.9,7,10000,25,0.17651888341543512,0.2033388067870845,2.2977406992154927,3.777332409449422,6,406
correlated,3.0,30,0.0,0.9,7,10000,37,0.1724137931034483,0.26765188834154063,2.310832288058433,3.027284675080372,6,406
correlated,3.0,30,0.0,0.9,7,10000,55,0.1720032840722496,0.23433223864258163,3.6506715276739157,5.401260124101283,6,406
correlated,3.0,30,0.0,0.9,7,10000,82,0.1683087027914614,0.2205801860974277,4.583263403523232,6.523767699196176,6,406
correlated,3.0,30,0.0,0.9,7,10000,122,0.17077175697865354,0.15243568691844614,4.34208662475467,5.870469300293433,6,406
correlated,3.0,30,0.0,0.9,7,10000,182,0.1683087027914614,0.17952928297756052,4.354273358898699,5.671476636515386,6,406
correlated,3.0,30,0.0,0.9,7,10000,272,0.16748768472906406,0.1568144499178939,9.740043966240256,16.757437304140335,6,406
correlated,3.0,30,0.0,0.9,7,10000,406,0.16050903119868634,0.19656540777230766,8.870257603061212,12.015635054923461,6,406
correlated,3.0,30,0.0,0.9,7,10000,606,0.15435139573070608,0.1828133552271481,7.760589614116548,10.125908334128571,6,406
correlated,3.0,30,0.0,0.9,7,10000,905,0.1498357963875205,0.17357690202517917,6.660270091880928,8.44350636912604,6,406
correlated,3.0,30,0.0,0.9,7,10000,1350,0.14860426929392448,0.24274767378215506,10.055535537881187,14.223820776616655,6,406
correlated,3.0,30,0.0,0.9,7,10000,2015,0.14080459770114942,0.2606048166393005,22.578283157978106,38.08436498488629,6,406
correlated,3.0,30,0.0,0.9,7,10000,3008,0.12848932676518884,0.23843732895456893,38.5296230586961,67.80514794164782,6,406
correlated,3.0,30,0.0,0.9,7,10000,4489,0.11904761904761903,0.25424192665572143,48.21754488009125,93.2672006355157,6,406
correlated,3.0,30,0.0,0.9,7,10000,6700,0.12027914614121511,0.17029282977558877,36.75387051972414,57.96869071426289,6,406
correlated,3.0,30,0.0,0.9,7,10000,10000,0.11371100164203614,0.09393814997263336,106.62386694228626,175.39522924757344,6,406
correlated,3.0,30,0.0,0.9,8,0,1,0.0049261083743842365,0.007389162561576356,6.389254490590846,2.086288535031079,6,406
correlated,3.0,30,0.0,0.9,8,0,2,0.004515599343185551,0.0069102353585112205,14.881220468098128,7.317540412020148,6,406
correlated,3.0,30,0.0,0.9,8,0,3,0.004105090311986863,0.00547345374931582,20.84874116039345,8.740944815309923,6,406
correlated,3.0,30,0.0,0.9,8,0,5,0.0036945812807881776,0.004720853858784893,40.68070911133867,23.125625492360584,6,406
correlated,3.0,30,0.0,0.9,8,0,7,0.004515599343185551,0.007731253420908592,64.7888208364722,37.51990174829774,6,406
correlated,3.0,30,0.0,0.9,8,0,11,0.004515599343185551,0.006089217296113846,125.50855990570064,49.10116022445,6,406
correlated,3.0,30,0.0,0.9,8,0,16,0.004515599343185551,0.006089217296113846,219.58823056491255,74.17353990987128,6,406
correlated,3.0,30,0.0,0.9,8,0,25,0.003284072249589491,0.0038314176245210735,387.29265867484855,158.2610225698537,6,406
correlated,3.0,30,0.0,0.9,8,0,37,0.0016420361247947454,0.0013683634373289546,746.1513159305999,320.53498810370985,6,406
correlated,3.0,30,0.0,0.9,8,0,55,0.0024630541871921183,0.003284072249589491,1163.5332989008643,612.428131223267,6,406
correlated,3.0,30,0.0,0.9,8,0,82,0.0012315270935960591,0.0006157635467980298,1721.4986691427823,844.4591352484746,6,406
correlated,3.0,30,0.0,0.9,8,0,122,0.0012315270935960591,0.0014367816091954023,2251.1332494296707,1208.5832182767383,6,406
correlated,3.0,30,0.0,0.9,8,0,182,0.0016420361247947454,0.0013683634373289546,2699.8498147409696,1472.078492011342,6,406
correlated,3.0,30,0.0,0.9,8,0,272,0.0008210180623973727,0.0005473453749315821,3195.6237696169696,1810.875354235912,6,406
correlated,3.0,30,0.0,0.9,8,0,406,0.0016420361247947454,0.0013683634373289546,3552.8299349050108,1975.254263157616,6,406
correlated,3.0,30,0.0,0.9,8,0,606,0.0024630541871921183,0.003284072249589491,3801.5997342287933,2133.1008987881705,6,406
correlated,3.0,30,0.0,0.9,8,0,905,0.0016420361247947454,0.0013683634373289546,3989.6996697888276,2109.6966698795327,6,406
correlated,3.0,30,0.0,0.9,8,0,1350,0.002052545155993432,0.0011631089217296112,4114.562627726088,2088.468764615406,6,406
correlated,3.0,30,0.0,0.9,8,0,2015,0.0008210180623973727,0.0005473453749315821,4276.550425884711,2097.151379068881,6,406
correlated,3.0,30,0.0,0.9,8,0,3008,0.0012315270935960591,0.0014367816091954023,4428.364068946335,2071.9344984376826,6,406
correlated,3.0,30,0.0,0.9,8,0,4489,0.0012315270935960591,0.0006157635467980298,4682.930658119965,2188.0730363240277,6,406
correlated,3.0,30,0.0,0.9,8,0,6700,0.0016420361247947454,0.0013683634373289546,4722.560001637414,2126.134664234633,6,406
correlated,3.0,30,0.0,0.9,8,0,10000,0.0008210180623973727,0.0005473453749315821,4891.441448473243,2518.054325000901,6,406
correlated,3.0,30,0.0,0.9,8,100,1,0.0451559934318555,0.19020251778872468,1.8600687725850893,0.7819245382332999,6,406
correlated,3.0,30,0.0,0.9,8,100,2,0.04433497536945813,0.18308702791461418,3.6175664817514943,1.0552036027641207,6,406
correlated,3.0,30,0.0,0.9,8,100,3,0.043924466338259444,0.16454570333880655,5.722522658101007,1.1074748724945584,6,406
correlated,3.0,30,0.0,0.9,8,100,5,0.0422824302134647,0.19081828133552253,9.361939194763584,3.052938126364779,6,406
correlated,3.0,30,0.0,0.9,8,100,7,0.04146141215106732,0.15058839627805146,13.989940566933443,4.379739350241002,6,406
correlated,3.0,30,0.0,0.9,8,100,11,0.03981937602627258,0.1456622879036672,20.673952265695224,5.853042011635132,6,406
correlated,3.0,30,0.0,0.9,8,100,16,0.03858784893267652,0.1458675424192665,24.503446175052716,10.546486621070637,6,406
correlated,3.0,30,0.0,0.9,8,100,25,0.03448275862068966,0.1674876847290639,45.76960710294228,16.72997223920674,6,406
correlated,3.0,30,0.0,0.9,8,100,37,0.035303776683087026,0.20169677066228806,64.31895657178346,23.96573556615468,6,406
correlated,3.0,30,0.0,0.9,8,100,55,0.03284072249589491,0.17049808429118782,103.64624986711887,31.24380715771204,6,406
correlated,3.0,30,0.0,0.9,8,100,82,0.0299671592775041,0.09475916803503029,167.48276500616436,49.00642314430349,6,406
correlated,3.0,30,0.0,0.9,8,100,122,0.031609195402298854,0.12595785440613014,246.60190154351798,82.8243023212238,6,406
correlated,3.0,30,0.0,0.9,8,100,182,0.03407224958949097,0.13581007115489885,298.80367720944247,119.85757686994224,6,406
correlated,3.0,30,0.0,0.9,8,100,272,0.031198686371100164,0.07115489874110557,372.11527067832156,146.76976680838544,6,406
correlated,3.0,30,0.0,0.9,8,100,406,0.02380952380952381,0.023535851122057968,480.0803790863957,229.96764514010835,6,406
correlated,3.0,30,0.0,0.9,8,100,606,0.024630541871921183,0.03858784893267655,517.0278161065061,191.96211430938175,6,406
correlated,3.0,30,0.0,0.9,8,100,905,0.021346469622331693,0.04406130268199231,596.0599666630922,192.94896889198066,6,406
correlated,3.0,30,0.0,0.9,8,100,1350,0.02175697865353038,0.047140120415982464,672.842328315047,226.19563812339376,6,406
correlated,3.0,30,0.0,0.9,8,100,2015,0.01929392446633826,0.024151614668856056,751.0669577634199,236.6598836325663,6,406
correlated,3.0,30,0.0,0.9,8,100,3008,0.01847290640394089,0.030172413793103425,822.6556125560132,297.0802470324243,6,406
correlated,3.0,30,0.0,0.9,8,100,4489,0.016420361247947456,0.012862616310892154,913.6622233906813,400.5780844529645,6,406
correlated,3.0,30,0.0,0.9,8,100,6700,0.020114942528735632,0.010194307608100712,947.9586509314307,445.7722480697117,6,406
correlated,3.0,30,0.0,0.9,8,100,10000,0.017241379310344827,0.014778325123152702,1038.7498220865757,526.14120742313,6,406
correlated,3.0,30,0.0,0.9,8,1000,1,0.14244663382594416,0.8336754241926656,0.49189172227001193,0.6409275358857183,6,406
correlated,3.0,30,0.0,0.9,8,1000,2,0.13998357963875205,0.9067460317460314,0.78965049251497,0.8502799997099157,6,406
correlated,3.0,30,0.0,0.9,8,1000,3,0.13752052545155993,0.879652435686917,1.167279577039441,1.470073546469888,6,406
correlated,3.0,30,0.0,0.9,8,1000,5,0.13628899835796388,0.9102353585112221,1.8115620917909867,2.0968795555902853,6,406
correlated,3.0,30,0.0,0.9,8,1000,7,0.13423645320197045,0.9078407224958958,2.1648182057903904,2.6576236485207194,6,406
correlated,3.0,30,0.0,0.9,8,1000,11,0.13505747126436782,0.6760399562123707,3.191768356937073,3.2515315009916512,6,406
correlated,3.0,30,0.0,0.9,8,1000,16,0.13218390804597702,0.8067870826491516,4.407978185545243,4.645267900646735,6,406
correlated,3.0,30,0.0,0.9,8,1000,25,0.12848932676518882,0.8106869184455414,5.2223092648239176,5.448408349342342,6,406
correlated,3.0,30,0.0,0.9,8,1000,37,0.12766830870279147,0.7983716475095767,6.099280036662461,6.310923281095138,6,406
correlated,3.0,30,0.0,0.9,8,1000,55,0.12397372742200329,0.7238642583470167,8.625075369662328,9.035104759515908,6,406
correlated,3.0,30,0.0,0.9,8,1000,82,0.11494252873563217,0.6811713191023544,12.389818798539691,11.887313949498846,6,406
correlated,3.0,30,0.0,0.9,8,1000,122,0.1145320197044335,0.626231527093596,17.563363249365533,24.26376633450832,6,406
correlated,3.0,30,0.0,0.9,8,1000,182,0.11247947454844008,0.4824849480021894,23.16033952519295,25.54674511859623,6,406
correlated,3.0,30,0.0,0.9,8,1000,272,0.10755336617405582,0.5169677066228807,31.193243135151402,35.693798074137035,6,406
correlated,3.0,30,0.0,0.9,8,1000,406,0.10509031198686371,0.4480021893815009,40.55863071603926,41.24253184578363,6,406
correlated,3.0,30,0.0,0.9,8,1000,606,0.10385878489326766,0.4174192665571965,51.33190681358783,50.97278458103068,6,406
correlated,3.0,30,0.0,0.9,8,1000,905,0.09482758620689656,0.2896141215106727,83.97236051084796,90.23131124872934,6,406
correlated,3.0,30,0.0,0.9,8,1000,1350,0.08210180623973727,0.2657361795292825,110.83182308819879,126.84117577866053,6,406
correlated,3.0,30,0.0,0.9,8,1000,2015,0.0755336617405583,0.3765736179529282,152.1931232964281,209.19492435028005,6,406
correlated,3.0,30,0.0,0.9,8,1000,3008,0.07512315270935961,0.269909688013136,215.75119350398492,263.6131655124062,6,406
correlated,3.0,30,0.0,0.9,8,1000,4489,0.07307060755336617,0.3133552271483308,253.964405507461,315.90461782708843,6,406
correlated,3.0,30,0.0,0.9,8,1000,6700,0.07101806239737274,0.26881499726327296,268.0134647966965,329.6318126479848,6,406
correlated,3.0,30,0.0,0.9,8,1000,10000,0.06362889983579638,0.17193486590038362,354.75911909669526,388.45514584366464,6,406
correlated,3.0,30,0.0,0.9,8,10000,1,0.19540229885057472,0.10071154898740949,0.18716844109147482,0.3895818419919775,6,406
correlated,3.0,30,0.0,0.9,8,10000,2,0.19458128078817735,0.10262725779967219,0.43088918827783984,0.8897714923260928,6,406
correlated,3.0,30,0.0,0.9,8,10000,3,0.19376026272577995,0.09414340448823434,0.30577494543890893,0.5139052555547283,6,406
correlated,3.0,30,0.0,0.9,8,10000,5,0.19170771756978655,0.09475916803502532,0.22372921301444837,0.2130552714111473,6,406
correlated,3.0,30,0.0,0.9,8,10000,7,0.1900656814449918,0.11446360153256765,0.27234033911573396,0.22206392154742485,6,406
correlated,3.0,30,0.0,0.9,8,10000,11,0.18883415435139572,0.079365079365079,0.4412952462048909,0.2924328205820109,6,406
correlated,3.0,30,0.0,0.9,8,10000,16,0.18637110016420358,0.09989053092501964,0.5965738220568081,0.37058225531896954,6,406
correlated,3.0,30,0.0,0.9,8,10000,25,0.18472906403940884,0.06239737274220049,0.8889220624263494,0.5994223459606399,6,406
correlated,3.0,30,0.0,0.9,8,10000,37,0.1839080459770115,0.051450465243567736,0.9096163137217355,0.5799275716094536,6,406
correlated,3.0,30,0.0,0.9,8,10000,55,0.1814449917898194,0.050629447181169435,1.0739845194954174,0.7167887306009397,6,406
correlated,3.0,30,0.0,0.9,8,10000,82,0.174055829228243,0.058018609742747106,2.016615521691023,3.0027650002630857,6,406
correlated,3.0,30,0.0,0.9,8,10000,122,0.1715927750410509,0.031746031746032445,1.7063285772492858,1.482344244999214,6,406
correlated,3.0,30,0.0,0.9,8,10000,182,0.1592775041050903,0.04324028461959458,2.948297138521587,3.1656420778978727,6,406
correlated,3.0,30,0.0,0.9,8,10000,272,0.15681444991789817,0.07690202517789113,5.786114568847996,8.847967851360208,6,406
correlated,3.0,30,0.0,0.9,8,10000,406,0.15435139573070608,0.04241926655719769,7.643285749201271,12.820814089198487,6,406
correlated,3.0,30,0.0,0.9,8,10000,606,0.14942528735632185,0.10153256704980637,7.769262818471962,12.570245613307954,6,406
correlated,3.0,30,0.0,0.9,8,10000,905,0.14614121510673236,0.03667214012041521,15.840463631067943,32.208554694976186,6,406
correlated,3.0,30,0.0,0.9,8,10000,1350,0.13669950738916256,0.08928571428571458,17.263508861051612,32.905216993164736,6,406
correlated,3.0,30,0.0,0.9,8,10000,2015,0.12889983579638753,0.06212370005473298,20.327302960772318,38.22679276902635,6,406
correlated,3.0,30,0.0,0.9,8,10000,3008,0.12233169129720854,0.04570333880678737,56.57260112847839,124.6561807338646,6,406
correlated,3.0,30,0.0,0.9,8,10000,4489,0.1206896551724138,0.0977011494252866,70.0696192336062,157.47994058771536,6,406
correlated,3.0,30,0.0,0.9,8,10000,6700,0.11247947454844008,0.12123700054734449,75.93175287030165,168.1635598939495,6,406
correlated,3.0,30,0.0,0.9,8,10000,10000,0.10467980295566504,0.2017651888341537,78.7356847434403,177.0666830323564,6,406
correlated,3.0,30,0.0,0.9,9,0,1,0.0036945812807881776,0.0022577996715927736,5.898079749659733,1.47472042571385,6,406
correlated,3.0,30,0.0,0.9,9,0,2,0.0036945812807881776,0.0022577996715927736,12.040955073923387,3.6345053743337385,6,406
correlated,3.0,30,0.0,0.9,9,0,3,0.004105090311986864,0.0013683634373289537,15.83139343431826,5.216913141763296,6,406
correlated,3.0,30,0.0,0.9,9,0,5,0.004105090311986864,0.0021893814997263252,31.557968337395376,5.172912419449527,6,406
correlated,3.0,30,0.0,0.9,9,0,7,0.0036945812807881776,0.0022577996715927736,53.32240750988401,10.960462082348142,6,406
correlated,3.0,30,0.0,0.9,9,0,11,0.003284072249589491,0.0013683634373289556,109.39611170847634,11.43304943463585,6,406
correlated,3.0,30,0.0,0.9,9,0,16,0.0016420361247947454,0.0013683634373289552,180.39763000839352,11.156002552253113,6,406
correlated,3.0,30,0.0,0.9,9,0,25,0.0028735632183908046,0.0028051450465243566,358.2701040599125,60.18338645539008,6,406
correlated,3.0,30,0.0,0.9,9,0,37,0.0024630541871921183,0.002463054187192118,587.455810839787,93.00640166118707,6,406
correlated,3.0,30,0.0,0.9,9,0,55,0.0012315270935960591,0.003078817733990148,973.9127348263072,251.8703253873892,6,406
correlated,3.0,30,0.0,0.9,9,0,82,0.0028735632183908046,0.0028051450465243566,1309.7450216937777,339.20491701175285,6,406
correlated,3.0,30,0.0,0.9,9,0,122,0.0024630541871921183,0.000821018062397373,1804.9513596028753,538.381415343506,6,406
correlated,3.0,30,0.0,0.9,9,0,182,0.003284072249589491,0.0013683634373289556,2257.2249776290505,736.3803188691606,6,406
correlated,3.0,30,0.0,0.9,9,0,272,0.002052545155993432,0.0011631089217296112,2748.7215163224173,919.2403200828118,6,406
correlated,3.0,30,0.0,0.9,9,0,406,0.002052545155993432,0.0011631089217296112,3197.990289238516,1217.2567090933924,6,406
correlated,3.0,30,0.0,0.9,9,0,606,0.0028735632183908046,0.0011631089217296114,3417.5477631735625,1168.3789749092944,6,406
correlated,3.0,30,0.0,0.9,9,0,905,0.0028735632183908046,0.0028051450465243566,3695.383634913766,1273.3297642518341,6,406
correlated,3.0,30,0.0,0.9,9,0,1350,0.0016420361247947454,0.0030103995621236996,4173.66233558125,1544.2262450289031,6,406
correlated,3.0,30,0.0,0.9,9,0,2015,0.0012315270935960591,0.0014367816091954023,4405.424125743284,1562.7576558090761,6,406
correlated,3.0,30,0.0,0.9,9,0,3008,0.0012315270935960591,0.0006157635467980298,4539.221820528931,1665.859573224321,6,406
correlated,3.0,30,0.0,0.9,9,0,4489,0.0024630541871921183,0.003284072249589491,4782.915669412389,1534.172349240391,6,406
correlated,3.0,30,0.0,0.9,9,0,6700,0.0016420361247947454,0.0005473453749315822,4858.806646612416,1496.9512069886205,6,406
correlated,3.0,30,0.0,0.9,9,0,10000,0.0020525451559934315,0.001163108921729612,4873.910653935562,1466.067578578676,6,406
correlated,3.0,30,0.0,0.9,9,100,1,0.03201970443349753,0.027093596059113403,2.2590446980678482,1.2267722384060438,6,406
correlated,3.0,30,0.0,0.9,9,100,2,0.031198686371100164,0.045703338806787105,4.865212074008956,2.649218961936103,6,406
correlated,3.0,30,0.0,0.9,9,100,3,0.03078817733990148,0.053160919540229806,7.382608445458513,3.8073432440586585,6,406
correlated,3.0,30,0.0,0.9,9,100,5,0.029146141215106735,0.028256704980842966,12.470658491489331,5.534148942288064,6,406
correlated,3.0,30,0.0,0.9,9,100,7,0.02873563218390805,0.03667214012041596,15.812805849038922,6.887583408128337,6,406
correlated,3.0,30,0.0,0.9,9,100,11,0.02873563218390805,0.03503010399562116,25.99310292188088,13.608442401353315,6,406
correlated,3.0,30,0.0,0.9,9,100,16,0.029146141215106735,0.0422140120415982,35.474886755529404,17.554158414432806,6,406
correlated,3.0,30,0.0,0.9,9,100,25,0.02504105090311987,0.04057197591680353,48.64714633816644,23.62457778082079,6,406
correlated,3.0,30,0.0,0.9,9,100,37,0.02586206896551724,0.028530377668308758,72.65355827185138,44.25005167639783,6,406
correlated,3.0,30,0.0,0.9,9,100,55,0.02257799671592775,0.02989874110563763,106.07513125862766,64.9065161087776,6,406
correlated,3.0,30,0.0,0.9,9,100,82,0.01929392446633826,0.024151614668856014,154.75365540324398,72.2748700916361,6,406
correlated,3.0,30,0.0,0.9,9,100,122,0.01929392446633826,0.01840448823207446,247.32805581758643,103.45051795038239,6,406
correlated,3.0,30,0.0,0.9,9,100,182,0.018883415435139574,0.014504652435686908,356.954879217768,154.98691384225586,6,406
correlated,3.0,30,0.0,0.9,9,100,272,0.01929392446633826,0.02250957854406126,519.7403175956086,271.65088915828426,6,406
correlated,3.0,30,0.0,0.9,9,100,406,0.0180623973727422,0.008757525998905313,573.3856998751147,251.26637564737965,6,406
correlated,3.0,30,0.0,0.9,9,100,606,0.019704433497536943,0.025451559934318604,813.0525760651727,361.2970363024028,6,406
correlated,3.0,30,0.0,0.9,9,100,905,0.018062397372742203,0.02025177887246846,923.1144995540277,440.0156603788291,6,406
correlated,3.0,30,0.0,0.9,9,100,1350,0.020525451559934318,0.018609742747673772,1138.8159096760116,510.5884795892904,6,406
correlated,3.0,30,0.0,0.9,9,100,2015,0.017651888341543513,0.01840448823207444,1243.5984760861259,527.0340044538497,6,406
correlated,3.0,30,0.0,0.9,9,100,3008,0.016420361247947456,0.02599890530925012,1335.8955766144347,574.1533483284148,6,406
correlated,3.0,30,0.0,0.9,9,100,4489,0.017241379310344824,0.022988505747126495,1457.9788589817729,529.8178396107096,6,406
correlated,3.0,30,0.0,0.9,9,100,6700,0.017651888341543513,0.024151614668856056,1508.4142388204975,503.51270107374233,6,406
correlated,3.0,30,0.0,0.9,9,100,10000,0.015599343185550084,0.014504652435686908,1510.5962719907495,483.2930683910528,6,406
correlated,3.0,30,0.0,0.9,9,1000,1,0.12438423645320196,0.2485632183908062,0.2912522327210743,0.20898940200750984,6,406
correlated,3.0,30,0.0,0.9,9,1000,2,0.1239737274220033,0.259989053092499,0.4981119735190844,0.37811517733747013,6,406
correlated,3.0,30,0.0,0.9,9,1000,3,0.12274220032840726,0.2663519430760788,0.6880379866206447,0.4184567521659739,6,406
correlated,3.0,30,0.0,0.9,9,1000,5,0.11904761904761905,0.2550629447181162,1.17753162742094,0.8551899553395197,6,406
correlated,3.0,30,0.0,0.9,9,1000,7,0.11863711001642037,0.26060481663929913,1.5619681517847832,0.8951450504574286,6,406
correlated,3.0,30,0.0,0.9,9,1000,11,0.11206896551724138,0.25184729064039374,2.4858091154427195,1.143186025070023,6,406
correlated,3.0,30,0.0,0.9,9,1000,16,0.11124794745484401,0.23515325670498063,3.0668600533133326,1.3537419484094113,6,406
correlated,3.0,30,0.0,0.9,9,1000,25,0.11124794745484401,0.26553092501368397,4.428530327489083,2.3034019822704375,6,406
correlated,3.0,30,0.0,0.9,9,1000,37,0.10385878489326765,0.27292008757526026,5.886937975006152,3.363845540547901,6,406
correlated,3.0,30,0.0,0.9,9,1000,55,0.10016420361247948,0.221401204159826,7.426919877660834,3.21763074821273,6,406
correlated,3.0,30,0.0,0.9,9,1000,82,0.10303776683087028,0.25896278051450533,9.626251846783374,3.7836428946476963,6,406
correlated,3.0,30,0.0,0.9,9,1000,122,0.1018062397372742,0.25342090859332456,14.822752848599594,7.383112744723851,6,406
correlated,3.0,30,0.0,0.9,9,1000,182,0.09770114942528736,0.2632731253420901,23.420578708226927,16.541731677133765,6,406
correlated,3.0,30,0.0,0.9,9,1000,272,0.08866995073891626,0.258620689655172,43.677351498699466,31.814791701025143,6,406
correlated,3.0,30,0.0,0.9,9,1000,406,0.08210180623973728,0.2846195949644223,47.43604352908889,42.55474869953245,6,406
correlated,3.0,30,0.0,0.9,9,1000,606,0.0812807881773399,0.23645320197044356,66.6317605894967,48.07845346190347,6,406
correlated,3.0,30,0.0,0.9,9,1000,905,0.07881773399014778,0.27175697865353005,72.82099659272318,43.91884077065167,6,406
correlated,3.0,30,0.0,0.9,9,1000,1350,0.07224958949096881,0.10235358511220538,97.34369325907527,43.404806753906804,6,406
correlated,3.0,30,0.0,0.9,9,1000,2015,0.07019704433497537,0.15414614121510717,116.1760667977261,50.837855422003464,6,406
correlated,3.0,30,0.0,0.9,9,1000,3008,0.06527093596059114,0.17138752052545142,155.21569336106987,78.80245142076832,6,406
correlated,3.0,30,0.0,0.9,9,1000,4489,0.060755336617405585,0.05719759168035004,176.0222425756784,108.94608506620668,6,406
correlated,3.0,30,0.0,0.9,9,1000,6700,0.06280788177339902,0.04084564860426902,188.39295631546622,117.4991714579456,6,406
correlated,3.0,30,0.0,0.9,9,1000,10000,0.06157635467980296,0.10837438423645326,195.78285227757883,119.07986003890417,6,406
correlated,3.0,30,0.0,0.9,9,10000,1,0.21059113300492607,0.09256978653531342,0.010112568477897262,0.007234571162443595,6,406
correlated,3.0,30,0.0,0.9,9,10000,2,0.21059113300492607,0.09256978653531342,0.031216592131921062,0.01614662122252007,6,406
correlated,3.0,30,0.0,0.9,9,10000,3,0.20894909688013133,0.09722222222222586,0.05074098340635594,0.02443154380855802,6,406
correlated,3.0,30,0.0,0.9,9,10000,5,0.20525451559934318,0.09250136836343774,0.09265130385118847,0.030733496606820898,6,406
correlated,3.0,30,0.0,0.9,9,10000,7,0.20525451559934316,0.08100711548987842,0.1423520998771596,0.036050214209906714,6,406
correlated,3.0,30,0.0,0.9,9,10000,11,0.2019704433497537,0.06732348111658185,0.1964349960622737,0.046090341687699675,6,406
correlated,3.0,30,0.0,0.9,9,10000,16,0.20320197044334978,0.07861247947453948,0.24322135964906422,0.08196339251656604,6,406
correlated,3.0,30,0.0,0.9,9,10000,25,0.1986863711001642,0.08100711548987279,0.5791068713185307,0.37670008821011125,6,406
correlated,3.0,30,0.0,0.9,9,10000,37,0.19581280788177338,0.09421182266009875,0.5159865564042576,0.2118051992922611,6,406
correlated,3.0,30,0.0,0.9,9,10000,55,0.19499178981937604,0.11938970990695183,0.5536806503998217,0.22072550496144705,6,406
correlated,3.0,30,0.0,0.9,9,10000,82,0.19499178981937604,0.124315818281336,0.5955292267414135,0.2508357876569919,6,406
correlated,3.0,30,0.0,0.9,9,10000,122,0.18965517241379312,0.08702791461412136,0.7392241826591505,0.3257969530956585,6,406
correlated,3.0,30,0.0,0.9,9,10000,182,0.18431855500821018,0.12924192665572018,1.169020552263928,0.7542696162805077,6,406
correlated,3.0,30,0.0,0.9,9,10000,272,0.18513957307060755,0.1440202517788727,1.2596526440046099,0.6904593991526239,6,406
correlated,3.0,30,0.0,0.9,9,10000,406,0.17939244663382592,0.1308839627805196,1.1691979037076161,0.5406333423104511,6,406
correlated,3.0,30,0.0,0.9,9,10000,606,0.17775041050903118,0.206417624521076,1.4496913649029224,1.0280696074395033,6,406
correlated,3.0,30,0.0,0.9,9,10000,905,0.16995073891625614,0.19540229885057603,1.828772661927809,1.4019465681035366,6,406
correlated,3.0,30,0.0,0.9,9,10000,1350,0.17159277504105094,0.2304324028461904,1.6551599898657994,0.9385148735706647,6,406
correlated,3.0,30,0.0,0.9,9,10000,2015,0.15804597701149423,0.23925834701697005,2.4276776411455487,1.4291484337941287,6,406
correlated,3.0,30,0.0,0.9,9,10000,3008,0.159688013136289,0.19902846195949692,2.5950733415885123,1.150023585469452,6,406
correlated,3.0,30,0.0,0.9,9,10000,4489,0.1539408866995074,0.27073070607553357,3.049187342401258,1.3911090360381428,6,406
correlated,3.0,30,0.0,0.9,9,10000,6700,0.14942528735632185,0.2747673782156522,2.8208617287040627,1.3200741259531688,6,406
correlated,3.0,30,0.0,0.9,9,10000,10000,0.14655172413793102,0.3043924466338287,4.153993056859064,1.4407196939249625,6,406
