n_chains,eps_AB,delta_eps,q_peak,lag_time,F_psi_mean,F_psi_sem
144,1,0,0.2855993321,0,1,0
144,1,0,0.2855993321,2.5,0.9959696865,0.001208478138
144,1,0,0.2855993321,5,0.9929459286,0.002089019734
144,1,0,0.2855993321,7.5,0.9903973644,0.002866080826
144,1,0,0.2855993321,10,0.9881101645,0.003562216226
144,1,0,0.2855993321,12.5,0.9859293322,0.004259491208
144,1,0,0.2855993321,15,0.9839071439,0.004880892818
144,1,0,0.2855993321,17.5,0.9819843964,0.00546722623
144,1,0,0.2855993321,20,0.9800188078,0.006103497318
144,1,0,0.2855993321,22.5,0.9781322814,0.006721756236
144,1,0,0.2855993321,25,0.97637606,0.007308524783
144,1,0,0.2855993321,27.5,0.9746533885,0.007889088683
144,1,0,0.2855993321,30,0.9729362544,0.008456711347
144,1,0,0.2855993321,32.5,0.9712468139,0.009023619842
144,1,0,0.2855993321,35,0.9696385683,0.009554187386
144,1,0,0.2855993321,37.5,0.9680616719,0.01006470142
144,1,0,0.2855993321,40,0.9665114131,0.01058727847
144,1,0,0.2855993321,42.5,0.9650151626,0.0110925356
144,1,0,0.2855993321,45,0.9635260057,0.01158561696
144,1,0,0.2855993321,47.5,0.9620811071,0.01207070075
144,1,0,0.2855993321,50,0.9607071872,0.0125311824
144,1,0,0.2855993321,52.5,0.9594030365,0.01296139046
144,1,0,0.2855993321,55,0.9580814794,0.0134104321
144,1,0,0.2855993321,57.5,0.9567475605,0.01386654371
144,1,0,0.2855993321,60,0.9554333692,0.01433017844
144,1,0,0.2855993321,62.5,0.9540751487,0.01480395963
144,1,0,0.2855993321,65,0.9526920645,0.01528353759
144,1,0,0.2855993321,67.5,0.951368475,0.0157532615
144,1,0,0.2855993321,70,0.9500273685,0.01624296562
144,1,0,0.2855993321,72.5,0.9486388565,0.01676421065
144,1,0,0.2855993321,75,0.9472661602,0.01727174242
144,1,0,0.2855993321,77.5,0.9459238573,0.01774220517
144,1,0,0.2855993321,80,0.9445691347,0.01822645242
144,1,0,0.2855993321,82.5,0.9432212131,0.01870408129
144,1,0,0.2855993321,85,0.9418613277,0.0191870974
144,1,0,0.2855993321,87.5,0.9405204468,0.0196711951
144,1,0,0.2855993321,90,0.9391902428,0.02017067883
144,1,0,0.2855993321,92.5,0.9378399399,0.02066596054
144,1,0,0.2855993321,95,0.9364827914,0.02113019539
144,1,0,0.2855993321,97.5,0.9351358712,0.02159887925
144,1,0,0.2855993321,100,0.9338338936,0.02207420058
144,1,0,0.2855993321,102.5,0.9325149222,0.0225653307
144,1,0,0.2855993321,105,0.9312528252,0.02303177585
144,1,0,0.2855993321,107.5,0.9300073054,0.0234767335
144,1,0,0.2855993321,110,0.9286556572,0.02398931763
144,1,0,0.2855993321,112.5,0.9273743905,0.02445153863
144,1,0,0.2855993321,115,0.9261341562,0.02490511764
144,1,0,0.2855993321,117.5,0.9248784051,0.02537847227
144,1,0,0.2855993321,120,0.923696201,0.0257968356
144,1,0,0.2855993321,122.5,0.9224459096,0.02622777515
144,1,0,0.2855993321,125,0.921159811,0.02668185626
144,1,0,0.2855993321,127.5,0.91987898,0.02713955266
144,1,0,0.2855993321,130,0.918656303,0.02756968678
144,1,0,0.2855993321,132.5,0.917470104,0.02801313114
144,1,0,0.2855993321,135,0.9163309619,0.02843714665
144,1,0,0.2855993321,137.5,0.9151649977,0.02884172428
144,1,0,0.2855993321,140,0.9140492321,0.02923256193
144,1,0,0.2855993321,142.5,0.9129409059,0.02964130797
144,1,0,0.2855993321,145,0.9118235161,0.03004908434
144,1,0,0.2855993321,147.5,0.9106875246,0.0304575728
144,1,0,0.2855993321,150,0.9095261624,0.03087495365
144,1,0,0.2855993321,152.5,0.9083608406,0.03130199223
144,1,0,0.2855993321,155,0.907228873,0.03172721069
144,1,0,0.2855993321,157.5,0.9061196892,0.03215203018
144,1,0,0.2855993321,160,0.9050293057,0.03256312877
144,1,0,0.2855993321,162.5,0.9039781775,0.03296936344
144,1,0,0.2855993321,165,0.9029088962,0.03336329786
144,1,0,0.2855993321,167.5,0.9018578412,0.03377612141
144,1,0,0.2855993321,170,0.9008612618,0.03415076122
144,1,0,0.2855993321,172.5,0.8998301004,0.03452696034
144,1,0,0.2855993321,175,0.8987529716,0.0349142119
144,1,0,0.2855993321,177.5,0.8976723304,0.03531165145
144,1,0,0.2855993321,180,0.8965757792,0.03570542651
144,1,0,0.2855993321,182.5,0.8955655603,0.03604511919
144,1,0,0.2855993321,185,0.8945945653,0.03638073467
144,1,0,0.2855993321,187.5,0.8936282795,0.03670481749
144,1,0,0.2855993321,190,0.8926689844,0.03703358546
144,1,0,0.2855993321,192.5,0.8917217998,0.03737479689
144,1,0,0.2855993321,195,0.8907574697,0.03770006973
144,1,0,0.2855993321,197.5,0.8897994999,0.03802416909
144,1,0,0.2855993321,200,0.8888609469,0.03832874591
144,1,0,0.2855993321,202.5,0.8878910468,0.03866860482
144,1,0,0.2855993321,205,0.8869528989,0.03899378799
144,1,0,0.2855993321,207.5,0.8859329856,0.0393553619
144,1,0,0.2855993321,210,0.8849211063,0.03971817695
144,1,0,0.2855993321,212.5,0.8839310759,0.04009014665
144,1,0,0.2855993321,215,0.8829189984,0.04044779612
144,1,0,0.2855993321,217.5,0.8819379442,0.04079245154
144,1,0,0.2855993321,220,0.881011156,0.0411211388
144,1,0,0.2855993321,222.5,0.8801004601,0.04142875977
144,1,0,0.2855993321,225,0.8791962008,0.04174436464
144,1,0,0.2855993321,227.5,0.8782444052,0.04209161931
144,1,0,0.2855993321,230,0.8772170814,0.04246287754
144,1,0,0.2855993321,232.5,0.8762219687,0.04279999563
144,1,0,0.2855993321,235,0.8751726624,0.04316356866
144,1,0,0.2855993321,237.5,0.8741438185,0.04353249798
144,1,0,0.2855993321,240,0.8731576718,0.04389314316
144,1,0,0.2855993321,242.5,0.8722073412,0.04422046489
144,1,0,0.2855993321,245,0.8712579861,0.04455564296
144,1,0,0.2855993321,247.5,0.8702950026,0.0448744117
144,1,0,0.2855993321,250,0.8693136511,0.04518956099
144,1,0,0.2855993321,252.5,0.8682965143,0.04553864149
144,1,0,0.2855993321,255,0.8673325348,0.04588167263
144,1,0,0.2855993321,257.5,0.8663786741,0.04621601006
144,1,0,0.2855993321,260,0.8654349266,0.04654123781
144,1,0,0.2855993321,262.5,0.8644815222,0.04686358253
144,1,0,0.2855993321,265,0.8635630486,0.04716248395
144,1,0,0.2855993321,267.5,0.8627137937,0.04743489783
144,1,0,0.2855993321,270,0.8618268234,0.04771877939
144,1,0,0.2855993321,272.5,0.8609388058,0.04802061685
144,1,0,0.2855993321,275,0.8600425555,0.0483469092
144,1,0,0.2855993321,277.5,0.8591527987,0.04863997439
144,1,0,0.2855993321,280,0.8581855448,0.04900581794
144,1,0,0.2855993321,282.5,0.8572510838,0.04936181833
144,1,0,0.2855993321,285,0.8563858489,0.0496474546
144,1,0,0.2855993321,287.5,0.8554702974,0.04998702571
144,1,0,0.2855993321,290,0.8545444752,0.05033094304
144,1,0,0.2855993321,292.5,0.8535950188,0.05067513978
144,1,0,0.2855993321,295,0.852671414,0.05100490882
144,1,0,0.2855993321,297.5,0.8517641712,0.05133279398
144,1,0,0.2855993321,300,0.8508342881,0.05166395533
144,1,0,0.2855993321,302.5,0.8499016227,0.0520109478
144,1,0,0.2855993321,305,0.8489445584,0.05236978044
144,1,0,0.2855993321,307.5,0.8480558518,0.05271281187
144,1,0,0.2855993321,310,0.8472048064,0.05302832888
144,1,0,0.2855993321,312.5,0.8463298483,0.0533611122
144,1,0,0.2855993321,315,0.8454295563,0.05371949473
144,1,0,0.2855993321,317.5,0.844539377,0.05407176752
144,1,0,0.2855993321,320,0.843651638,0.05441754122
144,1,0,0.2855993321,322.5,0.84275753,0.05474421642
144,1,0,0.2855993321,325,0.8418449967,0.05508755675
144,1,0,0.2855993321,327.5,0.8409642921,0.05541332011
144,1,0,0.2855993321,330,0.8400615341,0.05575972814
144,1,0,0.2855993321,332.5,0.839117531,0.05613857843
144,1,0,0.2855993321,335,0.8381747854,0.05650954561
144,1,0,0.2855993321,337.5,0.8372674991,0.05687275551
144,1,0,0.2855993321,340,0.8363897607,0.05721914171
144,1,0,0.2855993321,342.5,0.8354674906,0.05760614347
144,1,0,0.2855993321,345,0.83455933,0.05800214585
144,1,0,0.2855993321,347.5,0.8336634726,0.05836017642
144,1,0,0.2855993321,350,0.8327436001,0.05872457731
144,1,0,0.2855993321,352.5,0.8317827152,0.059105818
144,1,0,0.2855993321,355,0.8307818608,0.05952874377
144,1,0,0.2855993321,357.5,0.8298328658,0.05992470818
144,1,0,0.2855993321,360,0.8289275141,0.06030011769
144,1,0,0.2855993321,362.5,0.8280436499,0.06064808671
144,1,0,0.2855993321,365,0.8271146181,0.06105966143
144,1,0,0.2855993321,367.5,0.8262028774,0.06145244301
144,1,0,0.2855993321,370,0.8252431197,0.06181592223
144,1,0,0.2855993321,372.5,0.8242752263,0.06218814275
144,1,0,0.2855993321,375,0.8233197495,0.06257734201
144,1,0,0.2855993321,377.5,0.8223833782,0.06296036415
144,1,0,0.2855993321,380,0.8214048157,0.06332372238
144,1,0,0.2855993321,382.5,0.8204263621,0.06370300168
144,1,0,0.2855993321,385,0.8194344842,0.06413115967
144,1,0,0.2855993321,387.5,0.8184891909,0.06453916187
144,1,0,0.2855993321,390,0.8175536942,0.06492458736
144,1,0,0.2855993321,392.5,0.8165997612,0.06528962202
144,1,0,0.2855993321,395,0.8156496287,0.06566424808
144,1,0,0.2855993321,397.5,0.8146864079,0.06604055366
144,1,0,0.2855993321,400,0.8137216139,0.06642429488
144,1,0,0.2855993321,402.5,0.812747747,0.06682569459
144,1,0,0.2855993321,405,0.8118028373,0.06722811917
144,1,0,0.2855993321,407.5,0.8108129957,0.06764082004
144,1,0,0.2855993321,410,0.8098219283,0.06801407709
144,1,0,0.2855993321,412.5,0.8088490597,0.06837169158
144,1,0,0.2855993321,415,0.8079597736,0.06869890748
144,1,0,0.2855993321,417.5,0.807163413,0.06900798156
144,1,0,0.2855993321,420,0.8062940127,0.06933124749
144,1,0,0.2855993321,422.5,0.8054404437,0.06962240957
144,1,0,0.2855993321,425,0.8045856041,0.06992451513
144,1,0,0.2855993321,427.5,0.8037326819,0.0702097544
144,1,0,0.2855993321,430,0.8028162824,0.07053103452
144,1,0,0.2855993321,432.5,0.8019206747,0.07084586861
144,1,0,0.2855993321,435,0.801014021,0.07117494499
144,1,0,0.2855993321,437.5,0.8000875617,0.0715049794
144,1,0,0.2855993321,440,0.799200412,0.07182222393
144,1,0,0.2855993321,442.5,0.7983716732,0.072133391
144,1,0,0.2855993321,445,0.7975019992,0.07243755057
144,1,0,0.2855993321,447.5,0.7966907293,0.07273640294
144,1,0,0.2855993321,450,0.7958755656,0.07304530104
144,1,0,0.2855993321,452.5,0.79507746,0.07337170178
144,1,0,0.2855993321,455,0.794248075,0.07369339341
144,1,0,0.2855993321,457.5,0.7933775588,0.07407225214
144,1,0,0.2855993321,460,0.7925387799,0.07438988336
144,1,0,0.2855993321,462.5,0.7916716187,0.07470973308
144,1,0,0.2855993321,465,0.7907830755,0.07500729795
144,1,0,0.2855993321,467.5,0.7899268283,0.07526261171
144,1,0,0.2855993321,470,0.7890793189,0.07552235906
144,1,0,0.2855993321,472.5,0.7882426659,0.07578120059
144,1,0,0.2855993321,475,0.7874667024,0.07600918081
144,1,0,0.2855993321,477.5,0.7867380738,0.07620101885
144,1,0,0.2855993321,480,0.7859790906,0.07643053808
144,1,0,0.2855993321,482.5,0.7852119248,0.0766714144
144,1,0,0.2855993321,485,0.7844097794,0.0769356696
144,1,0,0.2855993321,487.5,0.7836490349,0.07719553805
144,1,0,0.2855993321,490,0.7829203861,0.07743678743
144,1,0,0.2855993321,492.5,0.7822280005,0.07762072828
144,1,0,0.2855993321,495,0.7814858841,0.07782165629
144,1,0,0.2855993321,497.5,0.7807681003,0.07803999908
144,1,0,0.2855993321,500,0.7800091165,0.07825191481
144,1,0,0.2855993321,502.5,0.7792501304,0.07848092545
144,1,0,0.2855993321,505,0.7785253564,0.07872203571
144,1,0,0.2855993321,507.5,0.7778564479,0.07895746504
144,1,0,0.2855993321,510,0.7772410813,0.07915989414
144,1,0,0.2855993321,512.5,0.7766232777,0.07936212594
144,1,0,0.2855993321,515,0.7759655361,0.07956372215
144,1,0,0.2855993321,517.5,0.7753239181,0.07974788511
144,1,0,0.2855993321,520,0.7747124421,0.07990534914
144,1,0,0.2855993321,522.5,0.7740912973,0.080103124
144,1,0,0.2855993321,525,0.7734497196,0.08031701228
144,1,0,0.2855993321,527.5,0.7728061033,0.08049051069
144,1,0,0.2855993321,530,0.7721162467,0.08067070264
144,1,0,0.2855993321,532.5,0.7714130002,0.08083513014
144,1,0,0.2855993321,535,0.7707293489,0.08098861063
144,1,0,0.2855993321,537.5,0.7700308532,0.08115774388
144,1,0,0.2855993321,540,0.7694112202,0.08127540797
144,1,0,0.2855993321,542.5,0.7687588633,0.0813945112
144,1,0,0.2855993321,545,0.7681226439,0.08150389128
144,1,0,0.2855993321,547.5,0.767449701,0.081628422
144,1,0,0.2855993321,550,0.7667913817,0.08174351391
144,1,0,0.2855993321,552.5,0.7660919167,0.08188559072
144,1,0,0.2855993321,555,0.7654206048,0.08199624247
144,1,0,0.2855993321,557.5,0.764812246,0.08210148138
144,1,0,0.2855993321,560,0.7641273165,0.08224524445
144,1,0,0.2855993321,562.5,0.7634714955,0.08238015866
144,1,0,0.2855993321,565,0.7627918093,0.0825518904
144,1,0,0.2855993321,567.5,0.7620600343,0.08276842246
144,1,0,0.2855993321,570,0.7613280136,0.08297846632
144,1,0,0.2855993321,572.5,0.7607348537,0.08312264031
144,1,0,0.2855993321,575,0.7601634272,0.08327401216
144,1,0,0.2855993321,577.5,0.7595915032,0.08338428794
144,1,0,0.2855993321,580,0.7589684622,0.0835172642
144,1,0,0.2855993321,582.5,0.7583656941,0.08363684131
144,1,0,0.2855993321,585,0.757786622,0.0837730575
144,1,0,0.2855993321,587.5,0.7572619993,0.08388824378
144,1,0,0.2855993321,590,0.7566976404,0.08403936878
144,1,0,0.2855993321,592.5,0.7561856529,0.08417400438
144,1,0,0.2855993321,595,0.7556760647,0.08431826588
144,1,0,0.2855993321,597.5,0.7550947296,0.08447617422
144,1,0,0.2855993321,600,0.7544931921,0.08464118807
144,1,0,0.2855993321,602.5,0.7539549362,0.0847840275
144,1,0,0.2855993321,605,0.7533534687,0.08496817711
144,1,0,0.2855993321,607.5,0.7527790685,0.08515287991
144,1,0,0.2855993321,610,0.7521689877,0.08535052582
144,1,0,0.2855993321,612.5,0.7514915605,0.0855680306
144,1,0,0.2855993321,615,0.750802793,0.08580862058
144,1,0,0.2855993321,617.5,0.750149981,0.08601802937
144,1,0,0.2855993321,620,0.7495082173,0.08621914026
144,1,0,0.2855993321,622.5,0.7489288963,0.08639719237
144,1,0,0.2855993321,625,0.7482669531,0.08664533895
144,1,0,0.2855993321,627.5,0.7475744676,0.08691100221
144,1,0,0.2855993321,630,0.7468894543,0.08716187078
144,1,0,0.2855993321,632.5,0.746197487,0.08735938282
144,1,0,0.2855993321,635,0.7455729084,0.08750698995
144,1,0,0.2855993321,637.5,0.7449556505,0.08763673706
144,1,0,0.2855993321,640,0.7443635744,0.08773982075
144,1,0,0.2855993321,642.5,0.7437735499,0.08789951738
144,1,0,0.2855993321,645,0.7431858302,0.08808086429
144,1,0,0.2855993321,647.5,0.7426159927,0.08825538566
144,1,0,0.2855993321,650,0.7420297617,0.08838493034
144,1,0,0.2855993321,652.5,0.7414530399,0.08853121276
144,1,0,0.2855993321,655,0.7408661766,0.0887090165
144,1,0,0.2855993321,657.5,0.7402750817,0.08891775279
144,1,0,0.2855993321,660,0.7396830328,0.0891147677
144,1,0,0.2855993321,662.5,0.7390743813,0.08931656031
144,1,0,0.2855993321,665,0.7384929547,0.08953277113
144,1,0,0.2855993321,667.5,0.7378862309,0.08972172531
144,1,0,0.2855993321,670,0.7372690581,0.08995219145
144,1,0,0.2855993321,672.5,0.7366699382,0.09014591762
144,1,0,0.2855993321,675,0.7360056195,0.09036141944
144,1,0,0.2855993321,677.5,0.7353432028,0.0905681076
144,1,0,0.2855993321,680,0.734728998,0.09077821879
144,1,0,0.2855993321,682.5,0.7341789084,0.09093262934
144,1,0,0.2855993321,685,0.7335993156,0.09110043331
144,1,0,0.2855993321,687.5,0.7330235469,0.09125279349
144,1,0,0.2855993321,690,0.7324137012,0.09143701025
144,1,0,0.2855993321,692.5,0.7317348947,0.09162347724
144,1,0,0.2855993321,695,0.7310371533,0.09183471263
144,1,0,0.2855993321,697.5,0.7303239924,0.09206614691
144,1,0,0.2855993321,700,0.7296982183,0.09226222745
144,1,0,0.2855993321,702.5,0.7291052563,0.09243100094
144,1,0,0.2855993321,705,0.7285519123,0.09257944989
144,1,0,0.2855993321,707.5,0.7279542149,0.09275480741
144,1,0,0.2855993321,710,0.7273243138,0.09295473369
144,1,0,0.2855993321,712.5,0.7266737153,0.09317556942
144,1,0,0.2855993321,715,0.7260460049,0.09335961913
144,1,0,0.2855993321,717.5,0.7254523203,0.0935116137
144,1,0,0.2855993321,720,0.724875775,0.09365234052
144,1,0,0.2855993321,722.5,0.7243419013,0.09378505708
144,1,0,0.2855993321,725,0.7237759295,0.09392380415
144,1,0,0.2855993321,727.5,0.7232121706,0.09405917477
144,1,0,0.2855993321,730,0.7226536058,0.09420034289
144,1,0,0.2855993321,732.5,0.7220027063,0.09438441259
144,1,0,0.2855993321,735,0.7213902952,0.09455731045
144,1,0,0.2855993321,737.5,0.7208273231,0.09471713946
144,1,0,0.2855993321,740,0.7202614703,0.09489005218
144,1,0,0.2855993321,742.5,0.7197344203,0.0950516034
144,1,0,0.2855993321,745,0.7192303547,0.09518257764
144,1,0,0.2855993321,747.5,0.7187338889,0.09532644916
144,1,0,0.2855993321,750,0.7182909717,0.09545491628
144,1,0,0.2855993321,752.5,0.7177971454,0.09557574297
144,1,0,0.2855993321,755,0.7172169469,0.09577457032
144,1,0,0.2855993321,757.5,0.7166453833,0.09594180013
144,1,0,0.2855993321,760,0.7160437712,0.09609329761
144,1,0,0.2855993321,762.5,0.7154396474,0.09626597389
144,1,0,0.2855993321,765,0.7148305852,0.09645326024
144,1,0,0.2855993321,767.5,0.7142515434,0.09661512548
144,1,0,0.2855993321,770,0.7137214196,0.09674220146
144,1,0,0.2855993321,772.5,0.7131805719,0.09690834295
144,1,0,0.2855993321,775,0.7126284111,0.09710473545
144,1,0,0.2855993321,777.5,0.7121195839,0.09728458963
144,1,0,0.2855993321,780,0.711572028,0.09748980193
144,1,0,0.2855993321,782.5,0.7110908674,0.09766583667
144,1,0,0.2855993321,785,0.7106110599,0.0978164871
144,1,0,0.2855993321,787.5,0.7101496981,0.09793337072
144,1,0,0.2855993321,790,0.7096964075,0.09806891688
144,1,0,0.2855993321,792.5,0.7092062941,0.09822135474
144,1,0,0.2855993321,795,0.7087230921,0.09834513749
144,1,0,0.2855993321,797.5,0.7081268196,0.09853145981
144,1,0,0.2855993321,800,0.7075996738,0.09869592964
144,1,0,0.2855993321,802.5,0.7070692153,0.09886028285
144,1,0,0.2855993321,805,0.7065791153,0.09898938291
144,1,0,0.2855993321,807.5,0.7060535845,0.09911126954
144,1,0,0.2855993321,810,0.7055946346,0.0992111993
144,1,0,0.2855993321,812.5,0.7050603483,0.09937082851
144,1,0,0.2855993321,815,0.7045078116,0.09953397297
144,1,0,0.2855993321,817.5,0.7039324467,0.09975775443
144,1,0,0.2855993321,820,0.7034085887,0.09993613868
144,1,0,0.2855993321,822.5,0.7028517977,0.1000895902
144,1,0,0.2855993321,825,0.7023345926,0.1002320333
144,1,0,0.2855993321,827.5,0.7018067957,0.1003719666
144,1,0,0.2855993321,830,0.7012272043,0.1005540875
144,1,0,0.2855993321,832.5,0.7006490148,0.1007582974
144,1,0,0.2855993321,835,0.7000199645,0.1009654142
144,1,0,0.2855993321,837.5,0.6995253301,0.1011349391
144,1,0,0.2855993321,840,0.6990271964,0.1013093638
144,1,0,0.2855993321,842.5,0.6985230168,0.1014674838
144,1,0,0.2855993321,845,0.6979929706,0.1016182507
144,1,0,0.2855993321,847.5,0.6975372483,0.101738358
144,1,0,0.2855993321,850,0.697097531,0.1018717799
144,1,0,0.2855993321,852.5,0.6966651061,0.1019990411
144,1,0,0.2855993321,855,0.6961857339,0.1021396223
144,1,0,0.2855993321,857.5,0.6957484539,0.1022687532
144,1,0,0.2855993321,860,0.6952707871,0.1024138409
144,1,0,0.2855993321,862.5,0.6948657996,0.1025353055
144,1,0,0.2855993321,865,0.694445575,0.1026367554
144,1,0,0.2855993321,867.5,0.6939928042,0.1027554754
144,1,0,0.2855993321,870,0.6935531736,0.1028781038
144,1,0,0.2855993321,872.5,0.693141921,0.1029956795
144,1,0,0.2855993321,875,0.6927016584,0.1031299328
144,1,0,0.2855993321,877.5,0.6921911758,0.1033269954
144,1,0,0.2855993321,880,0.6917099217,0.1035004268
144,1,0,0.2855993321,882.5,0.6913114662,0.1036320599
144,1,0,0.2855993321,885,0.6908801778,0.103774473
144,1,0,0.2855993321,887.5,0.6905531762,0.1038460872
144,1,0,0.2855993321,890,0.6902679419,0.1038936953
144,1,0,0.2855993321,892.5,0.6900046043,0.1039436285
144,1,0,0.2855993321,895,0.689718201,0.1040318129
144,1,0,0.2855993321,897.5,0.6894756848,0.1040901572
144,1,0,0.2855993321,900,0.689131173,0.1041904608
144,1,0,0.2855993321,902.5,0.6888090754,0.1042716162
144,1,0,0.2855993321,905,0.6885187052,0.1043379015
144,1,0,0.2855993321,907.5,0.6882595838,0.1043538469
144,1,0,0.2855993321,910,0.6879490026,0.1043810232
144,1,0,0.2855993321,912.5,0.6876095889,0.104434686
144,1,0,0.2855993321,915,0.6873132967,0.1044782859
144,1,0,0.2855993321,917.5,0.6869458154,0.1045495492
144,1,0,0.2855993321,920,0.6866279952,0.104604696
144,1,0,0.2855993321,922.5,0.6862711631,0.1046504267
144,1,0,0.2855993321,925,0.6858833756,0.1046976741
144,1,0,0.2855993321,927.5,0.6855544429,0.1046969515
144,1,0,0.2855993321,930,0.6852451676,0.1047051775
144,1,0,0.2855993321,932.5,0.6849935714,0.1047198619
144,1,0,0.2855993321,935,0.6846883459,0.1047510275
144,1,0,0.2855993321,937.5,0.6843591525,0.104789986
144,1,0,0.2855993321,940,0.6840313065,0.104822433
144,1,0,0.2855993321,942.5,0.6836504951,0.104904814
144,1,0,0.2855993321,945,0.6833002681,0.1049363918
144,1,0,0.2855993321,947.5,0.6829747743,0.1049865871
144,1,0,0.2855993321,950,0.682712539,0.1050060355
144,1,0,0.2855993321,952.5,0.6824611207,0.1049891215
144,1,0,0.2855993321,955,0.6822089301,0.1049820553
144,1,0,0.2855993321,957.5,0.6819975747,0.1049517168
144,1,0,0.2855993321,960,0.6817245457,0.1049458459
144,1,0,0.2855993321,962.5,0.6814922116,0.1049193081
144,1,0,0.2855993321,965,0.6812313545,0.1048992743
144,1,0,0.2855993321,967.5,0.680938558,0.1049355819
144,1,0,0.2855993321,970,0.6806104991,0.1049946692
144,1,0,0.2855993321,972.5,0.6803442678,0.105021201
144,1,0,0.2855993321,975,0.6800261114,0.1050581644
144,1,0,0.2855993321,977.5,0.6797089688,0.1050776517
144,1,0,0.2855993321,980,0.6794157377,0.1050598388
144,1,0,0.2855993321,982.5,0.6790505351,0.1050873314
144,1,0,0.2855993321,985,0.6786686711,0.1051079138
144,1,0,0.2855993321,987.5,0.6783375384,0.1051517622
144,1,0,0.2855993321,990,0.6779722315,0.1051763179
144,1,0,0.2855993321,992.5,0.6776232684,0.105201834
144,1,0,0.2855993321,995,0.6772385382,0.1052524659
144,1,0,0.2855993321,997.5,0.6769235964,0.105282143
144,1,0,0.2855993321,1000,0.6765702755,0.105302893
144,1,0,0.2855993321,1002.5,0.6762104525,0.105358424
144,1,0,0.2855993321,1005,0.6758436709,0.1054259455
144,1,0,0.2855993321,1007.5,0.6754778989,0.1054946047
144,1,0,0.2855993321,1010,0.6751462497,0.1055400772
144,1,0,0.2855993321,1012.5,0.6747941094,0.1055949583
144,1,0,0.2855993321,1015,0.6744904934,0.1056340605
144,1,0,0.2855993321,1017.5,0.6740803149,0.1056870164
144,1,0,0.2855993321,1020,0.6737170886,0.1057250883
144,1,0,0.2855993321,1022.5,0.6734124742,0.1057457282
144,1,0,0.2855993321,1025,0.6730708619,0.105779474
144,1,0,0.2855993321,1027.5,0.6726830933,0.1058407796
144,1,0,0.2855993321,1030,0.67233037,0.1059176837
144,1,0,0.2855993321,1032.5,0.672001717,0.1059656902
144,1,0,0.2855993321,1035,0.671681804,0.1060109767
144,1,0,0.2855993321,1037.5,0.6713466603,0.1060927203
144,1,0,0.2855993321,1040,0.6710588979,0.1061478848
144,1,0,0.2855993321,1042.5,0.6706852665,0.1062367658
144,1,0,0.2855993321,1045,0.6703056505,0.1063256111
144,1,0,0.2855993321,1047.5,0.6699637431,0.106402569
144,1,0,0.2855993321,1050,0.6695970902,0.106487328
144,1,0,0.2855993321,1052.5,0.6692145017,0.1065929664
144,1,0,0.2855993321,1055,0.668925412,0.1066594782
144,1,0,0.2855993321,1057.5,0.6686099668,0.1067449977
144,1,0,0.2855993321,1060,0.6682886721,0.1068196686
144,1,0,0.2855993321,1062.5,0.6678756048,0.1069314947
144,1,0,0.2855993321,1065,0.6674804538,0.1070205394
144,1,0,0.2855993321,1067.5,0.667102229,0.1071064184
144,1,0,0.2855993321,1070,0.6667468413,0.1072036574
144,1,0,0.2855993321,1072.5,0.6663938968,0.1072839451
144,1,0,0.2855993321,1075,0.6660391779,0.1073678524
144,1,0,0.2855993321,1077.5,0.6657470831,0.1074417344
144,1,0,0.2855993321,1080,0.665423329,0.1075326082
144,1,0,0.2855993321,1082.5,0.6651326979,0.1075933762
144,1,0,0.2855993321,1085,0.6648641286,0.1076505692
144,1,0,0.2855993321,1087.5,0.6646276467,0.1076869156
144,1,0,0.2855993321,1090,0.6643642938,0.1077462124
144,1,0,0.2855993321,1092.5,0.6640653989,0.1078094139
144,1,0,0.2855993321,1095,0.6636862783,0.1079189264
144,1,0,0.2855993321,1097.5,0.6633626692,0.1080018415
144,1,0,0.2855993321,1100,0.6629928692,0.1081218133
144,1,0,0.2855993321,1102.5,0.6626250869,0.1082365393
144,1,0,0.2855993321,1105,0.6623318334,0.1082943386
144,1,0,0.2855993321,1107.5,0.6620766799,0.1083782575
144,1,0,0.2855993321,1110,0.6617824873,0.108475842
144,1,0,0.2855993321,1112.5,0.6614226135,0.1086079728
144,1,0,0.2855993321,1115,0.6610536125,0.1087291141
144,1,0,0.2855993321,1117.5,0.6607294576,0.1088290825
144,1,0,0.2855993321,1120,0.6602982693,0.1089802426
144,1,0,0.2855993321,1122.5,0.6599538326,0.109089324
144,1,0,0.2855993321,1125,0.6595090989,0.1092494695
144,1,0,0.2855993321,1127.5,0.6591246957,0.1093822825
144,1,0,0.2855993321,1130,0.6587212808,0.109528286
144,1,0,0.2855993321,1132.5,0.658382362,0.1096115095
144,1,0,0.2855993321,1135,0.6579777067,0.1097144589
144,1,0,0.2855993321,1137.5,0.657508286,0.1098707516
144,1,0,0.2855993321,1140,0.6570573212,0.1100384508
144,1,0,0.2855993321,1142.5,0.656656314,0.1102015619
144,1,0,0.2855993321,1145,0.6562614075,0.1103495014
144,1,0,0.2855993321,1147.5,0.6558637203,0.1105200337
144,1,0,0.2855993321,1150,0.6555213484,0.1106366614
144,1,0,0.2855993321,1152.5,0.6552059917,0.1107264192
144,1,0,0.2855993321,1155,0.6548810365,0.1108329183
144,1,0,0.2855993321,1157.5,0.6544837294,0.1109751966
144,1,0,0.2855993321,1160,0.6541865684,0.1110644436
144,1,0,0.2855993321,1162.5,0.6538697187,0.1111468911
144,1,0,0.2855993321,1165,0.6534668444,0.1112705168
144,1,0,0.2855993321,1167.5,0.6531284214,0.1113782408
144,1,0,0.2855993321,1170,0.6528165633,0.1114900972
144,1,0,0.2855993321,1172.5,0.6524451985,0.1116372804
144,1,0,0.2855993321,1175,0.6520670612,0.1117802638
144,1,0,0.2855993321,1177.5,0.6517252096,0.1119011227
144,1,0,0.2855993321,1180,0.6514037866,0.1120000753
144,1,0,0.2855993321,1182.5,0.6510840567,0.1121236303
144,1,0,0.2855993321,1185,0.6507654277,0.1122436159
144,1,0,0.2855993321,1187.5,0.6504438279,0.112393093
144,1,0,0.2855993321,1190,0.6500605043,0.1125545691
144,1,0,0.2855993321,1192.5,0.6496918594,0.1127337375
144,1,0,0.2855993321,1195,0.6493301183,0.1128724935
144,1,0,0.2855993321,1197.5,0.6489771304,0.112988884
144,1,0,0.2855993321,1200,0.6486129434,0.1131419671
144,1,0,0.2855993321,1202.5,0.6482088013,0.1133167978
144,1,0,0.2855993321,1205,0.6478747991,0.1134642239
144,1,0,0.2855993321,1207.5,0.6475636265,0.1136041258
144,1,0,0.2855993321,1210,0.6472386104,0.1137440411
144,1,0,0.2855993321,1212.5,0.6469549521,0.1138575339
144,1,0,0.2855993321,1215,0.6466172838,0.1139901738
144,1,0,0.2855993321,1217.5,0.6462849955,0.1141312611
144,1,0,0.2855993321,1220,0.6459630932,0.114263279
144,1,0,0.2855993321,1222.5,0.645766694,0.1143500744
144,1,0,0.2855993321,1225,0.6455187999,0.1144461159
144,1,0,0.2855993321,1227.5,0.6453003896,0.1144931657
144,1,0,0.2855993321,1230,0.6451195008,0.1145219701
144,1,0,0.2855993321,1232.5,0.6448837614,0.1145858269
144,1,0,0.2855993321,1235,0.6445753238,0.114672317
144,1,0,0.2855993321,1237.5,0.6442787882,0.1147442233
144,1,0,0.2855993321,1240,0.6440404644,0.1148063374
144,1,0,0.2855993321,1242.5,0.6438040954,0.1148673624
144,1,0,0.2855993321,1245,0.6436195191,0.1149152559
144,1,0,0.2855993321,1247.5,0.643432056,0.1149526247
144,1,0,0.2855993321,1250,0.643189766,0.115013456
144,1,0,0.2855993321,1252.5,0.6429561391,0.1150914192
144,1,0,0.2855993321,1255,0.6427091118,0.1151815912
144,1,0,0.2855993321,1257.5,0.6424180922,0.1153132791
144,1,0,0.2855993321,1260,0.6421445004,0.11543348
144,1,0,0.2855993321,1262.5,0.6418405788,0.1155479211
144,1,0,0.2855993321,1265,0.6415453776,0.1156607586
144,1,0,0.2855993321,1267.5,0.6412633003,0.1157570181
144,1,0,0.2855993321,1270,0.6410176911,0.1158238131
144,1,0,0.2855993321,1272.5,0.6407009876,0.1159359144
144,1,0,0.2855993321,1275,0.6404071902,0.1160369194
144,1,0,0.2855993321,1277.5,0.6401234591,0.1161191951
144,1,0,0.2855993321,1280,0.6398053436,0.1162526645
144,1,0,0.2855993321,1282.5,0.6395971257,0.1163488615
144,1,0,0.2855993321,1285,0.6393354826,0.1164344293
144,1,0,0.2855993321,1287.5,0.6391167529,0.1164922694
144,1,0,0.2855993321,1290,0.638886451,0.116562004
144,1,0,0.2855993321,1292.5,0.6387378526,0.1166001822
144,1,0,0.2855993321,1295,0.6384770968,0.1166832315
144,1,0,0.2855993321,1297.5,0.6382752205,0.116731919
144,1,0,0.2855993321,1300,0.6380481569,0.11681927
144,1,0,0.2855993321,1302.5,0.637771006,0.1169359492
144,1,0,0.2855993321,1305,0.6375560202,0.1170394841
144,1,0,0.2855993321,1307.5,0.637337365,0.1171483336
144,1,0,0.2855993321,1310,0.6371081704,0.1172411886
144,1,0,0.2855993321,1312.5,0.6368250773,0.1173604958
144,1,0,0.2855993321,1315,0.6365494976,0.117462709
144,1,0,0.2855993321,1317.5,0.6362967674,0.11755853
144,1,0,0.2855993321,1320,0.6360637575,0.1176669933
144,1,0,0.2855993321,1322.5,0.6358032045,0.1177731362
144,1,0,0.2855993321,1325,0.6355266234,0.1178791652
144,1,0,0.2855993321,1327.5,0.635177413,0.1180083236
144,1,0,0.2855993321,1330,0.6349117855,0.1180885026
144,1,0,0.2855993321,1332.5,0.6346106659,0.1181765749
144,1,0,0.2855993321,1335,0.6343563393,0.1182387093
144,1,0,0.2855993321,1337.5,0.6341012836,0.1182818138
144,1,0,0.2855993321,1340,0.6338103488,0.1183667236
144,1,0,0.2855993321,1342.5,0.6335218538,0.1184528441
144,1,0,0.2855993321,1345,0.6331757536,0.118547098
144,1,0,0.2855993321,1347.5,0.6329357029,0.118595271
144,1,0,0.2855993321,1350,0.6326429098,0.1186682433
144,1,0,0.2855993321,1352.5,0.6324066176,0.1187037451
144,1,0,0.2855993321,1355,0.6322145888,0.1187345478
144,1,0,0.2855993321,1357.5,0.631979592,0.1187788567
144,1,0,0.2855993321,1360,0.6316011698,0.1189038968
144,1,0,0.2855993321,1362.5,0.6312031491,0.1190505962
144,1,0,0.2855993321,1365,0.6308094469,0.1192204362
144,1,0,0.2855993321,1367.5,0.6304334421,0.1193364964
144,1,0,0.2855993321,1370,0.6300574122,0.1194628041
144,1,0,0.2855993321,1372.5,0.6297664861,0.1195422592
144,1,0,0.2855993321,1375,0.6295469189,0.1195556339
144,1,0,0.2855993321,1377.5,0.6292605048,0.1196293338
144,1,0,0.2855993321,1380,0.6289396982,0.1197379754
144,1,0,0.2855993321,1382.5,0.6286990401,0.1197927429
144,1,0,0.2855993321,1385,0.6284692724,0.1198220618
144,1,0,0.2855993321,1387.5,0.6282326778,0.119854458
144,1,0,0.2855993321,1390,0.6279785853,0.1199126461
144,1,0,0.2855993321,1392.5,0.6277104101,0.1199903518
144,1,0,0.2855993321,1395,0.627366208,0.1201420188
144,1,0,0.2855993321,1397.5,0.6270787711,0.1202872926
144,1,0,0.2855993321,1400,0.6267660413,0.1204415016
144,1,0,0.2855993321,1402.5,0.6263700292,0.1206066708
144,1,0,0.2855993321,1405,0.6260279515,0.1207482983
144,1,0,0.2855993321,1407.5,0.6256892116,0.1208878646
144,1,0,0.2855993321,1410,0.6253047018,0.1210272133
144,1,0,0.2855993321,1412.5,0.6249094193,0.1211966817
144,1,0,0.2855993321,1415,0.6244774859,0.1213577901
144,1,0,0.2855993321,1417.5,0.624041399,0.1215167523
144,1,0,0.2855993321,1420,0.6234915148,0.1217154272
144,1,0,0.2855993321,1422.5,0.6229343941,0.1219284312
144,1,0,0.2855993321,1425,0.6224129674,0.1221466389
144,1,0,0.2855993321,1427.5,0.6219091304,0.1223480911
144,1,0,0.2855993321,1430,0.6213800144,0.1225903187
144,1,0,0.2855993321,1432.5,0.6209263481,0.1227875858
144,1,0,0.2855993321,1435,0.6204665525,0.1229751383
144,1,0,0.2855993321,1437.5,0.620047777,0.1231647683
144,1,0,0.2855993321,1440,0.619603698,0.1233634868
144,1,0,0.2855993321,1442.5,0.6191324355,0.1235695623
144,1,0,0.2855993321,1445,0.6186551228,0.1237934227
144,1,0,0.2855993321,1447.5,0.6182178216,0.1239878693
144,1,0,0.2855993321,1450,0.6177574429,0.1242031372
144,1,0,0.2855993321,1452.5,0.6172764388,0.1244065969
144,1,0,0.2855993321,1455,0.6168614162,0.1245807505
144,1,0,0.2855993321,1457.5,0.6163890132,0.1247978325
144,1,0,0.2855993321,1460,0.6159468966,0.1250092785
144,1,0,0.2855993321,1462.5,0.6155310138,0.1252332655
144,1,0,0.2855993321,1465,0.6151492777,0.1254623968
144,1,0,0.2855993321,1467.5,0.6147965273,0.1256758578
144,1,0,0.2855993321,1470,0.6144152034,0.1259018379
144,1,0,0.2855993321,1472.5,0.6140808369,0.1261222155
144,1,0,0.2855993321,1475,0.6137116516,0.1263603139
144,1,0,0.2855993321,1477.5,0.6132941429,0.1265893614
144,1,0,0.2855993321,1480,0.6128226307,0.1268191881
144,1,0,0.2855993321,1482.5,0.6123896989,0.1270724445
144,1,0,0.2855993321,1485,0.6119912173,0.1272922224
144,1,0,0.2855993321,1487.5,0.6115483333,0.1275267029
144,1,0,0.2855993321,1490,0.6110657527,0.1277727869
144,1,0,0.2855993321,1492.5,0.6106531864,0.1280089217
144,1,0,0.2855993321,1495,0.6102717883,0.1281915333
144,1,0,0.2855993321,1497.5,0.6098775196,0.1283998732
144,1,0,0.2855993321,1500,0.6095132292,0.1285959784
144,1,0,0.2855993321,1502.5,0.6091222228,0.1287603703
144,1,0,0.2855993321,1505,0.6087060223,0.1289530998
144,1,0,0.2855993321,1507.5,0.608199177,0.1291883018
144,1,0,0.2855993321,1510,0.6076971199,0.1294159242
144,1,0,0.2855993321,1512.5,0.6072533021,0.1296190534
144,1,0,0.2855993321,1515,0.6068734234,0.1298242108
144,1,0,0.2855993321,1517.5,0.6064190296,0.1301014607
144,1,0,0.2855993321,1520,0.6059659573,0.1303395375
144,1,0,0.2855993321,1522.5,0.6055320011,0.130527379
144,1,0,0.2855993321,1525,0.6051011832,0.1306747045
144,1,0,0.2855993321,1527.5,0.6047171428,0.1308147772
144,1,0,0.2855993321,1530,0.6043039229,0.1309550694
144,1,0,0.2855993321,1532.5,0.6039266094,0.131088518
144,1,0,0.2855993321,1535,0.6035495203,0.1312120901
144,1,0,0.2855993321,1537.5,0.6030822353,0.1313739051
144,1,0,0.2855993321,1540,0.6025969423,0.1315351155
144,1,0,0.2855993321,1542.5,0.6021806213,0.1317085906
144,1,0,0.2855993321,1545,0.6017030757,0.1319013545
144,1,0,0.2855993321,1547.5,0.6012982189,0.1320700233
144,1,0,0.2855993321,1550,0.6008952322,0.1322328406
144,1,0,0.2855993321,1552.5,0.6004583904,0.1323996348
144,1,0,0.2855993321,1555,0.5999746798,0.1325866244
144,1,0,0.2855993321,1557.5,0.5995378893,0.1327402557
144,1,0,0.2855993321,1560,0.5991859467,0.1328217329
144,1,0,0.2855993321,1562.5,0.5987708746,0.1329454368
144,1,0,0.2855993321,1565,0.5983589055,0.1330678473
144,1,0,0.2855993321,1567.5,0.5979060189,0.1331947558
144,1,0,0.2855993321,1570,0.5974308907,0.1333115099
144,1,0,0.2855993321,1572.5,0.5969262064,0.1334573437
144,1,0,0.2855993321,1575,0.596519705,0.1335578363
144,1,0,0.2855993321,1577.5,0.5960485637,0.1336889798
144,1,0,0.2855993321,1580,0.5956013588,0.1338257138
144,1,0,0.2855993321,1582.5,0.5951315882,0.1339389222
144,1,0,0.2855993321,1585,0.5946895771,0.134029201
144,1,0,0.2855993321,1587.5,0.5942848788,0.1341009283
144,1,0,0.2855993321,1590,0.5938938732,0.1341661792
144,1,0,0.2855993321,1592.5,0.5935449108,0.1342020511
144,1,0,0.2855993321,1595,0.5931766725,0.1342890964
144,1,0,0.2855993321,1597.5,0.592841588,0.1343433107
144,1,0,0.2855993321,1600,0.592519845,0.1343788589
144,1,0,0.2855993321,1602.5,0.5921284422,0.1344396783
144,1,0,0.2855993321,1605,0.5917669794,0.1345120053
144,1,0,0.2855993321,1607.5,0.5913774214,0.1345789227
144,1,0,0.2855993321,1610,0.5909685362,0.1346922236
144,1,0,0.2855993321,1612.5,0.5905467077,0.1348043966
144,1,0,0.2855993321,1615,0.5901995326,0.134874837
144,1,0,0.2855993321,1617.5,0.5898609564,0.134914433
144,1,0,0.2855993321,1620,0.5896061403,0.1349097243
144,1,0,0.2855993321,1622.5,0.5892670529,0.134941236
144,1,0,0.2855993321,1625,0.5889368625,0.1349865159
144,1,0,0.2855993321,1627.5,0.5885685861,0.1350639168
144,1,0,0.2855993321,1630,0.5882234842,0.1351361362
144,1,0,0.2855993321,1632.5,0.5879275305,0.1351682362
144,1,0,0.2855993321,1635,0.5875914517,0.1352349067
144,1,0,0.2855993321,1637.5,0.5873473795,0.1352226887
144,1,0,0.2855993321,1640,0.5871353382,0.1351989481
144,1,0,0.2855993321,1642.5,0.5869581226,0.1351258185
144,1,0,0.2855993321,1645,0.5866947954,0.1350976816
144,1,0,0.2855993321,1647.5,0.586369406,0.1351118589
144,1,0,0.2855993321,1650,0.586037949,0.1351044886
144,1,0,0.2855993321,1652.5,0.5856647009,0.135167167
144,1,0,0.2855993321,1655,0.5852742979,0.1352558968
144,1,0,0.2855993321,1657.5,0.5849251354,0.1353444803
144,1,0,0.2855993321,1660,0.5846087056,0.1353841526
144,1,0,0.2855993321,1662.5,0.5843011464,0.135436388
144,1,0,0.2855993321,1665,0.5839378087,0.1355384982
144,1,0,0.2855993321,1667.5,0.5836138549,0.1356218948
144,1,0,0.2855993321,1670,0.583249752,0.135699367
144,1,0,0.2855993321,1672.5,0.5829558672,0.1357667428
144,1,0,0.2855993321,1675,0.5827131991,0.1358181546
144,1,0,0.2855993321,1677.5,0.5823558513,0.1358738447
144,1,0,0.2855993321,1680,0.582027845,0.1359214993
144,1,0,0.2855993321,1682.5,0.5817280988,0.1359757663
144,1,0,0.2855993321,1685,0.5814009081,0.1360207765
144,1,0,0.2855993321,1687.5,0.5810378912,0.1361164257
144,1,0,0.2855993321,1690,0.5806630024,0.1362155419
144,1,0,0.2855993321,1692.5,0.5803171845,0.136275375
144,1,0,0.2855993321,1695,0.5800311211,0.1363181977
144,1,0,0.2855993321,1697.5,0.5798287605,0.136320038
144,1,0,0.2855993321,1700,0.5795777583,0.1363589409
144,1,0,0.2855993321,1702.5,0.5793322434,0.1363920494
144,1,0,0.2855993321,1705,0.5790353549,0.1364471202
144,1,0,0.2855993321,1707.5,0.5786392502,0.1365566021
144,1,0,0.2855993321,1710,0.5783136937,0.1366260433
144,1,0,0.2855993321,1712.5,0.5779367938,0.1367754687
144,1,0,0.2855993321,1715,0.5775744676,0.1368945527
144,1,0,0.2855993321,1717.5,0.5772262675,0.1370187555
144,1,0,0.2855993321,1720,0.5768620236,0.1371752366
144,1,0,0.2855993321,1722.5,0.5765033559,0.1373090888
144,1,0,0.2855993321,1725,0.5761377268,0.1374446774
144,1,0,0.2855993321,1727.5,0.5758266543,0.1375139823
144,1,0,0.2855993321,1730,0.5754061812,0.1376400899
144,1,0,0.2855993321,1732.5,0.5750065925,0.137753981
144,1,0,0.2855993321,1735,0.5745550559,0.1378786572
144,1,0,0.2855993321,1737.5,0.5741039295,0.138011591
144,1,0,0.2855993321,1740,0.5736228989,0.1381450876
144,1,0,0.2855993321,1742.5,0.573199167,0.1382308699
144,1,0,0.2855993321,1745,0.5727973746,0.1383414702
144,1,0,0.2855993321,1747.5,0.572461168,0.1384175716
144,1,0,0.2855993321,1750,0.5720357646,0.1385295712
144,1,0,0.2855993321,1752.5,0.5716154669,0.138622512
144,1,0,0.2855993321,1755,0.5711648749,0.1387037904
144,1,0,0.2855993321,1757.5,0.5706963217,0.1388275552
144,1,0,0.2855993321,1760,0.5701845843,0.1389829362
144,1,0,0.2855993321,1762.5,0.5697058467,0.139113799
144,1,0,0.2855993321,1765,0.5691999588,0.1392479106
144,1,0,0.2855993321,1767.5,0.5686654107,0.1394075117
144,1,0,0.2855993321,1770,0.5681950877,0.1395292377
144,1,0,0.2855993321,1772.5,0.5676999066,0.1396303873
144,1,0,0.2855993321,1775,0.5672020411,0.1397702154
144,1,0,0.2855993321,1777.5,0.5667005609,0.1399219537
144,1,0,0.2855993321,1780,0.5662323343,0.1400556847
144,1,0,0.2855993321,1782.5,0.5657305418,0.1402032961
144,1,0,0.2855993321,1785,0.5652620044,0.1403399227
144,1,0,0.2855993321,1787.5,0.5648037799,0.1404508167
144,1,0,0.2855993321,1790,0.5643582767,0.1405659758
144,1,0,0.2855993321,1792.5,0.5639331569,0.1406450984
144,1,0,0.2855993321,1795,0.5634095123,0.1407901649
144,1,0,0.2855993321,1797.5,0.5629539482,0.1409246137
144,1,0,0.2855993321,1800,0.5624658243,0.1410749432
144,1,0,0.2855993321,1802.5,0.5619509722,0.1412042629
144,1,0,0.2855993321,1805,0.5614669122,0.1413284672
144,1,0,0.2855993321,1807.5,0.5610987767,0.1414197571
144,1,0,0.2855993321,1810,0.5607200895,0.1414829886
144,1,0,0.2855993321,1812.5,0.5603061557,0.1415764486
144,1,0,0.2855993321,1815,0.5598506162,0.1416799954
144,1,0,0.2855993321,1817.5,0.5594337458,0.1417500472
144,1,0,0.2855993321,1820,0.5590207655,0.1418298497
144,1,0,0.2855993321,1822.5,0.5585921143,0.1418769887
144,1,0,0.2855993321,1825,0.5581782108,0.1419043841
144,1,0,0.2855993321,1827.5,0.5578037236,0.1419114975
144,1,0,0.2855993321,1830,0.5574866818,0.1419350999
144,1,0,0.2855993321,1832.5,0.5571862921,0.141924646
144,1,0,0.2855993321,1835,0.5569348031,0.1419023255
144,1,0,0.2855993321,1837.5,0.5566392522,0.1419237194
144,1,0,0.2855993321,1840,0.5564006186,0.1419105165
144,1,0,0.2855993321,1842.5,0.5560946636,0.14196586
144,1,0,0.2855993321,1845,0.5558268312,0.1419829808
144,1,0,0.2855993321,1847.5,0.5556274205,0.1419392819
144,1,0,0.2855993321,1850,0.5554704201,0.1418675366
144,1,0,0.2855993321,1852.5,0.55527004,0.1418551499
144,1,0,0.2855993321,1855,0.5551154438,0.1418104225
144,1,0,0.2855993321,1857.5,0.5549650564,0.141779874
144,1,0,0.2855993321,1860,0.5547807769,0.1417323871
144,1,0,0.2855993321,1862.5,0.5545889402,0.1416852193
144,1,0,0.2855993321,1865,0.5544231677,0.1416021241
144,1,0,0.2855993321,1867.5,0.5542298442,0.1415107954
144,1,0,0.2855993321,1870,0.5540733851,0.1414443013
144,1,0,0.2855993321,1872.5,0.5539010441,0.141378344
144,1,0,0.2855993321,1875,0.553611927,0.141347836
144,1,0,0.2855993321,1877.5,0.5533488204,0.141275039
144,1,0,0.2855993321,1880,0.5531691456,0.1411815532
144,1,0,0.2855993321,1882.5,0.5529965218,0.1410730075
144,1,0,0.2855993321,1885,0.5527153073,0.1409831257
144,1,0,0.2855993321,1887.5,0.5524047256,0.140933105
144,1,0,0.2855993321,1890,0.552073999,0.1409777366
144,1,0,0.2855993321,1892.5,0.5517082891,0.1410052272
144,1,0,0.2855993321,1895,0.5512870849,0.1410784095
144,1,0,0.2855993321,1897.5,0.5509828566,0.1410704227
144,1,0,0.2855993321,1900,0.5507073773,0.1410600494
144,1,0,0.2855993321,1902.5,0.5503053046,0.1410990025
144,1,0,0.2855993321,1905,0.5498970747,0.1411438909
144,1,0,0.2855993321,1907.5,0.5494528017,0.1412063291
144,1,0,0.2855993321,1910,0.5490370908,0.1412747186
144,1,0,0.2855993321,1912.5,0.5486675768,0.1413153018
144,1,0,0.2855993321,1915,0.5483638578,0.1412746495
144,1,0,0.2855993321,1917.5,0.5480267374,0.1412843557
144,1,0,0.2855993321,1920,0.547733691,0.1412981899
144,1,0,0.2855993321,1922.5,0.5473981814,0.1413534528
144,1,0,0.2855993321,1925,0.547014273,0.1414356799
144,1,0,0.2855993321,1927.5,0.5466942609,0.1414642601
144,1,0,0.2855993321,1930,0.5463588423,0.1414558805
144,1,0,0.2855993321,1932.5,0.5461078164,0.1414076463
144,1,0,0.2855993321,1935,0.5458484358,0.1413756978
144,1,0,0.2855993321,1937.5,0.545604637,0.1413164987
144,1,0,0.2855993321,1940,0.5453918402,0.1412573515
144,1,0,0.2855993321,1942.5,0.5451308758,0.1411857039
144,1,0,0.2855993321,1945,0.5449109365,0.1410967052
144,1,0,0.2855993321,1947.5,0.5446334205,0.1410562381
144,1,0,0.2855993321,1950,0.5443494471,0.1409976729
144,1,0,0.2855993321,1952.5,0.5440645256,0.140956624
144,1,0,0.2855993321,1955,0.5437759736,0.1408970428
144,1,0,0.2855993321,1957.5,0.5434849112,0.1408929025
144,1,0,0.2855993321,1960,0.5432052135,0.140910684
144,1,0,0.2855993321,1962.5,0.542922605,0.1409149073
144,1,0,0.2855993321,1965,0.5426663549,0.1408842086
144,1,0,0.2855993321,1967.5,0.5423762461,0.1408664671
144,1,0,0.2855993321,1970,0.5421177711,0.140851828
144,1,0,0.2855993321,1972.5,0.5418375136,0.1408430194
144,1,0,0.2855993321,1975,0.5415118376,0.14086773
144,1,0,0.2855993321,1977.5,0.541190414,0.1408697326
144,1,0,0.2855993321,1980,0.5408731262,0.140840276
144,1,0,0.2855993321,1982.5,0.5405082379,0.1408426025
144,1,0,0.2855993321,1985,0.5401679382,0.1408286281
144,1,0,0.2855993321,1987.5,0.5397872983,0.1408429833
144,1,0,0.2855993321,1990,0.5393452581,0.1408918769
144,1,0,0.2855993321,1992.5,0.5388184596,0.1409848552
144,1,0,0.2855993321,1995,0.5383613153,0.1410341911
144,1,0,0.2855993321,1997.5,0.537849049,0.1410779849
144,1,0,0.2855993321,2000,0.5374878361,0.1410920379
144,1,0,0.2855993321,2002.5,0.5371199693,0.141103693
144,1,0,0.2855993321,2005,0.5366837553,0.1411551615
144,1,0,0.2855993321,2007.5,0.5362410041,0.1412236268
144,1,0,0.2855993321,2010,0.5358331257,0.1413082805
144,1,0,0.2855993321,2012.5,0.53551016,0.1413157752
144,1,0,0.2855993321,2015,0.5352320461,0.1412955878
144,1,0,0.2855993321,2017.5,0.5349461783,0.1412707626
144,1,0,0.2855993321,2020,0.534676836,0.141215683
144,1,0,0.2855993321,2022.5,0.5343583481,0.141210151
144,1,0,0.2855993321,2025,0.5340038764,0.1412175814
144,1,0,0.2855993321,2027.5,0.5335453817,0.1413150141
144,1,0,0.2855993321,2030,0.5331587328,0.1413790694
144,1,0,0.2855993321,2032.5,0.5327761922,0.1414473695
144,1,0,0.2855993321,2035,0.5323452404,0.1415292025
144,1,0,0.2855993321,2037.5,0.5319367133,0.1416280084
144,1,0,0.2855993321,2040,0.5315456533,0.1416910288
144,1,0,0.2855993321,2042.5,0.5311875166,0.1417473936
144,1,0,0.2855993321,2045,0.5308497016,0.1418041808
144,1,0,0.2855993321,2047.5,0.530444813,0.1419043156
144,1,0,0.2855993321,2050,0.5300518169,0.1419969422
144,1,0,0.2855993321,2052.5,0.5295129348,0.1421881564
144,1,0,0.2855993321,2055,0.528964927,0.1423671197
144,1,0,0.2855993321,2057.5,0.5284878215,0.1425196839
144,1,0,0.2855993321,2060,0.5280001197,0.1426749649
144,1,0,0.2855993321,2062.5,0.5275423628,0.1428132942
144,1,0,0.2855993321,2065,0.5270404951,0.1429774713
144,1,0,0.2855993321,2067.5,0.5264990253,0.1431371964
144,1,0,0.2855993321,2070,0.5260554232,0.1432524535
144,1,0,0.2855993321,2072.5,0.5255338108,0.1434077747
144,1,0,0.2855993321,2075,0.5250754545,0.143508015
144,1,0,0.2855993321,2077.5,0.5246082742,0.143631318
144,1,0,0.2855993321,2080,0.5241813974,0.1437361939
144,1,0,0.2855993321,2082.5,0.5237433204,0.1438254252
144,1,0,0.2855993321,2085,0.5233358425,0.1439218581
144,1,0,0.2855993321,2087.5,0.5229417013,0.1440247025
144,1,0,0.2855993321,2090,0.5225381222,0.1441372402
144,1,0,0.2855993321,2092.5,0.5221704818,0.1442218226
144,1,0,0.2855993321,2095,0.5217580519,0.1443363084
144,1,0,0.2855993321,2097.5,0.5213601992,0.1443848749
144,1,0,0.2855993321,2100,0.5209854255,0.1444208938
144,1,0,0.2855993321,2102.5,0.520527167,0.1445147024
144,1,0,0.2855993321,2105,0.5200728717,0.1445904307
144,1,0,0.2855993321,2107.5,0.5195510897,0.1447068249
144,1,0,0.2855993321,2110,0.5190343055,0.144802452
144,1,0,0.2855993321,2112.5,0.5184752881,0.144903073
144,1,0,0.2855993321,2115,0.5178885349,0.1450225402
144,1,0,0.2855993321,2117.5,0.517331315,0.1451306045
144,1,0,0.2855993321,2120,0.5168351466,0.1452276209
144,1,0,0.2855993321,2122.5,0.5163586605,0.1453553898
144,1,0,0.2855993321,2125,0.515849071,0.1454785988
144,1,0,0.2855993321,2127.5,0.5153655285,0.1455908812
144,1,0,0.2855993321,2130,0.5148158154,0.1457456352
144,1,0,0.2855993321,2132.5,0.5142780986,0.1458857507
144,1,0,0.2855993321,2135,0.5137313774,0.1460297767
144,1,0,0.2855993321,2137.5,0.5132094793,0.1461530757
144,1,0,0.2855993321,2140,0.5126326847,0.1463231642
144,1,0,0.2855993321,2142.5,0.5120085708,0.1464821399
144,1,0,0.2855993321,2145,0.5114692526,0.1465932716
144,1,0,0.2855993321,2147.5,0.5108806814,0.1467590635
144,1,0,0.2855993321,2150,0.5102362743,0.1469540638
144,1,0,0.2855993321,2152.5,0.5095473608,0.1471520824
144,1,0,0.2855993321,2155,0.5088443545,0.1473706462
144,1,0,0.2855993321,2157.5,0.5082605692,0.1475380049
144,1,0,0.2855993321,2160,0.5077442841,0.147641779
144,1,0,0.2855993321,2162.5,0.5073422229,0.1476979003
144,1,0,0.2855993321,2165,0.5068790655,0.1477786718
144,1,0,0.2855993321,2167.5,0.5064509949,0.1478439048
144,1,0,0.2855993321,2170,0.5059591611,0.147989095
144,1,0,0.2855993321,2172.5,0.5054619891,0.1481403496
144,1,0,0.2855993321,2175,0.5049456754,0.1483089663
144,1,0,0.2855993321,2177.5,0.5044276339,0.1484757853
144,1,0,0.2855993321,2180,0.5038721348,0.1486635164
144,1,0,0.2855993321,2182.5,0.5033047029,0.1488566081
144,1,0,0.2855993321,2185,0.5028456001,0.1489982745
144,1,0,0.2855993321,2187.5,0.5024298467,0.1491252504
144,1,0,0.2855993321,2190,0.5020035334,0.149230278
144,1,0,0.2855993321,2192.5,0.5015321683,0.1493120519
144,1,0,0.2855993321,2195,0.5009815051,0.1494394244
144,1,0,0.2855993321,2197.5,0.5004301479,0.1495716525
144,1,0,0.2855993321,2200,0.49992679,0.1496879288
144,1,0,0.2855993321,2202.5,0.4993470209,0.1498662938
144,1,0,0.2855993321,2205,0.4988239421,0.1500020311
144,1,0,0.2855993321,2207.5,0.4983101995,0.1501313709
144,1,0,0.2855993321,2210,0.4978628916,0.1502236109
144,1,0,0.2855993321,2212.5,0.4974373287,0.1503268212
144,1,0,0.2855993321,2215,0.4970509827,0.1504257914
144,1,0,0.2855993321,2217.5,0.4966262549,0.1505357978
144,1,0,0.2855993321,2220,0.496254899,0.1506569571
144,1,0,0.2855993321,2222.5,0.4959235376,0.1507551781
144,1,0,0.2855993321,2225,0.4956263614,0.150818265
144,1,0,0.2855993321,2227.5,0.4953275786,0.1509149041
144,1,0,0.2855993321,2230,0.4949602184,0.1510181339
144,1,0,0.2855993321,2232.5,0.4945927337,0.1511392461
144,1,0,0.2855993321,2235,0.4941424709,0.1512986518
144,1,0,0.2855993321,2237.5,0.4937307069,0.1514547891
144,1,0,0.2855993321,2240,0.4934506295,0.151549326
144,1,0,0.2855993321,2242.5,0.4931649527,0.1516568083
144,1,0,0.2855993321,2245,0.4927920364,0.1518186594
144,1,0,0.2855993321,2247.5,0.4924502919,0.1519768516
144,1,0,0.2855993321,2250,0.4920122042,0.1521839671
144,1,0,0.2855993321,2252.5,0.4915483985,0.1523760447
144,1,0,0.2855993321,2255,0.4911364075,0.1525482853
144,1,0,0.2855993321,2257.5,0.4907457437,0.1527272214
144,1,0,0.2855993321,2260,0.490455751,0.1528413042
144,1,0,0.2855993321,2262.5,0.4902657009,0.1529096434
144,1,0,0.2855993321,2265,0.4900895341,0.1529393821
144,1,0,0.2855993321,2267.5,0.4898661028,0.1530095781
144,1,0,0.2855993321,2270,0.489670854,0.1530843751
144,1,0,0.2855993321,2272.5,0.4894241298,0.1531651639
144,1,0,0.2855993321,2275,0.4890664789,0.15327222
144,1,0,0.2855993321,2277.5,0.4887611651,0.1533341448
144,1,0,0.2855993321,2280,0.4883793822,0.1534320215
144,1,0,0.2855993321,2282.5,0.4880493551,0.153488971
144,1,0,0.2855993321,2285,0.4877337012,0.1535161312
144,1,0,0.2855993321,2287.5,0.4874154849,0.1535516577
144,1,0,0.2855993321,2290,0.4871303468,0.1535893438
144,1,0,0.2855993321,2292.5,0.4868187534,0.1536164919
144,1,0,0.2855993321,2295,0.4865061901,0.1536570971
144,1,0,0.2855993321,2297.5,0.4862265375,0.1537001315
144,1,0,0.2855993321,2300,0.4859164028,0.1537612779
144,1,0,0.2855993321,2302.5,0.4855831978,0.1538384187
144,1,0,0.2855993321,2305,0.4852479534,0.1538861004
144,1,0,0.2855993321,2307.5,0.4849008591,0.1539338647
144,1,0,0.2855993321,2310,0.4845223829,0.1540090773
144,1,0,0.2855993321,2312.5,0.4841589126,0.1540873284
144,1,0,0.2855993321,2315,0.4838436612,0.1541483487
144,1,0,0.2855993321,2317.5,0.4835021768,0.154201745
144,1,0,0.2855993321,2320,0.4831514932,0.1542681307
144,1,0,0.2855993321,2322.5,0.4828593148,0.1543197282
144,1,0,0.2855993321,2325,0.4825608792,0.154398022
144,1,0,0.2855993321,2327.5,0.4822677308,0.1544814365
144,1,0,0.2855993321,2330,0.4819310993,0.1545900408
144,1,0,0.2855993321,2332.5,0.4815736013,0.1546895613
144,1,0,0.2855993321,2335,0.4812081802,0.1547823168
144,1,0,0.2855993321,2337.5,0.4809642701,0.1548158238
144,1,0,0.2855993321,2340,0.4807051713,0.1548828823
144,1,0,0.2855993321,2342.5,0.480450894,0.1549720903
144,1,0,0.2855993321,2345,0.4801763946,0.1550592735
144,1,0,0.2855993321,2347.5,0.4799862878,0.1551512441
144,1,0,0.2855993321,2350,0.4797274643,0.1552770658
144,1,0,0.2855993321,2352.5,0.4795148705,0.155369473
144,1,0,0.2855993321,2355,0.4792175188,0.155450807
144,1,0,0.2855993321,2357.5,0.4789357479,0.1555640262
144,1,0,0.2855993321,2360,0.4786451757,0.1557026027
144,1,0,0.2855993321,2362.5,0.4783889815,0.1557974217
144,1,0,0.2855993321,2365,0.4781740355,0.1558454441
144,1,0,0.2855993321,2367.5,0.4779133451,0.155945148
144,1,0,0.2855993321,2370,0.477710591,0.1560265349
144,1,0,0.2855993321,2372.5,0.4774268416,0.1561309662
144,1,0,0.2855993321,2375,0.477095249,0.1562591759
144,1,0,0.2855993321,2377.5,0.4767761764,0.1563875027
144,1,0,0.2855993321,2380,0.4765007355,0.1565160319
144,1,0,0.2855993321,2382.5,0.4762873908,0.1566381328
144,1,0,0.2855993321,2385,0.4760986418,0.1566946234
144,1,0,0.2855993321,2387.5,0.4758590531,0.1568033753
144,1,0,0.2855993321,2390,0.4756476948,0.1569186467
144,1,0,0.2855993321,2392.5,0.475504568,0.1570387497
144,1,0,0.2855993321,2395,0.4754073876,0.1571215306
144,1,0,0.2855993321,2397.5,0.4752683388,0.1571918581
144,1,0,0.2855993321,2400,0.4751359728,0.1572647281
144,1,0,0.2855993321,2402.5,0.4749953904,0.1573305287
144,1,0,0.2855993321,2405,0.474849245,0.1573836297
144,1,0,0.2855993321,2407.5,0.4747548407,0.1574452582
144,1,0,0.2855993321,2410,0.4746180028,0.1574912991
144,1,0,0.2855993321,2412.5,0.4744865549,0.1575041125
144,1,0,0.2855993321,2415,0.4743489765,0.1575379695
144,1,0,0.2855993321,2417.5,0.4741496696,0.1576116968
144,1,0,0.2855993321,2420,0.4739312427,0.1576917029
144,1,0,0.2855993321,2422.5,0.4737396344,0.1577536158
144,1,0,0.2855993321,2425,0.4735528228,0.1578016822
144,1,0,0.2855993321,2427.5,0.4732898307,0.1579087165
144,1,0,0.2855993321,2430,0.473017418,0.1580336185
144,1,0,0.2855993321,2432.5,0.4727547565,0.1581769793
144,1,0,0.2855993321,2435,0.4724462142,0.1583490714
144,1,0,0.2855993321,2437.5,0.4721987842,0.1584769611
144,1,0,0.2855993321,2440,0.4718185538,0.158635814
144,1,0,0.2855993321,2442.5,0.4715583795,0.1587341459
144,1,0,0.2855993321,2445,0.4712175967,0.1588726766
144,1,0,0.2855993321,2447.5,0.4710101948,0.1589670854
144,1,0,0.2855993321,2450,0.4707390556,0.1590991892
144,1,0,0.2855993321,2452.5,0.4703823249,0.1592376937
144,1,0,0.2855993321,2455,0.4700736706,0.1593425359
144,1,0,0.2855993321,2457.5,0.4697613178,0.1594682387
144,1,0,0.2855993321,2460,0.469502955,0.1595348154
144,1,0,0.2855993321,2462.5,0.4693141304,0.1595706669
144,1,0,0.2855993321,2465,0.4690693262,0.159636111
144,1,0,0.2855993321,2467.5,0.4688503822,0.1597061741
144,1,0,0.2855993321,2470,0.4685942089,0.1597806279
144,1,0,0.2855993321,2472.5,0.4683150268,0.1598566302
144,1,0,0.2855993321,2475,0.4679931788,0.1599604776
144,1,0,0.2855993321,2477.5,0.4677933549,0.1599600724
144,1,0,0.2855993321,2480,0.4676053038,0.1600322999
144,1,0,0.2855993321,2482.5,0.4673740564,0.1600974232
144,1,0,0.2855993321,2485,0.4671393296,0.1601531766
144,1,0,0.2855993321,2487.5,0.4668648141,0.1601894968
144,1,0,0.2855993321,2490,0.4666457073,0.1601583446
144,1,0,0.2855993321,2492.5,0.4663767228,0.1601744184
144,1,0,0.2855993321,2495,0.4660804227,0.1602235845
144,1,0,0.2855993321,2497.5,0.4658184559,0.1602470875
144,1,0,0.2855993321,2500,0.4655559289,0.1602498455
144,1,0,0.2855993321,2502.5,0.4653113148,0.160277781
144,1,0,0.2855993321,2505,0.4649698704,0.1603694351
144,1,0,0.2855993321,2507.5,0.464606009,0.1604589921
144,1,0,0.2855993321,2510,0.4642551582,0.1605338595
144,1,0,0.2855993321,2512.5,0.4639084362,0.1605927745
144,1,0,0.2855993321,2515,0.4635612715,0.1606424694
144,1,0,0.2855993321,2517.5,0.463134752,0.1607157006
144,1,0,0.2855993321,2520,0.4626668851,0.1608504095
144,1,0,0.2855993321,2522.5,0.4622795738,0.1609419433
144,1,0,0.2855993321,2525,0.4618896755,0.1610382811
144,1,0,0.2855993321,2527.5,0.4613968135,0.1611644667
144,1,0,0.2855993321,2530,0.460907934,0.161313428
144,1,0,0.2855993321,2532.5,0.4603644599,0.1614435882
144,1,0,0.2855993321,2535,0.4598119255,0.1615738488
144,1,0,0.2855993321,2537.5,0.4593530752,0.1616469986
144,1,0,0.2855993321,2540,0.4589109248,0.1616800076
144,1,0,0.2855993321,2542.5,0.4584944174,0.1617091507
144,1,0,0.2855993321,2545,0.4580495558,0.1617701965
144,1,0,0.2855993321,2547.5,0.4576606034,0.1618125618
144,1,0,0.2855993321,2550,0.45728246,0.1618590636
144,1,0,0.2855993321,2552.5,0.4569768442,0.1618528384
144,1,0,0.2855993321,2555,0.4567223031,0.1618269791
144,1,0,0.2855993321,2557.5,0.4564486369,0.1618160662
144,1,0,0.2855993321,2560,0.4561966506,0.1617786322
144,1,0,0.2855993321,2562.5,0.4559897189,0.1617494782
144,1,0,0.2855993321,2565,0.4556618209,0.1617782454
144,1,0,0.2855993321,2567.5,0.4552758843,0.1618105255
144,1,0,0.2855993321,2570,0.4549823382,0.161812471
144,1,0,0.2855993321,2572.5,0.4546553364,0.1618658913
144,1,0,0.2855993321,2575,0.4543180334,0.1619217379
144,1,0,0.2855993321,2577.5,0.4539698067,0.1619984695
144,1,0,0.2855993321,2580,0.4535563575,0.1620939856
144,1,0,0.2855993321,2582.5,0.4532476155,0.1621371325
144,1,0,0.2855993321,2585,0.4528405093,0.1622044671
144,1,0,0.2855993321,2587.5,0.452423302,0.1622932205
144,1,0,0.2855993321,2590,0.4520832084,0.1623537441
144,1,0,0.2855993321,2592.5,0.4517358766,0.1624179018
144,1,0,0.2855993321,2595,0.4513877181,0.1624891048
144,1,0,0.2855993321,2597.5,0.4509578488,0.1626005939
144,1,0,0.2855993321,2600,0.4505438344,0.1627059161
144,1,0,0.2855993321,2602.5,0.450128041,0.1627798304
144,1,0,0.2855993321,2605,0.4497354028,0.1628683516
144,1,0,0.2855993321,2607.5,0.4493868741,0.1629031298
144,1,0,0.2855993321,2610,0.4489971531,0.1629958433
144,1,0,0.2855993321,2612.5,0.4486364072,0.1630485437
144,1,0,0.2855993321,2615,0.4482401974,0.1631301515
144,1,0,0.2855993321,2617.5,0.4478616268,0.163179052
144,1,0,0.2855993321,2620,0.4474518342,0.1632325455
144,1,0,0.2855993321,2622.5,0.4471578206,0.1632548947
144,1,0,0.2855993321,2625,0.4468331602,0.163295568
144,1,0,0.2855993321,2627.5,0.4465428614,0.1633489831
144,1,0,0.2855993321,2630,0.4463287877,0.1633791659
144,1,0,0.2855993321,2632.5,0.4460861706,0.1634433926
144,1,0,0.2855993321,2635,0.4458081304,0.1635147554
144,1,0,0.2855993321,2637.5,0.4455338353,0.1635649329
144,1,0,0.2855993321,2640,0.4452770858,0.1635914412
144,1,0,0.2855993321,2642.5,0.4450059343,0.1636190099
144,1,0,0.2855993321,2645,0.4447871744,0.163608292
144,1,0,0.2855993321,2647.5,0.4445674052,0.163584105
144,1,0,0.2855993321,2650,0.4443423903,0.1635467514
144,1,0,0.2855993321,2652.5,0.4441403955,0.1634968661
144,1,0,0.2855993321,2655,0.4439609151,0.163414827
144,1,0,0.2855993321,2657.5,0.4437203505,0.1633644926
144,1,0,0.2855993321,2660,0.4435199772,0.1632965194
144,1,0,0.2855993321,2662.5,0.4433090977,0.1632069901
144,1,0,0.2855993321,2665,0.443065472,0.1631241485
144,1,0,0.2855993321,2667.5,0.4427696532,0.1630645673
144,1,0,0.2855993321,2670,0.4424706771,0.1630358899
144,1,0,0.2855993321,2672.5,0.4422982204,0.1628940323
144,1,0,0.2855993321,2675,0.4420777303,0.1627759245
144,1,0,0.2855993321,2677.5,0.4417641376,0.1627032511
144,1,0,0.2855993321,2680,0.4415029914,0.1626475474
144,1,0,0.2855993321,2682.5,0.4413158516,0.162533472
144,1,0,0.2855993321,2685,0.4410500692,0.1624454787
144,1,0,0.2855993321,2687.5,0.4408497364,0.1622969548
144,1,0,0.2855993321,2690,0.4405616459,0.162205399
144,1,0,0.2855993321,2692.5,0.4402631545,0.1621380893
144,1,0,0.2855993321,2695,0.4399749671,0.1620753797
144,1,0,0.2855993321,2697.5,0.439695352,0.162025338
144,1,0,0.2855993321,2700,0.4393394007,0.1620091684
144,1,0,0.2855993321,2702.5,0.4390736786,0.161927278
144,1,0,0.2855993321,2705,0.438755694,0.1618901406
144,1,0,0.2855993321,2707.5,0.4383639627,0.1618255756
144,1,0,0.2855993321,2710,0.4380120558,0.1617404352
144,1,0,0.2855993321,2712.5,0.437651511,0.1616849152
144,1,0,0.2855993321,2715,0.437243377,0.1616991642
144,1,0,0.2855993321,2717.5,0.4368409378,0.1617084448
144,1,0,0.2855993321,2720,0.4364541304,0.1617076311
144,1,0,0.2855993321,2722.5,0.4360618076,0.1616985674
144,1,0,0.2855993321,2725,0.4358095833,0.1616248925
144,1,0,0.2855993321,2727.5,0.4355006039,0.1615862665
144,1,0,0.2855993321,2730,0.4351794394,0.1615386008
144,1,0,0.2855993321,2732.5,0.4348210587,0.1614874243
144,1,0,0.2855993321,2735,0.4343924744,0.161436103
144,1,0,0.2855993321,2737.5,0.4338897491,0.1613723731
144,1,0,0.2855993321,2740,0.4334337779,0.1612920259
144,1,0,0.2855993321,2742.5,0.4330703352,0.1611874422
144,1,0,0.2855993321,2745,0.4326504079,0.1611109916
144,1,0,0.2855993321,2747.5,0.4323055095,0.1610188256
144,1,0,0.2855993321,2750,0.431957015,0.160975054
144,1,0,0.2855993321,2752.5,0.4314912405,0.160997371
144,1,0,0.2855993321,2755,0.4310818208,0.1609987965
144,1,0,0.2855993321,2757.5,0.4307061653,0.1609848631
144,1,0,0.2855993321,2760,0.4302297373,0.1609814452
144,1,0,0.2855993321,2762.5,0.429769697,0.1609813705
144,1,0,0.2855993321,2765,0.4293711139,0.1609559165
144,1,0,0.2855993321,2767.5,0.4288774918,0.1610048365
144,1,0,0.2855993321,2770,0.4284031998,0.1610350803
144,1,0,0.2855993321,2772.5,0.4279714931,0.1610238271
144,1,0,0.2855993321,2775,0.4275766199,0.160985684
144,1,0,0.2855993321,2777.5,0.4271216284,0.1609544149
144,1,0,0.2855993321,2780,0.426774907,0.1608806547
144,1,0,0.2855993321,2782.5,0.4264753614,0.1607714644
144,1,0,0.2855993321,2785,0.4261066159,0.1607306189
144,1,0,0.2855993321,2787.5,0.4257009871,0.1606679634
144,1,0,0.2855993321,2790,0.4252343695,0.1606990978
144,1,0,0.2855993321,2792.5,0.4247362342,0.1607472239
144,1,0,0.2855993321,2795,0.4243261003,0.1607259432
144,1,0,0.2855993321,2797.5,0.4238508239,0.1607085079
144,1,0,0.2855993321,2800,0.4233316377,0.1607132416
144,1,0,0.2855993321,2802.5,0.4227663652,0.1607404387
144,1,0,0.2855993321,2805,0.4222232205,0.1607757959
144,1,0,0.2855993321,2807.5,0.4216565122,0.160826776
144,1,0,0.2855993321,2810,0.4211067902,0.1608995025
144,1,0,0.2855993321,2812.5,0.4205972697,0.1609172888
144,1,0,0.2855993321,2815,0.420023769,0.1609766155
144,1,0,0.2855993321,2817.5,0.419383975,0.1610705148
144,1,0,0.2855993321,2820,0.4187702458,0.1611371004
144,1,0,0.2855993321,2822.5,0.4181506106,0.1612215725
144,1,0,0.2855993321,2825,0.4175792369,0.1612842593
144,1,0,0.2855993321,2827.5,0.4170054545,0.1613138117
144,1,0,0.2855993321,2830,0.4164756952,0.1613189197
144,1,0,0.2855993321,2832.5,0.4159427763,0.1613492452
144,1,0,0.2855993321,2835,0.4154008734,0.1613860725
144,1,0,0.2855993321,2837.5,0.4148066214,0.1613992891
144,1,0,0.2855993321,2840,0.4141879314,0.1614083957
144,1,0,0.2855993321,2842.5,0.4136055893,0.1613981359
144,1,0,0.2855993321,2845,0.4130341776,0.1613781476
144,1,0,0.2855993321,2847.5,0.4124616068,0.1613821929
144,1,0,0.2855993321,2850,0.4119535742,0.1613215063
144,1,0,0.2855993321,2852.5,0.4114870747,0.1612731103
144,1,0,0.2855993321,2855,0.4109364091,0.1612953512
144,1,0,0.2855993321,2857.5,0.4103844093,0.161293282
144,1,0,0.2855993321,2860,0.4097646699,0.1613105737
144,1,0,0.2855993321,2862.5,0.4091565158,0.1613321278
144,1,0,0.2855993321,2865,0.4085345116,0.1613408398
144,1,0,0.2855993321,2867.5,0.4078943603,0.1613960735
144,1,0,0.2855993321,2870,0.4072491104,0.1614518718
144,1,0,0.2855993321,2872.5,0.4067328744,0.1614139062
144,1,0,0.2855993321,2875,0.4061394335,0.1614437397
144,1,0,0.2855993321,2877.5,0.4055674507,0.1614399637
144,1,0,0.2855993321,2880,0.4050206633,0.1614178383
144,1,0,0.2855993321,2882.5,0.4043997975,0.1614174278
144,1,0,0.2855993321,2885,0.4037764984,0.1614377618
144,1,0,0.2855993321,2887.5,0.4031254142,0.1614788659
144,1,0,0.2855993321,2890,0.4026126943,0.1614420205
144,1,0,0.2855993321,2892.5,0.4019916461,0.1614544185
144,1,0,0.2855993321,2895,0.4013803208,0.1614388774
144,1,0,0.2855993321,2897.5,0.4008278524,0.1614257167
144,1,0,0.2855993321,2900,0.4002797495,0.161413621
144,1,0,0.2855993321,2902.5,0.3997701456,0.161351199
144,1,0,0.2855993321,2905,0.3992141948,0.1613452784
144,1,0,0.2855993321,2907.5,0.3987265135,0.1613138552
144,1,0,0.2855993321,2910,0.3982268085,0.1612757908
144,1,0,0.2855993321,2912.5,0.3978908458,0.1612024748
144,1,0,0.2855993321,2915,0.3976449072,0.1610645699
144,1,0,0.2855993321,2917.5,0.3973489978,0.1609538216
144,1,0,0.2855993321,2920,0.3970342121,0.1608333654
144,1,0,0.2855993321,2922.5,0.3966894609,0.1607660676
144,1,0,0.2855993321,2925,0.3962620186,0.160710973
144,1,0,0.2855993321,2927.5,0.3958403365,0.1606553151
144,1,0,0.2855993321,2930,0.3955172131,0.1605658527
144,1,0,0.2855993321,2932.5,0.3952484541,0.1604841743
144,1,0,0.2855993321,2935,0.3949322784,0.1603815709
144,1,0,0.2855993321,2937.5,0.394619433,0.1602625638
144,1,0,0.2855993321,2940,0.3942939026,0.1601302696
144,1,0,0.2855993321,2942.5,0.393968578,0.1599767886
144,1,0,0.2855993321,2945,0.3936901488,0.1598175026
144,1,0,0.2855993321,2947.5,0.393402883,0.1596649844
144,1,0,0.2855993321,2950,0.3931177164,0.1594916444
144,1,0,0.2855993321,2952.5,0.39281272,0.1593099131
144,1,0,0.2855993321,2955,0.3924568666,0.1591567862
144,1,0,0.2855993321,2957.5,0.3920585383,0.15906594
144,1,0,0.2855993321,2960,0.3916688744,0.1589981996
144,1,0,0.2855993321,2962.5,0.3913007369,0.1589068428
144,1,0,0.2855993321,2965,0.390903327,0.1588447711
144,1,0,0.2855993321,2967.5,0.3905860509,0.1587559129
144,1,0,0.2855993321,2970,0.3902090004,0.1586840067
144,1,0,0.2855993321,2972.5,0.3898662493,0.1585753249
144,1,0,0.2855993321,2975,0.3894611726,0.1584925174
144,1,0,0.2855993321,2977.5,0.3891432941,0.1583441791
144,1,0,0.2855993321,2980,0.3888188125,0.1582242821
144,1,0,0.2855993321,2982.5,0.3884906222,0.1581339769
144,1,0,0.2855993321,2985,0.3881187264,0.1580263514
144,1,0,0.2855993321,2987.5,0.3878161514,0.1578557928
144,1,0,0.2855993321,2990,0.3874837165,0.1577030605
144,1,0,0.2855993321,2992.5,0.3871212729,0.1575478761
144,1,0,0.2855993321,2995,0.3867026765,0.1574110444
144,1,0,0.2855993321,2997.5,0.3863176715,0.1572602159
144,1,0,0.2855993321,3000,0.3858967089,0.1571384831
144,1,0,0.2855993321,3002.5,0.3854782452,0.1570150625
144,1,0,0.2855993321,3005,0.3850750401,0.1568942163
144,1,0,0.2855993321,3007.5,0.384650594,0.1567886402
144,1,0,0.2855993321,3010,0.3841957206,0.1566828485
144,1,0,0.2855993321,3012.5,0.3837530233,0.1565924214
144,1,0,0.2855993321,3015,0.3832894789,0.1565110766
144,1,0,0.2855993321,3017.5,0.382845197,0.1564248812
144,1,0,0.2855993321,3020,0.3823994304,0.1563235984
144,1,0,0.2855993321,3022.5,0.3818988206,0.1562392054
144,1,0,0.2855993321,3025,0.3815306947,0.1561266445
144,1,0,0.2855993321,3027.5,0.3811138601,0.1560139009
144,1,0,0.2855993321,3030,0.3807324075,0.1559160497
144,1,0,0.2855993321,3032.5,0.3803423571,0.1557829455
144,1,0,0.2855993321,3035,0.3799407066,0.1556894309
144,1,0,0.2855993321,3037.5,0.3796967572,0.1555308537
144,1,0,0.2855993321,3040,0.3793877515,0.1554343747
144,1,0,0.2855993321,3042.5,0.3791219418,0.1552977453
144,1,0,0.2855993321,3045,0.3787345464,0.1552214001
144,1,0,0.2855993321,3047.5,0.3783674583,0.1551106809
144,1,0,0.2855993321,3050,0.3779322089,0.1550571035
144,1,0,0.2855993321,3052.5,0.3775946534,0.1549971546
144,1,0,0.2855993321,3055,0.3772248907,0.1548928467
144,1,0,0.2855993321,3057.5,0.3768588317,0.1548074665
144,1,0,0.2855993321,3060,0.3765432197,0.1547001651
144,1,0,0.2855993321,3062.5,0.3761512718,0.1546513789
144,1,0,0.2855993321,3065,0.3757812184,0.1545984609
144,1,0,0.2855993321,3067.5,0.3753768182,0.1545573572
144,1,0,0.2855993321,3070,0.3750269117,0.1545029618
144,1,0,0.2855993321,3072.5,0.3747880859,0.1543825121
144,1,0,0.2855993321,3075,0.3745075894,0.1542711529
144,1,0,0.2855993321,3077.5,0.3741853868,0.154178597
144,1,0,0.2855993321,3080,0.3739338316,0.1540490227
144,1,0,0.2855993321,3082.5,0.3735977619,0.1539946127
144,1,0,0.2855993321,3085,0.3732625897,0.1539078693
144,1,0,0.2855993321,3087.5,0.3729765176,0.1538209119
144,1,0,0.2855993321,3090,0.3726871434,0.1537039604
144,1,0,0.2855993321,3092.5,0.3723814974,0.1536165118
144,1,0,0.2855993321,3095,0.3720772207,0.153540548
144,1,0,0.2855993321,3097.5,0.3717480855,0.153439767
144,1,0,0.2855993321,3100,0.3714155005,0.1533278751
144,1,0,0.2855993321,3102.5,0.3710154536,0.1532602225
144,1,0,0.2855993321,3105,0.3706745831,0.153132872
144,1,0,0.2855993321,3107.5,0.3703602256,0.1529897846
144,1,0,0.2855993321,3110,0.370083785,0.1528192333
144,1,0,0.2855993321,3112.5,0.3698501639,0.1526729762
144,1,0,0.2855993321,3115,0.3696589305,0.1524897209
144,1,0,0.2855993321,3117.5,0.3695117413,0.1523118809
144,1,0,0.2855993321,3120,0.3693185085,0.1521483309
144,1,0,0.2855993321,3122.5,0.369101284,0.1519572029
144,0.95,0.05,0.2855993321,0,1,0
144,0.95,0.05,0.2855993321,2.5,0.997361355,0.0006562727503
144,0.95,0.05,0.2855993321,5,0.9952711995,0.001185739502
144,0.95,0.05,0.2855993321,7.5,0.9934585443,0.001654073763
144,0.95,0.05,0.2855993321,10,0.9918098455,0.002067031324
144,0.95,0.05,0.2855993321,12.5,0.9902806409,0.002461021244
144,0.95,0.05,0.2855993321,15,0.9888714425,0.002829268013
144,0.95,0.05,0.2855993321,17.5,0.9875011427,0.003187468239
144,0.95,0.05,0.2855993321,20,0.986151291,0.003538472958
144,0.95,0.05,0.2855993321,22.5,0.9848732734,0.003874514983
144,0.95,0.05,0.2855993321,25,0.9836439589,0.004198454591
144,0.95,0.05,0.2855993321,27.5,0.9824327652,0.004521120101
144,0.95,0.05,0.2855993321,30,0.981257064,0.004842569213
144,0.95,0.05,0.2855993321,32.5,0.980165197,0.005124225376
144,0.95,0.05,0.2855993321,35,0.9790545401,0.005421811012
144,0.95,0.05,0.2855993321,37.5,0.977987304,0.00570986378
144,0.95,0.05,0.2855993321,40,0.9769441074,0.005976277447
144,0.95,0.05,0.2855993321,42.5,0.9758997912,0.006262842416
144,0.95,0.05,0.2855993321,45,0.9748747888,0.006540382322
144,0.95,0.05,0.2855993321,47.5,0.9738508497,0.006814106748
144,0.95,0.05,0.2855993321,50,0.972852552,0.00708945207
144,0.95,0.05,0.2855993321,52.5,0.9718754441,0.007365402634
144,0.95,0.05,0.2855993321,55,0.9709134386,0.007614761384
144,0.95,0.05,0.2855993321,57.5,0.9699726984,0.007869176185
144,0.95,0.05,0.2855993321,60,0.9690374232,0.008122006969
144,0.95,0.05,0.2855993321,62.5,0.9681515782,0.008350415888
144,0.95,0.05,0.2855993321,65,0.9673019322,0.008567435888
144,0.95,0.05,0.2855993321,67.5,0.9664607023,0.008771285746
144,0.95,0.05,0.2855993321,70,0.9656304397,0.008974635685
144,0.95,0.05,0.2855993321,72.5,0.964794626,0.009198015828
144,0.95,0.05,0.2855993321,75,0.9639561874,0.009442871014
144,0.95,0.05,0.2855993321,77.5,0.9630812951,0.009700237418
144,0.95,0.05,0.2855993321,80,0.962188226,0.009935680315
144,0.95,0.05,0.2855993321,82.5,0.9613107137,0.01019589678
144,0.95,0.05,0.2855993321,85,0.9604249248,0.01046459647
144,0.95,0.05,0.2855993321,87.5,0.9595838084,0.01070696644
144,0.95,0.05,0.2855993321,90,0.9587277546,0.010956541
144,0.95,0.05,0.2855993321,92.5,0.9578670055,0.01120844582
144,0.95,0.05,0.2855993321,95,0.9570451816,0.01144107539
144,0.95,0.05,0.2855993321,97.5,0.9562186219,0.01166131181
144,0.95,0.05,0.2855993321,100,0.9554224491,0.01188113477
144,0.95,0.05,0.2855993321,102.5,0.9546229587,0.01210021917
144,0.95,0.05,0.2855993321,105,0.9537869504,0.01232040075
144,0.95,0.05,0.2855993321,107.5,0.9529680153,0.01250740422
144,0.95,0.05,0.2855993321,110,0.9521457991,0.0126836219
144,0.95,0.05,0.2855993321,112.5,0.9512978885,0.01287971205
144,0.95,0.05,0.2855993321,115,0.9504806646,0.01306627075
144,0.95,0.05,0.2855993321,117.5,0.9496598773,0.01326014206
144,0.95,0.05,0.2855993321,120,0.94886243,0.0134571765
144,0.95,0.05,0.2855993321,122.5,0.9480389685,0.01366784191
144,0.95,0.05,0.2855993321,125,0.9472551164,0.01386132365
144,0.95,0.05,0.2855993321,127.5,0.9464481188,0.01405445978
144,0.95,0.05,0.2855993321,130,0.9456537908,0.01425074883
144,0.95,0.05,0.2855993321,132.5,0.9448782485,0.01443698342
144,0.95,0.05,0.2855993321,135,0.9441336123,0.01459922896
144,0.95,0.05,0.2855993321,137.5,0.9433669661,0.01477035594
144,0.95,0.05,0.2855993321,140,0.942579073,0.01494294752
144,0.95,0.05,0.2855993321,142.5,0.9418116193,0.01510123568
144,0.95,0.05,0.2855993321,145,0.9410353165,0.01527215583
144,0.95,0.05,0.2855993321,147.5,0.9402188255,0.01545954212
144,0.95,0.05,0.2855993321,150,0.9394232259,0.01564432621
144,0.95,0.05,0.2855993321,152.5,0.9386339331,0.01582841299
144,0.95,0.05,0.2855993321,155,0.9378550175,0.01602208997
144,0.95,0.05,0.2855993321,157.5,0.9370326067,0.01620899422
144,0.95,0.05,0.2855993321,160,0.9362060583,0.01640368971
144,0.95,0.05,0.2855993321,162.5,0.9354119123,0.01661036707
144,0.95,0.05,0.2855993321,165,0.9346040924,0.01681436362
144,0.95,0.05,0.2855993321,167.5,0.9337811869,0.01702178381
144,0.95,0.05,0.2855993321,170,0.9329492672,0.01723161828
144,0.95,0.05,0.2855993321,172.5,0.9320969591,0.01744830794
144,0.95,0.05,0.2855993321,175,0.9312612172,0.01766223858
144,0.95,0.05,0.2855993321,177.5,0.9304051268,0.01787605889
144,0.95,0.05,0.2855993321,180,0.929569896,0.01807050868
144,0.95,0.05,0.2855993321,182.5,0.9287343338,0.01826422479
144,0.95,0.05,0.2855993321,185,0.9279012996,0.01847393753
144,0.95,0.05,0.2855993321,187.5,0.9271043991,0.01867872002
144,0.95,0.05,0.2855993321,190,0.9263379886,0.01888900846
144,0.95,0.05,0.2855993321,192.5,0.925577562,0.0190911523
144,0.95,0.05,0.2855993321,195,0.9248150716,0.01930226457
144,0.95,0.05,0.2855993321,197.5,0.9240898167,0.01949934408
144,0.95,0.05,0.2855993321,200,0.9233880929,0.01969083613
144,0.95,0.05,0.2855993321,202.5,0.9226856011,0.0198710586
144,0.95,0.05,0.2855993321,205,0.9219493424,0.02006280299
144,0.95,0.05,0.2855993321,207.5,0.9212457879,0.02023919288
144,0.95,0.05,0.2855993321,210,0.920552829,0.02042160443
144,0.95,0.05,0.2855993321,212.5,0.9198218439,0.02062993673
144,0.95,0.05,0.2855993321,215,0.9190941239,0.02084420873
144,0.95,0.05,0.2855993321,217.5,0.9184045665,0.02104166447
144,0.95,0.05,0.2855993321,220,0.9176859389,0.02125574473
144,0.95,0.05,0.2855993321,222.5,0.916945681,0.02148474551
144,0.95,0.05,0.2855993321,225,0.9162113942,0.02170272972
144,0.95,0.05,0.2855993321,227.5,0.9154778486,0.02191822568
144,0.95,0.05,0.2855993321,230,0.9147461647,0.02212555359
144,0.95,0.05,0.2855993321,232.5,0.9139854401,0.02234763138
144,0.95,0.05,0.2855993321,235,0.9132269368,0.02257842112
144,0.95,0.05,0.2855993321,237.5,0.9125037319,0.02280603332
144,0.95,0.05,0.2855993321,240,0.9117312957,0.02305828131
144,0.95,0.05,0.2855993321,242.5,0.9109373048,0.02331699895
144,0.95,0.05,0.2855993321,245,0.9101097244,0.02360454765
144,0.95,0.05,0.2855993321,247.5,0.9092858187,0.02388095384
144,0.95,0.05,0.2855993321,250,0.9085271898,0.02414225574
144,0.95,0.05,0.2855993321,252.5,0.9077839825,0.02439358221
144,0.95,0.05,0.2855993321,255,0.9070526273,0.02462603171
144,0.95,0.05,0.2855993321,257.5,0.9063453396,0.02483479921
144,0.95,0.05,0.2855993321,260,0.9055952126,0.02506490542
144,0.95,0.05,0.2855993321,262.5,0.9048397899,0.025297354
144,0.95,0.05,0.2855993321,265,0.9040944298,0.02552186481
144,0.95,0.05,0.2855993321,267.5,0.9033493515,0.02574691345
144,0.95,0.05,0.2855993321,270,0.9026011748,0.02596575064
144,0.95,0.05,0.2855993321,272.5,0.9018396909,0.02619604592
144,0.95,0.05,0.2855993321,275,0.9010634113,0.0264316504
144,0.95,0.05,0.2855993321,277.5,0.9002937794,0.02665118488
144,0.95,0.05,0.2855993321,280,0.899554398,0.02686557634
144,0.95,0.05,0.2855993321,282.5,0.8988033803,0.02706411988
144,0.95,0.05,0.2855993321,285,0.898086508,0.02725243912
144,0.95,0.05,0.2855993321,287.5,0.8973225265,0.02748283451
144,0.95,0.05,0.2855993321,290,0.8965402063,0.02772085072
144,0.95,0.05,0.2855993321,292.5,0.8957410728,0.02796609763
144,0.95,0.05,0.2855993321,295,0.8949770563,0.02818511504
144,0.95,0.05,0.2855993321,297.5,0.8942250915,0.02839477696
144,0.95,0.05,0.2855993321,300,0.8934486049,0.02861027331
144,0.95,0.05,0.2855993321,302.5,0.8926527451,0.02883990403
144,0.95,0.05,0.2855993321,305,0.8917974111,0.02908763132
144,0.95,0.05,0.2855993321,307.5,0.890956079,0.02932785688
144,0.95,0.05,0.2855993321,310,0.8901535296,0.02955802757
144,0.95,0.05,0.2855993321,312.5,0.8893734685,0.02977694258
144,0.95,0.05,0.2855993321,315,0.8885962296,0.03000825208
144,0.95,0.05,0.2855993321,317.5,0.8878488913,0.03022795398
144,0.95,0.05,0.2855993321,320,0.8871358101,0.03042127888
144,0.95,0.05,0.2855993321,322.5,0.8863959726,0.03063864494
144,0.95,0.05,0.2855993321,325,0.8856677835,0.03084697167
144,0.95,0.05,0.2855993321,327.5,0.884976237,0.03103771719
144,0.95,0.05,0.2855993321,330,0.8842739521,0.03124819676
144,0.95,0.05,0.2855993321,332.5,0.8835622346,0.0314544521
144,0.95,0.05,0.2855993321,335,0.8828110639,0.03168073815
144,0.95,0.05,0.2855993321,337.5,0.8820572361,0.03190225528
144,0.95,0.05,0.2855993321,340,0.8813327503,0.03211479044
144,0.95,0.05,0.2855993321,342.5,0.8805721145,0.03233588632
144,0.95,0.05,0.2855993321,345,0.8798132329,0.03255807033
144,0.95,0.05,0.2855993321,347.5,0.8790226195,0.03280487772
144,0.95,0.05,0.2855993321,350,0.8782408697,0.03302100185
144,0.95,0.05,0.2855993321,352.5,0.8775310422,0.03320731957
144,0.95,0.05,0.2855993321,355,0.8767941059,0.03341043626
144,0.95,0.05,0.2855993321,357.5,0.8760623333,0.03360236481
144,0.95,0.05,0.2855993321,360,0.8753493069,0.03379377838
144,0.95,0.05,0.2855993321,362.5,0.8746211366,0.03399501432
144,0.95,0.05,0.2855993321,365,0.8739141464,0.03418994921
144,0.95,0.05,0.2855993321,367.5,0.8731420011,0.03441376784
144,0.95,0.05,0.2855993321,370,0.8723740808,0.03463640094
144,0.95,0.05,0.2855993321,372.5,0.8716035071,0.03487245983
144,0.95,0.05,0.2855993321,375,0.8708488995,0.03510049979
144,0.95,0.05,0.2855993321,377.5,0.8701092836,0.03531548195
144,0.95,0.05,0.2855993321,380,0.8693185392,0.03555817863
144,0.95,0.05,0.2855993321,382.5,0.8685728668,0.03576729267
144,0.95,0.05,0.2855993321,385,0.8678293762,0.03599338676
144,0.95,0.05,0.2855993321,387.5,0.8670401953,0.03624791028
144,0.95,0.05,0.2855993321,390,0.8662585469,0.03651321046
144,0.95,0.05,0.2855993321,392.5,0.8655007902,0.0367612533
144,0.95,0.05,0.2855993321,395,0.8647685138,0.03698169723
144,0.95,0.05,0.2855993321,397.5,0.8640596925,0.03720712416
144,0.95,0.05,0.2855993321,400,0.8633201757,0.03745717596
144,0.95,0.05,0.2855993321,402.5,0.8625538804,0.03772474906
144,0.95,0.05,0.2855993321,405,0.8618043999,0.03797933042
144,0.95,0.05,0.2855993321,407.5,0.8610578435,0.03822978684
144,0.95,0.05,0.2855993321,410,0.8602757223,0.03847624527
144,0.95,0.05,0.2855993321,412.5,0.8595101659,0.0387116108
144,0.95,0.05,0.2855993321,415,0.8587167864,0.03897668301
144,0.95,0.05,0.2855993321,417.5,0.8579005974,0.03923714101
144,0.95,0.05,0.2855993321,420,0.8570892058,0.039476919
144,0.95,0.05,0.2855993321,422.5,0.8562288081,0.0397345792
144,0.95,0.05,0.2855993321,425,0.8554217245,0.03997344586
144,0.95,0.05,0.2855993321,427.5,0.8546367794,0.04021272411
144,0.95,0.05,0.2855993321,430,0.8539117329,0.04042307462
144,0.95,0.05,0.2855993321,432.5,0.8531428461,0.04064988245
144,0.95,0.05,0.2855993321,435,0.8523745553,0.04087738343
144,0.95,0.05,0.2855993321,437.5,0.8516178179,0.04110712831
144,0.95,0.05,0.2855993321,440,0.8508602968,0.04134798393
144,0.95,0.05,0.2855993321,442.5,0.8500860098,0.04160536875
144,0.95,0.05,0.2855993321,445,0.8493077992,0.04187252403
144,0.95,0.05,0.2855993321,447.5,0.8485807651,0.04210311739
144,0.95,0.05,0.2855993321,450,0.8478409281,0.04234918445
144,0.95,0.05,0.2855993321,452.5,0.8471332262,0.04257236721
144,0.95,0.05,0.2855993321,455,0.8464409172,0.04279095747
144,0.95,0.05,0.2855993321,457.5,0.8457115051,0.04302406326
144,0.95,0.05,0.2855993321,460,0.845012465,0.04325091606
144,0.95,0.05,0.2855993321,462.5,0.8443284159,0.04346254681
144,0.95,0.05,0.2855993321,465,0.8436611523,0.04368059923
144,0.95,0.05,0.2855993321,467.5,0.8430014397,0.04390211471
144,0.95,0.05,0.2855993321,470,0.8423360281,0.04411546462
144,0.95,0.05,0.2855993321,472.5,0.8416749074,0.04434325016
144,0.95,0.05,0.2855993321,475,0.8410006183,0.04455618875
144,0.95,0.05,0.2855993321,477.5,0.8402902685,0.04479186553
144,0.95,0.05,0.2855993321,480,0.8396275679,0.04502407804
144,0.95,0.05,0.2855993321,482.5,0.8389293593,0.04528666977
144,0.95,0.05,0.2855993321,485,0.8382796607,0.04553780079
144,0.95,0.05,0.2855993321,487.5,0.8376018452,0.04577507096
144,0.95,0.05,0.2855993321,490,0.836928139,0.04600899585
144,0.95,0.05,0.2855993321,492.5,0.8362875616,0.04622909671
144,0.95,0.05,0.2855993321,495,0.8357046149,0.04643363201
144,0.95,0.05,0.2855993321,497.5,0.8351173831,0.04665053053
144,0.95,0.05,0.2855993321,500,0.8344773881,0.04688988647
144,0.95,0.05,0.2855993321,502.5,0.8338585471,0.0471241159
144,0.95,0.05,0.2855993321,505,0.8332173427,0.04736923546
144,0.95,0.05,0.2855993321,507.5,0.8325727018,0.0476016384
144,0.95,0.05,0.2855993321,510,0.8319255159,0.04782226178
144,0.95,0.05,0.2855993321,512.5,0.8312858914,0.04803356503
144,0.95,0.05,0.2855993321,515,0.8306286205,0.04824727184
144,0.95,0.05,0.2855993321,517.5,0.8299966459,0.04845038499
144,0.95,0.05,0.2855993321,520,0.8294064114,0.04863403176
144,0.95,0.05,0.2855993321,522.5,0.8287618031,0.04882806356
144,0.95,0.05,0.2855993321,525,0.8280784487,0.04905400895
144,0.95,0.05,0.2855993321,527.5,0.8274192684,0.04928556684
144,0.95,0.05,0.2855993321,530,0.8267348633,0.04953553094
144,0.95,0.05,0.2855993321,532.5,0.8260308099,0.04977233461
144,0.95,0.05,0.2855993321,535,0.8252996881,0.05003233493
144,0.95,0.05,0.2855993321,537.5,0.8245949944,0.0502803556
144,0.95,0.05,0.2855993321,540,0.8238653484,0.05054926891
144,0.95,0.05,0.2855993321,542.5,0.823114283,0.05082714119
144,0.95,0.05,0.2855993321,545,0.8223353185,0.05108720348
144,0.95,0.05,0.2855993321,547.5,0.8215608591,0.05136994114
144,0.95,0.05,0.2855993321,550,0.8207975558,0.05166554229
144,0.95,0.05,0.2855993321,552.5,0.8200590944,0.05194444252
144,0.95,0.05,0.2855993321,555,0.8193113685,0.05222603236
144,0.95,0.05,0.2855993321,557.5,0.8185339642,0.05252531237
144,0.95,0.05,0.2855993321,560,0.8177651029,0.05281878906
144,0.95,0.05,0.2855993321,562.5,0.816971187,0.05310637048
144,0.95,0.05,0.2855993321,565,0.8161473394,0.05340785638
144,0.95,0.05,0.2855993321,567.5,0.8153583772,0.05370760212
144,0.95,0.05,0.2855993321,570,0.8145338809,0.05401250963
144,0.95,0.05,0.2855993321,572.5,0.8137461018,0.05431386464
144,0.95,0.05,0.2855993321,575,0.8129361406,0.0546232874
144,0.95,0.05,0.2855993321,577.5,0.8122128062,0.05490199698
144,0.95,0.05,0.2855993321,580,0.8115063867,0.05517290135
144,0.95,0.05,0.2855993321,582.5,0.8108489376,0.05541868421
144,0.95,0.05,0.2855993321,585,0.8101787603,0.0556509227
144,0.95,0.05,0.2855993321,587.5,0.8094991112,0.05589136315
144,0.95,0.05,0.2855993321,590,0.8087858844,0.05615743493
144,0.95,0.05,0.2855993321,592.5,0.8081327381,0.05641044729
144,0.95,0.05,0.2855993321,595,0.8075035829,0.05665345732
144,0.95,0.05,0.2855993321,597.5,0.8068340763,0.05690109138
144,0.95,0.05,0.2855993321,600,0.8061474591,0.05715745067
144,0.95,0.05,0.2855993321,602.5,0.8054771567,0.05743161227
144,0.95,0.05,0.2855993321,605,0.8048215765,0.05771334125
144,0.95,0.05,0.2855993321,607.5,0.8041564291,0.05799560644
144,0.95,0.05,0.2855993321,610,0.8035250258,0.05827043652
144,0.95,0.05,0.2855993321,612.5,0.8028942861,0.05853294472
144,0.95,0.05,0.2855993321,615,0.8022706058,0.05878737447
144,0.95,0.05,0.2855993321,617.5,0.8016310643,0.05906921213
144,0.95,0.05,0.2855993321,620,0.8010347424,0.05933140939
144,0.95,0.05,0.2855993321,622.5,0.8003916451,0.05960965762
144,0.95,0.05,0.2855993321,625,0.7997733932,0.05987965489
144,0.95,0.05,0.2855993321,627.5,0.7991221455,0.06013849104
144,0.95,0.05,0.2855993321,630,0.7984724904,0.06041997072
144,0.95,0.05,0.2855993321,632.5,0.79782935,0.06069782465
144,0.95,0.05,0.2855993321,635,0.7971984186,0.06097218249
144,0.95,0.05,0.2855993321,637.5,0.7965501885,0.06124853516
144,0.95,0.05,0.2855993321,640,0.7958671474,0.06153885784
144,0.95,0.05,0.2855993321,642.5,0.7951714835,0.06182968441
144,0.95,0.05,0.2855993321,645,0.7944350172,0.06213654268
144,0.95,0.05,0.2855993321,647.5,0.7937148686,0.06242768553
144,0.95,0.05,0.2855993321,650,0.7929605226,0.06273754558
144,0.95,0.05,0.2855993321,652.5,0.7921992406,0.06305489922
144,0.95,0.05,0.2855993321,655,0.791464898,0.06335279029
144,0.95,0.05,0.2855993321,657.5,0.7907669626,0.06363576271
144,0.95,0.05,0.2855993321,660,0.7900837714,0.06390761664
144,0.95,0.05,0.2855993321,662.5,0.7893896507,0.0641902363
144,0.95,0.05,0.2855993321,665,0.7886704034,0.06447869902
144,0.95,0.05,0.2855993321,667.5,0.7879586189,0.06476152682
144,0.95,0.05,0.2855993321,670,0.7872656815,0.06503191058
144,0.95,0.05,0.2855993321,672.5,0.7865792202,0.06530324711
144,0.95,0.05,0.2855993321,675,0.7858775107,0.06556679039
144,0.95,0.05,0.2855993321,677.5,0.7851671515,0.06583756654
144,0.95,0.05,0.2855993321,680,0.7844580168,0.06609600292
144,0.95,0.05,0.2855993321,682.5,0.7836983966,0.06639223654
144,0.95,0.05,0.2855993321,685,0.7829740781,0.06669108187
144,0.95,0.05,0.2855993321,687.5,0.7822283254,0.06698379756
144,0.95,0.05,0.2855993321,690,0.781512407,0.06726538279
144,0.95,0.05,0.2855993321,692.5,0.7807749211,0.06755091048
144,0.95,0.05,0.2855993321,695,0.7800514985,0.06782536572
144,0.95,0.05,0.2855993321,697.5,0.7793520964,0.06809985651
144,0.95,0.05,0.2855993321,700,0.778639683,0.06835656503
144,0.95,0.05,0.2855993321,702.5,0.7779261477,0.06862521937
144,0.95,0.05,0.2855993321,705,0.7771959232,0.0689046162
144,0.95,0.05,0.2855993321,707.5,0.7764629771,0.0691831735
144,0.95,0.05,0.2855993321,710,0.7757151482,0.06946961844
144,0.95,0.05,0.2855993321,712.5,0.774980163,0.06975508403
144,0.95,0.05,0.2855993321,715,0.7742747774,0.07003732653
144,0.95,0.05,0.2855993321,717.5,0.7736098972,0.07031181997
144,0.95,0.05,0.2855993321,720,0.7729073726,0.07058777491
144,0.95,0.05,0.2855993321,722.5,0.7722080142,0.07083820709
144,0.95,0.05,0.2855993321,725,0.7715422671,0.07108125475
144,0.95,0.05,0.2855993321,727.5,0.770951083,0.07130782128
144,0.95,0.05,0.2855993321,730,0.7703553918,0.0715452825
144,0.95,0.05,0.2855993321,732.5,0.769749418,0.07179511559
144,0.95,0.05,0.2855993321,735,0.7691280841,0.0720373639
144,0.95,0.05,0.2855993321,737.5,0.7685159616,0.07225895646
144,0.95,0.05,0.2855993321,740,0.7678790822,0.07249082454
144,0.95,0.05,0.2855993321,742.5,0.7672636333,0.07272175486
144,0.95,0.05,0.2855993321,745,0.7666408427,0.07296508792
144,0.95,0.05,0.2855993321,747.5,0.7660551587,0.07318388717
144,0.95,0.05,0.2855993321,750,0.7654628206,0.07342323066
144,0.95,0.05,0.2855993321,752.5,0.7649035621,0.07364358491
144,0.95,0.05,0.2855993321,755,0.7643126613,0.07388191653
144,0.95,0.05,0.2855993321,757.5,0.7637540906,0.07409181159
144,0.95,0.05,0.2855993321,760,0.7631556973,0.07431441972
144,0.95,0.05,0.2855993321,762.5,0.7625541953,0.07453698807
144,0.95,0.05,0.2855993321,765,0.761942002,0.07476547409
144,0.95,0.05,0.2855993321,767.5,0.7613202399,0.07500521349
144,0.95,0.05,0.2855993321,770,0.7607300451,0.07524176911
144,0.95,0.05,0.2855993321,772.5,0.7601382874,0.07547948989
144,0.95,0.05,0.2855993321,775,0.7595318297,0.07572144619
144,0.95,0.05,0.2855993321,777.5,0.7589169726,0.07597105606
144,0.95,0.05,0.2855993321,780,0.7583173133,0.07622232671
144,0.95,0.05,0.2855993321,782.5,0.7577220393,0.07648055792
144,0.95,0.05,0.2855993321,785,0.7570766179,0.07677557935
144,0.95,0.05,0.2855993321,787.5,0.7564243972,0.07706236723
144,0.95,0.05,0.2855993321,790,0.7557560721,0.07735071793
144,0.95,0.05,0.2855993321,792.5,0.7551332427,0.07762023189
144,0.95,0.05,0.2855993321,795,0.7544775756,0.07788047839
144,0.95,0.05,0.2855993321,797.5,0.7538528828,0.0781416118
144,0.95,0.05,0.2855993321,800,0.7532116343,0.0783956701
144,0.95,0.05,0.2855993321,802.5,0.7525533035,0.07863609108
144,0.95,0.05,0.2855993321,805,0.7519363764,0.07887456862
144,0.95,0.05,0.2855993321,807.5,0.7513127664,0.07911087407
144,0.95,0.05,0.2855993321,810,0.7506516741,0.07935507942
144,0.95,0.05,0.2855993321,812.5,0.7499894952,0.07961009023
144,0.95,0.05,0.2855993321,815,0.7493695291,0.0798357078
144,0.95,0.05,0.2855993321,817.5,0.7487881944,0.08007549177
144,0.95,0.05,0.2855993321,820,0.7481769669,0.08031233379
144,0.95,0.05,0.2855993321,822.5,0.7475624695,0.08056397784
144,0.95,0.05,0.2855993321,825,0.7469347481,0.08079168851
144,0.95,0.05,0.2855993321,827.5,0.7463000368,0.08105513808
144,0.95,0.05,0.2855993321,830,0.7456854608,0.08131337187
144,0.95,0.05,0.2855993321,832.5,0.7451000911,0.08154491921
144,0.95,0.05,0.2855993321,835,0.7444820219,0.08178020144
144,0.95,0.05,0.2855993321,837.5,0.7439060795,0.08199889199
144,0.95,0.05,0.2855993321,840,0.7433322464,0.08222230994
144,0.95,0.05,0.2855993321,842.5,0.742703612,0.08248301386
144,0.95,0.05,0.2855993321,845,0.7421340118,0.08271105875
144,0.95,0.05,0.2855993321,847.5,0.7415719654,0.0829413608
144,0.95,0.05,0.2855993321,850,0.7410108437,0.08317148029
144,0.95,0.05,0.2855993321,852.5,0.7404321916,0.08339994028
144,0.95,0.05,0.2855993321,855,0.7398559543,0.08363255598
144,0.95,0.05,0.2855993321,857.5,0.7392593669,0.08388696938
144,0.95,0.05,0.2855993321,860,0.7386671665,0.08413763694
144,0.95,0.05,0.2855993321,862.5,0.7380770434,0.08438487889
144,0.95,0.05,0.2855993321,865,0.7375027377,0.084612539
144,0.95,0.05,0.2855993321,867.5,0.7369452737,0.0848280015
144,0.95,0.05,0.2855993321,870,0.7363480347,0.08506058241
144,0.95,0.05,0.2855993321,872.5,0.7358033684,0.08527318231
144,0.95,0.05,0.2855993321,875,0.7352319208,0.08551862543
144,0.95,0.05,0.2855993321,877.5,0.7346734691,0.08574287563
144,0.95,0.05,0.2855993321,880,0.7341074929,0.08598253991
144,0.95,0.05,0.2855993321,882.5,0.7335709299,0.08621250584
144,0.95,0.05,0.2855993321,885,0.7330133929,0.08643481195
144,0.95,0.05,0.2855993321,887.5,0.7324311795,0.08665910689
144,0.95,0.05,0.2855993321,890,0.7318678345,0.08687839739
144,0.95,0.05,0.2855993321,892.5,0.731312588,0.08708736867
144,0.95,0.05,0.2855993321,895,0.7307647307,0.08728892876
144,0.95,0.05,0.2855993321,897.5,0.7302187606,0.08750260886
144,0.95,0.05,0.2855993321,900,0.7296585688,0.0877125417
144,0.95,0.05,0.2855993321,902.5,0.7290573593,0.08793952058
144,0.95,0.05,0.2855993321,905,0.7284832947,0.08815422514
144,0.95,0.05,0.2855993321,907.5,0.7279009482,0.08837281899
144,0.95,0.05,0.2855993321,910,0.727317253,0.08858927523
144,0.95,0.05,0.2855993321,912.5,0.7267427893,0.08880963117
144,0.95,0.05,0.2855993321,915,0.7261561287,0.08903238803
144,0.95,0.05,0.2855993321,917.5,0.725593882,0.08924416393
144,0.95,0.05,0.2855993321,920,0.7249967641,0.08948971534
144,0.95,0.05,0.2855993321,922.5,0.7243836244,0.08974542454
144,0.95,0.05,0.2855993321,925,0.7237466391,0.08998836554
144,0.95,0.05,0.2855993321,927.5,0.7231087896,0.09023712632
144,0.95,0.05,0.2855993321,930,0.7224749257,0.09049832172
144,0.95,0.05,0.2855993321,932.5,0.7218642745,0.09074928549
144,0.95,0.05,0.2855993321,935,0.7212329481,0.09101917235
144,0.95,0.05,0.2855993321,937.5,0.7205864717,0.0912889899
144,0.95,0.05,0.2855993321,940,0.7199577115,0.09154310137
144,0.95,0.05,0.2855993321,942.5,0.7193626079,0.09182025139
144,0.95,0.05,0.2855993321,945,0.7187563331,0.09209220128
144,0.95,0.05,0.2855993321,947.5,0.7181585148,0.09234065694
144,0.95,0.05,0.2855993321,950,0.7175822136,0.09256968967
144,0.95,0.05,0.2855993321,952.5,0.7169790598,0.09280034526
144,0.95,0.05,0.2855993321,955,0.7164462975,0.09301374239
144,0.95,0.05,0.2855993321,957.5,0.7159656693,0.09321480906
144,0.95,0.05,0.2855993321,960,0.7155099761,0.09341031932
144,0.95,0.05,0.2855993321,962.5,0.7150456033,0.09359196276
144,0.95,0.05,0.2855993321,965,0.7145725208,0.09380180468
144,0.95,0.05,0.2855993321,967.5,0.7141096992,0.09401925164
144,0.95,0.05,0.2855993321,970,0.7136621496,0.09422198842
144,0.95,0.05,0.2855993321,972.5,0.7131955345,0.09442452766
144,0.95,0.05,0.2855993321,975,0.7127071721,0.09463186285
144,0.95,0.05,0.2855993321,977.5,0.7121844517,0.0948526338
144,0.95,0.05,0.2855993321,980,0.7116794435,0.09506131249
144,0.95,0.05,0.2855993321,982.5,0.7111470647,0.09529628963
144,0.95,0.05,0.2855993321,985,0.7106228542,0.09550618147
144,0.95,0.05,0.2855993321,987.5,0.710126384,0.09570460951
144,0.95,0.05,0.2855993321,990,0.7095785184,0.09592417368
144,0.95,0.05,0.2855993321,992.5,0.7090792895,0.09611680473
144,0.95,0.05,0.2855993321,995,0.7085732117,0.09632246102
144,0.95,0.05,0.2855993321,997.5,0.70810374,0.09651510489
144,0.95,0.05,0.2855993321,1000,0.7076599804,0.09669273982
144,0.95,0.05,0.2855993321,1002.5,0.707155162,0.09690570317
144,0.95,0.05,0.2855993321,1005,0.7066603412,0.09713666813
144,0.95,0.05,0.2855993321,1007.5,0.7061572157,0.09734623557
144,0.95,0.05,0.2855993321,1010,0.7056173864,0.09759844222
144,0.95,0.05,0.2855993321,1012.5,0.7051167076,0.09783537805
144,0.95,0.05,0.2855993321,1015,0.7046243874,0.0980733624
144,0.95,0.05,0.2855993321,1017.5,0.7041354616,0.09831666031
144,0.95,0.05,0.2855993321,1020,0.7036713047,0.09854806235
144,0.95,0.05,0.2855993321,1022.5,0.703174414,0.0987877847
144,0.95,0.05,0.2855993321,1025,0.7026968368,0.098993678
144,0.95,0.05,0.2855993321,1027.5,0.702207132,0.09922979923
144,0.95,0.05,0.2855993321,1030,0.701764429,0.09943359699
144,0.95,0.05,0.2855993321,1032.5,0.70131131,0.0996269659
144,0.95,0.05,0.2855993321,1035,0.7008181651,0.09984978794
144,0.95,0.05,0.2855993321,1037.5,0.7003669397,0.1000631845
144,0.95,0.05,0.2855993321,1040,0.6999295835,0.1002698559
144,0.95,0.05,0.2855993321,1042.5,0.6995081922,0.1004734473
144,0.95,0.05,0.2855993321,1045,0.6991356333,0.1006697373
144,0.95,0.05,0.2855993321,1047.5,0.698783797,0.1008421557
144,0.95,0.05,0.2855993321,1050,0.6984034237,0.1010440531
144,0.95,0.05,0.2855993321,1052.5,0.698084075,0.1012255789
144,0.95,0.05,0.2855993321,1055,0.6977193144,0.1014315242
144,0.95,0.05,0.2855993321,1057.5,0.6973578071,0.1016450942
144,0.95,0.05,0.2855993321,1060,0.6969976447,0.1018364505
144,0.95,0.05,0.2855993321,1062.5,0.696649792,0.1020586321
144,0.95,0.05,0.2855993321,1065,0.6962819271,0.1022952329
144,0.95,0.05,0.2855993321,1067.5,0.6958816618,0.1025217246
144,0.95,0.05,0.2855993321,1070,0.6955030394,0.1027465392
144,0.95,0.05,0.2855993321,1072.5,0.6951113073,0.1029492466
144,0.95,0.05,0.2855993321,1075,0.6947283641,0.103147999
144,0.95,0.05,0.2855993321,1077.5,0.6943619235,0.1033296744
144,0.95,0.05,0.2855993321,1080,0.6939612492,0.1035420357
144,0.95,0.05,0.2855993321,1082.5,0.6935469793,0.1037630092
144,0.95,0.05,0.2855993321,1085,0.6931384909,0.103972243
144,0.95,0.05,0.2855993321,1087.5,0.6927043605,0.1041794543
144,0.95,0.05,0.2855993321,1090,0.6922522321,0.1043952003
144,0.95,0.05,0.2855993321,1092.5,0.6918319272,0.1045958148
144,0.95,0.05,0.2855993321,1095,0.6913869655,0.1048159464
144,0.95,0.05,0.2855993321,1097.5,0.6909658689,0.1050343396
144,0.95,0.05,0.2855993321,1100,0.6905002499,0.105253908
144,0.95,0.05,0.2855993321,1102.5,0.6900318915,0.1054722993
144,0.95,0.05,0.2855993321,1105,0.6895576044,0.1057109843
144,0.95,0.05,0.2855993321,1107.5,0.6890813052,0.105932845
144,0.95,0.05,0.2855993321,1110,0.6886180795,0.1061342061
144,0.95,0.05,0.2855993321,1112.5,0.688127175,0.1063572124
144,0.95,0.05,0.2855993321,1115,0.687650841,0.1065730292
144,0.95,0.05,0.2855993321,1117.5,0.6871875341,0.1067714289
144,0.95,0.05,0.2855993321,1120,0.6867327486,0.1069512913
144,0.95,0.05,0.2855993321,1122.5,0.6862406769,0.1071533634
144,0.95,0.05,0.2855993321,1125,0.6857644088,0.1073581074
144,0.95,0.05,0.2855993321,1127.5,0.6852919051,0.1075580163
144,0.95,0.05,0.2855993321,1130,0.6847875168,0.1077467593
144,0.95,0.05,0.2855993321,1132.5,0.6843014513,0.1079498255
144,0.95,0.05,0.2855993321,1135,0.6837813972,0.1081505424
144,0.95,0.05,0.2855993321,1137.5,0.6832674962,0.108380497
144,0.95,0.05,0.2855993321,1140,0.6827040272,0.1086274946
144,0.95,0.05,0.2855993321,1142.5,0.6821588918,0.1088694207
144,0.95,0.05,0.2855993321,1145,0.6816415463,0.1090905582
144,0.95,0.05,0.2855993321,1147.5,0.6810930569,0.1093173633
144,0.95,0.05,0.2855993321,1150,0.6805141263,0.1095636491
144,0.95,0.05,0.2855993321,1152.5,0.6799250357,0.1097999008
144,0.95,0.05,0.2855993321,1155,0.6793902782,0.1100057069
144,0.95,0.05,0.2855993321,1157.5,0.6788864,0.1102265745
144,0.95,0.05,0.2855993321,1160,0.6783574531,0.1104656375
144,0.95,0.05,0.2855993321,1162.5,0.6779129006,0.1106669289
144,0.95,0.05,0.2855993321,1165,0.6774433097,0.1108513943
144,0.95,0.05,0.2855993321,1167.5,0.6769936166,0.1110372652
144,0.95,0.05,0.2855993321,1170,0.6765507629,0.1112447113
144,0.95,0.05,0.2855993321,1172.5,0.6760863146,0.1114534833
144,0.95,0.05,0.2855993321,1175,0.6755779361,0.1116354373
144,0.95,0.05,0.2855993321,1177.5,0.6750699629,0.1118284572
144,0.95,0.05,0.2855993321,1180,0.6745510742,0.1120156351
144,0.95,0.05,0.2855993321,1182.5,0.6740351067,0.1122072313
144,0.95,0.05,0.2855993321,1185,0.6735116948,0.1123800692
144,0.95,0.05,0.2855993321,1187.5,0.6729908035,0.1125696784
144,0.95,0.05,0.2855993321,1190,0.6724785254,0.1127575308
144,0.95,0.05,0.2855993321,1192.5,0.6719487387,0.1129665135
144,0.95,0.05,0.2855993321,1195,0.6714015537,0.1131826527
144,0.95,0.05,0.2855993321,1197.5,0.6708714558,0.1133966535
144,0.95,0.05,0.2855993321,1200,0.6703543024,0.113594417
144,0.95,0.05,0.2855993321,1202.5,0.6698517496,0.1137948979
144,0.95,0.05,0.2855993321,1205,0.6693439974,0.1140095861
144,0.95,0.05,0.2855993321,1207.5,0.6688819538,0.1141975787
144,0.95,0.05,0.2855993321,1210,0.6683656247,0.1144137835
144,0.95,0.05,0.2855993321,1212.5,0.6678735982,0.1146272288
144,0.95,0.05,0.2855993321,1215,0.6674049882,0.1148295547
144,0.95,0.05,0.2855993321,1217.5,0.6669436156,0.1150382688
144,0.95,0.05,0.2855993321,1220,0.6665087366,0.1152497379
144,0.95,0.05,0.2855993321,1222.5,0.6660681796,0.1154587675
144,0.95,0.05,0.2855993321,1225,0.6656345494,0.115661051
144,0.95,0.05,0.2855993321,1227.5,0.6652079327,0.1158480356
144,0.95,0.05,0.2855993321,1230,0.664791019,0.1160156347
144,0.95,0.05,0.2855993321,1232.5,0.6643774185,0.1162167304
144,0.95,0.05,0.2855993321,1235,0.6639629242,0.116411877
144,0.95,0.05,0.2855993321,1237.5,0.6635686539,0.1165939577
144,0.95,0.05,0.2855993321,1240,0.6631175834,0.1167940966
144,0.95,0.05,0.2855993321,1242.5,0.6626265135,0.1170028488
144,0.95,0.05,0.2855993321,1245,0.6621675089,0.1171984331
144,0.95,0.05,0.2855993321,1247.5,0.6617261909,0.1173819367
144,0.95,0.05,0.2855993321,1250,0.6612648776,0.1175794558
144,0.95,0.05,0.2855993321,1252.5,0.6608157742,0.1177555423
144,0.95,0.05,0.2855993321,1255,0.6603889097,0.1179148898
144,0.95,0.05,0.2855993321,1257.5,0.6600048855,0.1180683706
144,0.95,0.05,0.2855993321,1260,0.6596186624,0.1182159407
144,0.95,0.05,0.2855993321,1262.5,0.6592236503,0.1183554917
144,0.95,0.05,0.2855993321,1265,0.6588672481,0.1184852206
144,0.95,0.05,0.2855993321,1267.5,0.6585045099,0.1185993162
144,0.95,0.05,0.2855993321,1270,0.6580937761,0.1187231394
144,0.95,0.05,0.2855993321,1272.5,0.657753496,0.1188127888
144,0.95,0.05,0.2855993321,1275,0.6573698759,0.1189052191
144,0.95,0.05,0.2855993321,1277.5,0.6570126677,0.119005724
144,0.95,0.05,0.2855993321,1280,0.6566928377,0.1190966034
144,0.95,0.05,0.2855993321,1282.5,0.6563705581,0.1191714451
144,0.95,0.05,0.2855993321,1285,0.6560670191,0.1192217784
144,0.95,0.05,0.2855993321,1287.5,0.6557570713,0.1192607783
144,0.95,0.05,0.2855993321,1290,0.6554615682,0.1193029205
144,0.95,0.05,0.2855993321,1292.5,0.6551246914,0.1193379389
144,0.95,0.05,0.2855993321,1295,0.6548042923,0.1193848101
144,0.95,0.05,0.2855993321,1297.5,0.6544547459,0.1194360416
144,0.95,0.05,0.2855993321,1300,0.6540491151,0.1195022711
144,0.95,0.05,0.2855993321,1302.5,0.6536791783,0.1195541468
144,0.95,0.05,0.2855993321,1305,0.6532767324,0.1196364404
144,0.95,0.05,0.2855993321,1307.5,0.6529251894,0.119717845
144,0.95,0.05,0.2855993321,1310,0.6525382611,0.1198228176
144,0.95,0.05,0.2855993321,1312.5,0.6521262918,0.1199392027
144,0.95,0.05,0.2855993321,1315,0.6517452132,0.120036545
144,0.95,0.05,0.2855993321,1317.5,0.6513914572,0.1201513168
144,0.95,0.05,0.2855993321,1320,0.6510137485,0.1202351406
144,0.95,0.05,0.2855993321,1322.5,0.6506256711,0.1203245292
144,0.95,0.05,0.2855993321,1325,0.6502724401,0.1203856751
144,0.95,0.05,0.2855993321,1327.5,0.649909343,0.1204454399
144,0.95,0.05,0.2855993321,1330,0.6495183643,0.1205162806
144,0.95,0.05,0.2855993321,1332.5,0.6491052063,0.1206020482
144,0.95,0.05,0.2855993321,1335,0.6487099832,0.1206803165
144,0.95,0.05,0.2855993321,1337.5,0.6482887646,0.1207733577
144,0.95,0.05,0.2855993321,1340,0.6478574413,0.1208861155
144,0.95,0.05,0.2855993321,1342.5,0.6474266915,0.1209829713
144,0.95,0.05,0.2855993321,1345,0.6469960145,0.1210822556
144,0.95,0.05,0.2855993321,1347.5,0.6465094154,0.1212355278
144,0.95,0.05,0.2855993321,1350,0.6459911293,0.1213924886
144,0.95,0.05,0.2855993321,1352.5,0.6454994779,0.1215428241
144,0.95,0.05,0.2855993321,1355,0.6450233882,0.1216689548
144,0.95,0.05,0.2855993321,1357.5,0.6446343893,0.1217633502
144,0.95,0.05,0.2855993321,1360,0.6441874485,0.1218730623
144,0.95,0.05,0.2855993321,1362.5,0.6437505208,0.1219951218
144,0.95,0.05,0.2855993321,1365,0.6432621379,0.122159736
144,0.95,0.05,0.2855993321,1367.5,0.6427879107,0.1223013046
144,0.95,0.05,0.2855993321,1370,0.6423174725,0.1224240104
144,0.95,0.05,0.2855993321,1372.5,0.6419143207,0.1225083411
144,0.95,0.05,0.2855993321,1375,0.6415070037,0.1225762177
144,0.95,0.05,0.2855993321,1377.5,0.6410689112,0.1226646924
144,0.95,0.05,0.2855993321,1380,0.6405867519,0.1227898422
144,0.95,0.05,0.2855993321,1382.5,0.6400905519,0.1229146847
144,0.95,0.05,0.2855993321,1385,0.6395845873,0.1230510171
144,0.95,0.05,0.2855993321,1387.5,0.6391008435,0.1231805838
144,0.95,0.05,0.2855993321,1390,0.6385933665,0.1232970443
144,0.95,0.05,0.2855993321,1392.5,0.6380856985,0.123426557
144,0.95,0.05,0.2855993321,1395,0.6376244867,0.1235461128
144,0.95,0.05,0.2855993321,1397.5,0.6371211149,0.123679556
144,0.95,0.05,0.2855993321,1400,0.6365865831,0.1238046436
144,0.95,0.05,0.2855993321,1402.5,0.6360275236,0.1239148612
144,0.95,0.05,0.2855993321,1405,0.6355024951,0.1239991818
144,0.95,0.05,0.2855993321,1407.5,0.6349759599,0.1240733088
144,0.95,0.05,0.2855993321,1410,0.6344250521,0.1241643667
144,0.95,0.05,0.2855993321,1412.5,0.6338440931,0.124282685
144,0.95,0.05,0.2855993321,1415,0.6332450506,0.1244290347
144,0.95,0.05,0.2855993321,1417.5,0.6326939272,0.1245530922
144,0.95,0.05,0.2855993321,1420,0.6321078401,0.1246687539
144,0.95,0.05,0.2855993321,1422.5,0.6315573428,0.1247874429
144,0.95,0.05,0.2855993321,1425,0.6310077992,0.1249191951
144,0.95,0.05,0.2855993321,1427.5,0.6305060378,0.125054843
144,0.95,0.05,0.2855993321,1430,0.6299835069,0.1252175397
144,0.95,0.05,0.2855993321,1432.5,0.6294707183,0.1253392869
144,0.95,0.05,0.2855993321,1435,0.6289138702,0.1254770481
144,0.95,0.05,0.2855993321,1437.5,0.6283720978,0.1255860997
144,0.95,0.05,0.2855993321,1440,0.6278323127,0.1256978401
144,0.95,0.05,0.2855993321,1442.5,0.6272908725,0.1258266014
144,0.95,0.05,0.2855993321,1445,0.6267709009,0.125936216
144,0.95,0.05,0.2855993321,1447.5,0.6262187275,0.1260583392
144,0.95,0.05,0.2855993321,1450,0.6256925179,0.1261592672
144,0.95,0.05,0.2855993321,1452.5,0.6251606499,0.1262837817
144,0.95,0.05,0.2855993321,1455,0.6245902217,0.126427794
144,0.95,0.05,0.2855993321,1457.5,0.6240177986,0.126584166
144,0.95,0.05,0.2855993321,1460,0.6234655974,0.1267405353
144,0.95,0.05,0.2855993321,1462.5,0.6229272415,0.1269031101
144,0.95,0.05,0.2855993321,1465,0.6223851284,0.1270729853
144,0.95,0.05,0.2855993321,1467.5,0.6218098349,0.1272610607
144,0.95,0.05,0.2855993321,1470,0.6212384013,0.1274115433
144,0.95,0.05,0.2855993321,1472.5,0.6206197795,0.1275811303
144,0.95,0.05,0.2855993321,1475,0.6199979932,0.1277346086
144,0.95,0.05,0.2855993321,1477.5,0.6193387973,0.1278965509
144,0.95,0.05,0.2855993321,1480,0.618675044,0.1280584734
144,0.95,0.05,0.2855993321,1482.5,0.6180234234,0.128215518
144,0.95,0.05,0.2855993321,1485,0.6173999717,0.1283830672
144,0.95,0.05,0.2855993321,1487.5,0.6167804492,0.1285386935
144,0.95,0.05,0.2855993321,1490,0.6161409411,0.1287069848
144,0.95,0.05,0.2855993321,1492.5,0.6154934899,0.1288553094
144,0.95,0.05,0.2855993321,1495,0.6148657156,0.128981044
144,0.95,0.05,0.2855993321,1497.5,0.6142461913,0.1290946633
144,0.95,0.05,0.2855993321,1500,0.6135949581,0.1292337231
144,0.95,0.05,0.2855993321,1502.5,0.6129416965,0.129379945
144,0.95,0.05,0.2855993321,1505,0.6122908997,0.1295221258
144,0.95,0.05,0.2855993321,1507.5,0.6116603369,0.1296599881
144,0.95,0.05,0.2855993321,1510,0.6110275957,0.1298088601
144,0.95,0.05,0.2855993321,1512.5,0.6104069486,0.1299527112
144,0.95,0.05,0.2855993321,1515,0.6097960922,0.1300906425
144,0.95,0.05,0.2855993321,1517.5,0.6091536112,0.1302258905
144,0.95,0.05,0.2855993321,1520,0.6085120528,0.1303451597
144,0.95,0.05,0.2855993321,1522.5,0.6078607465,0.1304652941
144,0.95,0.05,0.2855993321,1525,0.6072343436,0.1306008785
144,0.95,0.05,0.2855993321,1527.5,0.6066121615,0.1307479577
144,0.95,0.05,0.2855993321,1530,0.6059676772,0.1308904521
144,0.95,0.05,0.2855993321,1532.5,0.6053270842,0.1310218365
144,0.95,0.05,0.2855993321,1535,0.6047321042,0.1311394146
144,0.95,0.05,0.2855993321,1537.5,0.6041073581,0.1312803342
144,0.95,0.05,0.2855993321,1540,0.6034832147,0.1313939567
144,0.95,0.05,0.2855993321,1542.5,0.6028765977,0.1314803241
144,0.95,0.05,0.2855993321,1545,0.6022672233,0.1315702099
144,0.95,0.05,0.2855993321,1547.5,0.6016861443,0.1316633805
144,0.95,0.05,0.2855993321,1550,0.6010956053,0.1317632653
144,0.95,0.05,0.2855993321,1552.5,0.6005364588,0.1318376693
144,0.95,0.05,0.2855993321,1555,0.5999191678,0.1319262878
144,0.95,0.05,0.2855993321,1557.5,0.5993090591,0.132028469
144,0.95,0.05,0.2855993321,1560,0.598667028,0.1321369941
144,0.95,0.05,0.2855993321,1562.5,0.5980297926,0.1322230378
144,0.95,0.05,0.2855993321,1565,0.5973812531,0.1323218402
144,0.95,0.05,0.2855993321,1567.5,0.5967618935,0.1324219645
144,0.95,0.05,0.2855993321,1570,0.5961397572,0.1325149212
144,0.95,0.05,0.2855993321,1572.5,0.5955314799,0.1326042821
144,0.95,0.05,0.2855993321,1575,0.5949444459,0.1326949024
144,0.95,0.05,0.2855993321,1577.5,0.5943321168,0.13279952
144,0.95,0.05,0.2855993321,1580,0.5937297857,0.1329068966
144,0.95,0.05,0.2855993321,1582.5,0.5931114275,0.1330207721
144,0.95,0.05,0.2855993321,1585,0.5925350533,0.1331136439
144,0.95,0.05,0.2855993321,1587.5,0.5919777854,0.1332223217
144,0.95,0.05,0.2855993321,1590,0.591336986,0.1333298564
144,0.95,0.05,0.2855993321,1592.5,0.5907335839,0.1334266885
144,0.95,0.05,0.2855993321,1595,0.5901413623,0.1335181315
144,0.95,0.05,0.2855993321,1597.5,0.5895455889,0.1335938152
144,0.95,0.05,0.2855993321,1600,0.589023405,0.133630647
144,0.95,0.05,0.2855993321,1602.5,0.5885138266,0.133668604
144,0.95,0.05,0.2855993321,1605,0.587984905,0.1337290115
144,0.95,0.05,0.2855993321,1607.5,0.5874988484,0.133773429
144,0.95,0.05,0.2855993321,1610,0.5869886332,0.1338221326
144,0.95,0.05,0.2855993321,1612.5,0.5864851145,0.13387328
144,0.95,0.05,0.2855993321,1615,0.5859877188,0.1339181534
144,0.95,0.05,0.2855993321,1617.5,0.5855217737,0.1339588855
144,0.95,0.05,0.2855993321,1620,0.5850514952,0.1340020107
144,0.95,0.05,0.2855993321,1622.5,0.5845931233,0.1340251697
144,0.95,0.05,0.2855993321,1625,0.5841463985,0.1340417895
144,0.95,0.05,0.2855993321,1627.5,0.5836571154,0.1340612487
144,0.95,0.05,0.2855993321,1630,0.5831444095,0.1340636893
144,0.95,0.05,0.2855993321,1632.5,0.5825975471,0.1340832861
144,0.95,0.05,0.2855993321,1635,0.5820351172,0.1341125866
144,0.95,0.05,0.2855993321,1637.5,0.5814141232,0.1341552606
144,0.95,0.05,0.2855993321,1640,0.5807761163,0.1342148919
144,0.95,0.05,0.2855993321,1642.5,0.5801502224,0.1342777421
144,0.95,0.05,0.2855993321,1645,0.5795172468,0.1343399671
144,0.95,0.05,0.2855993321,1647.5,0.5788717243,0.1343983419
144,0.95,0.05,0.2855993321,1650,0.578245903,0.1344635529
144,0.95,0.05,0.2855993321,1652.5,0.5776395881,0.1345426803
144,0.95,0.05,0.2855993321,1655,0.5770469698,0.1346018523
144,0.95,0.05,0.2855993321,1657.5,0.5764439,0.1346698326
144,0.95,0.05,0.2855993321,1660,0.5758058401,0.1347279776
144,0.95,0.05,0.2855993321,1662.5,0.5752181392,0.1347912156
144,0.95,0.05,0.2855993321,1665,0.5746163791,0.1348486667
144,0.95,0.05,0.2855993321,1667.5,0.5740178913,0.1349104511
144,0.95,0.05,0.2855993321,1670,0.5733837329,0.1349487358
144,0.95,0.05,0.2855993321,1672.5,0.5727315087,0.1349921669
144,0.95,0.05,0.2855993321,1675,0.5721192778,0.1350292249
144,0.95,0.05,0.2855993321,1677.5,0.5715173304,0.1350815805
144,0.95,0.05,0.2855993321,1680,0.5708921868,0.1351370273
144,0.95,0.05,0.2855993321,1682.5,0.5702660925,0.1352060529
144,0.95,0.05,0.2855993321,1685,0.5696457032,0.1352739325
144,0.95,0.05,0.2855993321,1687.5,0.5690717259,0.1353407735
144,0.95,0.05,0.2855993321,1690,0.5684811925,0.1354063427
144,0.95,0.05,0.2855993321,1692.5,0.5679070419,0.135457571
144,0.95,0.05,0.2855993321,1695,0.5672899628,0.1355125457
144,0.95,0.05,0.2855993321,1697.5,0.5666488687,0.1355940003
144,0.95,0.05,0.2855993321,1700,0.5659987008,0.1356807962
144,0.95,0.05,0.2855993321,1702.5,0.5653547771,0.1357581242
144,0.95,0.05,0.2855993321,1705,0.5647354742,0.1358343058
144,0.95,0.05,0.2855993321,1707.5,0.5640692904,0.1359380967
144,0.95,0.05,0.2855993321,1710,0.5634160161,0.1360234556
144,0.95,0.05,0.2855993321,1712.5,0.5627422945,0.1361068526
144,0.95,0.05,0.2855993321,1715,0.562071635,0.1362007247
144,0.95,0.05,0.2855993321,1717.5,0.5613929,0.136295316
144,0.95,0.05,0.2855993321,1720,0.5606967813,0.1363946373
144,0.95,0.05,0.2855993321,1722.5,0.5600355646,0.1364909435
144,0.95,0.05,0.2855993321,1725,0.5593629615,0.1366010684
144,0.95,0.05,0.2855993321,1727.5,0.5587497439,0.1366828077
144,0.95,0.05,0.2855993321,1730,0.5581242975,0.1367814263
144,0.95,0.05,0.2855993321,1732.5,0.5574848461,0.1368781143
144,0.95,0.05,0.2855993321,1735,0.5568280994,0.1369434375
144,0.95,0.05,0.2855993321,1737.5,0.5561401744,0.1370068789
144,0.95,0.05,0.2855993321,1740,0.5554391327,0.1370776444
144,0.95,0.05,0.2855993321,1742.5,0.5547536953,0.1371421485
144,0.95,0.05,0.2855993321,1745,0.5540695938,0.1372026146
144,0.95,0.05,0.2855993321,1747.5,0.5533850738,0.1372717539
144,0.95,0.05,0.2855993321,1750,0.5527305414,0.1373289076
144,0.95,0.05,0.2855993321,1752.5,0.552059222,0.1373733541
144,0.95,0.05,0.2855993321,1755,0.551411074,0.1374141112
144,0.95,0.05,0.2855993321,1757.5,0.550738676,0.137441734
144,0.95,0.05,0.2855993321,1760,0.550061368,0.1374856102
144,0.95,0.05,0.2855993321,1762.5,0.5494093187,0.1375249114
144,0.95,0.05,0.2855993321,1765,0.5487687048,0.1375911639
144,0.95,0.05,0.2855993321,1767.5,0.5481357171,0.1376216811
144,0.95,0.05,0.2855993321,1770,0.5474716121,0.1376639175
144,0.95,0.05,0.2855993321,1772.5,0.5468105329,0.1377035035
144,0.95,0.05,0.2855993321,1775,0.5461258916,0.1377459484
144,0.95,0.05,0.2855993321,1777.5,0.5454551603,0.1377975653
144,0.95,0.05,0.2855993321,1780,0.5447930843,0.137856748
144,0.95,0.05,0.2855993321,1782.5,0.5441435914,0.1378868604
144,0.95,0.05,0.2855993321,1785,0.5434728839,0.137924247
144,0.95,0.05,0.2855993321,1787.5,0.5428071257,0.1379561533
144,0.95,0.05,0.2855993321,1790,0.5421339109,0.1379924578
144,0.95,0.05,0.2855993321,1792.5,0.5414714533,0.1380071204
144,0.95,0.05,0.2855993321,1795,0.5408092544,0.1380181988
144,0.95,0.05,0.2855993321,1797.5,0.5401271082,0.1380644975
144,0.95,0.05,0.2855993321,1800,0.5394333868,0.1381004293
144,0.95,0.05,0.2855993321,1802.5,0.5387187322,0.1381304375
144,0.95,0.05,0.2855993321,1805,0.5379813427,0.1381534737
144,0.95,0.05,0.2855993321,1807.5,0.5372259737,0.1381955357
144,0.95,0.05,0.2855993321,1810,0.5364643166,0.1382387955
144,0.95,0.05,0.2855993321,1812.5,0.5357151965,0.1382775449
144,0.95,0.05,0.2855993321,1815,0.5349650667,0.1383360945
144,0.95,0.05,0.2855993321,1817.5,0.5342264703,0.1383758979
144,0.95,0.05,0.2855993321,1820,0.5335047307,0.1384078183
144,0.95,0.05,0.2855993321,1822.5,0.532809747,0.1384345393
144,0.95,0.05,0.2855993321,1825,0.5321184918,0.138422399
144,0.95,0.05,0.2855993321,1827.5,0.5313430992,0.1384616434
144,0.95,0.05,0.2855993321,1830,0.530599732,0.1384982925
144,0.95,0.05,0.2855993321,1832.5,0.529877983,0.1385448281
144,0.95,0.05,0.2855993321,1835,0.5291311172,0.138612693
144,0.95,0.05,0.2855993321,1837.5,0.5284055375,0.1386912992
144,0.95,0.05,0.2855993321,1840,0.5276731494,0.1387729257
144,0.95,0.05,0.2855993321,1842.5,0.5269550962,0.1388449604
144,0.95,0.05,0.2855993321,1845,0.5262815409,0.138901934
144,0.95,0.05,0.2855993321,1847.5,0.525594385,0.1389616861
144,0.95,0.05,0.2855993321,1850,0.5249953623,0.1389707482
144,0.95,0.05,0.2855993321,1852.5,0.5243984986,0.1390063008
144,0.95,0.05,0.2855993321,1855,0.523822278,0.1390669833
144,0.95,0.05,0.2855993321,1857.5,0.5232481235,0.1391327239
144,0.95,0.05,0.2855993321,1860,0.5226221946,0.1392181241
144,0.95,0.05,0.2855993321,1862.5,0.5219951542,0.1392903468
144,0.95,0.05,0.2855993321,1865,0.5213519235,0.13937173
144,0.95,0.05,0.2855993321,1867.5,0.5207219573,0.1394492282
144,0.95,0.05,0.2855993321,1870,0.5201080733,0.1395096344
144,0.95,0.05,0.2855993321,1872.5,0.5194428506,0.139585949
144,0.95,0.05,0.2855993321,1875,0.5187603316,0.139652858
144,0.95,0.05,0.2855993321,1877.5,0.5180537897,0.1397219542
144,0.95,0.05,0.2855993321,1880,0.5173471004,0.1398012701
144,0.95,0.05,0.2855993321,1882.5,0.5166495961,0.1398763283
144,0.95,0.05,0.2855993321,1885,0.5159836464,0.1399369132
144,0.95,0.05,0.2855993321,1887.5,0.5153164447,0.1400109862
144,0.95,0.05,0.2855993321,1890,0.514601494,0.1400830797
144,0.95,0.05,0.2855993321,1892.5,0.5138486321,0.1401562862
144,0.95,0.05,0.2855993321,1895,0.5131573694,0.1402297928
144,0.95,0.05,0.2855993321,1897.5,0.5124414728,0.1403284552
144,0.95,0.05,0.2855993321,1900,0.5117602895,0.1404115041
144,0.95,0.05,0.2855993321,1902.5,0.5110824632,0.1404640187
144,0.95,0.05,0.2855993321,1905,0.5104046905,0.1405142194
144,0.95,0.05,0.2855993321,1907.5,0.5097135737,0.1405669862
144,0.95,0.05,0.2855993321,1910,0.5090294543,0.1406221735
144,0.95,0.05,0.2855993321,1912.5,0.5083596304,0.1406456165
144,0.95,0.05,0.2855993321,1915,0.5077029418,0.1406720903
144,0.95,0.05,0.2855993321,1917.5,0.5070793471,0.140703932
144,0.95,0.05,0.2855993321,1920,0.5064565242,0.1407494923
144,0.95,0.05,0.2855993321,1922.5,0.5058165226,0.1407921387
144,0.95,0.05,0.2855993321,1925,0.5052540537,0.1408043338
144,0.95,0.05,0.2855993321,1927.5,0.5046570287,0.1408188667
144,0.95,0.05,0.2855993321,1930,0.5040455442,0.1408504538
144,0.95,0.05,0.2855993321,1932.5,0.5034763008,0.1408784753
144,0.95,0.05,0.2855993321,1935,0.5029131657,0.1408904468
144,0.95,0.05,0.2855993321,1937.5,0.5023010717,0.1409014069
144,0.95,0.05,0.2855993321,1940,0.5016738238,0.1409364238
144,0.95,0.05,0.2855993321,1942.5,0.5010100515,0.140959571
144,0.95,0.05,0.2855993321,1945,0.5003647365,0.1409852069
144,0.95,0.05,0.2855993321,1947.5,0.499688322,0.1410260716
144,0.95,0.05,0.2855993321,1950,0.4990401506,0.1410409572
144,0.95,0.05,0.2855993321,1952.5,0.4984126146,0.1410637802
144,0.95,0.05,0.2855993321,1955,0.4977376533,0.1411305192
144,0.95,0.05,0.2855993321,1957.5,0.4970639232,0.1411747396
144,0.95,0.05,0.2855993321,1960,0.496387783,0.1412134104
144,0.95,0.05,0.2855993321,1962.5,0.4956800757,0.1412753553
144,0.95,0.05,0.2855993321,1965,0.494946047,0.1413356943
144,0.95,0.05,0.2855993321,1967.5,0.4942574644,0.1413755351
144,0.95,0.05,0.2855993321,1970,0.4936323155,0.1413712067
144,0.95,0.05,0.2855993321,1972.5,0.4929669185,0.1413876873
144,0.95,0.05,0.2855993321,1975,0.4923168383,0.1414054101
144,0.95,0.05,0.2855993321,1977.5,0.4916757971,0.1414165611
144,0.95,0.05,0.2855993321,1980,0.4910539994,0.1414093984
144,0.95,0.05,0.2855993321,1982.5,0.4904132254,0.1414033884
144,0.95,0.05,0.2855993321,1985,0.4897835901,0.1413831994
144,0.95,0.05,0.2855993321,1987.5,0.4891824311,0.141370662
144,0.95,0.05,0.2855993321,1990,0.4886143764,0.1413509708
144,0.95,0.05,0.2855993321,1992.5,0.488007799,0.1413619228
144,0.95,0.05,0.2855993321,1995,0.487398403,0.1413805415
144,0.95,0.05,0.2855993321,1997.5,0.4867800886,0.1414021817
144,0.95,0.05,0.2855993321,2000,0.4861507753,0.1414350441
144,0.95,0.05,0.2855993321,2002.5,0.4855202518,0.1414608168
144,0.95,0.05,0.2855993321,2005,0.4848978371,0.1414805665
144,0.95,0.05,0.2855993321,2007.5,0.4842959135,0.1415166279
144,0.95,0.05,0.2855993321,2010,0.4837247309,0.1415328224
144,0.95,0.05,0.2855993321,2012.5,0.4831127142,0.1415773373
144,0.95,0.05,0.2855993321,2015,0.4825104201,0.1415915418
144,0.95,0.05,0.2855993321,2017.5,0.4818867061,0.1416370803
144,0.95,0.05,0.2855993321,2020,0.4812844022,0.1416889923
144,0.95,0.05,0.2855993321,2022.5,0.4806483529,0.1417574924
144,0.95,0.05,0.2855993321,2025,0.4800028816,0.1418165264
144,0.95,0.05,0.2855993321,2027.5,0.4792937434,0.1418868351
144,0.95,0.05,0.2855993321,2030,0.4785952187,0.1419634508
144,0.95,0.05,0.2855993321,2032.5,0.4778568518,0.1420377172
144,0.95,0.05,0.2855993321,2035,0.4771469336,0.1421076223
144,0.95,0.05,0.2855993321,2037.5,0.4764091351,0.1421703852
144,0.95,0.05,0.2855993321,2040,0.4757206295,0.1422194972
144,0.95,0.05,0.2855993321,2042.5,0.4750115535,0.1422486434
144,0.95,0.05,0.2855993321,2045,0.4742673951,0.142283415
144,0.95,0.05,0.2855993321,2047.5,0.4735216265,0.1423286021
144,0.95,0.05,0.2855993321,2050,0.4728103837,0.1423608245
144,0.95,0.05,0.2855993321,2052.5,0.4721945824,0.1423249015
144,0.95,0.05,0.2855993321,2055,0.471580397,0.1422947508
144,0.95,0.05,0.2855993321,2057.5,0.4708854603,0.1422944851
144,0.95,0.05,0.2855993321,2060,0.4702080172,0.1422809075
144,0.95,0.05,0.2855993321,2062.5,0.4695603276,0.1422636618
144,0.95,0.05,0.2855993321,2065,0.4688877926,0.1422607702
144,0.95,0.05,0.2855993321,2067.5,0.468211775,0.1422646339
144,0.95,0.05,0.2855993321,2070,0.4675952371,0.1422653288
144,0.95,0.05,0.2855993321,2072.5,0.4669993451,0.1422590989
144,0.95,0.05,0.2855993321,2075,0.4664081847,0.142234142
144,0.95,0.05,0.2855993321,2077.5,0.4658334344,0.1421972617
144,0.95,0.05,0.2855993321,2080,0.4652635659,0.1421384245
144,0.95,0.05,0.2855993321,2082.5,0.4647329511,0.1420567683
144,0.95,0.05,0.2855993321,2085,0.4641331336,0.1419924998
144,0.95,0.05,0.2855993321,2087.5,0.463504506,0.1419299326
144,0.95,0.05,0.2855993321,2090,0.4628746117,0.1418613199
144,0.95,0.05,0.2855993321,2092.5,0.4622707152,0.1418048639
144,0.95,0.05,0.2855993321,2095,0.4616643329,0.1417509567
144,0.95,0.05,0.2855993321,2097.5,0.4610253654,0.1417018801
144,0.95,0.05,0.2855993321,2100,0.4603616655,0.1416420579
144,0.95,0.05,0.2855993321,2102.5,0.4597050299,0.1415765293
144,0.95,0.05,0.2855993321,2105,0.4590080534,0.1415337056
144,0.95,0.05,0.2855993321,2107.5,0.4583028728,0.1415085117
144,0.95,0.05,0.2855993321,2110,0.4576019482,0.1415107965
144,0.95,0.05,0.2855993321,2112.5,0.4569319283,0.1415077619
144,0.95,0.05,0.2855993321,2115,0.4562098113,0.1415246827
144,0.95,0.05,0.2855993321,2117.5,0.4555232953,0.1415063026
144,0.95,0.05,0.2855993321,2120,0.4548976706,0.1414854916
144,0.95,0.05,0.2855993321,2122.5,0.4542082169,0.1414873279
144,0.95,0.05,0.2855993321,2125,0.453546937,0.1414648097
144,0.95,0.05,0.2855993321,2127.5,0.4528243409,0.141465825
144,0.95,0.05,0.2855993321,2130,0.4521283623,0.1414834291
144,0.95,0.05,0.2855993321,2132.5,0.4514042883,0.1415035665
144,0.95,0.05,0.2855993321,2135,0.4506930032,0.1415290328
144,0.95,0.05,0.2855993321,2137.5,0.4499221193,0.1415864476
144,0.95,0.05,0.2855993321,2140,0.4491633914,0.1416476313
144,0.95,0.05,0.2855993321,2142.5,0.4484339814,0.1417029019
144,0.95,0.05,0.2855993321,2145,0.4476987285,0.1417596328
144,0.95,0.05,0.2855993321,2147.5,0.4469880264,0.1417943578
144,0.95,0.05,0.2855993321,2150,0.4462780778,0.1418149295
144,0.95,0.05,0.2855993321,2152.5,0.4455852383,0.1418348659
144,0.95,0.05,0.2855993321,2155,0.4449011617,0.1418704105
144,0.95,0.05,0.2855993321,2157.5,0.4441850299,0.1419207272
144,0.95,0.05,0.2855993321,2160,0.4435033193,0.1419498306
144,0.95,0.05,0.2855993321,2162.5,0.4428436312,0.1419669608
144,0.95,0.05,0.2855993321,2165,0.4421752231,0.1419810748
144,0.95,0.05,0.2855993321,2167.5,0.4414910634,0.1420120848
144,0.95,0.05,0.2855993321,2170,0.4408508753,0.1420105008
144,0.95,0.05,0.2855993321,2172.5,0.440130388,0.1420599642
144,0.95,0.05,0.2855993321,2175,0.4394520102,0.1420687971
144,0.95,0.05,0.2855993321,2177.5,0.4387718734,0.1420829125
144,0.95,0.05,0.2855993321,2180,0.438051575,0.1421184398
144,0.95,0.05,0.2855993321,2182.5,0.4373793188,0.1421275257
144,0.95,0.05,0.2855993321,2185,0.4366698021,0.1421371258
144,0.95,0.05,0.2855993321,2187.5,0.4359575897,0.1421630614
144,0.95,0.05,0.2855993321,2190,0.4352671848,0.1421858675
144,0.95,0.05,0.2855993321,2192.5,0.4345581514,0.14221209
144,0.95,0.05,0.2855993321,2195,0.4338329063,0.1422290056
144,0.95,0.05,0.2855993321,2197.5,0.4331343006,0.1422530772
144,0.95,0.05,0.2855993321,2200,0.4324929241,0.1422425964
144,0.95,0.05,0.2855993321,2202.5,0.4317829306,0.1422690792
144,0.95,0.05,0.2855993321,2205,0.4310143409,0.1423343929
144,0.95,0.05,0.2855993321,2207.5,0.4302774484,0.1423808356
144,0.95,0.05,0.2855993321,2210,0.429587711,0.1424165582
144,0.95,0.05,0.2855993321,2212.5,0.428852049,0.1424678584
144,0.95,0.05,0.2855993321,2215,0.4281325422,0.1425023729
144,0.95,0.05,0.2855993321,2217.5,0.4274370205,0.1425136887
144,0.95,0.05,0.2855993321,2220,0.426749288,0.1425220692
144,0.95,0.05,0.2855993321,2222.5,0.4260576458,0.1425222185
144,0.95,0.05,0.2855993321,2225,0.4253297436,0.1425516581
144,0.95,0.05,0.2855993321,2227.5,0.4245885768,0.142580645
144,0.95,0.05,0.2855993321,2230,0.423867301,0.1426159267
144,0.95,0.05,0.2855993321,2232.5,0.4231344848,0.1426586167
144,0.95,0.05,0.2855993321,2235,0.4224047272,0.1426797119
144,0.95,0.05,0.2855993321,2237.5,0.4217234381,0.1426896293
144,0.95,0.05,0.2855993321,2240,0.4210410358,0.1427068266
144,0.95,0.05,0.2855993321,2242.5,0.420396093,0.1427351713
144,0.95,0.05,0.2855993321,2245,0.4197317399,0.1427804533
144,0.95,0.05,0.2855993321,2247.5,0.4191257619,0.1427929614
144,0.95,0.05,0.2855993321,2250,0.4183886668,0.1428595851
144,0.95,0.05,0.2855993321,2252.5,0.417680967,0.1429338574
144,0.95,0.05,0.2855993321,2255,0.4170017284,0.1429891977
144,0.95,0.05,0.2855993321,2257.5,0.4162916716,0.1430557907
144,0.95,0.05,0.2855993321,2260,0.4155776323,0.1431245593
144,0.95,0.05,0.2855993321,2262.5,0.4148072054,0.1431924392
144,0.95,0.05,0.2855993321,2265,0.4140190566,0.1432723718
144,0.95,0.05,0.2855993321,2267.5,0.4131768725,0.1433779261
144,0.95,0.05,0.2855993321,2270,0.4123618671,0.1434705737
144,0.95,0.05,0.2855993321,2272.5,0.4115782683,0.1435400735
144,0.95,0.05,0.2855993321,2275,0.4107681072,0.1436169126
144,0.95,0.05,0.2855993321,2277.5,0.4099834407,0.1436669638
144,0.95,0.05,0.2855993321,2280,0.4092306176,0.1437166578
144,0.95,0.05,0.2855993321,2282.5,0.4084556766,0.1437886082
144,0.95,0.05,0.2855993321,2285,0.4077025106,0.1438773392
144,0.95,0.05,0.2855993321,2287.5,0.4069853515,0.1439271559
144,0.95,0.05,0.2855993321,2290,0.4062638877,0.1439853711
144,0.95,0.05,0.2855993321,2292.5,0.4056087271,0.1440102035
144,0.95,0.05,0.2855993321,2295,0.4049637481,0.1440447293
144,0.95,0.05,0.2855993321,2297.5,0.4042798836,0.1440937931
144,0.95,0.05,0.2855993321,2300,0.4035799554,0.144146444
144,0.95,0.05,0.2855993321,2302.5,0.4029572253,0.1441578752
144,0.95,0.05,0.2855993321,2305,0.4023277735,0.1441745147
144,0.95,0.05,0.2855993321,2307.5,0.4017033127,0.1441876145
144,0.95,0.05,0.2855993321,2310,0.4011208872,0.1441950845
144,0.95,0.05,0.2855993321,2312.5,0.4004957779,0.1442328028
144,0.95,0.05,0.2855993321,2315,0.3999044318,0.1442649039
144,0.95,0.05,0.2855993321,2317.5,0.3993126876,0.1443100976
144,0.95,0.05,0.2855993321,2320,0.3987339222,0.1443595111
144,0.95,0.05,0.2855993321,2322.5,0.3981378664,0.1444194812
144,0.95,0.05,0.2855993321,2325,0.3975024898,0.1444784304
144,0.95,0.05,0.2855993321,2327.5,0.3968877792,0.1445462945
144,0.95,0.05,0.2855993321,2330,0.3963055657,0.1445892405
144,0.95,0.05,0.2855993321,2332.5,0.3956616791,0.1446407533
144,0.95,0.05,0.2855993321,2335,0.395003339,0.1447040365
144,0.95,0.05,0.2855993321,2337.5,0.3943573456,0.1447639804
144,0.95,0.05,0.2855993321,2340,0.3937260677,0.144830879
144,0.95,0.05,0.2855993321,2342.5,0.3931166728,0.1448845821
144,0.95,0.05,0.2855993321,2345,0.3925610415,0.1449202362
144,0.95,0.05,0.2855993321,2347.5,0.3919840225,0.1449378449
144,0.95,0.05,0.2855993321,2350,0.3914036838,0.1449312002
144,0.95,0.05,0.2855993321,2352.5,0.3908534949,0.1449344446
144,0.95,0.05,0.2855993321,2355,0.3903459333,0.1449310195
144,0.95,0.05,0.2855993321,2357.5,0.3898161718,0.1449341768
144,0.95,0.05,0.2855993321,2360,0.3892474247,0.1449648474
144,0.95,0.05,0.2855993321,2362.5,0.3886720795,0.1449985948
144,0.95,0.05,0.2855993321,2365,0.388128315,0.1450183927
144,0.95,0.05,0.2855993321,2367.5,0.3875506043,0.1450640196
144,0.95,0.05,0.2855993321,2370,0.3869111416,0.1451240554
144,0.95,0.05,0.2855993321,2372.5,0.3863429087,0.1451924925
144,0.95,0.05,0.2855993321,2375,0.3857673463,0.1452848429
144,0.95,0.05,0.2855993321,2377.5,0.3851453115,0.1453990142
144,0.95,0.05,0.2855993321,2380,0.3845586066,0.145510306
144,0.95,0.05,0.2855993321,2382.5,0.3839723406,0.1456365307
144,0.95,0.05,0.2855993321,2385,0.3834613047,0.1457564367
144,0.95,0.05,0.2855993321,2387.5,0.3829364182,0.145881064
144,0.95,0.05,0.2855993321,2390,0.3823961785,0.146006552
144,0.95,0.05,0.2855993321,2392.5,0.3818034536,0.1461399028
144,0.95,0.05,0.2855993321,2395,0.381251783,0.1462746827
144,0.95,0.05,0.2855993321,2397.5,0.3807550766,0.1463859272
144,0.95,0.05,0.2855993321,2400,0.3802456869,0.1464970269
144,0.95,0.05,0.2855993321,2402.5,0.3797393182,0.1465915929
144,0.95,0.05,0.2855993321,2405,0.3792252192,0.1466964268
144,0.95,0.05,0.2855993321,2407.5,0.3787460541,0.1467901252
144,0.95,0.05,0.2855993321,2410,0.3782426252,0.1468853707
144,0.95,0.05,0.2855993321,2412.5,0.3777493541,0.1469800141
144,0.95,0.05,0.2855993321,2415,0.377347864,0.1470557491
144,0.95,0.05,0.2855993321,2417.5,0.3769519506,0.1471203659
144,0.95,0.05,0.2855993321,2420,0.3765475978,0.1471698024
144,0.95,0.05,0.2855993321,2422.5,0.3761285151,0.1472410677
144,0.95,0.05,0.2855993321,2425,0.375669688,0.1473189264
144,0.95,0.05,0.2855993321,2427.5,0.3751739261,0.1473814504
144,0.95,0.05,0.2855993321,2430,0.3747024346,0.1474625363
144,0.95,0.05,0.2855993321,2432.5,0.3742383814,0.1475437286
144,0.95,0.05,0.2855993321,2435,0.3737874398,0.1476252482
144,0.95,0.05,0.2855993321,2437.5,0.3733637888,0.1476815319
144,0.95,0.05,0.2855993321,2440,0.3729778157,0.1477312233
144,0.95,0.05,0.2855993321,2442.5,0.3725772732,0.1477758193
144,0.95,0.05,0.2855993321,2445,0.3721317716,0.1478183736
144,0.95,0.05,0.2855993321,2447.5,0.3716938735,0.1478491546
144,0.95,0.05,0.2855993321,2450,0.3712678103,0.1478867031
144,0.95,0.05,0.2855993321,2452.5,0.3708620872,0.1479244112
144,0.95,0.05,0.2855993321,2455,0.3704149036,0.147959734
144,0.95,0.05,0.2855993321,2457.5,0.369973643,0.1479928603
144,0.95,0.05,0.2855993321,2460,0.3695240884,0.1480272841
144,0.95,0.05,0.2855993321,2462.5,0.3690411734,0.1480538293
144,0.95,0.05,0.2855993321,2465,0.3685967549,0.1480580155
144,0.95,0.05,0.2855993321,2467.5,0.3681638332,0.1480629609
144,0.95,0.05,0.2855993321,2470,0.3677114127,0.1480631698
144,0.95,0.05,0.2855993321,2472.5,0.3672525977,0.1480494074
144,0.95,0.05,0.2855993321,2475,0.3667565283,0.1480581094
144,0.95,0.05,0.2855993321,2477.5,0.3662776927,0.1480517116
144,0.95,0.05,0.2855993321,2480,0.3657825819,0.1480713847
144,0.95,0.05,0.2855993321,2482.5,0.3652708283,0.1480957746
144,0.95,0.05,0.2855993321,2485,0.364786528,0.1481364435
144,0.95,0.05,0.2855993321,2487.5,0.3642772292,0.1481694568
144,0.95,0.05,0.2855993321,2490,0.3637546441,0.1482156485
144,0.95,0.05,0.2855993321,2492.5,0.3632350481,0.1482539643
144,0.95,0.05,0.2855993321,2495,0.3626979553,0.1482941612
144,0.95,0.05,0.2855993321,2497.5,0.3621669957,0.1483339305
144,0.95,0.05,0.2855993321,2500,0.3615737506,0.148376722
144,0.95,0.05,0.2855993321,2502.5,0.3610269577,0.1484324704
144,0.95,0.05,0.2855993321,2505,0.3604359313,0.1485025567
144,0.95,0.05,0.2855993321,2507.5,0.3598936183,0.1485516688
144,0.95,0.05,0.2855993321,2510,0.3593661769,0.1485958874
144,0.95,0.05,0.2855993321,2512.5,0.3589034994,0.1486056171
144,0.95,0.05,0.2855993321,2515,0.3584448115,0.148614423
144,0.95,0.05,0.2855993321,2517.5,0.3579746496,0.1486459793
144,0.95,0.05,0.2855993321,2520,0.3574819002,0.14867605
144,0.95,0.05,0.2855993321,2522.5,0.3569797044,0.1486865494
144,0.95,0.05,0.2855993321,2525,0.3564881196,0.1486778097
144,0.95,0.05,0.2855993321,2527.5,0.3559479697,0.1486963418
144,0.95,0.05,0.2855993321,2530,0.3553998091,0.1487190299
144,0.95,0.05,0.2855993321,2532.5,0.3548351431,0.1487685805
144,0.95,0.05,0.2855993321,2535,0.3542576254,0.1488356749
144,0.95,0.05,0.2855993321,2537.5,0.3536859092,0.148900358
144,0.95,0.05,0.2855993321,2540,0.3530812397,0.1489776724
144,0.95,0.05,0.2855993321,2542.5,0.3524840342,0.1490640922
144,0.95,0.05,0.2855993321,2545,0.3519136544,0.149145526
144,0.95,0.05,0.2855993321,2547.5,0.3514106936,0.1492026023
144,0.95,0.05,0.2855993321,2550,0.3509257763,0.149248233
144,0.95,0.05,0.2855993321,2552.5,0.3504154838,0.1492992285
144,0.95,0.05,0.2855993321,2555,0.3498795294,0.1493678125
144,0.95,0.05,0.2855993321,2557.5,0.3492847,0.1494429994
144,0.95,0.05,0.2855993321,2560,0.3486764794,0.1495247116
144,0.95,0.05,0.2855993321,2562.5,0.3480723073,0.1496164417
144,0.95,0.05,0.2855993321,2565,0.3474420814,0.1497236045
144,0.95,0.05,0.2855993321,2567.5,0.3467977507,0.1498324384
144,0.95,0.05,0.2855993321,2570,0.3461646342,0.1499600217
144,0.95,0.05,0.2855993321,2572.5,0.3455881674,0.1500574601
144,0.95,0.05,0.2855993321,2575,0.3450610096,0.1501433237
144,0.95,0.05,0.2855993321,2577.5,0.3445883133,0.1502136567
144,0.95,0.05,0.2855993321,2580,0.3441038641,0.150286759
144,0.95,0.05,0.2855993321,2582.5,0.3436063162,0.150357498
144,0.95,0.05,0.2855993321,2585,0.3431352313,0.1504338216
144,0.95,0.05,0.2855993321,2587.5,0.3426666065,0.150496984
144,0.95,0.05,0.2855993321,2590,0.3421903543,0.1505573485
144,0.95,0.05,0.2855993321,2592.5,0.3417333465,0.1505985789
144,0.95,0.05,0.2855993321,2595,0.3412652921,0.1506717861
144,0.95,0.05,0.2855993321,2597.5,0.340797828,0.1507460107
144,0.95,0.05,0.2855993321,2600,0.3403101596,0.150816389
144,0.95,0.05,0.2855993321,2602.5,0.3397791943,0.1509020996
144,0.95,0.05,0.2855993321,2605,0.3392933298,0.1509736789
144,0.95,0.05,0.2855993321,2607.5,0.3388589874,0.1510382888
144,0.95,0.05,0.2855993321,2610,0.3383943197,0.1511093216
144,0.95,0.05,0.2855993321,2612.5,0.3379464255,0.1511894312
144,0.95,0.05,0.2855993321,2615,0.337530666,0.1512653645
144,0.95,0.05,0.2855993321,2617.5,0.3371268808,0.1513304993
144,0.95,0.05,0.2855993321,2620,0.3367342377,0.1513751384
144,0.95,0.05,0.2855993321,2622.5,0.3363451526,0.1514143446
144,0.95,0.05,0.2855993321,2625,0.335961292,0.1514372105
144,0.95,0.05,0.2855993321,2627.5,0.3355066973,0.1514911734
144,0.95,0.05,0.2855993321,2630,0.3350653602,0.1515390805
144,0.95,0.05,0.2855993321,2632.5,0.334642853,0.1515967109
144,0.95,0.05,0.2855993321,2635,0.3341801025,0.1516551878
144,0.95,0.05,0.2855993321,2637.5,0.3336870748,0.1517340827
144,0.95,0.05,0.2855993321,2640,0.3331670224,0.1518264993
144,0.95,0.05,0.2855993321,2642.5,0.3326752001,0.1519269848
144,0.95,0.05,0.2855993321,2645,0.3322351799,0.1520166201
144,0.95,0.05,0.2855993321,2647.5,0.3317825571,0.1521118614
144,0.95,0.05,0.2855993321,2650,0.3313075235,0.1522161268
144,0.95,0.05,0.2855993321,2652.5,0.3308298681,0.1523162581
144,0.95,0.05,0.2855993321,2655,0.3303397195,0.1524280106
144,0.95,0.05,0.2855993321,2657.5,0.3298737576,0.152538733
144,0.95,0.05,0.2855993321,2660,0.3293632722,0.1526480889
144,0.95,0.05,0.2855993321,2662.5,0.3289076652,0.1527302105
144,0.95,0.05,0.2855993321,2665,0.3284423543,0.1528132128
144,0.95,0.05,0.2855993321,2667.5,0.3279693528,0.1528771442
144,0.95,0.05,0.2855993321,2670,0.3275137875,0.1529284732
144,0.95,0.05,0.2855993321,2672.5,0.3270362672,0.1530066194
144,0.95,0.05,0.2855993321,2675,0.3265509864,0.1531143852
144,0.95,0.05,0.2855993321,2677.5,0.3260771832,0.1531935795
144,0.95,0.05,0.2855993321,2680,0.3255599621,0.1533000387
144,0.95,0.05,0.2855993321,2682.5,0.3250623839,0.1533991039
144,0.95,0.05,0.2855993321,2685,0.3246796876,0.1534356058
144,0.95,0.05,0.2855993321,2687.5,0.3242953828,0.1534503148
144,0.95,0.05,0.2855993321,2690,0.3238883478,0.1534843696
144,0.95,0.05,0.2855993321,2692.5,0.3235121516,0.1535196468
144,0.95,0.05,0.2855993321,2695,0.3230938181,0.1535981744
144,0.95,0.05,0.2855993321,2697.5,0.32269139,0.1536769072
144,0.95,0.05,0.2855993321,2700,0.3222628003,0.153762688
144,0.95,0.05,0.2855993321,2702.5,0.3218479708,0.1538420736
144,0.95,0.05,0.2855993321,2705,0.321450625,0.153890367
144,0.95,0.05,0.2855993321,2707.5,0.3209951723,0.1539639151
144,0.95,0.05,0.2855993321,2710,0.3205682923,0.1540248203
144,0.95,0.05,0.2855993321,2712.5,0.3201155416,0.1541108004
144,0.95,0.05,0.2855993321,2715,0.3196381594,0.1542089751
144,0.95,0.05,0.2855993321,2717.5,0.3191508316,0.1543011294
144,0.95,0.05,0.2855993321,2720,0.3187128685,0.1543717857
144,0.95,0.05,0.2855993321,2722.5,0.3182120592,0.1544440078
144,0.95,0.05,0.2855993321,2725,0.3177551301,0.1545141011
144,0.95,0.05,0.2855993321,2727.5,0.3172870395,0.1545795279
144,0.95,0.05,0.2855993321,2730,0.3168436574,0.1546515312
144,0.95,0.05,0.2855993321,2732.5,0.3164247121,0.1547258818
144,0.95,0.05,0.2855993321,2735,0.3159879572,0.1548021909
144,0.95,0.05,0.2855993321,2737.5,0.3155505759,0.154899066
144,0.95,0.05,0.2855993321,2740,0.3151510372,0.1550229904
144,0.95,0.05,0.2855993321,2742.5,0.3147521061,0.1551333429
144,0.95,0.05,0.2855993321,2745,0.3143856261,0.1552592252
144,0.95,0.05,0.2855993321,2747.5,0.3139579508,0.1554012755
144,0.95,0.05,0.2855993321,2750,0.3135121234,0.1555476433
144,0.95,0.05,0.2855993321,2752.5,0.3130736953,0.1556795379
144,0.95,0.05,0.2855993321,2755,0.3126531768,0.1557861833
144,0.95,0.05,0.2855993321,2757.5,0.3121868443,0.1558810572
144,0.95,0.05,0.2855993321,2760,0.3117017641,0.1559836187
144,0.95,0.05,0.2855993321,2762.5,0.3112390736,0.1560872339
144,0.95,0.05,0.2855993321,2765,0.3106876461,0.1562228883
144,0.95,0.05,0.2855993321,2767.5,0.3102268529,0.1562999071
144,0.95,0.05,0.2855993321,2770,0.3097559418,0.1563899887
144,0.95,0.05,0.2855993321,2772.5,0.3093040295,0.1564743678
144,0.95,0.05,0.2855993321,2775,0.3088461921,0.1565574278
144,0.95,0.05,0.2855993321,2777.5,0.3084036848,0.1566213809
144,0.95,0.05,0.2855993321,2780,0.30799973,0.1566657358
144,0.95,0.05,0.2855993321,2782.5,0.3075929659,0.1567315563
144,0.95,0.05,0.2855993321,2785,0.3072038129,0.1567935817
144,0.95,0.05,0.2855993321,2787.5,0.3067857516,0.1568561542
144,0.95,0.05,0.2855993321,2790,0.3063484013,0.1569337353
144,0.95,0.05,0.2855993321,2792.5,0.305776411,0.1570599177
144,0.95,0.05,0.2855993321,2795,0.3052352261,0.1571895672
144,0.95,0.05,0.2855993321,2797.5,0.3047455026,0.1573026356
144,0.95,0.05,0.2855993321,2800,0.3041986588,0.1574380781
144,0.95,0.05,0.2855993321,2802.5,0.3036341745,0.1575776322
144,0.95,0.05,0.2855993321,2805,0.3031587741,0.1576879521
144,0.95,0.05,0.2855993321,2807.5,0.302656669,0.1578138746
144,0.95,0.05,0.2855993321,2810,0.3020853727,0.1579768252
144,0.95,0.05,0.2855993321,2812.5,0.3014482018,0.1581550756
144,0.95,0.05,0.2855993321,2815,0.3007736785,0.1583533111
144,0.95,0.05,0.2855993321,2817.5,0.3000793955,0.1585510982
144,0.95,0.05,0.2855993321,2820,0.299403143,0.1587579834
144,0.95,0.05,0.2855993321,2822.5,0.2987396247,0.1589409151
144,0.95,0.05,0.2855993321,2825,0.2981517706,0.1590993664
144,0.95,0.05,0.2855993321,2827.5,0.2975639773,0.1592787036
144,0.95,0.05,0.2855993321,2830,0.2970155443,0.1594297809
144,0.95,0.05,0.2855993321,2832.5,0.2964059203,0.1596069737
144,0.95,0.05,0.2855993321,2835,0.2957854469,0.1597928097
144,0.95,0.05,0.2855993321,2837.5,0.2951907393,0.1599584369
144,0.95,0.05,0.2855993321,2840,0.2945876777,0.1601502102
144,0.95,0.05,0.2855993321,2842.5,0.2939701146,0.1603215515
144,0.95,0.05,0.2855993321,2845,0.2933635137,0.1604931897
144,0.95,0.05,0.2855993321,2847.5,0.2927147191,0.1606659324
144,0.95,0.05,0.2855993321,2850,0.2921052323,0.1608080321
144,0.95,0.05,0.2855993321,2852.5,0.2915022019,0.1609573662
144,0.95,0.05,0.2855993321,2855,0.290945198,0.1610893449
144,0.95,0.05,0.2855993321,2857.5,0.2903941805,0.1612337747
144,0.95,0.05,0.2855993321,2860,0.2898441426,0.1613883449
144,0.95,0.05,0.2855993321,2862.5,0.2892698819,0.1615436201
144,0.95,0.05,0.2855993321,2865,0.2887381351,0.161712754
144,0.95,0.05,0.2855993321,2867.5,0.2881541706,0.1619005769
144,0.95,0.05,0.2855993321,2870,0.2875871688,0.1620772348
144,0.95,0.05,0.2855993321,2872.5,0.2869759123,0.1622835151
144,0.95,0.05,0.2855993321,2875,0.286325448,0.1624791314
144,0.95,0.05,0.2855993321,2877.5,0.285722443,0.1626393855
144,0.95,0.05,0.2855993321,2880,0.2850598433,0.1628172477
144,0.95,0.05,0.2855993321,2882.5,0.284405698,0.1629900963
144,0.95,0.05,0.2855993321,2885,0.2837748136,0.1631412849
144,0.95,0.05,0.2855993321,2887.5,0.283198577,0.163266132
144,0.95,0.05,0.2855993321,2890,0.2825768241,0.1633836461
144,0.95,0.05,0.2855993321,2892.5,0.2819093472,0.1635185531
144,0.95,0.05,0.2855993321,2895,0.281242587,0.1636671411
144,0.95,0.05,0.2855993321,2897.5,0.2806222096,0.1638203591
144,0.95,0.05,0.2855993321,2900,0.2799809764,0.163952122
144,0.95,0.05,0.2855993321,2902.5,0.2793556028,0.1641041139
144,0.95,0.05,0.2855993321,2905,0.2787479793,0.1642582533
144,0.95,0.05,0.2855993321,2907.5,0.2781512942,0.1643945152
144,0.95,0.05,0.2855993321,2910,0.2775518652,0.1645328149
144,0.95,0.05,0.2855993321,2912.5,0.2769608625,0.1646661135
144,0.95,0.05,0.2855993321,2915,0.2763477388,0.1648314995
144,0.95,0.05,0.2855993321,2917.5,0.2757105326,0.1650122594
144,0.95,0.05,0.2855993321,2920,0.2750602403,0.1651926985
144,0.95,0.05,0.2855993321,2922.5,0.2743746894,0.1653835312
144,0.95,0.05,0.2855993321,2925,0.2736849652,0.1655959103
144,0.95,0.05,0.2855993321,2927.5,0.2730786941,0.1657874323
144,0.95,0.05,0.2855993321,2930,0.272481948,0.1659741224
144,0.95,0.05,0.2855993321,2932.5,0.2718336757,0.166190193
144,0.95,0.05,0.2855993321,2935,0.271178761,0.1663963364
144,0.95,0.05,0.2855993321,2937.5,0.2705761777,0.1665695308
144,0.95,0.05,0.2855993321,2940,0.2699464666,0.1667796519
144,0.95,0.05,0.2855993321,2942.5,0.2693670511,0.1669647188
144,0.95,0.05,0.2855993321,2945,0.2687636583,0.1671310374
144,0.95,0.05,0.2855993321,2947.5,0.2681662336,0.1673032742
144,0.95,0.05,0.2855993321,2950,0.267628225,0.1674654014
144,0.95,0.05,0.2855993321,2952.5,0.2670421868,0.167634448
144,0.95,0.05,0.2855993321,2955,0.2664196463,0.1677754822
144,0.95,0.05,0.2855993321,2957.5,0.2658266025,0.1679032016
144,0.95,0.05,0.2855993321,2960,0.2651666083,0.1680345634
144,0.95,0.05,0.2855993321,2962.5,0.264536648,0.1681473135
144,0.95,0.05,0.2855993321,2965,0.2639514835,0.1682360254
144,0.95,0.05,0.2855993321,2967.5,0.2633594917,0.1683313373
144,0.95,0.05,0.2855993321,2970,0.262758866,0.1684199854
144,0.95,0.05,0.2855993321,2972.5,0.2621304785,0.1685331355
144,0.95,0.05,0.2855993321,2975,0.2615495211,0.1686251719
144,0.95,0.05,0.2855993321,2977.5,0.2609403527,0.1687320663
144,0.95,0.05,0.2855993321,2980,0.2603136485,0.168843834
144,0.95,0.05,0.2855993321,2982.5,0.2596598593,0.1689530303
144,0.95,0.05,0.2855993321,2985,0.2589832219,0.1690718368
144,0.95,0.05,0.2855993321,2987.5,0.258289319,0.1691945668
144,0.95,0.05,0.2855993321,2990,0.2576465756,0.1693265883
144,0.95,0.05,0.2855993321,2992.5,0.2570326064,0.1694611083
144,0.95,0.05,0.2855993321,2995,0.2564374687,0.1695675389
144,0.95,0.05,0.2855993321,2997.5,0.255828426,0.1696692284
144,0.95,0.05,0.2855993321,3000,0.2552482294,0.1697651438
144,0.95,0.05,0.2855993321,3002.5,0.2546856757,0.1698588901
144,0.95,0.05,0.2855993321,3005,0.2541285661,0.1699753362
144,0.95,0.05,0.2855993321,3007.5,0.2535629795,0.1700978659
144,0.95,0.05,0.2855993321,3010,0.253034969,0.1702167451
144,0.95,0.05,0.2855993321,3012.5,0.2524978628,0.1703295292
144,0.95,0.05,0.2855993321,3015,0.251981305,0.1704231442
144,0.95,0.05,0.2855993321,3017.5,0.2514516031,0.1705147435
144,0.95,0.05,0.2855993321,3020,0.2509230591,0.1706310472
144,0.95,0.05,0.2855993321,3022.5,0.2503820092,0.1707194993
144,0.95,0.05,0.2855993321,3025,0.2498168183,0.1708149746
144,0.95,0.05,0.2855993321,3027.5,0.2492223131,0.1709285118
144,0.95,0.05,0.2855993321,3030,0.2486275998,0.1710371593
144,0.95,0.05,0.2855993321,3032.5,0.2480083065,0.1711554547
144,0.95,0.05,0.2855993321,3035,0.2474388279,0.1712537744
144,0.95,0.05,0.2855993321,3037.5,0.2467776735,0.1713769246
144,0.95,0.05,0.2855993321,3040,0.2461338155,0.1714899325
144,0.95,0.05,0.2855993321,3042.5,0.2454707937,0.1716056151
144,0.95,0.05,0.2855993321,3045,0.2448276479,0.1717123392
144,0.95,0.05,0.2855993321,3047.5,0.2442649188,0.1717951665
144,0.95,0.05,0.2855993321,3050,0.2436695487,0.1718873129
144,0.95,0.05,0.2855993321,3052.5,0.2430589373,0.1719962696
144,0.95,0.05,0.2855993321,3055,0.2424577089,0.1721073545
144,0.95,0.05,0.2855993321,3057.5,0.2418485708,0.1722188415
144,0.95,0.05,0.2855993321,3060,0.2412395986,0.1723291719
144,0.95,0.05,0.2855993321,3062.5,0.2406279141,0.1724267815
144,0.95,0.05,0.2855993321,3065,0.2399594439,0.1725420192
144,0.95,0.05,0.2855993321,3067.5,0.2393003847,0.172639545
144,0.95,0.05,0.2855993321,3070,0.2386481015,0.1727207806
144,0.95,0.05,0.2855993321,3072.5,0.2380799784,0.1727837519
144,0.95,0.05,0.2855993321,3075,0.2374832253,0.1728390616
144,0.95,0.05,0.2855993321,3077.5,0.2368746509,0.1729169419
144,0.95,0.05,0.2855993321,3080,0.2363045356,0.1730104699
144,0.95,0.05,0.2855993321,3082.5,0.2357378372,0.1730964261
144,0.95,0.05,0.2855993321,3085,0.2351867283,0.1731694833
144,0.95,0.05,0.2855993321,3087.5,0.2346867306,0.1732521988
144,0.95,0.05,0.2855993321,3090,0.2341460026,0.1733339329
144,0.95,0.05,0.2855993321,3092.5,0.233658214,0.1734123511
144,0.95,0.05,0.2855993321,3095,0.2331101382,0.1735040148
144,0.95,0.05,0.2855993321,3097.5,0.2325421739,0.1735895827
144,0.95,0.05,0.2855993321,3100,0.2320032316,0.1736570736
144,0.95,0.05,0.2855993321,3102.5,0.2314450711,0.1737219601
144,0.95,0.05,0.2855993321,3105,0.2309447985,0.1737877962
144,0.95,0.05,0.2855993321,3107.5,0.2304513373,0.173839141
144,0.95,0.05,0.2855993321,3110,0.2299230099,0.1738670741
144,0.95,0.05,0.2855993321,3112.5,0.2293725424,0.1738885837
144,0.95,0.05,0.2855993321,3115,0.228812892,0.1739326147
144,0.95,0.05,0.2855993321,3117.5,0.2282826765,0.1739491981
144,0.95,0.05,0.2855993321,3120,0.2277378684,0.1739859706
144,0.95,0.05,0.2855993321,3122.5,0.2271396719,0.1740509054
144,0.9,0.1,0.2855993321,0,1,0
144,0.9,0.1,0.2855993321,2.5,0.9982058336,0.0003381572856
144,0.9,0.1,0.2855993321,5,0.9967544533,0.0006098865284
144,0.9,0.1,0.2855993321,7.5,0.9954979142,0.0008484745108
144,0.9,0.1,0.2855993321,10,0.9943403913,0.001085159835
144,0.9,0.1,0.2855993321,12.5,0.993245274,0.001324289444
144,0.9,0.1,0.2855993321,15,0.9921984798,0.001557278787
144,0.9,0.1,0.2855993321,17.5,0.9912095672,0.001776294125
144,0.9,0.1,0.2855993321,20,0.990266455,0.00197581201
144,0.9,0.1,0.2855993321,22.5,0.9893262028,0.002184404443
144,0.9,0.1,0.2855993321,25,0.9884456053,0.002385269165
144,0.9,0.1,0.2855993321,27.5,0.9875749267,0.002589600596
144,0.9,0.1,0.2855993321,30,0.9867327417,0.002789718639
144,0.9,0.1,0.2855993321,32.5,0.9859135855,0.003004924275
144,0.9,0.1,0.2855993321,35,0.9850769052,0.003218975622
144,0.9,0.1,0.2855993321,37.5,0.984270656,0.003431607638
144,0.9,0.1,0.2855993321,40,0.9834913805,0.003634082268
144,0.9,0.1,0.2855993321,42.5,0.9827312642,0.003831499927
144,0.9,0.1,0.2855993321,45,0.981996347,0.004014336044
144,0.9,0.1,0.2855993321,47.5,0.9812300623,0.004204854941
144,0.9,0.1,0.2855993321,50,0.9804590557,0.004401395034
144,0.9,0.1,0.2855993321,52.5,0.9796845643,0.004583754522
144,0.9,0.1,0.2855993321,55,0.9789491318,0.004755353036
144,0.9,0.1,0.2855993321,57.5,0.9782118435,0.004943250295
144,0.9,0.1,0.2855993321,60,0.9774692618,0.005126871622
144,0.9,0.1,0.2855993321,62.5,0.9767465659,0.005299879428
144,0.9,0.1,0.2855993321,65,0.976016644,0.005472720616
144,0.9,0.1,0.2855993321,67.5,0.9752775767,0.005648147896
144,0.9,0.1,0.2855993321,70,0.9745390133,0.005831449128
144,0.9,0.1,0.2855993321,72.5,0.9738150703,0.006019902901
144,0.9,0.1,0.2855993321,75,0.9731010909,0.006203541458
144,0.9,0.1,0.2855993321,77.5,0.9723807416,0.006399228606
144,0.9,0.1,0.2855993321,80,0.9716606164,0.006599143249
144,0.9,0.1,0.2855993321,82.5,0.9709539543,0.006792234346
144,0.9,0.1,0.2855993321,85,0.9702324497,0.006988584028
144,0.9,0.1,0.2855993321,87.5,0.969506459,0.007184950684
144,0.9,0.1,0.2855993321,90,0.9687961018,0.00738051869
144,0.9,0.1,0.2855993321,92.5,0.9680878569,0.007565752732
144,0.9,0.1,0.2855993321,95,0.9673719622,0.007750654375
144,0.9,0.1,0.2855993321,97.5,0.9666692193,0.007963025606
144,0.9,0.1,0.2855993321,100,0.9659796365,0.008141675154
144,0.9,0.1,0.2855993321,102.5,0.9652941698,0.008313906148
144,0.9,0.1,0.2855993321,105,0.9645953394,0.008498171664
144,0.9,0.1,0.2855993321,107.5,0.963894617,0.008700989055
144,0.9,0.1,0.2855993321,110,0.9631991121,0.008903192541
144,0.9,0.1,0.2855993321,112.5,0.9625173214,0.009093743307
144,0.9,0.1,0.2855993321,115,0.9618421878,0.009285458945
144,0.9,0.1,0.2855993321,117.5,0.9611998223,0.00946818825
144,0.9,0.1,0.2855993321,120,0.9605155317,0.009659491161
144,0.9,0.1,0.2855993321,122.5,0.9598641044,0.009832670337
144,0.9,0.1,0.2855993321,125,0.9592037377,0.01000992549
144,0.9,0.1,0.2855993321,127.5,0.9585366753,0.01019632425
144,0.9,0.1,0.2855993321,130,0.9578804087,0.01037784592
144,0.9,0.1,0.2855993321,132.5,0.9572504703,0.01055760232
144,0.9,0.1,0.2855993321,135,0.9566287984,0.01074640068
144,0.9,0.1,0.2855993321,137.5,0.9559762549,0.0109595415
144,0.9,0.1,0.2855993321,140,0.9553210863,0.0111621864
144,0.9,0.1,0.2855993321,142.5,0.9546804759,0.0113569276
144,0.9,0.1,0.2855993321,145,0.954037871,0.01154200089
144,0.9,0.1,0.2855993321,147.5,0.9533930595,0.0117226975
144,0.9,0.1,0.2855993321,150,0.952730659,0.01191541023
144,0.9,0.1,0.2855993321,152.5,0.9521104946,0.01209215453
144,0.9,0.1,0.2855993321,155,0.9515013866,0.01227577644
144,0.9,0.1,0.2855993321,157.5,0.950897243,0.01246812696
144,0.9,0.1,0.2855993321,160,0.9503032016,0.01266023462
144,0.9,0.1,0.2855993321,162.5,0.949699228,0.01282442416
144,0.9,0.1,0.2855993321,165,0.9490860459,0.01299281033
144,0.9,0.1,0.2855993321,167.5,0.9484589549,0.01316364805
144,0.9,0.1,0.2855993321,170,0.9478235819,0.01334755574
144,0.9,0.1,0.2855993321,172.5,0.9472041669,0.01354667368
144,0.9,0.1,0.2855993321,175,0.9465796104,0.01372553791
144,0.9,0.1,0.2855993321,177.5,0.9459788827,0.01388925289
144,0.9,0.1,0.2855993321,180,0.945356649,0.01406752868
144,0.9,0.1,0.2855993321,182.5,0.9447207365,0.01424890992
144,0.9,0.1,0.2855993321,185,0.9440948775,0.01441846488
144,0.9,0.1,0.2855993321,187.5,0.9434633118,0.01457559562
144,0.9,0.1,0.2855993321,190,0.9428357431,0.01472155944
144,0.9,0.1,0.2855993321,192.5,0.9422578425,0.014871722
144,0.9,0.1,0.2855993321,195,0.9416723472,0.01500800686
144,0.9,0.1,0.2855993321,197.5,0.9410789496,0.01513403721
144,0.9,0.1,0.2855993321,200,0.9404612585,0.01526760682
144,0.9,0.1,0.2855993321,202.5,0.9398469416,0.01539093533
144,0.9,0.1,0.2855993321,205,0.939251361,0.01550438277
144,0.9,0.1,0.2855993321,207.5,0.9386496692,0.0156330033
144,0.9,0.1,0.2855993321,210,0.9380333834,0.01577585811
144,0.9,0.1,0.2855993321,212.5,0.9374064894,0.01591036956
144,0.9,0.1,0.2855993321,215,0.9368104073,0.01603398457
144,0.9,0.1,0.2855993321,217.5,0.9362359965,0.01614740969
144,0.9,0.1,0.2855993321,220,0.9356717823,0.01626040643
144,0.9,0.1,0.2855993321,222.5,0.9351050384,0.01637890158
144,0.9,0.1,0.2855993321,225,0.9345170823,0.01650662355
144,0.9,0.1,0.2855993321,227.5,0.9339389922,0.016619829
144,0.9,0.1,0.2855993321,230,0.9333550251,0.01674205232
144,0.9,0.1,0.2855993321,232.5,0.9327528282,0.01687086069
144,0.9,0.1,0.2855993321,235,0.9321421417,0.01700465552
144,0.9,0.1,0.2855993321,237.5,0.9315429494,0.01712021402
144,0.9,0.1,0.2855993321,240,0.9309518459,0.01723510058
144,0.9,0.1,0.2855993321,242.5,0.9303598746,0.01735995302
144,0.9,0.1,0.2855993321,245,0.9297673322,0.01748299794
144,0.9,0.1,0.2855993321,247.5,0.9292069587,0.01760741439
144,0.9,0.1,0.2855993321,250,0.9286491535,0.01773121078
144,0.9,0.1,0.2855993321,252.5,0.928096354,0.01785501713
144,0.9,0.1,0.2855993321,255,0.9275047679,0.01800749828
144,0.9,0.1,0.2855993321,257.5,0.9269135982,0.01814367303
144,0.9,0.1,0.2855993321,260,0.9263294206,0.01827319872
144,0.9,0.1,0.2855993321,262.5,0.9257393648,0.01842006645
144,0.9,0.1,0.2855993321,265,0.9251675158,0.01854574473
144,0.9,0.1,0.2855993321,267.5,0.9245744388,0.01867915774
144,0.9,0.1,0.2855993321,270,0.9239684098,0.0188315915
144,0.9,0.1,0.2855993321,272.5,0.9233613231,0.01899961324
144,0.9,0.1,0.2855993321,275,0.9227252397,0.01915162988
144,0.9,0.1,0.2855993321,277.5,0.9221212793,0.01929397579
144,0.9,0.1,0.2855993321,280,0.9215309447,0.01943013262
144,0.9,0.1,0.2855993321,282.5,0.9209565279,0.01956179572
144,0.9,0.1,0.2855993321,285,0.9203785726,0.01968313412
144,0.9,0.1,0.2855993321,287.5,0.9198058808,0.01979779708
144,0.9,0.1,0.2855993321,290,0.9192478458,0.01992474741
144,0.9,0.1,0.2855993321,292.5,0.9187061434,0.02004840428
144,0.9,0.1,0.2855993321,295,0.9181688375,0.02015783822
144,0.9,0.1,0.2855993321,297.5,0.9176160594,0.02026838357
144,0.9,0.1,0.2855993321,300,0.9170560472,0.02039395161
144,0.9,0.1,0.2855993321,302.5,0.9165190936,0.02051541062
144,0.9,0.1,0.2855993321,305,0.9159671449,0.02063640126
144,0.9,0.1,0.2855993321,307.5,0.9154467744,0.02074227141
144,0.9,0.1,0.2855993321,310,0.9149146692,0.0208691785
144,0.9,0.1,0.2855993321,312.5,0.9144089788,0.02098213769
144,0.9,0.1,0.2855993321,315,0.9138831773,0.0211024549
144,0.9,0.1,0.2855993321,317.5,0.9133975721,0.02120447468
144,0.9,0.1,0.2855993321,320,0.9129015261,0.02131193443
144,0.9,0.1,0.2855993321,322.5,0.9123853283,0.02142060029
144,0.9,0.1,0.2855993321,325,0.911859962,0.02153502718
144,0.9,0.1,0.2855993321,327.5,0.9113506032,0.02165667311
144,0.9,0.1,0.2855993321,330,0.9108556681,0.02179225506
144,0.9,0.1,0.2855993321,332.5,0.9103723118,0.02194613563
144,0.9,0.1,0.2855993321,335,0.9098905092,0.02209376871
144,0.9,0.1,0.2855993321,337.5,0.909413997,0.02223996378
144,0.9,0.1,0.2855993321,340,0.9089156569,0.02238231267
144,0.9,0.1,0.2855993321,342.5,0.9084057199,0.02251135315
144,0.9,0.1,0.2855993321,345,0.9078997044,0.02266214334
144,0.9,0.1,0.2855993321,347.5,0.9074184817,0.02280584391
144,0.9,0.1,0.2855993321,350,0.9069214528,0.02296564053
144,0.9,0.1,0.2855993321,352.5,0.9064375318,0.02311512111
144,0.9,0.1,0.2855993321,355,0.9059422446,0.02325393888
144,0.9,0.1,0.2855993321,357.5,0.905445447,0.02340525051
144,0.9,0.1,0.2855993321,360,0.9049724155,0.0235603189
144,0.9,0.1,0.2855993321,362.5,0.9044730319,0.02371324363
144,0.9,0.1,0.2855993321,365,0.9039973496,0.02384532188
144,0.9,0.1,0.2855993321,367.5,0.9034971162,0.0239955815
144,0.9,0.1,0.2855993321,370,0.9029845172,0.02414855484
144,0.9,0.1,0.2855993321,372.5,0.9024859775,0.02430244788
144,0.9,0.1,0.2855993321,375,0.9020041677,0.02446324563
144,0.9,0.1,0.2855993321,377.5,0.9014916257,0.02462380824
144,0.9,0.1,0.2855993321,380,0.9009878221,0.0247792225
144,0.9,0.1,0.2855993321,382.5,0.9004881401,0.02491849648
144,0.9,0.1,0.2855993321,385,0.8999915788,0.02507673147
144,0.9,0.1,0.2855993321,387.5,0.8995124942,0.02523079088
144,0.9,0.1,0.2855993321,390,0.8990489653,0.02537676901
144,0.9,0.1,0.2855993321,392.5,0.8985829798,0.0255294127
144,0.9,0.1,0.2855993321,395,0.8980953299,0.02569479742
144,0.9,0.1,0.2855993321,397.5,0.8976051476,0.02584952384
144,0.9,0.1,0.2855993321,400,0.8971326839,0.02599811665
144,0.9,0.1,0.2855993321,402.5,0.8966581359,0.02615318184
144,0.9,0.1,0.2855993321,405,0.8961732831,0.0263197116
144,0.9,0.1,0.2855993321,407.5,0.8956629468,0.02650293979
144,0.9,0.1,0.2855993321,410,0.8951611347,0.02667955037
144,0.9,0.1,0.2855993321,412.5,0.8946754646,0.02685012239
144,0.9,0.1,0.2855993321,415,0.8941749893,0.02702405755
144,0.9,0.1,0.2855993321,417.5,0.8936768742,0.02719488287
144,0.9,0.1,0.2855993321,420,0.8932222756,0.02737096303
144,0.9,0.1,0.2855993321,422.5,0.8927736669,0.02753551625
144,0.9,0.1,0.2855993321,425,0.8923218911,0.02770794139
144,0.9,0.1,0.2855993321,427.5,0.8918528319,0.02787483902
144,0.9,0.1,0.2855993321,430,0.8914051131,0.0280382265
144,0.9,0.1,0.2855993321,432.5,0.8909594742,0.02820134607
144,0.9,0.1,0.2855993321,435,0.8905288711,0.02838640912
144,0.9,0.1,0.2855993321,437.5,0.890097331,0.02857081592
144,0.9,0.1,0.2855993321,440,0.8896771564,0.02875635924
144,0.9,0.1,0.2855993321,442.5,0.8892671012,0.02891974046
144,0.9,0.1,0.2855993321,445,0.8888625537,0.0290809615
144,0.9,0.1,0.2855993321,447.5,0.8884605274,0.02923690297
144,0.9,0.1,0.2855993321,450,0.8880377208,0.02940307775
144,0.9,0.1,0.2855993321,452.5,0.8875965038,0.02956046765
144,0.9,0.1,0.2855993321,455,0.8871751923,0.02972015552
144,0.9,0.1,0.2855993321,457.5,0.8867622985,0.02986619219
144,0.9,0.1,0.2855993321,460,0.8863615959,0.03001254666
144,0.9,0.1,0.2855993321,462.5,0.8859584961,0.03015256663
144,0.9,0.1,0.2855993321,465,0.8855518801,0.03028179014
144,0.9,0.1,0.2855993321,467.5,0.8851542041,0.03040529538
144,0.9,0.1,0.2855993321,470,0.8847511246,0.03052824285
144,0.9,0.1,0.2855993321,472.5,0.8843456096,0.03063037886
144,0.9,0.1,0.2855993321,475,0.8839713943,0.03074088078
144,0.9,0.1,0.2855993321,477.5,0.8836098963,0.03085125192
144,0.9,0.1,0.2855993321,480,0.8832201523,0.0309834953
144,0.9,0.1,0.2855993321,482.5,0.8827987301,0.03111536734
144,0.9,0.1,0.2855993321,485,0.8823930435,0.03124516047
144,0.9,0.1,0.2855993321,487.5,0.8819855968,0.03136166976
144,0.9,0.1,0.2855993321,490,0.8815695559,0.03150174999
144,0.9,0.1,0.2855993321,492.5,0.8811557323,0.03165435816
144,0.9,0.1,0.2855993321,495,0.8807381445,0.03180004073
144,0.9,0.1,0.2855993321,497.5,0.8803271907,0.03192993862
144,0.9,0.1,0.2855993321,500,0.8798944313,0.03206457506
144,0.9,0.1,0.2855993321,502.5,0.8794431628,0.03221036391
144,0.9,0.1,0.2855993321,505,0.878994086,0.0323548042
144,0.9,0.1,0.2855993321,507.5,0.8785240061,0.03251317865
144,0.9,0.1,0.2855993321,510,0.8780681018,0.03267224942
144,0.9,0.1,0.2855993321,512.5,0.8775867919,0.03283301405
144,0.9,0.1,0.2855993321,515,0.8771046036,0.03297007988
144,0.9,0.1,0.2855993321,517.5,0.876620738,0.03311800256
144,0.9,0.1,0.2855993321,520,0.8761412792,0.03326495657
144,0.9,0.1,0.2855993321,522.5,0.8756690614,0.03340406168
144,0.9,0.1,0.2855993321,525,0.8751868849,0.03353259577
144,0.9,0.1,0.2855993321,527.5,0.8747076004,0.03364608789
144,0.9,0.1,0.2855993321,530,0.8742500195,0.03375483876
144,0.9,0.1,0.2855993321,532.5,0.8737798346,0.03386609156
144,0.9,0.1,0.2855993321,535,0.873332393,0.03397346295
144,0.9,0.1,0.2855993321,537.5,0.8728704758,0.03409679047
144,0.9,0.1,0.2855993321,540,0.8724200634,0.03422390794
144,0.9,0.1,0.2855993321,542.5,0.8719835277,0.03435642591
144,0.9,0.1,0.2855993321,545,0.871549278,0.03451085448
144,0.9,0.1,0.2855993321,547.5,0.8711363829,0.03465241211
144,0.9,0.1,0.2855993321,550,0.8707067775,0.0347837073
144,0.9,0.1,0.2855993321,552.5,0.8702659668,0.03491329842
144,0.9,0.1,0.2855993321,555,0.8698516232,0.03502766143
144,0.9,0.1,0.2855993321,557.5,0.8694278139,0.03514751223
144,0.9,0.1,0.2855993321,560,0.8690128465,0.03525869538
144,0.9,0.1,0.2855993321,562.5,0.8686094807,0.03535420444
144,0.9,0.1,0.2855993321,565,0.8681771005,0.03544285876
144,0.9,0.1,0.2855993321,567.5,0.8677533259,0.03554628146
144,0.9,0.1,0.2855993321,570,0.8673064503,0.0356489561
144,0.9,0.1,0.2855993321,572.5,0.8668607238,0.03573268234
144,0.9,0.1,0.2855993321,575,0.8664097173,0.03582929027
144,0.9,0.1,0.2855993321,577.5,0.8659602604,0.03592252673
144,0.9,0.1,0.2855993321,580,0.8655175361,0.0360162276
144,0.9,0.1,0.2855993321,582.5,0.8650656101,0.03610345868
144,0.9,0.1,0.2855993321,585,0.8646098516,0.03618509471
144,0.9,0.1,0.2855993321,587.5,0.8641413879,0.03626572418
144,0.9,0.1,0.2855993321,590,0.8636943057,0.03634354533
144,0.9,0.1,0.2855993321,592.5,0.8632681134,0.03642640321
144,0.9,0.1,0.2855993321,595,0.8628679083,0.03650587706
144,0.9,0.1,0.2855993321,597.5,0.8624621972,0.03658895186
144,0.9,0.1,0.2855993321,600,0.862029745,0.03668397099
144,0.9,0.1,0.2855993321,602.5,0.861590459,0.03678455282
144,0.9,0.1,0.2855993321,605,0.8611685371,0.03686664419
144,0.9,0.1,0.2855993321,607.5,0.860745282,0.03695599243
144,0.9,0.1,0.2855993321,610,0.8603541211,0.03703731108
144,0.9,0.1,0.2855993321,612.5,0.859945345,0.03711817651
144,0.9,0.1,0.2855993321,615,0.8595349492,0.03719533643
144,0.9,0.1,0.2855993321,617.5,0.859085167,0.03726472094
144,0.9,0.1,0.2855993321,620,0.8586330022,0.03733332083
144,0.9,0.1,0.2855993321,622.5,0.8582211568,0.03739972165
144,0.9,0.1,0.2855993321,625,0.8578198894,0.0374554325
144,0.9,0.1,0.2855993321,627.5,0.8574209254,0.03753034
144,0.9,0.1,0.2855993321,630,0.8570090819,0.03762285562
144,0.9,0.1,0.2855993321,632.5,0.8565968074,0.03769501576
144,0.9,0.1,0.2855993321,635,0.8561705733,0.03775781075
144,0.9,0.1,0.2855993321,637.5,0.8557221479,0.03783771011
144,0.9,0.1,0.2855993321,640,0.8552531863,0.0379339997
144,0.9,0.1,0.2855993321,642.5,0.8547922007,0.03804039004
144,0.9,0.1,0.2855993321,645,0.8543128944,0.03815378565
144,0.9,0.1,0.2855993321,647.5,0.8538583191,0.0382540571
144,0.9,0.1,0.2855993321,650,0.8534034592,0.03836285634
144,0.9,0.1,0.2855993321,652.5,0.8529457842,0.03848123316
144,0.9,0.1,0.2855993321,655,0.8524913907,0.03861414052
144,0.9,0.1,0.2855993321,657.5,0.8520282474,0.03873573912
144,0.9,0.1,0.2855993321,660,0.8515784005,0.03885559391
144,0.9,0.1,0.2855993321,662.5,0.8511176979,0.03897569964
144,0.9,0.1,0.2855993321,665,0.8506478101,0.0390956357
144,0.9,0.1,0.2855993321,667.5,0.8501817135,0.03921679613
144,0.9,0.1,0.2855993321,670,0.8496878235,0.03936636016
144,0.9,0.1,0.2855993321,672.5,0.8492256577,0.03949853719
144,0.9,0.1,0.2855993321,675,0.848725558,0.03963911204
144,0.9,0.1,0.2855993321,677.5,0.8482261961,0.03977111429
144,0.9,0.1,0.2855993321,680,0.8477570244,0.03989687991
144,0.9,0.1,0.2855993321,682.5,0.8472897894,0.04002957423
144,0.9,0.1,0.2855993321,685,0.8468239845,0.04015657088
144,0.9,0.1,0.2855993321,687.5,0.8463518137,0.04027379197
144,0.9,0.1,0.2855993321,690,0.845880465,0.04038158493
144,0.9,0.1,0.2855993321,692.5,0.845428607,0.04048830823
144,0.9,0.1,0.2855993321,695,0.8449816305,0.04058468177
144,0.9,0.1,0.2855993321,697.5,0.8445034186,0.0406828873
144,0.9,0.1,0.2855993321,700,0.8439961758,0.04080151335
144,0.9,0.1,0.2855993321,702.5,0.8434993344,0.04092833196
144,0.9,0.1,0.2855993321,705,0.8429758768,0.04105376535
144,0.9,0.1,0.2855993321,707.5,0.8424717551,0.04118467703
144,0.9,0.1,0.2855993321,710,0.841977482,0.04131138995
144,0.9,0.1,0.2855993321,712.5,0.8414784849,0.04143533955
144,0.9,0.1,0.2855993321,715,0.8409988893,0.04156977159
144,0.9,0.1,0.2855993321,717.5,0.8405448551,0.04170735719
144,0.9,0.1,0.2855993321,720,0.8400734288,0.04184776479
144,0.9,0.1,0.2855993321,722.5,0.8395980037,0.04199246032
144,0.9,0.1,0.2855993321,725,0.8391624742,0.04212918842
144,0.9,0.1,0.2855993321,727.5,0.8387161035,0.04225401187
144,0.9,0.1,0.2855993321,730,0.8382579439,0.04238025757
144,0.9,0.1,0.2855993321,732.5,0.8378194171,0.04250734251
144,0.9,0.1,0.2855993321,735,0.8373434577,0.0426431522
144,0.9,0.1,0.2855993321,737.5,0.8368876207,0.04278106628
144,0.9,0.1,0.2855993321,740,0.8364119229,0.04293172696
144,0.9,0.1,0.2855993321,742.5,0.8359381755,0.0430840846
144,0.9,0.1,0.2855993321,745,0.8354670547,0.04323286
144,0.9,0.1,0.2855993321,747.5,0.8350021966,0.04337381118
144,0.9,0.1,0.2855993321,750,0.8345358514,0.04352224147
144,0.9,0.1,0.2855993321,752.5,0.834042431,0.04368588469
144,0.9,0.1,0.2855993321,755,0.8335599106,0.04385573707
144,0.9,0.1,0.2855993321,757.5,0.8331024368,0.044007893
144,0.9,0.1,0.2855993321,760,0.8326282585,0.04414944991
144,0.9,0.1,0.2855993321,762.5,0.8321616275,0.04428433185
144,0.9,0.1,0.2855993321,765,0.831697451,0.04441315285
144,0.9,0.1,0.2855993321,767.5,0.8312568343,0.04454838784
144,0.9,0.1,0.2855993321,770,0.8308142754,0.04467859467
144,0.9,0.1,0.2855993321,772.5,0.830374501,0.04480770331
144,0.9,0.1,0.2855993321,775,0.8299381389,0.04492745085
144,0.9,0.1,0.2855993321,777.5,0.8294975255,0.04505350696
144,0.9,0.1,0.2855993321,780,0.8290833936,0.04516576306
144,0.9,0.1,0.2855993321,782.5,0.8286831315,0.04527638913
144,0.9,0.1,0.2855993321,785,0.8282742514,0.0453805532
144,0.9,0.1,0.2855993321,787.5,0.8278952983,0.04548009789
144,0.9,0.1,0.2855993321,790,0.827490655,0.04557985182
144,0.9,0.1,0.2855993321,792.5,0.827072461,0.04567529116
144,0.9,0.1,0.2855993321,795,0.8266685573,0.0457684782
144,0.9,0.1,0.2855993321,797.5,0.8262814701,0.04586961139
144,0.9,0.1,0.2855993321,800,0.8258650659,0.04597118656
144,0.9,0.1,0.2855993321,802.5,0.8254685546,0.04606095845
144,0.9,0.1,0.2855993321,805,0.8250691824,0.04612950955
144,0.9,0.1,0.2855993321,807.5,0.8246739253,0.04618655772
144,0.9,0.1,0.2855993321,810,0.8242668087,0.04625914477
144,0.9,0.1,0.2855993321,812.5,0.8238632651,0.04633536357
144,0.9,0.1,0.2855993321,815,0.8234772544,0.04643074416
144,0.9,0.1,0.2855993321,817.5,0.8230729043,0.04653117571
144,0.9,0.1,0.2855993321,820,0.8227038559,0.0466027604
144,0.9,0.1,0.2855993321,822.5,0.8223526332,0.04666951038
144,0.9,0.1,0.2855993321,825,0.8219902326,0.04675461944
144,0.9,0.1,0.2855993321,827.5,0.8216170687,0.04682570029
144,0.9,0.1,0.2855993321,830,0.8212254634,0.0469049708
144,0.9,0.1,0.2855993321,832.5,0.8208576994,0.04697738162
144,0.9,0.1,0.2855993321,835,0.8204711219,0.04705060963
144,0.9,0.1,0.2855993321,837.5,0.8200803614,0.04713533184
144,0.9,0.1,0.2855993321,840,0.8197042524,0.04721126264
144,0.9,0.1,0.2855993321,842.5,0.8193348633,0.04727489412
144,0.9,0.1,0.2855993321,845,0.8189825218,0.04733518559
144,0.9,0.1,0.2855993321,847.5,0.8186048428,0.04739894141
144,0.9,0.1,0.2855993321,850,0.8182494998,0.0474750145
144,0.9,0.1,0.2855993321,852.5,0.8179070995,0.04756663712
144,0.9,0.1,0.2855993321,855,0.8176100799,0.04764769218
144,0.9,0.1,0.2855993321,857.5,0.8173035147,0.04774207561
144,0.9,0.1,0.2855993321,860,0.8169593502,0.04785033662
144,0.9,0.1,0.2855993321,862.5,0.8166291439,0.04794609268
144,0.9,0.1,0.2855993321,865,0.8163125577,0.04802125515
144,0.9,0.1,0.2855993321,867.5,0.81597849,0.04810816468
144,0.9,0.1,0.2855993321,870,0.8156380638,0.0481881609
144,0.9,0.1,0.2855993321,872.5,0.8152989306,0.04828068096
144,0.9,0.1,0.2855993321,875,0.8149696923,0.04837056235
144,0.9,0.1,0.2855993321,877.5,0.8146479754,0.04844520035
144,0.9,0.1,0.2855993321,880,0.8143261848,0.04852631338
144,0.9,0.1,0.2855993321,882.5,0.8140207808,0.04861123946
144,0.9,0.1,0.2855993321,885,0.8137089761,0.04868775948
144,0.9,0.1,0.2855993321,887.5,0.8134168874,0.04875664
144,0.9,0.1,0.2855993321,890,0.8130976979,0.04884677145
144,0.9,0.1,0.2855993321,892.5,0.8127641532,0.04893149488
144,0.9,0.1,0.2855993321,895,0.8124334447,0.0490207573
144,0.9,0.1,0.2855993321,897.5,0.8120993662,0.04912328546
144,0.9,0.1,0.2855993321,900,0.8117785805,0.04921425391
144,0.9,0.1,0.2855993321,902.5,0.8114409432,0.04930945646
144,0.9,0.1,0.2855993321,905,0.8110899802,0.04940982499
144,0.9,0.1,0.2855993321,907.5,0.8107461049,0.0495091335
144,0.9,0.1,0.2855993321,910,0.810416303,0.04960952255
144,0.9,0.1,0.2855993321,912.5,0.81008427,0.0497006767
144,0.9,0.1,0.2855993321,915,0.8097820023,0.04978262717
144,0.9,0.1,0.2855993321,917.5,0.8094680249,0.04985428623
144,0.9,0.1,0.2855993321,920,0.8091752345,0.04992713907
144,0.9,0.1,0.2855993321,922.5,0.8088417116,0.05001523197
144,0.9,0.1,0.2855993321,925,0.8085058482,0.05009582928
144,0.9,0.1,0.2855993321,927.5,0.8082067243,0.05016144463
144,0.9,0.1,0.2855993321,930,0.807927129,0.05022525042
144,0.9,0.1,0.2855993321,932.5,0.8076856899,0.05027940923
144,0.9,0.1,0.2855993321,935,0.8074376296,0.05034207627
144,0.9,0.1,0.2855993321,937.5,0.807187238,0.05040178007
144,0.9,0.1,0.2855993321,940,0.8069585507,0.05045891281
144,0.9,0.1,0.2855993321,942.5,0.8067326232,0.05051569927
144,0.9,0.1,0.2855993321,945,0.8065064437,0.05056684849
144,0.9,0.1,0.2855993321,947.5,0.8062987593,0.05061405551
144,0.9,0.1,0.2855993321,950,0.8060471827,0.05067961415
144,0.9,0.1,0.2855993321,952.5,0.8057883713,0.05075112437
144,0.9,0.1,0.2855993321,955,0.8055233198,0.05081240188
144,0.9,0.1,0.2855993321,957.5,0.8052633394,0.0508828462
144,0.9,0.1,0.2855993321,960,0.8050110268,0.05093205994
144,0.9,0.1,0.2855993321,962.5,0.8047707374,0.0509865325
144,0.9,0.1,0.2855993321,965,0.8045121376,0.0510509854
144,0.9,0.1,0.2855993321,967.5,0.8042804898,0.05111488657
144,0.9,0.1,0.2855993321,970,0.8040452769,0.05118719812
144,0.9,0.1,0.2855993321,972.5,0.8038097591,0.05125764441
144,0.9,0.1,0.2855993321,975,0.8035852295,0.05132874594
144,0.9,0.1,0.2855993321,977.5,0.8033230771,0.05139660289
144,0.9,0.1,0.2855993321,980,0.8030466892,0.05147668725
144,0.9,0.1,0.2855993321,982.5,0.80279185,0.05154900599
144,0.9,0.1,0.2855993321,985,0.8025120781,0.05162604823
144,0.9,0.1,0.2855993321,987.5,0.8022251537,0.05170670398
144,0.9,0.1,0.2855993321,990,0.8019394355,0.05177159983
144,0.9,0.1,0.2855993321,992.5,0.8016507537,0.0518367413
144,0.9,0.1,0.2855993321,995,0.8013351546,0.05190027853
144,0.9,0.1,0.2855993321,997.5,0.8010157809,0.05197344032
144,0.9,0.1,0.2855993321,1000,0.8007161883,0.05204410416
144,0.9,0.1,0.2855993321,1002.5,0.8004510038,0.05210499185
144,0.9,0.1,0.2855993321,1005,0.8001622056,0.0521761155
144,0.9,0.1,0.2855993321,1007.5,0.7998858157,0.0522506521
144,0.9,0.1,0.2855993321,1010,0.7995860221,0.0523396673
144,0.9,0.1,0.2855993321,1012.5,0.7992860173,0.05243416965
144,0.9,0.1,0.2855993321,1015,0.7990011375,0.05250185455
144,0.9,0.1,0.2855993321,1017.5,0.798693042,0.05257431097
144,0.9,0.1,0.2855993321,1020,0.798393144,0.05264198925
144,0.9,0.1,0.2855993321,1022.5,0.7980928651,0.05271014631
144,0.9,0.1,0.2855993321,1025,0.7977693206,0.05278783211
144,0.9,0.1,0.2855993321,1027.5,0.7974433183,0.05286850887
144,0.9,0.1,0.2855993321,1030,0.7971454718,0.05292721434
144,0.9,0.1,0.2855993321,1032.5,0.7968499991,0.05298114356
144,0.9,0.1,0.2855993321,1035,0.7965570717,0.05302867679
144,0.9,0.1,0.2855993321,1037.5,0.7962745184,0.05307843705
144,0.9,0.1,0.2855993321,1040,0.7959995607,0.05313325763
144,0.9,0.1,0.2855993321,1042.5,0.795715393,0.05318417411
144,0.9,0.1,0.2855993321,1045,0.7954383199,0.05323263235
144,0.9,0.1,0.2855993321,1047.5,0.7951963962,0.05328572467
144,0.9,0.1,0.2855993321,1050,0.7949294594,0.05333965142
144,0.9,0.1,0.2855993321,1052.5,0.7946537941,0.05341499603
144,0.9,0.1,0.2855993321,1055,0.7944080499,0.0534799215
144,0.9,0.1,0.2855993321,1057.5,0.7941731015,0.05355132847
144,0.9,0.1,0.2855993321,1060,0.7939638672,0.05359928986
144,0.9,0.1,0.2855993321,1062.5,0.7937460113,0.05365447539
144,0.9,0.1,0.2855993321,1065,0.7935397816,0.0537185114
144,0.9,0.1,0.2855993321,1067.5,0.7932989794,0.05378248683
144,0.9,0.1,0.2855993321,1070,0.7930639898,0.05384174003
144,0.9,0.1,0.2855993321,1072.5,0.7928218925,0.05389924019
144,0.9,0.1,0.2855993321,1075,0.7926078767,0.05396215299
144,0.9,0.1,0.2855993321,1077.5,0.7924005061,0.05402770244
144,0.9,0.1,0.2855993321,1080,0.7921848827,0.05409477989
144,0.9,0.1,0.2855993321,1082.5,0.7919729059,0.05415023582
144,0.9,0.1,0.2855993321,1085,0.7917543042,0.05421439073
144,0.9,0.1,0.2855993321,1087.5,0.7915326255,0.05427554504
144,0.9,0.1,0.2855993321,1090,0.7913093028,0.05433626696
144,0.9,0.1,0.2855993321,1092.5,0.7910939224,0.05440060094
144,0.9,0.1,0.2855993321,1095,0.790886735,0.05444903138
144,0.9,0.1,0.2855993321,1097.5,0.7906621824,0.05451072405
144,0.9,0.1,0.2855993321,1100,0.7904521515,0.05457659343
144,0.9,0.1,0.2855993321,1102.5,0.7902569759,0.0546298406
144,0.9,0.1,0.2855993321,1105,0.79007191,0.05469513916
144,0.9,0.1,0.2855993321,1107.5,0.789890593,0.05474216529
144,0.9,0.1,0.2855993321,1110,0.7897048462,0.05478049193
144,0.9,0.1,0.2855993321,1112.5,0.7894924377,0.05483133523
144,0.9,0.1,0.2855993321,1115,0.789273681,0.05489012686
144,0.9,0.1,0.2855993321,1117.5,0.7890389373,0.05495569127
144,0.9,0.1,0.2855993321,1120,0.7888270524,0.05503202132
144,0.9,0.1,0.2855993321,1122.5,0.78859093,0.05512516307
144,0.9,0.1,0.2855993321,1125,0.7883614251,0.05520739703
144,0.9,0.1,0.2855993321,1127.5,0.7881269808,0.0552935461
144,0.9,0.1,0.2855993321,1130,0.7878836015,0.05537954526
144,0.9,0.1,0.2855993321,1132.5,0.7876924628,0.05543681253
144,0.9,0.1,0.2855993321,1135,0.787472675,0.05548938413
144,0.9,0.1,0.2855993321,1137.5,0.7872308072,0.05556093831
144,0.9,0.1,0.2855993321,1140,0.7870135224,0.05562577761
144,0.9,0.1,0.2855993321,1142.5,0.7867993624,0.05569593461
144,0.9,0.1,0.2855993321,1145,0.786604515,0.05577888176
144,0.9,0.1,0.2855993321,1147.5,0.7863908815,0.05585596957
144,0.9,0.1,0.2855993321,1150,0.7861728315,0.05593906039
144,0.9,0.1,0.2855993321,1152.5,0.7859871689,0.05601680025
144,0.9,0.1,0.2855993321,1155,0.7858005621,0.05609114843
144,0.9,0.1,0.2855993321,1157.5,0.7855714508,0.05618779894
144,0.9,0.1,0.2855993321,1160,0.7853762418,0.05627749126
144,0.9,0.1,0.2855993321,1162.5,0.7851715374,0.05636744296
144,0.9,0.1,0.2855993321,1165,0.784970075,0.05645035936
144,0.9,0.1,0.2855993321,1167.5,0.7847295124,0.05652356923
144,0.9,0.1,0.2855993321,1170,0.7845105867,0.05661135395
144,0.9,0.1,0.2855993321,1172.5,0.7843176902,0.05668341221
144,0.9,0.1,0.2855993321,1175,0.7841188699,0.05675208712
144,0.9,0.1,0.2855993321,1177.5,0.7839307619,0.05681658527
144,0.9,0.1,0.2855993321,1180,0.7836971543,0.05687309417
144,0.9,0.1,0.2855993321,1182.5,0.7834658819,0.05694084517
144,0.9,0.1,0.2855993321,1185,0.7832476109,0.05701813834
144,0.9,0.1,0.2855993321,1187.5,0.7830401966,0.05708647608
144,0.9,0.1,0.2855993321,1190,0.7828512739,0.05714933701
144,0.9,0.1,0.2855993321,1192.5,0.7826864317,0.05719384378
144,0.9,0.1,0.2855993321,1195,0.7825291505,0.05723944371
144,0.9,0.1,0.2855993321,1197.5,0.7823842956,0.05727240403
144,0.9,0.1,0.2855993321,1200,0.782220259,0.05730435841
144,0.9,0.1,0.2855993321,1202.5,0.7820561958,0.05733363959
144,0.9,0.1,0.2855993321,1205,0.7818986097,0.05735622067
144,0.9,0.1,0.2855993321,1207.5,0.7817447432,0.05737651886
144,0.9,0.1,0.2855993321,1210,0.7816130532,0.05739921339
144,0.9,0.1,0.2855993321,1212.5,0.7814826007,0.05742286864
144,0.9,0.1,0.2855993321,1215,0.7813297688,0.05744481421
144,0.9,0.1,0.2855993321,1217.5,0.7811694903,0.05746535737
144,0.9,0.1,0.2855993321,1220,0.7810493915,0.05748056995
144,0.9,0.1,0.2855993321,1222.5,0.7809073339,0.05750996689
144,0.9,0.1,0.2855993321,1225,0.7807771996,0.05753320803
144,0.9,0.1,0.2855993321,1227.5,0.7806233743,0.05754178516
144,0.9,0.1,0.2855993321,1230,0.7804795431,0.05755618599
144,0.9,0.1,0.2855993321,1232.5,0.7803334472,0.05757570248
144,0.9,0.1,0.2855993321,1235,0.7801624068,0.05758745841
144,0.9,0.1,0.2855993321,1237.5,0.7800161641,0.05759308925
144,0.9,0.1,0.2855993321,1240,0.7798821704,0.05760989803
144,0.9,0.1,0.2855993321,1242.5,0.7797463799,0.05764255072
144,0.9,0.1,0.2855993321,1245,0.7796065211,0.05766102808
144,0.9,0.1,0.2855993321,1247.5,0.7794639428,0.05768160877
144,0.9,0.1,0.2855993321,1250,0.7793088293,0.05769716887
144,0.9,0.1,0.2855993321,1252.5,0.7791520348,0.05771544522
144,0.9,0.1,0.2855993321,1255,0.7789852075,0.0577372767
144,0.9,0.1,0.2855993321,1257.5,0.7788184439,0.0577529473
144,0.9,0.1,0.2855993321,1260,0.7786577191,0.0577719631
144,0.9,0.1,0.2855993321,1262.5,0.778485379,0.05780159446
144,0.9,0.1,0.2855993321,1265,0.7783068336,0.05783743814
144,0.9,0.1,0.2855993321,1267.5,0.7781261668,0.0578640327
144,0.9,0.1,0.2855993321,1270,0.7779512551,0.05788430267
144,0.9,0.1,0.2855993321,1272.5,0.7777699537,0.0579095581
144,0.9,0.1,0.2855993321,1275,0.7775646243,0.05796388515
144,0.9,0.1,0.2855993321,1277.5,0.7773590258,0.05802557619
144,0.9,0.1,0.2855993321,1280,0.7771519979,0.05810132219
144,0.9,0.1,0.2855993321,1282.5,0.7769492807,0.05817029938
144,0.9,0.1,0.2855993321,1285,0.7767803333,0.05822226855
144,0.9,0.1,0.2855993321,1287.5,0.7766041407,0.0582585071
144,0.9,0.1,0.2855993321,1290,0.7764086179,0.05830906692
144,0.9,0.1,0.2855993321,1292.5,0.7762120966,0.05835816645
144,0.9,0.1,0.2855993321,1295,0.7760479376,0.05840106426
144,0.9,0.1,0.2855993321,1297.5,0.7758980161,0.05845027378
144,0.9,0.1,0.2855993321,1300,0.775744381,0.05849485883
144,0.9,0.1,0.2855993321,1302.5,0.7755813822,0.05855448091
144,0.9,0.1,0.2855993321,1305,0.7754099514,0.05861099471
144,0.9,0.1,0.2855993321,1307.5,0.7752113619,0.05868444415
144,0.9,0.1,0.2855993321,1310,0.7750591711,0.05873416812
144,0.9,0.1,0.2855993321,1312.5,0.7748892275,0.05878848984
144,0.9,0.1,0.2855993321,1315,0.774704895,0.05883260811
144,0.9,0.1,0.2855993321,1317.5,0.7745345574,0.05887168835
144,0.9,0.1,0.2855993321,1320,0.7743887553,0.05893695286
144,0.9,0.1,0.2855993321,1322.5,0.7742479764,0.05897473238
144,0.9,0.1,0.2855993321,1325,0.7741098824,0.05901691211
144,0.9,0.1,0.2855993321,1327.5,0.7739904574,0.0590657299
144,0.9,0.1,0.2855993321,1330,0.7738584216,0.0591105222
144,0.9,0.1,0.2855993321,1332.5,0.7737192515,0.05915526572
144,0.9,0.1,0.2855993321,1335,0.773594806,0.05921059728
144,0.9,0.1,0.2855993321,1337.5,0.7734691287,0.05925874171
144,0.9,0.1,0.2855993321,1340,0.7733645416,0.05929335982
144,0.9,0.1,0.2855993321,1342.5,0.7732560553,0.05933161958
144,0.9,0.1,0.2855993321,1345,0.7731256097,0.05937169516
144,0.9,0.1,0.2855993321,1347.5,0.7729911569,0.05941133015
144,0.9,0.1,0.2855993321,1350,0.7728510017,0.05944660644
144,0.9,0.1,0.2855993321,1352.5,0.7727216937,0.05947815582
144,0.9,0.1,0.2855993321,1355,0.7725763134,0.05950024852
144,0.9,0.1,0.2855993321,1357.5,0.7724747606,0.05949903734
144,0.9,0.1,0.2855993321,1360,0.7723817102,0.05950448279
144,0.9,0.1,0.2855993321,1362.5,0.772287864,0.05950845987
144,0.9,0.1,0.2855993321,1365,0.7722162389,0.05949567742
144,0.9,0.1,0.2855993321,1367.5,0.7721136772,0.05949098345
144,0.9,0.1,0.2855993321,1370,0.7720057391,0.0594854619
144,0.9,0.1,0.2855993321,1372.5,0.7718942282,0.05946373995
144,0.9,0.1,0.2855993321,1375,0.7717598549,0.05945584834
144,0.9,0.1,0.2855993321,1377.5,0.771644555,0.05944111654
144,0.9,0.1,0.2855993321,1380,0.7715097532,0.05943110331
144,0.9,0.1,0.2855993321,1382.5,0.771389788,0.05941463359
144,0.9,0.1,0.2855993321,1385,0.7712569799,0.05939458997
144,0.9,0.1,0.2855993321,1387.5,0.7710688218,0.05938626336
144,0.9,0.1,0.2855993321,1390,0.7709035942,0.05937021442
144,0.9,0.1,0.2855993321,1392.5,0.7707366758,0.05935519071
144,0.9,0.1,0.2855993321,1395,0.7705928246,0.05932760599
144,0.9,0.1,0.2855993321,1397.5,0.7704675363,0.05930018523
144,0.9,0.1,0.2855993321,1400,0.7703607529,0.05927016159
144,0.9,0.1,0.2855993321,1402.5,0.7702585344,0.05921398597
144,0.9,0.1,0.2855993321,1405,0.7701313741,0.05916727054
144,0.9,0.1,0.2855993321,1407.5,0.7699778988,0.05913924973
144,0.9,0.1,0.2855993321,1410,0.7698360567,0.05911378091
144,0.9,0.1,0.2855993321,1412.5,0.7697141508,0.0590899629
144,0.9,0.1,0.2855993321,1415,0.7695908234,0.05905497864
144,0.9,0.1,0.2855993321,1417.5,0.769457561,0.05902109063
144,0.9,0.1,0.2855993321,1420,0.7693226637,0.05897002063
144,0.9,0.1,0.2855993321,1422.5,0.7691981431,0.05893855165
144,0.9,0.1,0.2855993321,1425,0.7690943458,0.05890593965
144,0.9,0.1,0.2855993321,1427.5,0.7689619786,0.0588811899
144,0.9,0.1,0.2855993321,1430,0.7688122101,0.05886770367
144,0.9,0.1,0.2855993321,1432.5,0.7686808625,0.05884715532
144,0.9,0.1,0.2855993321,1435,0.7685427039,0.05882780579
144,0.9,0.1,0.2855993321,1437.5,0.7684233977,0.05879612748
144,0.9,0.1,0.2855993321,1440,0.7682697397,0.05878993967
144,0.9,0.1,0.2855993321,1442.5,0.7680970417,0.05879191033
144,0.9,0.1,0.2855993321,1445,0.7679307216,0.05878736349
144,0.9,0.1,0.2855993321,1447.5,0.7677680162,0.05878191856
144,0.9,0.1,0.2855993321,1450,0.7676225565,0.05877287282
144,0.9,0.1,0.2855993321,1452.5,0.7675062168,0.05874638813
144,0.9,0.1,0.2855993321,1455,0.7673960767,0.0587224661
144,0.9,0.1,0.2855993321,1457.5,0.7672650783,0.05869972159
144,0.9,0.1,0.2855993321,1460,0.7671388614,0.05868133343
144,0.9,0.1,0.2855993321,1462.5,0.7670102539,0.0586675933
144,0.9,0.1,0.2855993321,1465,0.7668913585,0.05865550458
144,0.9,0.1,0.2855993321,1467.5,0.7667558621,0.0586553644
144,0.9,0.1,0.2855993321,1470,0.7666280549,0.0586491421
144,0.9,0.1,0.2855993321,1472.5,0.7664555214,0.05864082534
144,0.9,0.1,0.2855993321,1475,0.7662298858,0.05864199482
144,0.9,0.1,0.2855993321,1477.5,0.7660147993,0.05863832997
144,0.9,0.1,0.2855993321,1480,0.7658494584,0.05860703238
144,0.9,0.1,0.2855993321,1482.5,0.7656658826,0.05856919202
144,0.9,0.1,0.2855993321,1485,0.7654747542,0.05852310088
144,0.9,0.1,0.2855993321,1487.5,0.7652632585,0.0584730641
144,0.9,0.1,0.2855993321,1490,0.7651030828,0.05842471637
144,0.9,0.1,0.2855993321,1492.5,0.7649373213,0.0583838529
144,0.9,0.1,0.2855993321,1495,0.7647804777,0.05834338191
144,0.9,0.1,0.2855993321,1497.5,0.7646291032,0.05831417254
144,0.9,0.1,0.2855993321,1500,0.7644792794,0.05827526061
144,0.9,0.1,0.2855993321,1502.5,0.764307209,0.05823808533
144,0.9,0.1,0.2855993321,1505,0.7641286564,0.05822472151
144,0.9,0.1,0.2855993321,1507.5,0.7639273539,0.05820172744
144,0.9,0.1,0.2855993321,1510,0.7637594905,0.05817331956
144,0.9,0.1,0.2855993321,1512.5,0.7636024039,0.05814975434
144,0.9,0.1,0.2855993321,1515,0.763442118,0.05812450256
144,0.9,0.1,0.2855993321,1517.5,0.7632491524,0.05811105502
144,0.9,0.1,0.2855993321,1520,0.763093256,0.05809408114
144,0.9,0.1,0.2855993321,1522.5,0.7629338513,0.0580785573
144,0.9,0.1,0.2855993321,1525,0.762770001,0.05805733155
144,0.9,0.1,0.2855993321,1527.5,0.7626046054,0.05802176498
144,0.9,0.1,0.2855993321,1530,0.7623927817,0.05800420132
144,0.9,0.1,0.2855993321,1532.5,0.7621838989,0.05798319688
144,0.9,0.1,0.2855993321,1535,0.761948476,0.05796236682
144,0.9,0.1,0.2855993321,1537.5,0.7617455552,0.05794225823
144,0.9,0.1,0.2855993321,1540,0.7615656733,0.05792706924
144,0.9,0.1,0.2855993321,1542.5,0.7613652762,0.05790261182
144,0.9,0.1,0.2855993321,1545,0.7611572298,0.05788999511
144,0.9,0.1,0.2855993321,1547.5,0.7609798521,0.05785253632
144,0.9,0.1,0.2855993321,1550,0.7608076368,0.05783557982
144,0.9,0.1,0.2855993321,1552.5,0.7606395003,0.05782145228
144,0.9,0.1,0.2855993321,1555,0.7604895286,0.05781332401
144,0.9,0.1,0.2855993321,1557.5,0.7603417067,0.05780073541
144,0.9,0.1,0.2855993321,1560,0.7601464132,0.05780119615
144,0.9,0.1,0.2855993321,1562.5,0.7599656695,0.05779428213
144,0.9,0.1,0.2855993321,1565,0.7597897057,0.05779542963
144,0.9,0.1,0.2855993321,1567.5,0.7596370395,0.05777764173
144,0.9,0.1,0.2855993321,1570,0.7594913779,0.05774940731
144,0.9,0.1,0.2855993321,1572.5,0.7593272047,0.05772381856
144,0.9,0.1,0.2855993321,1575,0.7591187124,0.05771276175
144,0.9,0.1,0.2855993321,1577.5,0.7588954964,0.05768778791
144,0.9,0.1,0.2855993321,1580,0.7586870811,0.05766922715
144,0.9,0.1,0.2855993321,1582.5,0.758466146,0.05762797785
144,0.9,0.1,0.2855993321,1585,0.7582080735,0.05759826557
144,0.9,0.1,0.2855993321,1587.5,0.7579604874,0.05757122808
144,0.9,0.1,0.2855993321,1590,0.7577185528,0.05754421594
144,0.9,0.1,0.2855993321,1592.5,0.7574551198,0.05751546178
144,0.9,0.1,0.2855993321,1595,0.7572022047,0.05748241588
144,0.9,0.1,0.2855993321,1597.5,0.7569554757,0.05743751655
144,0.9,0.1,0.2855993321,1600,0.7567140652,0.05741751934
144,0.9,0.1,0.2855993321,1602.5,0.7564758315,0.05738610301
144,0.9,0.1,0.2855993321,1605,0.7562455844,0.05736654396
144,0.9,0.1,0.2855993321,1607.5,0.7559926951,0.05734015889
144,0.9,0.1,0.2855993321,1610,0.7557444574,0.0573166118
144,0.9,0.1,0.2855993321,1612.5,0.7554832991,0.05728425414
144,0.9,0.1,0.2855993321,1615,0.7552453859,0.05725641334
144,0.9,0.1,0.2855993321,1617.5,0.7549997831,0.0572246226
144,0.9,0.1,0.2855993321,1620,0.7547316649,0.05720511124
144,0.9,0.1,0.2855993321,1622.5,0.7544678033,0.05718613787
144,0.9,0.1,0.2855993321,1625,0.7541837337,0.05717162933
144,0.9,0.1,0.2855993321,1627.5,0.7538818262,0.05715551274
144,0.9,0.1,0.2855993321,1630,0.7535996141,0.05715651716
144,0.9,0.1,0.2855993321,1632.5,0.753320473,0.05717437593
144,0.9,0.1,0.2855993321,1635,0.7530302188,0.05718813292
144,0.9,0.1,0.2855993321,1637.5,0.752743827,0.05718761142
144,0.9,0.1,0.2855993321,1640,0.7524342297,0.05719337766
144,0.9,0.1,0.2855993321,1642.5,0.7520951641,0.05722225857
144,0.9,0.1,0.2855993321,1645,0.7517886973,0.05723310828
144,0.9,0.1,0.2855993321,1647.5,0.7514774148,0.05723846013
144,0.9,0.1,0.2855993321,1650,0.7511935547,0.05724912263
144,0.9,0.1,0.2855993321,1652.5,0.7509344072,0.05725221002
144,0.9,0.1,0.2855993321,1655,0.7506552903,0.05725810921
144,0.9,0.1,0.2855993321,1657.5,0.7503745874,0.05725119834
144,0.9,0.1,0.2855993321,1660,0.7500834837,0.05724515114
144,0.9,0.1,0.2855993321,1662.5,0.7498444931,0.05722066183
144,0.9,0.1,0.2855993321,1665,0.7496278684,0.05719767077
144,0.9,0.1,0.2855993321,1667.5,0.7494045488,0.05718114488
144,0.9,0.1,0.2855993321,1670,0.7491576238,0.05717904562
144,0.9,0.1,0.2855993321,1672.5,0.7489441949,0.05719398239
144,0.9,0.1,0.2855993321,1675,0.7487308271,0.05719867861
144,0.9,0.1,0.2855993321,1677.5,0.7485150529,0.05720805088
144,0.9,0.1,0.2855993321,1680,0.7483152755,0.05723163174
144,0.9,0.1,0.2855993321,1682.5,0.7481351534,0.0572666025
144,0.9,0.1,0.2855993321,1685,0.7479540769,0.05728941353
144,0.9,0.1,0.2855993321,1687.5,0.7477863257,0.05727949149
144,0.9,0.1,0.2855993321,1690,0.7475794665,0.05727646168
144,0.9,0.1,0.2855993321,1692.5,0.747382656,0.05727153293
144,0.9,0.1,0.2855993321,1695,0.7471823868,0.05728548993
144,0.9,0.1,0.2855993321,1697.5,0.7469664,0.05729501159
144,0.9,0.1,0.2855993321,1700,0.7467544462,0.05731428346
144,0.9,0.1,0.2855993321,1702.5,0.7465371441,0.05733913047
144,0.9,0.1,0.2855993321,1705,0.7463301293,0.05738186502
144,0.9,0.1,0.2855993321,1707.5,0.7461276886,0.05743061478
144,0.9,0.1,0.2855993321,1710,0.745933914,0.05745867184
144,0.9,0.1,0.2855993321,1712.5,0.7457563582,0.05748563516
144,0.9,0.1,0.2855993321,1715,0.7456142922,0.05749691414
144,0.9,0.1,0.2855993321,1717.5,0.745479432,0.05752332671
144,0.9,0.1,0.2855993321,1720,0.7453488159,0.05753443036
144,0.9,0.1,0.2855993321,1722.5,0.74519316,0.0575422221
144,0.9,0.1,0.2855993321,1725,0.7450435796,0.05756589412
144,0.9,0.1,0.2855993321,1727.5,0.7448841298,0.05759569171
144,0.9,0.1,0.2855993321,1730,0.7447153731,0.05763141804
144,0.9,0.1,0.2855993321,1732.5,0.7445787929,0.05764639627
144,0.9,0.1,0.2855993321,1735,0.7444368148,0.0576579711
144,0.9,0.1,0.2855993321,1737.5,0.7443257177,0.05767130445
144,0.9,0.1,0.2855993321,1740,0.7442042949,0.05767320529
144,0.9,0.1,0.2855993321,1742.5,0.7440858788,0.05767866402
144,0.9,0.1,0.2855993321,1745,0.7439964028,0.05770045833
144,0.9,0.1,0.2855993321,1747.5,0.7438756329,0.05771557068
144,0.9,0.1,0.2855993321,1750,0.7437605293,0.05771849006
144,0.9,0.1,0.2855993321,1752.5,0.7436127945,0.05773710841
144,0.9,0.1,0.2855993321,1755,0.7434595992,0.05776735053
144,0.9,0.1,0.2855993321,1757.5,0.7432908335,0.05778262756
144,0.9,0.1,0.2855993321,1760,0.7431462847,0.05777866334
144,0.9,0.1,0.2855993321,1762.5,0.7430010303,0.05776777878
144,0.9,0.1,0.2855993321,1765,0.7428365078,0.05776839038
144,0.9,0.1,0.2855993321,1767.5,0.7426893981,0.05776807865
144,0.9,0.1,0.2855993321,1770,0.7425332102,0.05777792127
144,0.9,0.1,0.2855993321,1772.5,0.7423723429,0.05780401306
144,0.9,0.1,0.2855993321,1775,0.7422317549,0.05781481005
144,0.9,0.1,0.2855993321,1777.5,0.7421218466,0.05780712019
144,0.9,0.1,0.2855993321,1780,0.7419715287,0.05781946173
144,0.9,0.1,0.2855993321,1782.5,0.7418355408,0.05781349737
144,0.9,0.1,0.2855993321,1785,0.7416791239,0.05782205754
144,0.9,0.1,0.2855993321,1787.5,0.7415350867,0.0578453112
144,0.9,0.1,0.2855993321,1790,0.7413979114,0.05788263225
144,0.9,0.1,0.2855993321,1792.5,0.7412282516,0.05792803676
144,0.9,0.1,0.2855993321,1795,0.7410731051,0.05797801932
144,0.9,0.1,0.2855993321,1797.5,0.7409190767,0.0580151607
144,0.9,0.1,0.2855993321,1800,0.740787036,0.05804602557
144,0.9,0.1,0.2855993321,1802.5,0.7406464366,0.05807667914
144,0.9,0.1,0.2855993321,1805,0.7405018956,0.05811879313
144,0.9,0.1,0.2855993321,1807.5,0.7403666287,0.05814622238
144,0.9,0.1,0.2855993321,1810,0.7402629197,0.05816816725
144,0.9,0.1,0.2855993321,1812.5,0.7401475001,0.05819721742
144,0.9,0.1,0.2855993321,1815,0.7400261741,0.05821413961
144,0.9,0.1,0.2855993321,1817.5,0.7398859047,0.0582469602
144,0.9,0.1,0.2855993321,1820,0.7397415477,0.05826447868
144,0.9,0.1,0.2855993321,1822.5,0.7396044806,0.05828785473
144,0.9,0.1,0.2855993321,1825,0.739490587,0.0583138579
144,0.9,0.1,0.2855993321,1827.5,0.7393985519,0.05831398528
144,0.9,0.1,0.2855993321,1830,0.73927712,0.05831703974
144,0.9,0.1,0.2855993321,1832.5,0.7391277367,0.05832782398
144,0.9,0.1,0.2855993321,1835,0.7389762924,0.05834296742
144,0.9,0.1,0.2855993321,1837.5,0.7388132863,0.05836653757
144,0.9,0.1,0.2855993321,1840,0.7386418,0.05839564996
144,0.9,0.1,0.2855993321,1842.5,0.7384855799,0.0584037295
144,0.9,0.1,0.2855993321,1845,0.7383337755,0.05842313554
144,0.9,0.1,0.2855993321,1847.5,0.7381775174,0.05845114198
144,0.9,0.1,0.2855993321,1850,0.7380471344,0.05846268259
144,0.9,0.1,0.2855993321,1852.5,0.7379123092,0.05847948139
144,0.9,0.1,0.2855993321,1855,0.7377961888,0.0584763495
144,0.9,0.1,0.2855993321,1857.5,0.737654482,0.05848682231
144,0.9,0.1,0.2855993321,1860,0.7374996251,0.05850061371
144,0.9,0.1,0.2855993321,1862.5,0.7373477991,0.05852575626
144,0.9,0.1,0.2855993321,1865,0.7371875729,0.05855966904
144,0.9,0.1,0.2855993321,1867.5,0.7370331067,0.05857648861
144,0.9,0.1,0.2855993321,1870,0.7368873319,0.05858594373
144,0.9,0.1,0.2855993321,1872.5,0.7367423075,0.05859025721
144,0.9,0.1,0.2855993321,1875,0.7366225135,0.05859820469
144,0.9,0.1,0.2855993321,1877.5,0.7364907334,0.0585955727
144,0.9,0.1,0.2855993321,1880,0.7363716847,0.05861359198
144,0.9,0.1,0.2855993321,1882.5,0.7362754723,0.05862396386
144,0.9,0.1,0.2855993321,1885,0.7361938587,0.05861720143
144,0.9,0.1,0.2855993321,1887.5,0.7360793224,0.05861485343
144,0.9,0.1,0.2855993321,1890,0.7359340486,0.05864189172
144,0.9,0.1,0.2855993321,1892.5,0.7358159235,0.05865815207
144,0.9,0.1,0.2855993321,1895,0.7356889874,0.05867235717
144,0.9,0.1,0.2855993321,1897.5,0.7355235181,0.05868212522
144,0.9,0.1,0.2855993321,1900,0.735384061,0.05868671893
144,0.9,0.1,0.2855993321,1902.5,0.7352584521,0.05869391876
144,0.9,0.1,0.2855993321,1905,0.735169655,0.05868578895
144,0.9,0.1,0.2855993321,1907.5,0.7350916584,0.05868219101
144,0.9,0.1,0.2855993321,1910,0.7349845634,0.05868415495
144,0.9,0.1,0.2855993321,1912.5,0.7348714217,0.05869077945
144,0.9,0.1,0.2855993321,1915,0.734753627,0.05870031751
144,0.9,0.1,0.2855993321,1917.5,0.7346430584,0.05870707204
144,0.9,0.1,0.2855993321,1920,0.7345192892,0.05871014975
144,0.9,0.1,0.2855993321,1922.5,0.7344008949,0.05868822251
144,0.9,0.1,0.2855993321,1925,0.7343052281,0.05866900591
144,0.9,0.1,0.2855993321,1927.5,0.734218926,0.05864907384
144,0.9,0.1,0.2855993321,1930,0.7341061454,0.05863911285
144,0.9,0.1,0.2855993321,1932.5,0.7340257888,0.05861430704
144,0.9,0.1,0.2855993321,1935,0.7339511228,0.05859359636
144,0.9,0.1,0.2855993321,1937.5,0.7338767654,0.05856442174
144,0.9,0.1,0.2855993321,1940,0.7337526236,0.05855996977
144,0.9,0.1,0.2855993321,1942.5,0.7336089112,0.05855545014
144,0.9,0.1,0.2855993321,1945,0.7334679213,0.05854201803
144,0.9,0.1,0.2855993321,1947.5,0.7333627038,0.05852144662
144,0.9,0.1,0.2855993321,1950,0.7332652634,0.05850127763
144,0.9,0.1,0.2855993321,1952.5,0.7331738788,0.05847881017
144,0.9,0.1,0.2855993321,1955,0.7330843609,0.05845447755
144,0.9,0.1,0.2855993321,1957.5,0.7330423373,0.05841781708
144,0.9,0.1,0.2855993321,1960,0.7330138258,0.05836715805
144,0.9,0.1,0.2855993321,1962.5,0.7329493618,0.05831701503
144,0.9,0.1,0.2855993321,1965,0.732849392,0.05828926179
144,0.9,0.1,0.2855993321,1967.5,0.7327803076,0.05827060705
144,0.9,0.1,0.2855993321,1970,0.7327441793,0.05822508007
144,0.9,0.1,0.2855993321,1972.5,0.7326518641,0.05819791227
144,0.9,0.1,0.2855993321,1975,0.7325968858,0.05815156284
144,0.9,0.1,0.2855993321,1977.5,0.732526536,0.0581012862
144,0.9,0.1,0.2855993321,1980,0.7324840398,0.05804036728
144,0.9,0.1,0.2855993321,1982.5,0.7324391354,0.05798459271
144,0.9,0.1,0.2855993321,1985,0.7323668081,0.05793383203
144,0.9,0.1,0.2855993321,1987.5,0.7322913611,0.05787349408
144,0.9,0.1,0.2855993321,1990,0.7321998307,0.05782886906
144,0.9,0.1,0.2855993321,1992.5,0.7321578577,0.0577626123
144,0.9,0.1,0.2855993321,1995,0.7321327016,0.05769534445
144,0.9,0.1,0.2855993321,1997.5,0.7321105985,0.05762009601
144,0.9,0.1,0.2855993321,2000,0.7320534745,0.05754426149
144,0.9,0.1,0.2855993321,2002.5,0.731987505,0.05749371181
144,0.9,0.1,0.2855993321,2005,0.7319282873,0.05745866899
144,0.9,0.1,0.2855993321,2007.5,0.7318730003,0.05743264193
144,0.9,0.1,0.2855993321,2010,0.7317876808,0.05740759725
144,0.9,0.1,0.2855993321,2012.5,0.7316927892,0.05738126996
144,0.9,0.1,0.2855993321,2015,0.7316361472,0.05735208701
144,0.9,0.1,0.2855993321,2017.5,0.7315988369,0.05732017571
144,0.9,0.1,0.2855993321,2020,0.7315556379,0.05728582236
144,0.9,0.1,0.2855993321,2022.5,0.7315593634,0.05723926922
144,0.9,0.1,0.2855993321,2025,0.7315557719,0.05719772684
144,0.9,0.1,0.2855993321,2027.5,0.7315607138,0.05715545405
144,0.9,0.1,0.2855993321,2030,0.7315621277,0.05710561799
144,0.9,0.1,0.2855993321,2032.5,0.7315178706,0.05705528908
144,0.9,0.1,0.2855993321,2035,0.731488244,0.05702817377
144,0.9,0.1,0.2855993321,2037.5,0.7314347375,0.05700397697
144,0.9,0.1,0.2855993321,2040,0.7313732958,0.05699603441
144,0.9,0.1,0.2855993321,2042.5,0.7312849972,0.0569992839
144,0.9,0.1,0.2855993321,2045,0.7311809572,0.05701285927
144,0.9,0.1,0.2855993321,2047.5,0.7310862708,0.05703104783
144,0.9,0.1,0.2855993321,2050,0.7310269261,0.05704595681
144,0.9,0.1,0.2855993321,2052.5,0.7309780007,0.05704419409
144,0.9,0.1,0.2855993321,2055,0.7309223175,0.05702664326
144,0.9,0.1,0.2855993321,2057.5,0.7308499896,0.05698892958
144,0.9,0.1,0.2855993321,2060,0.7308092211,0.05694696685
144,0.9,0.1,0.2855993321,2062.5,0.730740388,0.05692393074
144,0.9,0.1,0.2855993321,2065,0.7307009946,0.05688933416
144,0.9,0.1,0.2855993321,2067.5,0.7306663544,0.05685357871
144,0.9,0.1,0.2855993321,2070,0.7306497419,0.05681970165
144,0.9,0.1,0.2855993321,2072.5,0.7305764385,0.05679164527
144,0.9,0.1,0.2855993321,2075,0.7304970407,0.05677644757
144,0.9,0.1,0.2855993321,2077.5,0.7304129145,0.05677964072
144,0.9,0.1,0.2855993321,2080,0.7303255207,0.05679304211
144,0.9,0.1,0.2855993321,2082.5,0.7302548696,0.05678793926
144,0.9,0.1,0.2855993321,2085,0.7302289669,0.05676793075
144,0.9,0.1,0.2855993321,2087.5,0.730219369,0.05674820366
144,0.9,0.1,0.2855993321,2090,0.7302040469,0.05673130608
144,0.9,0.1,0.2855993321,2092.5,0.7301893772,0.05670599576
144,0.9,0.1,0.2855993321,2095,0.7301791544,0.05669046382
144,0.9,0.1,0.2855993321,2097.5,0.7301199397,0.05669721801
144,0.9,0.1,0.2855993321,2100,0.7300591482,0.05670981793
144,0.9,0.1,0.2855993321,2102.5,0.729973392,0.05672804317
144,0.9,0.1,0.2855993321,2105,0.7298670167,0.05674813822
144,0.9,0.1,0.2855993321,2107.5,0.7297627828,0.05676118272
144,0.9,0.1,0.2855993321,2110,0.7296493046,0.0567666671
144,0.9,0.1,0.2855993321,2112.5,0.7295232678,0.05677758235
144,0.9,0.1,0.2855993321,2115,0.7294062638,0.05678944989
144,0.9,0.1,0.2855993321,2117.5,0.7292980353,0.05679655422
144,0.9,0.1,0.2855993321,2120,0.7291417086,0.05681874785
144,0.9,0.1,0.2855993321,2122.5,0.7289867137,0.0568335976
144,0.9,0.1,0.2855993321,2125,0.7288398418,0.05684695236
144,0.9,0.1,0.2855993321,2127.5,0.7286740349,0.05684956022
144,0.9,0.1,0.2855993321,2130,0.7285166489,0.05686019123
144,0.9,0.1,0.2855993321,2132.5,0.7283646459,0.05687292754
144,0.9,0.1,0.2855993321,2135,0.728221911,0.05687202022
144,0.9,0.1,0.2855993321,2137.5,0.7281130434,0.05684743004
144,0.9,0.1,0.2855993321,2140,0.7279926721,0.05684526736
144,0.9,0.1,0.2855993321,2142.5,0.7278429496,0.05684560606
144,0.9,0.1,0.2855993321,2145,0.7277180129,0.05682211547
144,0.9,0.1,0.2855993321,2147.5,0.7275513243,0.05682676776
144,0.9,0.1,0.2855993321,2150,0.7274436876,0.05681232872
144,0.9,0.1,0.2855993321,2152.5,0.7273437582,0.05677060149
144,0.9,0.1,0.2855993321,2155,0.7271982947,0.05672779035
144,0.9,0.1,0.2855993321,2157.5,0.7270213759,0.0566948467
144,0.9,0.1,0.2855993321,2160,0.7268531507,0.05665332457
144,0.9,0.1,0.2855993321,2162.5,0.7267362911,0.05657969998
144,0.9,0.1,0.2855993321,2165,0.7265804764,0.05650577367
144,0.9,0.1,0.2855993321,2167.5,0.7264355827,0.05643575857
144,0.9,0.1,0.2855993321,2170,0.7263145464,0.05635839162
144,0.9,0.1,0.2855993321,2172.5,0.7261561151,0.05630831865
144,0.9,0.1,0.2855993321,2175,0.7260297026,0.0562519086
144,0.9,0.1,0.2855993321,2177.5,0.7259321863,0.05619068113
144,0.9,0.1,0.2855993321,2180,0.7258076582,0.05612801416
144,0.9,0.1,0.2855993321,2182.5,0.7257043446,0.0560759217
144,0.9,0.1,0.2855993321,2185,0.7255844027,0.05602858093
144,0.9,0.1,0.2855993321,2187.5,0.7254459645,0.0559773611
144,0.9,0.1,0.2855993321,2190,0.7253287995,0.05591406073
144,0.9,0.1,0.2855993321,2192.5,0.7252184455,0.05584769215
144,0.9,0.1,0.2855993321,2195,0.7251270809,0.05577553352
144,0.9,0.1,0.2855993321,2197.5,0.7250518431,0.05569954145
144,0.9,0.1,0.2855993321,2200,0.7249868927,0.05561849685
144,0.9,0.1,0.2855993321,2202.5,0.7248795981,0.05557961956
144,0.9,0.1,0.2855993321,2205,0.7247777787,0.05554031831
144,0.9,0.1,0.2855993321,2207.5,0.7246790476,0.05550328851
144,0.9,0.1,0.2855993321,2210,0.7245744082,0.05546789441
144,0.9,0.1,0.2855993321,2212.5,0.7244446475,0.05544366931
144,0.9,0.1,0.2855993321,2215,0.7243297615,0.05540424785
144,0.9,0.1,0.2855993321,2217.5,0.7242052617,0.05535003142
144,0.9,0.1,0.2855993321,2220,0.724117667,0.05527258941
144,0.9,0.1,0.2855993321,2222.5,0.7240085998,0.05520096041
144,0.9,0.1,0.2855993321,2225,0.7239186007,0.05512409806
144,0.9,0.1,0.2855993321,2227.5,0.7238415303,0.05504044485
144,0.9,0.1,0.2855993321,2230,0.723777416,0.05495367151
144,0.9,0.1,0.2855993321,2232.5,0.7237122543,0.05485901506
144,0.9,0.1,0.2855993321,2235,0.723668145,0.05473691444
144,0.9,0.1,0.2855993321,2237.5,0.7236344037,0.05462304076
144,0.9,0.1,0.2855993321,2240,0.7236321292,0.0545063677
144,0.9,0.1,0.2855993321,2242.5,0.7235894612,0.05439836295
144,0.9,0.1,0.2855993321,2245,0.7235454531,0.05428551045
144,0.9,0.1,0.2855993321,2247.5,0.7234851735,0.05420338766
144,0.9,0.1,0.2855993321,2250,0.7234225053,0.05411874937
144,0.9,0.1,0.2855993321,2252.5,0.7233545009,0.0540608869
144,0.9,0.1,0.2855993321,2255,0.72326031,0.05400252265
144,0.9,0.1,0.2855993321,2257.5,0.7231893182,0.05395667482
144,0.9,0.1,0.2855993321,2260,0.7231114799,0.05390972563
144,0.9,0.1,0.2855993321,2262.5,0.7230462145,0.05387551571
144,0.9,0.1,0.2855993321,2265,0.7229445106,0.0538474581
144,0.9,0.1,0.2855993321,2267.5,0.7228384352,0.05382331778
144,0.9,0.1,0.2855993321,2270,0.7227136968,0.05380804546
144,0.9,0.1,0.2855993321,2272.5,0.7225892368,0.05378637265
144,0.9,0.1,0.2855993321,2275,0.7224494909,0.05377665893
144,0.9,0.1,0.2855993321,2277.5,0.7223434358,0.05375597546
144,0.9,0.1,0.2855993321,2280,0.7222320821,0.05374138466
144,0.9,0.1,0.2855993321,2282.5,0.7221290682,0.05373989961
144,0.9,0.1,0.2855993321,2285,0.7220121891,0.05373150116
144,0.9,0.1,0.2855993321,2287.5,0.7219124795,0.05373450437
144,0.9,0.1,0.2855993321,2290,0.7218394487,0.05372683448
144,0.9,0.1,0.2855993321,2292.5,0.7217739099,0.05370757753
144,0.9,0.1,0.2855993321,2295,0.7217150973,0.05368332345
144,0.9,0.1,0.2855993321,2297.5,0.7216447027,0.05366978911
144,0.9,0.1,0.2855993321,2300,0.7215943831,0.05364311405
144,0.9,0.1,0.2855993321,2302.5,0.7215546149,0.05363216108
144,0.9,0.1,0.2855993321,2305,0.7215014951,0.05362234088
144,0.9,0.1,0.2855993321,2307.5,0.7214966468,0.05358561171
144,0.9,0.1,0.2855993321,2310,0.7214625045,0.05355432895
144,0.9,0.1,0.2855993321,2312.5,0.7214334558,0.05352649121
144,0.9,0.1,0.2855993321,2315,0.7213962853,0.05348560358
144,0.9,0.1,0.2855993321,2317.5,0.7213673416,0.05344319038
144,0.9,0.1,0.2855993321,2320,0.7213175318,0.05341829533
144,0.9,0.1,0.2855993321,2322.5,0.7212626935,0.05339866089
144,0.9,0.1,0.2855993321,2325,0.7212047325,0.053374974
144,0.9,0.1,0.2855993321,2327.5,0.72110465,0.05337721178
144,0.9,0.1,0.2855993321,2330,0.7209837616,0.05339706742
144,0.9,0.1,0.2855993321,2332.5,0.7208611083,0.05339611773
144,0.9,0.1,0.2855993321,2335,0.7207463833,0.05340535299
144,0.9,0.1,0.2855993321,2337.5,0.7206399898,0.05340557882
144,0.9,0.1,0.2855993321,2340,0.7205349304,0.0534090075
144,0.9,0.1,0.2855993321,2342.5,0.7204324241,0.05341070317
144,0.9,0.1,0.2855993321,2345,0.7203247781,0.05339735212
144,0.9,0.1,0.2855993321,2347.5,0.7202320835,0.05337633153
144,0.9,0.1,0.2855993321,2350,0.7201458182,0.05334607277
144,0.9,0.1,0.2855993321,2352.5,0.7200040321,0.05332859103
144,0.9,0.1,0.2855993321,2355,0.7199048409,0.05330637916
144,0.9,0.1,0.2855993321,2357.5,0.7198074968,0.05330018182
144,0.9,0.1,0.2855993321,2360,0.7197416681,0.05326925701
144,0.9,0.1,0.2855993321,2362.5,0.7196462777,0.05324803396
144,0.9,0.1,0.2855993321,2365,0.7195485648,0.05322824251
144,0.9,0.1,0.2855993321,2367.5,0.7194330019,0.05324400723
144,0.9,0.1,0.2855993321,2370,0.7193072594,0.05325371028
144,0.9,0.1,0.2855993321,2372.5,0.7191672423,0.05327072375
144,0.9,0.1,0.2855993321,2375,0.7190088136,0.05329090027
144,0.9,0.1,0.2855993321,2377.5,0.7188584195,0.0533088331
144,0.9,0.1,0.2855993321,2380,0.7187151725,0.05331617002
144,0.9,0.1,0.2855993321,2382.5,0.7185700378,0.05333021923
144,0.9,0.1,0.2855993321,2385,0.7184232857,0.05333529042
144,0.9,0.1,0.2855993321,2387.5,0.7182439643,0.05333769184
144,0.9,0.1,0.2855993321,2390,0.7180370454,0.05335367875
144,0.9,0.1,0.2855993321,2392.5,0.7178356606,0.05334470736
144,0.9,0.1,0.2855993321,2395,0.7176592672,0.05331226662
144,0.9,0.1,0.2855993321,2397.5,0.7174599047,0.05330222915
144,0.9,0.1,0.2855993321,2400,0.7172756554,0.05329561149
144,0.9,0.1,0.2855993321,2402.5,0.7171184633,0.05326866323
144,0.9,0.1,0.2855993321,2405,0.7169463195,0.05324427273
144,0.9,0.1,0.2855993321,2407.5,0.7168080277,0.05321217681
144,0.9,0.1,0.2855993321,2410,0.7166436742,0.05319604453
144,0.9,0.1,0.2855993321,2412.5,0.7164453158,0.05318670941
144,0.9,0.1,0.2855993321,2415,0.7162347108,0.05319462947
144,0.9,0.1,0.2855993321,2417.5,0.7159874967,0.05320878626
144,0.9,0.1,0.2855993321,2420,0.7157789146,0.05320788984
144,0.9,0.1,0.2855993321,2422.5,0.7155346251,0.05324771377
144,0.9,0.1,0.2855993321,2425,0.7153304239,0.05329153898
144,0.9,0.1,0.2855993321,2427.5,0.7151633041,0.05332685001
144,0.9,0.1,0.2855993321,2430,0.7149854995,0.05336105381
144,0.9,0.1,0.2855993321,2432.5,0.7147827382,0.05340721397
144,0.9,0.1,0.2855993321,2435,0.7146068967,0.05345797043
144,0.9,0.1,0.2855993321,2437.5,0.7144237559,0.05351600241
144,0.9,0.1,0.2855993321,2440,0.7142136479,0.05358767137
144,0.9,0.1,0.2855993321,2442.5,0.7140038141,0.05365493636
144,0.9,0.1,0.2855993321,2445,0.7138011002,0.05370903367
144,0.9,0.1,0.2855993321,2447.5,0.7135845656,0.05376923224
144,0.9,0.1,0.2855993321,2450,0.7133545582,0.05382543374
144,0.9,0.1,0.2855993321,2452.5,0.7131569365,0.05387429155
144,0.9,0.1,0.2855993321,2455,0.7129231024,0.0539458961
144,0.9,0.1,0.2855993321,2457.5,0.7126885178,0.05401094279
144,0.9,0.1,0.2855993321,2460,0.7125380994,0.05404463778
144,0.9,0.1,0.2855993321,2462.5,0.7123896725,0.05410335517
144,0.9,0.1,0.2855993321,2465,0.7122037251,0.05417061388
144,0.9,0.1,0.2855993321,2467.5,0.7120247966,0.05421925922
144,0.9,0.1,0.2855993321,2470,0.7118314268,0.05426411509
144,0.9,0.1,0.2855993321,2472.5,0.711642576,0.05428814814
144,0.9,0.1,0.2855993321,2475,0.711478968,0.05430418106
144,0.9,0.1,0.2855993321,2477.5,0.7113252702,0.05431407178
144,0.9,0.1,0.2855993321,2480,0.7111644125,0.0543150972
144,0.9,0.1,0.2855993321,2482.5,0.7110264176,0.05432456566
144,0.9,0.1,0.2855993321,2485,0.7108697603,0.05434523113
144,0.9,0.1,0.2855993321,2487.5,0.7107300549,0.05436428997
144,0.9,0.1,0.2855993321,2490,0.7106062393,0.05438356048
144,0.9,0.1,0.2855993321,2492.5,0.7104651872,0.05440430638
144,0.9,0.1,0.2855993321,2495,0.7102795994,0.05443645675
144,0.9,0.1,0.2855993321,2497.5,0.7101172735,0.05448431156
144,0.9,0.1,0.2855993321,2500,0.7099405399,0.05452390146
144,0.9,0.1,0.2855993321,2502.5,0.7097338509,0.05458403009
144,0.9,0.1,0.2855993321,2505,0.7095207329,0.05463033767
144,0.9,0.1,0.2855993321,2507.5,0.7092894419,0.05468690723
144,0.9,0.1,0.2855993321,2510,0.7090947816,0.05471894021
144,0.9,0.1,0.2855993321,2512.5,0.7089005571,0.05475340027
144,0.9,0.1,0.2855993321,2515,0.7087120116,0.05476885863
144,0.9,0.1,0.2855993321,2517.5,0.7085129448,0.05477975116
144,0.9,0.1,0.2855993321,2520,0.708315534,0.05480393257
144,0.9,0.1,0.2855993321,2522.5,0.7080999613,0.05484550495
144,0.9,0.1,0.2855993321,2525,0.7078660862,0.05489015381
144,0.9,0.1,0.2855993321,2527.5,0.7076482083,0.05494103351
144,0.9,0.1,0.2855993321,2530,0.7074150045,0.05500690965
144,0.9,0.1,0.2855993321,2532.5,0.707176385,0.05507760747
144,0.9,0.1,0.2855993321,2535,0.7069593879,0.05514826781
144,0.9,0.1,0.2855993321,2537.5,0.7067294684,0.05520971251
144,0.9,0.1,0.2855993321,2540,0.7065343936,0.05528521159
144,0.9,0.1,0.2855993321,2542.5,0.7063485557,0.05536033992
144,0.9,0.1,0.2855993321,2545,0.7061795128,0.05543454322
144,0.9,0.1,0.2855993321,2547.5,0.7059865417,0.05554925449
144,0.9,0.1,0.2855993321,2550,0.7057842301,0.05566448356
144,0.9,0.1,0.2855993321,2552.5,0.7055793874,0.05578099241
144,0.9,0.1,0.2855993321,2555,0.7054134208,0.05586109427
144,0.9,0.1,0.2855993321,2557.5,0.7051975421,0.05594658396
144,0.9,0.1,0.2855993321,2560,0.7050125375,0.05601996285
144,0.9,0.1,0.2855993321,2562.5,0.704810955,0.05610376364
144,0.9,0.1,0.2855993321,2565,0.7046012159,0.05616892562
144,0.9,0.1,0.2855993321,2567.5,0.7043962454,0.05622520435
144,0.9,0.1,0.2855993321,2570,0.7042366876,0.05626294699
144,0.9,0.1,0.2855993321,2572.5,0.7040819259,0.05631569898
144,0.9,0.1,0.2855993321,2575,0.7039496686,0.0563690118
144,0.9,0.1,0.2855993321,2577.5,0.7038486969,0.05642317169
144,0.9,0.1,0.2855993321,2580,0.703717557,0.05648002584
144,0.9,0.1,0.2855993321,2582.5,0.7035652525,0.05653582286
144,0.9,0.1,0.2855993321,2585,0.7034254384,0.05660522349
144,0.9,0.1,0.2855993321,2587.5,0.7032999742,0.05667834368
144,0.9,0.1,0.2855993321,2590,0.703168143,0.05674579617
144,0.9,0.1,0.2855993321,2592.5,0.7030849194,0.05680304703
144,0.9,0.1,0.2855993321,2595,0.7029383761,0.05687861166
144,0.9,0.1,0.2855993321,2597.5,0.7027797281,0.05695999936
144,0.9,0.1,0.2855993321,2600,0.7025718147,0.05705346957
144,0.9,0.1,0.2855993321,2602.5,0.7023483651,0.05715529074
144,0.9,0.1,0.2855993321,2605,0.7021343495,0.05724297813
144,0.9,0.1,0.2855993321,2607.5,0.701901865,0.05733505515
144,0.9,0.1,0.2855993321,2610,0.7017026482,0.0573864019
144,0.9,0.1,0.2855993321,2612.5,0.701526327,0.05745420665
144,0.9,0.1,0.2855993321,2615,0.7012890351,0.05754000671
144,0.9,0.1,0.2855993321,2617.5,0.7010579826,0.057611855
144,0.9,0.1,0.2855993321,2620,0.7008493409,0.05770114618
144,0.9,0.1,0.2855993321,2622.5,0.700646983,0.05774984508
144,0.9,0.1,0.2855993321,2625,0.7004467304,0.05780680045
144,0.9,0.1,0.2855993321,2627.5,0.7002705893,0.0578497962
144,0.9,0.1,0.2855993321,2630,0.700077753,0.0579084519
144,0.9,0.1,0.2855993321,2632.5,0.6999005874,0.05796060712
144,0.9,0.1,0.2855993321,2635,0.6997339577,0.05798666788
144,0.9,0.1,0.2855993321,2637.5,0.6995792575,0.05802638064
144,0.9,0.1,0.2855993321,2640,0.6994198107,0.05806353826
144,0.9,0.1,0.2855993321,2642.5,0.6992527314,0.0581099921
144,0.9,0.1,0.2855993321,2645,0.6991016537,0.05816774063
144,0.9,0.1,0.2855993321,2647.5,0.6989349064,0.05824398127
144,0.9,0.1,0.2855993321,2650,0.698781797,0.05829159576
144,0.9,0.1,0.2855993321,2652.5,0.6986304561,0.05832454968
144,0.9,0.1,0.2855993321,2655,0.6984699931,0.0583481179
144,0.9,0.1,0.2855993321,2657.5,0.6983350215,0.05837453578
144,0.9,0.1,0.2855993321,2660,0.6981923151,0.05841571724
144,0.9,0.1,0.2855993321,2662.5,0.6980253727,0.05846442703
144,0.9,0.1,0.2855993321,2665,0.6978498975,0.05851488741
144,0.9,0.1,0.2855993321,2667.5,0.6976489401,0.05854329777
144,0.9,0.1,0.2855993321,2670,0.697464944,0.05855489881
144,0.9,0.1,0.2855993321,2672.5,0.697281728,0.05854582283
144,0.9,0.1,0.2855993321,2675,0.6970479773,0.05855553367
144,0.9,0.1,0.2855993321,2677.5,0.696827854,0.058552649
144,0.9,0.1,0.2855993321,2680,0.6966153083,0.05855014434
144,0.9,0.1,0.2855993321,2682.5,0.6963777776,0.05856039577
144,0.9,0.1,0.2855993321,2685,0.6961208319,0.05857752045
144,0.9,0.1,0.2855993321,2687.5,0.6958811893,0.05857529423
144,0.9,0.1,0.2855993321,2690,0.6956961424,0.05856252909
144,0.9,0.1,0.2855993321,2692.5,0.6954911496,0.05854490551
144,0.9,0.1,0.2855993321,2695,0.6952402729,0.05854982132
144,0.9,0.1,0.2855993321,2697.5,0.6950134801,0.05855022682
144,0.9,0.1,0.2855993321,2700,0.6947905912,0.05852750716
144,0.9,0.1,0.2855993321,2702.5,0.6945598245,0.05850656219
144,0.9,0.1,0.2855993321,2705,0.6943489848,0.0584684884
144,0.9,0.1,0.2855993321,2707.5,0.6941099897,0.05843751889
144,0.9,0.1,0.2855993321,2710,0.6938561522,0.05839672278
144,0.9,0.1,0.2855993321,2712.5,0.6936217815,0.05834244077
144,0.9,0.1,0.2855993321,2715,0.6933309097,0.05830896379
144,0.9,0.1,0.2855993321,2717.5,0.6930223176,0.05826223342
144,0.9,0.1,0.2855993321,2720,0.6927277519,0.05824277014
144,0.9,0.1,0.2855993321,2722.5,0.6924646004,0.05823274365
144,0.9,0.1,0.2855993321,2725,0.6921856277,0.05819948132
144,0.9,0.1,0.2855993321,2727.5,0.6918799135,0.05816777078
144,0.9,0.1,0.2855993321,2730,0.6915350479,0.05815189192
144,0.9,0.1,0.2855993321,2732.5,0.6911969689,0.05815708598
144,0.9,0.1,0.2855993321,2735,0.6908734935,0.05815029036
144,0.9,0.1,0.2855993321,2737.5,0.6905443137,0.05816481535
144,0.9,0.1,0.2855993321,2740,0.6901922601,0.05818880576
144,0.9,0.1,0.2855993321,2742.5,0.6898061585,0.05821541135
144,0.9,0.1,0.2855993321,2745,0.6894435718,0.05823597
144,0.9,0.1,0.2855993321,2747.5,0.689097768,0.05824097905
144,0.9,0.1,0.2855993321,2750,0.6887132349,0.05826131865
144,0.9,0.1,0.2855993321,2752.5,0.6883509276,0.05828622594
144,0.9,0.1,0.2855993321,2755,0.6880004113,0.05831100785
144,0.9,0.1,0.2855993321,2757.5,0.6876265656,0.05834862737
144,0.9,0.1,0.2855993321,2760,0.6872525548,0.05839268774
144,0.9,0.1,0.2855993321,2762.5,0.6869310215,0.05844099232
144,0.9,0.1,0.2855993321,2765,0.686626699,0.05848067118
144,0.9,0.1,0.2855993321,2767.5,0.6862676553,0.05852436941
144,0.9,0.1,0.2855993321,2770,0.6859532473,0.05854726817
144,0.9,0.1,0.2855993321,2772.5,0.6856581863,0.0585597477
144,0.9,0.1,0.2855993321,2775,0.6853398953,0.05859182717
144,0.9,0.1,0.2855993321,2777.5,0.6850400563,0.05861316381
144,0.9,0.1,0.2855993321,2780,0.6847102933,0.05863649419
144,0.9,0.1,0.2855993321,2782.5,0.6843865527,0.05866158269
144,0.9,0.1,0.2855993321,2785,0.6840596805,0.05866891188
144,0.9,0.1,0.2855993321,2787.5,0.6837324123,0.05869365399
144,0.9,0.1,0.2855993321,2790,0.6834039825,0.05871210655
144,0.9,0.1,0.2855993321,2792.5,0.683067143,0.05874358516
144,0.9,0.1,0.2855993321,2795,0.6827414491,0.05878819286
144,0.9,0.1,0.2855993321,2797.5,0.6824308266,0.05881216784
144,0.9,0.1,0.2855993321,2800,0.6821115515,0.05885310752
144,0.9,0.1,0.2855993321,2802.5,0.6817990488,0.05886245946
144,0.9,0.1,0.2855993321,2805,0.6814989987,0.05888279266
144,0.9,0.1,0.2855993321,2807.5,0.6812420055,0.05889516904
144,0.9,0.1,0.2855993321,2810,0.6809755859,0.05891079905
144,0.9,0.1,0.2855993321,2812.5,0.6807058585,0.05890443171
144,0.9,0.1,0.2855993321,2815,0.680461552,0.05891599771
144,0.9,0.1,0.2855993321,2817.5,0.6802071922,0.05893191792
144,0.9,0.1,0.2855993321,2820,0.6799891433,0.05893005455
144,0.9,0.1,0.2855993321,2822.5,0.6797494365,0.05893494638
144,0.9,0.1,0.2855993321,2825,0.6794855697,0.05896389959
144,0.9,0.1,0.2855993321,2827.5,0.6792665164,0.05897677406
144,0.9,0.1,0.2855993321,2830,0.6790699709,0.05897015213
144,0.9,0.1,0.2855993321,2832.5,0.678843083,0.05897088341
144,0.9,0.1,0.2855993321,2835,0.6786287975,0.05896092295
144,0.9,0.1,0.2855993321,2837.5,0.6784273868,0.05893848306
144,0.9,0.1,0.2855993321,2840,0.678235797,0.05891116967
144,0.9,0.1,0.2855993321,2842.5,0.6780157219,0.05890230365
144,0.9,0.1,0.2855993321,2845,0.6777267286,0.05892092708
144,0.9,0.1,0.2855993321,2847.5,0.6774496166,0.05891173298
144,0.9,0.1,0.2855993321,2850,0.6771663124,0.05891295622
144,0.9,0.1,0.2855993321,2852.5,0.6768865557,0.05891608409
144,0.9,0.1,0.2855993321,2855,0.6765889617,0.05891151578
144,0.9,0.1,0.2855993321,2857.5,0.6763117567,0.05890357681
144,0.9,0.1,0.2855993321,2860,0.6760218702,0.05891400794
144,0.9,0.1,0.2855993321,2862.5,0.6756986303,0.0589319212
144,0.9,0.1,0.2855993321,2865,0.6753859228,0.05893740711
144,0.9,0.1,0.2855993321,2867.5,0.675082383,0.05895384712
144,0.9,0.1,0.2855993321,2870,0.6747663282,0.05894099279
144,0.9,0.1,0.2855993321,2872.5,0.6744371678,0.05894289339
144,0.9,0.1,0.2855993321,2875,0.6741151125,0.05894972141
144,0.9,0.1,0.2855993321,2877.5,0.6738136409,0.05894252733
144,0.9,0.1,0.2855993321,2880,0.6734891805,0.05889548067
144,0.9,0.1,0.2855993321,2882.5,0.673156999,0.05887265142
144,0.9,0.1,0.2855993321,2885,0.6728594063,0.05883444986
144,0.9,0.1,0.2855993321,2887.5,0.6725695558,0.0587659681
144,0.9,0.1,0.2855993321,2890,0.6722738678,0.05869764817
144,0.9,0.1,0.2855993321,2892.5,0.6719970545,0.05864434714
144,0.9,0.1,0.2855993321,2895,0.6717544702,0.05858365692
144,0.9,0.1,0.2855993321,2897.5,0.6715111361,0.05852432325
144,0.9,0.1,0.2855993321,2900,0.6712420098,0.05845306194
144,0.9,0.1,0.2855993321,2902.5,0.6709700228,0.05841008188
144,0.9,0.1,0.2855993321,2905,0.670682391,0.05837305049
144,0.9,0.1,0.2855993321,2907.5,0.6704198764,0.05833353657
144,0.9,0.1,0.2855993321,2910,0.6701416319,0.05827953825
144,0.9,0.1,0.2855993321,2912.5,0.6698364423,0.05823831259
144,0.9,0.1,0.2855993321,2915,0.6695329052,0.05819629563
144,0.9,0.1,0.2855993321,2917.5,0.6692225981,0.05815411783
144,0.9,0.1,0.2855993321,2920,0.6688825093,0.05811372266
144,0.9,0.1,0.2855993321,2922.5,0.6685388,0.05807654878
144,0.9,0.1,0.2855993321,2925,0.6681866821,0.05803358914
144,0.9,0.1,0.2855993321,2927.5,0.667818472,0.05799354829
144,0.9,0.1,0.2855993321,2930,0.6674680385,0.05794055649
144,0.9,0.1,0.2855993321,2932.5,0.66708013,0.05791330356
144,0.9,0.1,0.2855993321,2935,0.6667400153,0.05785353032
144,0.9,0.1,0.2855993321,2937.5,0.6664022183,0.05782132157
144,0.9,0.1,0.2855993321,2940,0.6660933301,0.0577715819
144,0.9,0.1,0.2855993321,2942.5,0.6657820878,0.05772499476
144,0.9,0.1,0.2855993321,2945,0.6654925824,0.05767969557
144,0.9,0.1,0.2855993321,2947.5,0.6651689289,0.05765036906
144,0.9,0.1,0.2855993321,2950,0.664874307,0.05762158736
144,0.9,0.1,0.2855993321,2952.5,0.664581844,0.05759796288
144,0.9,0.1,0.2855993321,2955,0.66427599,0.05757022481
144,0.9,0.1,0.2855993321,2957.5,0.6639543575,0.0575474335
144,0.9,0.1,0.2855993321,2960,0.6636382732,0.0575319802
144,0.9,0.1,0.2855993321,2962.5,0.6633171076,0.05751693054
144,0.9,0.1,0.2855993321,2965,0.6630403869,0.0574720493
144,0.9,0.1,0.2855993321,2967.5,0.6627217245,0.05743115952
144,0.9,0.1,0.2855993321,2970,0.6624007209,0.05740600882
144,0.9,0.1,0.2855993321,2972.5,0.6621068514,0.057367345
144,0.9,0.1,0.2855993321,2975,0.6618414158,0.05732461732
144,0.9,0.1,0.2855993321,2977.5,0.6615630718,0.05726709043
144,0.9,0.1,0.2855993321,2980,0.66120583,0.05723327904
144,0.9,0.1,0.2855993321,2982.5,0.6608874943,0.05716744985
144,0.9,0.1,0.2855993321,2985,0.6605318634,0.0571103112
144,0.9,0.1,0.2855993321,2987.5,0.6601698938,0.05705517453
144,0.9,0.1,0.2855993321,2990,0.6598390654,0.05699707338
144,0.9,0.1,0.2855993321,2992.5,0.6595323511,0.05694305044
144,0.9,0.1,0.2855993321,2995,0.6592182405,0.05688438152
144,0.9,0.1,0.2855993321,2997.5,0.6588537218,0.05684705948
144,0.9,0.1,0.2855993321,3000,0.6584856628,0.05681845414
144,0.9,0.1,0.2855993321,3002.5,0.6581021485,0.05677706928
144,0.9,0.1,0.2855993321,3005,0.6577241495,0.05675215635
144,0.9,0.1,0.2855993321,3007.5,0.6573642563,0.05673045546
144,0.9,0.1,0.2855993321,3010,0.65699896,0.05671897796
144,0.9,0.1,0.2855993321,3012.5,0.6566424576,0.05670589366
144,0.9,0.1,0.2855993321,3015,0.6563137538,0.05668697862
144,0.9,0.1,0.2855993321,3017.5,0.6559971241,0.05668315005
144,0.9,0.1,0.2855993321,3020,0.6556734808,0.05666141487
144,0.9,0.1,0.2855993321,3022.5,0.6553388979,0.05664106024
144,0.9,0.1,0.2855993321,3025,0.6549738547,0.05660721606
144,0.9,0.1,0.2855993321,3027.5,0.6546223754,0.05656132344
144,0.9,0.1,0.2855993321,3030,0.654265668,0.05654262979
144,0.9,0.1,0.2855993321,3032.5,0.6538927962,0.05652697309
144,0.9,0.1,0.2855993321,3035,0.6535362648,0.05650337154
144,0.9,0.1,0.2855993321,3037.5,0.6531903368,0.05649357457
144,0.9,0.1,0.2855993321,3040,0.6528745952,0.05647808348
144,0.9,0.1,0.2855993321,3042.5,0.6525479176,0.05644177441
144,0.9,0.1,0.2855993321,3045,0.6521729693,0.05641759978
144,0.9,0.1,0.2855993321,3047.5,0.6518477257,0.05639747411
144,0.9,0.1,0.2855993321,3050,0.6515151137,0.05639671203
144,0.9,0.1,0.2855993321,3052.5,0.6511930367,0.05637299531
144,0.9,0.1,0.2855993321,3055,0.6508464237,0.05635529997
144,0.9,0.1,0.2855993321,3057.5,0.6504996754,0.05632176876
144,0.9,0.1,0.2855993321,3060,0.6501695182,0.05629539832
144,0.9,0.1,0.2855993321,3062.5,0.649831506,0.05625478018
144,0.9,0.1,0.2855993321,3065,0.649449182,0.05623806755
144,0.9,0.1,0.2855993321,3067.5,0.6490746217,0.05623493635
144,0.9,0.1,0.2855993321,3070,0.6487475179,0.05619178693
144,0.9,0.1,0.2855993321,3072.5,0.6484386635,0.05616164816
144,0.9,0.1,0.2855993321,3075,0.6480840121,0.05616451228
144,0.9,0.1,0.2855993321,3077.5,0.6477297695,0.05616319305
144,0.9,0.1,0.2855993321,3080,0.6473771486,0.05617222039
144,0.9,0.1,0.2855993321,3082.5,0.6470048267,0.05619142208
144,0.9,0.1,0.2855993321,3085,0.6466281323,0.05621332444
144,0.9,0.1,0.2855993321,3087.5,0.6462390331,0.05626247832
144,0.9,0.1,0.2855993321,3090,0.6458801575,0.05629228977
144,0.9,0.1,0.2855993321,3092.5,0.6455629787,0.0563125136
144,0.9,0.1,0.2855993321,3095,0.64520341,0.05635935779
144,0.9,0.1,0.2855993321,3097.5,0.6448566502,0.05639159135
144,0.9,0.1,0.2855993321,3100,0.6444912087,0.05642182705
144,0.9,0.1,0.2855993321,3102.5,0.6441074392,0.05648005744
144,0.9,0.1,0.2855993321,3105,0.6437321171,0.05653548887
144,0.9,0.1,0.2855993321,3107.5,0.6433881036,0.05657473137
144,0.9,0.1,0.2855993321,3110,0.6430357108,0.0565954866
144,0.9,0.1,0.2855993321,3112.5,0.6426971099,0.0565952212
144,0.9,0.1,0.2855993321,3115,0.6423250152,0.05660737308
144,0.9,0.1,0.2855993321,3117.5,0.6419833097,0.0565970733
144,0.9,0.1,0.2855993321,3120,0.6416006243,0.05659602104
144,0.9,0.1,0.2855993321,3122.5,0.6412019155,0.05659832519
144,0.85,0.15,0.2855993321,0,1,0
144,0.85,0.15,0.2855993321,2.5,0.9992446477,0.0001465382365
144,0.85,0.15,0.2855993321,5,0.9985936991,0.0002834672633
144,0.85,0.15,0.2855993321,7.5,0.9980273771,0.0004021885176
144,0.85,0.15,0.2855993321,10,0.9975064626,0.0005179121314
144,0.85,0.15,0.2855993321,12.5,0.9970005786,0.0006360958791
144,0.85,0.15,0.2855993321,15,0.9965238314,0.0007479012757
144,0.85,0.15,0.2855993321,17.5,0.9960766665,0.0008553863287
144,0.85,0.15,0.2855993321,20,0.9956400313,0.0009584005562
144,0.85,0.15,0.2855993321,22.5,0.9952167549,0.001059976579
144,0.85,0.15,0.2855993321,25,0.9948235654,0.001159590261
144,0.85,0.15,0.2855993321,27.5,0.9944298972,0.001259639557
144,0.85,0.15,0.2855993321,30,0.9940539853,0.001349057197
144,0.85,0.15,0.2855993321,32.5,0.9936825862,0.001432692772
144,0.85,0.15,0.2855993321,35,0.9933286928,0.001518112961
144,0.85,0.15,0.2855993321,37.5,0.9929788644,0.001610752494
144,0.85,0.15,0.2855993321,40,0.9926313827,0.001696292578
144,0.85,0.15,0.2855993321,42.5,0.9922904814,0.001786294089
144,0.85,0.15,0.2855993321,45,0.991960003,0.001861502667
144,0.85,0.15,0.2855993321,47.5,0.9916318797,0.0019279879
144,0.85,0.15,0.2855993321,50,0.9913086721,0.002000071418
144,0.85,0.15,0.2855993321,52.5,0.9909819575,0.002076349634
144,0.85,0.15,0.2855993321,55,0.9906629809,0.002153045545
144,0.85,0.15,0.2855993321,57.5,0.9903470629,0.002228587115
144,0.85,0.15,0.2855993321,60,0.9900522788,0.002302566528
144,0.85,0.15,0.2855993321,62.5,0.9897566675,0.002385575513
144,0.85,0.15,0.2855993321,65,0.9894652952,0.002466384621
144,0.85,0.15,0.2855993321,67.5,0.9891688142,0.002542815219
144,0.85,0.15,0.2855993321,70,0.988877375,0.002621608445
144,0.85,0.15,0.2855993321,72.5,0.9885756222,0.002701515828
144,0.85,0.15,0.2855993321,75,0.9882727997,0.002785628725
144,0.85,0.15,0.2855993321,77.5,0.9879746123,0.002857236617
144,0.85,0.15,0.2855993321,80,0.9876853505,0.002933695142
144,0.85,0.15,0.2855993321,82.5,0.9874018385,0.003009468203
144,0.85,0.15,0.2855993321,85,0.9871125297,0.003092119276
144,0.85,0.15,0.2855993321,87.5,0.9868300588,0.003178902647
144,0.85,0.15,0.2855993321,90,0.9865449125,0.003256481729
144,0.85,0.15,0.2855993321,92.5,0.9862577812,0.003325889
144,0.85,0.15,0.2855993321,95,0.9859708325,0.003402042213
144,0.85,0.15,0.2855993321,97.5,0.9856882891,0.003478307765
144,0.85,0.15,0.2855993321,100,0.9853980946,0.003554945263
144,0.85,0.15,0.2855993321,102.5,0.9851294641,0.003633625843
144,0.85,0.15,0.2855993321,105,0.9848453419,0.003718919342
144,0.85,0.15,0.2855993321,107.5,0.9845514379,0.003811574362
144,0.85,0.15,0.2855993321,110,0.9842808017,0.003891103099
144,0.85,0.15,0.2855993321,112.5,0.9840137355,0.00396147026
144,0.85,0.15,0.2855993321,115,0.9837454144,0.004033817257
144,0.85,0.15,0.2855993321,117.5,0.9834827499,0.004101284272
144,0.85,0.15,0.2855993321,120,0.9832233268,0.004172685862
144,0.85,0.15,0.2855993321,122.5,0.982956058,0.004247851557
144,0.85,0.15,0.2855993321,125,0.9826968174,0.004327048531
144,0.85,0.15,0.2855993321,127.5,0.9824430357,0.004408702938
144,0.85,0.15,0.2855993321,130,0.9822015775,0.004483621941
144,0.85,0.15,0.2855993321,132.5,0.9819498545,0.004559489664
144,0.85,0.15,0.2855993321,135,0.9816886746,0.004643940954
144,0.85,0.15,0.2855993321,137.5,0.9814292523,0.004721223788
144,0.85,0.15,0.2855993321,140,0.9811658525,0.004798642442
144,0.85,0.15,0.2855993321,142.5,0.9809024211,0.004875102065
144,0.85,0.15,0.2855993321,145,0.9806447058,0.004953304453
144,0.85,0.15,0.2855993321,147.5,0.9803842928,0.005033566159
144,0.85,0.15,0.2855993321,150,0.9801177527,0.005110627677
144,0.85,0.15,0.2855993321,152.5,0.979857753,0.005184362598
144,0.85,0.15,0.2855993321,155,0.9795986014,0.005260060024
144,0.85,0.15,0.2855993321,157.5,0.9793423487,0.00533817888
144,0.85,0.15,0.2855993321,160,0.9790954141,0.005411340584
144,0.85,0.15,0.2855993321,162.5,0.978835624,0.005491168319
144,0.85,0.15,0.2855993321,165,0.978569177,0.005571891846
144,0.85,0.15,0.2855993321,167.5,0.9783181108,0.005648573515
144,0.85,0.15,0.2855993321,170,0.9780784857,0.005718439565
144,0.85,0.15,0.2855993321,172.5,0.9778352216,0.005789360265
144,0.85,0.15,0.2855993321,175,0.9775825315,0.005869136762
144,0.85,0.15,0.2855993321,177.5,0.9773350546,0.005946602501
144,0.85,0.15,0.2855993321,180,0.9770881195,0.006023121417
144,0.85,0.15,0.2855993321,182.5,0.9768501182,0.00609939371
144,0.85,0.15,0.2855993321,185,0.9766140257,0.006178550282
144,0.85,0.15,0.2855993321,187.5,0.9763781891,0.006256319129
144,0.85,0.15,0.2855993321,190,0.9761442546,0.006330758073
144,0.85,0.15,0.2855993321,192.5,0.9759133614,0.006402546315
144,0.85,0.15,0.2855993321,195,0.9756812311,0.006465278884
144,0.85,0.15,0.2855993321,197.5,0.9754412135,0.006533965623
144,0.85,0.15,0.2855993321,200,0.9751992987,0.006598829374
144,0.85,0.15,0.2855993321,202.5,0.9749676714,0.006655762285
144,0.85,0.15,0.2855993321,205,0.9747348212,0.006718325525
144,0.85,0.15,0.2855993321,207.5,0.9745044698,0.006783093146
144,0.85,0.15,0.2855993321,210,0.9742575915,0.006861557635
144,0.85,0.15,0.2855993321,212.5,0.9740206395,0.006924815871
144,0.85,0.15,0.2855993321,215,0.9737902918,0.006995233321
144,0.85,0.15,0.2855993321,217.5,0.9735735985,0.007060444644
144,0.85,0.15,0.2855993321,220,0.9733555613,0.007138356371
144,0.85,0.15,0.2855993321,222.5,0.97314114,0.007221682386
144,0.85,0.15,0.2855993321,225,0.9729333986,0.007304421782
144,0.85,0.15,0.2855993321,227.5,0.9727335114,0.007384009216
144,0.85,0.15,0.2855993321,230,0.9725394504,0.007457765713
144,0.85,0.15,0.2855993321,232.5,0.9723476178,0.007534981911
144,0.85,0.15,0.2855993321,235,0.9721468227,0.007613795269
144,0.85,0.15,0.2855993321,237.5,0.9719455665,0.007694145132
144,0.85,0.15,0.2855993321,240,0.9717430373,0.007776841574
144,0.85,0.15,0.2855993321,242.5,0.971542807,0.007857054423
144,0.85,0.15,0.2855993321,245,0.9713503261,0.007944675818
144,0.85,0.15,0.2855993321,247.5,0.9711566294,0.008031154803
144,0.85,0.15,0.2855993321,250,0.9709672648,0.008107307068
144,0.85,0.15,0.2855993321,252.5,0.970780258,0.008181697454
144,0.85,0.15,0.2855993321,255,0.9705894787,0.008254736412
144,0.85,0.15,0.2855993321,257.5,0.9703920358,0.008329799729
144,0.85,0.15,0.2855993321,260,0.97018454,0.008410690069
144,0.85,0.15,0.2855993321,262.5,0.9699832792,0.008486873374
144,0.85,0.15,0.2855993321,265,0.969792936,0.008554151072
144,0.85,0.15,0.2855993321,267.5,0.9695932241,0.008615611227
144,0.85,0.15,0.2855993321,270,0.9694004598,0.008669869877
144,0.85,0.15,0.2855993321,272.5,0.9692129235,0.008726734461
144,0.85,0.15,0.2855993321,275,0.9690142468,0.008781068042
144,0.85,0.15,0.2855993321,277.5,0.9688085916,0.008828683868
144,0.85,0.15,0.2855993321,280,0.9686233296,0.008869267026
144,0.85,0.15,0.2855993321,282.5,0.9684436378,0.008908751836
144,0.85,0.15,0.2855993321,285,0.9682665731,0.00895797019
144,0.85,0.15,0.2855993321,287.5,0.9680777409,0.009009997392
144,0.85,0.15,0.2855993321,290,0.967889025,0.009062413689
144,0.85,0.15,0.2855993321,292.5,0.9677126777,0.00911492625
144,0.85,0.15,0.2855993321,295,0.9675392223,0.009172274202
144,0.85,0.15,0.2855993321,297.5,0.9673603039,0.009225574259
144,0.85,0.15,0.2855993321,300,0.9671687233,0.009285444344
144,0.85,0.15,0.2855993321,302.5,0.9669709788,0.009334626276
144,0.85,0.15,0.2855993321,305,0.9667802101,0.009390378375
144,0.85,0.15,0.2855993321,307.5,0.9665990166,0.009443183699
144,0.85,0.15,0.2855993321,310,0.9664157996,0.009491943894
144,0.85,0.15,0.2855993321,312.5,0.9662427953,0.009534597203
144,0.85,0.15,0.2855993321,315,0.9660643574,0.00958578851
144,0.85,0.15,0.2855993321,317.5,0.9658781323,0.009643642422
144,0.85,0.15,0.2855993321,320,0.96569203,0.009697624056
144,0.85,0.15,0.2855993321,322.5,0.9654948559,0.009751131375
144,0.85,0.15,0.2855993321,325,0.9653094996,0.009809439815
144,0.85,0.15,0.2855993321,327.5,0.9651176588,0.009861402085
144,0.85,0.15,0.2855993321,330,0.9649370601,0.009910819427
144,0.85,0.15,0.2855993321,332.5,0.9647649363,0.009961037758
144,0.85,0.15,0.2855993321,335,0.9645917113,0.01000970093
144,0.85,0.15,0.2855993321,337.5,0.9644151351,0.01005558598
144,0.85,0.15,0.2855993321,340,0.964242918,0.01010983064
144,0.85,0.15,0.2855993321,342.5,0.9640846987,0.01015986932
144,0.85,0.15,0.2855993321,345,0.9639163693,0.01021351205
144,0.85,0.15,0.2855993321,347.5,0.9637498039,0.01025982567
144,0.85,0.15,0.2855993321,350,0.9635892095,0.01030365863
144,0.85,0.15,0.2855993321,352.5,0.9634293439,0.01035106269
144,0.85,0.15,0.2855993321,355,0.9632716887,0.0103985248
144,0.85,0.15,0.2855993321,357.5,0.9631179671,0.01043998437
144,0.85,0.15,0.2855993321,360,0.9629647548,0.01047810211
144,0.85,0.15,0.2855993321,362.5,0.9628138329,0.01052306004
144,0.85,0.15,0.2855993321,365,0.9626547654,0.01056873619
144,0.85,0.15,0.2855993321,367.5,0.9625015913,0.01061403502
144,0.85,0.15,0.2855993321,370,0.962356746,0.01064983545
144,0.85,0.15,0.2855993321,372.5,0.9621999627,0.01068550081
144,0.85,0.15,0.2855993321,375,0.9620481622,0.01072761648
144,0.85,0.15,0.2855993321,377.5,0.9618813212,0.01077777347
144,0.85,0.15,0.2855993321,380,0.961719021,0.01082398717
144,0.85,0.15,0.2855993321,382.5,0.9615726889,0.01086585314
144,0.85,0.15,0.2855993321,385,0.96143013,0.01090926525
144,0.85,0.15,0.2855993321,387.5,0.9612799305,0.01095169591
144,0.85,0.15,0.2855993321,390,0.9611360315,0.01099079811
144,0.85,0.15,0.2855993321,392.5,0.9609958121,0.01102551783
144,0.85,0.15,0.2855993321,395,0.9608490011,0.01106978535
144,0.85,0.15,0.2855993321,397.5,0.9607006255,0.01111663887
144,0.85,0.15,0.2855993321,400,0.9605317851,0.01116499656
144,0.85,0.15,0.2855993321,402.5,0.9603630373,0.01121822198
144,0.85,0.15,0.2855993321,405,0.9601935481,0.01127432367
144,0.85,0.15,0.2855993321,407.5,0.9600183921,0.01133433564
144,0.85,0.15,0.2855993321,410,0.9598506219,0.01138163598
144,0.85,0.15,0.2855993321,412.5,0.9596874581,0.01143725257
144,0.85,0.15,0.2855993321,415,0.9595263404,0.01149148715
144,0.85,0.15,0.2855993321,417.5,0.9593702798,0.01154198536
144,0.85,0.15,0.2855993321,420,0.9592008225,0.01159740656
144,0.85,0.15,0.2855993321,422.5,0.9590274804,0.01165113344
144,0.85,0.15,0.2855993321,425,0.9588552845,0.0117107637
144,0.85,0.15,0.2855993321,427.5,0.9586955255,0.01176380854
144,0.85,0.15,0.2855993321,430,0.9585410729,0.01181773616
144,0.85,0.15,0.2855993321,432.5,0.9583803664,0.01186792654
144,0.85,0.15,0.2855993321,435,0.9582360081,0.01191065003
144,0.85,0.15,0.2855993321,437.5,0.9581021778,0.01195451478
144,0.85,0.15,0.2855993321,440,0.9579675675,0.01200173303
144,0.85,0.15,0.2855993321,442.5,0.9578257392,0.01204298427
144,0.85,0.15,0.2855993321,445,0.9576745652,0.01207574431
144,0.85,0.15,0.2855993321,447.5,0.9575234255,0.01211466463
144,0.85,0.15,0.2855993321,450,0.9573667135,0.0121543707
144,0.85,0.15,0.2855993321,452.5,0.9572118965,0.01218938672
144,0.85,0.15,0.2855993321,455,0.9570515119,0.01222460548
144,0.85,0.15,0.2855993321,457.5,0.9569013991,0.01226431871
144,0.85,0.15,0.2855993321,460,0.956739784,0.01229497061
144,0.85,0.15,0.2855993321,462.5,0.9565670622,0.01232947326
144,0.85,0.15,0.2855993321,465,0.9563990377,0.01236591649
144,0.85,0.15,0.2855993321,467.5,0.9562178836,0.0124050718
144,0.85,0.15,0.2855993321,470,0.9560270951,0.01244726626
144,0.85,0.15,0.2855993321,472.5,0.9558573872,0.01248990775
144,0.85,0.15,0.2855993321,475,0.9557064682,0.01253149736
144,0.85,0.15,0.2855993321,477.5,0.9555460658,0.01257795786
144,0.85,0.15,0.2855993321,480,0.9553860703,0.0126294484
144,0.85,0.15,0.2855993321,482.5,0.9552240636,0.01267511445
144,0.85,0.15,0.2855993321,485,0.9550684498,0.01271336391
144,0.85,0.15,0.2855993321,487.5,0.954900271,0.01275339835
144,0.85,0.15,0.2855993321,490,0.9547359875,0.01278384242
144,0.85,0.15,0.2855993321,492.5,0.9545737219,0.01281268288
144,0.85,0.15,0.2855993321,495,0.9544086076,0.01284467162
144,0.85,0.15,0.2855993321,497.5,0.9542338792,0.01287419126
144,0.85,0.15,0.2855993321,500,0.9540644115,0.01289160509
144,0.85,0.15,0.2855993321,502.5,0.9539028327,0.01291323558
144,0.85,0.15,0.2855993321,505,0.9537463197,0.01293688821
144,0.85,0.15,0.2855993321,507.5,0.9535996136,0.01295757623
144,0.85,0.15,0.2855993321,510,0.953442922,0.01297650495
144,0.85,0.15,0.2855993321,512.5,0.95327778,0.01300223832
144,0.85,0.15,0.2855993321,515,0.9531078271,0.01303027634
144,0.85,0.15,0.2855993321,517.5,0.9529438715,0.01305981843
144,0.85,0.15,0.2855993321,520,0.9527801472,0.01309495882
144,0.85,0.15,0.2855993321,522.5,0.9526179486,0.0131277386
144,0.85,0.15,0.2855993321,525,0.9524497162,0.01315508433
144,0.85,0.15,0.2855993321,527.5,0.952283032,0.01318619062
144,0.85,0.15,0.2855993321,530,0.9521067156,0.01321704575
144,0.85,0.15,0.2855993321,532.5,0.9519308158,0.0132444257
144,0.85,0.15,0.2855993321,535,0.9517471902,0.01327695928
144,0.85,0.15,0.2855993321,537.5,0.9515742416,0.01330804159
144,0.85,0.15,0.2855993321,540,0.9514024224,0.0133390001
144,0.85,0.15,0.2855993321,542.5,0.9512313961,0.01337408564
144,0.85,0.15,0.2855993321,545,0.9510696873,0.01341254964
144,0.85,0.15,0.2855993321,547.5,0.950918253,0.01344346919
144,0.85,0.15,0.2855993321,550,0.9507576009,0.01347658226
144,0.85,0.15,0.2855993321,552.5,0.9506076965,0.01350712917
144,0.85,0.15,0.2855993321,555,0.9504436078,0.01353689016
144,0.85,0.15,0.2855993321,557.5,0.9502830324,0.01356326151
144,0.85,0.15,0.2855993321,560,0.9501178282,0.01359063611
144,0.85,0.15,0.2855993321,562.5,0.9499503737,0.01361950405
144,0.85,0.15,0.2855993321,565,0.9497866805,0.01364635123
144,0.85,0.15,0.2855993321,567.5,0.9496304571,0.01367046245
144,0.85,0.15,0.2855993321,570,0.9494931016,0.01369134933
144,0.85,0.15,0.2855993321,572.5,0.9493508696,0.01370515712
144,0.85,0.15,0.2855993321,575,0.9492049443,0.01372567804
144,0.85,0.15,0.2855993321,577.5,0.9490380616,0.01375356327
144,0.85,0.15,0.2855993321,580,0.9488800165,0.01377573702
144,0.85,0.15,0.2855993321,582.5,0.9487279833,0.0137951852
144,0.85,0.15,0.2855993321,585,0.9485728866,0.01381161958
144,0.85,0.15,0.2855993321,587.5,0.948423883,0.01382584187
144,0.85,0.15,0.2855993321,590,0.9482877952,0.01383879732
144,0.85,0.15,0.2855993321,592.5,0.9481486445,0.01384484309
144,0.85,0.15,0.2855993321,595,0.9479946506,0.01385395958
144,0.85,0.15,0.2855993321,597.5,0.9478391369,0.01386130284
144,0.85,0.15,0.2855993321,600,0.9476734448,0.01386588168
144,0.85,0.15,0.2855993321,602.5,0.947519125,0.01387056585
144,0.85,0.15,0.2855993321,605,0.947365613,0.01387123388
144,0.85,0.15,0.2855993321,607.5,0.9471998206,0.01387605221
144,0.85,0.15,0.2855993321,610,0.947041383,0.01388730522
144,0.85,0.15,0.2855993321,612.5,0.9468856231,0.01390535688
144,0.85,0.15,0.2855993321,615,0.9467293515,0.01393141326
144,0.85,0.15,0.2855993321,617.5,0.9465690195,0.01395428564
144,0.85,0.15,0.2855993321,620,0.9464034778,0.01397968777
144,0.85,0.15,0.2855993321,622.5,0.9462344513,0.01400633385
144,0.85,0.15,0.2855993321,625,0.9460574941,0.01403235197
144,0.85,0.15,0.2855993321,627.5,0.9458831353,0.01406207693
144,0.85,0.15,0.2855993321,630,0.9457199463,0.01409640245
144,0.85,0.15,0.2855993321,632.5,0.9455594665,0.01413705411
144,0.85,0.15,0.2855993321,635,0.9454018653,0.0141851447
144,0.85,0.15,0.2855993321,637.5,0.9452446952,0.01422668722
144,0.85,0.15,0.2855993321,640,0.9450981675,0.01425504093
144,0.85,0.15,0.2855993321,642.5,0.9449407627,0.01428969687
144,0.85,0.15,0.2855993321,645,0.9447820914,0.01432450422
144,0.85,0.15,0.2855993321,647.5,0.9446065264,0.0143673774
144,0.85,0.15,0.2855993321,650,0.9444284008,0.01440781963
144,0.85,0.15,0.2855993321,652.5,0.9442501183,0.01444978141
144,0.85,0.15,0.2855993321,655,0.9440657811,0.01448041525
144,0.85,0.15,0.2855993321,657.5,0.9438947497,0.01451417514
144,0.85,0.15,0.2855993321,660,0.9437058933,0.01455703428
144,0.85,0.15,0.2855993321,662.5,0.9435052209,0.01459591228
144,0.85,0.15,0.2855993321,665,0.9433040565,0.01463079186
144,0.85,0.15,0.2855993321,667.5,0.9431149665,0.01466574649
144,0.85,0.15,0.2855993321,670,0.942922333,0.01470054403
144,0.85,0.15,0.2855993321,672.5,0.942733169,0.01472766792
144,0.85,0.15,0.2855993321,675,0.9425426101,0.01475992524
144,0.85,0.15,0.2855993321,677.5,0.9423517287,0.01479183883
144,0.85,0.15,0.2855993321,680,0.9421608813,0.01482220236
144,0.85,0.15,0.2855993321,682.5,0.9419752915,0.01485163567
144,0.85,0.15,0.2855993321,685,0.9417842623,0.01488029673
144,0.85,0.15,0.2855993321,687.5,0.9415946452,0.0149131528
144,0.85,0.15,0.2855993321,690,0.941403738,0.01494074661
144,0.85,0.15,0.2855993321,692.5,0.9412186006,0.01496786545
144,0.85,0.15,0.2855993321,695,0.9410216234,0.01498855209
144,0.85,0.15,0.2855993321,697.5,0.9408158768,0.01501660852
144,0.85,0.15,0.2855993321,700,0.9406069745,0.01504229521
144,0.85,0.15,0.2855993321,702.5,0.9403992845,0.01507600524
144,0.85,0.15,0.2855993321,705,0.9401950127,0.01510695079
144,0.85,0.15,0.2855993321,707.5,0.9399890876,0.01514246825
144,0.85,0.15,0.2855993321,710,0.9397873531,0.01518019847
144,0.85,0.15,0.2855993321,712.5,0.9395886007,0.01520807311
144,0.85,0.15,0.2855993321,715,0.9393783385,0.0152433773
144,0.85,0.15,0.2855993321,717.5,0.9391792138,0.01527704755
144,0.85,0.15,0.2855993321,720,0.9390008567,0.01531710143
144,0.85,0.15,0.2855993321,722.5,0.9388168728,0.01536231678
144,0.85,0.15,0.2855993321,725,0.9386288011,0.01540370469
144,0.85,0.15,0.2855993321,727.5,0.9384493859,0.01544160334
144,0.85,0.15,0.2855993321,730,0.9382489457,0.01548111173
144,0.85,0.15,0.2855993321,732.5,0.9380530989,0.01551855125
144,0.85,0.15,0.2855993321,735,0.9378514551,0.01555448587
144,0.85,0.15,0.2855993321,737.5,0.9376662751,0.01557812791
144,0.85,0.15,0.2855993321,740,0.9374760335,0.01560409823
144,0.85,0.15,0.2855993321,742.5,0.9372909547,0.01562295604
144,0.85,0.15,0.2855993321,745,0.9371082765,0.01564574655
144,0.85,0.15,0.2855993321,747.5,0.9369310394,0.01566178364
144,0.85,0.15,0.2855993321,750,0.936745596,0.01567500497
144,0.85,0.15,0.2855993321,752.5,0.9365472763,0.01569069983
144,0.85,0.15,0.2855993321,755,0.9363395432,0.01571489615
144,0.85,0.15,0.2855993321,757.5,0.9361485941,0.01573330485
144,0.85,0.15,0.2855993321,760,0.9359585206,0.01575043699
144,0.85,0.15,0.2855993321,762.5,0.9357675572,0.01576504134
144,0.85,0.15,0.2855993321,765,0.9355682535,0.01577832932
144,0.85,0.15,0.2855993321,767.5,0.9353724455,0.01579391239
144,0.85,0.15,0.2855993321,770,0.9351851031,0.01581419297
144,0.85,0.15,0.2855993321,772.5,0.9349974257,0.01583880236
144,0.85,0.15,0.2855993321,775,0.934815282,0.01585800192
144,0.85,0.15,0.2855993321,777.5,0.9346380198,0.01587270754
144,0.85,0.15,0.2855993321,780,0.9344621521,0.01588687273
144,0.85,0.15,0.2855993321,782.5,0.9343056071,0.01589833776
144,0.85,0.15,0.2855993321,785,0.9341411627,0.01591505502
144,0.85,0.15,0.2855993321,787.5,0.933978539,0.01592403777
144,0.85,0.15,0.2855993321,790,0.9338110394,0.01593059664
144,0.85,0.15,0.2855993321,792.5,0.9336519845,0.01593271021
144,0.85,0.15,0.2855993321,795,0.9334960592,0.01593613886
144,0.85,0.15,0.2855993321,797.5,0.9333386485,0.01593018174
144,0.85,0.15,0.2855993321,800,0.9331864466,0.01593183699
144,0.85,0.15,0.2855993321,802.5,0.9330265272,0.01592766324
144,0.85,0.15,0.2855993321,805,0.9328651838,0.01592537486
144,0.85,0.15,0.2855993321,807.5,0.9327010719,0.01592495842
144,0.85,0.15,0.2855993321,810,0.9325524127,0.0159285439
144,0.85,0.15,0.2855993321,812.5,0.9324041826,0.01593238949
144,0.85,0.15,0.2855993321,815,0.9322557241,0.01593341456
144,0.85,0.15,0.2855993321,817.5,0.9320954212,0.01593944139
144,0.85,0.15,0.2855993321,820,0.9319233766,0.01595486982
144,0.85,0.15,0.2855993321,822.5,0.9317413881,0.01597297895
144,0.85,0.15,0.2855993321,825,0.9315600987,0.01599099566
144,0.85,0.15,0.2855993321,827.5,0.9313746785,0.01601348805
144,0.85,0.15,0.2855993321,830,0.9311843808,0.01603197476
144,0.85,0.15,0.2855993321,832.5,0.9309879939,0.01605044114
144,0.85,0.15,0.2855993321,835,0.9307834906,0.01606251004
144,0.85,0.15,0.2855993321,837.5,0.9305857676,0.01607449017
144,0.85,0.15,0.2855993321,840,0.9303754004,0.0160898402
144,0.85,0.15,0.2855993321,842.5,0.9301734239,0.01611030324
144,0.85,0.15,0.2855993321,845,0.9299687502,0.01612742429
144,0.85,0.15,0.2855993321,847.5,0.9297616055,0.01614580809
144,0.85,0.15,0.2855993321,850,0.9295656862,0.01615179249
144,0.85,0.15,0.2855993321,852.5,0.9293815509,0.01615703428
144,0.85,0.15,0.2855993321,855,0.9292074104,0.01615245457
144,0.85,0.15,0.2855993321,857.5,0.9290213276,0.01616091184
144,0.85,0.15,0.2855993321,860,0.9288440423,0.01616700457
144,0.85,0.15,0.2855993321,862.5,0.928677794,0.01616898196
144,0.85,0.15,0.2855993321,865,0.9285063536,0.0161694189
144,0.85,0.15,0.2855993321,867.5,0.9283334453,0.01617274032
144,0.85,0.15,0.2855993321,870,0.9281657421,0.01617592586
144,0.85,0.15,0.2855993321,872.5,0.927992118,0.0161751887
144,0.85,0.15,0.2855993321,875,0.9278237973,0.01617640925
144,0.85,0.15,0.2855993321,877.5,0.9276574026,0.01617147376
144,0.85,0.15,0.2855993321,880,0.9274904784,0.01617131632
144,0.85,0.15,0.2855993321,882.5,0.9273237482,0.01617418731
144,0.85,0.15,0.2855993321,885,0.9271523904,0.01618129158
144,0.85,0.15,0.2855993321,887.5,0.9269814833,0.01618568512
144,0.85,0.15,0.2855993321,890,0.9268147946,0.01618688752
144,0.85,0.15,0.2855993321,892.5,0.9266545583,0.016191357
144,0.85,0.15,0.2855993321,895,0.9265009678,0.01619118118
144,0.85,0.15,0.2855993321,897.5,0.9263401056,0.01619212813
144,0.85,0.15,0.2855993321,900,0.9261804162,0.0161874494
144,0.85,0.15,0.2855993321,902.5,0.9260106076,0.01618605533
144,0.85,0.15,0.2855993321,905,0.9258364789,0.0161801767
144,0.85,0.15,0.2855993321,907.5,0.9256613565,0.01617816992
144,0.85,0.15,0.2855993321,910,0.9254945367,0.01616805396
144,0.85,0.15,0.2855993321,912.5,0.9253346835,0.01616114073
144,0.85,0.15,0.2855993321,915,0.9251581095,0.01615865348
144,0.85,0.15,0.2855993321,917.5,0.9249817353,0.01615211755
144,0.85,0.15,0.2855993321,920,0.9248244129,0.01614810926
144,0.85,0.15,0.2855993321,922.5,0.9246721245,0.01614277921
144,0.85,0.15,0.2855993321,925,0.9245237474,0.01613647267
144,0.85,0.15,0.2855993321,927.5,0.924369331,0.0161280237
144,0.85,0.15,0.2855993321,930,0.9242093558,0.01612062201
144,0.85,0.15,0.2855993321,932.5,0.9240462513,0.01610693836
144,0.85,0.15,0.2855993321,935,0.9238738945,0.01610287183
144,0.85,0.15,0.2855993321,937.5,0.9237009538,0.01609759036
144,0.85,0.15,0.2855993321,940,0.9235227018,0.01608845492
144,0.85,0.15,0.2855993321,942.5,0.9233293969,0.01608079805
144,0.85,0.15,0.2855993321,945,0.9231389549,0.01607459139
144,0.85,0.15,0.2855993321,947.5,0.922942013,0.01607298525
144,0.85,0.15,0.2855993321,950,0.9227487564,0.01606712308
144,0.85,0.15,0.2855993321,952.5,0.9225498927,0.01605739389
144,0.85,0.15,0.2855993321,955,0.9223467045,0.01604162572
144,0.85,0.15,0.2855993321,957.5,0.9221564993,0.01602859333
144,0.85,0.15,0.2855993321,960,0.9219772065,0.01602192496
144,0.85,0.15,0.2855993321,962.5,0.9217863467,0.0160117058
144,0.85,0.15,0.2855993321,965,0.9215942054,0.01601118266
144,0.85,0.15,0.2855993321,967.5,0.9214042559,0.01600182872
144,0.85,0.15,0.2855993321,970,0.9212111325,0.01598550935
144,0.85,0.15,0.2855993321,972.5,0.9210240753,0.0159764399
144,0.85,0.15,0.2855993321,975,0.9208384159,0.01596918222
144,0.85,0.15,0.2855993321,977.5,0.9206619993,0.01596581906
144,0.85,0.15,0.2855993321,980,0.9204667333,0.01596844507
144,0.85,0.15,0.2855993321,982.5,0.9202799588,0.01596940912
144,0.85,0.15,0.2855993321,985,0.9200970978,0.0159707968
144,0.85,0.15,0.2855993321,987.5,0.9199086513,0.01597899225
144,0.85,0.15,0.2855993321,990,0.9197205624,0.01598404972
144,0.85,0.15,0.2855993321,992.5,0.9195343179,0.01597293365
144,0.85,0.15,0.2855993321,995,0.9193520217,0.01597544688
144,0.85,0.15,0.2855993321,997.5,0.9191641384,0.01597849458
144,0.85,0.15,0.2855993321,1000,0.9189844172,0.01597821136
144,0.85,0.15,0.2855993321,1002.5,0.9188056513,0.01598051586
144,0.85,0.15,0.2855993321,1005,0.9186228445,0.015989281
144,0.85,0.15,0.2855993321,1007.5,0.9184369654,0.01600001838
144,0.85,0.15,0.2855993321,1010,0.9182485432,0.0160080341
144,0.85,0.15,0.2855993321,1012.5,0.9180612851,0.01601273755
144,0.85,0.15,0.2855993321,1015,0.9178712634,0.01601631131
144,0.85,0.15,0.2855993321,1017.5,0.9176877562,0.01602025309
144,0.85,0.15,0.2855993321,1020,0.9174980626,0.01602157316
144,0.85,0.15,0.2855993321,1022.5,0.9172999661,0.01602948931
144,0.85,0.15,0.2855993321,1025,0.9171187417,0.01603609385
144,0.85,0.15,0.2855993321,1027.5,0.9169307651,0.01605524243
144,0.85,0.15,0.2855993321,1030,0.916740456,0.01607913268
144,0.85,0.15,0.2855993321,1032.5,0.9165458169,0.01610437134
144,0.85,0.15,0.2855993321,1035,0.9163529153,0.01612315324
144,0.85,0.15,0.2855993321,1037.5,0.9161764406,0.01614776047
144,0.85,0.15,0.2855993321,1040,0.9160170065,0.01617368147
144,0.85,0.15,0.2855993321,1042.5,0.9158491581,0.01619586936
144,0.85,0.15,0.2855993321,1045,0.9156719689,0.01621950638
144,0.85,0.15,0.2855993321,1047.5,0.9154955896,0.01624312974
144,0.85,0.15,0.2855993321,1050,0.9153227554,0.01627063437
144,0.85,0.15,0.2855993321,1052.5,0.9151360244,0.01628640388
144,0.85,0.15,0.2855993321,1055,0.9149605705,0.01630696954
144,0.85,0.15,0.2855993321,1057.5,0.9147887323,0.0163225841
144,0.85,0.15,0.2855993321,1060,0.9146042306,0.01633615183
144,0.85,0.15,0.2855993321,1062.5,0.914398581,0.01635569599
144,0.85,0.15,0.2855993321,1065,0.9142001286,0.01637307528
144,0.85,0.15,0.2855993321,1067.5,0.9139996425,0.01640122599
144,0.85,0.15,0.2855993321,1070,0.9138069897,0.01642594764
144,0.85,0.15,0.2855993321,1072.5,0.9136086288,0.01644358058
144,0.85,0.15,0.2855993321,1075,0.9134096982,0.01646843258
144,0.85,0.15,0.2855993321,1077.5,0.9132207794,0.0164982344
144,0.85,0.15,0.2855993321,1080,0.9130302939,0.01652430199
144,0.85,0.15,0.2855993321,1082.5,0.9128348351,0.01653675113
144,0.85,0.15,0.2855993321,1085,0.9126387637,0.01654970516
144,0.85,0.15,0.2855993321,1087.5,0.9124513642,0.0165535014
144,0.85,0.15,0.2855993321,1090,0.9122667914,0.01655789273
144,0.85,0.15,0.2855993321,1092.5,0.9120828606,0.01656514809
144,0.85,0.15,0.2855993321,1095,0.9119075564,0.01656888957
144,0.85,0.15,0.2855993321,1097.5,0.9117307283,0.01656658721
144,0.85,0.15,0.2855993321,1100,0.9115723423,0.016561787
144,0.85,0.15,0.2855993321,1102.5,0.9114031918,0.01655816063
144,0.85,0.15,0.2855993321,1105,0.9112141778,0.01656124243
144,0.85,0.15,0.2855993321,1107.5,0.9110199773,0.01657182143
144,0.85,0.15,0.2855993321,1110,0.9108276914,0.0165764449
144,0.85,0.15,0.2855993321,1112.5,0.9106399856,0.01657883546
144,0.85,0.15,0.2855993321,1115,0.910438319,0.01658446434
144,0.85,0.15,0.2855993321,1117.5,0.910239287,0.01659610092
144,0.85,0.15,0.2855993321,1120,0.9100537481,0.01661468028
144,0.85,0.15,0.2855993321,1122.5,0.9098611772,0.01662388274
144,0.85,0.15,0.2855993321,1125,0.9096683804,0.01662793435
144,0.85,0.15,0.2855993321,1127.5,0.9094564578,0.01664450865
144,0.85,0.15,0.2855993321,1130,0.9092506793,0.01665333563
144,0.85,0.15,0.2855993321,1132.5,0.9090384016,0.01666331998
144,0.85,0.15,0.2855993321,1135,0.908820039,0.01667033008
144,0.85,0.15,0.2855993321,1137.5,0.9086195561,0.01668607409
144,0.85,0.15,0.2855993321,1140,0.9084241995,0.01668767517
144,0.85,0.15,0.2855993321,1142.5,0.9082462353,0.01668206537
144,0.85,0.15,0.2855993321,1145,0.908072572,0.01667922452
144,0.85,0.15,0.2855993321,1147.5,0.907884148,0.01667380612
144,0.85,0.15,0.2855993321,1150,0.9076972707,0.01666280265
144,0.85,0.15,0.2855993321,1152.5,0.9075094243,0.01665612203
144,0.85,0.15,0.2855993321,1155,0.90731822,0.01665037612
144,0.85,0.15,0.2855993321,1157.5,0.9071160005,0.0166486023
144,0.85,0.15,0.2855993321,1160,0.9069168238,0.01664782217
144,0.85,0.15,0.2855993321,1162.5,0.9067072862,0.01664696317
144,0.85,0.15,0.2855993321,1165,0.9065037117,0.01664490023
144,0.85,0.15,0.2855993321,1167.5,0.906306786,0.01665288169
144,0.85,0.15,0.2855993321,1170,0.9061103059,0.01666364842
144,0.85,0.15,0.2855993321,1172.5,0.9059020363,0.0166790686
144,0.85,0.15,0.2855993321,1175,0.9057083034,0.01668991754
144,0.85,0.15,0.2855993321,1177.5,0.905510641,0.01669860994
144,0.85,0.15,0.2855993321,1180,0.9052825694,0.01671621948
144,0.85,0.15,0.2855993321,1182.5,0.9050723367,0.01673973754
144,0.85,0.15,0.2855993321,1185,0.9048637603,0.01675877518
144,0.85,0.15,0.2855993321,1187.5,0.9046626838,0.01677356959
144,0.85,0.15,0.2855993321,1190,0.9044529929,0.01678622985
144,0.85,0.15,0.2855993321,1192.5,0.9042489649,0.01679522317
144,0.85,0.15,0.2855993321,1195,0.9040423261,0.01681265907
144,0.85,0.15,0.2855993321,1197.5,0.9038353094,0.01682300548
144,0.85,0.15,0.2855993321,1200,0.9036214714,0.01683267278
144,0.85,0.15,0.2855993321,1202.5,0.9034133,0.01684066398
144,0.85,0.15,0.2855993321,1205,0.9032099465,0.01684503913
144,0.85,0.15,0.2855993321,1207.5,0.9030101084,0.01685716993
144,0.85,0.15,0.2855993321,1210,0.9028092477,0.01686794696
144,0.85,0.15,0.2855993321,1212.5,0.9026133605,0.01687310371
144,0.85,0.15,0.2855993321,1215,0.9024158132,0.0168851633
144,0.85,0.15,0.2855993321,1217.5,0.9022061624,0.01690565573
144,0.85,0.15,0.2855993321,1220,0.901995517,0.0169240888
144,0.85,0.15,0.2855993321,1222.5,0.9017775087,0.01694055275
144,0.85,0.15,0.2855993321,1225,0.9015734246,0.01697299013
144,0.85,0.15,0.2855993321,1227.5,0.9013681547,0.0169994695
144,0.85,0.15,0.2855993321,1230,0.9011649308,0.01702650811
144,0.85,0.15,0.2855993321,1232.5,0.9009678743,0.01704501238
144,0.85,0.15,0.2855993321,1235,0.9007646913,0.01706299532
144,0.85,0.15,0.2855993321,1237.5,0.9005508312,0.01707845119
144,0.85,0.15,0.2855993321,1240,0.9003349914,0.01710142157
144,0.85,0.15,0.2855993321,1242.5,0.900133352,0.01712597803
144,0.85,0.15,0.2855993321,1245,0.8999279603,0.01714938339
144,0.85,0.15,0.2855993321,1247.5,0.8997232474,0.01716514408
144,0.85,0.15,0.2855993321,1250,0.8995279268,0.01718758298
144,0.85,0.15,0.2855993321,1252.5,0.8993386485,0.01721063579
144,0.85,0.15,0.2855993321,1255,0.899155002,0.01723118528
144,0.85,0.15,0.2855993321,1257.5,0.8989629581,0.01725524714
144,0.85,0.15,0.2855993321,1260,0.8987600125,0.01727782334
144,0.85,0.15,0.2855993321,1262.5,0.8985597244,0.0173006039
144,0.85,0.15,0.2855993321,1265,0.8983595851,0.01732687033
144,0.85,0.15,0.2855993321,1267.5,0.8981623958,0.01734833035
144,0.85,0.15,0.2855993321,1270,0.8979752185,0.01736990886
144,0.85,0.15,0.2855993321,1272.5,0.8977965169,0.01738908362
144,0.85,0.15,0.2855993321,1275,0.8976173311,0.0174090271
144,0.85,0.15,0.2855993321,1277.5,0.8974462421,0.01742816539
144,0.85,0.15,0.2855993321,1280,0.8972620661,0.01745753075
144,0.85,0.15,0.2855993321,1282.5,0.8970791287,0.01747848752
144,0.85,0.15,0.2855993321,1285,0.8968831743,0.01749633463
144,0.85,0.15,0.2855993321,1287.5,0.8967031533,0.01751547721
144,0.85,0.15,0.2855993321,1290,0.8965335564,0.01754565767
144,0.85,0.15,0.2855993321,1292.5,0.8963455148,0.01758253435
144,0.85,0.15,0.2855993321,1295,0.8961763572,0.01760708162
144,0.85,0.15,0.2855993321,1297.5,0.8960076334,0.01763661389
144,0.85,0.15,0.2855993321,1300,0.8958271113,0.01767136009
144,0.85,0.15,0.2855993321,1302.5,0.8956415673,0.01770550734
144,0.85,0.15,0.2855993321,1305,0.8954665857,0.01773073417
144,0.85,0.15,0.2855993321,1307.5,0.8952996293,0.01775863305
144,0.85,0.15,0.2855993321,1310,0.8951280396,0.01778459569
144,0.85,0.15,0.2855993321,1312.5,0.8949537604,0.01780286979
144,0.85,0.15,0.2855993321,1315,0.8947815474,0.01782354214
144,0.85,0.15,0.2855993321,1317.5,0.8946106809,0.01784115292
144,0.85,0.15,0.2855993321,1320,0.8944374802,0.01786020099
144,0.85,0.15,0.2855993321,1322.5,0.8942667186,0.01788023222
144,0.85,0.15,0.2855993321,1325,0.8940870611,0.01790186636
144,0.85,0.15,0.2855993321,1327.5,0.8939184285,0.0179170555
144,0.85,0.15,0.2855993321,1330,0.8937549143,0.01793465666
144,0.85,0.15,0.2855993321,1332.5,0.8935946175,0.01794989163
144,0.85,0.15,0.2855993321,1335,0.8934218725,0.01796177266
144,0.85,0.15,0.2855993321,1337.5,0.8932495027,0.01797568893
144,0.85,0.15,0.2855993321,1340,0.893099721,0.01798893949
144,0.85,0.15,0.2855993321,1342.5,0.8929401932,0.01801182503
144,0.85,0.15,0.2855993321,1345,0.8927822223,0.01803306355
144,0.85,0.15,0.2855993321,1347.5,0.8926187932,0.0180516154
144,0.85,0.15,0.2855993321,1350,0.8924700593,0.01807212454
144,0.85,0.15,0.2855993321,1352.5,0.8923421465,0.01808573053
144,0.85,0.15,0.2855993321,1355,0.8922083168,0.01809947333
144,0.85,0.15,0.2855993321,1357.5,0.8920658654,0.01812056564
144,0.85,0.15,0.2855993321,1360,0.8919175819,0.01814862537
144,0.85,0.15,0.2855993321,1362.5,0.8917640043,0.01818015143
144,0.85,0.15,0.2855993321,1365,0.891602578,0.01820870453
144,0.85,0.15,0.2855993321,1367.5,0.8914466317,0.01823319913
144,0.85,0.15,0.2855993321,1370,0.8912688501,0.01825810217
144,0.85,0.15,0.2855993321,1372.5,0.8910903567,0.0182798151
144,0.85,0.15,0.2855993321,1375,0.8908997979,0.01831179279
144,0.85,0.15,0.2855993321,1377.5,0.8907237464,0.01834418927
144,0.85,0.15,0.2855993321,1380,0.8905547266,0.01837010938
144,0.85,0.15,0.2855993321,1382.5,0.8903922236,0.01839735902
144,0.85,0.15,0.2855993321,1385,0.8902195117,0.01842759863
144,0.85,0.15,0.2855993321,1387.5,0.8900509522,0.01845709125
144,0.85,0.15,0.2855993321,1390,0.8898953388,0.01847910909
144,0.85,0.15,0.2855993321,1392.5,0.8897483091,0.01849621846
144,0.85,0.15,0.2855993321,1395,0.8895943749,0.0185135302
144,0.85,0.15,0.2855993321,1397.5,0.8894394222,0.01853136266
144,0.85,0.15,0.2855993321,1400,0.8892805653,0.01854968027
144,0.85,0.15,0.2855993321,1402.5,0.8891221743,0.01856969947
144,0.85,0.15,0.2855993321,1405,0.8889688964,0.01858600572
144,0.85,0.15,0.2855993321,1407.5,0.8887939421,0.01860585994
144,0.85,0.15,0.2855993321,1410,0.8886177593,0.0186204122
144,0.85,0.15,0.2855993321,1412.5,0.8884344445,0.01863282822
144,0.85,0.15,0.2855993321,1415,0.8882390575,0.01864931696
144,0.85,0.15,0.2855993321,1417.5,0.8880597108,0.01864759801
144,0.85,0.15,0.2855993321,1420,0.8878791029,0.01864501847
144,0.85,0.15,0.2855993321,1422.5,0.8876944113,0.01863808659
144,0.85,0.15,0.2855993321,1425,0.8875097712,0.01863237361
144,0.85,0.15,0.2855993321,1427.5,0.8873306164,0.01863108761
144,0.85,0.15,0.2855993321,1430,0.8871626582,0.01862378247
144,0.85,0.15,0.2855993321,1432.5,0.8869901315,0.0186205722
144,0.85,0.15,0.2855993321,1435,0.8868209504,0.01861588664
144,0.85,0.15,0.2855993321,1437.5,0.8866422249,0.01861737655
144,0.85,0.15,0.2855993321,1440,0.8864729513,0.01861647047
144,0.85,0.15,0.2855993321,1442.5,0.886319054,0.01862073785
144,0.85,0.15,0.2855993321,1445,0.8861761359,0.01862271533
144,0.85,0.15,0.2855993321,1447.5,0.8860306618,0.01862180909
144,0.85,0.15,0.2855993321,1450,0.8858881842,0.01862038179
144,0.85,0.15,0.2855993321,1452.5,0.8857339178,0.01862581566
144,0.85,0.15,0.2855993321,1455,0.8855873091,0.01863546082
144,0.85,0.15,0.2855993321,1457.5,0.8854345099,0.01864826433
144,0.85,0.15,0.2855993321,1460,0.8852734648,0.01867112759
144,0.85,0.15,0.2855993321,1462.5,0.8851099418,0.01870220956
144,0.85,0.15,0.2855993321,1465,0.8849373205,0.01873536451
144,0.85,0.15,0.2855993321,1467.5,0.8847751175,0.01876543198
144,0.85,0.15,0.2855993321,1470,0.8846154777,0.01878496554
144,0.85,0.15,0.2855993321,1472.5,0.88446746,0.01880379377
144,0.85,0.15,0.2855993321,1475,0.8843135079,0.01882363118
144,0.85,0.15,0.2855993321,1477.5,0.8841513971,0.01884463013
144,0.85,0.15,0.2855993321,1480,0.8839932448,0.01887288174
144,0.85,0.15,0.2855993321,1482.5,0.8838419172,0.01890337247
144,0.85,0.15,0.2855993321,1485,0.8836905407,0.01891707047
144,0.85,0.15,0.2855993321,1487.5,0.8835441935,0.01893134038
144,0.85,0.15,0.2855993321,1490,0.8834022551,0.01894789491
144,0.85,0.15,0.2855993321,1492.5,0.8832580007,0.01896834853
144,0.85,0.15,0.2855993321,1495,0.883112485,0.01898657691
144,0.85,0.15,0.2855993321,1497.5,0.8829643201,0.0190152021
144,0.85,0.15,0.2855993321,1500,0.8828173,0.01904701219
144,0.85,0.15,0.2855993321,1502.5,0.8826735402,0.01908438434
144,0.85,0.15,0.2855993321,1505,0.8825400093,0.01910621299
144,0.85,0.15,0.2855993321,1507.5,0.8824024109,0.01912651766
144,0.85,0.15,0.2855993321,1510,0.8822472416,0.01914730867
144,0.85,0.15,0.2855993321,1512.5,0.8820956797,0.0191712136
144,0.85,0.15,0.2855993321,1515,0.8819515486,0.01919726541
144,0.85,0.15,0.2855993321,1517.5,0.881810007,0.0192261488
144,0.85,0.15,0.2855993321,1520,0.8816811334,0.01925742815
144,0.85,0.15,0.2855993321,1522.5,0.8815448997,0.01929362698
144,0.85,0.15,0.2855993321,1525,0.8814042696,0.01933064001
144,0.85,0.15,0.2855993321,1527.5,0.8812645303,0.01936986252
144,0.85,0.15,0.2855993321,1530,0.881117316,0.01941869136
144,0.85,0.15,0.2855993321,1532.5,0.8809650312,0.01947313259
144,0.85,0.15,0.2855993321,1535,0.8808003168,0.01952360076
144,0.85,0.15,0.2855993321,1537.5,0.8806426165,0.01956826499
144,0.85,0.15,0.2855993321,1540,0.8804715741,0.01961479095
144,0.85,0.15,0.2855993321,1542.5,0.8802985023,0.01966095321
144,0.85,0.15,0.2855993321,1545,0.8801239477,0.01970033024
144,0.85,0.15,0.2855993321,1547.5,0.8799514463,0.01974015731
144,0.85,0.15,0.2855993321,1550,0.8797896085,0.01977385373
144,0.85,0.15,0.2855993321,1552.5,0.8796266069,0.01980599091
144,0.85,0.15,0.2855993321,1555,0.8794621717,0.01984191305
144,0.85,0.15,0.2855993321,1557.5,0.8792964024,0.01987516168
144,0.85,0.15,0.2855993321,1560,0.8791369074,0.01989719005
144,0.85,0.15,0.2855993321,1562.5,0.8789825335,0.01992401578
144,0.85,0.15,0.2855993321,1565,0.8788413428,0.01995278903
144,0.85,0.15,0.2855993321,1567.5,0.8786996925,0.01998186766
144,0.85,0.15,0.2855993321,1570,0.8785525794,0.02001498513
144,0.85,0.15,0.2855993321,1572.5,0.8784044405,0.02004599159
144,0.85,0.15,0.2855993321,1575,0.8782554803,0.02008474028
144,0.85,0.15,0.2855993321,1577.5,0.8780998671,0.02011606019
144,0.85,0.15,0.2855993321,1580,0.8779414431,0.02014165208
144,0.85,0.15,0.2855993321,1582.5,0.8777801429,0.02017812485
144,0.85,0.15,0.2855993321,1585,0.8776074185,0.02022014103
144,0.85,0.15,0.2855993321,1587.5,0.8774383576,0.02025667051
144,0.85,0.15,0.2855993321,1590,0.877282688,0.02028776662
144,0.85,0.15,0.2855993321,1592.5,0.8771177397,0.02032361038
144,0.85,0.15,0.2855993321,1595,0.8769518088,0.02036414526
144,0.85,0.15,0.2855993321,1597.5,0.8767866122,0.02040719316
144,0.85,0.15,0.2855993321,1600,0.8766229937,0.02045245118
144,0.85,0.15,0.2855993321,1602.5,0.8764756033,0.0204874761
144,0.85,0.15,0.2855993321,1605,0.8763395426,0.02051339306
144,0.85,0.15,0.2855993321,1607.5,0.8761957684,0.02054312554
144,0.85,0.15,0.2855993321,1610,0.8760414614,0.02057071051
144,0.85,0.15,0.2855993321,1612.5,0.8758992421,0.02059993148
144,0.85,0.15,0.2855993321,1615,0.8757475834,0.02063838665
144,0.85,0.15,0.2855993321,1617.5,0.875587798,0.02068418893
144,0.85,0.15,0.2855993321,1620,0.8754383602,0.02072665748
144,0.85,0.15,0.2855993321,1622.5,0.8752835835,0.02077373301
144,0.85,0.15,0.2855993321,1625,0.8751256393,0.02082277206
144,0.85,0.15,0.2855993321,1627.5,0.8749602077,0.02086681181
144,0.85,0.15,0.2855993321,1630,0.8748028052,0.02090576008
144,0.85,0.15,0.2855993321,1632.5,0.8746462851,0.02094869232
144,0.85,0.15,0.2855993321,1635,0.8744875045,0.02099391976
144,0.85,0.15,0.2855993321,1637.5,0.8743251507,0.02104241903
144,0.85,0.15,0.2855993321,1640,0.8741471031,0.02110327438
144,0.85,0.15,0.2855993321,1642.5,0.8739693479,0.02115446017
144,0.85,0.15,0.2855993321,1645,0.8737765649,0.02120798192
144,0.85,0.15,0.2855993321,1647.5,0.8735829092,0.02126383945
144,0.85,0.15,0.2855993321,1650,0.8734107684,0.02131219612
144,0.85,0.15,0.2855993321,1652.5,0.873232891,0.02136691132
144,0.85,0.15,0.2855993321,1655,0.873059473,0.0214218312
144,0.85,0.15,0.2855993321,1657.5,0.8728793266,0.02147476772
144,0.85,0.15,0.2855993321,1660,0.8726963495,0.02152988974
144,0.85,0.15,0.2855993321,1662.5,0.8725057371,0.02158678319
144,0.85,0.15,0.2855993321,1665,0.8723145897,0.02164496567
144,0.85,0.15,0.2855993321,1667.5,0.8721281123,0.02170517555
144,0.85,0.15,0.2855993321,1670,0.8719472237,0.02175740179
144,0.85,0.15,0.2855993321,1672.5,0.8717678257,0.02181325306
144,0.85,0.15,0.2855993321,1675,0.8715847557,0.02186742665
144,0.85,0.15,0.2855993321,1677.5,0.871395425,0.02191802429
144,0.85,0.15,0.2855993321,1680,0.8712185087,0.02196315386
144,0.85,0.15,0.2855993321,1682.5,0.8710363702,0.02200588468
144,0.85,0.15,0.2855993321,1685,0.8708557576,0.02204661666
144,0.85,0.15,0.2855993321,1687.5,0.8706674184,0.02209542424
144,0.85,0.15,0.2855993321,1690,0.870465217,0.02215247912
144,0.85,0.15,0.2855993321,1692.5,0.870255196,0.02221465082
144,0.85,0.15,0.2855993321,1695,0.870056979,0.02226862795
144,0.85,0.15,0.2855993321,1697.5,0.8698568283,0.0223189287
144,0.85,0.15,0.2855993321,1700,0.8696695577,0.02236373346
144,0.85,0.15,0.2855993321,1702.5,0.8694875241,0.02239948102
144,0.85,0.15,0.2855993321,1705,0.8692962707,0.02243892071
144,0.85,0.15,0.2855993321,1707.5,0.8691093637,0.02247232057
144,0.85,0.15,0.2855993321,1710,0.8689180771,0.02250027192
144,0.85,0.15,0.2855993321,1712.5,0.8687276553,0.02252875333
144,0.85,0.15,0.2855993321,1715,0.8685531165,0.02255374295
144,0.85,0.15,0.2855993321,1717.5,0.8683868657,0.02258032152
144,0.85,0.15,0.2855993321,1720,0.8682179929,0.02262073769
144,0.85,0.15,0.2855993321,1722.5,0.8680371911,0.02266198603
144,0.85,0.15,0.2855993321,1725,0.8678682073,0.02269301033
144,0.85,0.15,0.2855993321,1727.5,0.8676907833,0.02273237986
144,0.85,0.15,0.2855993321,1730,0.8675134314,0.02277806547
144,0.85,0.15,0.2855993321,1732.5,0.8673336999,0.02282351528
144,0.85,0.15,0.2855993321,1735,0.867169824,0.0228661903
144,0.85,0.15,0.2855993321,1737.5,0.8670204451,0.02290169877
144,0.85,0.15,0.2855993321,1740,0.8668686778,0.02293543801
144,0.85,0.15,0.2855993321,1742.5,0.8667219899,0.02296879131
144,0.85,0.15,0.2855993321,1745,0.8665615761,0.02300990536
144,0.85,0.15,0.2855993321,1747.5,0.8664042731,0.02304320875
144,0.85,0.15,0.2855993321,1750,0.8662460916,0.02308533037
144,0.85,0.15,0.2855993321,1752.5,0.8660929368,0.02313172921
144,0.85,0.15,0.2855993321,1755,0.8659492277,0.0231790612
144,0.85,0.15,0.2855993321,1757.5,0.8657971663,0.02322437607
144,0.85,0.15,0.2855993321,1760,0.8656491238,0.02326534663
144,0.85,0.15,0.2855993321,1762.5,0.8655022155,0.02330934902
144,0.85,0.15,0.2855993321,1765,0.8653414021,0.02335878726
144,0.85,0.15,0.2855993321,1767.5,0.8651924557,0.02341257495
144,0.85,0.15,0.2855993321,1770,0.865050333,0.02346538445
144,0.85,0.15,0.2855993321,1772.5,0.864886713,0.02352287217
144,0.85,0.15,0.2855993321,1775,0.8647303403,0.02357203805
144,0.85,0.15,0.2855993321,1777.5,0.8645563658,0.0236284889
144,0.85,0.15,0.2855993321,1780,0.8643729437,0.02369340995
144,0.85,0.15,0.2855993321,1782.5,0.864209366,0.02375567583
144,0.85,0.15,0.2855993321,1785,0.8640449665,0.0238139796
144,0.85,0.15,0.2855993321,1787.5,0.8638727564,0.02387163057
144,0.85,0.15,0.2855993321,1790,0.8637106622,0.02393759731
144,0.85,0.15,0.2855993321,1792.5,0.8635431536,0.02399941201
144,0.85,0.15,0.2855993321,1795,0.8633796447,0.02405835281
144,0.85,0.15,0.2855993321,1797.5,0.8632123862,0.02411591464
144,0.85,0.15,0.2855993321,1800,0.8630269943,0.02417541175
144,0.85,0.15,0.2855993321,1802.5,0.8628481407,0.02422283563
144,0.85,0.15,0.2855993321,1805,0.8626727223,0.02427815786
144,0.85,0.15,0.2855993321,1807.5,0.862494513,0.02433330006
144,0.85,0.15,0.2855993321,1810,0.8623193245,0.02439332864
144,0.85,0.15,0.2855993321,1812.5,0.8621490234,0.02445041081
144,0.85,0.15,0.2855993321,1815,0.8619938052,0.02450554689
144,0.85,0.15,0.2855993321,1817.5,0.8618483441,0.02455670225
144,0.85,0.15,0.2855993321,1820,0.8616858964,0.0246193302
144,0.85,0.15,0.2855993321,1822.5,0.8615055942,0.02468993448
144,0.85,0.15,0.2855993321,1825,0.8613252014,0.02476394914
144,0.85,0.15,0.2855993321,1827.5,0.8611411528,0.02483427645
144,0.85,0.15,0.2855993321,1830,0.8609647554,0.02489723815
144,0.85,0.15,0.2855993321,1832.5,0.8607881949,0.02496314575
144,0.85,0.15,0.2855993321,1835,0.8606214448,0.02502779039
144,0.85,0.15,0.2855993321,1837.5,0.8604570516,0.02509307
144,0.85,0.15,0.2855993321,1840,0.8602855306,0.02516693605
144,0.85,0.15,0.2855993321,1842.5,0.860124891,0.02523810039
144,0.85,0.15,0.2855993321,1845,0.859965413,0.02530347641
144,0.85,0.15,0.2855993321,1847.5,0.859817762,0.0253649023
144,0.85,0.15,0.2855993321,1850,0.8596779336,0.02542528909
144,0.85,0.15,0.2855993321,1852.5,0.8595418229,0.02549089527
144,0.85,0.15,0.2855993321,1855,0.8593956888,0.02555731668
144,0.85,0.15,0.2855993321,1857.5,0.859269308,0.02561820132
144,0.85,0.15,0.2855993321,1860,0.8591502364,0.02567002513
144,0.85,0.15,0.2855993321,1862.5,0.8590237617,0.02572113112
144,0.85,0.15,0.2855993321,1865,0.8588903354,0.02577638103
144,0.85,0.15,0.2855993321,1867.5,0.8587741561,0.02582466912
144,0.85,0.15,0.2855993321,1870,0.8586573316,0.02588306788
144,0.85,0.15,0.2855993321,1872.5,0.8585399935,0.02594928861
144,0.85,0.15,0.2855993321,1875,0.8584084125,0.02601469161
144,0.85,0.15,0.2855993321,1877.5,0.858268833,0.02607512288
144,0.85,0.15,0.2855993321,1880,0.8581368662,0.02613961423
144,0.85,0.15,0.2855993321,1882.5,0.8579978529,0.02620882362
144,0.85,0.15,0.2855993321,1885,0.8578652532,0.02628172589
144,0.85,0.15,0.2855993321,1887.5,0.8577401969,0.02634958869
144,0.85,0.15,0.2855993321,1890,0.857608639,0.02641909459
144,0.85,0.15,0.2855993321,1892.5,0.857483416,0.02648565002
144,0.85,0.15,0.2855993321,1895,0.8573543985,0.02655594548
144,0.85,0.15,0.2855993321,1897.5,0.8572223126,0.02662095342
144,0.85,0.15,0.2855993321,1900,0.8570764655,0.02669152458
144,0.85,0.15,0.2855993321,1902.5,0.8569420237,0.02675976344
144,0.85,0.15,0.2855993321,1905,0.8567940103,0.02683167104
144,0.85,0.15,0.2855993321,1907.5,0.856647461,0.02690548269
144,0.85,0.15,0.2855993321,1910,0.8564999712,0.02697492309
144,0.85,0.15,0.2855993321,1912.5,0.8563592368,0.02704361161
144,0.85,0.15,0.2855993321,1915,0.8562314275,0.02711414585
144,0.85,0.15,0.2855993321,1917.5,0.8560874186,0.02718766235
144,0.85,0.15,0.2855993321,1920,0.8559492088,0.02725872821
144,0.85,0.15,0.2855993321,1922.5,0.8558141361,0.02733387753
144,0.85,0.15,0.2855993321,1925,0.8556784992,0.02741203065
144,0.85,0.15,0.2855993321,1927.5,0.855529421,0.0274935632
144,0.85,0.15,0.2855993321,1930,0.8553825578,0.02756899764
144,0.85,0.15,0.2855993321,1932.5,0.8552655202,0.02764426626
144,0.85,0.15,0.2855993321,1935,0.8551310257,0.02772128316
144,0.85,0.15,0.2855993321,1937.5,0.8549769105,0.02780046442
144,0.85,0.15,0.2855993321,1940,0.8548141791,0.0278818586
144,0.85,0.15,0.2855993321,1942.5,0.854664157,0.02795856413
144,0.85,0.15,0.2855993321,1945,0.8545212936,0.02803423246
144,0.85,0.15,0.2855993321,1947.5,0.8543781254,0.02810168383
144,0.85,0.15,0.2855993321,1950,0.8542263159,0.02817943529
144,0.85,0.15,0.2855993321,1952.5,0.8540626678,0.02826514508
144,0.85,0.15,0.2855993321,1955,0.853915446,0.02834893444
144,0.85,0.15,0.2855993321,1957.5,0.8537576211,0.02844432419
144,0.85,0.15,0.2855993321,1960,0.8536019955,0.02853874038
144,0.85,0.15,0.2855993321,1962.5,0.8534363518,0.0286287051
144,0.85,0.15,0.2855993321,1965,0.8532884617,0.02870913893
144,0.85,0.15,0.2855993321,1967.5,0.8531092484,0.02880069366
144,0.85,0.15,0.2855993321,1970,0.8529411538,0.02889230018
144,0.85,0.15,0.2855993321,1972.5,0.8527709038,0.02898640103
144,0.85,0.15,0.2855993321,1975,0.8526095343,0.02907867186
144,0.85,0.15,0.2855993321,1977.5,0.8524355979,0.02917149392
144,0.85,0.15,0.2855993321,1980,0.8522714051,0.02926779909
144,0.85,0.15,0.2855993321,1982.5,0.8520957132,0.02936476891
144,0.85,0.15,0.2855993321,1985,0.8519220128,0.0294624135
144,0.85,0.15,0.2855993321,1987.5,0.8517520398,0.02957026177
144,0.85,0.15,0.2855993321,1990,0.851574336,0.02967134844
144,0.85,0.15,0.2855993321,1992.5,0.8514069301,0.02977571676
144,0.85,0.15,0.2855993321,1995,0.8512411223,0.02987335768
144,0.85,0.15,0.2855993321,1997.5,0.8510859126,0.02997554205
144,0.85,0.15,0.2855993321,2000,0.8509537038,0.03006455935
144,0.85,0.15,0.2855993321,2002.5,0.8508168652,0.03015427874
144,0.85,0.15,0.2855993321,2005,0.8506816178,0.03024798495
144,0.85,0.15,0.2855993321,2007.5,0.8505616119,0.03033109706
144,0.85,0.15,0.2855993321,2010,0.8504470535,0.03041277565
144,0.85,0.15,0.2855993321,2012.5,0.8503196134,0.03050059897
144,0.85,0.15,0.2855993321,2015,0.8501923396,0.03058285175
144,0.85,0.15,0.2855993321,2017.5,0.8500807792,0.03067178027
144,0.85,0.15,0.2855993321,2020,0.8499611459,0.03075877681
144,0.85,0.15,0.2855993321,2022.5,0.8498397027,0.03083892647
144,0.85,0.15,0.2855993321,2025,0.8497321436,0.03090978958
144,0.85,0.15,0.2855993321,2027.5,0.8496353505,0.03097970444
144,0.85,0.15,0.2855993321,2030,0.8495303306,0.03105218013
144,0.85,0.15,0.2855993321,2032.5,0.8494189165,0.03112221138
144,0.85,0.15,0.2855993321,2035,0.8493042945,0.0311892925
144,0.85,0.15,0.2855993321,2037.5,0.8491810923,0.03125743803
144,0.85,0.15,0.2855993321,2040,0.8490631558,0.03132585132
144,0.85,0.15,0.2855993321,2042.5,0.8489382608,0.03139549028
144,0.85,0.15,0.2855993321,2045,0.8488197963,0.03146393079
144,0.85,0.15,0.2855993321,2047.5,0.8487145067,0.03152608243
144,0.85,0.15,0.2855993321,2050,0.8485956708,0.03158923251
144,0.85,0.15,0.2855993321,2052.5,0.8484839987,0.03165782179
144,0.85,0.15,0.2855993321,2055,0.8483710948,0.03172454425
144,0.85,0.15,0.2855993321,2057.5,0.8482602939,0.03179255314
144,0.85,0.15,0.2855993321,2060,0.8481446429,0.03186270483
144,0.85,0.15,0.2855993321,2062.5,0.8480400405,0.0319287203
144,0.85,0.15,0.2855993321,2065,0.8479200072,0.03199991676
144,0.85,0.15,0.2855993321,2067.5,0.8477927072,0.03206791927
144,0.85,0.15,0.2855993321,2070,0.847683095,0.03213389427
144,0.85,0.15,0.2855993321,2072.5,0.8475655944,0.03219965343
144,0.85,0.15,0.2855993321,2075,0.8474504005,0.03226216389
144,0.85,0.15,0.2855993321,2077.5,0.8473422542,0.032320055
144,0.85,0.15,0.2855993321,2080,0.8472377616,0.03236843568
144,0.85,0.15,0.2855993321,2082.5,0.8471384686,0.03241621419
144,0.85,0.15,0.2855993321,2085,0.8470115768,0.03247066848
144,0.85,0.15,0.2855993321,2087.5,0.8468822741,0.0325339735
144,0.85,0.15,0.2855993321,2090,0.8467630509,0.03259672143
144,0.85,0.15,0.2855993321,2092.5,0.8466402865,0.03265675578
144,0.85,0.15,0.2855993321,2095,0.8465123395,0.03272070553
144,0.85,0.15,0.2855993321,2097.5,0.8463772463,0.03278482774
144,0.85,0.15,0.2855993321,2100,0.8462354217,0.03284652978
144,0.85,0.15,0.2855993321,2102.5,0.846104854,0.03291106498
144,0.85,0.15,0.2855993321,2105,0.8459867056,0.03297491119
144,0.85,0.15,0.2855993321,2107.5,0.8458444525,0.03303940681
144,0.85,0.15,0.2855993321,2110,0.8457068921,0.03310839687
144,0.85,0.15,0.2855993321,2112.5,0.8455757903,0.03318084661
144,0.85,0.15,0.2855993321,2115,0.8454283894,0.03325537317
144,0.85,0.15,0.2855993321,2117.5,0.8452859483,0.03331884157
144,0.85,0.15,0.2855993321,2120,0.8451371453,0.03339146169
144,0.85,0.15,0.2855993321,2122.5,0.8450010134,0.03346192151
144,0.85,0.15,0.2855993321,2125,0.8448633683,0.03354218104
144,0.85,0.15,0.2855993321,2127.5,0.8447472523,0.03361238237
144,0.85,0.15,0.2855993321,2130,0.8446270524,0.03369057067
144,0.85,0.15,0.2855993321,2132.5,0.8444960595,0.03376255242
144,0.85,0.15,0.2855993321,2135,0.8443763481,0.03382332779
144,0.85,0.15,0.2855993321,2137.5,0.8442649896,0.0338784839
144,0.85,0.15,0.2855993321,2140,0.8441676459,0.03393752955
144,0.85,0.15,0.2855993321,2142.5,0.8440536865,0.03400860817
144,0.85,0.15,0.2855993321,2145,0.843919585,0.03407717039
144,0.85,0.15,0.2855993321,2147.5,0.843780534,0.03414981994
144,0.85,0.15,0.2855993321,2150,0.8436383728,0.03421814002
144,0.85,0.15,0.2855993321,2152.5,0.8434925275,0.03428457697
144,0.85,0.15,0.2855993321,2155,0.8433553445,0.0343446619
144,0.85,0.15,0.2855993321,2157.5,0.8432071091,0.03440789406
144,0.85,0.15,0.2855993321,2160,0.8430510002,0.0344700653
144,0.85,0.15,0.2855993321,2162.5,0.842911342,0.0345278809
144,0.85,0.15,0.2855993321,2165,0.8427759217,0.03458041838
144,0.85,0.15,0.2855993321,2167.5,0.8426357944,0.03463569311
144,0.85,0.15,0.2855993321,2170,0.842490326,0.03469313348
144,0.85,0.15,0.2855993321,2172.5,0.8423438265,0.0347397031
144,0.85,0.15,0.2855993321,2175,0.8421973997,0.03478981343
144,0.85,0.15,0.2855993321,2177.5,0.8420458876,0.03483569176
144,0.85,0.15,0.2855993321,2180,0.8418954563,0.03488169795
144,0.85,0.15,0.2855993321,2182.5,0.841761918,0.03492237286
144,0.85,0.15,0.2855993321,2185,0.8416435072,0.03495773371
144,0.85,0.15,0.2855993321,2187.5,0.8415461866,0.0349861952
144,0.85,0.15,0.2855993321,2190,0.8414197453,0.03502362833
144,0.85,0.15,0.2855993321,2192.5,0.8412898826,0.03506191467
144,0.85,0.15,0.2855993321,2195,0.841152738,0.03509162666
144,0.85,0.15,0.2855993321,2197.5,0.8410067147,0.03511974563
144,0.85,0.15,0.2855993321,2200,0.8408598273,0.03514845849
144,0.85,0.15,0.2855993321,2202.5,0.840703926,0.03518131173
144,0.85,0.15,0.2855993321,2205,0.8405410959,0.03522297739
144,0.85,0.15,0.2855993321,2207.5,0.840404845,0.03527025391
144,0.85,0.15,0.2855993321,2210,0.8402631757,0.03532171766
144,0.85,0.15,0.2855993321,2212.5,0.8401163293,0.03535890155
144,0.85,0.15,0.2855993321,2215,0.8399637101,0.03540097384
144,0.85,0.15,0.2855993321,2217.5,0.8398293669,0.03543971567
144,0.85,0.15,0.2855993321,2220,0.8396902026,0.03548153756
144,0.85,0.15,0.2855993321,2222.5,0.8395480049,0.03551696798
144,0.85,0.15,0.2855993321,2225,0.8393881854,0.03556480568
144,0.85,0.15,0.2855993321,2227.5,0.8392391266,0.03560589156
144,0.85,0.15,0.2855993321,2230,0.8390935795,0.03564147741
144,0.85,0.15,0.2855993321,2232.5,0.8389503437,0.03568228299
144,0.85,0.15,0.2855993321,2235,0.8388147779,0.03572286571
144,0.85,0.15,0.2855993321,2237.5,0.8386707689,0.03575965888
144,0.85,0.15,0.2855993321,2240,0.8385271166,0.03579565772
144,0.85,0.15,0.2855993321,2242.5,0.8383843509,0.03583740631
144,0.85,0.15,0.2855993321,2245,0.8382465099,0.03587386501
144,0.85,0.15,0.2855993321,2247.5,0.8381135464,0.035907019
144,0.85,0.15,0.2855993321,2250,0.8379574708,0.035953982
144,0.85,0.15,0.2855993321,2252.5,0.8377997408,0.03599937532
144,0.85,0.15,0.2855993321,2255,0.8376430745,0.03604466793
144,0.85,0.15,0.2855993321,2257.5,0.8375112196,0.03609727948
144,0.85,0.15,0.2855993321,2260,0.8373854431,0.03614411326
144,0.85,0.15,0.2855993321,2262.5,0.8372377843,0.03619884436
144,0.85,0.15,0.2855993321,2265,0.8370990438,0.03625463462
144,0.85,0.15,0.2855993321,2267.5,0.8369367394,0.03631265488
144,0.85,0.15,0.2855993321,2270,0.8367880284,0.03636992575
144,0.85,0.15,0.2855993321,2272.5,0.8366323104,0.03642634844
144,0.85,0.15,0.2855993321,2275,0.836484523,0.03649675544
144,0.85,0.15,0.2855993321,2277.5,0.8363399382,0.03656254848
144,0.85,0.15,0.2855993321,2280,0.8361902815,0.03662236368
144,0.85,0.15,0.2855993321,2282.5,0.8360435122,0.03667320469
144,0.85,0.15,0.2855993321,2285,0.8358978931,0.0367282595
144,0.85,0.15,0.2855993321,2287.5,0.8357380016,0.03678850676
144,0.85,0.15,0.2855993321,2290,0.8355971912,0.03684587058
144,0.85,0.15,0.2855993321,2292.5,0.835447237,0.03690976215
144,0.85,0.15,0.2855993321,2295,0.8352814273,0.03697800897
144,0.85,0.15,0.2855993321,2297.5,0.8351304391,0.03703483065
144,0.85,0.15,0.2855993321,2300,0.8349851415,0.03709108612
144,0.85,0.15,0.2855993321,2302.5,0.8348351567,0.03715048218
144,0.85,0.15,0.2855993321,2305,0.8346782884,0.03720968245
144,0.85,0.15,0.2855993321,2307.5,0.83454564,0.03726553757
144,0.85,0.15,0.2855993321,2310,0.8344092803,0.03732024052
144,0.85,0.15,0.2855993321,2312.5,0.8342720915,0.03738185081
144,0.85,0.15,0.2855993321,2315,0.8341367842,0.03743862872
144,0.85,0.15,0.2855993321,2317.5,0.8340168363,0.03749614359
144,0.85,0.15,0.2855993321,2320,0.8338918292,0.03754916836
144,0.85,0.15,0.2855993321,2322.5,0.8337705506,0.03759480607
144,0.85,0.15,0.2855993321,2325,0.833646339,0.03763590697
144,0.85,0.15,0.2855993321,2327.5,0.8335230205,0.0376784256
144,0.85,0.15,0.2855993321,2330,0.8333728113,0.03773226988
144,0.85,0.15,0.2855993321,2332.5,0.8332412169,0.03777365612
144,0.85,0.15,0.2855993321,2335,0.8331085116,0.0378061565
144,0.85,0.15,0.2855993321,2337.5,0.8329826543,0.03784374441
144,0.85,0.15,0.2855993321,2340,0.83285787,0.03789153938
144,0.85,0.15,0.2855993321,2342.5,0.8327289469,0.03794117292
144,0.85,0.15,0.2855993321,2345,0.8326029865,0.03798922761
144,0.85,0.15,0.2855993321,2347.5,0.8324743775,0.03804257882
144,0.85,0.15,0.2855993321,2350,0.8323386122,0.03809907409
144,0.85,0.15,0.2855993321,2352.5,0.8322005568,0.03815517298
144,0.85,0.15,0.2855993321,2355,0.8320897529,0.03819205037
144,0.85,0.15,0.2855993321,2357.5,0.8319904203,0.03822747082
144,0.85,0.15,0.2855993321,2360,0.8318691279,0.03826142155
144,0.85,0.15,0.2855993321,2362.5,0.8317520068,0.03829689615
144,0.85,0.15,0.2855993321,2365,0.8316419143,0.03833656289
144,0.85,0.15,0.2855993321,2367.5,0.8315189533,0.03837312909
144,0.85,0.15,0.2855993321,2370,0.8313922254,0.03841633369
144,0.85,0.15,0.2855993321,2372.5,0.831261118,0.03845739639
144,0.85,0.15,0.2855993321,2375,0.8311417175,0.03850465149
144,0.85,0.15,0.2855993321,2377.5,0.8310140119,0.03854570581
144,0.85,0.15,0.2855993321,2380,0.8308972548,0.03859011641
144,0.85,0.15,0.2855993321,2382.5,0.8307752144,0.03864387778
144,0.85,0.15,0.2855993321,2385,0.8306464278,0.03869093518
144,0.85,0.15,0.2855993321,2387.5,0.8304963435,0.03873378506
144,0.85,0.15,0.2855993321,2390,0.8303527361,0.03877861859
144,0.85,0.15,0.2855993321,2392.5,0.8301926588,0.038827246
144,0.85,0.15,0.2855993321,2395,0.8300507604,0.03887611459
144,0.85,0.15,0.2855993321,2397.5,0.8299149422,0.03892578314
144,0.85,0.15,0.2855993321,2400,0.8297821313,0.03897738734
144,0.85,0.15,0.2855993321,2402.5,0.8296514824,0.03902850638
144,0.85,0.15,0.2855993321,2405,0.8295177233,0.03907477717
144,0.85,0.15,0.2855993321,2407.5,0.8293761333,0.03912694545
144,0.85,0.15,0.2855993321,2410,0.8292404243,0.03917338924
144,0.85,0.15,0.2855993321,2412.5,0.829124784,0.03922176037
144,0.85,0.15,0.2855993321,2415,0.8290100151,0.03926186398
144,0.85,0.15,0.2855993321,2417.5,0.8288918525,0.03930981849
144,0.85,0.15,0.2855993321,2420,0.8287989273,0.03934598184
144,0.85,0.15,0.2855993321,2422.5,0.8286938319,0.03938454942
144,0.85,0.15,0.2855993321,2425,0.8285667409,0.03942744602
144,0.85,0.15,0.2855993321,2427.5,0.8284487049,0.03947229011
144,0.85,0.15,0.2855993321,2430,0.828313824,0.03952680183
144,0.85,0.15,0.2855993321,2432.5,0.8281820309,0.03957864171
144,0.85,0.15,0.2855993321,2435,0.8280562053,0.0396351955
144,0.85,0.15,0.2855993321,2437.5,0.8279243468,0.03969082867
144,0.85,0.15,0.2855993321,2440,0.8278032485,0.03974841943
144,0.85,0.15,0.2855993321,2442.5,0.8276688161,0.0398174052
144,0.85,0.15,0.2855993321,2445,0.8275458231,0.03988409919
144,0.85,0.15,0.2855993321,2447.5,0.8274292572,0.03994129899
144,0.85,0.15,0.2855993321,2450,0.8273100609,0.03998384336
144,0.85,0.15,0.2855993321,2452.5,0.8271843713,0.04002444284
144,0.85,0.15,0.2855993321,2455,0.827077483,0.04006081357
144,0.85,0.15,0.2855993321,2457.5,0.8269669662,0.04009245742
144,0.85,0.15,0.2855993321,2460,0.8268800951,0.04010590326
144,0.85,0.15,0.2855993321,2462.5,0.8267861575,0.04011999132
144,0.85,0.15,0.2855993321,2465,0.8266831528,0.04012552233
144,0.85,0.15,0.2855993321,2467.5,0.8265889535,0.04012946709
144,0.85,0.15,0.2855993321,2470,0.8264903778,0.04014012772
144,0.85,0.15,0.2855993321,2472.5,0.8263908884,0.04015191766
144,0.85,0.15,0.2855993321,2475,0.8262941249,0.0401669341
144,0.85,0.15,0.2855993321,2477.5,0.8262033526,0.04019120397
144,0.85,0.15,0.2855993321,2480,0.8260939971,0.04022469508
144,0.85,0.15,0.2855993321,2482.5,0.8259783849,0.04025658361
144,0.85,0.15,0.2855993321,2485,0.8258523928,0.04029042862
144,0.85,0.15,0.2855993321,2487.5,0.8257230298,0.04032332041
144,0.85,0.15,0.2855993321,2490,0.8255948544,0.04035802911
144,0.85,0.15,0.2855993321,2492.5,0.8254532156,0.04040367367
144,0.85,0.15,0.2855993321,2495,0.8253186071,0.04044170069
144,0.85,0.15,0.2855993321,2497.5,0.8251818755,0.04048796605
144,0.85,0.15,0.2855993321,2500,0.8250677374,0.0405336029
144,0.85,0.15,0.2855993321,2502.5,0.8249624848,0.04058032388
144,0.85,0.15,0.2855993321,2505,0.8248456093,0.04061493513
144,0.85,0.15,0.2855993321,2507.5,0.8247340312,0.04066114454
144,0.85,0.15,0.2855993321,2510,0.8245999612,0.04071210709
144,0.85,0.15,0.2855993321,2512.5,0.8244585566,0.04075914945
144,0.85,0.15,0.2855993321,2515,0.8243373012,0.04080872754
144,0.85,0.15,0.2855993321,2517.5,0.8242180957,0.04085546382
144,0.85,0.15,0.2855993321,2520,0.82410399,0.04089779884
144,0.85,0.15,0.2855993321,2522.5,0.8239745281,0.0409453782
144,0.85,0.15,0.2855993321,2525,0.8238450788,0.04098639007
144,0.85,0.15,0.2855993321,2527.5,0.823727363,0.04102090933
144,0.85,0.15,0.2855993321,2530,0.8236235638,0.04105286744
144,0.85,0.15,0.2855993321,2532.5,0.8235214147,0.0410872846
144,0.85,0.15,0.2855993321,2535,0.8234304634,0.04111609188
144,0.85,0.15,0.2855993321,2537.5,0.823336721,0.04113774624
144,0.85,0.15,0.2855993321,2540,0.8232285023,0.04117573665
144,0.85,0.15,0.2855993321,2542.5,0.8231267372,0.04120347493
144,0.85,0.15,0.2855993321,2545,0.8230443514,0.04122508361
144,0.85,0.15,0.2855993321,2547.5,0.8229589705,0.04125688381
144,0.85,0.15,0.2855993321,2550,0.8228719682,0.04128144994
144,0.85,0.15,0.2855993321,2552.5,0.8227700013,0.04130599246
144,0.85,0.15,0.2855993321,2555,0.8226671271,0.04133303655
144,0.85,0.15,0.2855993321,2557.5,0.8225686602,0.04135716887
144,0.85,0.15,0.2855993321,2560,0.8224612473,0.0413983729
144,0.85,0.15,0.2855993321,2562.5,0.8223566745,0.04144561667
144,0.85,0.15,0.2855993321,2565,0.8222588935,0.04149059202
144,0.85,0.15,0.2855993321,2567.5,0.8221638866,0.04152557808
144,0.85,0.15,0.2855993321,2570,0.8220522155,0.04156885109
144,0.85,0.15,0.2855993321,2572.5,0.8219261838,0.04161836452
144,0.85,0.15,0.2855993321,2575,0.8218051872,0.04166938019
144,0.85,0.15,0.2855993321,2577.5,0.8216726634,0.04171450193
144,0.85,0.15,0.2855993321,2580,0.8215610746,0.04175478545
144,0.85,0.15,0.2855993321,2582.5,0.8214489771,0.04180163192
144,0.85,0.15,0.2855993321,2585,0.8213472728,0.04184653929
144,0.85,0.15,0.2855993321,2587.5,0.8212421275,0.04188974176
144,0.85,0.15,0.2855993321,2590,0.8211376948,0.04193081694
144,0.85,0.15,0.2855993321,2592.5,0.8210265826,0.04198163537
144,0.85,0.15,0.2855993321,2595,0.8209169363,0.0420193111
144,0.85,0.15,0.2855993321,2597.5,0.8208011999,0.04207247693
144,0.85,0.15,0.2855993321,2600,0.8206839065,0.04212086721
144,0.85,0.15,0.2855993321,2602.5,0.8205789415,0.04217102495
144,0.85,0.15,0.2855993321,2605,0.8204789636,0.04222032708
144,0.85,0.15,0.2855993321,2607.5,0.8203865016,0.04225988398
144,0.85,0.15,0.2855993321,2610,0.8202958074,0.04229627946
144,0.85,0.15,0.2855993321,2612.5,0.8201829749,0.04234104363
144,0.85,0.15,0.2855993321,2615,0.8200479564,0.04239346177
144,0.85,0.15,0.2855993321,2617.5,0.8199370705,0.04243819971
144,0.85,0.15,0.2855993321,2620,0.8198422797,0.04248011117
144,0.85,0.15,0.2855993321,2622.5,0.8197360853,0.0425224114
144,0.85,0.15,0.2855993321,2625,0.8196212516,0.04256642126
144,0.85,0.15,0.2855993321,2627.5,0.8194913809,0.0426029906
144,0.85,0.15,0.2855993321,2630,0.819353586,0.04263320748
144,0.85,0.15,0.2855993321,2632.5,0.8192261525,0.04267041827
144,0.85,0.15,0.2855993321,2635,0.8190921386,0.04270787015
144,0.85,0.15,0.2855993321,2637.5,0.8189677244,0.04273774004
144,0.85,0.15,0.2855993321,2640,0.8188338668,0.04277054107
144,0.85,0.15,0.2855993321,2642.5,0.81870857,0.04279145067
144,0.85,0.15,0.2855993321,2645,0.818590334,0.04280072692
144,0.85,0.15,0.2855993321,2647.5,0.8184691496,0.0427983163
144,0.85,0.15,0.2855993321,2650,0.8183318357,0.04279662872
144,0.85,0.15,0.2855993321,2652.5,0.8182091431,0.04280253349
144,0.85,0.15,0.2855993321,2655,0.8180811721,0.04280976191
144,0.85,0.15,0.2855993321,2657.5,0.8179671875,0.04281763604
144,0.85,0.15,0.2855993321,2660,0.8178562915,0.04282228801
144,0.85,0.15,0.2855993321,2662.5,0.8177492413,0.04282543131
144,0.85,0.15,0.2855993321,2665,0.8176246195,0.04283861444
144,0.85,0.15,0.2855993321,2667.5,0.8174973346,0.04286447871
144,0.85,0.15,0.2855993321,2670,0.8173725839,0.04289314307
144,0.85,0.15,0.2855993321,2672.5,0.8172462699,0.04292656502
144,0.85,0.15,0.2855993321,2675,0.8171151505,0.04296073916
144,0.85,0.15,0.2855993321,2677.5,0.8169811124,0.04299097252
144,0.85,0.15,0.2855993321,2680,0.8168583025,0.04301929356
144,0.85,0.15,0.2855993321,2682.5,0.8167257009,0.04305044361
144,0.85,0.15,0.2855993321,2685,0.8166079014,0.04308654668
144,0.85,0.15,0.2855993321,2687.5,0.8164832297,0.04311672894
144,0.85,0.15,0.2855993321,2690,0.8163609933,0.04316445451
144,0.85,0.15,0.2855993321,2692.5,0.8162334844,0.04320386529
144,0.85,0.15,0.2855993321,2695,0.8161175165,0.04323985945
144,0.85,0.15,0.2855993321,2697.5,0.8160032566,0.04327923322
144,0.85,0.15,0.2855993321,2700,0.815873776,0.04332217444
144,0.85,0.15,0.2855993321,2702.5,0.8157462916,0.04337019658
144,0.85,0.15,0.2855993321,2705,0.8156079984,0.04342007274
144,0.85,0.15,0.2855993321,2707.5,0.8154933858,0.04346054216
144,0.85,0.15,0.2855993321,2710,0.8153715007,0.04350414727
144,0.85,0.15,0.2855993321,2712.5,0.8152594876,0.04354949041
144,0.85,0.15,0.2855993321,2715,0.8151278841,0.04359047146
144,0.85,0.15,0.2855993321,2717.5,0.8149841839,0.0436361068
144,0.85,0.15,0.2855993321,2720,0.8148524733,0.04367254421
144,0.85,0.15,0.2855993321,2722.5,0.8147115517,0.0437122733
144,0.85,0.15,0.2855993321,2725,0.8145704649,0.04375467099
144,0.85,0.15,0.2855993321,2727.5,0.814401857,0.04378660883
144,0.85,0.15,0.2855993321,2730,0.8142451841,0.04381896062
144,0.85,0.15,0.2855993321,2732.5,0.8140920101,0.04384766332
144,0.85,0.15,0.2855993321,2735,0.813938075,0.04386887081
144,0.85,0.15,0.2855993321,2737.5,0.8137903271,0.04389242166
144,0.85,0.15,0.2855993321,2740,0.8136371675,0.04391594439
144,0.85,0.15,0.2855993321,2742.5,0.8134706499,0.04393850839
144,0.85,0.15,0.2855993321,2745,0.8133143058,0.04396548686
144,0.85,0.15,0.2855993321,2747.5,0.8131557155,0.04400022742
144,0.85,0.15,0.2855993321,2750,0.8129932299,0.04404288299
144,0.85,0.15,0.2855993321,2752.5,0.8128380533,0.04407901431
144,0.85,0.15,0.2855993321,2755,0.8126929866,0.04411223549
144,0.85,0.15,0.2855993321,2757.5,0.8125413134,0.0441405839
144,0.85,0.15,0.2855993321,2760,0.8123930446,0.04417105902
144,0.85,0.15,0.2855993321,2762.5,0.8122414751,0.04420621139
144,0.85,0.15,0.2855993321,2765,0.8120800752,0.04423332397
144,0.85,0.15,0.2855993321,2767.5,0.8119140351,0.04427228089
144,0.85,0.15,0.2855993321,2770,0.8117456961,0.04429738363
144,0.85,0.15,0.2855993321,2772.5,0.81157421,0.04433070579
144,0.85,0.15,0.2855993321,2775,0.8114092973,0.04435355392
144,0.85,0.15,0.2855993321,2777.5,0.8112391483,0.04438171741
144,0.85,0.15,0.2855993321,2780,0.8110801282,0.04440500713
144,0.85,0.15,0.2855993321,2782.5,0.8109253788,0.04442322862
144,0.85,0.15,0.2855993321,2785,0.8107763131,0.04443801953
144,0.85,0.15,0.2855993321,2787.5,0.8106267597,0.04445010164
144,0.85,0.15,0.2855993321,2790,0.8104836833,0.04445372632
144,0.85,0.15,0.2855993321,2792.5,0.8103559473,0.0444620224
144,0.85,0.15,0.2855993321,2795,0.810190829,0.04447629874
144,0.85,0.15,0.2855993321,2797.5,0.8100326774,0.04449282794
144,0.85,0.15,0.2855993321,2800,0.8098712896,0.04450867601
144,0.85,0.15,0.2855993321,2802.5,0.8097241161,0.04452169359
144,0.85,0.15,0.2855993321,2805,0.8095654265,0.04453852446
144,0.85,0.15,0.2855993321,2807.5,0.8094001604,0.04455186051
144,0.85,0.15,0.2855993321,2810,0.8092392153,0.04456068957
144,0.85,0.15,0.2855993321,2812.5,0.8090668904,0.04457636108
144,0.85,0.15,0.2855993321,2815,0.8088807363,0.04459902946
144,0.85,0.15,0.2855993321,2817.5,0.8087139469,0.04461818146
144,0.85,0.15,0.2855993321,2820,0.8085317371,0.04463837838
144,0.85,0.15,0.2855993321,2822.5,0.8083507847,0.04465331694
144,0.85,0.15,0.2855993321,2825,0.8081752681,0.04466369461
144,0.85,0.15,0.2855993321,2827.5,0.8080087619,0.04466596559
144,0.85,0.15,0.2855993321,2830,0.8078430186,0.04467480753
144,0.85,0.15,0.2855993321,2832.5,0.8076852844,0.04468478961
144,0.85,0.15,0.2855993321,2835,0.8075502814,0.04469365244
144,0.85,0.15,0.2855993321,2837.5,0.8074076618,0.04470060281
144,0.85,0.15,0.2855993321,2840,0.8072673743,0.04469706008
144,0.85,0.15,0.2855993321,2842.5,0.8071243442,0.04469500986
144,0.85,0.15,0.2855993321,2845,0.8069944795,0.04469462835
144,0.85,0.15,0.2855993321,2847.5,0.8068541044,0.04470568152
144,0.85,0.15,0.2855993321,2850,0.8067214964,0.04472304028
144,0.85,0.15,0.2855993321,2852.5,0.8065834573,0.0447320909
144,0.85,0.15,0.2855993321,2855,0.8064568854,0.04474189076
144,0.85,0.15,0.2855993321,2857.5,0.8062942631,0.04476160364
144,0.85,0.15,0.2855993321,2860,0.8061287092,0.04478157825
144,0.85,0.15,0.2855993321,2862.5,0.8059827035,0.04479249662
144,0.85,0.15,0.2855993321,2865,0.8058219496,0.04481900469
144,0.85,0.15,0.2855993321,2867.5,0.8056679357,0.04483652749
144,0.85,0.15,0.2855993321,2870,0.8055212138,0.04485639641
144,0.85,0.15,0.2855993321,2872.5,0.8053802344,0.04487342218
144,0.85,0.15,0.2855993321,2875,0.8052565806,0.0448797715
144,0.85,0.15,0.2855993321,2877.5,0.8051344575,0.04489581198
144,0.85,0.15,0.2855993321,2880,0.8050187598,0.04491379632
144,0.85,0.15,0.2855993321,2882.5,0.8049015459,0.044925675
144,0.85,0.15,0.2855993321,2885,0.8047886642,0.04493640574
144,0.85,0.15,0.2855993321,2887.5,0.8046632577,0.04494073458
144,0.85,0.15,0.2855993321,2890,0.804539996,0.04494326253
144,0.85,0.15,0.2855993321,2892.5,0.804432481,0.04494550672
144,0.85,0.15,0.2855993321,2895,0.8043268401,0.04495459373
144,0.85,0.15,0.2855993321,2897.5,0.804212642,0.044959825
144,0.85,0.15,0.2855993321,2900,0.8041157968,0.04495642356
144,0.85,0.15,0.2855993321,2902.5,0.8040276768,0.04494855308
144,0.85,0.15,0.2855993321,2905,0.8039378914,0.04493117584
144,0.85,0.15,0.2855993321,2907.5,0.8038648072,0.04491559736
144,0.85,0.15,0.2855993321,2910,0.8037816628,0.04491030192
144,0.85,0.15,0.2855993321,2912.5,0.803702975,0.04490143739
144,0.85,0.15,0.2855993321,2915,0.8036326978,0.0449000851
144,0.85,0.15,0.2855993321,2917.5,0.8035522413,0.04488788183
144,0.85,0.15,0.2855993321,2920,0.8034756758,0.04486954973
144,0.85,0.15,0.2855993321,2922.5,0.8033710777,0.04486918869
144,0.85,0.15,0.2855993321,2925,0.8032576789,0.04486549999
144,0.85,0.15,0.2855993321,2927.5,0.8031450182,0.04485700811
144,0.85,0.15,0.2855993321,2930,0.8030293771,0.04484178864
144,0.85,0.15,0.2855993321,2932.5,0.8029098449,0.04483238558
144,0.85,0.15,0.2855993321,2935,0.8028080416,0.04482447417
144,0.85,0.15,0.2855993321,2937.5,0.8027077426,0.04480756042
144,0.85,0.15,0.2855993321,2940,0.8026052122,0.04480345004
144,0.85,0.15,0.2855993321,2942.5,0.8025192088,0.04478957314
144,0.85,0.15,0.2855993321,2945,0.8024401119,0.04477023481
144,0.85,0.15,0.2855993321,2947.5,0.8023504415,0.04474390294
144,0.85,0.15,0.2855993321,2950,0.802250647,0.0447132595
144,0.85,0.15,0.2855993321,2952.5,0.8021375673,0.04468940496
144,0.85,0.15,0.2855993321,2955,0.8020076704,0.04467212396
144,0.85,0.15,0.2855993321,2957.5,0.8018912804,0.04466489198
144,0.85,0.15,0.2855993321,2960,0.801766535,0.0446606465
144,0.85,0.15,0.2855993321,2962.5,0.8016571765,0.04465870629
144,0.85,0.15,0.2855993321,2965,0.8015462444,0.04464927476
144,0.85,0.15,0.2855993321,2967.5,0.8014264792,0.04463502158
144,0.85,0.15,0.2855993321,2970,0.8013087269,0.04462590486
144,0.85,0.15,0.2855993321,2972.5,0.8011920576,0.04461211739
144,0.85,0.15,0.2855993321,2975,0.8010641527,0.04460790354
144,0.85,0.15,0.2855993321,2977.5,0.8009376306,0.04460049551
144,0.85,0.15,0.2855993321,2980,0.8008112985,0.04458591359
144,0.85,0.15,0.2855993321,2982.5,0.8007045272,0.04457445805
144,0.85,0.15,0.2855993321,2985,0.8005955602,0.04456858432
144,0.85,0.15,0.2855993321,2987.5,0.8005046189,0.04455816275
144,0.85,0.15,0.2855993321,2990,0.8003999048,0.04455278964
144,0.85,0.15,0.2855993321,2992.5,0.8002937126,0.04455261321
144,0.85,0.15,0.2855993321,2995,0.8001965509,0.04455834447
144,0.85,0.15,0.2855993321,2997.5,0.8001143169,0.04456190528
144,0.85,0.15,0.2855993321,3000,0.8000207873,0.04457185627
144,0.85,0.15,0.2855993321,3002.5,0.7999254912,0.04458423741
144,0.85,0.15,0.2855993321,3005,0.7998320601,0.04459792406
144,0.85,0.15,0.2855993321,3007.5,0.7997313743,0.04460920119
144,0.85,0.15,0.2855993321,3010,0.799639025,0.0446216051
144,0.85,0.15,0.2855993321,3012.5,0.7995248902,0.04463505471
144,0.85,0.15,0.2855993321,3015,0.7994127935,0.04464180905
144,0.85,0.15,0.2855993321,3017.5,0.7993229049,0.04465306735
144,0.85,0.15,0.2855993321,3020,0.7992249677,0.04466271374
144,0.85,0.15,0.2855993321,3022.5,0.7991222271,0.04467518824
144,0.85,0.15,0.2855993321,3025,0.7990362674,0.04468571301
144,0.85,0.15,0.2855993321,3027.5,0.7989395973,0.04470205991
144,0.85,0.15,0.2855993321,3030,0.7988567874,0.04470537547
144,0.85,0.15,0.2855993321,3032.5,0.7987666258,0.04471299933
144,0.85,0.15,0.2855993321,3035,0.7986893501,0.04471744905
144,0.85,0.15,0.2855993321,3037.5,0.7986118702,0.04472456113
144,0.85,0.15,0.2855993321,3040,0.7985230782,0.04472660555
144,0.85,0.15,0.2855993321,3042.5,0.7984275701,0.04472071598
144,0.85,0.15,0.2855993321,3045,0.7983515911,0.04472409636
144,0.85,0.15,0.2855993321,3047.5,0.7982651719,0.04472752029
144,0.85,0.15,0.2855993321,3050,0.7981657084,0.04473191934
144,0.85,0.15,0.2855993321,3052.5,0.7980701441,0.04474947275
144,0.85,0.15,0.2855993321,3055,0.7979821039,0.04475689759
144,0.85,0.15,0.2855993321,3057.5,0.7979010368,0.04475726526
144,0.85,0.15,0.2855993321,3060,0.7977915204,0.04476857609
144,0.85,0.15,0.2855993321,3062.5,0.7976719356,0.04479201234
144,0.85,0.15,0.2855993321,3065,0.7975430618,0.04481642587
144,0.85,0.15,0.2855993321,3067.5,0.7974164462,0.04486067472
144,0.85,0.15,0.2855993321,3070,0.7972914752,0.04489684322
144,0.85,0.15,0.2855993321,3072.5,0.7971593577,0.04494381364
144,0.85,0.15,0.2855993321,3075,0.7970495621,0.04499202346
144,0.85,0.15,0.2855993321,3077.5,0.7969377984,0.04504554779
144,0.85,0.15,0.2855993321,3080,0.7968220224,0.04510202741
144,0.85,0.15,0.2855993321,3082.5,0.7966991188,0.04515091673
144,0.85,0.15,0.2855993321,3085,0.7965801529,0.04519019023
144,0.85,0.15,0.2855993321,3087.5,0.7964512906,0.04523371383
144,0.85,0.15,0.2855993321,3090,0.7963237096,0.04528815408
144,0.85,0.15,0.2855993321,3092.5,0.7961933735,0.04534473761
144,0.85,0.15,0.2855993321,3095,0.7960579516,0.04539648087
144,0.85,0.15,0.2855993321,3097.5,0.7959324397,0.04545541575
144,0.85,0.15,0.2855993321,3100,0.7958120878,0.045514549
144,0.85,0.15,0.2855993321,3102.5,0.795691884,0.04556950162
144,0.85,0.15,0.2855993321,3105,0.7955674588,0.04561750124
144,0.85,0.15,0.2855993321,3107.5,0.7954786713,0.04565963207
144,0.85,0.15,0.2855993321,3110,0.7953940683,0.04570278158
144,0.85,0.15,0.2855993321,3112.5,0.7953003012,0.04574271804
144,0.85,0.15,0.2855993321,3115,0.795196011,0.04579532944
144,0.85,0.15,0.2855993321,3117.5,0.7950920587,0.0458385075
144,0.85,0.15,0.2855993321,3120,0.7949853924,0.04588232592
144,0.85,0.15,0.2855993321,3122.5,0.7948668251,0.04593393814
144,0.8,0.2,0.2855993321,0,1,0
144,0.8,0.2,0.2855993321,2.5,0.9995182543,9.407409599e-05
144,0.8,0.2,0.2855993321,5,0.999089109,0.0001758944094
144,0.8,0.2,0.2855993321,7.5,0.9987090474,0.0002483895813
144,0.8,0.2,0.2855993321,10,0.9983611038,0.0003148850033
144,0.8,0.2,0.2855993321,12.5,0.9980290837,0.0003833979632
144,0.8,0.2,0.2855993321,15,0.9977106318,0.0004506042139
144,0.8,0.2,0.2855993321,17.5,0.9974011732,0.0005149517633
144,0.8,0.2,0.2855993321,20,0.9971006103,0.0005823367191
144,0.8,0.2,0.2855993321,22.5,0.9968150334,0.0006427213182
144,0.8,0.2,0.2855993321,25,0.9965390388,0.0007063173049
144,0.8,0.2,0.2855993321,27.5,0.9962652649,0.0007696795785
144,0.8,0.2,0.2855993321,30,0.9959854114,0.0008320835152
144,0.8,0.2,0.2855993321,32.5,0.9957031346,0.0009048608249
144,0.8,0.2,0.2855993321,35,0.9954253452,0.0009793341579
144,0.8,0.2,0.2855993321,37.5,0.9951542146,0.001057019027
144,0.8,0.2,0.2855993321,40,0.9949013717,0.001133424219
144,0.8,0.2,0.2855993321,42.5,0.9946521424,0.001207467688
144,0.8,0.2,0.2855993321,45,0.9944095239,0.001278946521
144,0.8,0.2,0.2855993321,47.5,0.9941711506,0.0013470376
144,0.8,0.2,0.2855993321,50,0.993924189,0.001422006887
144,0.8,0.2,0.2855993321,52.5,0.9936734724,0.001501898295
144,0.8,0.2,0.2855993321,55,0.9934261246,0.001582143588
144,0.8,0.2,0.2855993321,57.5,0.9931816864,0.001662314164
144,0.8,0.2,0.2855993321,60,0.992933341,0.001740841372
144,0.8,0.2,0.2855993321,62.5,0.9926901627,0.001815559733
144,0.8,0.2,0.2855993321,65,0.9924505099,0.001891974883
144,0.8,0.2,0.2855993321,67.5,0.9922159712,0.001963082266
144,0.8,0.2,0.2855993321,70,0.9919753791,0.002035075852
144,0.8,0.2,0.2855993321,72.5,0.9917507972,0.00210592143
144,0.8,0.2,0.2855993321,75,0.991524926,0.002181650871
144,0.8,0.2,0.2855993321,77.5,0.9913017106,0.002253534074
144,0.8,0.2,0.2855993321,80,0.9910742582,0.002323775953
144,0.8,0.2,0.2855993321,82.5,0.9908420472,0.00239688062
144,0.8,0.2,0.2855993321,85,0.9906102983,0.00247291245
144,0.8,0.2,0.2855993321,87.5,0.990377155,0.002547828017
144,0.8,0.2,0.2855993321,90,0.9901422849,0.002617475345
144,0.8,0.2,0.2855993321,92.5,0.9899103527,0.00268911324
144,0.8,0.2,0.2855993321,95,0.9896890661,0.002758625905
144,0.8,0.2,0.2855993321,97.5,0.9894657089,0.002824927307
144,0.8,0.2,0.2855993321,100,0.9892455326,0.00289008711
144,0.8,0.2,0.2855993321,102.5,0.9890273268,0.002950067777
144,0.8,0.2,0.2855993321,105,0.9888112705,0.003013193025
144,0.8,0.2,0.2855993321,107.5,0.9885975901,0.003071028861
144,0.8,0.2,0.2855993321,110,0.988383094,0.003130648225
144,0.8,0.2,0.2855993321,112.5,0.9881698853,0.003193022558
144,0.8,0.2,0.2855993321,115,0.9879534139,0.003255941734
144,0.8,0.2,0.2855993321,117.5,0.987738552,0.003323784647
144,0.8,0.2,0.2855993321,120,0.9875244792,0.003394277357
144,0.8,0.2,0.2855993321,122.5,0.9873219451,0.003461655297
144,0.8,0.2,0.2855993321,125,0.9871232733,0.003526347615
144,0.8,0.2,0.2855993321,127.5,0.9869248175,0.003590396161
144,0.8,0.2,0.2855993321,130,0.98673218,0.003654363474
144,0.8,0.2,0.2855993321,132.5,0.9865407073,0.003715666942
144,0.8,0.2,0.2855993321,135,0.986343146,0.003780757247
144,0.8,0.2,0.2855993321,137.5,0.9861353813,0.003853880188
144,0.8,0.2,0.2855993321,140,0.9859323844,0.003930982273
144,0.8,0.2,0.2855993321,142.5,0.9857275093,0.004008787028
144,0.8,0.2,0.2855993321,145,0.9855265188,0.004080204303
144,0.8,0.2,0.2855993321,147.5,0.9853223338,0.004155832246
144,0.8,0.2,0.2855993321,150,0.9851064826,0.004232836105
144,0.8,0.2,0.2855993321,152.5,0.9848910639,0.004306277615
144,0.8,0.2,0.2855993321,155,0.9846778784,0.004378941057
144,0.8,0.2,0.2855993321,157.5,0.9844613517,0.004452282306
144,0.8,0.2,0.2855993321,160,0.9842467873,0.004531779554
144,0.8,0.2,0.2855993321,162.5,0.9840308141,0.004610552716
144,0.8,0.2,0.2855993321,165,0.9838171954,0.004685656146
144,0.8,0.2,0.2855993321,167.5,0.9836004105,0.004760101252
144,0.8,0.2,0.2855993321,170,0.9833930404,0.004834475034
144,0.8,0.2,0.2855993321,172.5,0.9831834282,0.004903960082
144,0.8,0.2,0.2855993321,175,0.9829685186,0.004978014703
144,0.8,0.2,0.2855993321,177.5,0.9827566202,0.005049679127
144,0.8,0.2,0.2855993321,180,0.9825443978,0.005123571898
144,0.8,0.2,0.2855993321,182.5,0.9823396875,0.005190862081
144,0.8,0.2,0.2855993321,185,0.9821365743,0.005262384112
144,0.8,0.2,0.2855993321,187.5,0.9819378302,0.005333179435
144,0.8,0.2,0.2855993321,190,0.9817302207,0.005408824817
144,0.8,0.2,0.2855993321,192.5,0.9815215693,0.005480338421
144,0.8,0.2,0.2855993321,195,0.9813126039,0.005551065782
144,0.8,0.2,0.2855993321,197.5,0.9811006355,0.005621760814
144,0.8,0.2,0.2855993321,200,0.9808863248,0.005693902883
144,0.8,0.2,0.2855993321,202.5,0.9806762076,0.005765659937
144,0.8,0.2,0.2855993321,205,0.9804811105,0.005834514624
144,0.8,0.2,0.2855993321,207.5,0.9802836403,0.005902420038
144,0.8,0.2,0.2855993321,210,0.9800823995,0.00597412205
144,0.8,0.2,0.2855993321,212.5,0.9798721457,0.006039802808
144,0.8,0.2,0.2855993321,215,0.9796713408,0.006101180337
144,0.8,0.2,0.2855993321,217.5,0.9794801258,0.00616225334
144,0.8,0.2,0.2855993321,220,0.9792915299,0.006223204556
144,0.8,0.2,0.2855993321,222.5,0.9791017904,0.00628734907
144,0.8,0.2,0.2855993321,225,0.9789080686,0.006351499492
144,0.8,0.2,0.2855993321,227.5,0.9787142281,0.006413023033
144,0.8,0.2,0.2855993321,230,0.9785245499,0.006476744994
144,0.8,0.2,0.2855993321,232.5,0.9783318217,0.006537439328
144,0.8,0.2,0.2855993321,235,0.9781405013,0.006595067302
144,0.8,0.2,0.2855993321,237.5,0.9779402991,0.006658231884
144,0.8,0.2,0.2855993321,240,0.977739123,0.006718660575
144,0.8,0.2,0.2855993321,242.5,0.9775380814,0.006773439081
144,0.8,0.2,0.2855993321,245,0.9773323901,0.006829106883
144,0.8,0.2,0.2855993321,247.5,0.9771304823,0.006887409354
144,0.8,0.2,0.2855993321,250,0.9769210231,0.006946487869
144,0.8,0.2,0.2855993321,252.5,0.9767100525,0.007007660702
144,0.8,0.2,0.2855993321,255,0.9765077323,0.007064942494
144,0.8,0.2,0.2855993321,257.5,0.9763047834,0.007130002468
144,0.8,0.2,0.2855993321,260,0.9761018541,0.007192619671
144,0.8,0.2,0.2855993321,262.5,0.9759064938,0.007251139284
144,0.8,0.2,0.2855993321,265,0.9757106417,0.007304554877
144,0.8,0.2,0.2855993321,267.5,0.9755148159,0.007350626927
144,0.8,0.2,0.2855993321,270,0.975316122,0.007402869394
144,0.8,0.2,0.2855993321,272.5,0.9751173336,0.007457008899
144,0.8,0.2,0.2855993321,275,0.974924061,0.007506588578
144,0.8,0.2,0.2855993321,277.5,0.9747305,0.007552570169
144,0.8,0.2,0.2855993321,280,0.9745371004,0.00760211091
144,0.8,0.2,0.2855993321,282.5,0.9743437155,0.007652094313
144,0.8,0.2,0.2855993321,285,0.9741549455,0.007705412576
144,0.8,0.2,0.2855993321,287.5,0.9739723094,0.007751393868
144,0.8,0.2,0.2855993321,290,0.9737839134,0.007799490145
144,0.8,0.2,0.2855993321,292.5,0.9735954697,0.007845512491
144,0.8,0.2,0.2855993321,295,0.9734043158,0.00788769353
144,0.8,0.2,0.2855993321,297.5,0.9732166628,0.007926785219
144,0.8,0.2,0.2855993321,300,0.9730246037,0.007968505519
144,0.8,0.2,0.2855993321,302.5,0.9728327249,0.008006933718
144,0.8,0.2,0.2855993321,305,0.9726376243,0.008050459965
144,0.8,0.2,0.2855993321,307.5,0.9724407682,0.008096029096
144,0.8,0.2,0.2855993321,310,0.9722458874,0.008142418742
144,0.8,0.2,0.2855993321,312.5,0.9720494909,0.008190646026
144,0.8,0.2,0.2855993321,315,0.9718588162,0.008227100896
144,0.8,0.2,0.2855993321,317.5,0.9716605882,0.008268509062
144,0.8,0.2,0.2855993321,320,0.971464751,0.008305958271
144,0.8,0.2,0.2855993321,322.5,0.9712617028,0.008344547828
144,0.8,0.2,0.2855993321,325,0.971070541,0.008377429833
144,0.8,0.2,0.2855993321,327.5,0.970878858,0.008413204747
144,0.8,0.2,0.2855993321,330,0.9706832801,0.008451958321
144,0.8,0.2,0.2855993321,332.5,0.9704972683,0.008490338499
144,0.8,0.2,0.2855993321,335,0.9703083348,0.00852786502
144,0.8,0.2,0.2855993321,337.5,0.9701256991,0.008565319271
144,0.8,0.2,0.2855993321,340,0.9699387273,0.008606239104
144,0.8,0.2,0.2855993321,342.5,0.9697545599,0.008640566271
144,0.8,0.2,0.2855993321,345,0.9695736775,0.008672069858
144,0.8,0.2,0.2855993321,347.5,0.9693934683,0.008705606982
144,0.8,0.2,0.2855993321,350,0.9692165394,0.008736838518
144,0.8,0.2,0.2855993321,352.5,0.9690379734,0.008770345185
144,0.8,0.2,0.2855993321,355,0.9688613472,0.008804469917
144,0.8,0.2,0.2855993321,357.5,0.9686795799,0.008845623067
144,0.8,0.2,0.2855993321,360,0.9685014171,0.008889559001
144,0.8,0.2,0.2855993321,362.5,0.9683314821,0.008935852795
144,0.8,0.2,0.2855993321,365,0.9681614747,0.008981477958
144,0.8,0.2,0.2855993321,367.5,0.9679840855,0.009036004406
144,0.8,0.2,0.2855993321,370,0.9678009118,0.009090239532
144,0.8,0.2,0.2855993321,372.5,0.9676124009,0.009146594124
144,0.8,0.2,0.2855993321,375,0.9674314736,0.00919901832
144,0.8,0.2,0.2855993321,377.5,0.9672430163,0.009257878587
144,0.8,0.2,0.2855993321,380,0.9670530399,0.009312585537
144,0.8,0.2,0.2855993321,382.5,0.9668662453,0.009360190145
144,0.8,0.2,0.2855993321,385,0.9666772621,0.00940827429
144,0.8,0.2,0.2855993321,387.5,0.9664847748,0.009459142696
144,0.8,0.2,0.2855993321,390,0.9662990022,0.009508296176
144,0.8,0.2,0.2855993321,392.5,0.9661201993,0.009556682316
144,0.8,0.2,0.2855993321,395,0.9659374976,0.009608535537
144,0.8,0.2,0.2855993321,397.5,0.9657439854,0.009663753142
144,0.8,0.2,0.2855993321,400,0.9655587401,0.009711516087
144,0.8,0.2,0.2855993321,402.5,0.9653713879,0.00975419201
144,0.8,0.2,0.2855993321,405,0.9651899575,0.009795994142
144,0.8,0.2,0.2855993321,407.5,0.9650182044,0.009840744034
144,0.8,0.2,0.2855993321,410,0.9648440424,0.009887442385
144,0.8,0.2,0.2855993321,412.5,0.9646690465,0.009936534842
144,0.8,0.2,0.2855993321,415,0.9644980689,0.00998458519
144,0.8,0.2,0.2855993321,417.5,0.9643306835,0.01003594157
144,0.8,0.2,0.2855993321,420,0.9641655942,0.01008986802
144,0.8,0.2,0.2855993321,422.5,0.9639987747,0.01014314013
144,0.8,0.2,0.2855993321,425,0.9638385567,0.01019223745
144,0.8,0.2,0.2855993321,427.5,0.9636846322,0.01023520817
144,0.8,0.2,0.2855993321,430,0.963519083,0.01028013028
144,0.8,0.2,0.2855993321,432.5,0.9633482146,0.01032164509
144,0.8,0.2,0.2855993321,435,0.9631741979,0.01036332198
144,0.8,0.2,0.2855993321,437.5,0.962996019,0.01040792456
144,0.8,0.2,0.2855993321,440,0.9628159565,0.0104543214
144,0.8,0.2,0.2855993321,442.5,0.9626354978,0.0104968682
144,0.8,0.2,0.2855993321,445,0.9624582038,0.0105336847
144,0.8,0.2,0.2855993321,447.5,0.9622867993,0.01057050661
144,0.8,0.2,0.2855993321,450,0.9621165878,0.0106075331
144,0.8,0.2,0.2855993321,452.5,0.9619481109,0.01064779096
144,0.8,0.2,0.2855993321,455,0.9617771623,0.01068671488
144,0.8,0.2,0.2855993321,457.5,0.9616049966,0.01072915218
144,0.8,0.2,0.2855993321,460,0.9614248066,0.01076887296
144,0.8,0.2,0.2855993321,462.5,0.9612369831,0.01081369729
144,0.8,0.2,0.2855993321,465,0.9610469445,0.01085405416
144,0.8,0.2,0.2855993321,467.5,0.9608563832,0.01089734024
144,0.8,0.2,0.2855993321,470,0.9606765789,0.01093693435
144,0.8,0.2,0.2855993321,472.5,0.9604909416,0.01097850088
144,0.8,0.2,0.2855993321,475,0.9603047835,0.0110161872
144,0.8,0.2,0.2855993321,477.5,0.9601204872,0.011057398
144,0.8,0.2,0.2855993321,480,0.9599399715,0.01109917289
144,0.8,0.2,0.2855993321,482.5,0.9597544593,0.01114195979
144,0.8,0.2,0.2855993321,485,0.9595695414,0.01118354515
144,0.8,0.2,0.2855993321,487.5,0.9593870113,0.01122462658
144,0.8,0.2,0.2855993321,490,0.9592009176,0.01126355532
144,0.8,0.2,0.2855993321,492.5,0.9590237056,0.01129495388
144,0.8,0.2,0.2855993321,495,0.958844968,0.01133250048
144,0.8,0.2,0.2855993321,497.5,0.9586710462,0.01137142657
144,0.8,0.2,0.2855993321,500,0.958493729,0.0114115811
144,0.8,0.2,0.2855993321,502.5,0.9583146722,0.01145211084
144,0.8,0.2,0.2855993321,505,0.9581355245,0.01149621407
144,0.8,0.2,0.2855993321,507.5,0.9579559161,0.01153530023
144,0.8,0.2,0.2855993321,510,0.9577795685,0.01157324964
144,0.8,0.2,0.2855993321,512.5,0.957601305,0.01160973199
144,0.8,0.2,0.2855993321,515,0.9574290802,0.0116443424
144,0.8,0.2,0.2855993321,517.5,0.9572653914,0.01167005081
144,0.8,0.2,0.2855993321,520,0.9571115492,0.01169229751
144,0.8,0.2,0.2855993321,522.5,0.9569613922,0.01171560054
144,0.8,0.2,0.2855993321,525,0.9568091279,0.01173435049
144,0.8,0.2,0.2855993321,527.5,0.9566560164,0.01175472164
144,0.8,0.2,0.2855993321,530,0.9565062366,0.01177470191
144,0.8,0.2,0.2855993321,532.5,0.9563548679,0.01179567959
144,0.8,0.2,0.2855993321,535,0.9561970687,0.01181758317
144,0.8,0.2,0.2855993321,537.5,0.9560501469,0.01183980087
144,0.8,0.2,0.2855993321,540,0.9559012594,0.01186420157
144,0.8,0.2,0.2855993321,542.5,0.9557558327,0.01188843784
144,0.8,0.2,0.2855993321,545,0.9556052958,0.01191694915
144,0.8,0.2,0.2855993321,547.5,0.9554547446,0.01194195732
144,0.8,0.2,0.2855993321,550,0.9552978397,0.01197446896
144,0.8,0.2,0.2855993321,552.5,0.9551426494,0.01200910253
144,0.8,0.2,0.2855993321,555,0.954980469,0.01204238336
144,0.8,0.2,0.2855993321,557.5,0.954821553,0.0120745221
144,0.8,0.2,0.2855993321,560,0.954665275,0.01210196752
144,0.8,0.2,0.2855993321,562.5,0.9545059338,0.01213114149
144,0.8,0.2,0.2855993321,565,0.9543521363,0.0121602739
144,0.8,0.2,0.2855993321,567.5,0.9542024823,0.01218776403
144,0.8,0.2,0.2855993321,570,0.9540543142,0.01221906555
144,0.8,0.2,0.2855993321,572.5,0.9539067053,0.01224057356
144,0.8,0.2,0.2855993321,575,0.9537544214,0.01225968796
144,0.8,0.2,0.2855993321,577.5,0.9536043061,0.01227873513
144,0.8,0.2,0.2855993321,580,0.953454445,0.01229261959
144,0.8,0.2,0.2855993321,582.5,0.9533064089,0.01230667135
144,0.8,0.2,0.2855993321,585,0.9531560418,0.01232422491
144,0.8,0.2,0.2855993321,587.5,0.9530005077,0.01234287799
144,0.8,0.2,0.2855993321,590,0.9528427574,0.01236826914
144,0.8,0.2,0.2855993321,592.5,0.9526824855,0.01238778102
144,0.8,0.2,0.2855993321,595,0.9525213517,0.01240862177
144,0.8,0.2,0.2855993321,597.5,0.9523537442,0.01243020298
144,0.8,0.2,0.2855993321,600,0.9521862818,0.0124539986
144,0.8,0.2,0.2855993321,602.5,0.9520248984,0.01247964628
144,0.8,0.2,0.2855993321,605,0.9518668725,0.01250302424
144,0.8,0.2,0.2855993321,607.5,0.951702253,0.01253008216
144,0.8,0.2,0.2855993321,610,0.9515406897,0.01255383955
144,0.8,0.2,0.2855993321,612.5,0.9513930711,0.01257011153
144,0.8,0.2,0.2855993321,615,0.9512442017,0.01259010782
144,0.8,0.2,0.2855993321,617.5,0.9510868156,0.01261087667
144,0.8,0.2,0.2855993321,620,0.9509309749,0.01262879567
144,0.8,0.2,0.2855993321,622.5,0.9507775376,0.01264394985
144,0.8,0.2,0.2855993321,625,0.9506195554,0.01265659915
144,0.8,0.2,0.2855993321,627.5,0.9504632712,0.01267546124
144,0.8,0.2,0.2855993321,630,0.9503054509,0.0126982076
144,0.8,0.2,0.2855993321,632.5,0.9501556427,0.01271306329
144,0.8,0.2,0.2855993321,635,0.9500044856,0.01272586113
144,0.8,0.2,0.2855993321,637.5,0.9498444976,0.0127373574
144,0.8,0.2,0.2855993321,640,0.9496891863,0.01275070943
144,0.8,0.2,0.2855993321,642.5,0.949536235,0.01276530569
144,0.8,0.2,0.2855993321,645,0.9493775059,0.01278214806
144,0.8,0.2,0.2855993321,647.5,0.9492202249,0.01280124924
144,0.8,0.2,0.2855993321,650,0.9490538107,0.01282404942
144,0.8,0.2,0.2855993321,652.5,0.9488851501,0.01284291984
144,0.8,0.2,0.2855993321,655,0.9487177082,0.01286057233
144,0.8,0.2,0.2855993321,657.5,0.9485500866,0.0128820814
144,0.8,0.2,0.2855993321,660,0.9483815486,0.01290450767
144,0.8,0.2,0.2855993321,662.5,0.9482152297,0.01292454866
144,0.8,0.2,0.2855993321,665,0.948038741,0.01294230516
144,0.8,0.2,0.2855993321,667.5,0.9478634189,0.01296105465
144,0.8,0.2,0.2855993321,670,0.9476956689,0.01298231901
144,0.8,0.2,0.2855993321,672.5,0.947525954,0.01300693377
144,0.8,0.2,0.2855993321,675,0.9473532293,0.01303508765
144,0.8,0.2,0.2855993321,677.5,0.947182503,0.0130634519
144,0.8,0.2,0.2855993321,680,0.9470221968,0.01308989563
144,0.8,0.2,0.2855993321,682.5,0.9468557283,0.01311983304
144,0.8,0.2,0.2855993321,685,0.9466892497,0.01315197212
144,0.8,0.2,0.2855993321,687.5,0.9465308775,0.01318448049
144,0.8,0.2,0.2855993321,690,0.9463672643,0.01321578736
144,0.8,0.2,0.2855993321,692.5,0.9461928591,0.01324288203
144,0.8,0.2,0.2855993321,695,0.9460206319,0.01326636572
144,0.8,0.2,0.2855993321,697.5,0.9458507394,0.01328569552
144,0.8,0.2,0.2855993321,700,0.9456842941,0.01330115662
144,0.8,0.2,0.2855993321,702.5,0.9455081195,0.01332267919
144,0.8,0.2,0.2855993321,705,0.9453342143,0.01334786677
144,0.8,0.2,0.2855993321,707.5,0.9451665129,0.01337378333
144,0.8,0.2,0.2855993321,710,0.9449992019,0.01339836749
144,0.8,0.2,0.2855993321,712.5,0.9448323041,0.01342111372
144,0.8,0.2,0.2855993321,715,0.9446624068,0.0134455026
144,0.8,0.2,0.2855993321,717.5,0.9444915256,0.01347036943
144,0.8,0.2,0.2855993321,720,0.9443233002,0.0134943014
144,0.8,0.2,0.2855993321,722.5,0.94414286,0.0135204564
144,0.8,0.2,0.2855993321,725,0.9439559687,0.01354275837
144,0.8,0.2,0.2855993321,727.5,0.94377205,0.01356501001
144,0.8,0.2,0.2855993321,730,0.9435906226,0.01358911552
144,0.8,0.2,0.2855993321,732.5,0.9434097071,0.01361776216
144,0.8,0.2,0.2855993321,735,0.9432249972,0.01364532945
144,0.8,0.2,0.2855993321,737.5,0.9430386571,0.01367863145
144,0.8,0.2,0.2855993321,740,0.9428548145,0.0137104729
144,0.8,0.2,0.2855993321,742.5,0.9426684002,0.01373966434
144,0.8,0.2,0.2855993321,745,0.9424781011,0.01377040796
144,0.8,0.2,0.2855993321,747.5,0.9422862905,0.0138009995
144,0.8,0.2,0.2855993321,750,0.942094938,0.01383249713
144,0.8,0.2,0.2855993321,752.5,0.9419114554,0.01386260012
144,0.8,0.2,0.2855993321,755,0.9417257666,0.01389376697
144,0.8,0.2,0.2855993321,757.5,0.9415399992,0.01392209856
144,0.8,0.2,0.2855993321,760,0.9413525784,0.01394956247
144,0.8,0.2,0.2855993321,762.5,0.9411720162,0.01398100191
144,0.8,0.2,0.2855993321,765,0.9409892806,0.01401437484
144,0.8,0.2,0.2855993321,767.5,0.9408049441,0.01404687575
144,0.8,0.2,0.2855993321,770,0.9406200725,0.0140750733
144,0.8,0.2,0.2855993321,772.5,0.9404333079,0.01410024452
144,0.8,0.2,0.2855993321,775,0.9402391222,0.01412881121
144,0.8,0.2,0.2855993321,777.5,0.9400518665,0.01415267765
144,0.8,0.2,0.2855993321,780,0.9398641473,0.01418069441
144,0.8,0.2,0.2855993321,782.5,0.9396804846,0.01420291038
144,0.8,0.2,0.2855993321,785,0.9394987733,0.01421989667
144,0.8,0.2,0.2855993321,787.5,0.9393237701,0.01423989854
144,0.8,0.2,0.2855993321,790,0.9391497791,0.01426202903
144,0.8,0.2,0.2855993321,792.5,0.9389700661,0.01428679934
144,0.8,0.2,0.2855993321,795,0.9387877618,0.01430854253
144,0.8,0.2,0.2855993321,797.5,0.9386030106,0.01433224036
144,0.8,0.2,0.2855993321,800,0.9384178456,0.01435999722
144,0.8,0.2,0.2855993321,802.5,0.9382290509,0.01437897328
144,0.8,0.2,0.2855993321,805,0.9380302818,0.01439776387
144,0.8,0.2,0.2855993321,807.5,0.9378281229,0.01441907762
144,0.8,0.2,0.2855993321,810,0.9376379779,0.01443892925
144,0.8,0.2,0.2855993321,812.5,0.9374532739,0.01445968209
144,0.8,0.2,0.2855993321,815,0.9372773887,0.01447591804
144,0.8,0.2,0.2855993321,817.5,0.9371059304,0.0144936073
144,0.8,0.2,0.2855993321,820,0.9369397309,0.0145084766
144,0.8,0.2,0.2855993321,822.5,0.9367758042,0.01452305822
144,0.8,0.2,0.2855993321,825,0.9365960859,0.01453793131
144,0.8,0.2,0.2855993321,827.5,0.9364177983,0.01455834867
144,0.8,0.2,0.2855993321,830,0.9362302555,0.01458683098
144,0.8,0.2,0.2855993321,832.5,0.9360448856,0.01460920619
144,0.8,0.2,0.2855993321,835,0.9358562139,0.01463181292
144,0.8,0.2,0.2855993321,837.5,0.935659501,0.01465765962
144,0.8,0.2,0.2855993321,840,0.935456465,0.01468612715
144,0.8,0.2,0.2855993321,842.5,0.935254849,0.0147141111
144,0.8,0.2,0.2855993321,845,0.9350513445,0.01473795274
144,0.8,0.2,0.2855993321,847.5,0.9348445853,0.014762507
144,0.8,0.2,0.2855993321,850,0.9346347138,0.01479053375
144,0.8,0.2,0.2855993321,852.5,0.9344251847,0.01481854625
144,0.8,0.2,0.2855993321,855,0.9342223273,0.01484846036
144,0.8,0.2,0.2855993321,857.5,0.9340130184,0.01487826744
144,0.8,0.2,0.2855993321,860,0.9337974602,0.01490969665
144,0.8,0.2,0.2855993321,862.5,0.933576094,0.01494093614
144,0.8,0.2,0.2855993321,865,0.9333648282,0.01497382407
144,0.8,0.2,0.2855993321,867.5,0.9331510844,0.01500195016
144,0.8,0.2,0.2855993321,870,0.9329322672,0.01502862711
144,0.8,0.2,0.2855993321,872.5,0.9327190546,0.01505338964
144,0.8,0.2,0.2855993321,875,0.9325053259,0.01507817475
144,0.8,0.2,0.2855993321,877.5,0.9322839038,0.01510871368
144,0.8,0.2,0.2855993321,880,0.9320647283,0.0151397126
144,0.8,0.2,0.2855993321,882.5,0.9318467646,0.01516787511
144,0.8,0.2,0.2855993321,885,0.9316280197,0.01519669001
144,0.8,0.2,0.2855993321,887.5,0.9314150503,0.01523240262
144,0.8,0.2,0.2855993321,890,0.9311969157,0.01526567183
144,0.8,0.2,0.2855993321,892.5,0.9309838173,0.01529866337
144,0.8,0.2,0.2855993321,895,0.9307731485,0.01533662827
144,0.8,0.2,0.2855993321,897.5,0.9305659269,0.01536727669
144,0.8,0.2,0.2855993321,900,0.930356842,0.01539768798
144,0.8,0.2,0.2855993321,902.5,0.930139923,0.01542556276
144,0.8,0.2,0.2855993321,905,0.9299273489,0.01545871564
144,0.8,0.2,0.2855993321,907.5,0.9297151933,0.01550069549
144,0.8,0.2,0.2855993321,910,0.9295020846,0.0155410397
144,0.8,0.2,0.2855993321,912.5,0.9292960804,0.01558156454
144,0.8,0.2,0.2855993321,915,0.9290890845,0.01562212428
144,0.8,0.2,0.2855993321,917.5,0.9288799023,0.01566536141
144,0.8,0.2,0.2855993321,920,0.9286652496,0.015706372
144,0.8,0.2,0.2855993321,922.5,0.9284440105,0.01574687955
144,0.8,0.2,0.2855993321,925,0.9282311917,0.01577987903
144,0.8,0.2,0.2855993321,927.5,0.9280182483,0.01581472502
144,0.8,0.2,0.2855993321,930,0.92781575,0.01585312056
144,0.8,0.2,0.2855993321,932.5,0.9276116362,0.01588596279
144,0.8,0.2,0.2855993321,935,0.927403628,0.01591761817
144,0.8,0.2,0.2855993321,937.5,0.9271984293,0.01595008964
144,0.8,0.2,0.2855993321,940,0.9269767742,0.01598563785
144,0.8,0.2,0.2855993321,942.5,0.9267638082,0.01602304163
144,0.8,0.2,0.2855993321,945,0.92655008,0.0160571682
144,0.8,0.2,0.2855993321,947.5,0.9263414418,0.01609022463
144,0.8,0.2,0.2855993321,950,0.9261268079,0.01612482958
144,0.8,0.2,0.2855993321,952.5,0.9259120601,0.01616192137
144,0.8,0.2,0.2855993321,955,0.9256949496,0.0161985243
144,0.8,0.2,0.2855993321,957.5,0.9254794881,0.01622948117
144,0.8,0.2,0.2855993321,960,0.9252698504,0.01625561553
144,0.8,0.2,0.2855993321,962.5,0.925053174,0.01628161008
144,0.8,0.2,0.2855993321,965,0.9248379119,0.01631066656
144,0.8,0.2,0.2855993321,967.5,0.9246255056,0.01633653899
144,0.8,0.2,0.2855993321,970,0.9244201052,0.01636743936
144,0.8,0.2,0.2855993321,972.5,0.9242177733,0.01639970042
144,0.8,0.2,0.2855993321,975,0.9240112145,0.01643220737
144,0.8,0.2,0.2855993321,977.5,0.9238043217,0.01646529833
144,0.8,0.2,0.2855993321,980,0.923594277,0.01650131857
144,0.8,0.2,0.2855993321,982.5,0.9233888684,0.01653669997
144,0.8,0.2,0.2855993321,985,0.9231876181,0.01657344244
144,0.8,0.2,0.2855993321,987.5,0.9229915954,0.01660821435
144,0.8,0.2,0.2855993321,990,0.9228011506,0.01664713731
144,0.8,0.2,0.2855993321,992.5,0.9226194736,0.01669258187
144,0.8,0.2,0.2855993321,995,0.9224305288,0.0167396475
144,0.8,0.2,0.2855993321,997.5,0.9222425216,0.0167901336
144,0.8,0.2,0.2855993321,1000,0.9220557999,0.01684580154
144,0.8,0.2,0.2855993321,1002.5,0.9218672711,0.01690440867
144,0.8,0.2,0.2855993321,1005,0.9216822282,0.01696418215
144,0.8,0.2,0.2855993321,1007.5,0.9215034711,0.01701841103
144,0.8,0.2,0.2855993321,1010,0.9213293926,0.0170709126
144,0.8,0.2,0.2855993321,1012.5,0.9211589511,0.01711891947
144,0.8,0.2,0.2855993321,1015,0.9209794454,0.01716397316
144,0.8,0.2,0.2855993321,1017.5,0.9208109551,0.01720558448
144,0.8,0.2,0.2855993321,1020,0.9206386054,0.01724368695
144,0.8,0.2,0.2855993321,1022.5,0.9204585359,0.01728889439
144,0.8,0.2,0.2855993321,1025,0.920278982,0.01733148367
144,0.8,0.2,0.2855993321,1027.5,0.920093863,0.0173728197
144,0.8,0.2,0.2855993321,1030,0.9199119991,0.01741310237
144,0.8,0.2,0.2855993321,1032.5,0.9197241338,0.01745212948
144,0.8,0.2,0.2855993321,1035,0.9195316631,0.01749617619
144,0.8,0.2,0.2855993321,1037.5,0.9193494661,0.01754520191
144,0.8,0.2,0.2855993321,1040,0.9191811005,0.01759026563
144,0.8,0.2,0.2855993321,1042.5,0.9190079453,0.01763302902
144,0.8,0.2,0.2855993321,1045,0.9188354885,0.01767634345
144,0.8,0.2,0.2855993321,1047.5,0.9186552174,0.01772139374
144,0.8,0.2,0.2855993321,1050,0.9184758953,0.0177632207
144,0.8,0.2,0.2855993321,1052.5,0.9183000345,0.01780644356
144,0.8,0.2,0.2855993321,1055,0.9181271116,0.01785858436
144,0.8,0.2,0.2855993321,1057.5,0.9179574187,0.01791134261
144,0.8,0.2,0.2855993321,1060,0.9177856698,0.01796222751
144,0.8,0.2,0.2855993321,1062.5,0.917613894,0.01801094355
144,0.8,0.2,0.2855993321,1065,0.9174390802,0.01805398379
144,0.8,0.2,0.2855993321,1067.5,0.9172586359,0.01809906184
144,0.8,0.2,0.2855993321,1070,0.9170836209,0.01814731597
144,0.8,0.2,0.2855993321,1072.5,0.9169081841,0.01819443514
144,0.8,0.2,0.2855993321,1075,0.9167399485,0.01824538861
144,0.8,0.2,0.2855993321,1077.5,0.9165746028,0.01829432741
144,0.8,0.2,0.2855993321,1080,0.9164095162,0.01833916593
144,0.8,0.2,0.2855993321,1082.5,0.916247031,0.01837925584
144,0.8,0.2,0.2855993321,1085,0.9160845878,0.01842281237
144,0.8,0.2,0.2855993321,1087.5,0.9159231295,0.0184620706
144,0.8,0.2,0.2855993321,1090,0.9157525909,0.0185008606
144,0.8,0.2,0.2855993321,1092.5,0.9155927999,0.018534792
144,0.8,0.2,0.2855993321,1095,0.9154320293,0.01857269717
144,0.8,0.2,0.2855993321,1097.5,0.9152732737,0.01860654915
144,0.8,0.2,0.2855993321,1100,0.9151176293,0.01863960483
144,0.8,0.2,0.2855993321,1102.5,0.9149610298,0.01867791753
144,0.8,0.2,0.2855993321,1105,0.9147978907,0.01871375962
144,0.8,0.2,0.2855993321,1107.5,0.9146390565,0.01875152216
144,0.8,0.2,0.2855993321,1110,0.9144812483,0.01879012335
144,0.8,0.2,0.2855993321,1112.5,0.9143214712,0.0188294892
144,0.8,0.2,0.2855993321,1115,0.9141569453,0.01886738016
144,0.8,0.2,0.2855993321,1117.5,0.9139943491,0.0189020158
144,0.8,0.2,0.2855993321,1120,0.9138273301,0.01894133088
144,0.8,0.2,0.2855993321,1122.5,0.9136631079,0.01898224646
144,0.8,0.2,0.2855993321,1125,0.913503284,0.01901790785
144,0.8,0.2,0.2855993321,1127.5,0.9133530592,0.01905537025
144,0.8,0.2,0.2855993321,1130,0.9131952762,0.01909635001
144,0.8,0.2,0.2855993321,1132.5,0.9130405836,0.01913606088
144,0.8,0.2,0.2855993321,1135,0.9128857656,0.01917804025
144,0.8,0.2,0.2855993321,1137.5,0.9127265792,0.01921773958
144,0.8,0.2,0.2855993321,1140,0.9125610186,0.01926056018
144,0.8,0.2,0.2855993321,1142.5,0.912412726,0.0192913415
144,0.8,0.2,0.2855993321,1145,0.9122561619,0.01932350472
144,0.8,0.2,0.2855993321,1147.5,0.9121038339,0.01935769973
144,0.8,0.2,0.2855993321,1150,0.9119364962,0.01939159032
144,0.8,0.2,0.2855993321,1152.5,0.9117719781,0.01942237331
144,0.8,0.2,0.2855993321,1155,0.9116067233,0.01945429898
144,0.8,0.2,0.2855993321,1157.5,0.9114377076,0.01948356608
144,0.8,0.2,0.2855993321,1160,0.9112796772,0.01951032769
144,0.8,0.2,0.2855993321,1162.5,0.9111279179,0.01953966519
144,0.8,0.2,0.2855993321,1165,0.9109661224,0.01956924246
144,0.8,0.2,0.2855993321,1167.5,0.9108023548,0.01960006291
144,0.8,0.2,0.2855993321,1170,0.910649536,0.01962513932
144,0.8,0.2,0.2855993321,1172.5,0.9105075532,0.01964663825
144,0.8,0.2,0.2855993321,1175,0.9103713831,0.01965780908
144,0.8,0.2,0.2855993321,1177.5,0.9102326295,0.01967145572
144,0.8,0.2,0.2855993321,1180,0.9101083335,0.01967983178
144,0.8,0.2,0.2855993321,1182.5,0.9099794326,0.01969311203
144,0.8,0.2,0.2855993321,1185,0.9098555328,0.01970716566
144,0.8,0.2,0.2855993321,1187.5,0.9097273633,0.019721718
144,0.8,0.2,0.2855993321,1190,0.9095977797,0.01974583259
144,0.8,0.2,0.2855993321,1192.5,0.9094712851,0.01977160137
144,0.8,0.2,0.2855993321,1195,0.9093477007,0.01980046104
144,0.8,0.2,0.2855993321,1197.5,0.9092281174,0.01982811442
144,0.8,0.2,0.2855993321,1200,0.9091049234,0.01985590224
144,0.8,0.2,0.2855993321,1202.5,0.9089847827,0.01988087807
144,0.8,0.2,0.2855993321,1205,0.9088599983,0.01990814692
144,0.8,0.2,0.2855993321,1207.5,0.9087324676,0.01993869826
144,0.8,0.2,0.2855993321,1210,0.9086071291,0.01997063256
144,0.8,0.2,0.2855993321,1212.5,0.9084808598,0.02000100299
144,0.8,0.2,0.2855993321,1215,0.9083580896,0.02003083794
144,0.8,0.2,0.2855993321,1217.5,0.9082415303,0.02005964641
144,0.8,0.2,0.2855993321,1220,0.9081230883,0.02008548378
144,0.8,0.2,0.2855993321,1222.5,0.9080074188,0.0201130067
144,0.8,0.2,0.2855993321,1225,0.9078815106,0.02014501942
144,0.8,0.2,0.2855993321,1227.5,0.9077621596,0.02017316207
144,0.8,0.2,0.2855993321,1230,0.9076305223,0.02019775644
144,0.8,0.2,0.2855993321,1232.5,0.907499382,0.02022218229
144,0.8,0.2,0.2855993321,1235,0.9073788942,0.02024065794
144,0.8,0.2,0.2855993321,1237.5,0.9072638599,0.02025296683
144,0.8,0.2,0.2855993321,1240,0.9071480875,0.02026676076
144,0.8,0.2,0.2855993321,1242.5,0.9070318818,0.02028234465
144,0.8,0.2,0.2855993321,1245,0.9069041144,0.02029415511
144,0.8,0.2,0.2855993321,1247.5,0.9067732068,0.0203105147
144,0.8,0.2,0.2855993321,1250,0.9066335827,0.0203299102
144,0.8,0.2,0.2855993321,1252.5,0.9064814671,0.02035542681
144,0.8,0.2,0.2855993321,1255,0.906326216,0.0203772114
144,0.8,0.2,0.2855993321,1257.5,0.9061764692,0.02040270105
144,0.8,0.2,0.2855993321,1260,0.9060136612,0.02043050605
144,0.8,0.2,0.2855993321,1262.5,0.9058605036,0.02045950257
144,0.8,0.2,0.2855993321,1265,0.9056949072,0.02049402865
144,0.8,0.2,0.2855993321,1267.5,0.9055279834,0.02053276676
144,0.8,0.2,0.2855993321,1270,0.9053684122,0.02056244689
144,0.8,0.2,0.2855993321,1272.5,0.905208546,0.02059084203
144,0.8,0.2,0.2855993321,1275,0.9050440842,0.02062485644
144,0.8,0.2,0.2855993321,1277.5,0.9048788279,0.02066736133
144,0.8,0.2,0.2855993321,1280,0.9047217041,0.02070948959
144,0.8,0.2,0.2855993321,1282.5,0.9045739529,0.02074994759
144,0.8,0.2,0.2855993321,1285,0.9044240482,0.02078764631
144,0.8,0.2,0.2855993321,1287.5,0.9042881773,0.02082146481
144,0.8,0.2,0.2855993321,1290,0.9041411195,0.02086342618
144,0.8,0.2,0.2855993321,1292.5,0.9039953256,0.02089833357
144,0.8,0.2,0.2855993321,1295,0.9038497711,0.02093052616
144,0.8,0.2,0.2855993321,1297.5,0.9036982464,0.02096174177
144,0.8,0.2,0.2855993321,1300,0.9035582472,0.02099004934
144,0.8,0.2,0.2855993321,1302.5,0.9034199614,0.02101661878
144,0.8,0.2,0.2855993321,1305,0.9032873493,0.02104998765
144,0.8,0.2,0.2855993321,1307.5,0.9031689439,0.02108177338
144,0.8,0.2,0.2855993321,1310,0.9030453887,0.02111273708
144,0.8,0.2,0.2855993321,1312.5,0.9029150118,0.02114406351
144,0.8,0.2,0.2855993321,1315,0.9027942836,0.02117221993
144,0.8,0.2,0.2855993321,1317.5,0.9026719805,0.02120084303
144,0.8,0.2,0.2855993321,1320,0.9025549325,0.02122524057
144,0.8,0.2,0.2855993321,1322.5,0.9024366642,0.02125017111
144,0.8,0.2,0.2855993321,1325,0.9023136714,0.02127233264
144,0.8,0.2,0.2855993321,1327.5,0.9021964244,0.0212900733
144,0.8,0.2,0.2855993321,1330,0.9020879871,0.02131007991
144,0.8,0.2,0.2855993321,1332.5,0.9019865714,0.02132487307
144,0.8,0.2,0.2855993321,1335,0.9018930999,0.02133434831
144,0.8,0.2,0.2855993321,1337.5,0.9017958778,0.02134182618
144,0.8,0.2,0.2855993321,1340,0.9016958842,0.02135386251
144,0.8,0.2,0.2855993321,1342.5,0.9015886075,0.0213705165
144,0.8,0.2,0.2855993321,1345,0.9014810837,0.02138849787
144,0.8,0.2,0.2855993321,1347.5,0.9013832346,0.02140124346
144,0.8,0.2,0.2855993321,1350,0.9012714818,0.02141199981
144,0.8,0.2,0.2855993321,1352.5,0.9011551467,0.02142311286
144,0.8,0.2,0.2855993321,1355,0.9010394771,0.02142732531
144,0.8,0.2,0.2855993321,1357.5,0.9009157609,0.02143075939
144,0.8,0.2,0.2855993321,1360,0.9007950529,0.02143774533
144,0.8,0.2,0.2855993321,1362.5,0.9006745701,0.02145024823
144,0.8,0.2,0.2855993321,1365,0.9005501447,0.02146941671
144,0.8,0.2,0.2855993321,1367.5,0.9004334737,0.02148680885
144,0.8,0.2,0.2855993321,1370,0.9003188404,0.02149882717
144,0.8,0.2,0.2855993321,1372.5,0.9002096642,0.02150476634
144,0.8,0.2,0.2855993321,1375,0.9001144065,0.02150409853
144,0.8,0.2,0.2855993321,1377.5,0.9000147095,0.02150920772
144,0.8,0.2,0.2855993321,1380,0.8999072407,0.0215189243
144,0.8,0.2,0.2855993321,1382.5,0.8997978472,0.02153086222
144,0.8,0.2,0.2855993321,1385,0.8996990169,0.02154071813
144,0.8,0.2,0.2855993321,1387.5,0.8995945264,0.02155267152
144,0.8,0.2,0.2855993321,1390,0.89948741,0.02156923936
144,0.8,0.2,0.2855993321,1392.5,0.8993817249,0.02158854719
144,0.8,0.2,0.2855993321,1395,0.8992766959,0.02160214578
144,0.8,0.2,0.2855993321,1397.5,0.8991834879,0.02160649065
144,0.8,0.2,0.2855993321,1400,0.8990855774,0.02161260442
144,0.8,0.2,0.2855993321,1402.5,0.8989853266,0.02162360877
144,0.8,0.2,0.2855993321,1405,0.898903541,0.02163016506
144,0.8,0.2,0.2855993321,1407.5,0.898827718,0.02163391954
144,0.8,0.2,0.2855993321,1410,0.8987290315,0.02164177611
144,0.8,0.2,0.2855993321,1412.5,0.8986174058,0.02164957156
144,0.8,0.2,0.2855993321,1415,0.8984944115,0.02165676769
144,0.8,0.2,0.2855993321,1417.5,0.8983656513,0.02166683985
144,0.8,0.2,0.2855993321,1420,0.8982516427,0.02167497395
144,0.8,0.2,0.2855993321,1422.5,0.8981432103,0.02168205268
144,0.8,0.2,0.2855993321,1425,0.898039422,0.02168972256
144,0.8,0.2,0.2855993321,1427.5,0.8979301001,0.0217043079
144,0.8,0.2,0.2855993321,1430,0.8978315588,0.02171991987
144,0.8,0.2,0.2855993321,1432.5,0.8977356376,0.02173437501
144,0.8,0.2,0.2855993321,1435,0.8976359672,0.02174965238
144,0.8,0.2,0.2855993321,1437.5,0.8975334163,0.02177783721
144,0.8,0.2,0.2855993321,1440,0.8974248968,0.02180136769
144,0.8,0.2,0.2855993321,1442.5,0.897315306,0.02182655062
144,0.8,0.2,0.2855993321,1445,0.8972126635,0.02184759793
144,0.8,0.2,0.2855993321,1447.5,0.8971078448,0.02186846866
144,0.8,0.2,0.2855993321,1450,0.8969898353,0.02188793554
144,0.8,0.2,0.2855993321,1452.5,0.8968817568,0.02190957343
144,0.8,0.2,0.2855993321,1455,0.8967643115,0.02192826289
144,0.8,0.2,0.2855993321,1457.5,0.8966474751,0.02194837995
144,0.8,0.2,0.2855993321,1460,0.896529231,0.02197043692
144,0.8,0.2,0.2855993321,1462.5,0.896407046,0.02198999913
144,0.8,0.2,0.2855993321,1465,0.8962841117,0.02201133036
144,0.8,0.2,0.2855993321,1467.5,0.8961643939,0.02203114502
144,0.8,0.2,0.2855993321,1470,0.8960508161,0.0220505684
144,0.8,0.2,0.2855993321,1472.5,0.8959434567,0.02206678277
144,0.8,0.2,0.2855993321,1475,0.8958303963,0.02208655613
144,0.8,0.2,0.2855993321,1477.5,0.8957126536,0.02210614989
144,0.8,0.2,0.2855993321,1480,0.8955975513,0.02212055933
144,0.8,0.2,0.2855993321,1482.5,0.8954786017,0.0221351373
144,0.8,0.2,0.2855993321,1485,0.8953641901,0.02214706747
144,0.8,0.2,0.2855993321,1487.5,0.8952559648,0.02216363487
144,0.8,0.2,0.2855993321,1490,0.8951510673,0.02218212915
144,0.8,0.2,0.2855993321,1492.5,0.8950500455,0.0222012418
144,0.8,0.2,0.2855993321,1495,0.8949455336,0.02222082987
144,0.8,0.2,0.2855993321,1497.5,0.8948376155,0.02224116916
144,0.8,0.2,0.2855993321,1500,0.8947287985,0.02225836033
144,0.8,0.2,0.2855993321,1502.5,0.8946168526,0.02227409676
144,0.8,0.2,0.2855993321,1505,0.8945086091,0.02229352778
144,0.8,0.2,0.2855993321,1507.5,0.894393591,0.02231393915
144,0.8,0.2,0.2855993321,1510,0.8942751706,0.02233698394
144,0.8,0.2,0.2855993321,1512.5,0.8941605551,0.02236098001
144,0.8,0.2,0.2855993321,1515,0.8940477289,0.02237385335
144,0.8,0.2,0.2855993321,1517.5,0.8939295548,0.02239341722
144,0.8,0.2,0.2855993321,1520,0.8938175481,0.02241185521
144,0.8,0.2,0.2855993321,1522.5,0.8937037558,0.02242333662
144,0.8,0.2,0.2855993321,1525,0.8935935554,0.0224296104
144,0.8,0.2,0.2855993321,1527.5,0.8934748163,0.02243758058
144,0.8,0.2,0.2855993321,1530,0.8933547882,0.02243881892
144,0.8,0.2,0.2855993321,1532.5,0.8932305404,0.02244141204
144,0.8,0.2,0.2855993321,1535,0.8931140981,0.0224405941
144,0.8,0.2,0.2855993321,1537.5,0.8930094513,0.02243842722
144,0.8,0.2,0.2855993321,1540,0.8928910375,0.02244005381
144,0.8,0.2,0.2855993321,1542.5,0.892778084,0.02243986595
144,0.8,0.2,0.2855993321,1545,0.8926662181,0.02243620512
144,0.8,0.2,0.2855993321,1547.5,0.892555569,0.02243435239
144,0.8,0.2,0.2855993321,1550,0.8924436347,0.02243566119
144,0.8,0.2,0.2855993321,1552.5,0.8923279604,0.02244076259
144,0.8,0.2,0.2855993321,1555,0.8922052997,0.02244493518
144,0.8,0.2,0.2855993321,1557.5,0.8920785297,0.02245258615
144,0.8,0.2,0.2855993321,1560,0.8919517418,0.02246215435
144,0.8,0.2,0.2855993321,1562.5,0.8918299001,0.02246570644
144,0.8,0.2,0.2855993321,1565,0.8917219132,0.02246927296
144,0.8,0.2,0.2855993321,1567.5,0.8916031857,0.02247113998
144,0.8,0.2,0.2855993321,1570,0.8914772208,0.02247402646
144,0.8,0.2,0.2855993321,1572.5,0.8913500315,0.02247902259
144,0.8,0.2,0.2855993321,1575,0.8912245022,0.02248270002
144,0.8,0.2,0.2855993321,1577.5,0.8911066412,0.02247635713
144,0.8,0.2,0.2855993321,1580,0.8910004299,0.02246490784
144,0.8,0.2,0.2855993321,1582.5,0.8908928098,0.02245848839
144,0.8,0.2,0.2855993321,1585,0.8907880623,0.02244825845
144,0.8,0.2,0.2855993321,1587.5,0.890679203,0.0224389582
144,0.8,0.2,0.2855993321,1590,0.8905675161,0.02243200518
144,0.8,0.2,0.2855993321,1592.5,0.8904563159,0.02242417893
144,0.8,0.2,0.2855993321,1595,0.890345774,0.02241765638
144,0.8,0.2,0.2855993321,1597.5,0.8902350985,0.022409684
144,0.8,0.2,0.2855993321,1600,0.8901269545,0.02240619853
144,0.8,0.2,0.2855993321,1602.5,0.8900114457,0.0224034991
144,0.8,0.2,0.2855993321,1605,0.889893621,0.02240044911
144,0.8,0.2,0.2855993321,1607.5,0.8897833422,0.02240078512
144,0.8,0.2,0.2855993321,1610,0.8896719909,0.02239836524
144,0.8,0.2,0.2855993321,1612.5,0.8895662407,0.02239246375
144,0.8,0.2,0.2855993321,1615,0.8894646139,0.02238885488
144,0.8,0.2,0.2855993321,1617.5,0.8893733095,0.02238092211
144,0.8,0.2,0.2855993321,1620,0.8892720713,0.02238376945
144,0.8,0.2,0.2855993321,1622.5,0.8891764741,0.02238446987
144,0.8,0.2,0.2855993321,1625,0.8890810241,0.02238466412
144,0.8,0.2,0.2855993321,1627.5,0.8889802281,0.02238760718
144,0.8,0.2,0.2855993321,1630,0.8888850733,0.02238488631
144,0.8,0.2,0.2855993321,1632.5,0.8887896829,0.02238128726
144,0.8,0.2,0.2855993321,1635,0.8886872157,0.02237866164
144,0.8,0.2,0.2855993321,1637.5,0.888578464,0.02237688421
144,0.8,0.2,0.2855993321,1640,0.8884753736,0.02237291792
144,0.8,0.2,0.2855993321,1642.5,0.8883730438,0.02236820781
144,0.8,0.2,0.2855993321,1645,0.8882694699,0.02235972367
144,0.8,0.2,0.2855993321,1647.5,0.8881695034,0.02234605827
144,0.8,0.2,0.2855993321,1650,0.8880578915,0.02233958525
144,0.8,0.2,0.2855993321,1652.5,0.88795144,0.02233088521
144,0.8,0.2,0.2855993321,1655,0.887846309,0.02231753888
144,0.8,0.2,0.2855993321,1657.5,0.8877409445,0.02230123166
144,0.8,0.2,0.2855993321,1660,0.8876454844,0.02228366518
144,0.8,0.2,0.2855993321,1662.5,0.8875397006,0.02226610579
144,0.8,0.2,0.2855993321,1665,0.8874362723,0.02224906633
144,0.8,0.2,0.2855993321,1667.5,0.8873190537,0.02223862472
144,0.8,0.2,0.2855993321,1670,0.8872012935,0.02223218118
144,0.8,0.2,0.2855993321,1672.5,0.8870902313,0.02221789129
144,0.8,0.2,0.2855993321,1675,0.8869736198,0.02220903607
144,0.8,0.2,0.2855993321,1677.5,0.886861732,0.02220469145
144,0.8,0.2,0.2855993321,1680,0.8867381462,0.0222080852
144,0.8,0.2,0.2855993321,1682.5,0.8866123851,0.02220986265
144,0.8,0.2,0.2855993321,1685,0.8864845643,0.02221530963
144,0.8,0.2,0.2855993321,1687.5,0.8863690272,0.02222140294
144,0.8,0.2,0.2855993321,1690,0.8862589606,0.02222463154
144,0.8,0.2,0.2855993321,1692.5,0.8861506815,0.02222775791
144,0.8,0.2,0.2855993321,1695,0.8860487428,0.02222955379
144,0.8,0.2,0.2855993321,1697.5,0.885947799,0.02223332212
144,0.8,0.2,0.2855993321,1700,0.8858488935,0.02223707039
144,0.8,0.2,0.2855993321,1702.5,0.8857505344,0.02223383814
144,0.8,0.2,0.2855993321,1705,0.8856453776,0.02223250104
144,0.8,0.2,0.2855993321,1707.5,0.8855434381,0.02223701441
144,0.8,0.2,0.2855993321,1710,0.8854427548,0.02224029687
144,0.8,0.2,0.2855993321,1712.5,0.8853354762,0.02224345945
144,0.8,0.2,0.2855993321,1715,0.8852270661,0.02224731837
144,0.8,0.2,0.2855993321,1717.5,0.8851255283,0.02224730164
144,0.8,0.2,0.2855993321,1720,0.8850141482,0.02225271213
144,0.8,0.2,0.2855993321,1722.5,0.8849007661,0.02225405732
144,0.8,0.2,0.2855993321,1725,0.8847881915,0.02225121177
144,0.8,0.2,0.2855993321,1727.5,0.8846865917,0.02224341704
144,0.8,0.2,0.2855993321,1730,0.8845836004,0.02223843241
144,0.8,0.2,0.2855993321,1732.5,0.8844769679,0.0222374068
144,0.8,0.2,0.2855993321,1735,0.8843810624,0.0222364797
144,0.8,0.2,0.2855993321,1737.5,0.8842817191,0.02224468308
144,0.8,0.2,0.2855993321,1740,0.8841821427,0.02224647774
144,0.8,0.2,0.2855993321,1742.5,0.88407986,0.02225095549
144,0.8,0.2,0.2855993321,1745,0.883970457,0.0222594958
144,0.8,0.2,0.2855993321,1747.5,0.8838656969,0.02226756614
144,0.8,0.2,0.2855993321,1750,0.8837653291,0.02227497289
144,0.8,0.2,0.2855993321,1752.5,0.8836658422,0.02228018502
144,0.8,0.2,0.2855993321,1755,0.8835603775,0.02229037038
144,0.8,0.2,0.2855993321,1757.5,0.8834597746,0.02230145177
144,0.8,0.2,0.2855993321,1760,0.8833472458,0.02231313493
144,0.8,0.2,0.2855993321,1762.5,0.8832408561,0.02232645728
144,0.8,0.2,0.2855993321,1765,0.8831352281,0.02233817678
144,0.8,0.2,0.2855993321,1767.5,0.8830330432,0.02234548092
144,0.8,0.2,0.2855993321,1770,0.8829314108,0.02235044856
144,0.8,0.2,0.2855993321,1772.5,0.8828321533,0.02235107318
144,0.8,0.2,0.2855993321,1775,0.8827248615,0.02235246204
144,0.8,0.2,0.2855993321,1777.5,0.8826076308,0.02236076048
144,0.8,0.2,0.2855993321,1780,0.8824922825,0.02236904939
144,0.8,0.2,0.2855993321,1782.5,0.8823754353,0.02237408298
144,0.8,0.2,0.2855993321,1785,0.8822592323,0.02238293747
144,0.8,0.2,0.2855993321,1787.5,0.8821521806,0.02238457699
144,0.8,0.2,0.2855993321,1790,0.8820431647,0.02238314332
144,0.8,0.2,0.2855993321,1792.5,0.8819274967,0.02237962087
144,0.8,0.2,0.2855993321,1795,0.881809655,0.02237585436
144,0.8,0.2,0.2855993321,1797.5,0.8816797831,0.0223685235
144,0.8,0.2,0.2855993321,1800,0.881551502,0.02237081248
144,0.8,0.2,0.2855993321,1802.5,0.8814179024,0.02237044581
144,0.8,0.2,0.2855993321,1805,0.8813022668,0.02237381667
144,0.8,0.2,0.2855993321,1807.5,0.8811980127,0.02237049493
144,0.8,0.2,0.2855993321,1810,0.8810909242,0.02236934167
144,0.8,0.2,0.2855993321,1812.5,0.880982799,0.02237084579
144,0.8,0.2,0.2855993321,1815,0.8808757259,0.02237148698
144,0.8,0.2,0.2855993321,1817.5,0.8807640576,0.02237582204
144,0.8,0.2,0.2855993321,1820,0.8806586547,0.02237491463
144,0.8,0.2,0.2855993321,1822.5,0.8805392451,0.0223750208
144,0.8,0.2,0.2855993321,1825,0.8804192035,0.02237525964
144,0.8,0.2,0.2855993321,1827.5,0.8802909336,0.02237815052
144,0.8,0.2,0.2855993321,1830,0.880173274,0.02237007257
144,0.8,0.2,0.2855993321,1832.5,0.8800589445,0.02236564123
144,0.8,0.2,0.2855993321,1835,0.879944377,0.0223633243
144,0.8,0.2,0.2855993321,1837.5,0.8798280388,0.02236439899
144,0.8,0.2,0.2855993321,1840,0.8797084541,0.02236957195
144,0.8,0.2,0.2855993321,1842.5,0.879587672,0.02237386532
144,0.8,0.2,0.2855993321,1845,0.8794667887,0.0223752437
144,0.8,0.2,0.2855993321,1847.5,0.8793592084,0.02237757356
144,0.8,0.2,0.2855993321,1850,0.879257884,0.02237787075
144,0.8,0.2,0.2855993321,1852.5,0.8791567844,0.02238299672
144,0.8,0.2,0.2855993321,1855,0.8790541457,0.02238711244
144,0.8,0.2,0.2855993321,1857.5,0.8789371829,0.02238928386
144,0.8,0.2,0.2855993321,1860,0.8788217522,0.0223923017
144,0.8,0.2,0.2855993321,1862.5,0.8787016014,0.02239492727
144,0.8,0.2,0.2855993321,1865,0.8785798416,0.02239912482
144,0.8,0.2,0.2855993321,1867.5,0.878467133,0.02240107212
144,0.8,0.2,0.2855993321,1870,0.8783475662,0.0224053462
144,0.8,0.2,0.2855993321,1872.5,0.8782315627,0.02241160446
144,0.8,0.2,0.2855993321,1875,0.8781171964,0.02241463564
144,0.8,0.2,0.2855993321,1877.5,0.8780015496,0.02241351876
144,0.8,0.2,0.2855993321,1880,0.8778729325,0.02241792621
144,0.8,0.2,0.2855993321,1882.5,0.877749041,0.02242099256
144,0.8,0.2,0.2855993321,1885,0.8776281522,0.02242214546
144,0.8,0.2,0.2855993321,1887.5,0.8775170004,0.02242445217
144,0.8,0.2,0.2855993321,1890,0.8774036821,0.02242973142
144,0.8,0.2,0.2855993321,1892.5,0.8772792663,0.02243450773
144,0.8,0.2,0.2855993321,1895,0.8771456682,0.02244424935
144,0.8,0.2,0.2855993321,1897.5,0.8770104985,0.02245221327
144,0.8,0.2,0.2855993321,1900,0.8768807523,0.02245617325
144,0.8,0.2,0.2855993321,1902.5,0.8767528875,0.02245460149
144,0.8,0.2,0.2855993321,1905,0.8766227567,0.02245455775
144,0.8,0.2,0.2855993321,1907.5,0.8764942232,0.02245423882
144,0.8,0.2,0.2855993321,1910,0.876371034,0.02245527306
144,0.8,0.2,0.2855993321,1912.5,0.8762480729,0.02246257489
144,0.8,0.2,0.2855993321,1915,0.8761304902,0.02247155985
144,0.8,0.2,0.2855993321,1917.5,0.8760285865,0.02247124818
144,0.8,0.2,0.2855993321,1920,0.8759270838,0.0224630904
144,0.8,0.2,0.2855993321,1922.5,0.8758316809,0.02245939612
144,0.8,0.2,0.2855993321,1925,0.875739718,0.02246023523
144,0.8,0.2,0.2855993321,1927.5,0.8756457199,0.02245943408
144,0.8,0.2,0.2855993321,1930,0.8755458625,0.02246219886
144,0.8,0.2,0.2855993321,1932.5,0.8754515282,0.02246565783
144,0.8,0.2,0.2855993321,1935,0.8753598506,0.02247258183
144,0.8,0.2,0.2855993321,1937.5,0.8752672957,0.02248145691
144,0.8,0.2,0.2855993321,1940,0.8751670006,0.02248846278
144,0.8,0.2,0.2855993321,1942.5,0.875064591,0.02249302686
144,0.8,0.2,0.2855993321,1945,0.8749700752,0.022494016
144,0.8,0.2,0.2855993321,1947.5,0.8748762064,0.0224944786
144,0.8,0.2,0.2855993321,1950,0.8747950379,0.0224969806
144,0.8,0.2,0.2855993321,1952.5,0.874707657,0.02249963769
144,0.8,0.2,0.2855993321,1955,0.8746102469,0.0225089447
144,0.8,0.2,0.2855993321,1957.5,0.8745156311,0.02251820376
144,0.8,0.2,0.2855993321,1960,0.8744279151,0.02251719748
144,0.8,0.2,0.2855993321,1962.5,0.8743344165,0.02251705742
144,0.8,0.2,0.2855993321,1965,0.8742312585,0.02251356272
144,0.8,0.2,0.2855993321,1967.5,0.8741258572,0.0225128051
144,0.8,0.2,0.2855993321,1970,0.8740144164,0.02251118366
144,0.8,0.2,0.2855993321,1972.5,0.8739081821,0.02251336968
144,0.8,0.2,0.2855993321,1975,0.8738123551,0.022511534
144,0.8,0.2,0.2855993321,1977.5,0.8737195328,0.02250152438
144,0.8,0.2,0.2855993321,1980,0.8736251326,0.02249504147
144,0.8,0.2,0.2855993321,1982.5,0.8735317156,0.02249077126
144,0.8,0.2,0.2855993321,1985,0.8734294809,0.02249027404
144,0.8,0.2,0.2855993321,1987.5,0.8733264342,0.02249152404
144,0.8,0.2,0.2855993321,1990,0.8732374287,0.02248715969
144,0.8,0.2,0.2855993321,1992.5,0.8731477968,0.02248355188
144,0.8,0.2,0.2855993321,1995,0.8730613999,0.02248303351
144,0.8,0.2,0.2855993321,1997.5,0.8729675555,0.02248475109
144,0.8,0.2,0.2855993321,2000,0.872878194,0.02248399239
144,0.8,0.2,0.2855993321,2002.5,0.8727801537,0.02248811144
144,0.8,0.2,0.2855993321,2005,0.8726760417,0.02249211303
144,0.8,0.2,0.2855993321,2007.5,0.8725635596,0.02249347218
144,0.8,0.2,0.2855993321,2010,0.8724545688,0.02249282116
144,0.8,0.2,0.2855993321,2012.5,0.872337997,0.02250223648
144,0.8,0.2,0.2855993321,2015,0.8722100967,0.02251224943
144,0.8,0.2,0.2855993321,2017.5,0.8720866517,0.02251946466
144,0.8,0.2,0.2855993321,2020,0.8719586783,0.02253310044
144,0.8,0.2,0.2855993321,2022.5,0.8718332633,0.02254431455
144,0.8,0.2,0.2855993321,2025,0.8717068519,0.02254941431
144,0.8,0.2,0.2855993321,2027.5,0.8715821673,0.02255434704
144,0.8,0.2,0.2855993321,2030,0.8714600035,0.0225564602
144,0.8,0.2,0.2855993321,2032.5,0.8713351484,0.02256002501
144,0.8,0.2,0.2855993321,2035,0.8712146624,0.0225628501
144,0.8,0.2,0.2855993321,2037.5,0.8710968667,0.02256084313
144,0.8,0.2,0.2855993321,2040,0.8709896203,0.02255999499
144,0.8,0.2,0.2855993321,2042.5,0.8708812187,0.02255438451
144,0.8,0.2,0.2855993321,2045,0.8707775754,0.02254954993
144,0.8,0.2,0.2855993321,2047.5,0.8706851626,0.02254371227
144,0.8,0.2,0.2855993321,2050,0.8705876557,0.02254043732
144,0.8,0.2,0.2855993321,2052.5,0.8704931271,0.0225424914
144,0.8,0.2,0.2855993321,2055,0.8704076922,0.02253818049
144,0.8,0.2,0.2855993321,2057.5,0.8703146157,0.02253361626
144,0.8,0.2,0.2855993321,2060,0.870222988,0.02253004599
144,0.8,0.2,0.2855993321,2062.5,0.8701324547,0.02252396189
144,0.8,0.2,0.2855993321,2065,0.8700350498,0.0225151929
144,0.8,0.2,0.2855993321,2067.5,0.8699345366,0.02251072907
144,0.8,0.2,0.2855993321,2070,0.869821407,0.02251174895
144,0.8,0.2,0.2855993321,2072.5,0.869713789,0.02251575979
144,0.8,0.2,0.2855993321,2075,0.8696047865,0.02252117418
144,0.8,0.2,0.2855993321,2077.5,0.8694893084,0.02252637558
144,0.8,0.2,0.2855993321,2080,0.8693813816,0.0225352674
144,0.8,0.2,0.2855993321,2082.5,0.8692602341,0.02254396384
144,0.8,0.2,0.2855993321,2085,0.8691334144,0.02255185166
144,0.8,0.2,0.2855993321,2087.5,0.8690115347,0.02255809889
144,0.8,0.2,0.2855993321,2090,0.868899874,0.02255662239
144,0.8,0.2,0.2855993321,2092.5,0.8687945656,0.02255330214
144,0.8,0.2,0.2855993321,2095,0.8686869957,0.0225512917
144,0.8,0.2,0.2855993321,2097.5,0.8685662627,0.02255019921
144,0.8,0.2,0.2855993321,2100,0.8684467089,0.02255106271
144,0.8,0.2,0.2855993321,2102.5,0.8683253199,0.02254899287
144,0.8,0.2,0.2855993321,2105,0.8682009864,0.02255281216
144,0.8,0.2,0.2855993321,2107.5,0.8680869806,0.02255119619
144,0.8,0.2,0.2855993321,2110,0.8679681127,0.02255040062
144,0.8,0.2,0.2855993321,2112.5,0.8678609855,0.0225436542
144,0.8,0.2,0.2855993321,2115,0.8677518532,0.02253452498
144,0.8,0.2,0.2855993321,2117.5,0.8676491253,0.02252813424
144,0.8,0.2,0.2855993321,2120,0.8675472078,0.02251661497
144,0.8,0.2,0.2855993321,2122.5,0.8674526094,0.02250106901
144,0.8,0.2,0.2855993321,2125,0.8673452812,0.0224892082
144,0.8,0.2,0.2855993321,2127.5,0.8672331554,0.02248561681
144,0.8,0.2,0.2855993321,2130,0.8671191735,0.02248316517
144,0.8,0.2,0.2855993321,2132.5,0.8670089992,0.0224752333
144,0.8,0.2,0.2855993321,2135,0.8669192629,0.02246567252
144,0.8,0.2,0.2855993321,2137.5,0.8668103424,0.02245750806
144,0.8,0.2,0.2855993321,2140,0.8666961013,0.02245134346
144,0.8,0.2,0.2855993321,2142.5,0.8665927765,0.02243807051
144,0.8,0.2,0.2855993321,2145,0.8664858777,0.02243260901
144,0.8,0.2,0.2855993321,2147.5,0.8663764243,0.02242979984
144,0.8,0.2,0.2855993321,2150,0.8662620371,0.02242655483
144,0.8,0.2,0.2855993321,2152.5,0.8661463671,0.02241576068
144,0.8,0.2,0.2855993321,2155,0.866037196,0.02241449125
144,0.8,0.2,0.2855993321,2157.5,0.8659219529,0.02241082547
144,0.8,0.2,0.2855993321,2160,0.865809718,0.02240555677
144,0.8,0.2,0.2855993321,2162.5,0.8656999766,0.02239329404
144,0.8,0.2,0.2855993321,2165,0.8655842448,0.02238032003
144,0.8,0.2,0.2855993321,2167.5,0.865459291,0.02236791663
144,0.8,0.2,0.2855993321,2170,0.8653359464,0.02235664689
144,0.8,0.2,0.2855993321,2172.5,0.865211384,0.02234725704
144,0.8,0.2,0.2855993321,2175,0.8650971963,0.02233290061
144,0.8,0.2,0.2855993321,2177.5,0.8649771003,0.02231740033
144,0.8,0.2,0.2855993321,2180,0.8648546768,0.02230316133
144,0.8,0.2,0.2855993321,2182.5,0.8647299386,0.02228440994
144,0.8,0.2,0.2855993321,2185,0.8646005824,0.02226933125
144,0.8,0.2,0.2855993321,2187.5,0.8644670565,0.02225222408
144,0.8,0.2,0.2855993321,2190,0.8643257353,0.02223667702
144,0.8,0.2,0.2855993321,2192.5,0.8641918673,0.0222153707
144,0.8,0.2,0.2855993321,2195,0.8640647222,0.02219205366
144,0.8,0.2,0.2855993321,2197.5,0.8639475153,0.02217483515
144,0.8,0.2,0.2855993321,2200,0.8638341879,0.02215529261
144,0.8,0.2,0.2855993321,2202.5,0.8637198351,0.02213405055
144,0.8,0.2,0.2855993321,2205,0.8636108071,0.02211332283
144,0.8,0.2,0.2855993321,2207.5,0.8634847554,0.02209828617
144,0.8,0.2,0.2855993321,2210,0.8633601673,0.02207962073
144,0.8,0.2,0.2855993321,2212.5,0.8632424811,0.02206641658
144,0.8,0.2,0.2855993321,2215,0.8631312076,0.02205077684
144,0.8,0.2,0.2855993321,2217.5,0.8630320068,0.0220319989
144,0.8,0.2,0.2855993321,2220,0.8629277744,0.02201258221
144,0.8,0.2,0.2855993321,2222.5,0.8628225622,0.02199631961
144,0.8,0.2,0.2855993321,2225,0.8627305248,0.02197743615
144,0.8,0.2,0.2855993321,2227.5,0.8626342835,0.02196374616
144,0.8,0.2,0.2855993321,2230,0.8625549547,0.02194854166
144,0.8,0.2,0.2855993321,2232.5,0.862471203,0.02193211848
144,0.8,0.2,0.2855993321,2235,0.862394347,0.02190673316
144,0.8,0.2,0.2855993321,2237.5,0.8623120411,0.02188174144
144,0.8,0.2,0.2855993321,2240,0.8622270481,0.02186091641
144,0.8,0.2,0.2855993321,2242.5,0.8621292203,0.02184526077
144,0.8,0.2,0.2855993321,2245,0.862038454,0.02183050183
144,0.8,0.2,0.2855993321,2247.5,0.8619580908,0.0218110121
144,0.8,0.2,0.2855993321,2250,0.8618894207,0.02180131161
144,0.8,0.2,0.2855993321,2252.5,0.8618029323,0.02179597339
144,0.8,0.2,0.2855993321,2255,0.8617162433,0.02178769812
144,0.8,0.2,0.2855993321,2257.5,0.8616331879,0.02178682868
144,0.8,0.2,0.2855993321,2260,0.8615563116,0.02178810144
144,0.8,0.2,0.2855993321,2262.5,0.8614720703,0.02178596634
144,0.8,0.2,0.2855993321,2265,0.8613755646,0.02179016928
144,0.8,0.2,0.2855993321,2267.5,0.8612931155,0.02179005339
144,0.8,0.2,0.2855993321,2270,0.8612088777,0.02178983479
144,0.8,0.2,0.2855993321,2272.5,0.8611288305,0.02178739081
144,0.8,0.2,0.2855993321,2275,0.861033311,0.02178105396
144,0.8,0.2,0.2855993321,2277.5,0.8609317955,0.02178005382
144,0.8,0.2,0.2855993321,2280,0.8608149133,0.02177717568
144,0.8,0.2,0.2855993321,2282.5,0.8606892812,0.0217634795
144,0.8,0.2,0.2855993321,2285,0.8605803594,0.02174561299
144,0.8,0.2,0.2855993321,2287.5,0.8604836579,0.02172267466
144,0.8,0.2,0.2855993321,2290,0.860385949,0.0217035856
144,0.8,0.2,0.2855993321,2292.5,0.8602889195,0.02168563256
144,0.8,0.2,0.2855993321,2295,0.8601815343,0.02166844428
144,0.8,0.2,0.2855993321,2297.5,0.8600703865,0.02165576999
144,0.8,0.2,0.2855993321,2300,0.8599536924,0.02164589935
144,0.8,0.2,0.2855993321,2302.5,0.8598398367,0.02163703609
144,0.8,0.2,0.2855993321,2305,0.8597269232,0.02162884264
144,0.8,0.2,0.2855993321,2307.5,0.859614528,0.02162606569
144,0.8,0.2,0.2855993321,2310,0.859506754,0.02162612089
144,0.8,0.2,0.2855993321,2312.5,0.8593903397,0.0216252612
144,0.8,0.2,0.2855993321,2315,0.8592573994,0.02162606332
144,0.8,0.2,0.2855993321,2317.5,0.8591132072,0.02162369973
144,0.8,0.2,0.2855993321,2320,0.858985262,0.02162257314
144,0.8,0.2,0.2855993321,2322.5,0.8588528505,0.02161589277
144,0.8,0.2,0.2855993321,2325,0.8587158998,0.02161729175
144,0.8,0.2,0.2855993321,2327.5,0.8585696178,0.02161863054
144,0.8,0.2,0.2855993321,2330,0.8584367073,0.02161678372
144,0.8,0.2,0.2855993321,2332.5,0.8582922544,0.02161621916
144,0.8,0.2,0.2855993321,2335,0.8581490826,0.02161686931
144,0.8,0.2,0.2855993321,2337.5,0.8580017532,0.02161514725
144,0.8,0.2,0.2855993321,2340,0.8578496904,0.0216143302
144,0.8,0.2,0.2855993321,2342.5,0.857699466,0.02161630495
144,0.8,0.2,0.2855993321,2345,0.8575400169,0.02162895166
144,0.8,0.2,0.2855993321,2347.5,0.8573908611,0.02164836463
144,0.8,0.2,0.2855993321,2350,0.8572342541,0.02166663451
144,0.8,0.2,0.2855993321,2352.5,0.8570822735,0.02168313812
144,0.8,0.2,0.2855993321,2355,0.8569437437,0.02169033199
144,0.8,0.2,0.2855993321,2357.5,0.8567999751,0.02169724732
144,0.8,0.2,0.2855993321,2360,0.8566407623,0.0217079998
144,0.8,0.2,0.2855993321,2362.5,0.856483448,0.02171810207
144,0.8,0.2,0.2855993321,2365,0.8563433708,0.02173186898
144,0.8,0.2,0.2855993321,2367.5,0.8562062705,0.02174316521
144,0.8,0.2,0.2855993321,2370,0.856067109,0.02175325027
144,0.8,0.2,0.2855993321,2372.5,0.8559253346,0.02176453923
144,0.8,0.2,0.2855993321,2375,0.8557759888,0.02177741242
144,0.8,0.2,0.2855993321,2377.5,0.8556343462,0.02179037377
144,0.8,0.2,0.2855993321,2380,0.8554881584,0.02180848975
144,0.8,0.2,0.2855993321,2382.5,0.8553402664,0.0218234365
144,0.8,0.2,0.2855993321,2385,0.8551841138,0.02183947729
144,0.8,0.2,0.2855993321,2387.5,0.8550302612,0.02185740487
144,0.8,0.2,0.2855993321,2390,0.854873605,0.02187722654
144,0.8,0.2,0.2855993321,2392.5,0.8547297936,0.02189166171
144,0.8,0.2,0.2855993321,2395,0.8545769908,0.02190503263
144,0.8,0.2,0.2855993321,2397.5,0.8544182286,0.0219204163
144,0.8,0.2,0.2855993321,2400,0.8542775934,0.02193365412
144,0.8,0.2,0.2855993321,2402.5,0.8541262964,0.02194438926
144,0.8,0.2,0.2855993321,2405,0.8539698757,0.02196241289
144,0.8,0.2,0.2855993321,2407.5,0.8538022975,0.02197834136
144,0.8,0.2,0.2855993321,2410,0.8536381683,0.02199665321
144,0.8,0.2,0.2855993321,2412.5,0.853483474,0.02202097554
144,0.8,0.2,0.2855993321,2415,0.8533237226,0.02204392688
144,0.8,0.2,0.2855993321,2417.5,0.8531817252,0.02206123909
144,0.8,0.2,0.2855993321,2420,0.8530372795,0.02207798392
144,0.8,0.2,0.2855993321,2422.5,0.852887022,0.02210668456
144,0.8,0.2,0.2855993321,2425,0.8527325922,0.0221389186
144,0.8,0.2,0.2855993321,2427.5,0.8525823434,0.02216713182
144,0.8,0.2,0.2855993321,2430,0.8524341792,0.0221914278
144,0.8,0.2,0.2855993321,2432.5,0.8522710472,0.02221443331
144,0.8,0.2,0.2855993321,2435,0.8521130138,0.02223528224
144,0.8,0.2,0.2855993321,2437.5,0.8519551156,0.02225689571
144,0.8,0.2,0.2855993321,2440,0.8518047053,0.02227303634
144,0.8,0.2,0.2855993321,2442.5,0.8516560888,0.02229222537
144,0.8,0.2,0.2855993321,2445,0.8515013946,0.0223055172
144,0.8,0.2,0.2855993321,2447.5,0.851349286,0.02232195568
144,0.8,0.2,0.2855993321,2450,0.8511919437,0.02233788639
144,0.8,0.2,0.2855993321,2452.5,0.8510339105,0.02235983903
144,0.8,0.2,0.2855993321,2455,0.8508977074,0.02237815067
144,0.8,0.2,0.2855993321,2457.5,0.8507555553,0.02239209799
144,0.8,0.2,0.2855993321,2460,0.8506049449,0.02240851529
144,0.8,0.2,0.2855993321,2462.5,0.8504532417,0.02242509278
144,0.8,0.2,0.2855993321,2465,0.8502899712,0.02244180827
144,0.8,0.2,0.2855993321,2467.5,0.8501421127,0.02245331337
144,0.8,0.2,0.2855993321,2470,0.8500059031,0.02246527676
144,0.8,0.2,0.2855993321,2472.5,0.8498607434,0.02247940552
144,0.8,0.2,0.2855993321,2475,0.849706664,0.02249333991
144,0.8,0.2,0.2855993321,2477.5,0.8495380646,0.02251022516
144,0.8,0.2,0.2855993321,2480,0.8493658051,0.02253235489
144,0.8,0.2,0.2855993321,2482.5,0.8491996145,0.02255246439
144,0.8,0.2,0.2855993321,2485,0.8490246751,0.02257073814
144,0.8,0.2,0.2855993321,2487.5,0.8488600629,0.02258948436
144,0.8,0.2,0.2855993321,2490,0.8486825633,0.02260450349
144,0.8,0.2,0.2855993321,2492.5,0.848496371,0.02261956689
144,0.8,0.2,0.2855993321,2495,0.8483231767,0.02263577704
144,0.8,0.2,0.2855993321,2497.5,0.8481392104,0.02265293426
144,0.8,0.2,0.2855993321,2500,0.8479466234,0.02266817059
144,0.8,0.2,0.2855993321,2502.5,0.8477485905,0.02268686413
144,0.8,0.2,0.2855993321,2505,0.847555555,0.02270522893
144,0.8,0.2,0.2855993321,2507.5,0.8473559201,0.02272161273
144,0.8,0.2,0.2855993321,2510,0.8471602549,0.02274303362
144,0.8,0.2,0.2855993321,2512.5,0.8469674971,0.02276687188
144,0.8,0.2,0.2855993321,2515,0.846784936,0.02278524859
144,0.8,0.2,0.2855993321,2517.5,0.846609848,0.0228034534
144,0.8,0.2,0.2855993321,2520,0.8464226364,0.022822353
144,0.8,0.2,0.2855993321,2522.5,0.8462343998,0.02283323533
144,0.8,0.2,0.2855993321,2525,0.8460424438,0.02285066407
144,0.8,0.2,0.2855993321,2527.5,0.845844505,0.02287679507
144,0.8,0.2,0.2855993321,2530,0.8456565728,0.02290275244
144,0.8,0.2,0.2855993321,2532.5,0.8454662895,0.02292947666
144,0.8,0.2,0.2855993321,2535,0.84527652,0.02296004263
144,0.8,0.2,0.2855993321,2537.5,0.8450841234,0.02298594369
144,0.8,0.2,0.2855993321,2540,0.8448847295,0.02301235119
144,0.8,0.2,0.2855993321,2542.5,0.8446952062,0.02303640317
144,0.8,0.2,0.2855993321,2545,0.8445053063,0.02306280304
144,0.8,0.2,0.2855993321,2547.5,0.8443028416,0.02309581656
144,0.8,0.2,0.2855993321,2550,0.844098138,0.02312726725
144,0.8,0.2,0.2855993321,2552.5,0.8438918798,0.02316109731
144,0.8,0.2,0.2855993321,2555,0.8436850074,0.0231945803
144,0.8,0.2,0.2855993321,2557.5,0.8434765303,0.02323021038
144,0.8,0.2,0.2855993321,2560,0.843263427,0.02326518946
144,0.8,0.2,0.2855993321,2562.5,0.8430621166,0.02329626665
144,0.8,0.2,0.2855993321,2565,0.8428630456,0.02332877207
144,0.8,0.2,0.2855993321,2567.5,0.8426810174,0.02336208652
144,0.8,0.2,0.2855993321,2570,0.842498528,0.02339944139
144,0.8,0.2,0.2855993321,2572.5,0.8423185092,0.02343420814
144,0.8,0.2,0.2855993321,2575,0.8421447153,0.02347637187
144,0.8,0.2,0.2855993321,2577.5,0.8419732927,0.02351773104
144,0.8,0.2,0.2855993321,2580,0.8418030857,0.02354969921
144,0.8,0.2,0.2855993321,2582.5,0.841623962,0.02358537442
144,0.8,0.2,0.2855993321,2585,0.8414421455,0.02361861547
144,0.8,0.2,0.2855993321,2587.5,0.8412573619,0.02365398342
144,0.8,0.2,0.2855993321,2590,0.841072612,0.02368546548
144,0.8,0.2,0.2855993321,2592.5,0.8408917885,0.02371740206
144,0.8,0.2,0.2855993321,2595,0.8407024974,0.02374777751
144,0.8,0.2,0.2855993321,2597.5,0.8405112701,0.02377746913
144,0.8,0.2,0.2855993321,2600,0.8403169044,0.02381051959
144,0.8,0.2,0.2855993321,2602.5,0.8401204108,0.02383993421
144,0.8,0.2,0.2855993321,2605,0.8399319638,0.02387543285
144,0.8,0.2,0.2855993321,2607.5,0.8397496687,0.02391073343
144,0.8,0.2,0.2855993321,2610,0.8395766298,0.02394568936
144,0.8,0.2,0.2855993321,2612.5,0.8394017052,0.0239814729
144,0.8,0.2,0.2855993321,2615,0.8392331909,0.02401500738
144,0.8,0.2,0.2855993321,2617.5,0.8390555138,0.02404758861
144,0.8,0.2,0.2855993321,2620,0.8388749425,0.02407964164
144,0.8,0.2,0.2855993321,2622.5,0.838693409,0.02411477912
144,0.8,0.2,0.2855993321,2625,0.8385034669,0.02415409182
144,0.8,0.2,0.2855993321,2627.5,0.8383010605,0.02419853482
144,0.8,0.2,0.2855993321,2630,0.8381055589,0.0242407568
144,0.8,0.2,0.2855993321,2632.5,0.8379084161,0.02428370774
144,0.8,0.2,0.2855993321,2635,0.8377121606,0.02432228855
144,0.8,0.2,0.2855993321,2637.5,0.8375155678,0.02435691556
144,0.8,0.2,0.2855993321,2640,0.8373141682,0.02439346072
144,0.8,0.2,0.2855993321,2642.5,0.8371194812,0.02442839774
144,0.8,0.2,0.2855993321,2645,0.8369249274,0.02447093928
144,0.8,0.2,0.2855993321,2647.5,0.836716007,0.02450491891
144,0.8,0.2,0.2855993321,2650,0.836507086,0.02453560194
144,0.8,0.2,0.2855993321,2652.5,0.8363032881,0.02456893223
144,0.8,0.2,0.2855993321,2655,0.836103189,0.02459672999
144,0.8,0.2,0.2855993321,2657.5,0.8358924108,0.02462429839
144,0.8,0.2,0.2855993321,2660,0.8356874817,0.02464761737
144,0.8,0.2,0.2855993321,2662.5,0.8354871191,0.02467569997
144,0.8,0.2,0.2855993321,2665,0.835284529,0.02469929366
144,0.8,0.2,0.2855993321,2667.5,0.8350791622,0.02471426028
144,0.8,0.2,0.2855993321,2670,0.8348656746,0.02473666147
144,0.8,0.2,0.2855993321,2672.5,0.8346405482,0.02476267276
144,0.8,0.2,0.2855993321,2675,0.8344257195,0.02479078643
144,0.8,0.2,0.2855993321,2677.5,0.83420131,0.02482160535
144,0.8,0.2,0.2855993321,2680,0.833985465,0.02485421876
144,0.8,0.2,0.2855993321,2682.5,0.8337730935,0.02487609938
144,0.8,0.2,0.2855993321,2685,0.8335593506,0.02490385005
144,0.8,0.2,0.2855993321,2687.5,0.8333395238,0.02493219583
144,0.8,0.2,0.2855993321,2690,0.8331207119,0.02496193416
144,0.8,0.2,0.2855993321,2692.5,0.8329053557,0.02498988082
144,0.8,0.2,0.2855993321,2695,0.832677241,0.02502536815
144,0.8,0.2,0.2855993321,2697.5,0.832460755,0.02505493942
144,0.8,0.2,0.2855993321,2700,0.8322632532,0.02508932152
144,0.8,0.2,0.2855993321,2702.5,0.8320636479,0.02512188045
144,0.8,0.2,0.2855993321,2705,0.831857296,0.02515363323
144,0.8,0.2,0.2855993321,2707.5,0.8316490304,0.02518964828
144,0.8,0.2,0.2855993321,2710,0.8314420903,0.02522595364
144,0.8,0.2,0.2855993321,2712.5,0.831230051,0.02525455457
144,0.8,0.2,0.2855993321,2715,0.8310175976,0.02528362756
144,0.8,0.2,0.2855993321,2717.5,0.8308073749,0.02530388454
144,0.8,0.2,0.2855993321,2720,0.8306019527,0.02532371294
144,0.8,0.2,0.2855993321,2722.5,0.8303952032,0.02535593704
144,0.8,0.2,0.2855993321,2725,0.8301916759,0.02538984459
144,0.8,0.2,0.2855993321,2727.5,0.829986092,0.02542180124
144,0.8,0.2,0.2855993321,2730,0.8297757054,0.0254544817
144,0.8,0.2,0.2855993321,2732.5,0.8295700955,0.02548056074
144,0.8,0.2,0.2855993321,2735,0.8293381028,0.02551158608
144,0.8,0.2,0.2855993321,2737.5,0.8291045518,0.02554475029
144,0.8,0.2,0.2855993321,2740,0.8288747957,0.02558429419
144,0.8,0.2,0.2855993321,2742.5,0.828644591,0.0256158836
144,0.8,0.2,0.2855993321,2745,0.8284082823,0.02565186344
144,0.8,0.2,0.2855993321,2747.5,0.8281626118,0.02568229136
144,0.8,0.2,0.2855993321,2750,0.8279117497,0.02571800279
144,0.8,0.2,0.2855993321,2752.5,0.827659655,0.02575480747
144,0.8,0.2,0.2855993321,2755,0.827411963,0.025798445
144,0.8,0.2,0.2855993321,2757.5,0.8271722664,0.025844575
144,0.8,0.2,0.2855993321,2760,0.8269262917,0.02589821464
144,0.8,0.2,0.2855993321,2762.5,0.8266844104,0.02594818499
144,0.8,0.2,0.2855993321,2765,0.8264432185,0.02599553907
144,0.8,0.2,0.2855993321,2767.5,0.8262107978,0.02604197794
144,0.8,0.2,0.2855993321,2770,0.8259735771,0.02608991182
144,0.8,0.2,0.2855993321,2772.5,0.8257499495,0.02613483694
144,0.8,0.2,0.2855993321,2775,0.8255241344,0.02618276896
144,0.8,0.2,0.2855993321,2777.5,0.8252940954,0.02623650684
144,0.8,0.2,0.2855993321,2780,0.8250634718,0.02628052831
144,0.8,0.2,0.2855993321,2782.5,0.824848671,0.02631519163
144,0.8,0.2,0.2855993321,2785,0.8246515673,0.02635438591
144,0.8,0.2,0.2855993321,2787.5,0.8244463289,0.0263929984
144,0.8,0.2,0.2855993321,2790,0.824239807,0.02642737405
144,0.8,0.2,0.2855993321,2792.5,0.8240416206,0.02646230481
144,0.8,0.2,0.2855993321,2795,0.8238488136,0.02649564577
144,0.8,0.2,0.2855993321,2797.5,0.8236475759,0.02653413272
144,0.8,0.2,0.2855993321,2800,0.8234442443,0.0265764059
144,0.8,0.2,0.2855993321,2802.5,0.8232329409,0.02662446763
144,0.8,0.2,0.2855993321,2805,0.8230302741,0.02667197433
144,0.8,0.2,0.2855993321,2807.5,0.8228372823,0.0267177027
144,0.8,0.2,0.2855993321,2810,0.8226378368,0.02676152526
144,0.8,0.2,0.2855993321,2812.5,0.8224390885,0.02680455079
144,0.8,0.2,0.2855993321,2815,0.8222269384,0.02684892824
144,0.8,0.2,0.2855993321,2817.5,0.8220120991,0.02689988589
144,0.8,0.2,0.2855993321,2820,0.8218191419,0.02695296963
144,0.8,0.2,0.2855993321,2822.5,0.8216228035,0.02700595437
144,0.8,0.2,0.2855993321,2825,0.8214331427,0.02706440142
144,0.8,0.2,0.2855993321,2827.5,0.821245253,0.02711331802
144,0.8,0.2,0.2855993321,2830,0.8210621957,0.02716342051
144,0.8,0.2,0.2855993321,2832.5,0.8208810664,0.02721291909
144,0.8,0.2,0.2855993321,2835,0.8206836814,0.027267704
144,0.8,0.2,0.2855993321,2837.5,0.8204753039,0.02732596705
144,0.8,0.2,0.2855993321,2840,0.820273567,0.02737451696
144,0.8,0.2,0.2855993321,2842.5,0.8200742243,0.02742117544
144,0.8,0.2,0.2855993321,2845,0.8198907975,0.02746959483
144,0.8,0.2,0.2855993321,2847.5,0.8197065653,0.02752308162
144,0.8,0.2,0.2855993321,2850,0.8195173918,0.02758256575
144,0.8,0.2,0.2855993321,2852.5,0.8193352719,0.0276375166
144,0.8,0.2,0.2855993321,2855,0.8191451981,0.0276914578
144,0.8,0.2,0.2855993321,2857.5,0.8189431038,0.0277433853
144,0.8,0.2,0.2855993321,2860,0.8187525979,0.02779287673
144,0.8,0.2,0.2855993321,2862.5,0.8185532045,0.0278430317
144,0.8,0.2,0.2855993321,2865,0.8183650323,0.02789371029
144,0.8,0.2,0.2855993321,2867.5,0.8181813757,0.02794165494
144,0.8,0.2,0.2855993321,2870,0.8179980476,0.02798686471
144,0.8,0.2,0.2855993321,2872.5,0.817803791,0.02804564609
144,0.8,0.2,0.2855993321,2875,0.8176254484,0.02809585574
144,0.8,0.2,0.2855993321,2877.5,0.8174478464,0.02814255613
144,0.8,0.2,0.2855993321,2880,0.8172828493,0.02818324242
144,0.8,0.2,0.2855993321,2882.5,0.8171227248,0.02823119893
144,0.8,0.2,0.2855993321,2885,0.816956422,0.02828084961
144,0.8,0.2,0.2855993321,2887.5,0.8167884511,0.0283291773
144,0.8,0.2,0.2855993321,2890,0.8166243694,0.02837785433
144,0.8,0.2,0.2855993321,2892.5,0.8164592617,0.02842555771
144,0.8,0.2,0.2855993321,2895,0.8162900154,0.02847385886
144,0.8,0.2,0.2855993321,2897.5,0.8161268298,0.02852696305
144,0.8,0.2,0.2855993321,2900,0.8159420488,0.02857596231
144,0.8,0.2,0.2855993321,2902.5,0.8157516216,0.0286250998
144,0.8,0.2,0.2855993321,2905,0.8155681872,0.02866928261
144,0.8,0.2,0.2855993321,2907.5,0.8153948098,0.02871898786
144,0.8,0.2,0.2855993321,2910,0.8152067548,0.02877442913
144,0.8,0.2,0.2855993321,2912.5,0.8150413501,0.02882580921
144,0.8,0.2,0.2855993321,2915,0.8148673209,0.02887847021
144,0.8,0.2,0.2855993321,2917.5,0.8146898375,0.02893418194
144,0.8,0.2,0.2855993321,2920,0.8145155098,0.02899051853
144,0.8,0.2,0.2855993321,2922.5,0.8143332226,0.0290446459
144,0.8,0.2,0.2855993321,2925,0.8141486831,0.02909632816
144,0.8,0.2,0.2855993321,2927.5,0.8139598422,0.02915922968
144,0.8,0.2,0.2855993321,2930,0.8137788063,0.02921244131
144,0.8,0.2,0.2855993321,2932.5,0.8135967035,0.02926603392
144,0.8,0.2,0.2855993321,2935,0.8134284508,0.02931157103
144,0.8,0.2,0.2855993321,2937.5,0.8132644655,0.02935773179
144,0.8,0.2,0.2855993321,2940,0.8131096782,0.02940646485
144,0.8,0.2,0.2855993321,2942.5,0.8129512846,0.02945428661
144,0.8,0.2,0.2855993321,2945,0.8127777794,0.02950502381
144,0.8,0.2,0.2855993321,2947.5,0.8126150162,0.02955170481
144,0.8,0.2,0.2855993321,2950,0.8124563872,0.02959976096
144,0.8,0.2,0.2855993321,2952.5,0.8122826819,0.02964942717
144,0.8,0.2,0.2855993321,2955,0.812114435,0.02969786843
144,0.8,0.2,0.2855993321,2957.5,0.8119393441,0.0297442101
144,0.8,0.2,0.2855993321,2960,0.8117645472,0.02978716225
144,0.8,0.2,0.2855993321,2962.5,0.8115887799,0.02983062684
144,0.8,0.2,0.2855993321,2965,0.8114200851,0.02987762439
144,0.8,0.2,0.2855993321,2967.5,0.8112512774,0.02993018259
144,0.8,0.2,0.2855993321,2970,0.8110765082,0.02998309634
144,0.8,0.2,0.2855993321,2972.5,0.8109074163,0.03003578245
144,0.8,0.2,0.2855993321,2975,0.8107322917,0.03008379278
144,0.8,0.2,0.2855993321,2977.5,0.8105513709,0.03013567901
144,0.8,0.2,0.2855993321,2980,0.8103716205,0.03019370977
144,0.8,0.2,0.2855993321,2982.5,0.8101784767,0.03025007379
144,0.8,0.2,0.2855993321,2985,0.8099877212,0.03030424378
144,0.8,0.2,0.2855993321,2987.5,0.8098015627,0.03036092197
144,0.8,0.2,0.2855993321,2990,0.8095981332,0.03042126609
144,0.8,0.2,0.2855993321,2992.5,0.8093901854,0.03049023077
144,0.8,0.2,0.2855993321,2995,0.8091830366,0.03055720642
144,0.8,0.2,0.2855993321,2997.5,0.8089752768,0.03062178494
144,0.8,0.2,0.2855993321,3000,0.8087572524,0.03068302272
144,0.8,0.2,0.2855993321,3002.5,0.8085445619,0.03074875245
144,0.8,0.2,0.2855993321,3005,0.8083353463,0.03081629105
144,0.8,0.2,0.2855993321,3007.5,0.8081204568,0.03088750128
144,0.8,0.2,0.2855993321,3010,0.8079115476,0.03095129689
144,0.8,0.2,0.2855993321,3012.5,0.8077080211,0.03101609363
144,0.8,0.2,0.2855993321,3015,0.8075047836,0.03107934647
144,0.8,0.2,0.2855993321,3017.5,0.80731198,0.03114076336
144,0.8,0.2,0.2855993321,3020,0.8071346599,0.03120375394
144,0.8,0.2,0.2855993321,3022.5,0.8069402379,0.03126163215
144,0.8,0.2,0.2855993321,3025,0.8067404066,0.03132611976
144,0.8,0.2,0.2855993321,3027.5,0.8065382329,0.03139993144
144,0.8,0.2,0.2855993321,3030,0.8063295833,0.03147434148
144,0.8,0.2,0.2855993321,3032.5,0.8061146796,0.0315506083
144,0.8,0.2,0.2855993321,3035,0.805908083,0.03162598832
144,0.8,0.2,0.2855993321,3037.5,0.8056847044,0.03170099662
144,0.8,0.2,0.2855993321,3040,0.8054703313,0.03177143813
144,0.8,0.2,0.2855993321,3042.5,0.8052713094,0.03183379236
144,0.8,0.2,0.2855993321,3045,0.8050743795,0.03189376032
144,0.8,0.2,0.2855993321,3047.5,0.8048768958,0.03194919008
144,0.8,0.2,0.2855993321,3050,0.804683629,0.03200537785
144,0.8,0.2,0.2855993321,3052.5,0.8044915877,0.03206653571
144,0.8,0.2,0.2855993321,3055,0.8042908003,0.032121604
144,0.8,0.2,0.2855993321,3057.5,0.8040855009,0.03218580377
144,0.8,0.2,0.2855993321,3060,0.8038751715,0.03225272431
144,0.8,0.2,0.2855993321,3062.5,0.8036858912,0.03231597183
144,0.8,0.2,0.2855993321,3065,0.8034950332,0.03237669538
144,0.8,0.2,0.2855993321,3067.5,0.8033007422,0.03243962652
144,0.8,0.2,0.2855993321,3070,0.8031104312,0.03250376392
144,0.8,0.2,0.2855993321,3072.5,0.8029165999,0.03256505072
144,0.8,0.2,0.2855993321,3075,0.8027021654,0.03262735246
144,0.8,0.2,0.2855993321,3077.5,0.8024935771,0.03269604878
144,0.8,0.2,0.2855993321,3080,0.8022966017,0.03276931229
144,0.8,0.2,0.2855993321,3082.5,0.8021038226,0.0328393871
144,0.8,0.2,0.2855993321,3085,0.8019163527,0.03290869376
144,0.8,0.2,0.2855993321,3087.5,0.801729343,0.03297808578
144,0.8,0.2,0.2855993321,3090,0.8015378149,0.03304776811
144,0.8,0.2,0.2855993321,3092.5,0.8013544887,0.03311941785
144,0.8,0.2,0.2855993321,3095,0.8011770794,0.03317923943
144,0.8,0.2,0.2855993321,3097.5,0.8009923604,0.03324458385
144,0.8,0.2,0.2855993321,3100,0.8008127374,0.03330753251
144,0.8,0.2,0.2855993321,3102.5,0.8006369628,0.03337482128
144,0.8,0.2,0.2855993321,3105,0.800466689,0.03344314445
144,0.8,0.2,0.2855993321,3107.5,0.8002937776,0.03351906335
144,0.8,0.2,0.2855993321,3110,0.8001169697,0.03358591277
144,0.8,0.2,0.2855993321,3112.5,0.7999475517,0.03364705351
144,0.8,0.2,0.2855993321,3115,0.7997521074,0.03371421804
144,0.8,0.2,0.2855993321,3117.5,0.7995571659,0.03378197594
144,0.8,0.2,0.2855993321,3120,0.7993475846,0.03385357631
144,0.8,0.2,0.2855993321,3122.5,0.799147642,0.03392907186
144,0.75,0.25,0.2855993321,0,1,0
144,0.75,0.25,0.2855993321,2.5,0.999633617,8.286859573e-06
144,0.75,0.25,0.2855993321,5,0.9992998223,1.59195983e-05
144,0.75,0.25,0.2855993321,7.5,0.9990101837,1.898213724e-05
144,0.75,0.25,0.2855993321,10,0.9987464808,2.538964896e-05
144,0.75,0.25,0.2855993321,12.5,0.9984997776,3.344494796e-05
144,0.75,0.25,0.2855993321,15,0.9982592331,3.862410948e-05
144,0.75,0.25,0.2855993321,17.5,0.9980346117,4.201796967e-05
144,0.75,0.25,0.2855993321,20,0.9978194512,4.249744617e-05
144,0.75,0.25,0.2855993321,22.5,0.9976041202,4.632905716e-05
144,0.75,0.25,0.2855993321,25,0.9973881881,5.208021257e-05
144,0.75,0.25,0.2855993321,27.5,0.9971808744,5.403887539e-05
144,0.75,0.25,0.2855993321,30,0.9969736877,5.772069408e-05
144,0.75,0.25,0.2855993321,32.5,0.9967731773,6.375303579e-05
144,0.75,0.25,0.2855993321,35,0.996575431,7.437993798e-05
144,0.75,0.25,0.2855993321,37.5,0.9963776188,8.668377591e-05
144,0.75,0.25,0.2855993321,40,0.9961845901,0.0001001810744
144,0.75,0.25,0.2855993321,42.5,0.9960006973,0.0001121392025
144,0.75,0.25,0.2855993321,45,0.9958188451,0.0001255202402
144,0.75,0.25,0.2855993321,47.5,0.9956404808,0.0001379202889
144,0.75,0.25,0.2855993321,50,0.99546082,0.0001494434292
144,0.75,0.25,0.2855993321,52.5,0.9952868851,0.0001620777457
144,0.75,0.25,0.2855993321,55,0.9951146405,0.0001781320229
144,0.75,0.25,0.2855993321,57.5,0.9949421686,0.0001941506816
144,0.75,0.25,0.2855993321,60,0.9947768554,0.0002119556344
144,0.75,0.25,0.2855993321,62.5,0.9946153723,0.000227119987
144,0.75,0.25,0.2855993321,65,0.9944568578,0.0002456481202
144,0.75,0.25,0.2855993321,67.5,0.9942947329,0.0002665765238
144,0.75,0.25,0.2855993321,70,0.9941304322,0.0002869676999
144,0.75,0.25,0.2855993321,72.5,0.9939709794,0.0003046457373
144,0.75,0.25,0.2855993321,75,0.993820556,0.0003230230536
144,0.75,0.25,0.2855993321,77.5,0.9936667702,0.0003439009808
144,0.75,0.25,0.2855993321,80,0.9935167077,0.0003647000316
144,0.75,0.25,0.2855993321,82.5,0.9933655533,0.0003828586065
144,0.75,0.25,0.2855993321,85,0.9932086134,0.000400767026
144,0.75,0.25,0.2855993321,87.5,0.9930557735,0.0004231905527
144,0.75,0.25,0.2855993321,90,0.9929060397,0.0004381349216
144,0.75,0.25,0.2855993321,92.5,0.99276305,0.0004550664963
144,0.75,0.25,0.2855993321,95,0.9926233498,0.0004687450023
144,0.75,0.25,0.2855993321,97.5,0.9924818662,0.0004803057422
144,0.75,0.25,0.2855993321,100,0.9923375868,0.0004931149239
144,0.75,0.25,0.2855993321,102.5,0.9921962334,0.000508640964
144,0.75,0.25,0.2855993321,105,0.9920491229,0.0005185411837
144,0.75,0.25,0.2855993321,107.5,0.9919044311,0.0005298373335
144,0.75,0.25,0.2855993321,110,0.9917498325,0.0005439160902
144,0.75,0.25,0.2855993321,112.5,0.9915910262,0.0005570810005
144,0.75,0.25,0.2855993321,115,0.9914347613,0.0005683265597
144,0.75,0.25,0.2855993321,117.5,0.991277301,0.0005760455112
144,0.75,0.25,0.2855993321,120,0.9911177472,0.0005826244494
144,0.75,0.25,0.2855993321,122.5,0.9909540361,0.000587986587
144,0.75,0.25,0.2855993321,125,0.9907945243,0.0005959018017
144,0.75,0.25,0.2855993321,127.5,0.9906413928,0.0006050187951
144,0.75,0.25,0.2855993321,130,0.9904942226,0.0006143375257
144,0.75,0.25,0.2855993321,132.5,0.9903445711,0.000628899491
144,0.75,0.25,0.2855993321,135,0.9901916006,0.0006437023885
144,0.75,0.25,0.2855993321,137.5,0.990038492,0.0006579300065
144,0.75,0.25,0.2855993321,140,0.9898874227,0.0006740005025
144,0.75,0.25,0.2855993321,142.5,0.9897411586,0.0006911836833
144,0.75,0.25,0.2855993321,145,0.9895952099,0.0007079569254
144,0.75,0.25,0.2855993321,147.5,0.9894484266,0.0007214501296
144,0.75,0.25,0.2855993321,150,0.9893022642,0.0007343486642
144,0.75,0.25,0.2855993321,152.5,0.9891658037,0.0007508355837
144,0.75,0.25,0.2855993321,155,0.9890321859,0.0007699713455
144,0.75,0.25,0.2855993321,157.5,0.9889062604,0.000786260629
144,0.75,0.25,0.2855993321,160,0.9887785194,0.0008014159571
144,0.75,0.25,0.2855993321,162.5,0.9886479858,0.0008167956675
144,0.75,0.25,0.2855993321,165,0.9885184858,0.0008325099369
144,0.75,0.25,0.2855993321,167.5,0.9883967442,0.0008492643826
144,0.75,0.25,0.2855993321,170,0.9882789766,0.000869881539
144,0.75,0.25,0.2855993321,172.5,0.9881614272,0.0008902329313
144,0.75,0.25,0.2855993321,175,0.9880338525,0.0009150254997
144,0.75,0.25,0.2855993321,177.5,0.9879096679,0.0009397424203
144,0.75,0.25,0.2855993321,180,0.9877905045,0.0009651405094
144,0.75,0.25,0.2855993321,182.5,0.9876715265,0.0009909858493
144,0.75,0.25,0.2855993321,185,0.9875554886,0.001007934238
144,0.75,0.25,0.2855993321,187.5,0.9874365768,0.001027178652
144,0.75,0.25,0.2855993321,190,0.9873168005,0.001046611456
144,0.75,0.25,0.2855993321,192.5,0.9871978197,0.001064990527
144,0.75,0.25,0.2855993321,195,0.9870770673,0.00108248343
144,0.75,0.25,0.2855993321,197.5,0.9869504569,0.00110637098
144,0.75,0.25,0.2855993321,200,0.9868218436,0.001130989388
144,0.75,0.25,0.2855993321,202.5,0.9866941763,0.001153461233
144,0.75,0.25,0.2855993321,205,0.9865740051,0.00117331097
144,0.75,0.25,0.2855993321,207.5,0.9864459327,0.001196938612
144,0.75,0.25,0.2855993321,210,0.9863179213,0.001222292438
144,0.75,0.25,0.2855993321,212.5,0.9861840378,0.001244690315
144,0.75,0.25,0.2855993321,215,0.9860571406,0.00126436876
144,0.75,0.25,0.2855993321,217.5,0.9859264262,0.001284181527
144,0.75,0.25,0.2855993321,220,0.9858048979,0.001302693952
144,0.75,0.25,0.2855993321,222.5,0.9856864373,0.001319763595
144,0.75,0.25,0.2855993321,225,0.9855729434,0.001332954895
144,0.75,0.25,0.2855993321,227.5,0.9854613631,0.001349397353
144,0.75,0.25,0.2855993321,230,0.9853456649,0.001365894776
144,0.75,0.25,0.2855993321,232.5,0.9852284024,0.00138379726
144,0.75,0.25,0.2855993321,235,0.9851087292,0.001407184616
144,0.75,0.25,0.2855993321,237.5,0.9849911446,0.001426628909
144,0.75,0.25,0.2855993321,240,0.9848774401,0.001448473746
144,0.75,0.25,0.2855993321,242.5,0.9847691363,0.001471210831
144,0.75,0.25,0.2855993321,245,0.9846598081,0.001490451167
144,0.75,0.25,0.2855993321,247.5,0.9845517794,0.00151066101
144,0.75,0.25,0.2855993321,250,0.9844451851,0.001530347428
144,0.75,0.25,0.2855993321,252.5,0.9843356163,0.001553170701
144,0.75,0.25,0.2855993321,255,0.9842265135,0.001577504628
144,0.75,0.25,0.2855993321,257.5,0.9841205352,0.001602668136
144,0.75,0.25,0.2855993321,260,0.9840195483,0.001625317102
144,0.75,0.25,0.2855993321,262.5,0.9839159766,0.001646923405
144,0.75,0.25,0.2855993321,265,0.983820909,0.001668140849
144,0.75,0.25,0.2855993321,267.5,0.9837332436,0.001689764531
144,0.75,0.25,0.2855993321,270,0.9836415068,0.001712155611
144,0.75,0.25,0.2855993321,272.5,0.9835498246,0.001732603804
144,0.75,0.25,0.2855993321,275,0.9834521943,0.00175233588
144,0.75,0.25,0.2855993321,277.5,0.9833537868,0.001770990751
144,0.75,0.25,0.2855993321,280,0.9832474,0.001787094904
144,0.75,0.25,0.2855993321,282.5,0.9831450797,0.001802094741
144,0.75,0.25,0.2855993321,285,0.9830386803,0.001818835045
144,0.75,0.25,0.2855993321,287.5,0.9829326943,0.001833518335
144,0.75,0.25,0.2855993321,290,0.9828226498,0.001848295137
144,0.75,0.25,0.2855993321,292.5,0.982713767,0.001860348778
144,0.75,0.25,0.2855993321,295,0.9826043133,0.001876907325
144,0.75,0.25,0.2855993321,297.5,0.9825010507,0.001894883576
144,0.75,0.25,0.2855993321,300,0.9823967441,0.001908043974
144,0.75,0.25,0.2855993321,302.5,0.9822961398,0.001920244847
144,0.75,0.25,0.2855993321,305,0.9821923067,0.00193708612
144,0.75,0.25,0.2855993321,307.5,0.9820904847,0.001954867425
144,0.75,0.25,0.2855993321,310,0.9819907499,0.001967745121
144,0.75,0.25,0.2855993321,312.5,0.9818960167,0.001985754237
144,0.75,0.25,0.2855993321,315,0.9818018564,0.002002060389
144,0.75,0.25,0.2855993321,317.5,0.9817115487,0.002014843862
144,0.75,0.25,0.2855993321,320,0.9816232261,0.002030019713
144,0.75,0.25,0.2855993321,322.5,0.9815385854,0.002041429326
144,0.75,0.25,0.2855993321,325,0.9814565781,0.002052296698
144,0.75,0.25,0.2855993321,327.5,0.9813776429,0.00206345331
144,0.75,0.25,0.2855993321,330,0.9812928903,0.002073772863
144,0.75,0.25,0.2855993321,332.5,0.9812071881,0.002083244789
144,0.75,0.25,0.2855993321,335,0.9811177749,0.00209213869
144,0.75,0.25,0.2855993321,337.5,0.9810328938,0.002101061367
144,0.75,0.25,0.2855993321,340,0.9809472801,0.002113467614
144,0.75,0.25,0.2855993321,342.5,0.9808659732,0.002124670735
144,0.75,0.25,0.2855993321,345,0.9807791422,0.002137125921
144,0.75,0.25,0.2855993321,347.5,0.9806890911,0.002152995965
144,0.75,0.25,0.2855993321,350,0.9806030188,0.002167586586
144,0.75,0.25,0.2855993321,352.5,0.9805114313,0.00218300635
144,0.75,0.25,0.2855993321,355,0.9804179532,0.002199973327
144,0.75,0.25,0.2855993321,357.5,0.9803251161,0.002214464984
144,0.75,0.25,0.2855993321,360,0.9802257671,0.002228817913
144,0.75,0.25,0.2855993321,362.5,0.9801290349,0.002243845177
144,0.75,0.25,0.2855993321,365,0.9800308377,0.00225999214
144,0.75,0.25,0.2855993321,367.5,0.979926559,0.002277043789
144,0.75,0.25,0.2855993321,370,0.9798166756,0.002296539663
144,0.75,0.25,0.2855993321,372.5,0.9797129411,0.002315716842
144,0.75,0.25,0.2855993321,375,0.9796071635,0.002328435077
144,0.75,0.25,0.2855993321,377.5,0.9795028085,0.002341682245
144,0.75,0.25,0.2855993321,380,0.9793909618,0.002351875302
144,0.75,0.25,0.2855993321,382.5,0.9792829876,0.002361732343
144,0.75,0.25,0.2855993321,385,0.9791737735,0.002371375255
144,0.75,0.25,0.2855993321,387.5,0.9790676058,0.002379174909
144,0.75,0.25,0.2855993321,390,0.9789610368,0.002388815654
144,0.75,0.25,0.2855993321,392.5,0.9788509006,0.002396788639
144,0.75,0.25,0.2855993321,395,0.9787453904,0.002404540488
144,0.75,0.25,0.2855993321,397.5,0.9786451905,0.002411356136
144,0.75,0.25,0.2855993321,400,0.9785537778,0.002417142136
144,0.75,0.25,0.2855993321,402.5,0.9784607863,0.002423943237
144,0.75,0.25,0.2855993321,405,0.9783608094,0.002433330176
144,0.75,0.25,0.2855993321,407.5,0.9782622959,0.002442031378
144,0.75,0.25,0.2855993321,410,0.9781608746,0.002453243409
144,0.75,0.25,0.2855993321,412.5,0.9780569359,0.002464224078
144,0.75,0.25,0.2855993321,415,0.9779497425,0.002472467014
144,0.75,0.25,0.2855993321,417.5,0.9778500733,0.002483534153
144,0.75,0.25,0.2855993321,420,0.9777519526,0.002495237057
144,0.75,0.25,0.2855993321,422.5,0.9776521702,0.002507120001
144,0.75,0.25,0.2855993321,425,0.9775515297,0.002520973371
144,0.75,0.25,0.2855993321,427.5,0.9774580118,0.002534669659
144,0.75,0.25,0.2855993321,430,0.9773648791,0.002550226227
144,0.75,0.25,0.2855993321,432.5,0.9772657804,0.002566219289
144,0.75,0.25,0.2855993321,435,0.9771604495,0.002581267171
144,0.75,0.25,0.2855993321,437.5,0.977053736,0.002595252059
144,0.75,0.25,0.2855993321,440,0.9769468991,0.002607469724
144,0.75,0.25,0.2855993321,442.5,0.9768497952,0.002619803275
144,0.75,0.25,0.2855993321,445,0.9767539562,0.002632976589
144,0.75,0.25,0.2855993321,447.5,0.976655725,0.002643218434
144,0.75,0.25,0.2855993321,450,0.976552226,0.002653982456
144,0.75,0.25,0.2855993321,452.5,0.9764470896,0.002667651475
144,0.75,0.25,0.2855993321,455,0.9763432942,0.002682123973
144,0.75,0.25,0.2855993321,457.5,0.9762403472,0.002699982267
144,0.75,0.25,0.2855993321,460,0.9761302959,0.002716931427
144,0.75,0.25,0.2855993321,462.5,0.9760211916,0.00273122121
144,0.75,0.25,0.2855993321,465,0.9759143245,0.002745414373
144,0.75,0.25,0.2855993321,467.5,0.975815056,0.002763406879
144,0.75,0.25,0.2855993321,470,0.9757229761,0.00277775887
144,0.75,0.25,0.2855993321,472.5,0.9756271263,0.002787907109
144,0.75,0.25,0.2855993321,475,0.9755224094,0.002798388227
144,0.75,0.25,0.2855993321,477.5,0.9754254198,0.002808608817
144,0.75,0.25,0.2855993321,480,0.9753285426,0.002820463138
144,0.75,0.25,0.2855993321,482.5,0.9752296027,0.002832840774
144,0.75,0.25,0.2855993321,485,0.9751325796,0.002844244415
144,0.75,0.25,0.2855993321,487.5,0.9750333986,0.002855976594
144,0.75,0.25,0.2855993321,490,0.9749386545,0.002867267052
144,0.75,0.25,0.2855993321,492.5,0.9748501418,0.002877333663
144,0.75,0.25,0.2855993321,495,0.9747612233,0.002889159448
144,0.75,0.25,0.2855993321,497.5,0.9746674855,0.002900226047
144,0.75,0.25,0.2855993321,500,0.9745683825,0.002911679673
144,0.75,0.25,0.2855993321,502.5,0.9744755971,0.002925892266
144,0.75,0.25,0.2855993321,505,0.9743843839,0.002938662417
144,0.75,0.25,0.2855993321,507.5,0.9742876132,0.002945890966
144,0.75,0.25,0.2855993321,510,0.9741944951,0.002953615118
144,0.75,0.25,0.2855993321,512.5,0.9741076946,0.002959134473
144,0.75,0.25,0.2855993321,515,0.9740150558,0.00296613095
144,0.75,0.25,0.2855993321,517.5,0.9739236085,0.002971776576
144,0.75,0.25,0.2855993321,520,0.9738273322,0.002977769588
144,0.75,0.25,0.2855993321,522.5,0.9737379011,0.002984493921
144,0.75,0.25,0.2855993321,525,0.9736538211,0.002986120755
144,0.75,0.25,0.2855993321,527.5,0.9735569101,0.002985644462
144,0.75,0.25,0.2855993321,530,0.9734646102,0.002989028895
144,0.75,0.25,0.2855993321,532.5,0.9733763423,0.002989126687
144,0.75,0.25,0.2855993321,535,0.9732836645,0.002991013186
144,0.75,0.25,0.2855993321,537.5,0.9731961679,0.002990185612
144,0.75,0.25,0.2855993321,540,0.9731125866,0.002986173409
144,0.75,0.25,0.2855993321,542.5,0.9730274173,0.002982156261
144,0.75,0.25,0.2855993321,545,0.9729382513,0.002979049978
144,0.75,0.25,0.2855993321,547.5,0.9728537246,0.002982311216
144,0.75,0.25,0.2855993321,550,0.9727693245,0.002982206886
144,0.75,0.25,0.2855993321,552.5,0.9726785463,0.002983756335
144,0.75,0.25,0.2855993321,555,0.9725871037,0.002985492347
144,0.75,0.25,0.2855993321,557.5,0.9724975322,0.002993056905
144,0.75,0.25,0.2855993321,560,0.9724101672,0.003002711754
144,0.75,0.25,0.2855993321,562.5,0.9723160524,0.003013454286
144,0.75,0.25,0.2855993321,565,0.9722103957,0.003024701296
144,0.75,0.25,0.2855993321,567.5,0.9721124555,0.003033821735
144,0.75,0.25,0.2855993321,570,0.972019281,0.00304290119
144,0.75,0.25,0.2855993321,572.5,0.9719252671,0.003054261793
144,0.75,0.25,0.2855993321,575,0.9718245997,0.003064900748
144,0.75,0.25,0.2855993321,577.5,0.9717143302,0.003076404922
144,0.75,0.25,0.2855993321,580,0.9716061494,0.00308953076
144,0.75,0.25,0.2855993321,582.5,0.9715058249,0.003103865899
144,0.75,0.25,0.2855993321,585,0.9714057933,0.003115194498
144,0.75,0.25,0.2855993321,587.5,0.9713070992,0.003128445398
144,0.75,0.25,0.2855993321,590,0.9712023206,0.003144732403
144,0.75,0.25,0.2855993321,592.5,0.971106395,0.003163602455
144,0.75,0.25,0.2855993321,595,0.9710115826,0.003182806817
144,0.75,0.25,0.2855993321,597.5,0.9709067695,0.003201213012
144,0.75,0.25,0.2855993321,600,0.9707968783,0.003217417078
144,0.75,0.25,0.2855993321,602.5,0.9706906851,0.003231008531
144,0.75,0.25,0.2855993321,605,0.9705862213,0.00323874206
144,0.75,0.25,0.2855993321,607.5,0.9704873014,0.003242481704
144,0.75,0.25,0.2855993321,610,0.9703824225,0.003247679176
144,0.75,0.25,0.2855993321,612.5,0.9702851012,0.003257572392
144,0.75,0.25,0.2855993321,615,0.9701857807,0.003267022517
144,0.75,0.25,0.2855993321,617.5,0.9700835937,0.003277762793
144,0.75,0.25,0.2855993321,620,0.9699764209,0.003288401202
144,0.75,0.25,0.2855993321,622.5,0.9698730637,0.00329829826
144,0.75,0.25,0.2855993321,625,0.9697763337,0.0033044017
144,0.75,0.25,0.2855993321,627.5,0.9696750148,0.003314197415
144,0.75,0.25,0.2855993321,630,0.9695662521,0.003319258299
144,0.75,0.25,0.2855993321,632.5,0.969461495,0.003325390562
144,0.75,0.25,0.2855993321,635,0.9693643458,0.003332227052
144,0.75,0.25,0.2855993321,637.5,0.9692688848,0.003337088663
144,0.75,0.25,0.2855993321,640,0.9691636499,0.003341919774
144,0.75,0.25,0.2855993321,642.5,0.9690576077,0.003353256685
144,0.75,0.25,0.2855993321,645,0.9689516067,0.00337168989
144,0.75,0.25,0.2855993321,647.5,0.9688506338,0.003390178713
144,0.75,0.25,0.2855993321,650,0.9687522313,0.003403600532
144,0.75,0.25,0.2855993321,652.5,0.9686594898,0.003417049762
144,0.75,0.25,0.2855993321,655,0.9685638089,0.003429276748
144,0.75,0.25,0.2855993321,657.5,0.9684706942,0.003440486507
144,0.75,0.25,0.2855993321,660,0.9683816521,0.003450220845
144,0.75,0.25,0.2855993321,662.5,0.9682934556,0.003459252166
144,0.75,0.25,0.2855993321,665,0.9682033971,0.003471074958
144,0.75,0.25,0.2855993321,667.5,0.9681097765,0.00348076702
144,0.75,0.25,0.2855993321,670,0.9680118053,0.003487470957
144,0.75,0.25,0.2855993321,672.5,0.9679232427,0.003490955337
144,0.75,0.25,0.2855993321,675,0.9678365114,0.003494869837
144,0.75,0.25,0.2855993321,677.5,0.9677441246,0.003503090073
144,0.75,0.25,0.2855993321,680,0.9676589321,0.003507494378
144,0.75,0.25,0.2855993321,682.5,0.9675742663,0.003516654117
144,0.75,0.25,0.2855993321,685,0.9674799993,0.003524088489
144,0.75,0.25,0.2855993321,687.5,0.9673795881,0.003538435424
144,0.75,0.25,0.2855993321,690,0.9672782482,0.003554904161
144,0.75,0.25,0.2855993321,692.5,0.9671807173,0.003570407434
144,0.75,0.25,0.2855993321,695,0.96707992,0.00358595443
144,0.75,0.25,0.2855993321,697.5,0.9669790893,0.003602189836
144,0.75,0.25,0.2855993321,700,0.9668788097,0.003621089105
144,0.75,0.25,0.2855993321,702.5,0.966786209,0.003638946248
144,0.75,0.25,0.2855993321,705,0.9666965928,0.003655223307
144,0.75,0.25,0.2855993321,707.5,0.9665989419,0.003672825694
144,0.75,0.25,0.2855993321,710,0.9665103679,0.003688641153
144,0.75,0.25,0.2855993321,712.5,0.966420671,0.00370460502
144,0.75,0.25,0.2855993321,715,0.9663366124,0.003724561022
144,0.75,0.25,0.2855993321,717.5,0.9662502655,0.003744383224
144,0.75,0.25,0.2855993321,720,0.9661641801,0.003763161774
144,0.75,0.25,0.2855993321,722.5,0.9660838137,0.003777549446
144,0.75,0.25,0.2855993321,725,0.966009431,0.003791321491
144,0.75,0.25,0.2855993321,727.5,0.9659316486,0.003809116908
144,0.75,0.25,0.2855993321,730,0.9658517343,0.003822755422
144,0.75,0.25,0.2855993321,732.5,0.9657705585,0.003832608876
144,0.75,0.25,0.2855993321,735,0.9656987239,0.003838049177
144,0.75,0.25,0.2855993321,737.5,0.9656224712,0.00384682624
144,0.75,0.25,0.2855993321,740,0.9655516469,0.00385392984
144,0.75,0.25,0.2855993321,742.5,0.9654877107,0.003860819892
144,0.75,0.25,0.2855993321,745,0.9654255733,0.00386776769
144,0.75,0.25,0.2855993321,747.5,0.9653639665,0.00387623578
144,0.75,0.25,0.2855993321,750,0.9652999259,0.003884030939
144,0.75,0.25,0.2855993321,752.5,0.9652345003,0.003887600895
144,0.75,0.25,0.2855993321,755,0.9651728178,0.003893084853
144,0.75,0.25,0.2855993321,757.5,0.96510611,0.003898858111
144,0.75,0.25,0.2855993321,760,0.965046796,0.003900491627
144,0.75,0.25,0.2855993321,762.5,0.9649814907,0.003899685721
144,0.75,0.25,0.2855993321,765,0.9649104923,0.00390409726
144,0.75,0.25,0.2855993321,767.5,0.9648457115,0.00391272412
144,0.75,0.25,0.2855993321,770,0.9647877754,0.003921113864
144,0.75,0.25,0.2855993321,772.5,0.9647242308,0.003925265898
144,0.75,0.25,0.2855993321,775,0.9646607153,0.003928565509
144,0.75,0.25,0.2855993321,777.5,0.9645916951,0.003934235407
144,0.75,0.25,0.2855993321,780,0.9645237454,0.003941766891
144,0.75,0.25,0.2855993321,782.5,0.9644555871,0.003950871163
144,0.75,0.25,0.2855993321,785,0.9643832439,0.003958304043
144,0.75,0.25,0.2855993321,787.5,0.9643058276,0.003961896265
144,0.75,0.25,0.2855993321,790,0.9642305402,0.003964246864
144,0.75,0.25,0.2855993321,792.5,0.9641532554,0.003966696941
144,0.75,0.25,0.2855993321,795,0.9640817299,0.003965448808
144,0.75,0.25,0.2855993321,797.5,0.9640047862,0.003962372
144,0.75,0.25,0.2855993321,800,0.9639267312,0.003958530505
144,0.75,0.25,0.2855993321,802.5,0.9638426087,0.00395562768
144,0.75,0.25,0.2855993321,805,0.963755117,0.00395148711
144,0.75,0.25,0.2855993321,807.5,0.96366646,0.003938517901
144,0.75,0.25,0.2855993321,810,0.9635776229,0.003921191416
144,0.75,0.25,0.2855993321,812.5,0.9634882662,0.003904364821
144,0.75,0.25,0.2855993321,815,0.9634017703,0.003885581595
144,0.75,0.25,0.2855993321,817.5,0.9633154458,0.00387541216
144,0.75,0.25,0.2855993321,820,0.9632311357,0.003865140987
144,0.75,0.25,0.2855993321,822.5,0.9631472998,0.00385493967
144,0.75,0.25,0.2855993321,825,0.9630653171,0.003847497757
144,0.75,0.25,0.2855993321,827.5,0.9629848588,0.003836914739
144,0.75,0.25,0.2855993321,830,0.9629134304,0.003822515508
144,0.75,0.25,0.2855993321,832.5,0.9628397279,0.00380799015
144,0.75,0.25,0.2855993321,835,0.9627686396,0.003796575329
144,0.75,0.25,0.2855993321,837.5,0.9626926942,0.00378219605
144,0.75,0.25,0.2855993321,840,0.9626167997,0.003771553091
144,0.75,0.25,0.2855993321,842.5,0.9625467974,0.003767005922
144,0.75,0.25,0.2855993321,845,0.9624752291,0.003760359971
144,0.75,0.25,0.2855993321,847.5,0.9623967923,0.00375690796
144,0.75,0.25,0.2855993321,850,0.9623259628,0.003750268993
144,0.75,0.25,0.2855993321,852.5,0.9622538504,0.003742702185
144,0.75,0.25,0.2855993321,855,0.9621822311,0.003736248295
144,0.75,0.25,0.2855993321,857.5,0.9621110436,0.003729734301
144,0.75,0.25,0.2855993321,860,0.9620465042,0.003723221639
144,0.75,0.25,0.2855993321,862.5,0.9619779044,0.00372015201
144,0.75,0.25,0.2855993321,865,0.9619049385,0.00371432887
144,0.75,0.25,0.2855993321,867.5,0.9618259858,0.003706474553
144,0.75,0.25,0.2855993321,870,0.9617446502,0.003701985475
144,0.75,0.25,0.2855993321,872.5,0.9616586163,0.003695614665
144,0.75,0.25,0.2855993321,875,0.9615637434,0.003694731481
144,0.75,0.25,0.2855993321,877.5,0.9614716456,0.003690094317
144,0.75,0.25,0.2855993321,880,0.9613809362,0.003684758298
144,0.75,0.25,0.2855993321,882.5,0.961296501,0.003679668035
144,0.75,0.25,0.2855993321,885,0.9612229755,0.003671119851
144,0.75,0.25,0.2855993321,887.5,0.9611435592,0.003666110424
144,0.75,0.25,0.2855993321,890,0.9610637725,0.003654533319
144,0.75,0.25,0.2855993321,892.5,0.9609811909,0.003640039878
144,0.75,0.25,0.2855993321,895,0.9608978242,0.003625823986
144,0.75,0.25,0.2855993321,897.5,0.9608159767,0.003612108944
144,0.75,0.25,0.2855993321,900,0.9607418627,0.003599473183
144,0.75,0.25,0.2855993321,902.5,0.9606648255,0.003591821559
144,0.75,0.25,0.2855993321,905,0.9605860934,0.003590242182
144,0.75,0.25,0.2855993321,907.5,0.9604992165,0.003588644472
144,0.75,0.25,0.2855993321,910,0.9604114247,0.003583246446
144,0.75,0.25,0.2855993321,912.5,0.9603193751,0.003579476079
144,0.75,0.25,0.2855993321,915,0.9602328679,0.003571807211
144,0.75,0.25,0.2855993321,917.5,0.9601448285,0.003567003738
144,0.75,0.25,0.2855993321,920,0.9600708227,0.003568116056
144,0.75,0.25,0.2855993321,922.5,0.9599957931,0.00357359782
144,0.75,0.25,0.2855993321,925,0.9599158014,0.003572122037
144,0.75,0.25,0.2855993321,927.5,0.9598299637,0.003565868055
144,0.75,0.25,0.2855993321,930,0.9597456264,0.003555776303
144,0.75,0.25,0.2855993321,932.5,0.9596574514,0.003545555744
144,0.75,0.25,0.2855993321,935,0.9595732469,0.003538552686
144,0.75,0.25,0.2855993321,937.5,0.9594818187,0.003529760869
144,0.75,0.25,0.2855993321,940,0.9593913177,0.003520551559
144,0.75,0.25,0.2855993321,942.5,0.9593015234,0.003511386608
144,0.75,0.25,0.2855993321,945,0.9592104121,0.003508022361
144,0.75,0.25,0.2855993321,947.5,0.9591280928,0.003496869148
144,0.75,0.25,0.2855993321,950,0.9590415873,0.003487329823
144,0.75,0.25,0.2855993321,952.5,0.9589601195,0.003475020649
144,0.75,0.25,0.2855993321,955,0.9588764067,0.00345720904
144,0.75,0.25,0.2855993321,957.5,0.9587899279,0.003439770597
144,0.75,0.25,0.2855993321,960,0.9587067953,0.003420467874
144,0.75,0.25,0.2855993321,962.5,0.958624111,0.003400846246
144,0.75,0.25,0.2855993321,965,0.9585456083,0.003387635511
144,0.75,0.25,0.2855993321,967.5,0.9584610456,0.003377956668
144,0.75,0.25,0.2855993321,970,0.9583850206,0.003366545317
144,0.75,0.25,0.2855993321,972.5,0.9583187135,0.003352877746
144,0.75,0.25,0.2855993321,975,0.9582512616,0.003331583173
144,0.75,0.25,0.2855993321,977.5,0.9581885369,0.003311041822
144,0.75,0.25,0.2855993321,980,0.958124319,0.003293115484
144,0.75,0.25,0.2855993321,982.5,0.9580597538,0.003278922952
144,0.75,0.25,0.2855993321,985,0.9579862317,0.00326970099
144,0.75,0.25,0.2855993321,987.5,0.9579132878,0.00326094449
144,0.75,0.25,0.2855993321,990,0.9578432831,0.003249562796
144,0.75,0.25,0.2855993321,992.5,0.957775946,0.003241250354
144,0.75,0.25,0.2855993321,995,0.957705795,0.003234153072
144,0.75,0.25,0.2855993321,997.5,0.9576444039,0.003228068267
144,0.75,0.25,0.2855993321,1000,0.9575853741,0.003222835339
144,0.75,0.25,0.2855993321,1002.5,0.9575199965,0.003222492093
144,0.75,0.25,0.2855993321,1005,0.9574522181,0.003223657777
144,0.75,0.25,0.2855993321,1007.5,0.9573865774,0.003225847181
144,0.75,0.25,0.2855993321,1010,0.9573196453,0.003223704372
144,0.75,0.25,0.2855993321,1012.5,0.9572530263,0.003221782039
144,0.75,0.25,0.2855993321,1015,0.9571891926,0.003217969824
144,0.75,0.25,0.2855993321,1017.5,0.9571172083,0.003213759795
144,0.75,0.25,0.2855993321,1020,0.957040869,0.0032106709
144,0.75,0.25,0.2855993321,1022.5,0.9569710312,0.003208035674
144,0.75,0.25,0.2855993321,1025,0.9569015919,0.003208933045
144,0.75,0.25,0.2855993321,1027.5,0.9568435146,0.003205074011
144,0.75,0.25,0.2855993321,1030,0.9567828837,0.003201288076
144,0.75,0.25,0.2855993321,1032.5,0.9567258605,0.003201039059
144,0.75,0.25,0.2855993321,1035,0.95666996,0.00320257567
144,0.75,0.25,0.2855993321,1037.5,0.9566195332,0.00320448039
144,0.75,0.25,0.2855993321,1040,0.9565613177,0.003206446277
144,0.75,0.25,0.2855993321,1042.5,0.9565015124,0.003208350343
144,0.75,0.25,0.2855993321,1045,0.9564431159,0.003211265851
144,0.75,0.25,0.2855993321,1047.5,0.9563893777,0.00321327384
144,0.75,0.25,0.2855993321,1050,0.9563314891,0.003210094712
144,0.75,0.25,0.2855993321,1052.5,0.9562695321,0.003210885558
144,0.75,0.25,0.2855993321,1055,0.9562100817,0.003215240043
144,0.75,0.25,0.2855993321,1057.5,0.9561530039,0.003221154216
144,0.75,0.25,0.2855993321,1060,0.9561000072,0.003224299207
144,0.75,0.25,0.2855993321,1062.5,0.9560510582,0.00322879858
144,0.75,0.25,0.2855993321,1065,0.9560015207,0.003234759975
144,0.75,0.25,0.2855993321,1067.5,0.9559560248,0.00324165517
144,0.75,0.25,0.2855993321,1070,0.9559082294,0.003250083088
144,0.75,0.25,0.2855993321,1072.5,0.9558685698,0.00325900758
144,0.75,0.25,0.2855993321,1075,0.9558331477,0.003267888643
144,0.75,0.25,0.2855993321,1077.5,0.9557967492,0.003278031978
144,0.75,0.25,0.2855993321,1080,0.9557602483,0.003288341588
144,0.75,0.25,0.2855993321,1082.5,0.9557227346,0.003298787312
144,0.75,0.25,0.2855993321,1085,0.9556895665,0.003308597187
144,0.75,0.25,0.2855993321,1087.5,0.9556554352,0.003318494704
144,0.75,0.25,0.2855993321,1090,0.9556182136,0.003325971941
144,0.75,0.25,0.2855993321,1092.5,0.9555788564,0.003334261269
144,0.75,0.25,0.2855993321,1095,0.9555387565,0.003341979818
144,0.75,0.25,0.2855993321,1097.5,0.9554897876,0.003347341313
144,0.75,0.25,0.2855993321,1100,0.9554415356,0.003358314735
144,0.75,0.25,0.2855993321,1102.5,0.9554041867,0.003370336935
144,0.75,0.25,0.2855993321,1105,0.9553760538,0.003380360316
144,0.75,0.25,0.2855993321,1107.5,0.9553478142,0.003389919418
144,0.75,0.25,0.2855993321,1110,0.9553145002,0.00339658341
144,0.75,0.25,0.2855993321,1112.5,0.9552848053,0.003398964655
144,0.75,0.25,0.2855993321,1115,0.9552503571,0.003405782726
144,0.75,0.25,0.2855993321,1117.5,0.9552202497,0.003408885667
144,0.75,0.25,0.2855993321,1120,0.9551818713,0.003411150121
144,0.75,0.25,0.2855993321,1122.5,0.9551392409,0.003408006426
144,0.75,0.25,0.2855993321,1125,0.9551045837,0.003405346656
144,0.75,0.25,0.2855993321,1127.5,0.9550719133,0.003400782223
144,0.75,0.25,0.2855993321,1130,0.9550384372,0.003397436229
144,0.75,0.25,0.2855993321,1132.5,0.9549975185,0.003390825247
144,0.75,0.25,0.2855993321,1135,0.9549595071,0.003387645007
144,0.75,0.25,0.2855993321,1137.5,0.9549235854,0.003385440236
144,0.75,0.25,0.2855993321,1140,0.9548796298,0.003385367493
144,0.75,0.25,0.2855993321,1142.5,0.9548259959,0.003387417879
144,0.75,0.25,0.2855993321,1145,0.9547816702,0.003391304789
144,0.75,0.25,0.2855993321,1147.5,0.9547392443,0.003394002315
144,0.75,0.25,0.2855993321,1150,0.954699805,0.003394087022
144,0.75,0.25,0.2855993321,1152.5,0.9546572862,0.003403330441
144,0.75,0.25,0.2855993321,1155,0.9546121311,0.00341565076
144,0.75,0.25,0.2855993321,1157.5,0.9545763744,0.003431903065
144,0.75,0.25,0.2855993321,1160,0.954541579,0.003450876332
144,0.75,0.25,0.2855993321,1162.5,0.9545091104,0.00346768594
144,0.75,0.25,0.2855993321,1165,0.9544719129,0.003485405903
144,0.75,0.25,0.2855993321,1167.5,0.954429438,0.003503259637
144,0.75,0.25,0.2855993321,1170,0.9543862346,0.003521858532
144,0.75,0.25,0.2855993321,1172.5,0.9543409986,0.00353924521
144,0.75,0.25,0.2855993321,1175,0.9543047241,0.003554935634
144,0.75,0.25,0.2855993321,1177.5,0.9542706397,0.003563716216
144,0.75,0.25,0.2855993321,1180,0.9542295545,0.003572879262
144,0.75,0.25,0.2855993321,1182.5,0.9541913414,0.003579855763
144,0.75,0.25,0.2855993321,1185,0.9541584449,0.003591165714
144,0.75,0.25,0.2855993321,1187.5,0.9541206018,0.00360486291
144,0.75,0.25,0.2855993321,1190,0.95407382,0.003625579847
144,0.75,0.25,0.2855993321,1192.5,0.9540274809,0.003646493552
144,0.75,0.25,0.2855993321,1195,0.9539824317,0.003669966974
144,0.75,0.25,0.2855993321,1197.5,0.9539459823,0.003692691447
144,0.75,0.25,0.2855993321,1200,0.9539130619,0.00371309928
144,0.75,0.25,0.2855993321,1202.5,0.9538769887,0.003733041501
144,0.75,0.25,0.2855993321,1205,0.9538370376,0.003755573394
144,0.75,0.25,0.2855993321,1207.5,0.953800912,0.003773563398
144,0.75,0.25,0.2855993321,1210,0.9537658261,0.003793009556
144,0.75,0.25,0.2855993321,1212.5,0.953731072,0.003812974839
144,0.75,0.25,0.2855993321,1215,0.9536983079,0.003833557142
144,0.75,0.25,0.2855993321,1217.5,0.9536692257,0.003852355231
144,0.75,0.25,0.2855993321,1220,0.9536289647,0.003870450395
144,0.75,0.25,0.2855993321,1222.5,0.9535984496,0.003883691173
144,0.75,0.25,0.2855993321,1225,0.9535607735,0.003895113954
144,0.75,0.25,0.2855993321,1227.5,0.9535202212,0.003902530625
144,0.75,0.25,0.2855993321,1230,0.9534756413,0.003909992319
144,0.75,0.25,0.2855993321,1232.5,0.9534282748,0.003917464421
144,0.75,0.25,0.2855993321,1235,0.953386476,0.003923584787
144,0.75,0.25,0.2855993321,1237.5,0.9533464147,0.003934438244
144,0.75,0.25,0.2855993321,1240,0.9533090981,0.003943827659
144,0.75,0.25,0.2855993321,1242.5,0.9532758273,0.003949498998
144,0.75,0.25,0.2855993321,1245,0.9532476608,0.003954107552
144,0.75,0.25,0.2855993321,1247.5,0.9532126555,0.003958960153
144,0.75,0.25,0.2855993321,1250,0.9531735884,0.00396930555
144,0.75,0.25,0.2855993321,1252.5,0.9531379116,0.003978763125
144,0.75,0.25,0.2855993321,1255,0.9531041357,0.003987205637
144,0.75,0.25,0.2855993321,1257.5,0.9530656837,0.003995031417
144,0.75,0.25,0.2855993321,1260,0.95302871,0.004004573116
144,0.75,0.25,0.2855993321,1262.5,0.9529839986,0.004013281178
144,0.75,0.25,0.2855993321,1265,0.9529348872,0.00402210227
144,0.75,0.25,0.2855993321,1267.5,0.952887574,0.004030347723
144,0.75,0.25,0.2855993321,1270,0.9528382604,0.00403428455
144,0.75,0.25,0.2855993321,1272.5,0.9527868828,0.004039789935
144,0.75,0.25,0.2855993321,1275,0.9527393907,0.00404582866
144,0.75,0.25,0.2855993321,1277.5,0.952694354,0.004055120912
144,0.75,0.25,0.2855993321,1280,0.952647876,0.004062505143
144,0.75,0.25,0.2855993321,1282.5,0.9526047035,0.004070924626
144,0.75,0.25,0.2855993321,1285,0.9525516735,0.004082945942
144,0.75,0.25,0.2855993321,1287.5,0.9525082335,0.004094356232
144,0.75,0.25,0.2855993321,1290,0.9524726355,0.004097852762
144,0.75,0.25,0.2855993321,1292.5,0.9524435828,0.004102234379
144,0.75,0.25,0.2855993321,1295,0.9524111371,0.00410976354
144,0.75,0.25,0.2855993321,1297.5,0.952377788,0.004116323811
144,0.75,0.25,0.2855993321,1300,0.9523471042,0.004118019324
144,0.75,0.25,0.2855993321,1302.5,0.9523167107,0.004117750444
144,0.75,0.25,0.2855993321,1305,0.952293379,0.004118761988
144,0.75,0.25,0.2855993321,1307.5,0.9522697479,0.004122112977
144,0.75,0.25,0.2855993321,1310,0.9522395993,0.004127105529
144,0.75,0.25,0.2855993321,1312.5,0.9522023958,0.004135255272
144,0.75,0.25,0.2855993321,1315,0.9521681342,0.004144005097
144,0.75,0.25,0.2855993321,1317.5,0.9521411367,0.004152529224
144,0.75,0.25,0.2855993321,1320,0.9521103529,0.004160443625
144,0.75,0.25,0.2855993321,1322.5,0.9520759348,0.004161257521
144,0.75,0.25,0.2855993321,1325,0.9520354057,0.004159534067
144,0.75,0.25,0.2855993321,1327.5,0.9519894586,0.004157894408
144,0.75,0.25,0.2855993321,1330,0.9519548192,0.004156231891
144,0.75,0.25,0.2855993321,1332.5,0.9519105693,0.00415111206
144,0.75,0.25,0.2855993321,1335,0.9518649074,0.004149380514
144,0.75,0.25,0.2855993321,1337.5,0.9518179335,0.004148715369
144,0.75,0.25,0.2855993321,1340,0.951768862,0.004151240675
144,0.75,0.25,0.2855993321,1342.5,0.9517326785,0.004158770528
144,0.75,0.25,0.2855993321,1345,0.9516937742,0.004170517536
144,0.75,0.25,0.2855993321,1347.5,0.9516583586,0.004182344399
144,0.75,0.25,0.2855993321,1350,0.9516300875,0.00419248594
144,0.75,0.25,0.2855993321,1352.5,0.9516006513,0.004206586184
144,0.75,0.25,0.2855993321,1355,0.9515681454,0.004219849491
144,0.75,0.25,0.2855993321,1357.5,0.9515386042,0.004234890923
144,0.75,0.25,0.2855993321,1360,0.9515097666,0.004249396339
144,0.75,0.25,0.2855993321,1362.5,0.9514838622,0.00425900152
144,0.75,0.25,0.2855993321,1365,0.9514579472,0.004269574557
144,0.75,0.25,0.2855993321,1367.5,0.9514247269,0.004277077722
144,0.75,0.25,0.2855993321,1370,0.9514014617,0.004283225649
144,0.75,0.25,0.2855993321,1372.5,0.9513766717,0.004291305632
144,0.75,0.25,0.2855993321,1375,0.9513444435,0.004299778876
144,0.75,0.25,0.2855993321,1377.5,0.9513133021,0.004313407069
144,0.75,0.25,0.2855993321,1380,0.9512791176,0.004327343174
144,0.75,0.25,0.2855993321,1382.5,0.951247806,0.004343679939
144,0.75,0.25,0.2855993321,1385,0.9512191863,0.004358724211
144,0.75,0.25,0.2855993321,1387.5,0.9511864334,0.004370382757
144,0.75,0.25,0.2855993321,1390,0.9511616833,0.004382076572
144,0.75,0.25,0.2855993321,1392.5,0.9511331002,0.004395072347
144,0.75,0.25,0.2855993321,1395,0.9511079921,0.004408047009
144,0.75,0.25,0.2855993321,1397.5,0.9510805693,0.004419288012
144,0.75,0.25,0.2855993321,1400,0.9510495075,0.004429375787
144,0.75,0.25,0.2855993321,1402.5,0.9510264014,0.004436003081
144,0.75,0.25,0.2855993321,1405,0.9509993293,0.004446355486
144,0.75,0.25,0.2855993321,1407.5,0.9509657312,0.004454014902
144,0.75,0.25,0.2855993321,1410,0.9509404916,0.004462670991
144,0.75,0.25,0.2855993321,1412.5,0.9509144141,0.004469981061
144,0.75,0.25,0.2855993321,1415,0.9508731777,0.004480637129
144,0.75,0.25,0.2855993321,1417.5,0.9508429965,0.004490630618
144,0.75,0.25,0.2855993321,1420,0.9508172047,0.004501792544
144,0.75,0.25,0.2855993321,1422.5,0.9507838371,0.00451861389
144,0.75,0.25,0.2855993321,1425,0.9507463329,0.00453364
144,0.75,0.25,0.2855993321,1427.5,0.9507053353,0.004553508379
144,0.75,0.25,0.2855993321,1430,0.9506670681,0.004568414912
144,0.75,0.25,0.2855993321,1432.5,0.9506276666,0.004579822771
144,0.75,0.25,0.2855993321,1435,0.9505917402,0.004588801669
144,0.75,0.25,0.2855993321,1437.5,0.950556905,0.004601279359
144,0.75,0.25,0.2855993321,1440,0.9505155041,0.004610321385
144,0.75,0.25,0.2855993321,1442.5,0.9504649421,0.004620509792
144,0.75,0.25,0.2855993321,1445,0.9504225186,0.004636511333
144,0.75,0.25,0.2855993321,1447.5,0.9503867024,0.004658143439
144,0.75,0.25,0.2855993321,1450,0.9503432903,0.004682544872
144,0.75,0.25,0.2855993321,1452.5,0.9502989712,0.00470550827
144,0.75,0.25,0.2855993321,1455,0.9502496657,0.004725950055
144,0.75,0.25,0.2855993321,1457.5,0.9502001328,0.00474400076
144,0.75,0.25,0.2855993321,1460,0.9501478613,0.004766819824
144,0.75,0.25,0.2855993321,1462.5,0.9500964113,0.004789450252
144,0.75,0.25,0.2855993321,1465,0.9500474378,0.004817029818
144,0.75,0.25,0.2855993321,1467.5,0.9500003345,0.004844243308
144,0.75,0.25,0.2855993321,1470,0.9499517866,0.004875606378
144,0.75,0.25,0.2855993321,1472.5,0.9499094339,0.004905921275
144,0.75,0.25,0.2855993321,1475,0.9498744896,0.004933279813
144,0.75,0.25,0.2855993321,1477.5,0.9498472984,0.004960962304
144,0.75,0.25,0.2855993321,1480,0.949822401,0.004983258299
144,0.75,0.25,0.2855993321,1482.5,0.949791641,0.005002886976
144,0.75,0.25,0.2855993321,1485,0.9497778661,0.005023317441
144,0.75,0.25,0.2855993321,1487.5,0.9497647833,0.00504312417
144,0.75,0.25,0.2855993321,1490,0.9497640609,0.005061419497
144,0.75,0.25,0.2855993321,1492.5,0.9497599685,0.005081757815
144,0.75,0.25,0.2855993321,1495,0.949751149,0.005106909691
144,0.75,0.25,0.2855993321,1497.5,0.9497456278,0.005131372769
144,0.75,0.25,0.2855993321,1500,0.9497366055,0.005156676738
144,0.75,0.25,0.2855993321,1502.5,0.9497351053,0.005184399419
144,0.75,0.25,0.2855993321,1505,0.9497279138,0.005212588315
144,0.75,0.25,0.2855993321,1507.5,0.9497185607,0.005239648456
144,0.75,0.25,0.2855993321,1510,0.9497056876,0.005265584816
144,0.75,0.25,0.2855993321,1512.5,0.9497019868,0.005288292987
144,0.75,0.25,0.2855993321,1515,0.9497084828,0.005311553623
144,0.75,0.25,0.2855993321,1517.5,0.9497069496,0.005333594125
144,0.75,0.25,0.2855993321,1520,0.9496949625,0.00535588137
144,0.75,0.25,0.2855993321,1522.5,0.9496918005,0.005381506155
144,0.75,0.25,0.2855993321,1525,0.9496921165,0.005404904351
144,0.75,0.25,0.2855993321,1527.5,0.9496948898,0.005431226512
144,0.75,0.25,0.2855993321,1530,0.9496999698,0.005452668647
144,0.75,0.25,0.2855993321,1532.5,0.9497078407,0.005477215772
144,0.75,0.25,0.2855993321,1535,0.9497080198,0.005504809358
144,0.75,0.25,0.2855993321,1537.5,0.9497083337,0.005534774261
144,0.75,0.25,0.2855993321,1540,0.949711909,0.005568278744
144,0.75,0.25,0.2855993321,1542.5,0.9497076969,0.005598176753
144,0.75,0.25,0.2855993321,1545,0.9497034241,0.005628690194
144,0.75,0.25,0.2855993321,1547.5,0.9496993354,0.005659351125
144,0.75,0.25,0.2855993321,1550,0.9496851786,0.005693000749
144,0.75,0.25,0.2855993321,1552.5,0.9496709122,0.005725255245
144,0.75,0.25,0.2855993321,1555,0.9496533953,0.005760232726
144,0.75,0.25,0.2855993321,1557.5,0.9496387812,0.005791947301
144,0.75,0.25,0.2855993321,1560,0.9496206671,0.005821126552
144,0.75,0.25,0.2855993321,1562.5,0.9496038586,0.00584990361
144,0.75,0.25,0.2855993321,1565,0.9495817058,0.00588579196
144,0.75,0.25,0.2855993321,1567.5,0.9495537767,0.00592360499
144,0.75,0.25,0.2855993321,1570,0.9495305604,0.005958429459
144,0.75,0.25,0.2855993321,1572.5,0.9495094932,0.005996774325
144,0.75,0.25,0.2855993321,1575,0.9494803761,0.006040780244
144,0.75,0.25,0.2855993321,1577.5,0.9494574055,0.006089282439
144,0.75,0.25,0.2855993321,1580,0.949432525,0.006135417272
144,0.75,0.25,0.2855993321,1582.5,0.9494090819,0.006180505567
144,0.75,0.25,0.2855993321,1585,0.949379141,0.006227467364
144,0.75,0.25,0.2855993321,1587.5,0.949349608,0.006275304715
144,0.75,0.25,0.2855993321,1590,0.9493232042,0.006321252475
144,0.75,0.25,0.2855993321,1592.5,0.9492953285,0.006368471856
144,0.75,0.25,0.2855993321,1595,0.9492735782,0.006411241824
144,0.75,0.25,0.2855993321,1597.5,0.9492547535,0.006453842144
144,0.75,0.25,0.2855993321,1600,0.9492405031,0.006492780434
144,0.75,0.25,0.2855993321,1602.5,0.9492257111,0.00653096647
144,0.75,0.25,0.2855993321,1605,0.9492125425,0.006567174096
144,0.75,0.25,0.2855993321,1607.5,0.9492121672,0.006606547551
144,0.75,0.25,0.2855993321,1610,0.9492075051,0.006645713402
144,0.75,0.25,0.2855993321,1612.5,0.9492045552,0.006684536844
144,0.75,0.25,0.2855993321,1615,0.9492073211,0.006722781468
144,0.75,0.25,0.2855993321,1617.5,0.9492052358,0.00676352454
144,0.75,0.25,0.2855993321,1620,0.9492109861,0.006797062765
144,0.75,0.25,0.2855993321,1622.5,0.9492157467,0.006829481711
144,0.75,0.25,0.2855993321,1625,0.9492205815,0.006862943112
144,0.75,0.25,0.2855993321,1627.5,0.9492209874,0.006896187028
144,0.75,0.25,0.2855993321,1630,0.9492197617,0.006930743814
144,0.75,0.25,0.2855993321,1632.5,0.9492200064,0.006962015613
144,0.75,0.25,0.2855993321,1635,0.9492255826,0.006995094343
144,0.75,0.25,0.2855993321,1637.5,0.9492280713,0.007023009436
144,0.75,0.25,0.2855993321,1640,0.9492256407,0.007048951792
144,0.75,0.25,0.2855993321,1642.5,0.9492139681,0.007081462363
144,0.75,0.25,0.2855993321,1645,0.9492112645,0.007108513934
144,0.75,0.25,0.2855993321,1647.5,0.9492023638,0.007136075903
144,0.75,0.25,0.2855993321,1650,0.949198733,0.007161408009
144,0.75,0.25,0.2855993321,1652.5,0.9491916679,0.007185417608
144,0.75,0.25,0.2855993321,1655,0.9491835277,0.007209409547
144,0.75,0.25,0.2855993321,1657.5,0.949173669,0.007234896455
144,0.75,0.25,0.2855993321,1660,0.9491637911,0.007256537705
144,0.75,0.25,0.2855993321,1662.5,0.9491594867,0.007278328772
144,0.75,0.25,0.2855993321,1665,0.9491548322,0.007303042049
144,0.75,0.25,0.2855993321,1667.5,0.9491425097,0.007324798608
144,0.75,0.25,0.2855993321,1670,0.9491320459,0.007344172144
144,0.75,0.25,0.2855993321,1672.5,0.9491231717,0.007365400374
144,0.75,0.25,0.2855993321,1675,0.9491144765,0.007387129508
144,0.75,0.25,0.2855993321,1677.5,0.9491031335,0.007405845593
144,0.75,0.25,0.2855993321,1680,0.9490889494,0.007425599347
144,0.75,0.25,0.2855993321,1682.5,0.9490765789,0.007446371143
144,0.75,0.25,0.2855993321,1685,0.9490721962,0.007463613454
144,0.75,0.25,0.2855993321,1687.5,0.9490685172,0.007476963122
144,0.75,0.25,0.2855993321,1690,0.9490631701,0.00749331203
144,0.75,0.25,0.2855993321,1692.5,0.949054436,0.007513140339
144,0.75,0.25,0.2855993321,1695,0.9490370338,0.007531781821
144,0.75,0.25,0.2855993321,1697.5,0.9490208885,0.007553339045
144,0.75,0.25,0.2855993321,1700,0.9490171889,0.007575237345
144,0.75,0.25,0.2855993321,1702.5,0.9490136495,0.007596719408
144,0.75,0.25,0.2855993321,1705,0.9490102613,0.007610508352
144,0.75,0.25,0.2855993321,1707.5,0.9490049103,0.007621987529
144,0.75,0.25,0.2855993321,1710,0.9489989038,0.007630548967
144,0.75,0.25,0.2855993321,1712.5,0.9489928596,0.007637058906
144,0.75,0.25,0.2855993321,1715,0.9489931598,0.007644659178
144,0.75,0.25,0.2855993321,1717.5,0.9489992876,0.007645900415
144,0.75,0.25,0.2855993321,1720,0.9489897616,0.007650212435
144,0.75,0.25,0.2855993321,1722.5,0.9489732291,0.007657869785
144,0.75,0.25,0.2855993321,1725,0.9489582883,0.007667122141
144,0.75,0.25,0.2855993321,1727.5,0.9489469318,0.007675723919
144,0.75,0.25,0.2855993321,1730,0.9489359652,0.00768206678
144,0.75,0.25,0.2855993321,1732.5,0.9489172147,0.007686713505
144,0.75,0.25,0.2855993321,1735,0.9488981076,0.007690655126
144,0.75,0.25,0.2855993321,1737.5,0.9488688646,0.007697998325
144,0.75,0.25,0.2855993321,1740,0.948836843,0.00770843996
144,0.75,0.25,0.2855993321,1742.5,0.9487975509,0.007719363483
144,0.75,0.25,0.2855993321,1745,0.948755076,0.007726889871
144,0.75,0.25,0.2855993321,1747.5,0.9487117071,0.007731014947
144,0.75,0.25,0.2855993321,1750,0.9486679907,0.007733416993
144,0.75,0.25,0.2855993321,1752.5,0.9486291564,0.007736069054
144,0.75,0.25,0.2855993321,1755,0.9485894927,0.007738101344
144,0.75,0.25,0.2855993321,1757.5,0.9485492107,0.007739483297
144,0.75,0.25,0.2855993321,1760,0.948509454,0.007744576772
144,0.75,0.25,0.2855993321,1762.5,0.9484787483,0.007753991164
144,0.75,0.25,0.2855993321,1765,0.948445871,0.007763874671
144,0.75,0.25,0.2855993321,1767.5,0.9484043909,0.007777267506
144,0.75,0.25,0.2855993321,1770,0.9483635603,0.007789347692
144,0.75,0.25,0.2855993321,1772.5,0.9483226745,0.007798582598
144,0.75,0.25,0.2855993321,1775,0.9482857725,0.007808650961
144,0.75,0.25,0.2855993321,1777.5,0.9482421866,0.007814144781
144,0.75,0.25,0.2855993321,1780,0.9482018607,0.007814473926
144,0.75,0.25,0.2855993321,1782.5,0.9481614263,0.007817487612
144,0.75,0.25,0.2855993321,1785,0.9481305091,0.007821454177
144,0.75,0.25,0.2855993321,1787.5,0.9480984703,0.007833330449
144,0.75,0.25,0.2855993321,1790,0.94807275,0.007846807847
144,0.75,0.25,0.2855993321,1792.5,0.9480489724,0.007860163745
144,0.75,0.25,0.2855993321,1795,0.9480221452,0.00787230491
144,0.75,0.25,0.2855993321,1797.5,0.9479952267,0.007885744646
144,0.75,0.25,0.2855993321,1800,0.9479760285,0.007896402061
144,0.75,0.25,0.2855993321,1802.5,0.947944311,0.007909950436
144,0.75,0.25,0.2855993321,1805,0.947917815,0.007927122221
144,0.75,0.25,0.2855993321,1807.5,0.9478984345,0.00794656292
144,0.75,0.25,0.2855993321,1810,0.9478775093,0.007965686244
144,0.75,0.25,0.2855993321,1812.5,0.9478498703,0.007984594706
144,0.75,0.25,0.2855993321,1815,0.9478310982,0.008000481495
144,0.75,0.25,0.2855993321,1817.5,0.9478197457,0.008009509854
144,0.75,0.25,0.2855993321,1820,0.9478008175,0.008013151773
144,0.75,0.25,0.2855993321,1822.5,0.9477825026,0.008015872533
144,0.75,0.25,0.2855993321,1825,0.9477649286,0.008021094067
144,0.75,0.25,0.2855993321,1827.5,0.9477513487,0.008024061555
144,0.75,0.25,0.2855993321,1830,0.9477328002,0.008028985094
144,0.75,0.25,0.2855993321,1832.5,0.9477246281,0.008035713903
144,0.75,0.25,0.2855993321,1835,0.9477167597,0.008046774989
144,0.75,0.25,0.2855993321,1837.5,0.9477062391,0.008059658873
144,0.75,0.25,0.2855993321,1840,0.9476896343,0.008074159596
144,0.75,0.25,0.2855993321,1842.5,0.9476696599,0.008083647073
144,0.75,0.25,0.2855993321,1845,0.9476502501,0.008087342363
144,0.75,0.25,0.2855993321,1847.5,0.9476288453,0.008096267211
144,0.75,0.25,0.2855993321,1850,0.9476195129,0.008103594274
144,0.75,0.25,0.2855993321,1852.5,0.9476213825,0.008116155363
144,0.75,0.25,0.2855993321,1855,0.9476139231,0.008129722281
144,0.75,0.25,0.2855993321,1857.5,0.9475974873,0.008144682196
144,0.75,0.25,0.2855993321,1860,0.9475784179,0.008160384978
144,0.75,0.25,0.2855993321,1862.5,0.9475676285,0.008176982864
144,0.75,0.25,0.2855993321,1865,0.9475515235,0.008193320892
144,0.75,0.25,0.2855993321,1867.5,0.9475316009,0.008209181832
144,0.75,0.25,0.2855993321,1870,0.9475091798,0.008225952128
144,0.75,0.25,0.2855993321,1872.5,0.9474910277,0.008241615481
144,0.75,0.25,0.2855993321,1875,0.9474697637,0.008257736361
144,0.75,0.25,0.2855993321,1877.5,0.9474526692,0.008275256477
144,0.75,0.25,0.2855993321,1880,0.9474335344,0.008304802223
144,0.75,0.25,0.2855993321,1882.5,0.9474148901,0.00833274349
144,0.75,0.25,0.2855993321,1885,0.9473895449,0.008358664755
144,0.75,0.25,0.2855993321,1887.5,0.947363566,0.008378132052
144,0.75,0.25,0.2855993321,1890,0.9473303186,0.008399249995
144,0.75,0.25,0.2855993321,1892.5,0.9472989245,0.00841667417
144,0.75,0.25,0.2855993321,1895,0.9472711284,0.008426590886
144,0.75,0.25,0.2855993321,1897.5,0.9472452336,0.008438480203
144,0.75,0.25,0.2855993321,1900,0.9472225699,0.008448640436
144,0.75,0.25,0.2855993321,1902.5,0.9471963074,0.008461681089
144,0.75,0.25,0.2855993321,1905,0.9471815384,0.008472753384
144,0.75,0.25,0.2855993321,1907.5,0.9471641393,0.008491340367
144,0.75,0.25,0.2855993321,1910,0.9471482201,0.008507002296
144,0.75,0.25,0.2855993321,1912.5,0.9471353609,0.008521913809
144,0.75,0.25,0.2855993321,1915,0.9471138746,0.008533103583
144,0.75,0.25,0.2855993321,1917.5,0.9470889576,0.008544036117
144,0.75,0.25,0.2855993321,1920,0.9470614706,0.008555213131
144,0.75,0.25,0.2855993321,1922.5,0.9470297553,0.008568788496
144,0.75,0.25,0.2855993321,1925,0.9469979609,0.008584406472
144,0.75,0.25,0.2855993321,1927.5,0.9469741614,0.008599931585
144,0.75,0.25,0.2855993321,1930,0.9469523583,0.008615128155
144,0.75,0.25,0.2855993321,1932.5,0.9469325514,0.008624513078
144,0.75,0.25,0.2855993321,1935,0.9469058155,0.008632152605
144,0.75,0.25,0.2855993321,1937.5,0.9468807333,0.00863815707
144,0.75,0.25,0.2855993321,1940,0.9468597981,0.008649986649
144,0.75,0.25,0.2855993321,1942.5,0.9468365725,0.008665471633
144,0.75,0.25,0.2855993321,1945,0.9468154732,0.008681062118
144,0.75,0.25,0.2855993321,1947.5,0.9467845963,0.008699071643
144,0.75,0.25,0.2855993321,1950,0.9467524033,0.0087148629
144,0.75,0.25,0.2855993321,1952.5,0.9467171778,0.00872750609
144,0.75,0.25,0.2855993321,1955,0.9466771334,0.008742754269
144,0.75,0.25,0.2855993321,1957.5,0.9466416557,0.008753482598
144,0.75,0.25,0.2855993321,1960,0.9466126678,0.008766611212
144,0.75,0.25,0.2855993321,1962.5,0.9465877408,0.008780676489
144,0.75,0.25,0.2855993321,1965,0.9465496337,0.008793984784
144,0.75,0.25,0.2855993321,1967.5,0.9465038164,0.00881223148
144,0.75,0.25,0.2855993321,1970,0.9464622094,0.008825691304
144,0.75,0.25,0.2855993321,1972.5,0.9464211827,0.008840325752
144,0.75,0.25,0.2855993321,1975,0.9463710861,0.008852542938
144,0.75,0.25,0.2855993321,1977.5,0.9463237986,0.008860072336
144,0.75,0.25,0.2855993321,1980,0.9462776541,0.00886674497
144,0.75,0.25,0.2855993321,1982.5,0.9462291772,0.008874075057
144,0.75,0.25,0.2855993321,1985,0.9461869541,0.008887441859
144,0.75,0.25,0.2855993321,1987.5,0.9461428886,0.008895902281
144,0.75,0.25,0.2855993321,1990,0.9461003813,0.008900713951
144,0.75,0.25,0.2855993321,1992.5,0.9460557948,0.008906191734
144,0.75,0.25,0.2855993321,1995,0.9460095581,0.008919939559
144,0.75,0.25,0.2855993321,1997.5,0.9459658918,0.008937700344
144,0.75,0.25,0.2855993321,2000,0.9459107911,0.008959212013
144,0.75,0.25,0.2855993321,2002.5,0.9458623164,0.008982282345
144,0.75,0.25,0.2855993321,2005,0.9458047573,0.009001911578
144,0.75,0.25,0.2855993321,2007.5,0.9457523673,0.009017612978
144,0.75,0.25,0.2855993321,2010,0.945701359,0.009034727323
144,0.75,0.25,0.2855993321,2012.5,0.9456624937,0.009045354581
144,0.75,0.25,0.2855993321,2015,0.9456238637,0.009055573822
144,0.75,0.25,0.2855993321,2017.5,0.9455778728,0.009069829035
144,0.75,0.25,0.2855993321,2020,0.9455293656,0.009078564752
144,0.75,0.25,0.2855993321,2022.5,0.9454839,0.009089050122
144,0.75,0.25,0.2855993321,2025,0.9454423101,0.009101618617
144,0.75,0.25,0.2855993321,2027.5,0.9453985568,0.009117402436
144,0.75,0.25,0.2855993321,2030,0.9453417519,0.009139124474
144,0.75,0.25,0.2855993321,2032.5,0.9452827262,0.009152310184
144,0.75,0.25,0.2855993321,2035,0.9452210408,0.009172438397
144,0.75,0.25,0.2855993321,2037.5,0.9451624762,0.009193697194
144,0.75,0.25,0.2855993321,2040,0.9451088129,0.009212180901
144,0.75,0.25,0.2855993321,2042.5,0.9450486579,0.00922652018
144,0.75,0.25,0.2855993321,2045,0.9449962135,0.009244852082
144,0.75,0.25,0.2855993321,2047.5,0.9449483274,0.009261211896
144,0.75,0.25,0.2855993321,2050,0.9448949748,0.009275182865
144,0.75,0.25,0.2855993321,2052.5,0.9448359324,0.009288418227
144,0.75,0.25,0.2855993321,2055,0.9447728876,0.009301423797
144,0.75,0.25,0.2855993321,2057.5,0.9447113147,0.009315878121
144,0.75,0.25,0.2855993321,2060,0.9446426341,0.009333142547
144,0.75,0.25,0.2855993321,2062.5,0.9445659848,0.009361530369
144,0.75,0.25,0.2855993321,2065,0.9444942484,0.009386554607
144,0.75,0.25,0.2855993321,2067.5,0.9444353987,0.009410279188
144,0.75,0.25,0.2855993321,2070,0.944375097,0.009435202509
144,0.75,0.25,0.2855993321,2072.5,0.9443138127,0.009459949507
144,0.75,0.25,0.2855993321,2075,0.9442496655,0.009481212491
144,0.75,0.25,0.2855993321,2077.5,0.9441833568,0.009500444913
144,0.75,0.25,0.2855993321,2080,0.9441133612,0.009518275965
144,0.75,0.25,0.2855993321,2082.5,0.9440404525,0.009541468783
144,0.75,0.25,0.2855993321,2085,0.9439701247,0.009564010698
144,0.75,0.25,0.2855993321,2087.5,0.9438980028,0.009588139938
144,0.75,0.25,0.2855993321,2090,0.9438244199,0.009613060692
144,0.75,0.25,0.2855993321,2092.5,0.9437533151,0.009636220099
144,0.75,0.25,0.2855993321,2095,0.9436777379,0.009658322384
144,0.75,0.25,0.2855993321,2097.5,0.9435982574,0.009672591251
144,0.75,0.25,0.2855993321,2100,0.9435209445,0.009693914637
144,0.75,0.25,0.2855993321,2102.5,0.9434383021,0.009710918431
144,0.75,0.25,0.2855993321,2105,0.9433573072,0.009724277978
144,0.75,0.25,0.2855993321,2107.5,0.9432844218,0.009738570376
144,0.75,0.25,0.2855993321,2110,0.9432026059,0.009756529975
144,0.75,0.25,0.2855993321,2112.5,0.9431258011,0.009778596613
144,0.75,0.25,0.2855993321,2115,0.9430480399,0.00979638997
144,0.75,0.25,0.2855993321,2117.5,0.9429773305,0.009812236468
144,0.75,0.25,0.2855993321,2120,0.9429120636,0.009832204279
144,0.75,0.25,0.2855993321,2122.5,0.9428363627,0.00984931769
144,0.75,0.25,0.2855993321,2125,0.9427743797,0.009862713804
144,0.75,0.25,0.2855993321,2127.5,0.9427077718,0.00987992226
144,0.75,0.25,0.2855993321,2130,0.9426475189,0.009894286542
144,0.75,0.25,0.2855993321,2132.5,0.9425829931,0.009905744316
144,0.75,0.25,0.2855993321,2135,0.9425338477,0.009921419104
144,0.75,0.25,0.2855993321,2137.5,0.9424813267,0.009942872127
144,0.75,0.25,0.2855993321,2140,0.9424183241,0.009960079019
144,0.75,0.25,0.2855993321,2142.5,0.9423602734,0.009975907013
144,0.75,0.25,0.2855993321,2145,0.9423118501,0.009993693366
144,0.75,0.25,0.2855993321,2147.5,0.9422689233,0.01000996239
144,0.75,0.25,0.2855993321,2150,0.9422215269,0.01002290451
144,0.75,0.25,0.2855993321,2152.5,0.9421703296,0.01003446281
144,0.75,0.25,0.2855993321,2155,0.9421236749,0.01004881194
144,0.75,0.25,0.2855993321,2157.5,0.9420721669,0.01006018089
144,0.75,0.25,0.2855993321,2160,0.9420172962,0.01007251576
144,0.75,0.25,0.2855993321,2162.5,0.9419634659,0.01008214156
144,0.75,0.25,0.2855993321,2165,0.9419183788,0.01009194388
144,0.75,0.25,0.2855993321,2167.5,0.9418653154,0.01010643666
144,0.75,0.25,0.2855993321,2170,0.9418087787,0.01011910811
144,0.75,0.25,0.2855993321,2172.5,0.9417589552,0.01012990589
144,0.75,0.25,0.2855993321,2175,0.9417079884,0.01013874612
144,0.75,0.25,0.2855993321,2177.5,0.941656509,0.01014683976
144,0.75,0.25,0.2855993321,2180,0.9416006148,0.01015110716
144,0.75,0.25,0.2855993321,2182.5,0.9415366203,0.01016167185
144,0.75,0.25,0.2855993321,2185,0.9414628923,0.01016540614
144,0.75,0.25,0.2855993321,2187.5,0.9413911854,0.01017176706
144,0.75,0.25,0.2855993321,2190,0.9413141725,0.01018470165
144,0.75,0.25,0.2855993321,2192.5,0.9412480794,0.01019458433
144,0.75,0.25,0.2855993321,2195,0.9411758983,0.01020166462
144,0.75,0.25,0.2855993321,2197.5,0.9410972599,0.01020593772
144,0.75,0.25,0.2855993321,2200,0.9410254807,0.01021357952
144,0.75,0.25,0.2855993321,2202.5,0.9409543233,0.01021763877
144,0.75,0.25,0.2855993321,2205,0.9408880301,0.01022020941
144,0.75,0.25,0.2855993321,2207.5,0.9408278928,0.01022485039
144,0.75,0.25,0.2855993321,2210,0.9407697601,0.01022788084
144,0.75,0.25,0.2855993321,2212.5,0.9407149581,0.0102301878
144,0.75,0.25,0.2855993321,2215,0.9406560252,0.01023836727
144,0.75,0.25,0.2855993321,2217.5,0.9405983121,0.01025253041
144,0.75,0.25,0.2855993321,2220,0.9405418397,0.01026258801
144,0.75,0.25,0.2855993321,2222.5,0.9404871675,0.01026437397
144,0.75,0.25,0.2855993321,2225,0.9404417144,0.01026821756
144,0.75,0.25,0.2855993321,2227.5,0.9403923094,0.01026458029
144,0.75,0.25,0.2855993321,2230,0.9403431987,0.01026011681
144,0.75,0.25,0.2855993321,2232.5,0.9402976043,0.01025777812
144,0.75,0.25,0.2855993321,2235,0.9402438778,0.01025419508
144,0.75,0.25,0.2855993321,2237.5,0.9401924053,0.0102537849
144,0.75,0.25,0.2855993321,2240,0.940145022,0.01025262672
144,0.75,0.25,0.2855993321,2242.5,0.9400955681,0.01025179733
144,0.75,0.25,0.2855993321,2245,0.94003048,0.0102514711
144,0.75,0.25,0.2855993321,2247.5,0.9399624308,0.01024953921
144,0.75,0.25,0.2855993321,2250,0.939903981,0.01025142468
144,0.75,0.25,0.2855993321,2252.5,0.9398402834,0.01025548473
144,0.75,0.25,0.2855993321,2255,0.9397763662,0.01025984208
144,0.75,0.25,0.2855993321,2257.5,0.9396994561,0.01026349059
144,0.75,0.25,0.2855993321,2260,0.9396241788,0.01026551906
144,0.75,0.25,0.2855993321,2262.5,0.9395584939,0.01026499298
144,0.75,0.25,0.2855993321,2265,0.9394906449,0.01025984627
144,0.75,0.25,0.2855993321,2267.5,0.939427857,0.0102532036
144,0.75,0.25,0.2855993321,2270,0.939354474,0.01024385631
144,0.75,0.25,0.2855993321,2272.5,0.9393009082,0.01023288825
144,0.75,0.25,0.2855993321,2275,0.9392425965,0.01022555919
144,0.75,0.25,0.2855993321,2277.5,0.9391861716,0.01022393481
144,0.75,0.25,0.2855993321,2280,0.9391285843,0.01022520975
144,0.75,0.25,0.2855993321,2282.5,0.9390750129,0.01022895121
144,0.75,0.25,0.2855993321,2285,0.939023665,0.01023235476
144,0.75,0.25,0.2855993321,2287.5,0.9389790159,0.01023871225
144,0.75,0.25,0.2855993321,2290,0.9389258151,0.01024454528
144,0.75,0.25,0.2855993321,2292.5,0.9388656757,0.01025583382
144,0.75,0.25,0.2855993321,2295,0.9387951664,0.01026786948
144,0.75,0.25,0.2855993321,2297.5,0.93872439,0.01027933408
144,0.75,0.25,0.2855993321,2300,0.9386508907,0.01028242249
144,0.75,0.25,0.2855993321,2302.5,0.9385816888,0.01028108528
144,0.75,0.25,0.2855993321,2305,0.9385157316,0.0102856746
144,0.75,0.25,0.2855993321,2307.5,0.9384519458,0.01028690011
144,0.75,0.25,0.2855993321,2310,0.9383750298,0.01028757687
144,0.75,0.25,0.2855993321,2312.5,0.9382940458,0.01029235733
144,0.75,0.25,0.2855993321,2315,0.9382089103,0.01030114783
144,0.75,0.25,0.2855993321,2317.5,0.9381146582,0.0103093969
144,0.75,0.25,0.2855993321,2320,0.9380233122,0.01031200856
144,0.75,0.25,0.2855993321,2322.5,0.937931801,0.01031341183
144,0.75,0.25,0.2855993321,2325,0.9378491704,0.01031319168
144,0.75,0.25,0.2855993321,2327.5,0.9377592982,0.01031373773
144,0.75,0.25,0.2855993321,2330,0.9376804294,0.01032113402
144,0.75,0.25,0.2855993321,2332.5,0.9376022309,0.01032936071
144,0.75,0.25,0.2855993321,2335,0.9375163666,0.01033562338
144,0.75,0.25,0.2855993321,2337.5,0.9374219758,0.01033998314
144,0.75,0.25,0.2855993321,2340,0.9373304873,0.01034527678
144,0.75,0.25,0.2855993321,2342.5,0.9372401507,0.0103489826
144,0.75,0.25,0.2855993321,2345,0.9371498102,0.01035585238
144,0.75,0.25,0.2855993321,2347.5,0.9370669302,0.01036130256
144,0.75,0.25,0.2855993321,2350,0.9369784253,0.01036486672
144,0.75,0.25,0.2855993321,2352.5,0.9368933007,0.01037033553
144,0.75,0.25,0.2855993321,2355,0.9368115567,0.01037647861
144,0.75,0.25,0.2855993321,2357.5,0.9367224627,0.01037616246
144,0.75,0.25,0.2855993321,2360,0.9366388061,0.01038042011
144,0.75,0.25,0.2855993321,2362.5,0.9365575799,0.01038619893
144,0.75,0.25,0.2855993321,2365,0.9364832058,0.01039250765
144,0.75,0.25,0.2855993321,2367.5,0.936414016,0.01039688323
144,0.75,0.25,0.2855993321,2370,0.9363431946,0.01040132291
144,0.75,0.25,0.2855993321,2372.5,0.9362594652,0.01040192367
144,0.75,0.25,0.2855993321,2375,0.9361731049,0.01040685373
144,0.75,0.25,0.2855993321,2377.5,0.9360849094,0.0104061727
144,0.75,0.25,0.2855993321,2380,0.9360009407,0.01040428032
144,0.75,0.25,0.2855993321,2382.5,0.9359052423,0.01040131817
144,0.75,0.25,0.2855993321,2385,0.9358045486,0.01039823815
144,0.75,0.25,0.2855993321,2387.5,0.9357138071,0.01040138308
144,0.75,0.25,0.2855993321,2390,0.9356177367,0.01040025369
144,0.75,0.25,0.2855993321,2392.5,0.9355282159,0.0103904452
144,0.75,0.25,0.2855993321,2395,0.935441047,0.01038137099
144,0.75,0.25,0.2855993321,2397.5,0.9353564231,0.01037497866
144,0.75,0.25,0.2855993321,2400,0.935277692,0.01036437302
144,0.75,0.25,0.2855993321,2402.5,0.9352006078,0.01035728488
144,0.75,0.25,0.2855993321,2405,0.9351196538,0.01034968263
144,0.75,0.25,0.2855993321,2407.5,0.935048146,0.01033196452
144,0.75,0.25,0.2855993321,2410,0.9349774446,0.01032133288
144,0.75,0.25,0.2855993321,2412.5,0.9348960104,0.01031112433
144,0.75,0.25,0.2855993321,2415,0.9348144012,0.01030446634
144,0.75,0.25,0.2855993321,2417.5,0.9347350344,0.01030307897
144,0.75,0.25,0.2855993321,2420,0.934671121,0.01029622102
144,0.75,0.25,0.2855993321,2422.5,0.9345981991,0.0102874996
144,0.75,0.25,0.2855993321,2425,0.9345332236,0.01027773258
144,0.75,0.25,0.2855993321,2427.5,0.9344576399,0.0102642651
144,0.75,0.25,0.2855993321,2430,0.9343708551,0.01025475684
144,0.75,0.25,0.2855993321,2432.5,0.9342861244,0.0102439641
144,0.75,0.25,0.2855993321,2435,0.9342004877,0.01023406765
144,0.75,0.25,0.2855993321,2437.5,0.934113885,0.01021953003
144,0.75,0.25,0.2855993321,2440,0.9340375205,0.01020902056
144,0.75,0.25,0.2855993321,2442.5,0.9339473113,0.01019672699
144,0.75,0.25,0.2855993321,2445,0.9338532728,0.01018425391
144,0.75,0.25,0.2855993321,2447.5,0.9337558973,0.01017178484
144,0.75,0.25,0.2855993321,2450,0.9336531303,0.01016254701
144,0.75,0.25,0.2855993321,2452.5,0.9335596092,0.01015055224
144,0.75,0.25,0.2855993321,2455,0.9334784085,0.01013878236
144,0.75,0.25,0.2855993321,2457.5,0.9334063257,0.0101231014
144,0.75,0.25,0.2855993321,2460,0.9333300856,0.01010655413
144,0.75,0.25,0.2855993321,2462.5,0.933252112,0.01009079022
144,0.75,0.25,0.2855993321,2465,0.9331705919,0.01007981104
144,0.75,0.25,0.2855993321,2467.5,0.9330812626,0.01007070899
144,0.75,0.25,0.2855993321,2470,0.932995032,0.01006483134
144,0.75,0.25,0.2855993321,2472.5,0.9329104205,0.01005946912
144,0.75,0.25,0.2855993321,2475,0.9328241842,0.01005998958
144,0.75,0.25,0.2855993321,2477.5,0.9327397166,0.01005337828
144,0.75,0.25,0.2855993321,2480,0.9326551776,0.01005397398
144,0.75,0.25,0.2855993321,2482.5,0.9325751306,0.01005850795
144,0.75,0.25,0.2855993321,2485,0.9324807447,0.0100670384
144,0.75,0.25,0.2855993321,2487.5,0.9323947942,0.01007392145
144,0.75,0.25,0.2855993321,2490,0.9323044733,0.0100740795
144,0.75,0.25,0.2855993321,2492.5,0.9322186023,0.01007824913
144,0.75,0.25,0.2855993321,2495,0.9321298432,0.01007319026
144,0.75,0.25,0.2855993321,2497.5,0.9320388033,0.01007090043
144,0.75,0.25,0.2855993321,2500,0.9319519787,0.0100663119
144,0.75,0.25,0.2855993321,2502.5,0.9318651165,0.01006548196
144,0.75,0.25,0.2855993321,2505,0.9317748586,0.01006523791
144,0.75,0.25,0.2855993321,2507.5,0.9316784507,0.01005619429
144,0.75,0.25,0.2855993321,2510,0.9315893558,0.01004750614
144,0.75,0.25,0.2855993321,2512.5,0.9314972399,0.01004491052
144,0.75,0.25,0.2855993321,2515,0.9314081132,0.01004268566
144,0.75,0.25,0.2855993321,2517.5,0.9313170038,0.01003679349
144,0.75,0.25,0.2855993321,2520,0.9312243882,0.01003059238
144,0.75,0.25,0.2855993321,2522.5,0.9311205971,0.01002883475
144,0.75,0.25,0.2855993321,2525,0.9310143523,0.01002600281
144,0.75,0.25,0.2855993321,2527.5,0.9308965314,0.01002346133
144,0.75,0.25,0.2855993321,2530,0.9307813575,0.01002037558
144,0.75,0.25,0.2855993321,2532.5,0.9306567338,0.01002102585
144,0.75,0.25,0.2855993321,2535,0.9305456306,0.01002613948
144,0.75,0.25,0.2855993321,2537.5,0.9304394772,0.01003175581
144,0.75,0.25,0.2855993321,2540,0.9303256214,0.01003743987
144,0.75,0.25,0.2855993321,2542.5,0.9302124701,0.0100402035
144,0.75,0.25,0.2855993321,2545,0.9300992058,0.01004452859
144,0.75,0.25,0.2855993321,2547.5,0.929986528,0.01004803976
144,0.75,0.25,0.2855993321,2550,0.9298759104,0.01005092209
144,0.75,0.25,0.2855993321,2552.5,0.9297488046,0.01005139061
144,0.75,0.25,0.2855993321,2555,0.9296275864,0.01005475685
144,0.75,0.25,0.2855993321,2557.5,0.9295076654,0.01006340147
144,0.75,0.25,0.2855993321,2560,0.9293897591,0.01006872103
144,0.75,0.25,0.2855993321,2562.5,0.929272505,0.01007630825
144,0.75,0.25,0.2855993321,2565,0.9291467351,0.010092405
144,0.75,0.25,0.2855993321,2567.5,0.929031241,0.01010810347
144,0.75,0.25,0.2855993321,2570,0.9289101292,0.01012205214
144,0.75,0.25,0.2855993321,2572.5,0.9287895458,0.01013416284
144,0.75,0.25,0.2855993321,2575,0.9286673674,0.01014990553
144,0.75,0.25,0.2855993321,2577.5,0.9285436416,0.01016254044
144,0.75,0.25,0.2855993321,2580,0.9284203539,0.01017588433
144,0.75,0.25,0.2855993321,2582.5,0.9282924793,0.01018351616
144,0.75,0.25,0.2855993321,2585,0.9281647597,0.01019178002
144,0.75,0.25,0.2855993321,2587.5,0.9280329245,0.0102005294
144,0.75,0.25,0.2855993321,2590,0.9278952395,0.01020565283
144,0.75,0.25,0.2855993321,2592.5,0.9277499274,0.01020745474
144,0.75,0.25,0.2855993321,2595,0.9276091555,0.01020720471
144,0.75,0.25,0.2855993321,2597.5,0.9274551281,0.01021275703
144,0.75,0.25,0.2855993321,2600,0.9273140767,0.01021466419
144,0.75,0.25,0.2855993321,2602.5,0.9271694423,0.01022085643
144,0.75,0.25,0.2855993321,2605,0.9270295871,0.01022194102
144,0.75,0.25,0.2855993321,2607.5,0.9268913124,0.01021953694
144,0.75,0.25,0.2855993321,2610,0.9267509396,0.01021831187
144,0.75,0.25,0.2855993321,2612.5,0.9266308921,0.01021253998
144,0.75,0.25,0.2855993321,2615,0.9265138748,0.01021313943
144,0.75,0.25,0.2855993321,2617.5,0.9264051751,0.01021222147
144,0.75,0.25,0.2855993321,2620,0.9262928754,0.01021146554
144,0.75,0.25,0.2855993321,2622.5,0.9261806119,0.01021359512
144,0.75,0.25,0.2855993321,2625,0.9260799084,0.01021593929
144,0.75,0.25,0.2855993321,2627.5,0.9259699255,0.0102170373
144,0.75,0.25,0.2855993321,2630,0.925868688,0.01022001257
144,0.75,0.25,0.2855993321,2632.5,0.9257593803,0.01022112113
144,0.75,0.25,0.2855993321,2635,0.9256499675,0.01021556455
144,0.75,0.25,0.2855993321,2637.5,0.9255468501,0.01020382077
144,0.75,0.25,0.2855993321,2640,0.925446801,0.01018958022
144,0.75,0.25,0.2855993321,2642.5,0.9253523024,0.01017356376
144,0.75,0.25,0.2855993321,2645,0.9252514173,0.01015843674
144,0.75,0.25,0.2855993321,2647.5,0.9251393343,0.01014592737
144,0.75,0.25,0.2855993321,2650,0.9250358965,0.01013309192
144,0.75,0.25,0.2855993321,2652.5,0.9249259383,0.01011758606
144,0.75,0.25,0.2855993321,2655,0.9248082678,0.01010741142
144,0.75,0.25,0.2855993321,2657.5,0.9246815884,0.01009451911
144,0.75,0.25,0.2855993321,2660,0.924551891,0.01008267423
144,0.75,0.25,0.2855993321,2662.5,0.9244160714,0.01007208751
144,0.75,0.25,0.2855993321,2665,0.924281142,0.01006233106
144,0.75,0.25,0.2855993321,2667.5,0.9241591928,0.01005125197
144,0.75,0.25,0.2855993321,2670,0.9240345451,0.01004432366
144,0.75,0.25,0.2855993321,2672.5,0.9239107887,0.01004217174
144,0.75,0.25,0.2855993321,2675,0.9237899755,0.0100422103
144,0.75,0.25,0.2855993321,2677.5,0.923661348,0.01003577351
144,0.75,0.25,0.2855993321,2680,0.9235335536,0.01002580857
144,0.75,0.25,0.2855993321,2682.5,0.9234005291,0.01001948275
144,0.75,0.25,0.2855993321,2685,0.9232627895,0.0100067399
144,0.75,0.25,0.2855993321,2687.5,0.9231223737,0.009992942773
144,0.75,0.25,0.2855993321,2690,0.9229770708,0.009986426604
144,0.75,0.25,0.2855993321,2692.5,0.9228415714,0.00997574161
144,0.75,0.25,0.2855993321,2695,0.9227060484,0.009973734728
144,0.75,0.25,0.2855993321,2697.5,0.9225657256,0.009971069573
144,0.75,0.25,0.2855993321,2700,0.9224257354,0.009969523136
144,0.75,0.25,0.2855993321,2702.5,0.9222800645,0.009963973805
144,0.75,0.25,0.2855993321,2705,0.9221321841,0.009962397646
144,0.75,0.25,0.2855993321,2707.5,0.921983901,0.009961289721
144,0.75,0.25,0.2855993321,2710,0.921836245,0.00996507385
144,0.75,0.25,0.2855993321,2712.5,0.9217015751,0.009966584706
144,0.75,0.25,0.2855993321,2715,0.9215607795,0.00997130675
144,0.75,0.25,0.2855993321,2717.5,0.921411954,0.009974827692
144,0.75,0.25,0.2855993321,2720,0.9212604365,0.009981177874
144,0.75,0.25,0.2855993321,2722.5,0.9211090429,0.009985966475
144,0.75,0.25,0.2855993321,2725,0.9209470755,0.009995826194
144,0.75,0.25,0.2855993321,2727.5,0.9207854743,0.0100061523
144,0.75,0.25,0.2855993321,2730,0.9206253459,0.01001464457
144,0.75,0.25,0.2855993321,2732.5,0.9204653072,0.01002085521
144,0.75,0.25,0.2855993321,2735,0.9203052005,0.01002246631
144,0.75,0.25,0.2855993321,2737.5,0.9201447298,0.01003368806
144,0.75,0.25,0.2855993321,2740,0.919989637,0.01004131453
144,0.75,0.25,0.2855993321,2742.5,0.9198430465,0.01004983505
144,0.75,0.25,0.2855993321,2745,0.9197024823,0.01005907927
144,0.75,0.25,0.2855993321,2747.5,0.9195589171,0.01006456864
144,0.75,0.25,0.2855993321,2750,0.9194111323,0.01006415706
144,0.75,0.25,0.2855993321,2752.5,0.9192648934,0.01006649265
144,0.75,0.25,0.2855993321,2755,0.9191150092,0.01006141193
144,0.75,0.25,0.2855993321,2757.5,0.9189577336,0.01005402354
144,0.75,0.25,0.2855993321,2760,0.9187984935,0.0100451391
144,0.75,0.25,0.2855993321,2762.5,0.9186363741,0.01003878453
144,0.75,0.25,0.2855993321,2765,0.9184783556,0.01002774489
144,0.75,0.25,0.2855993321,2767.5,0.9183269636,0.0100087909
144,0.75,0.25,0.2855993321,2770,0.9181600338,0.009993920215
144,0.75,0.25,0.2855993321,2772.5,0.9179853327,0.009980226915
144,0.75,0.25,0.2855993321,2775,0.9178120456,0.009967702133
144,0.75,0.25,0.2855993321,2777.5,0.9176278617,0.009956429159
144,0.75,0.25,0.2855993321,2780,0.9174536152,0.009952154688
144,0.75,0.25,0.2855993321,2782.5,0.9172751931,0.009948518665
144,0.75,0.25,0.2855993321,2785,0.9170939313,0.009950959342
144,0.75,0.25,0.2855993321,2787.5,0.9168999127,0.00994611157
144,0.75,0.25,0.2855993321,2790,0.9167184087,0.009948593272
144,0.75,0.25,0.2855993321,2792.5,0.9165408192,0.009952796578
144,0.75,0.25,0.2855993321,2795,0.9163475613,0.009956732558
144,0.75,0.25,0.2855993321,2797.5,0.9161547574,0.009962442969
144,0.75,0.25,0.2855993321,2800,0.9159634514,0.009962478388
144,0.75,0.25,0.2855993321,2802.5,0.915770654,0.009966863985
144,0.75,0.25,0.2855993321,2805,0.9155812056,0.009963580715
144,0.75,0.25,0.2855993321,2807.5,0.9154005072,0.009956448239
144,0.75,0.25,0.2855993321,2810,0.9152253508,0.009951519874
144,0.75,0.25,0.2855993321,2812.5,0.9150452612,0.009949954655
144,0.75,0.25,0.2855993321,2815,0.9148685703,0.009946122399
144,0.75,0.25,0.2855993321,2817.5,0.9146917601,0.009941514866
144,0.75,0.25,0.2855993321,2820,0.914514653,0.009931083649
144,0.75,0.25,0.2855993321,2822.5,0.9143309879,0.009918722028
144,0.75,0.25,0.2855993321,2825,0.9141431478,0.009909054699
144,0.75,0.25,0.2855993321,2827.5,0.9139536429,0.009898024024
144,0.75,0.25,0.2855993321,2830,0.9137667534,0.009884364263
144,0.75,0.25,0.2855993321,2832.5,0.9135866608,0.009872685183
144,0.75,0.25,0.2855993321,2835,0.9134064081,0.009866606836
144,0.75,0.25,0.2855993321,2837.5,0.9132171496,0.009853145856
144,0.75,0.25,0.2855993321,2840,0.9130287977,0.009837441114
144,0.75,0.25,0.2855993321,2842.5,0.9128405648,0.009827942542
144,0.75,0.25,0.2855993321,2845,0.9126595618,0.00982827106
144,0.75,0.25,0.2855993321,2847.5,0.9124733057,0.009835636543
144,0.75,0.25,0.2855993321,2850,0.9122883714,0.009841822659
144,0.75,0.25,0.2855993321,2852.5,0.9121006904,0.009846478732
144,0.75,0.25,0.2855993321,2855,0.9119174684,0.009858081631
144,0.75,0.25,0.2855993321,2857.5,0.9117330167,0.009867873989
144,0.75,0.25,0.2855993321,2860,0.9115469036,0.009883039485
144,0.75,0.25,0.2855993321,2862.5,0.9113662783,0.00989433565
144,0.75,0.25,0.2855993321,2865,0.9111838243,0.009907069417
144,0.75,0.25,0.2855993321,2867.5,0.9110101891,0.0099171617
144,0.75,0.25,0.2855993321,2870,0.9108305773,0.009927965083
144,0.75,0.25,0.2855993321,2872.5,0.9106466877,0.009936424194
144,0.75,0.25,0.2855993321,2875,0.9104728499,0.009948630984
144,0.75,0.25,0.2855993321,2877.5,0.9102999046,0.009958239275
144,0.75,0.25,0.2855993321,2880,0.9101284915,0.00997443439
144,0.75,0.25,0.2855993321,2882.5,0.9099531391,0.00999367739
144,0.75,0.25,0.2855993321,2885,0.9097707417,0.01000823732
144,0.75,0.25,0.2855993321,2887.5,0.9095945526,0.0100253437
144,0.75,0.25,0.2855993321,2890,0.9094174739,0.01004605927
144,0.75,0.25,0.2855993321,2892.5,0.9092400395,0.01006987545
144,0.75,0.25,0.2855993321,2895,0.909066519,0.01008639907
144,0.75,0.25,0.2855993321,2897.5,0.9088951559,0.01009731723
144,0.75,0.25,0.2855993321,2900,0.9087197488,0.01011560945
144,0.75,0.25,0.2855993321,2902.5,0.9085416785,0.01013079057
144,0.75,0.25,0.2855993321,2905,0.9083617662,0.01014339976
144,0.75,0.25,0.2855993321,2907.5,0.9081859244,0.010153448
144,0.75,0.25,0.2855993321,2910,0.9080052741,0.01016369178
144,0.75,0.25,0.2855993321,2912.5,0.9078333129,0.01017516778
144,0.75,0.25,0.2855993321,2915,0.9076657823,0.01018253897
144,0.75,0.25,0.2855993321,2917.5,0.9074993654,0.01018706657
144,0.75,0.25,0.2855993321,2920,0.9073307045,0.01019192307
144,0.75,0.25,0.2855993321,2922.5,0.9071559217,0.0101958586
144,0.75,0.25,0.2855993321,2925,0.9069855716,0.01020376808
144,0.75,0.25,0.2855993321,2927.5,0.9068153454,0.01021226435
144,0.75,0.25,0.2855993321,2930,0.9066308708,0.01022662218
144,0.75,0.25,0.2855993321,2932.5,0.9064499243,0.01023598027
144,0.75,0.25,0.2855993321,2935,0.9062524105,0.0102345783
144,0.75,0.25,0.2855993321,2937.5,0.9060597154,0.01022944363
144,0.75,0.25,0.2855993321,2940,0.9058756493,0.01022657028
144,0.75,0.25,0.2855993321,2942.5,0.905684101,0.01022655713
144,0.75,0.25,0.2855993321,2945,0.9054779036,0.01022375065
144,0.75,0.25,0.2855993321,2947.5,0.9052697713,0.01022196514
144,0.75,0.25,0.2855993321,2950,0.9050593921,0.0102203005
144,0.75,0.25,0.2855993321,2952.5,0.9048575468,0.01022348604
144,0.75,0.25,0.2855993321,2955,0.9046587794,0.01022513675
144,0.75,0.25,0.2855993321,2957.5,0.904455438,0.01022900144
144,0.75,0.25,0.2855993321,2960,0.9042488959,0.01023605023
144,0.75,0.25,0.2855993321,2962.5,0.9040493101,0.01024476841
144,0.75,0.25,0.2855993321,2965,0.9038514546,0.01025585189
144,0.75,0.25,0.2855993321,2967.5,0.9036578416,0.01026993151
144,0.75,0.25,0.2855993321,2970,0.9034745135,0.01028441667
144,0.75,0.25,0.2855993321,2972.5,0.9032898296,0.0103031448
144,0.75,0.25,0.2855993321,2975,0.9031087904,0.01032638987
144,0.75,0.25,0.2855993321,2977.5,0.9029286101,0.01034739608
144,0.75,0.25,0.2855993321,2980,0.9027463257,0.01036615388
144,0.75,0.25,0.2855993321,2982.5,0.9025529315,0.0103893517
144,0.75,0.25,0.2855993321,2985,0.9023581951,0.01041121478
144,0.75,0.25,0.2855993321,2987.5,0.9021648196,0.01043696704
144,0.75,0.25,0.2855993321,2990,0.9019756007,0.01045794786
144,0.75,0.25,0.2855993321,2992.5,0.9017740842,0.01048090899
144,0.75,0.25,0.2855993321,2995,0.9015778513,0.0105083845
144,0.75,0.25,0.2855993321,2997.5,0.9013882305,0.01053538763
144,0.75,0.25,0.2855993321,3000,0.9012022765,0.01056039821
144,0.75,0.25,0.2855993321,3002.5,0.90102167,0.01058883362
144,0.75,0.25,0.2855993321,3005,0.9008219712,0.01062214936
144,0.75,0.25,0.2855993321,3007.5,0.900612892,0.01065075451
144,0.75,0.25,0.2855993321,3010,0.9004062862,0.01067514611
144,0.75,0.25,0.2855993321,3012.5,0.900196395,0.01070730941
144,0.75,0.25,0.2855993321,3015,0.8999828947,0.01073723525
144,0.75,0.25,0.2855993321,3017.5,0.8997731959,0.01076552664
144,0.75,0.25,0.2855993321,3020,0.8995628659,0.01079465505
144,0.75,0.25,0.2855993321,3022.5,0.8993487571,0.01082608016
144,0.75,0.25,0.2855993321,3025,0.8991380821,0.01084901601
144,0.75,0.25,0.2855993321,3027.5,0.8989288405,0.01086801865
144,0.75,0.25,0.2855993321,3030,0.8987185976,0.01088936229
144,0.75,0.25,0.2855993321,3032.5,0.8985116369,0.01091030514
144,0.75,0.25,0.2855993321,3035,0.8983168205,0.01093439943
144,0.75,0.25,0.2855993321,3037.5,0.8981206958,0.01095282722
144,0.75,0.25,0.2855993321,3040,0.8979284486,0.01097623129
144,0.75,0.25,0.2855993321,3042.5,0.8977254022,0.01099156545
144,0.75,0.25,0.2855993321,3045,0.8975179137,0.0110057964
144,0.75,0.25,0.2855993321,3047.5,0.8973160422,0.0110175608
144,0.75,0.25,0.2855993321,3050,0.897117965,0.01102871539
144,0.75,0.25,0.2855993321,3052.5,0.8969109354,0.01104225153
144,0.75,0.25,0.2855993321,3055,0.8967004171,0.01105225477
144,0.75,0.25,0.2855993321,3057.5,0.8964889647,0.0110719559
144,0.75,0.25,0.2855993321,3060,0.8962813023,0.01108998361
144,0.75,0.25,0.2855993321,3062.5,0.8960772949,0.01110464353
144,0.75,0.25,0.2855993321,3065,0.8958667194,0.01111794503
144,0.75,0.25,0.2855993321,3067.5,0.8956583207,0.01113925692
144,0.75,0.25,0.2855993321,3070,0.895444925,0.0111666083
144,0.75,0.25,0.2855993321,3072.5,0.8952328104,0.01119130549
144,0.75,0.25,0.2855993321,3075,0.895020116,0.01121116463
144,0.75,0.25,0.2855993321,3077.5,0.89481152,0.01123328158
144,0.75,0.25,0.2855993321,3080,0.8946054656,0.01125988637
144,0.75,0.25,0.2855993321,3082.5,0.8943948316,0.01129160308
144,0.75,0.25,0.2855993321,3085,0.894187398,0.01132496873
144,0.75,0.25,0.2855993321,3087.5,0.893980418,0.01135589726
144,0.75,0.25,0.2855993321,3090,0.8937656221,0.0113921032
144,0.75,0.25,0.2855993321,3092.5,0.8935505484,0.01142750259
144,0.75,0.25,0.2855993321,3095,0.8933338052,0.01145414323
144,0.75,0.25,0.2855993321,3097.5,0.8931250395,0.01147966929
144,0.75,0.25,0.2855993321,3100,0.8929231545,0.01151169966
144,0.75,0.25,0.2855993321,3102.5,0.8927185606,0.01153977129
144,0.75,0.25,0.2855993321,3105,0.8925068428,0.0115730268
144,0.75,0.25,0.2855993321,3107.5,0.8922846803,0.01160479784
144,0.75,0.25,0.2855993321,3110,0.8920657558,0.01163998455
144,0.75,0.25,0.2855993321,3112.5,0.8918430207,0.01167665543
144,0.75,0.25,0.2855993321,3115,0.8916172574,0.01171444613
144,0.75,0.25,0.2855993321,3117.5,0.8913854019,0.0117555705
144,0.75,0.25,0.2855993321,3120,0.8911650997,0.01179951075
144,0.75,0.25,0.2855993321,3122.5,0.8909445529,0.01183854139
144,0.7,0.3,0.2855993321,0,1,0
144,0.7,0.3,0.2855993321,2.5,0.9996785718,2.030811214e-05
144,0.7,0.3,0.2855993321,5,0.9993844686,4.254511518e-05
144,0.7,0.3,0.2855993321,7.5,0.9991302233,6.253533142e-05
144,0.7,0.3,0.2855993321,10,0.9988882299,8.580333909e-05
144,0.7,0.3,0.2855993321,12.5,0.9986591966,0.0001064145445
144,0.7,0.3,0.2855993321,15,0.9984368132,0.0001266360083
144,0.7,0.3,0.2855993321,17.5,0.9982232481,0.0001498121213
144,0.7,0.3,0.2855993321,20,0.9980173728,0.0001725808132
144,0.7,0.3,0.2855993321,22.5,0.9978162623,0.0001974659591
144,0.7,0.3,0.2855993321,25,0.9976178876,0.0002233959848
144,0.7,0.3,0.2855993321,27.5,0.9974195041,0.0002465357945
144,0.7,0.3,0.2855993321,30,0.9972267317,0.0002637750694
144,0.7,0.3,0.2855993321,32.5,0.9970407645,0.0002811883074
144,0.7,0.3,0.2855993321,35,0.9968623163,0.0002980042476
144,0.7,0.3,0.2855993321,37.5,0.9966885244,0.000314139953
144,0.7,0.3,0.2855993321,40,0.9965153857,0.0003274132229
144,0.7,0.3,0.2855993321,42.5,0.9963422587,0.0003429378143
144,0.7,0.3,0.2855993321,45,0.9961654516,0.0003578679837
144,0.7,0.3,0.2855993321,47.5,0.9959911329,0.0003746981948
144,0.7,0.3,0.2855993321,50,0.9958222332,0.0003934686835
144,0.7,0.3,0.2855993321,52.5,0.995656757,0.0004131666818
144,0.7,0.3,0.2855993321,55,0.9954924229,0.0004351355226
144,0.7,0.3,0.2855993321,57.5,0.9953219307,0.0004564199941
144,0.7,0.3,0.2855993321,60,0.9951516222,0.0004780734538
144,0.7,0.3,0.2855993321,62.5,0.9949883636,0.0004990598905
144,0.7,0.3,0.2855993321,65,0.9948283235,0.0005183426211
144,0.7,0.3,0.2855993321,67.5,0.9946704429,0.000536898206
144,0.7,0.3,0.2855993321,70,0.9945131631,0.0005551103369
144,0.7,0.3,0.2855993321,72.5,0.9943573178,0.000571366757
144,0.7,0.3,0.2855993321,75,0.9942020113,0.0005885180656
144,0.7,0.3,0.2855993321,77.5,0.9940470799,0.0006041794469
144,0.7,0.3,0.2855993321,80,0.9938937572,0.0006173481624
144,0.7,0.3,0.2855993321,82.5,0.9937385888,0.00063115169
144,0.7,0.3,0.2855993321,85,0.993580774,0.0006444306303
144,0.7,0.3,0.2855993321,87.5,0.9934215338,0.0006543429825
144,0.7,0.3,0.2855993321,90,0.9932684213,0.0006639717825
144,0.7,0.3,0.2855993321,92.5,0.9931154968,0.0006732426043
144,0.7,0.3,0.2855993321,95,0.9929651199,0.00068202486
144,0.7,0.3,0.2855993321,97.5,0.9928171309,0.0006892090613
144,0.7,0.3,0.2855993321,100,0.9926664048,0.0006952600899
144,0.7,0.3,0.2855993321,102.5,0.9925158253,0.0007022875334
144,0.7,0.3,0.2855993321,105,0.9923661374,0.0007104896389
144,0.7,0.3,0.2855993321,107.5,0.992211628,0.0007188740614
144,0.7,0.3,0.2855993321,110,0.9920647568,0.0007284545122
144,0.7,0.3,0.2855993321,112.5,0.9919169773,0.0007373524563
144,0.7,0.3,0.2855993321,115,0.9917734283,0.0007489968514
144,0.7,0.3,0.2855993321,117.5,0.9916288796,0.0007594140269
144,0.7,0.3,0.2855993321,120,0.9914883753,0.0007710433225
144,0.7,0.3,0.2855993321,122.5,0.9913457569,0.000787289711
144,0.7,0.3,0.2855993321,125,0.9912022517,0.0008015786814
144,0.7,0.3,0.2855993321,127.5,0.9910553443,0.0008159386289
144,0.7,0.3,0.2855993321,130,0.990906864,0.0008296797567
144,0.7,0.3,0.2855993321,132.5,0.9907628513,0.0008442289834
144,0.7,0.3,0.2855993321,135,0.9906148764,0.0008618956587
144,0.7,0.3,0.2855993321,137.5,0.9904660016,0.0008799518907
144,0.7,0.3,0.2855993321,140,0.9903176164,0.0008964829085
144,0.7,0.3,0.2855993321,142.5,0.9901643559,0.0009109209903
144,0.7,0.3,0.2855993321,145,0.9900117858,0.000926834258
144,0.7,0.3,0.2855993321,147.5,0.9898669833,0.0009416587297
144,0.7,0.3,0.2855993321,150,0.9897179622,0.0009600370426
144,0.7,0.3,0.2855993321,152.5,0.9895709839,0.0009811499792
144,0.7,0.3,0.2855993321,155,0.9894243332,0.00100048786
144,0.7,0.3,0.2855993321,157.5,0.9892756004,0.001020603054
144,0.7,0.3,0.2855993321,160,0.9891205779,0.001039031319
144,0.7,0.3,0.2855993321,162.5,0.9889680115,0.001055992831
144,0.7,0.3,0.2855993321,165,0.9888121326,0.00107510146
144,0.7,0.3,0.2855993321,167.5,0.9886542602,0.001093201375
144,0.7,0.3,0.2855993321,170,0.988499002,0.00111177972
144,0.7,0.3,0.2855993321,172.5,0.9883418249,0.001130537325
144,0.7,0.3,0.2855993321,175,0.9881920643,0.001151063816
144,0.7,0.3,0.2855993321,177.5,0.9880430201,0.001170735202
144,0.7,0.3,0.2855993321,180,0.9879033891,0.001190025772
144,0.7,0.3,0.2855993321,182.5,0.9877715131,0.001204620744
144,0.7,0.3,0.2855993321,185,0.9876401918,0.0012250655
144,0.7,0.3,0.2855993321,187.5,0.987509187,0.001244545931
144,0.7,0.3,0.2855993321,190,0.9873702718,0.001260868967
144,0.7,0.3,0.2855993321,192.5,0.9872338399,0.001278883275
144,0.7,0.3,0.2855993321,195,0.9870984723,0.001298630467
144,0.7,0.3,0.2855993321,197.5,0.9869644075,0.001315764621
144,0.7,0.3,0.2855993321,200,0.9868264332,0.001333424934
144,0.7,0.3,0.2855993321,202.5,0.9866942261,0.001350707512
144,0.7,0.3,0.2855993321,205,0.9865652327,0.001368763014
144,0.7,0.3,0.2855993321,207.5,0.986437194,0.001387388133
144,0.7,0.3,0.2855993321,210,0.9863149181,0.001407843815
144,0.7,0.3,0.2855993321,212.5,0.9861841978,0.001426966944
144,0.7,0.3,0.2855993321,215,0.9860510589,0.001443055314
144,0.7,0.3,0.2855993321,217.5,0.9859168832,0.001457538577
144,0.7,0.3,0.2855993321,220,0.9857819427,0.001470308935
144,0.7,0.3,0.2855993321,222.5,0.9856502814,0.001482619842
144,0.7,0.3,0.2855993321,225,0.9855175108,0.001497376619
144,0.7,0.3,0.2855993321,227.5,0.9853852837,0.001511433248
144,0.7,0.3,0.2855993321,230,0.9852489581,0.001525490977
144,0.7,0.3,0.2855993321,232.5,0.9851132795,0.00153816752
144,0.7,0.3,0.2855993321,235,0.9849787117,0.001549124911
144,0.7,0.3,0.2855993321,237.5,0.9848437124,0.001558177753
144,0.7,0.3,0.2855993321,240,0.9847063539,0.001567625543
144,0.7,0.3,0.2855993321,242.5,0.9845694847,0.001577109209
144,0.7,0.3,0.2855993321,245,0.9844354005,0.001584675784
144,0.7,0.3,0.2855993321,247.5,0.9843059508,0.001591141521
144,0.7,0.3,0.2855993321,250,0.9841787525,0.001599845257
144,0.7,0.3,0.2855993321,252.5,0.9840508568,0.001612426148
144,0.7,0.3,0.2855993321,255,0.9839219858,0.001621041335
144,0.7,0.3,0.2855993321,257.5,0.9837891568,0.001629854229
144,0.7,0.3,0.2855993321,260,0.9836541415,0.001639320048
144,0.7,0.3,0.2855993321,262.5,0.983520295,0.001648931283
144,0.7,0.3,0.2855993321,265,0.9833855285,0.001656220517
144,0.7,0.3,0.2855993321,267.5,0.9832554573,0.001665207873
144,0.7,0.3,0.2855993321,270,0.9831295191,0.0016789726
144,0.7,0.3,0.2855993321,272.5,0.9830018344,0.001692015548
144,0.7,0.3,0.2855993321,275,0.9828750024,0.00170876104
144,0.7,0.3,0.2855993321,277.5,0.9827441905,0.001723769102
144,0.7,0.3,0.2855993321,280,0.9826215332,0.001735347997
144,0.7,0.3,0.2855993321,282.5,0.9825044014,0.001744352347
144,0.7,0.3,0.2855993321,285,0.9823834534,0.001754641853
144,0.7,0.3,0.2855993321,287.5,0.9822634526,0.001759872597
144,0.7,0.3,0.2855993321,290,0.9821393766,0.001765088039
144,0.7,0.3,0.2855993321,292.5,0.9820141935,0.001771253748
144,0.7,0.3,0.2855993321,295,0.9818830067,0.001773191202
144,0.7,0.3,0.2855993321,297.5,0.9817573771,0.001773512402
144,0.7,0.3,0.2855993321,300,0.9816283788,0.001774718402
144,0.7,0.3,0.2855993321,302.5,0.9815055358,0.001772875954
144,0.7,0.3,0.2855993321,305,0.9813771874,0.001776274698
144,0.7,0.3,0.2855993321,307.5,0.9812484852,0.001778499402
144,0.7,0.3,0.2855993321,310,0.9811162724,0.001779026034
144,0.7,0.3,0.2855993321,312.5,0.9809853777,0.001779346352
144,0.7,0.3,0.2855993321,315,0.9808468858,0.001780593768
144,0.7,0.3,0.2855993321,317.5,0.9807061803,0.001789016372
144,0.7,0.3,0.2855993321,320,0.9805682608,0.001795572553
144,0.7,0.3,0.2855993321,322.5,0.9804293316,0.001799394124
144,0.7,0.3,0.2855993321,325,0.9802865758,0.001800767014
144,0.7,0.3,0.2855993321,327.5,0.9801384106,0.00180136445
144,0.7,0.3,0.2855993321,330,0.9799962644,0.001802060162
144,0.7,0.3,0.2855993321,332.5,0.9798519463,0.001801738096
144,0.7,0.3,0.2855993321,335,0.9797159361,0.001801918077
144,0.7,0.3,0.2855993321,337.5,0.9795823593,0.001804933421
144,0.7,0.3,0.2855993321,340,0.9794488515,0.001808772763
144,0.7,0.3,0.2855993321,342.5,0.9793183426,0.001814746618
144,0.7,0.3,0.2855993321,345,0.9791848646,0.00181697042
144,0.7,0.3,0.2855993321,347.5,0.9790518637,0.001818612114
144,0.7,0.3,0.2855993321,350,0.9789240011,0.001816427383
144,0.7,0.3,0.2855993321,352.5,0.9788002514,0.001812281777
144,0.7,0.3,0.2855993321,355,0.9786802963,0.001807554652
144,0.7,0.3,0.2855993321,357.5,0.9785547572,0.001807264152
144,0.7,0.3,0.2855993321,360,0.9784358916,0.001803975447
144,0.7,0.3,0.2855993321,362.5,0.9783064298,0.001800017228
144,0.7,0.3,0.2855993321,365,0.9781739323,0.001795265395
144,0.7,0.3,0.2855993321,367.5,0.9780474595,0.001791509773
144,0.7,0.3,0.2855993321,370,0.9779245188,0.001789754969
144,0.7,0.3,0.2855993321,372.5,0.977797483,0.001785942445
144,0.7,0.3,0.2855993321,375,0.9776723611,0.001780886956
144,0.7,0.3,0.2855993321,377.5,0.9775450253,0.001780348781
144,0.7,0.3,0.2855993321,380,0.9774147503,0.001777400994
144,0.7,0.3,0.2855993321,382.5,0.9772844258,0.001773923897
144,0.7,0.3,0.2855993321,385,0.9771614793,0.001773478649
144,0.7,0.3,0.2855993321,387.5,0.9770298523,0.001773031383
144,0.7,0.3,0.2855993321,390,0.9768957157,0.001770518379
144,0.7,0.3,0.2855993321,392.5,0.9767702099,0.001767680051
144,0.7,0.3,0.2855993321,395,0.9766548501,0.001765095617
144,0.7,0.3,0.2855993321,397.5,0.97653282,0.001764970747
144,0.7,0.3,0.2855993321,400,0.9764134131,0.001764364625
144,0.7,0.3,0.2855993321,402.5,0.9762963125,0.001763869205
144,0.7,0.3,0.2855993321,405,0.9761773534,0.001765981907
144,0.7,0.3,0.2855993321,407.5,0.9760491546,0.001767969368
144,0.7,0.3,0.2855993321,410,0.9759225799,0.001770604065
144,0.7,0.3,0.2855993321,412.5,0.9757967523,0.001774312763
144,0.7,0.3,0.2855993321,415,0.9756681597,0.001779580463
144,0.7,0.3,0.2855993321,417.5,0.975543921,0.001783654311
144,0.7,0.3,0.2855993321,420,0.9754142691,0.001786101072
144,0.7,0.3,0.2855993321,422.5,0.9752851,0.001791439869
144,0.7,0.3,0.2855993321,425,0.9751614231,0.001795068053
144,0.7,0.3,0.2855993321,427.5,0.97502907,0.001801458007
144,0.7,0.3,0.2855993321,430,0.9748963752,0.001808173292
144,0.7,0.3,0.2855993321,432.5,0.9747653389,0.001813759959
144,0.7,0.3,0.2855993321,435,0.9746440521,0.001820031413
144,0.7,0.3,0.2855993321,437.5,0.9745247667,0.001826580554
144,0.7,0.3,0.2855993321,440,0.9744034203,0.001838811758
144,0.7,0.3,0.2855993321,442.5,0.9742813993,0.001853534699
144,0.7,0.3,0.2855993321,445,0.974168655,0.001866004713
144,0.7,0.3,0.2855993321,447.5,0.9740569169,0.001881290144
144,0.7,0.3,0.2855993321,450,0.9739438555,0.001900124676
144,0.7,0.3,0.2855993321,452.5,0.9738312432,0.001917691947
144,0.7,0.3,0.2855993321,455,0.9737169891,0.001933264919
144,0.7,0.3,0.2855993321,457.5,0.973603931,0.001947398845
144,0.7,0.3,0.2855993321,460,0.9734928126,0.001959214524
144,0.7,0.3,0.2855993321,462.5,0.9733808106,0.001972196243
144,0.7,0.3,0.2855993321,465,0.9732715133,0.001983604105
144,0.7,0.3,0.2855993321,467.5,0.973166371,0.001996343255
144,0.7,0.3,0.2855993321,470,0.9730524403,0.002009552081
144,0.7,0.3,0.2855993321,472.5,0.9729400484,0.002024443825
144,0.7,0.3,0.2855993321,475,0.9728257544,0.002044516911
144,0.7,0.3,0.2855993321,477.5,0.9727082285,0.002067793864
144,0.7,0.3,0.2855993321,480,0.9725966353,0.002088901116
144,0.7,0.3,0.2855993321,482.5,0.9724803892,0.002111145376
144,0.7,0.3,0.2855993321,485,0.972368614,0.00213060387
144,0.7,0.3,0.2855993321,487.5,0.9722600882,0.002149534053
144,0.7,0.3,0.2855993321,490,0.9721527401,0.002163650216
144,0.7,0.3,0.2855993321,492.5,0.9720446646,0.002175085018
144,0.7,0.3,0.2855993321,495,0.9719370793,0.002190785062
144,0.7,0.3,0.2855993321,497.5,0.9718272472,0.002208772102
144,0.7,0.3,0.2855993321,500,0.9717171737,0.00222710064
144,0.7,0.3,0.2855993321,502.5,0.9715998137,0.002242946119
144,0.7,0.3,0.2855993321,505,0.971484502,0.002258563352
144,0.7,0.3,0.2855993321,507.5,0.9713712581,0.002277083678
144,0.7,0.3,0.2855993321,510,0.9712549689,0.002295173093
144,0.7,0.3,0.2855993321,512.5,0.9711356485,0.00231557187
144,0.7,0.3,0.2855993321,515,0.9710180256,0.0023374035
144,0.7,0.3,0.2855993321,517.5,0.9708961316,0.002359550071
144,0.7,0.3,0.2855993321,520,0.9707736706,0.002380916401
144,0.7,0.3,0.2855993321,522.5,0.9706519883,0.002401977594
144,0.7,0.3,0.2855993321,525,0.9705233465,0.002420417384
144,0.7,0.3,0.2855993321,527.5,0.9703995025,0.002439515353
144,0.7,0.3,0.2855993321,530,0.9702748744,0.002457505794
144,0.7,0.3,0.2855993321,532.5,0.9701479216,0.002477794084
144,0.7,0.3,0.2855993321,535,0.9700137867,0.002499698304
144,0.7,0.3,0.2855993321,537.5,0.9698877895,0.002519735067
144,0.7,0.3,0.2855993321,540,0.9697689306,0.002538450633
144,0.7,0.3,0.2855993321,542.5,0.9696450724,0.002553837836
144,0.7,0.3,0.2855993321,545,0.9695197764,0.002568458223
144,0.7,0.3,0.2855993321,547.5,0.9693949678,0.00258145453
144,0.7,0.3,0.2855993321,550,0.9692680216,0.002595417302
144,0.7,0.3,0.2855993321,552.5,0.9691361615,0.002609629619
144,0.7,0.3,0.2855993321,555,0.9690074705,0.002623536359
144,0.7,0.3,0.2855993321,557.5,0.9688841802,0.002634841046
144,0.7,0.3,0.2855993321,560,0.9687665534,0.002645704365
144,0.7,0.3,0.2855993321,562.5,0.9686422856,0.002661699662
144,0.7,0.3,0.2855993321,565,0.9685203038,0.002677587314
144,0.7,0.3,0.2855993321,567.5,0.968406384,0.002695097062
144,0.7,0.3,0.2855993321,570,0.9682901352,0.00270539273
144,0.7,0.3,0.2855993321,572.5,0.968167315,0.002718129608
144,0.7,0.3,0.2855993321,575,0.9680435166,0.002730649191
144,0.7,0.3,0.2855993321,577.5,0.9679140578,0.002743749235
144,0.7,0.3,0.2855993321,580,0.9677805415,0.00275471386
144,0.7,0.3,0.2855993321,582.5,0.9676474349,0.002767819399
144,0.7,0.3,0.2855993321,585,0.9675211776,0.002776875474
144,0.7,0.3,0.2855993321,587.5,0.967393041,0.002785827627
144,0.7,0.3,0.2855993321,590,0.9672806621,0.002796913151
144,0.7,0.3,0.2855993321,592.5,0.9671717694,0.002803151729
144,0.7,0.3,0.2855993321,595,0.9670624297,0.002809920191
144,0.7,0.3,0.2855993321,597.5,0.9669472917,0.002818592484
144,0.7,0.3,0.2855993321,600,0.9668326085,0.002824908961
144,0.7,0.3,0.2855993321,602.5,0.9667175813,0.00283142688
144,0.7,0.3,0.2855993321,605,0.9666049221,0.002841401923
144,0.7,0.3,0.2855993321,607.5,0.9664972213,0.002848938227
144,0.7,0.3,0.2855993321,610,0.9663843177,0.002856007128
144,0.7,0.3,0.2855993321,612.5,0.9662700284,0.002866726729
144,0.7,0.3,0.2855993321,615,0.9661617269,0.002881199127
144,0.7,0.3,0.2855993321,617.5,0.9660524921,0.002896903826
144,0.7,0.3,0.2855993321,620,0.9659402146,0.002912181893
144,0.7,0.3,0.2855993321,622.5,0.9658344026,0.002930156532
144,0.7,0.3,0.2855993321,625,0.9657289706,0.002947460516
144,0.7,0.3,0.2855993321,627.5,0.9656206234,0.002965390286
144,0.7,0.3,0.2855993321,630,0.9655157285,0.002978736264
144,0.7,0.3,0.2855993321,632.5,0.9654147082,0.002993046858
144,0.7,0.3,0.2855993321,635,0.9653166794,0.003005769658
144,0.7,0.3,0.2855993321,637.5,0.9652181385,0.003016654255
144,0.7,0.3,0.2855993321,640,0.9651207278,0.003026314578
144,0.7,0.3,0.2855993321,642.5,0.9650212475,0.003038701967
144,0.7,0.3,0.2855993321,645,0.9649222345,0.00305189611
144,0.7,0.3,0.2855993321,647.5,0.9648152657,0.003063484313
144,0.7,0.3,0.2855993321,650,0.9647125821,0.003074747565
144,0.7,0.3,0.2855993321,652.5,0.9646104904,0.003087052204
144,0.7,0.3,0.2855993321,655,0.964507776,0.003100267643
144,0.7,0.3,0.2855993321,657.5,0.9644013548,0.003111786688
144,0.7,0.3,0.2855993321,660,0.9642940332,0.00312341095
144,0.7,0.3,0.2855993321,662.5,0.9641834996,0.003131757381
144,0.7,0.3,0.2855993321,665,0.964072768,0.003142198067
144,0.7,0.3,0.2855993321,667.5,0.9639629598,0.003152832246
144,0.7,0.3,0.2855993321,670,0.9638621423,0.003165469444
144,0.7,0.3,0.2855993321,672.5,0.9637616102,0.003177960271
144,0.7,0.3,0.2855993321,675,0.9636609575,0.003193881899
144,0.7,0.3,0.2855993321,677.5,0.9635639978,0.003208298645
144,0.7,0.3,0.2855993321,680,0.9634709952,0.003226385465
144,0.7,0.3,0.2855993321,682.5,0.9633780617,0.003239691452
144,0.7,0.3,0.2855993321,685,0.9632833616,0.003257062063
144,0.7,0.3,0.2855993321,687.5,0.9631927229,0.00326933781
144,0.7,0.3,0.2855993321,690,0.9631000308,0.003279078053
144,0.7,0.3,0.2855993321,692.5,0.9629985537,0.003288548127
144,0.7,0.3,0.2855993321,695,0.962899369,0.00329798488
144,0.7,0.3,0.2855993321,697.5,0.962802948,0.003302883452
144,0.7,0.3,0.2855993321,700,0.9627062408,0.003305703275
144,0.7,0.3,0.2855993321,702.5,0.9626155588,0.003310831811
144,0.7,0.3,0.2855993321,705,0.9625229326,0.003313465387
144,0.7,0.3,0.2855993321,707.5,0.9624312589,0.003313254818
144,0.7,0.3,0.2855993321,710,0.9623352823,0.003312278966
144,0.7,0.3,0.2855993321,712.5,0.9622395419,0.003311195881
144,0.7,0.3,0.2855993321,715,0.9621421555,0.003311137232
144,0.7,0.3,0.2855993321,717.5,0.9620427776,0.003310577052
144,0.7,0.3,0.2855993321,720,0.9619478431,0.003314112737
144,0.7,0.3,0.2855993321,722.5,0.9618493635,0.003315530908
144,0.7,0.3,0.2855993321,725,0.9617420238,0.003314753857
144,0.7,0.3,0.2855993321,727.5,0.9616355734,0.003312896764
144,0.7,0.3,0.2855993321,730,0.9615296252,0.003311539884
144,0.7,0.3,0.2855993321,732.5,0.9614268741,0.003311522189
144,0.7,0.3,0.2855993321,735,0.9613242903,0.003311189525
144,0.7,0.3,0.2855993321,737.5,0.9612186666,0.003311953169
144,0.7,0.3,0.2855993321,740,0.9611086351,0.003311990613
144,0.7,0.3,0.2855993321,742.5,0.9609978772,0.003316066238
144,0.7,0.3,0.2855993321,745,0.9608842823,0.003321078512
144,0.7,0.3,0.2855993321,747.5,0.9607692946,0.003327761165
144,0.7,0.3,0.2855993321,750,0.9606572078,0.00333484921
144,0.7,0.3,0.2855993321,752.5,0.9605523156,0.003340518557
144,0.7,0.3,0.2855993321,755,0.9604463029,0.003345893224
144,0.7,0.3,0.2855993321,757.5,0.9603409977,0.003352907601
144,0.7,0.3,0.2855993321,760,0.9602413593,0.003358123986
144,0.7,0.3,0.2855993321,762.5,0.9601379203,0.0033618753
144,0.7,0.3,0.2855993321,765,0.9600355944,0.003365788012
144,0.7,0.3,0.2855993321,767.5,0.959928452,0.003370345598
144,0.7,0.3,0.2855993321,770,0.9598183047,0.003374429416
144,0.7,0.3,0.2855993321,772.5,0.9597057105,0.003382298012
144,0.7,0.3,0.2855993321,775,0.9595939915,0.003392769098
144,0.7,0.3,0.2855993321,777.5,0.9594817709,0.003405849395
144,0.7,0.3,0.2855993321,780,0.9593663908,0.00341796195
144,0.7,0.3,0.2855993321,782.5,0.959255417,0.003427219742
144,0.7,0.3,0.2855993321,785,0.9591369567,0.003438350699
144,0.7,0.3,0.2855993321,787.5,0.9590175106,0.00344996499
144,0.7,0.3,0.2855993321,790,0.9588941526,0.00346277835
144,0.7,0.3,0.2855993321,792.5,0.9587694019,0.003472624178
144,0.7,0.3,0.2855993321,795,0.958646332,0.003483247174
144,0.7,0.3,0.2855993321,797.5,0.9585202115,0.003493493746
144,0.7,0.3,0.2855993321,800,0.9583953797,0.003503970466
144,0.7,0.3,0.2855993321,802.5,0.958270447,0.0035137693
144,0.7,0.3,0.2855993321,805,0.9581471847,0.003521775574
144,0.7,0.3,0.2855993321,807.5,0.9580272838,0.003532234486
144,0.7,0.3,0.2855993321,810,0.9579005199,0.003542093736
144,0.7,0.3,0.2855993321,812.5,0.9577731108,0.003552003053
144,0.7,0.3,0.2855993321,815,0.9576412787,0.00355844574
144,0.7,0.3,0.2855993321,817.5,0.9575246398,0.00355988133
144,0.7,0.3,0.2855993321,820,0.9574035629,0.003560667975
144,0.7,0.3,0.2855993321,822.5,0.9572819267,0.003563831494
144,0.7,0.3,0.2855993321,825,0.9571621959,0.003563429024
144,0.7,0.3,0.2855993321,827.5,0.957039516,0.003563160255
144,0.7,0.3,0.2855993321,830,0.9569147286,0.003566966825
144,0.7,0.3,0.2855993321,832.5,0.9567967126,0.003567422902
144,0.7,0.3,0.2855993321,835,0.9566776372,0.003568332023
144,0.7,0.3,0.2855993321,837.5,0.9565568981,0.003572028132
144,0.7,0.3,0.2855993321,840,0.9564448592,0.003572527176
144,0.7,0.3,0.2855993321,842.5,0.9563315605,0.003572555617
144,0.7,0.3,0.2855993321,845,0.9562149221,0.003574272181
144,0.7,0.3,0.2855993321,847.5,0.9560935012,0.00357887288
144,0.7,0.3,0.2855993321,850,0.9559711923,0.00357792683
144,0.7,0.3,0.2855993321,852.5,0.9558526681,0.003576467262
144,0.7,0.3,0.2855993321,855,0.9557341588,0.003574593619
144,0.7,0.3,0.2855993321,857.5,0.9556135864,0.003576095649
144,0.7,0.3,0.2855993321,860,0.9554896949,0.003579949443
144,0.7,0.3,0.2855993321,862.5,0.9553590599,0.003583683272
144,0.7,0.3,0.2855993321,865,0.9552283976,0.00358648665
144,0.7,0.3,0.2855993321,867.5,0.9551003609,0.003589390233
144,0.7,0.3,0.2855993321,870,0.9549735834,0.003593712324
144,0.7,0.3,0.2855993321,872.5,0.9548469678,0.003593792409
144,0.7,0.3,0.2855993321,875,0.9547262094,0.003591001304
144,0.7,0.3,0.2855993321,877.5,0.9546086085,0.003591113167
144,0.7,0.3,0.2855993321,880,0.9544896221,0.00358991906
144,0.7,0.3,0.2855993321,882.5,0.9543695696,0.003592397084
144,0.7,0.3,0.2855993321,885,0.9542557662,0.00359699719
144,0.7,0.3,0.2855993321,887.5,0.9541384141,0.00359907208
144,0.7,0.3,0.2855993321,890,0.9540221296,0.003601609514
144,0.7,0.3,0.2855993321,892.5,0.9539097608,0.003601774511
144,0.7,0.3,0.2855993321,895,0.9537977711,0.003601628182
144,0.7,0.3,0.2855993321,897.5,0.9536803637,0.003603585952
144,0.7,0.3,0.2855993321,900,0.9535673568,0.003601168046
144,0.7,0.3,0.2855993321,902.5,0.9534534175,0.003597742005
144,0.7,0.3,0.2855993321,905,0.9533400279,0.00359047481
144,0.7,0.3,0.2855993321,907.5,0.9532201621,0.003584287805
144,0.7,0.3,0.2855993321,910,0.9530989289,0.003578326451
144,0.7,0.3,0.2855993321,912.5,0.9529781659,0.00357358498
144,0.7,0.3,0.2855993321,915,0.9528605639,0.003565634111
144,0.7,0.3,0.2855993321,917.5,0.9527469937,0.003556813195
144,0.7,0.3,0.2855993321,920,0.9526296823,0.00355003927
144,0.7,0.3,0.2855993321,922.5,0.9525058459,0.003540871073
144,0.7,0.3,0.2855993321,925,0.9523797764,0.003528715593
144,0.7,0.3,0.2855993321,927.5,0.9522573213,0.003518502419
144,0.7,0.3,0.2855993321,930,0.9521320344,0.003506108008
144,0.7,0.3,0.2855993321,932.5,0.9520077728,0.003495329177
144,0.7,0.3,0.2855993321,935,0.9518884318,0.003488446092
144,0.7,0.3,0.2855993321,937.5,0.9517746791,0.003485148384
144,0.7,0.3,0.2855993321,940,0.9516620715,0.003489790672
144,0.7,0.3,0.2855993321,942.5,0.9515579731,0.003489522436
144,0.7,0.3,0.2855993321,945,0.9514506163,0.003493924705
144,0.7,0.3,0.2855993321,947.5,0.9513429837,0.003496142626
144,0.7,0.3,0.2855993321,950,0.9512414367,0.003492951844
144,0.7,0.3,0.2855993321,952.5,0.9511402851,0.003489934104
144,0.7,0.3,0.2855993321,955,0.9510359037,0.003485669476
144,0.7,0.3,0.2855993321,957.5,0.9509264854,0.003479794161
144,0.7,0.3,0.2855993321,960,0.9508243424,0.003474822784
144,0.7,0.3,0.2855993321,962.5,0.9507214528,0.003465220013
144,0.7,0.3,0.2855993321,965,0.9506200619,0.003456894445
144,0.7,0.3,0.2855993321,967.5,0.9505223047,0.003450848195
144,0.7,0.3,0.2855993321,970,0.9504243683,0.003445803001
144,0.7,0.3,0.2855993321,972.5,0.9503274921,0.003438440473
144,0.7,0.3,0.2855993321,975,0.9502397095,0.003429522807
144,0.7,0.3,0.2855993321,977.5,0.9501502641,0.003423810328
144,0.7,0.3,0.2855993321,980,0.9500647194,0.003416402327
144,0.7,0.3,0.2855993321,982.5,0.9499771615,0.003406558744
144,0.7,0.3,0.2855993321,985,0.9498912098,0.00339814542
144,0.7,0.3,0.2855993321,987.5,0.9498076324,0.003390527568
144,0.7,0.3,0.2855993321,990,0.9497230836,0.003387152544
144,0.7,0.3,0.2855993321,992.5,0.9496406125,0.003384507013
144,0.7,0.3,0.2855993321,995,0.9495576326,0.003385005368
144,0.7,0.3,0.2855993321,997.5,0.949475955,0.003386165141
144,0.7,0.3,0.2855993321,1000,0.9493892141,0.003390535803
144,0.7,0.3,0.2855993321,1002.5,0.9493025622,0.003393376741
144,0.7,0.3,0.2855993321,1005,0.9492125182,0.003396207327
144,0.7,0.3,0.2855993321,1007.5,0.9491197946,0.003398305218
144,0.7,0.3,0.2855993321,1010,0.9490326117,0.003396896719
144,0.7,0.3,0.2855993321,1012.5,0.9489428399,0.003395393514
144,0.7,0.3,0.2855993321,1015,0.9488493296,0.003394590514
144,0.7,0.3,0.2855993321,1017.5,0.9487512658,0.003395898371
144,0.7,0.3,0.2855993321,1020,0.9486560933,0.003397368319
144,0.7,0.3,0.2855993321,1022.5,0.9485584096,0.003396440815
144,0.7,0.3,0.2855993321,1025,0.9484624659,0.003395429618
144,0.7,0.3,0.2855993321,1027.5,0.948363514,0.003394254073
144,0.7,0.3,0.2855993321,1030,0.9482584049,0.003394629633
144,0.7,0.3,0.2855993321,1032.5,0.9481525849,0.003390458545
144,0.7,0.3,0.2855993321,1035,0.9480517923,0.003387826509
144,0.7,0.3,0.2855993321,1037.5,0.9479483826,0.00338912045
144,0.7,0.3,0.2855993321,1040,0.9478483096,0.003392232033
144,0.7,0.3,0.2855993321,1042.5,0.9477462458,0.003397256355
144,0.7,0.3,0.2855993321,1045,0.9476472741,0.003401014884
144,0.7,0.3,0.2855993321,1047.5,0.9475445061,0.003406350474
144,0.7,0.3,0.2855993321,1050,0.9474444369,0.003413368455
144,0.7,0.3,0.2855993321,1052.5,0.9473469224,0.003420121617
144,0.7,0.3,0.2855993321,1055,0.9472504391,0.003428960631
144,0.7,0.3,0.2855993321,1057.5,0.9471565267,0.003441183954
144,0.7,0.3,0.2855993321,1060,0.947056216,0.003454134532
144,0.7,0.3,0.2855993321,1062.5,0.9469634939,0.003465959197
144,0.7,0.3,0.2855993321,1065,0.9468633454,0.003479103661
144,0.7,0.3,0.2855993321,1067.5,0.9467625612,0.003492365731
144,0.7,0.3,0.2855993321,1070,0.9466561484,0.003505380274
144,0.7,0.3,0.2855993321,1072.5,0.9465499292,0.003517757004
144,0.7,0.3,0.2855993321,1075,0.9464416801,0.003530949943
144,0.7,0.3,0.2855993321,1077.5,0.9463392606,0.00354424837
144,0.7,0.3,0.2855993321,1080,0.9462410512,0.003560758796
144,0.7,0.3,0.2855993321,1082.5,0.9461320036,0.003576340489
144,0.7,0.3,0.2855993321,1085,0.9460157458,0.003593644074
144,0.7,0.3,0.2855993321,1087.5,0.9459009836,0.003609253562
144,0.7,0.3,0.2855993321,1090,0.9457877628,0.003622221623
144,0.7,0.3,0.2855993321,1092.5,0.9456685805,0.003637548262
144,0.7,0.3,0.2855993321,1095,0.9455447853,0.003655186005
144,0.7,0.3,0.2855993321,1097.5,0.945423196,0.003674750184
144,0.7,0.3,0.2855993321,1100,0.9453063465,0.003692534778
144,0.7,0.3,0.2855993321,1102.5,0.9451834212,0.003711632607
144,0.7,0.3,0.2855993321,1105,0.9450633762,0.003731632221
144,0.7,0.3,0.2855993321,1107.5,0.944946971,0.003753744882
144,0.7,0.3,0.2855993321,1110,0.9448267208,0.00377804325
144,0.7,0.3,0.2855993321,1112.5,0.9447081482,0.003799793781
144,0.7,0.3,0.2855993321,1115,0.9445858356,0.003818749477
144,0.7,0.3,0.2855993321,1117.5,0.9444659095,0.003834598606
144,0.7,0.3,0.2855993321,1120,0.9443418401,0.003851863876
144,0.7,0.3,0.2855993321,1122.5,0.9442099734,0.003868810443
144,0.7,0.3,0.2855993321,1125,0.9440834862,0.003885364387
144,0.7,0.3,0.2855993321,1127.5,0.943950181,0.003903909838
144,0.7,0.3,0.2855993321,1130,0.943818515,0.003925247127
144,0.7,0.3,0.2855993321,1132.5,0.9436937936,0.003943050005
144,0.7,0.3,0.2855993321,1135,0.9435647036,0.00395920423
144,0.7,0.3,0.2855993321,1137.5,0.9434420092,0.003973283955
144,0.7,0.3,0.2855993321,1140,0.9433166596,0.003978556278
144,0.7,0.3,0.2855993321,1142.5,0.9431938307,0.003985740097
144,0.7,0.3,0.2855993321,1145,0.9430696472,0.003992509932
144,0.7,0.3,0.2855993321,1147.5,0.9429418504,0.003997411265
144,0.7,0.3,0.2855993321,1150,0.9428082123,0.004005612071
144,0.7,0.3,0.2855993321,1152.5,0.9426754229,0.004017787614
144,0.7,0.3,0.2855993321,1155,0.9425430665,0.004033433674
144,0.7,0.3,0.2855993321,1157.5,0.9424130001,0.004052300675
144,0.7,0.3,0.2855993321,1160,0.9422883481,0.004070202427
144,0.7,0.3,0.2855993321,1162.5,0.9421648265,0.004085666202
144,0.7,0.3,0.2855993321,1165,0.9420386005,0.004098702708
144,0.7,0.3,0.2855993321,1167.5,0.9419101634,0.004109286756
144,0.7,0.3,0.2855993321,1170,0.9417811779,0.004121602885
144,0.7,0.3,0.2855993321,1172.5,0.9416457542,0.004135500681
144,0.7,0.3,0.2855993321,1175,0.9415092601,0.004152200303
144,0.7,0.3,0.2855993321,1177.5,0.9413744196,0.004169286659
144,0.7,0.3,0.2855993321,1180,0.9412457395,0.004184550561
144,0.7,0.3,0.2855993321,1182.5,0.9411226218,0.004199023258
144,0.7,0.3,0.2855993321,1185,0.9409972262,0.004216744599
144,0.7,0.3,0.2855993321,1187.5,0.9408687699,0.004230225662
144,0.7,0.3,0.2855993321,1190,0.9407479422,0.004246278901
144,0.7,0.3,0.2855993321,1192.5,0.9406207251,0.004257843049
144,0.7,0.3,0.2855993321,1195,0.9404953336,0.004269350782
144,0.7,0.3,0.2855993321,1197.5,0.9403731004,0.004280843162
144,0.7,0.3,0.2855993321,1200,0.9402430552,0.004291763284
144,0.7,0.3,0.2855993321,1202.5,0.9401174585,0.004303706481
144,0.7,0.3,0.2855993321,1205,0.9399989594,0.004318918278
144,0.7,0.3,0.2855993321,1207.5,0.9398794277,0.004334880997
144,0.7,0.3,0.2855993321,1210,0.939759712,0.004352253881
144,0.7,0.3,0.2855993321,1212.5,0.9396478846,0.00436552706
144,0.7,0.3,0.2855993321,1215,0.9395441641,0.004377669278
144,0.7,0.3,0.2855993321,1217.5,0.9394344067,0.004390106638
144,0.7,0.3,0.2855993321,1220,0.9393332218,0.004402159519
144,0.7,0.3,0.2855993321,1222.5,0.9392195801,0.004417299653
144,0.7,0.3,0.2855993321,1225,0.9391028256,0.004431844631
144,0.7,0.3,0.2855993321,1227.5,0.9389885974,0.00444542496
144,0.7,0.3,0.2855993321,1230,0.93887967,0.004462194005
144,0.7,0.3,0.2855993321,1232.5,0.9387683131,0.004480082734
144,0.7,0.3,0.2855993321,1235,0.9386510765,0.00449887499
144,0.7,0.3,0.2855993321,1237.5,0.9385343646,0.004519707074
144,0.7,0.3,0.2855993321,1240,0.9384167278,0.00454061385
144,0.7,0.3,0.2855993321,1242.5,0.9383055767,0.004558664508
144,0.7,0.3,0.2855993321,1245,0.9381920178,0.004574658453
144,0.7,0.3,0.2855993321,1247.5,0.9380856882,0.00459157765
144,0.7,0.3,0.2855993321,1250,0.9379754417,0.004607197718
144,0.7,0.3,0.2855993321,1252.5,0.9378648163,0.004618775384
144,0.7,0.3,0.2855993321,1255,0.9377567737,0.004629380611
144,0.7,0.3,0.2855993321,1257.5,0.9376463491,0.004638978241
144,0.7,0.3,0.2855993321,1260,0.9375464236,0.004645032288
144,0.7,0.3,0.2855993321,1262.5,0.9374443655,0.004655393596
144,0.7,0.3,0.2855993321,1265,0.9373379581,0.004670128448
144,0.7,0.3,0.2855993321,1267.5,0.937237573,0.004685660416
144,0.7,0.3,0.2855993321,1270,0.9371383963,0.004700644624
144,0.7,0.3,0.2855993321,1272.5,0.9370422086,0.004715948609
144,0.7,0.3,0.2855993321,1275,0.9369504335,0.004729429559
144,0.7,0.3,0.2855993321,1277.5,0.9368596887,0.004742653251
144,0.7,0.3,0.2855993321,1280,0.9367634479,0.004749728195
144,0.7,0.3,0.2855993321,1282.5,0.93666455,0.004763032674
144,0.7,0.3,0.2855993321,1285,0.9365728406,0.004776806916
144,0.7,0.3,0.2855993321,1287.5,0.9364787125,0.004789359653
144,0.7,0.3,0.2855993321,1290,0.9363835413,0.00480473433
144,0.7,0.3,0.2855993321,1292.5,0.936280566,0.004818776504
144,0.7,0.3,0.2855993321,1295,0.9361830284,0.004831923092
144,0.7,0.3,0.2855993321,1297.5,0.9360779113,0.004843624762
144,0.7,0.3,0.2855993321,1300,0.9359772145,0.004857852984
144,0.7,0.3,0.2855993321,1302.5,0.9358823397,0.004874936077
144,0.7,0.3,0.2855993321,1305,0.9357860476,0.004889473632
144,0.7,0.3,0.2855993321,1307.5,0.9356866306,0.004900991512
144,0.7,0.3,0.2855993321,1310,0.9355859782,0.00491212005
144,0.7,0.3,0.2855993321,1312.5,0.9354815952,0.004925667636
144,0.7,0.3,0.2855993321,1315,0.9353810493,0.004937307156
144,0.7,0.3,0.2855993321,1317.5,0.9352716503,0.004945824517
144,0.7,0.3,0.2855993321,1320,0.9351640393,0.004954561321
144,0.7,0.3,0.2855993321,1322.5,0.935052055,0.004967254295
144,0.7,0.3,0.2855993321,1325,0.9349505888,0.004980105042
144,0.7,0.3,0.2855993321,1327.5,0.9348392978,0.004993256696
144,0.7,0.3,0.2855993321,1330,0.9347323892,0.005004601626
144,0.7,0.3,0.2855993321,1332.5,0.9346247321,0.005011946817
144,0.7,0.3,0.2855993321,1335,0.9345112607,0.005019310367
144,0.7,0.3,0.2855993321,1337.5,0.9343895981,0.005027714684
144,0.7,0.3,0.2855993321,1340,0.9342865394,0.00503538393
144,0.7,0.3,0.2855993321,1342.5,0.9341799797,0.005049406806
144,0.7,0.3,0.2855993321,1345,0.934071103,0.005062224518
144,0.7,0.3,0.2855993321,1347.5,0.9339609527,0.005077375163
144,0.7,0.3,0.2855993321,1350,0.9338519321,0.005090246554
144,0.7,0.3,0.2855993321,1352.5,0.9337473016,0.005100809706
144,0.7,0.3,0.2855993321,1355,0.9336408331,0.005110226338
144,0.7,0.3,0.2855993321,1357.5,0.9335367542,0.005120531321
144,0.7,0.3,0.2855993321,1360,0.9334345692,0.005134234458
144,0.7,0.3,0.2855993321,1362.5,0.9333324025,0.005143544064
144,0.7,0.3,0.2855993321,1365,0.9332306293,0.005154596208
144,0.7,0.3,0.2855993321,1367.5,0.9331359978,0.005169826236
144,0.7,0.3,0.2855993321,1370,0.9330445983,0.005185508116
144,0.7,0.3,0.2855993321,1372.5,0.9329483138,0.005202856032
144,0.7,0.3,0.2855993321,1375,0.9328566174,0.005217046776
144,0.7,0.3,0.2855993321,1377.5,0.9327649606,0.005234606034
144,0.7,0.3,0.2855993321,1380,0.9326676985,0.005249318222
144,0.7,0.3,0.2855993321,1382.5,0.9325714823,0.005259311804
144,0.7,0.3,0.2855993321,1385,0.9324782301,0.005267497659
144,0.7,0.3,0.2855993321,1387.5,0.9323797787,0.005272684174
144,0.7,0.3,0.2855993321,1390,0.9322850946,0.005277349984
144,0.7,0.3,0.2855993321,1392.5,0.9321900191,0.005280167723
144,0.7,0.3,0.2855993321,1395,0.9320979401,0.005283552818
144,0.7,0.3,0.2855993321,1397.5,0.93200602,0.005289388608
144,0.7,0.3,0.2855993321,1400,0.9319142109,0.005294495105
144,0.7,0.3,0.2855993321,1402.5,0.9318196722,0.005297327254
144,0.7,0.3,0.2855993321,1405,0.9317210834,0.005298263346
144,0.7,0.3,0.2855993321,1407.5,0.9316144066,0.005299903908
144,0.7,0.3,0.2855993321,1410,0.9315046618,0.005299944999
144,0.7,0.3,0.2855993321,1412.5,0.931385959,0.005299657063
144,0.7,0.3,0.2855993321,1415,0.9312647962,0.005300754586
144,0.7,0.3,0.2855993321,1417.5,0.9311474689,0.005304148163
144,0.7,0.3,0.2855993321,1420,0.9310301951,0.005312636162
144,0.7,0.3,0.2855993321,1422.5,0.9309198155,0.00531874594
144,0.7,0.3,0.2855993321,1425,0.9308124865,0.005328040797
144,0.7,0.3,0.2855993321,1427.5,0.9306978661,0.005334708649
144,0.7,0.3,0.2855993321,1430,0.9305867269,0.005339360591
144,0.7,0.3,0.2855993321,1432.5,0.9304704979,0.005345547965
144,0.7,0.3,0.2855993321,1435,0.9303611257,0.005349726166
144,0.7,0.3,0.2855993321,1437.5,0.930251321,0.005352848834
144,0.7,0.3,0.2855993321,1440,0.9301455674,0.00535825124
144,0.7,0.3,0.2855993321,1442.5,0.9300464215,0.00536364087
144,0.7,0.3,0.2855993321,1445,0.9299500724,0.005366780127
144,0.7,0.3,0.2855993321,1447.5,0.9298481496,0.005372420937
144,0.7,0.3,0.2855993321,1450,0.9297557873,0.005381493907
144,0.7,0.3,0.2855993321,1452.5,0.9296550448,0.005393047851
144,0.7,0.3,0.2855993321,1455,0.9295554554,0.005399069812
144,0.7,0.3,0.2855993321,1457.5,0.9294623433,0.005405330852
144,0.7,0.3,0.2855993321,1460,0.9293797248,0.005412046919
144,0.7,0.3,0.2855993321,1462.5,0.9292903656,0.005414322753
144,0.7,0.3,0.2855993321,1465,0.9291988193,0.005416098872
144,0.7,0.3,0.2855993321,1467.5,0.9291030224,0.005417194746
144,0.7,0.3,0.2855993321,1470,0.9290028662,0.005416040204
144,0.7,0.3,0.2855993321,1472.5,0.9289102557,0.00542032554
144,0.7,0.3,0.2855993321,1475,0.9288247857,0.005417317572
144,0.7,0.3,0.2855993321,1477.5,0.9287345707,0.005412824662
144,0.7,0.3,0.2855993321,1480,0.928653664,0.005411223007
144,0.7,0.3,0.2855993321,1482.5,0.9285681124,0.005412021144
144,0.7,0.3,0.2855993321,1485,0.9284760002,0.005409162675
144,0.7,0.3,0.2855993321,1487.5,0.9283829389,0.005405987587
144,0.7,0.3,0.2855993321,1490,0.9282921253,0.005405422798
144,0.7,0.3,0.2855993321,1492.5,0.928209917,0.00540121285
144,0.7,0.3,0.2855993321,1495,0.9281297009,0.005393944027
144,0.7,0.3,0.2855993321,1497.5,0.9280489951,0.005388545851
144,0.7,0.3,0.2855993321,1500,0.9279651146,0.005380754059
144,0.7,0.3,0.2855993321,1502.5,0.9278893262,0.005373517343
144,0.7,0.3,0.2855993321,1505,0.9278081166,0.005365329545
144,0.7,0.3,0.2855993321,1507.5,0.9277293421,0.005354111765
144,0.7,0.3,0.2855993321,1510,0.9276460503,0.005343624179
144,0.7,0.3,0.2855993321,1512.5,0.9275713058,0.00533728285
144,0.7,0.3,0.2855993321,1515,0.9275007236,0.005331891601
144,0.7,0.3,0.2855993321,1517.5,0.9274313946,0.005326519531
144,0.7,0.3,0.2855993321,1520,0.9273531007,0.005323120287
144,0.7,0.3,0.2855993321,1522.5,0.9272742287,0.005320858153
144,0.7,0.3,0.2855993321,1525,0.9272007812,0.005315707804
144,0.7,0.3,0.2855993321,1527.5,0.9271160502,0.00531225639
144,0.7,0.3,0.2855993321,1530,0.9270331403,0.005306323948
144,0.7,0.3,0.2855993321,1532.5,0.9269501221,0.00529580972
144,0.7,0.3,0.2855993321,1535,0.9268733198,0.005284590433
144,0.7,0.3,0.2855993321,1537.5,0.9268024703,0.005275406293
144,0.7,0.3,0.2855993321,1540,0.9267249749,0.005264398238
144,0.7,0.3,0.2855993321,1542.5,0.926654326,0.005260038766
144,0.7,0.3,0.2855993321,1545,0.9265868989,0.005256269488
144,0.7,0.3,0.2855993321,1547.5,0.9265083619,0.005253692407
144,0.7,0.3,0.2855993321,1550,0.9264367659,0.0052496107
144,0.7,0.3,0.2855993321,1552.5,0.926360113,0.005249549648
144,0.7,0.3,0.2855993321,1555,0.9262898129,0.005249278834
144,0.7,0.3,0.2855993321,1557.5,0.9262264164,0.00525159156
144,0.7,0.3,0.2855993321,1560,0.9261565326,0.005252739656
144,0.7,0.3,0.2855993321,1562.5,0.9260865052,0.005248944577
144,0.7,0.3,0.2855993321,1565,0.9260119773,0.005245774757
144,0.7,0.3,0.2855993321,1567.5,0.925939588,0.005240734701
144,0.7,0.3,0.2855993321,1570,0.9258607011,0.005240388566
144,0.7,0.3,0.2855993321,1572.5,0.9257814202,0.005242498013
144,0.7,0.3,0.2855993321,1575,0.9256996937,0.005247091723
144,0.7,0.3,0.2855993321,1577.5,0.925616278,0.005253353018
144,0.7,0.3,0.2855993321,1580,0.9255338662,0.005263357873
144,0.7,0.3,0.2855993321,1582.5,0.9254505559,0.005271162918
144,0.7,0.3,0.2855993321,1585,0.9253757576,0.005278463579
144,0.7,0.3,0.2855993321,1587.5,0.9253061785,0.005285055427
144,0.7,0.3,0.2855993321,1590,0.9252423001,0.005289091322
144,0.7,0.3,0.2855993321,1592.5,0.9251778591,0.005291959347
144,0.7,0.3,0.2855993321,1595,0.9251110106,0.005295175809
144,0.7,0.3,0.2855993321,1597.5,0.9250506619,0.005302914673
144,0.7,0.3,0.2855993321,1600,0.9249891795,0.005307948916
144,0.7,0.3,0.2855993321,1602.5,0.924924539,0.005308133237
144,0.7,0.3,0.2855993321,1605,0.9248582476,0.005308857437
144,0.7,0.3,0.2855993321,1607.5,0.9247918222,0.005311174523
144,0.7,0.3,0.2855993321,1610,0.9247231346,0.005313425569
144,0.7,0.3,0.2855993321,1612.5,0.9246560934,0.00531329837
144,0.7,0.3,0.2855993321,1615,0.92459111,0.005308650744
144,0.7,0.3,0.2855993321,1617.5,0.924524536,0.005306147316
144,0.7,0.3,0.2855993321,1620,0.9244553823,0.00530521079
144,0.7,0.3,0.2855993321,1622.5,0.9243915482,0.005301335141
144,0.7,0.3,0.2855993321,1625,0.9243307594,0.005300336827
144,0.7,0.3,0.2855993321,1627.5,0.9242663249,0.005294930278
144,0.7,0.3,0.2855993321,1630,0.9241891719,0.005290058501
144,0.7,0.3,0.2855993321,1632.5,0.9241123215,0.005286640973
144,0.7,0.3,0.2855993321,1635,0.9240407836,0.005290632059
144,0.7,0.3,0.2855993321,1637.5,0.9239668354,0.005296150436
144,0.7,0.3,0.2855993321,1640,0.9238907861,0.005296244503
144,0.7,0.3,0.2855993321,1642.5,0.9238053547,0.005294242045
144,0.7,0.3,0.2855993321,1645,0.9237259194,0.005292660025
144,0.7,0.3,0.2855993321,1647.5,0.9236479531,0.005287454084
144,0.7,0.3,0.2855993321,1650,0.9235777614,0.005280293211
144,0.7,0.3,0.2855993321,1652.5,0.9235053726,0.005273341317
144,0.7,0.3,0.2855993321,1655,0.923431511,0.00526385189
144,0.7,0.3,0.2855993321,1657.5,0.9233600226,0.005252622425
144,0.7,0.3,0.2855993321,1660,0.9232884497,0.005242405956
144,0.7,0.3,0.2855993321,1662.5,0.9232045382,0.005230416369
144,0.7,0.3,0.2855993321,1665,0.9231235123,0.005218429756
144,0.7,0.3,0.2855993321,1667.5,0.9230380633,0.005209685482
144,0.7,0.3,0.2855993321,1670,0.9229575355,0.005196837652
144,0.7,0.3,0.2855993321,1672.5,0.9228739256,0.00518459061
144,0.7,0.3,0.2855993321,1675,0.9227903226,0.00517771119
144,0.7,0.3,0.2855993321,1677.5,0.9227039867,0.005169443472
144,0.7,0.3,0.2855993321,1680,0.922626871,0.005161965504
144,0.7,0.3,0.2855993321,1682.5,0.922539702,0.005154264275
144,0.7,0.3,0.2855993321,1685,0.9224514392,0.005144833506
144,0.7,0.3,0.2855993321,1687.5,0.9223598721,0.005134629327
144,0.7,0.3,0.2855993321,1690,0.9222649139,0.005124058307
144,0.7,0.3,0.2855993321,1692.5,0.9221690699,0.005109512845
144,0.7,0.3,0.2855993321,1695,0.9220725092,0.005097241354
144,0.7,0.3,0.2855993321,1697.5,0.9219742129,0.005083760111
144,0.7,0.3,0.2855993321,1700,0.9218834104,0.005072619683
144,0.7,0.3,0.2855993321,1702.5,0.9217981054,0.00506341494
144,0.7,0.3,0.2855993321,1705,0.9217088555,0.005055416479
144,0.7,0.3,0.2855993321,1707.5,0.9216167784,0.005054862365
144,0.7,0.3,0.2855993321,1710,0.9215266006,0.005051338578
144,0.7,0.3,0.2855993321,1712.5,0.9214527206,0.005044178762
144,0.7,0.3,0.2855993321,1715,0.9213830744,0.005038377105
144,0.7,0.3,0.2855993321,1717.5,0.9213117343,0.005031551029
144,0.7,0.3,0.2855993321,1720,0.9212323959,0.005026236905
144,0.7,0.3,0.2855993321,1722.5,0.921146083,0.005024407038
144,0.7,0.3,0.2855993321,1725,0.9210673186,0.005026342378
144,0.7,0.3,0.2855993321,1727.5,0.9209859502,0.005032462141
144,0.7,0.3,0.2855993321,1730,0.9209034695,0.005038371725
144,0.7,0.3,0.2855993321,1732.5,0.9208200126,0.005038999209
144,0.7,0.3,0.2855993321,1735,0.9207371071,0.00504248039
144,0.7,0.3,0.2855993321,1737.5,0.9206614255,0.005045854261
144,0.7,0.3,0.2855993321,1740,0.920586427,0.005049796258
144,0.7,0.3,0.2855993321,1742.5,0.9205146241,0.005049859872
144,0.7,0.3,0.2855993321,1745,0.9204342378,0.005050050133
144,0.7,0.3,0.2855993321,1747.5,0.9203461797,0.005055179915
144,0.7,0.3,0.2855993321,1750,0.9202648895,0.005059882799
144,0.7,0.3,0.2855993321,1752.5,0.9201889803,0.005067428764
144,0.7,0.3,0.2855993321,1755,0.9201061497,0.005069396504
144,0.7,0.3,0.2855993321,1757.5,0.9200231436,0.005072878763
144,0.7,0.3,0.2855993321,1760,0.9199416661,0.005075255425
144,0.7,0.3,0.2855993321,1762.5,0.919862462,0.005079836615
144,0.7,0.3,0.2855993321,1765,0.91978144,0.005083831518
144,0.7,0.3,0.2855993321,1767.5,0.9196968869,0.005090166789
144,0.7,0.3,0.2855993321,1770,0.9196191122,0.005095477127
144,0.7,0.3,0.2855993321,1772.5,0.9195414372,0.005097632652
144,0.7,0.3,0.2855993321,1775,0.9194610958,0.005096769957
144,0.7,0.3,0.2855993321,1777.5,0.9193759224,0.005097051594
144,0.7,0.3,0.2855993321,1780,0.9192909013,0.005097828563
144,0.7,0.3,0.2855993321,1782.5,0.9192050174,0.005102685222
144,0.7,0.3,0.2855993321,1785,0.9191242901,0.005105200147
144,0.7,0.3,0.2855993321,1787.5,0.91904593,0.00510422265
144,0.7,0.3,0.2855993321,1790,0.9189654882,0.00510608238
144,0.7,0.3,0.2855993321,1792.5,0.9188838173,0.00510923769
144,0.7,0.3,0.2855993321,1795,0.9188040667,0.005112954893
144,0.7,0.3,0.2855993321,1797.5,0.9187199491,0.005118758183
144,0.7,0.3,0.2855993321,1800,0.9186424219,0.005121617742
144,0.7,0.3,0.2855993321,1802.5,0.9185540215,0.005130658594
144,0.7,0.3,0.2855993321,1805,0.9184642688,0.005142204354
144,0.7,0.3,0.2855993321,1807.5,0.918367781,0.00515385533
144,0.7,0.3,0.2855993321,1810,0.9182688905,0.005163751566
144,0.7,0.3,0.2855993321,1812.5,0.9181611531,0.005172673631
144,0.7,0.3,0.2855993321,1815,0.9180592752,0.005172911682
144,0.7,0.3,0.2855993321,1817.5,0.9179575279,0.005170052515
144,0.7,0.3,0.2855993321,1820,0.9178551096,0.005172341318
144,0.7,0.3,0.2855993321,1822.5,0.9177536644,0.005180417139
144,0.7,0.3,0.2855993321,1825,0.9176589343,0.005192340386
144,0.7,0.3,0.2855993321,1827.5,0.9175637158,0.005198682701
144,0.7,0.3,0.2855993321,1830,0.917467976,0.005201042787
144,0.7,0.3,0.2855993321,1832.5,0.9173654408,0.005206695426
144,0.7,0.3,0.2855993321,1835,0.9172686055,0.005214107426
144,0.7,0.3,0.2855993321,1837.5,0.9171631789,0.005220212467
144,0.7,0.3,0.2855993321,1840,0.9170593621,0.005225199811
144,0.7,0.3,0.2855993321,1842.5,0.9169636122,0.005230830869
144,0.7,0.3,0.2855993321,1845,0.9168615501,0.005229412436
144,0.7,0.3,0.2855993321,1847.5,0.9167575462,0.005229799622
144,0.7,0.3,0.2855993321,1850,0.9166569197,0.005228968295
144,0.7,0.3,0.2855993321,1852.5,0.9165580573,0.005225623461
144,0.7,0.3,0.2855993321,1855,0.9164570504,0.005223196537
144,0.7,0.3,0.2855993321,1857.5,0.9163670817,0.005224595132
144,0.7,0.3,0.2855993321,1860,0.9162760322,0.005223167048
144,0.7,0.3,0.2855993321,1862.5,0.9161835427,0.005223873605
144,0.7,0.3,0.2855993321,1865,0.9160866437,0.005223375745
144,0.7,0.3,0.2855993321,1867.5,0.9160006606,0.005222933617
144,0.7,0.3,0.2855993321,1870,0.9159103345,0.005220770765
144,0.7,0.3,0.2855993321,1872.5,0.9158195655,0.005215496284
144,0.7,0.3,0.2855993321,1875,0.9157294724,0.0052055069
144,0.7,0.3,0.2855993321,1877.5,0.9156359388,0.005199848402
144,0.7,0.3,0.2855993321,1880,0.9155421172,0.005193919254
144,0.7,0.3,0.2855993321,1882.5,0.9154480459,0.0051863664
144,0.7,0.3,0.2855993321,1885,0.915352231,0.005174564096
144,0.7,0.3,0.2855993321,1887.5,0.9152566646,0.00516904657
144,0.7,0.3,0.2855993321,1890,0.9151657538,0.005160358371
144,0.7,0.3,0.2855993321,1892.5,0.9150776033,0.005154052279
144,0.7,0.3,0.2855993321,1895,0.9149866157,0.005150423653
144,0.7,0.3,0.2855993321,1897.5,0.914899198,0.005144623775
144,0.7,0.3,0.2855993321,1900,0.914805262,0.005137774777
144,0.7,0.3,0.2855993321,1902.5,0.9147047112,0.005130942093
144,0.7,0.3,0.2855993321,1905,0.9146004494,0.00512626586
144,0.7,0.3,0.2855993321,1907.5,0.9144918575,0.005122936854
144,0.7,0.3,0.2855993321,1910,0.9143926852,0.005118835297
144,0.7,0.3,0.2855993321,1912.5,0.9143030528,0.005115759225
144,0.7,0.3,0.2855993321,1915,0.9142132321,0.005109798504
144,0.7,0.3,0.2855993321,1917.5,0.9141204597,0.005103745157
144,0.7,0.3,0.2855993321,1920,0.9140199109,0.005093732698
144,0.7,0.3,0.2855993321,1922.5,0.9139172605,0.005091460658
144,0.7,0.3,0.2855993321,1925,0.9138214251,0.005088686375
144,0.7,0.3,0.2855993321,1927.5,0.913729047,0.005084643885
144,0.7,0.3,0.2855993321,1930,0.9136299371,0.005079903193
144,0.7,0.3,0.2855993321,1932.5,0.9135320489,0.005075304719
144,0.7,0.3,0.2855993321,1935,0.9134353762,0.005067620259
144,0.7,0.3,0.2855993321,1937.5,0.9133390828,0.005064539844
144,0.7,0.3,0.2855993321,1940,0.9132377921,0.005059477942
144,0.7,0.3,0.2855993321,1942.5,0.9131368709,0.005056741041
144,0.7,0.3,0.2855993321,1945,0.9130360445,0.005057458195
144,0.7,0.3,0.2855993321,1947.5,0.9129317731,0.005056538515
144,0.7,0.3,0.2855993321,1950,0.9128286477,0.005056613998
144,0.7,0.3,0.2855993321,1952.5,0.9127316775,0.005055393219
144,0.7,0.3,0.2855993321,1955,0.9126295982,0.005050709414
144,0.7,0.3,0.2855993321,1957.5,0.9125296083,0.005045200904
144,0.7,0.3,0.2855993321,1960,0.9124321349,0.005046315204
144,0.7,0.3,0.2855993321,1962.5,0.9123344497,0.005048898004
144,0.7,0.3,0.2855993321,1965,0.9122342415,0.005050575608
144,0.7,0.3,0.2855993321,1967.5,0.9121325776,0.005054732545
144,0.7,0.3,0.2855993321,1970,0.9120451651,0.005054670262
144,0.7,0.3,0.2855993321,1972.5,0.9119568242,0.005051059511
144,0.7,0.3,0.2855993321,1975,0.9118688912,0.005044768246
144,0.7,0.3,0.2855993321,1977.5,0.9117895462,0.005041144401
144,0.7,0.3,0.2855993321,1980,0.9117097216,0.005038273589
144,0.7,0.3,0.2855993321,1982.5,0.9116311345,0.00503689754
144,0.7,0.3,0.2855993321,1985,0.9115539949,0.005035391768
144,0.7,0.3,0.2855993321,1987.5,0.9114687049,0.005035267994
144,0.7,0.3,0.2855993321,1990,0.9113883003,0.005038083779
144,0.7,0.3,0.2855993321,1992.5,0.9113080631,0.005039333681
144,0.7,0.3,0.2855993321,1995,0.9112276798,0.005043516949
144,0.7,0.3,0.2855993321,1997.5,0.91114131,0.005048998728
144,0.7,0.3,0.2855993321,2000,0.9110539191,0.005053342361
144,0.7,0.3,0.2855993321,2002.5,0.9109661835,0.00506260613
144,0.7,0.3,0.2855993321,2005,0.9108769717,0.005076724039
144,0.7,0.3,0.2855993321,2007.5,0.9107884619,0.005088207836
144,0.7,0.3,0.2855993321,2010,0.9107096432,0.005099532042
144,0.7,0.3,0.2855993321,2012.5,0.9106345718,0.005108381729
144,0.7,0.3,0.2855993321,2015,0.9105634048,0.005122237073
144,0.7,0.3,0.2855993321,2017.5,0.9104954769,0.005135995193
144,0.7,0.3,0.2855993321,2020,0.9104186419,0.005148874279
144,0.7,0.3,0.2855993321,2022.5,0.9103475302,0.005164209017
144,0.7,0.3,0.2855993321,2025,0.9102724038,0.005189410091
144,0.7,0.3,0.2855993321,2027.5,0.9101961178,0.005211949925
144,0.7,0.3,0.2855993321,2030,0.910118315,0.005235621464
144,0.7,0.3,0.2855993321,2032.5,0.9100522569,0.005250960457
144,0.7,0.3,0.2855993321,2035,0.9099880575,0.005266482066
144,0.7,0.3,0.2855993321,2037.5,0.9099243328,0.005286559248
144,0.7,0.3,0.2855993321,2040,0.9098653126,0.005302527118
144,0.7,0.3,0.2855993321,2042.5,0.9098077144,0.005318063674
144,0.7,0.3,0.2855993321,2045,0.9097513092,0.005340349075
144,0.7,0.3,0.2855993321,2047.5,0.9096933908,0.005358212491
144,0.7,0.3,0.2855993321,2050,0.9096273077,0.005376532527
144,0.7,0.3,0.2855993321,2052.5,0.9095574699,0.005395447309
144,0.7,0.3,0.2855993321,2055,0.9094871562,0.005412593205
144,0.7,0.3,0.2855993321,2057.5,0.9094189168,0.005432138032
144,0.7,0.3,0.2855993321,2060,0.909338957,0.00545232849
144,0.7,0.3,0.2855993321,2062.5,0.9092530169,0.005473188829
144,0.7,0.3,0.2855993321,2065,0.9091720796,0.005498442744
144,0.7,0.3,0.2855993321,2067.5,0.9090905736,0.00552348751
144,0.7,0.3,0.2855993321,2070,0.9090120657,0.005546379199
144,0.7,0.3,0.2855993321,2072.5,0.9089294506,0.00556999514
144,0.7,0.3,0.2855993321,2075,0.9088416987,0.005596919285
144,0.7,0.3,0.2855993321,2077.5,0.9087613621,0.005617088022
144,0.7,0.3,0.2855993321,2080,0.9086752148,0.005630341542
144,0.7,0.3,0.2855993321,2082.5,0.9085899544,0.005649512689
144,0.7,0.3,0.2855993321,2085,0.908509363,0.005664966388
144,0.7,0.3,0.2855993321,2087.5,0.908430604,0.005676348678
144,0.7,0.3,0.2855993321,2090,0.9083487913,0.005687751322
144,0.7,0.3,0.2855993321,2092.5,0.9082560666,0.005700492432
144,0.7,0.3,0.2855993321,2095,0.9081586184,0.005718423058
144,0.7,0.3,0.2855993321,2097.5,0.9080652186,0.005733838518
144,0.7,0.3,0.2855993321,2100,0.9079819541,0.005750758892
144,0.7,0.3,0.2855993321,2102.5,0.9078990147,0.005766999722
144,0.7,0.3,0.2855993321,2105,0.9078151444,0.005781754936
144,0.7,0.3,0.2855993321,2107.5,0.9077263821,0.005797331079
144,0.7,0.3,0.2855993321,2110,0.907646561,0.0058115235
144,0.7,0.3,0.2855993321,2112.5,0.9075649026,0.005818671723
144,0.7,0.3,0.2855993321,2115,0.9074798009,0.005823105183
144,0.7,0.3,0.2855993321,2117.5,0.9074098767,0.005829306117
144,0.7,0.3,0.2855993321,2120,0.907343306,0.005837196431
144,0.7,0.3,0.2855993321,2122.5,0.9072811203,0.005850164581
144,0.7,0.3,0.2855993321,2125,0.9072204035,0.005862978544
144,0.7,0.3,0.2855993321,2127.5,0.907155757,0.005876606446
144,0.7,0.3,0.2855993321,2130,0.9070916957,0.005888846829
144,0.7,0.3,0.2855993321,2132.5,0.9070243546,0.00590167646
144,0.7,0.3,0.2855993321,2135,0.906954033,0.005916852901
144,0.7,0.3,0.2855993321,2137.5,0.9068911814,0.005928344427
144,0.7,0.3,0.2855993321,2140,0.906824078,0.005937649153
144,0.7,0.3,0.2855993321,2142.5,0.9067638602,0.005947089034
144,0.7,0.3,0.2855993321,2145,0.9067049725,0.005960683602
144,0.7,0.3,0.2855993321,2147.5,0.9066556561,0.005977010065
144,0.7,0.3,0.2855993321,2150,0.9066031523,0.005996254208
144,0.7,0.3,0.2855993321,2152.5,0.9065428554,0.006013876081
144,0.7,0.3,0.2855993321,2155,0.906478577,0.006033344479
144,0.7,0.3,0.2855993321,2157.5,0.9064233816,0.006049509791
144,0.7,0.3,0.2855993321,2160,0.9063648977,0.006060937627
144,0.7,0.3,0.2855993321,2162.5,0.9063064573,0.006071233949
144,0.7,0.3,0.2855993321,2165,0.9062607158,0.006081088178
144,0.7,0.3,0.2855993321,2167.5,0.9061971994,0.006093776439
144,0.7,0.3,0.2855993321,2170,0.9061382713,0.006102922865
144,0.7,0.3,0.2855993321,2172.5,0.9060834638,0.006116955232
144,0.7,0.3,0.2855993321,2175,0.9060285271,0.006131774224
144,0.7,0.3,0.2855993321,2177.5,0.9059731233,0.006148900916
144,0.7,0.3,0.2855993321,2180,0.9059225455,0.006164811034
144,0.7,0.3,0.2855993321,2182.5,0.9058632967,0.006185616628
144,0.7,0.3,0.2855993321,2185,0.9058048755,0.006207650646
144,0.7,0.3,0.2855993321,2187.5,0.9057498874,0.0062256786
144,0.7,0.3,0.2855993321,2190,0.9056906522,0.006245497036
144,0.7,0.3,0.2855993321,2192.5,0.9056332396,0.006259651893
144,0.7,0.3,0.2855993321,2195,0.9055767479,0.006273463145
144,0.7,0.3,0.2855993321,2197.5,0.9055201454,0.006281174397
144,0.7,0.3,0.2855993321,2200,0.9054720647,0.006296704246
144,0.7,0.3,0.2855993321,2202.5,0.9054232794,0.006314007467
144,0.7,0.3,0.2855993321,2205,0.905381056,0.006336229121
144,0.7,0.3,0.2855993321,2207.5,0.9053363361,0.006356316436
144,0.7,0.3,0.2855993321,2210,0.9052943261,0.006377609256
144,0.7,0.3,0.2855993321,2212.5,0.9052453527,0.006398435071
144,0.7,0.3,0.2855993321,2215,0.9052008407,0.006419797463
144,0.7,0.3,0.2855993321,2217.5,0.9051630363,0.006444052907
144,0.7,0.3,0.2855993321,2220,0.9051236638,0.006473813995
144,0.7,0.3,0.2855993321,2222.5,0.9050721798,0.006503260572
144,0.7,0.3,0.2855993321,2225,0.9050251147,0.006530689888
144,0.7,0.3,0.2855993321,2227.5,0.9049777591,0.006554420313
144,0.7,0.3,0.2855993321,2230,0.904929667,0.006581809633
144,0.7,0.3,0.2855993321,2232.5,0.9048819647,0.006610796644
144,0.7,0.3,0.2855993321,2235,0.9048378621,0.006646874405
144,0.7,0.3,0.2855993321,2237.5,0.9047907816,0.006686585576
144,0.7,0.3,0.2855993321,2240,0.9047424217,0.00672695014
144,0.7,0.3,0.2855993321,2242.5,0.9046943479,0.006768959297
144,0.7,0.3,0.2855993321,2245,0.9046474963,0.006810395881
144,0.7,0.3,0.2855993321,2247.5,0.9045942696,0.006852807001
144,0.7,0.3,0.2855993321,2250,0.9045379407,0.006900400625
144,0.7,0.3,0.2855993321,2252.5,0.9044881029,0.006948419823
144,0.7,0.3,0.2855993321,2255,0.9044388058,0.006994281029
144,0.7,0.3,0.2855993321,2257.5,0.9043899634,0.007038510082
144,0.7,0.3,0.2855993321,2260,0.9043337607,0.007087630159
144,0.7,0.3,0.2855993321,2262.5,0.9042824955,0.007134324297
144,0.7,0.3,0.2855993321,2265,0.9042308943,0.007178670472
144,0.7,0.3,0.2855993321,2267.5,0.9041756695,0.007219684539
144,0.7,0.3,0.2855993321,2270,0.9041211833,0.007250045249
144,0.7,0.3,0.2855993321,2272.5,0.9040704909,0.007282934531
144,0.7,0.3,0.2855993321,2275,0.9040165118,0.007309039528
144,0.7,0.3,0.2855993321,2277.5,0.9039611331,0.007338507344
144,0.7,0.3,0.2855993321,2280,0.9038979455,0.007368472704
144,0.7,0.3,0.2855993321,2282.5,0.9038337024,0.007396686003
144,0.7,0.3,0.2855993321,2285,0.9037679311,0.007424516871
144,0.7,0.3,0.2855993321,2287.5,0.903709237,0.007449664238
144,0.7,0.3,0.2855993321,2290,0.9036616417,0.007479274706
144,0.7,0.3,0.2855993321,2292.5,0.9036151073,0.007508804058
144,0.7,0.3,0.2855993321,2295,0.9035709468,0.007538727501
144,0.7,0.3,0.2855993321,2297.5,0.9035280025,0.007564073999
144,0.7,0.3,0.2855993321,2300,0.90348921,0.007587315569
144,0.7,0.3,0.2855993321,2302.5,0.9034453572,0.00760579634
144,0.7,0.3,0.2855993321,2305,0.9034028051,0.007622629564
144,0.7,0.3,0.2855993321,2307.5,0.9033519371,0.007638926984
144,0.7,0.3,0.2855993321,2310,0.9033014549,0.007659208703
144,0.7,0.3,0.2855993321,2312.5,0.9032488414,0.007679991933
144,0.7,0.3,0.2855993321,2315,0.9031971447,0.007700806638
144,0.7,0.3,0.2855993321,2317.5,0.9031424143,0.007720075067
144,0.7,0.3,0.2855993321,2320,0.9030865638,0.007738418671
144,0.7,0.3,0.2855993321,2322.5,0.9030251923,0.00775177487
144,0.7,0.3,0.2855993321,2325,0.9029651851,0.007768739732
144,0.7,0.3,0.2855993321,2327.5,0.9028980788,0.007786939632
144,0.7,0.3,0.2855993321,2330,0.9028430759,0.007805164629
144,0.7,0.3,0.2855993321,2332.5,0.9027837479,0.007822239992
144,0.7,0.3,0.2855993321,2335,0.9027373608,0.007839289774
144,0.7,0.3,0.2855993321,2337.5,0.9026936271,0.00785739508
144,0.7,0.3,0.2855993321,2340,0.9026652444,0.007874869617
144,0.7,0.3,0.2855993321,2342.5,0.9026343028,0.00789263894
144,0.7,0.3,0.2855993321,2345,0.9026029986,0.007907869522
144,0.7,0.3,0.2855993321,2347.5,0.9025712897,0.007929310639
144,0.7,0.3,0.2855993321,2350,0.9025365928,0.007955010866
144,0.7,0.3,0.2855993321,2352.5,0.9024928816,0.00797913701
144,0.7,0.3,0.2855993321,2355,0.902447767,0.008002487024
144,0.7,0.3,0.2855993321,2357.5,0.902411779,0.008024220902
144,0.7,0.3,0.2855993321,2360,0.9023720024,0.008037583837
144,0.7,0.3,0.2855993321,2362.5,0.9023223058,0.00805349941
144,0.7,0.3,0.2855993321,2365,0.9022691687,0.008071408954
144,0.7,0.3,0.2855993321,2367.5,0.9022175425,0.008083661237
144,0.7,0.3,0.2855993321,2370,0.9021557468,0.008093564684
144,0.7,0.3,0.2855993321,2372.5,0.9020945233,0.008101096569
144,0.7,0.3,0.2855993321,2375,0.9020396585,0.008113808308
144,0.7,0.3,0.2855993321,2377.5,0.901977014,0.008122245958
144,0.7,0.3,0.2855993321,2380,0.9019097946,0.008133384808
144,0.7,0.3,0.2855993321,2382.5,0.9018458119,0.008150821131
144,0.7,0.3,0.2855993321,2385,0.9017880001,0.008164662508
144,0.7,0.3,0.2855993321,2387.5,0.9017251043,0.008179543242
144,0.7,0.3,0.2855993321,2390,0.9016567938,0.008192514901
144,0.7,0.3,0.2855993321,2392.5,0.9015882979,0.008210598057
144,0.7,0.3,0.2855993321,2395,0.901516947,0.008229901448
144,0.7,0.3,0.2855993321,2397.5,0.9014492483,0.008247375612
144,0.7,0.3,0.2855993321,2400,0.9013803711,0.008272281771
144,0.7,0.3,0.2855993321,2402.5,0.9013165787,0.008294218797
144,0.7,0.3,0.2855993321,2405,0.9012562206,0.008314423961
144,0.7,0.3,0.2855993321,2407.5,0.9011980448,0.008338339402
144,0.7,0.3,0.2855993321,2410,0.901144445,0.008354510301
144,0.7,0.3,0.2855993321,2412.5,0.9010881044,0.008371209081
144,0.7,0.3,0.2855993321,2415,0.901028235,0.008385307519
144,0.7,0.3,0.2855993321,2417.5,0.900968247,0.008402541344
144,0.7,0.3,0.2855993321,2420,0.9009087421,0.008420302573
144,0.7,0.3,0.2855993321,2422.5,0.9008585856,0.008440129019
144,0.7,0.3,0.2855993321,2425,0.9008105259,0.008457846787
144,0.7,0.3,0.2855993321,2427.5,0.9007654989,0.008480196529
144,0.7,0.3,0.2855993321,2430,0.9007197047,0.008504628111
144,0.7,0.3,0.2855993321,2432.5,0.9006709965,0.008529938642
144,0.7,0.3,0.2855993321,2435,0.9006222724,0.008553054667
144,0.7,0.3,0.2855993321,2437.5,0.900567015,0.008575232375
144,0.7,0.3,0.2855993321,2440,0.9005180973,0.008596043308
144,0.7,0.3,0.2855993321,2442.5,0.9004744596,0.008614524102
144,0.7,0.3,0.2855993321,2445,0.9004290899,0.008632244858
144,0.7,0.3,0.2855993321,2447.5,0.9003929382,0.008649944951
144,0.7,0.3,0.2855993321,2450,0.9003536433,0.008674094705
144,0.7,0.3,0.2855993321,2452.5,0.9002966095,0.008698271682
144,0.7,0.3,0.2855993321,2455,0.9002426057,0.008730557984
144,0.7,0.3,0.2855993321,2457.5,0.9001953471,0.008766091787
144,0.7,0.3,0.2855993321,2460,0.9001400145,0.008803997054
144,0.7,0.3,0.2855993321,2462.5,0.9001006735,0.008839571865
144,0.7,0.3,0.2855993321,2465,0.900055066,0.008872346157
144,0.7,0.3,0.2855993321,2467.5,0.90001301,0.008902115866
144,0.7,0.3,0.2855993321,2470,0.8999715374,0.008934334214
144,0.7,0.3,0.2855993321,2472.5,0.8999275834,0.008963585043
144,0.7,0.3,0.2855993321,2475,0.899883684,0.0089890776
144,0.7,0.3,0.2855993321,2477.5,0.8998517178,0.009013737019
144,0.7,0.3,0.2855993321,2480,0.8998182944,0.009037632633
144,0.7,0.3,0.2855993321,2482.5,0.8997773183,0.009063607633
144,0.7,0.3,0.2855993321,2485,0.8997292734,0.00909147236
144,0.7,0.3,0.2855993321,2487.5,0.8996840774,0.009117807598
144,0.7,0.3,0.2855993321,2490,0.8996268722,0.009151168628
144,0.7,0.3,0.2855993321,2492.5,0.8995708571,0.009183385961
144,0.7,0.3,0.2855993321,2495,0.8995064315,0.009210220949
144,0.7,0.3,0.2855993321,2497.5,0.8994486493,0.00923355941
144,0.7,0.3,0.2855993321,2500,0.8993931594,0.009253834424
144,0.7,0.3,0.2855993321,2502.5,0.8993381691,0.009272246576
144,0.7,0.3,0.2855993321,2505,0.8992871943,0.009295084109
144,0.7,0.3,0.2855993321,2507.5,0.8992337586,0.009321950714
144,0.7,0.3,0.2855993321,2510,0.8991792558,0.009347241452
144,0.7,0.3,0.2855993321,2512.5,0.8991297599,0.009374126484
144,0.7,0.3,0.2855993321,2515,0.8990831894,0.009393704797
144,0.7,0.3,0.2855993321,2517.5,0.8990330892,0.009408391033
144,0.7,0.3,0.2855993321,2520,0.8989750396,0.009422936126
144,0.7,0.3,0.2855993321,2522.5,0.8989179422,0.009436670464
144,0.7,0.3,0.2855993321,2525,0.898859928,0.009455084376
144,0.7,0.3,0.2855993321,2527.5,0.8987980851,0.009477981023
144,0.7,0.3,0.2855993321,2530,0.8987354643,0.00949919923
144,0.7,0.3,0.2855993321,2532.5,0.8986682787,0.009519583739
144,0.7,0.3,0.2855993321,2535,0.8986024426,0.009541102827
144,0.7,0.3,0.2855993321,2537.5,0.8985462166,0.009558615585
144,0.7,0.3,0.2855993321,2540,0.898495789,0.009578887149
144,0.7,0.3,0.2855993321,2542.5,0.8984395458,0.009597292019
144,0.7,0.3,0.2855993321,2545,0.8983818885,0.009617511024
144,0.7,0.3,0.2855993321,2547.5,0.8983225925,0.009639558584
144,0.7,0.3,0.2855993321,2550,0.8982640345,0.009659171554
144,0.7,0.3,0.2855993321,2552.5,0.8982094242,0.009676110756
144,0.7,0.3,0.2855993321,2555,0.8981480906,0.009700959285
144,0.7,0.3,0.2855993321,2557.5,0.8980768506,0.009722528546
144,0.7,0.3,0.2855993321,2560,0.8980180527,0.009744864866
144,0.7,0.3,0.2855993321,2562.5,0.897948671,0.009768912852
144,0.7,0.3,0.2855993321,2565,0.8978730947,0.009796401033
144,0.7,0.3,0.2855993321,2567.5,0.8978096799,0.009823972667
144,0.7,0.3,0.2855993321,2570,0.8977526752,0.009850603777
144,0.7,0.3,0.2855993321,2572.5,0.8976966913,0.009875864168
144,0.7,0.3,0.2855993321,2575,0.8976430821,0.009896292547
144,0.7,0.3,0.2855993321,2577.5,0.8975919614,0.009918134054
144,0.7,0.3,0.2855993321,2580,0.8975429821,0.009944817663
144,0.7,0.3,0.2855993321,2582.5,0.8974945441,0.00996933345
144,0.7,0.3,0.2855993321,2585,0.8974440382,0.009994020951
144,0.7,0.3,0.2855993321,2587.5,0.8973953823,0.01001595575
144,0.7,0.3,0.2855993321,2590,0.8973476638,0.01003810657
144,0.7,0.3,0.2855993321,2592.5,0.8972949387,0.01005484279
144,0.7,0.3,0.2855993321,2595,0.89724131,0.01007048158
144,0.7,0.3,0.2855993321,2597.5,0.8971883134,0.01008672679
144,0.7,0.3,0.2855993321,2600,0.8971453021,0.01010296334
144,0.7,0.3,0.2855993321,2602.5,0.8971070529,0.01011986686
144,0.7,0.3,0.2855993321,2605,0.8970695435,0.01013516863
144,0.7,0.3,0.2855993321,2607.5,0.8970169464,0.01015533294
144,0.7,0.3,0.2855993321,2610,0.8969697589,0.01017083881
144,0.7,0.3,0.2855993321,2612.5,0.8969249604,0.01018839656
144,0.7,0.3,0.2855993321,2615,0.8968811468,0.01020873291
144,0.7,0.3,0.2855993321,2617.5,0.8968364576,0.01022757532
144,0.7,0.3,0.2855993321,2620,0.8967996167,0.01024670586
144,0.7,0.3,0.2855993321,2622.5,0.8967655892,0.01026597789
144,0.7,0.3,0.2855993321,2625,0.8967272975,0.01028302105
144,0.7,0.3,0.2855993321,2627.5,0.8966899478,0.01030028944
144,0.7,0.3,0.2855993321,2630,0.8966465124,0.01032009583
144,0.7,0.3,0.2855993321,2632.5,0.8966122733,0.01033659513
144,0.7,0.3,0.2855993321,2635,0.8965793329,0.01035016453
144,0.7,0.3,0.2855993321,2637.5,0.8965382598,0.01036790292
144,0.7,0.3,0.2855993321,2640,0.896501766,0.01038752419
144,0.7,0.3,0.2855993321,2642.5,0.8964602178,0.01040426979
144,0.7,0.3,0.2855993321,2645,0.8964233871,0.01041875765
144,0.7,0.3,0.2855993321,2647.5,0.8963818872,0.01043201937
144,0.7,0.3,0.2855993321,2650,0.8963344976,0.01044660769
144,0.7,0.3,0.2855993321,2652.5,0.8962833747,0.01046017082
144,0.7,0.3,0.2855993321,2655,0.8962399414,0.01047187573
144,0.7,0.3,0.2855993321,2657.5,0.8961980698,0.01047942651
144,0.7,0.3,0.2855993321,2660,0.8961558088,0.01048570861
144,0.7,0.3,0.2855993321,2662.5,0.8961153091,0.01049830114
144,0.7,0.3,0.2855993321,2665,0.8960827893,0.01051230703
144,0.7,0.3,0.2855993321,2667.5,0.8960619301,0.01051905261
144,0.7,0.3,0.2855993321,2670,0.8960368727,0.01052919798
144,0.7,0.3,0.2855993321,2672.5,0.8960150681,0.0105376008
144,0.7,0.3,0.2855993321,2675,0.8960011545,0.01054725772
144,0.7,0.3,0.2855993321,2677.5,0.8959784134,0.0105513378
144,0.7,0.3,0.2855993321,2680,0.8959574983,0.01055402798
144,0.7,0.3,0.2855993321,2682.5,0.8959393514,0.01056339898
144,0.7,0.3,0.2855993321,2685,0.89592442,0.01057317507
144,0.7,0.3,0.2855993321,2687.5,0.8959094835,0.01058263307
144,0.7,0.3,0.2855993321,2690,0.8958914628,0.01059303574
144,0.7,0.3,0.2855993321,2692.5,0.8958737982,0.01060528362
144,0.7,0.3,0.2855993321,2695,0.8958621627,0.0106178594
144,0.7,0.3,0.2855993321,2697.5,0.895845412,0.01062833924
144,0.7,0.3,0.2855993321,2700,0.8958319804,0.01064090703
144,0.7,0.3,0.2855993321,2702.5,0.8958142827,0.01064988057
144,0.7,0.3,0.2855993321,2705,0.895778183,0.01065794604
144,0.7,0.3,0.2855993321,2707.5,0.8957503068,0.01067150967
144,0.7,0.3,0.2855993321,2710,0.8957258491,0.01068346687
144,0.7,0.3,0.2855993321,2712.5,0.8957021027,0.01069115732
144,0.7,0.3,0.2855993321,2715,0.8956738224,0.01070172729
144,0.7,0.3,0.2855993321,2717.5,0.8956459169,0.01071498417
144,0.7,0.3,0.2855993321,2720,0.895618387,0.01073344456
144,0.7,0.3,0.2855993321,2722.5,0.8955859641,0.01075153951
144,0.7,0.3,0.2855993321,2725,0.895553644,0.01076992626
144,0.7,0.3,0.2855993321,2727.5,0.895510759,0.01078855202
144,0.7,0.3,0.2855993321,2730,0.8954648,0.0108045105
144,0.7,0.3,0.2855993321,2732.5,0.8954209564,0.01082071061
144,0.7,0.3,0.2855993321,2735,0.8953636439,0.01083732217
144,0.7,0.3,0.2855993321,2737.5,0.895308276,0.01085523717
144,0.7,0.3,0.2855993321,2740,0.8952508124,0.01087171704
144,0.7,0.3,0.2855993321,2742.5,0.8951899033,0.0108830715
144,0.7,0.3,0.2855993321,2745,0.8951289463,0.0108910882
144,0.7,0.3,0.2855993321,2747.5,0.895059423,0.01090426073
144,0.7,0.3,0.2855993321,2750,0.8949953744,0.01091749116
144,0.7,0.3,0.2855993321,2752.5,0.8949406483,0.01093728879
144,0.7,0.3,0.2855993321,2755,0.8948864088,0.01095933097
144,0.7,0.3,0.2855993321,2757.5,0.8948306635,0.01098605362
144,0.7,0.3,0.2855993321,2760,0.8947653734,0.01100872197
144,0.7,0.3,0.2855993321,2762.5,0.8947098869,0.01103041086
144,0.7,0.3,0.2855993321,2765,0.8946600368,0.01105464059
144,0.7,0.3,0.2855993321,2767.5,0.8945962805,0.01108149316
144,0.7,0.3,0.2855993321,2770,0.8945480472,0.0111103999
144,0.7,0.3,0.2855993321,2772.5,0.8945035001,0.01113892963
144,0.7,0.3,0.2855993321,2775,0.8944668665,0.01116223596
144,0.7,0.3,0.2855993321,2777.5,0.8944202443,0.01118800556
144,0.7,0.3,0.2855993321,2780,0.8943645453,0.0112221752
144,0.7,0.3,0.2855993321,2782.5,0.8943186067,0.01125885568
144,0.7,0.3,0.2855993321,2785,0.8942683427,0.01129385123
144,0.7,0.3,0.2855993321,2787.5,0.8942209886,0.01133508394
144,0.7,0.3,0.2855993321,2790,0.8941726095,0.01137336469
144,0.7,0.3,0.2855993321,2792.5,0.8941204163,0.01141392818
144,0.7,0.3,0.2855993321,2795,0.8940723769,0.01145074888
144,0.7,0.3,0.2855993321,2797.5,0.8940229417,0.01147996748
144,0.7,0.3,0.2855993321,2800,0.8939648585,0.01151350501
144,0.7,0.3,0.2855993321,2802.5,0.8939046315,0.01154769807
144,0.7,0.3,0.2855993321,2805,0.8938476999,0.01158705159
144,0.7,0.3,0.2855993321,2807.5,0.8937941786,0.01163041196
144,0.7,0.3,0.2855993321,2810,0.893739209,0.01166870547
144,0.7,0.3,0.2855993321,2812.5,0.8936735949,0.01170399493
144,0.7,0.3,0.2855993321,2815,0.8936110172,0.01173642702
144,0.7,0.3,0.2855993321,2817.5,0.8935627919,0.01177131002
144,0.7,0.3,0.2855993321,2820,0.8935105887,0.01180682659
144,0.7,0.3,0.2855993321,2822.5,0.8934564804,0.01184228739
144,0.7,0.3,0.2855993321,2825,0.8934024456,0.01187732859
144,0.7,0.3,0.2855993321,2827.5,0.8933335654,0.01191698432
144,0.7,0.3,0.2855993321,2830,0.8932730416,0.01196167085
144,0.7,0.3,0.2855993321,2832.5,0.8932125892,0.01201069798
144,0.7,0.3,0.2855993321,2835,0.8931548125,0.01205605992
144,0.7,0.3,0.2855993321,2837.5,0.8930907168,0.01209970518
144,0.7,0.3,0.2855993321,2840,0.8930313219,0.01214012616
144,0.7,0.3,0.2855993321,2842.5,0.8929822148,0.01217491435
144,0.7,0.3,0.2855993321,2845,0.8929315906,0.01221156296
144,0.7,0.3,0.2855993321,2847.5,0.8928771238,0.01224426307
144,0.7,0.3,0.2855993321,2850,0.8928219946,0.01227846223
144,0.7,0.3,0.2855993321,2852.5,0.892773518,0.01231027006
144,0.7,0.3,0.2855993321,2855,0.8927301515,0.01234090145
144,0.7,0.3,0.2855993321,2857.5,0.8926869799,0.01237661397
144,0.7,0.3,0.2855993321,2860,0.8926388615,0.01241327886
144,0.7,0.3,0.2855993321,2862.5,0.8925928961,0.01244999268
144,0.7,0.3,0.2855993321,2865,0.8925409983,0.01248619024
144,0.7,0.3,0.2855993321,2867.5,0.8924840352,0.01251722852
144,0.7,0.3,0.2855993321,2870,0.8924263862,0.01255021927
144,0.7,0.3,0.2855993321,2872.5,0.8923611013,0.01258002241
144,0.7,0.3,0.2855993321,2875,0.8922970528,0.01260364237
144,0.7,0.3,0.2855993321,2877.5,0.8922337916,0.01262804014
144,0.7,0.3,0.2855993321,2880,0.8921814652,0.01265399606
144,0.7,0.3,0.2855993321,2882.5,0.8921227967,0.0126810712
144,0.7,0.3,0.2855993321,2885,0.8920620927,0.01270796498
144,0.7,0.3,0.2855993321,2887.5,0.8919939204,0.01274089681
144,0.7,0.3,0.2855993321,2890,0.8919380454,0.01277655609
144,0.7,0.3,0.2855993321,2892.5,0.8918715325,0.01280439467
144,0.7,0.3,0.2855993321,2895,0.8917953161,0.0128340374
144,0.7,0.3,0.2855993321,2897.5,0.891723831,0.01286128773
144,0.7,0.3,0.2855993321,2900,0.8916564214,0.0128862385
144,0.7,0.3,0.2855993321,2902.5,0.8915904222,0.01290884197
144,0.7,0.3,0.2855993321,2905,0.8915222757,0.0129307211
144,0.7,0.3,0.2855993321,2907.5,0.8914703488,0.01295793807
144,0.7,0.3,0.2855993321,2910,0.8914240806,0.01298651175
144,0.7,0.3,0.2855993321,2912.5,0.8913628607,0.01301923623
144,0.7,0.3,0.2855993321,2915,0.8912932784,0.01305675045
144,0.7,0.3,0.2855993321,2917.5,0.8912255881,0.01309388568
144,0.7,0.3,0.2855993321,2920,0.8911610061,0.01312902295
144,0.7,0.3,0.2855993321,2922.5,0.8911009805,0.01316488387
144,0.7,0.3,0.2855993321,2925,0.8910429663,0.01319787101
144,0.7,0.3,0.2855993321,2927.5,0.8909842614,0.01323258768
144,0.7,0.3,0.2855993321,2930,0.8909179507,0.01325891562
144,0.7,0.3,0.2855993321,2932.5,0.8908579624,0.01328683478
144,0.7,0.3,0.2855993321,2935,0.8907971987,0.01331310349
144,0.7,0.3,0.2855993321,2937.5,0.8907288268,0.01333514862
144,0.7,0.3,0.2855993321,2940,0.8906570978,0.01335808476
144,0.7,0.3,0.2855993321,2942.5,0.8905828516,0.0133833782
144,0.7,0.3,0.2855993321,2945,0.8905075554,0.01341105988
144,0.7,0.3,0.2855993321,2947.5,0.890436863,0.01343532777
144,0.7,0.3,0.2855993321,2950,0.8903567025,0.01346213002
144,0.7,0.3,0.2855993321,2952.5,0.8902737774,0.01348891532
144,0.7,0.3,0.2855993321,2955,0.8902041015,0.0135184112
144,0.7,0.3,0.2855993321,2957.5,0.8901352466,0.01354756618
144,0.7,0.3,0.2855993321,2960,0.8900576294,0.01357227603
144,0.7,0.3,0.2855993321,2962.5,0.8899860416,0.01359787261
144,0.7,0.3,0.2855993321,2965,0.8899254082,0.01362062354
144,0.7,0.3,0.2855993321,2967.5,0.8898655556,0.0136421065
144,0.7,0.3,0.2855993321,2970,0.8897981891,0.01366778904
144,0.7,0.3,0.2855993321,2972.5,0.8897156755,0.01369344077
144,0.7,0.3,0.2855993321,2975,0.8896310003,0.0137209027
144,0.7,0.3,0.2855993321,2977.5,0.8895496855,0.01374882483
144,0.7,0.3,0.2855993321,2980,0.8894625665,0.01377239269
144,0.7,0.3,0.2855993321,2982.5,0.8893776697,0.01379352776
144,0.7,0.3,0.2855993321,2985,0.8892961778,0.013817979
144,0.7,0.3,0.2855993321,2987.5,0.8892103818,0.01383482475
144,0.7,0.3,0.2855993321,2990,0.8891293486,0.01385242609
144,0.7,0.3,0.2855993321,2992.5,0.8890526439,0.01387158325
144,0.7,0.3,0.2855993321,2995,0.8889759716,0.0138946376
144,0.7,0.3,0.2855993321,2997.5,0.88889591,0.01391522255
144,0.7,0.3,0.2855993321,3000,0.888811662,0.0139374362
144,0.7,0.3,0.2855993321,3002.5,0.8887321732,0.01396137509
144,0.7,0.3,0.2855993321,3005,0.8886600038,0.0139884559
144,0.7,0.3,0.2855993321,3007.5,0.888593688,0.01401774198
144,0.7,0.3,0.2855993321,3010,0.8885233023,0.01404770756
144,0.7,0.3,0.2855993321,3012.5,0.8884511391,0.01406790059
144,0.7,0.3,0.2855993321,3015,0.8883848012,0.01409363613
144,0.7,0.3,0.2855993321,3017.5,0.8883196794,0.01412547178
144,0.7,0.3,0.2855993321,3020,0.8882480128,0.01415383376
144,0.7,0.3,0.2855993321,3022.5,0.8881883154,0.01418215378
144,0.7,0.3,0.2855993321,3025,0.8881284802,0.0142121631
144,0.7,0.3,0.2855993321,3027.5,0.8880787487,0.01424177009
144,0.7,0.3,0.2855993321,3030,0.888036608,0.01426755782
144,0.7,0.3,0.2855993321,3032.5,0.8879909647,0.0142935958
144,0.7,0.3,0.2855993321,3035,0.8879499991,0.01432602459
144,0.7,0.3,0.2855993321,3037.5,0.8879127242,0.0143650921
144,0.7,0.3,0.2855993321,3040,0.8878731917,0.01440379563
144,0.7,0.3,0.2855993321,3042.5,0.8878387473,0.01443702413
144,0.7,0.3,0.2855993321,3045,0.8878007682,0.01446765745
144,0.7,0.3,0.2855993321,3047.5,0.8877660539,0.01449851785
144,0.7,0.3,0.2855993321,3050,0.8877245601,0.01452488966
144,0.7,0.3,0.2855993321,3052.5,0.8876805472,0.01455274685
144,0.7,0.3,0.2855993321,3055,0.8876259374,0.01458351015
144,0.7,0.3,0.2855993321,3057.5,0.8875814258,0.0146150583
144,0.7,0.3,0.2855993321,3060,0.8875290368,0.014652517
144,0.7,0.3,0.2855993321,3062.5,0.8874795699,0.0146881467
144,0.7,0.3,0.2855993321,3065,0.887429688,0.01472229623
144,0.7,0.3,0.2855993321,3067.5,0.8873908091,0.01476282583
144,0.7,0.3,0.2855993321,3070,0.8873612679,0.01480703984
144,0.7,0.3,0.2855993321,3072.5,0.8873233049,0.01484873658
144,0.7,0.3,0.2855993321,3075,0.8872871558,0.01489324612
144,0.7,0.3,0.2855993321,3077.5,0.8872582534,0.01494053285
144,0.7,0.3,0.2855993321,3080,0.8872359771,0.01499397836
144,0.7,0.3,0.2855993321,3082.5,0.8872000807,0.01504627422
144,0.7,0.3,0.2855993321,3085,0.8871667599,0.01509808534
144,0.7,0.3,0.2855993321,3087.5,0.8871337576,0.01515473399
144,0.7,0.3,0.2855993321,3090,0.8870951172,0.01521169951
144,0.7,0.3,0.2855993321,3092.5,0.8870493811,0.01526692824
144,0.7,0.3,0.2855993321,3095,0.8869974202,0.0153202886
144,0.7,0.3,0.2855993321,3097.5,0.8869643698,0.01537688285
144,0.7,0.3,0.2855993321,3100,0.8869398038,0.01543525684
144,0.7,0.3,0.2855993321,3102.5,0.8869089248,0.0154904637
144,0.7,0.3,0.2855993321,3105,0.8868700126,0.01554836736
144,0.7,0.3,0.2855993321,3107.5,0.8868345711,0.01560178575
144,0.7,0.3,0.2855993321,3110,0.8867974354,0.01565784811
144,0.7,0.3,0.2855993321,3112.5,0.8867413236,0.01572416163
144,0.7,0.3,0.2855993321,3115,0.8866900902,0.01579452641
144,0.7,0.3,0.2855993321,3117.5,0.8866479548,0.01585629377
144,0.7,0.3,0.2855993321,3120,0.8866026687,0.01592018764
144,0.7,0.3,0.2855993321,3122.5,0.8865508276,0.01598705786
144,0.6,0.4,0.2855993321,0,1,0
144,0.6,0.4,0.2855993321,2.5,0.9996877296,1.571156497e-05
144,0.6,0.4,0.2855993321,5,0.9994002932,3.224575861e-05
144,0.6,0.4,0.2855993321,7.5,0.9991465353,4.68562268e-05
144,0.6,0.4,0.2855993321,10,0.998908766,6.271914121e-05
144,0.6,0.4,0.2855993321,12.5,0.9986894376,7.74350558e-05
144,0.6,0.4,0.2855993321,15,0.9984807699,9.047038399e-05
144,0.6,0.4,0.2855993321,17.5,0.9982831841,0.000103165507
144,0.6,0.4,0.2855993321,20,0.9980921092,0.0001158500213
144,0.6,0.4,0.2855993321,22.5,0.9979129074,0.0001237159668
144,0.6,0.4,0.2855993321,25,0.9977416129,0.0001300776269
144,0.6,0.4,0.2855993321,27.5,0.9975713487,0.0001383465885
144,0.6,0.4,0.2855993321,30,0.9974036985,0.0001493576553
144,0.6,0.4,0.2855993321,32.5,0.9972376123,0.000161630074
144,0.6,0.4,0.2855993321,35,0.9970721513,0.0001699751185
144,0.6,0.4,0.2855993321,37.5,0.9969106777,0.0001782417629
144,0.6,0.4,0.2855993321,40,0.9967506328,0.0001877171335
144,0.6,0.4,0.2855993321,42.5,0.9965891142,0.0001986565318
144,0.6,0.4,0.2855993321,45,0.9964274245,0.0002115697915
144,0.6,0.4,0.2855993321,47.5,0.9962713295,0.0002230863704
144,0.6,0.4,0.2855993321,50,0.9961180157,0.0002333572871
144,0.6,0.4,0.2855993321,52.5,0.9959653497,0.000243162307
144,0.6,0.4,0.2855993321,55,0.9958124098,0.0002510418624
144,0.6,0.4,0.2855993321,57.5,0.9956622559,0.0002601429354
144,0.6,0.4,0.2855993321,60,0.9955098812,0.0002691725655
144,0.6,0.4,0.2855993321,62.5,0.9953607861,0.000276512828
144,0.6,0.4,0.2855993321,65,0.995212315,0.000282957933
144,0.6,0.4,0.2855993321,67.5,0.9950693714,0.0002902060141
144,0.6,0.4,0.2855993321,70,0.9949305877,0.0002976383611
144,0.6,0.4,0.2855993321,72.5,0.9947907269,0.000307611561
144,0.6,0.4,0.2855993321,75,0.9946489247,0.0003193688229
144,0.6,0.4,0.2855993321,77.5,0.9945050079,0.0003294958265
144,0.6,0.4,0.2855993321,80,0.9943613345,0.0003423811371
144,0.6,0.4,0.2855993321,82.5,0.9942202006,0.0003541056724
144,0.6,0.4,0.2855993321,85,0.9940884035,0.0003601702889
144,0.6,0.4,0.2855993321,87.5,0.9939617111,0.0003674174818
144,0.6,0.4,0.2855993321,90,0.9938362564,0.0003737835508
144,0.6,0.4,0.2855993321,92.5,0.99370825,0.000381194175
144,0.6,0.4,0.2855993321,95,0.9935790086,0.0003871218367
144,0.6,0.4,0.2855993321,97.5,0.99345465,0.0003917047713
144,0.6,0.4,0.2855993321,100,0.9933314773,0.0003943666021
144,0.6,0.4,0.2855993321,102.5,0.9932095846,0.0003932047447
144,0.6,0.4,0.2855993321,105,0.993092566,0.0003959704744
144,0.6,0.4,0.2855993321,107.5,0.992973701,0.0003989887307
144,0.6,0.4,0.2855993321,110,0.9928588433,0.0004004606405
144,0.6,0.4,0.2855993321,112.5,0.9927488536,0.0003994288579
144,0.6,0.4,0.2855993321,115,0.9926324144,0.0003997620546
144,0.6,0.4,0.2855993321,117.5,0.9925153073,0.0004026130406
144,0.6,0.4,0.2855993321,120,0.9923972545,0.0004049205008
144,0.6,0.4,0.2855993321,122.5,0.9922784799,0.0004067298303
144,0.6,0.4,0.2855993321,125,0.9921587677,0.0004133641576
144,0.6,0.4,0.2855993321,127.5,0.9920446498,0.0004205291814
144,0.6,0.4,0.2855993321,130,0.9919256121,0.0004275978925
144,0.6,0.4,0.2855993321,132.5,0.9918115955,0.0004354402963
144,0.6,0.4,0.2855993321,135,0.9917011324,0.0004453075532
144,0.6,0.4,0.2855993321,137.5,0.9915877425,0.00045768934
144,0.6,0.4,0.2855993321,140,0.9914792629,0.0004651452766
144,0.6,0.4,0.2855993321,142.5,0.9913690298,0.0004751496075
144,0.6,0.4,0.2855993321,145,0.9912593202,0.0004863032837
144,0.6,0.4,0.2855993321,147.5,0.9911461738,0.0004959073065
144,0.6,0.4,0.2855993321,150,0.991031551,0.0005081520854
144,0.6,0.4,0.2855993321,152.5,0.9909229263,0.0005193789774
144,0.6,0.4,0.2855993321,155,0.9908140196,0.000530114577
144,0.6,0.4,0.2855993321,157.5,0.9907074785,0.0005412547103
144,0.6,0.4,0.2855993321,160,0.9905986675,0.0005569776863
144,0.6,0.4,0.2855993321,162.5,0.9904892533,0.0005705632246
144,0.6,0.4,0.2855993321,165,0.9903779855,0.0005802611522
144,0.6,0.4,0.2855993321,167.5,0.9902699779,0.0005926564121
144,0.6,0.4,0.2855993321,170,0.9901650445,0.0006005764374
144,0.6,0.4,0.2855993321,172.5,0.9900576661,0.0006091181935
144,0.6,0.4,0.2855993321,175,0.9899508241,0.0006159821132
144,0.6,0.4,0.2855993321,177.5,0.989846431,0.0006237659181
144,0.6,0.4,0.2855993321,180,0.9897404465,0.0006319184752
144,0.6,0.4,0.2855993321,182.5,0.9896426471,0.0006405978081
144,0.6,0.4,0.2855993321,185,0.9895425616,0.0006511263176
144,0.6,0.4,0.2855993321,187.5,0.9894427096,0.0006646681841
144,0.6,0.4,0.2855993321,190,0.9893504304,0.0006764409628
144,0.6,0.4,0.2855993321,192.5,0.9892539284,0.0006882412301
144,0.6,0.4,0.2855993321,195,0.9891599499,0.0006958949178
144,0.6,0.4,0.2855993321,197.5,0.9890644575,0.0007024289657
144,0.6,0.4,0.2855993321,200,0.9889727113,0.000709959132
144,0.6,0.4,0.2855993321,202.5,0.9888788757,0.0007130981867
144,0.6,0.4,0.2855993321,205,0.9887830105,0.0007139104592
144,0.6,0.4,0.2855993321,207.5,0.9886873584,0.0007161702016
144,0.6,0.4,0.2855993321,210,0.9885868581,0.0007194388769
144,0.6,0.4,0.2855993321,212.5,0.9884873915,0.0007235525982
144,0.6,0.4,0.2855993321,215,0.9883852104,0.0007337774214
144,0.6,0.4,0.2855993321,217.5,0.9882933193,0.0007427453057
144,0.6,0.4,0.2855993321,220,0.988195994,0.0007522862934
144,0.6,0.4,0.2855993321,222.5,0.988096065,0.0007620113197
144,0.6,0.4,0.2855993321,225,0.987998722,0.000774877374
144,0.6,0.4,0.2855993321,227.5,0.9879010321,0.0007910219174
144,0.6,0.4,0.2855993321,230,0.9878021433,0.0008045875144
144,0.6,0.4,0.2855993321,232.5,0.9877001247,0.0008186597008
144,0.6,0.4,0.2855993321,235,0.9875997567,0.0008304057893
144,0.6,0.4,0.2855993321,237.5,0.9875010489,0.0008415056409
144,0.6,0.4,0.2855993321,240,0.9874014605,0.0008532222389
144,0.6,0.4,0.2855993321,242.5,0.9873039661,0.0008639370719
144,0.6,0.4,0.2855993321,245,0.9872033536,0.0008767202504
144,0.6,0.4,0.2855993321,247.5,0.9871078158,0.0008894562972
144,0.6,0.4,0.2855993321,250,0.9870150275,0.0009009654701
144,0.6,0.4,0.2855993321,252.5,0.9869278589,0.0009118295452
144,0.6,0.4,0.2855993321,255,0.9868380509,0.0009238206162
144,0.6,0.4,0.2855993321,257.5,0.9867512185,0.0009404015502
144,0.6,0.4,0.2855993321,260,0.9866636743,0.0009553583696
144,0.6,0.4,0.2855993321,262.5,0.9865763501,0.000969186357
144,0.6,0.4,0.2855993321,265,0.9864866,0.0009809960518
144,0.6,0.4,0.2855993321,267.5,0.9863974739,0.00099085662
144,0.6,0.4,0.2855993321,270,0.9863037025,0.001004434717
144,0.6,0.4,0.2855993321,272.5,0.986211722,0.00101669087
144,0.6,0.4,0.2855993321,275,0.986116105,0.001027224608
144,0.6,0.4,0.2855993321,277.5,0.9860263208,0.001038645515
144,0.6,0.4,0.2855993321,280,0.9859342961,0.001045497499
144,0.6,0.4,0.2855993321,282.5,0.985833906,0.001049300273
144,0.6,0.4,0.2855993321,285,0.9857384016,0.001052660961
144,0.6,0.4,0.2855993321,287.5,0.9856380271,0.001056498879
144,0.6,0.4,0.2855993321,290,0.9855357357,0.001062078866
144,0.6,0.4,0.2855993321,292.5,0.9854355743,0.001065840797
144,0.6,0.4,0.2855993321,295,0.9853331671,0.001068043798
144,0.6,0.4,0.2855993321,297.5,0.9852283238,0.001071383486
144,0.6,0.4,0.2855993321,300,0.9851252478,0.001072690157
144,0.6,0.4,0.2855993321,302.5,0.9850200195,0.001077662463
144,0.6,0.4,0.2855993321,305,0.984917077,0.001082138981
144,0.6,0.4,0.2855993321,307.5,0.9848076673,0.001087729658
144,0.6,0.4,0.2855993321,310,0.9847006862,0.001092720391
144,0.6,0.4,0.2855993321,312.5,0.9845965215,0.001097239705
144,0.6,0.4,0.2855993321,315,0.9844973942,0.001103127108
144,0.6,0.4,0.2855993321,317.5,0.9843936924,0.001112173439
144,0.6,0.4,0.2855993321,320,0.9842919086,0.00112078357
144,0.6,0.4,0.2855993321,322.5,0.9841826485,0.001126599982
144,0.6,0.4,0.2855993321,325,0.984069425,0.001132144015
144,0.6,0.4,0.2855993321,327.5,0.9839560442,0.001135608397
144,0.6,0.4,0.2855993321,330,0.9838553076,0.001141404759
144,0.6,0.4,0.2855993321,332.5,0.9837548426,0.001150192615
144,0.6,0.4,0.2855993321,335,0.9836572379,0.001155580807
144,0.6,0.4,0.2855993321,337.5,0.9835634559,0.001164274981
144,0.6,0.4,0.2855993321,340,0.9834654332,0.001171570624
144,0.6,0.4,0.2855993321,342.5,0.9833666917,0.001179066785
144,0.6,0.4,0.2855993321,345,0.9832686593,0.001186248352
144,0.6,0.4,0.2855993321,347.5,0.9831714096,0.001192538625
144,0.6,0.4,0.2855993321,350,0.9830732393,0.001197161354
144,0.6,0.4,0.2855993321,352.5,0.9829716225,0.001201554623
144,0.6,0.4,0.2855993321,355,0.9828676785,0.001204243177
144,0.6,0.4,0.2855993321,357.5,0.9827626053,0.001204123242
144,0.6,0.4,0.2855993321,360,0.9826545375,0.001206531144
144,0.6,0.4,0.2855993321,362.5,0.982548275,0.001211587864
144,0.6,0.4,0.2855993321,365,0.9824397894,0.00121659308
144,0.6,0.4,0.2855993321,367.5,0.9823306619,0.001226186833
144,0.6,0.4,0.2855993321,370,0.9822255426,0.001232246365
144,0.6,0.4,0.2855993321,372.5,0.9821162192,0.001240730504
144,0.6,0.4,0.2855993321,375,0.9819948775,0.001247486287
144,0.6,0.4,0.2855993321,377.5,0.9818731039,0.00125408693
144,0.6,0.4,0.2855993321,380,0.9817584374,0.001262870014
144,0.6,0.4,0.2855993321,382.5,0.9816470522,0.001273350915
144,0.6,0.4,0.2855993321,385,0.98153747,0.001284316989
144,0.6,0.4,0.2855993321,387.5,0.9814238796,0.001291429656
144,0.6,0.4,0.2855993321,390,0.9813115952,0.001298026688
144,0.6,0.4,0.2855993321,392.5,0.9811999948,0.001306509381
144,0.6,0.4,0.2855993321,395,0.9810946567,0.001309583775
144,0.6,0.4,0.2855993321,397.5,0.9809892159,0.001312940602
144,0.6,0.4,0.2855993321,400,0.9808813071,0.001317605187
144,0.6,0.4,0.2855993321,402.5,0.9807771056,0.001324539921
144,0.6,0.4,0.2855993321,405,0.980673243,0.00133134572
144,0.6,0.4,0.2855993321,407.5,0.9805654356,0.001337160156
144,0.6,0.4,0.2855993321,410,0.9804570384,0.001342161816
144,0.6,0.4,0.2855993321,412.5,0.9803547816,0.001349546072
144,0.6,0.4,0.2855993321,415,0.9802497814,0.001358291581
144,0.6,0.4,0.2855993321,417.5,0.9801493577,0.001368513129
144,0.6,0.4,0.2855993321,420,0.9800532214,0.001377930927
144,0.6,0.4,0.2855993321,422.5,0.9799598092,0.001388849233
144,0.6,0.4,0.2855993321,425,0.9798691507,0.001393885322
144,0.6,0.4,0.2855993321,427.5,0.9797826034,0.001394001094
144,0.6,0.4,0.2855993321,430,0.979689657,0.0013962843
144,0.6,0.4,0.2855993321,432.5,0.9795853535,0.001396296281
144,0.6,0.4,0.2855993321,435,0.9794811904,0.00139857548
144,0.6,0.4,0.2855993321,437.5,0.9793802161,0.001400438268
144,0.6,0.4,0.2855993321,440,0.9792793205,0.001399747971
144,0.6,0.4,0.2855993321,442.5,0.9791844349,0.001400636847
144,0.6,0.4,0.2855993321,445,0.979085067,0.001399106603
144,0.6,0.4,0.2855993321,447.5,0.9789785043,0.001400131562
144,0.6,0.4,0.2855993321,450,0.9788799379,0.001401565539
144,0.6,0.4,0.2855993321,452.5,0.9787768283,0.001401719859
144,0.6,0.4,0.2855993321,455,0.9786799156,0.001404166769
144,0.6,0.4,0.2855993321,457.5,0.9785852205,0.001405728647
144,0.6,0.4,0.2855993321,460,0.9784911278,0.001407367796
144,0.6,0.4,0.2855993321,462.5,0.9784047674,0.001409449583
144,0.6,0.4,0.2855993321,465,0.9783168249,0.001412119688
144,0.6,0.4,0.2855993321,467.5,0.9782270777,0.00141321718
144,0.6,0.4,0.2855993321,470,0.9781385004,0.001418512811
144,0.6,0.4,0.2855993321,472.5,0.9780547214,0.001423714934
144,0.6,0.4,0.2855993321,475,0.9779680918,0.001427358635
144,0.6,0.4,0.2855993321,477.5,0.9778762225,0.001430557897
144,0.6,0.4,0.2855993321,480,0.9777821795,0.001432181645
144,0.6,0.4,0.2855993321,482.5,0.9776878155,0.001432737261
144,0.6,0.4,0.2855993321,485,0.9775953792,0.001435089064
144,0.6,0.4,0.2855993321,487.5,0.9775049893,0.001435953529
144,0.6,0.4,0.2855993321,490,0.9774110285,0.001440943606
144,0.6,0.4,0.2855993321,492.5,0.9773112966,0.001449164972
144,0.6,0.4,0.2855993321,495,0.9772071539,0.001454983885
144,0.6,0.4,0.2855993321,497.5,0.9771034165,0.001462506075
144,0.6,0.4,0.2855993321,500,0.9770005466,0.001469947333
144,0.6,0.4,0.2855993321,502.5,0.9769022867,0.001479185421
144,0.6,0.4,0.2855993321,505,0.9768085444,0.001488084271
144,0.6,0.4,0.2855993321,507.5,0.9767183183,0.001494045343
144,0.6,0.4,0.2855993321,510,0.9766223047,0.001498614245
144,0.6,0.4,0.2855993321,512.5,0.976533862,0.00150341027
144,0.6,0.4,0.2855993321,515,0.976434821,0.00150236381
144,0.6,0.4,0.2855993321,517.5,0.9763347585,0.001506700446
144,0.6,0.4,0.2855993321,520,0.9762368224,0.00150888909
144,0.6,0.4,0.2855993321,522.5,0.9761390441,0.001510803742
144,0.6,0.4,0.2855993321,525,0.9760382119,0.001515811813
144,0.6,0.4,0.2855993321,527.5,0.9759339957,0.001518791202
144,0.6,0.4,0.2855993321,530,0.9758323996,0.00152079113
144,0.6,0.4,0.2855993321,532.5,0.9757302608,0.001520689545
144,0.6,0.4,0.2855993321,535,0.9756200697,0.001521677254
144,0.6,0.4,0.2855993321,537.5,0.9755100199,0.001522327716
144,0.6,0.4,0.2855993321,540,0.9754062718,0.00152363807
144,0.6,0.4,0.2855993321,542.5,0.9752990791,0.001525514543
144,0.6,0.4,0.2855993321,545,0.9751877507,0.001530834787
144,0.6,0.4,0.2855993321,547.5,0.9750800613,0.001535963707
144,0.6,0.4,0.2855993321,550,0.9749714759,0.001541868033
144,0.6,0.4,0.2855993321,552.5,0.9748626538,0.001548356296
144,0.6,0.4,0.2855993321,555,0.9747495243,0.001556623658
144,0.6,0.4,0.2855993321,557.5,0.9746406074,0.001567508721
144,0.6,0.4,0.2855993321,560,0.9745266346,0.00157637964
144,0.6,0.4,0.2855993321,562.5,0.9744155576,0.001584616218
144,0.6,0.4,0.2855993321,565,0.9743033201,0.00159130559
144,0.6,0.4,0.2855993321,567.5,0.9741922039,0.001595666991
144,0.6,0.4,0.2855993321,570,0.974083823,0.001598488145
144,0.6,0.4,0.2855993321,572.5,0.9739758574,0.001598975679
144,0.6,0.4,0.2855993321,575,0.9738747589,0.00159693509
144,0.6,0.4,0.2855993321,577.5,0.9737774273,0.001594445742
144,0.6,0.4,0.2855993321,580,0.9736775781,0.00159667191
144,0.6,0.4,0.2855993321,582.5,0.9735806555,0.001601313042
144,0.6,0.4,0.2855993321,585,0.9734876722,0.00160734524
144,0.6,0.4,0.2855993321,587.5,0.9733854597,0.001611153341
144,0.6,0.4,0.2855993321,590,0.973286473,0.001612784715
144,0.6,0.4,0.2855993321,592.5,0.9731834155,0.001618694174
144,0.6,0.4,0.2855993321,595,0.9730704068,0.001630210435
144,0.6,0.4,0.2855993321,597.5,0.9729547307,0.001642575507
144,0.6,0.4,0.2855993321,600,0.9728383443,0.001652157758
144,0.6,0.4,0.2855993321,602.5,0.9727273986,0.001661261782
144,0.6,0.4,0.2855993321,605,0.9726147504,0.001674155018
144,0.6,0.4,0.2855993321,607.5,0.9724976321,0.001684728596
144,0.6,0.4,0.2855993321,610,0.9723865989,0.001695960921
144,0.6,0.4,0.2855993321,612.5,0.9722787238,0.001707169497
144,0.6,0.4,0.2855993321,615,0.9721726237,0.001720870882
144,0.6,0.4,0.2855993321,617.5,0.972062262,0.001734726779
144,0.6,0.4,0.2855993321,620,0.9719509312,0.001750684506
144,0.6,0.4,0.2855993321,622.5,0.9718458993,0.001765144441
144,0.6,0.4,0.2855993321,625,0.9717396017,0.001776373251
144,0.6,0.4,0.2855993321,627.5,0.9716386988,0.001789955013
144,0.6,0.4,0.2855993321,630,0.9715319852,0.001804016943
144,0.6,0.4,0.2855993321,632.5,0.971429993,0.00181506046
144,0.6,0.4,0.2855993321,635,0.9713244088,0.001824865775
144,0.6,0.4,0.2855993321,637.5,0.9712180486,0.00183326469
144,0.6,0.4,0.2855993321,640,0.9711086291,0.001840690312
144,0.6,0.4,0.2855993321,642.5,0.9709961275,0.001843768501
144,0.6,0.4,0.2855993321,645,0.970889977,0.001850236583
144,0.6,0.4,0.2855993321,647.5,0.9707816238,0.001857662939
144,0.6,0.4,0.2855993321,650,0.9706779503,0.001863834006
144,0.6,0.4,0.2855993321,652.5,0.9705812449,0.001871209733
144,0.6,0.4,0.2855993321,655,0.9704881523,0.001879065505
144,0.6,0.4,0.2855993321,657.5,0.9703960548,0.001884397801
144,0.6,0.4,0.2855993321,660,0.9702959722,0.001888690713
144,0.6,0.4,0.2855993321,662.5,0.9701972987,0.00189279075
144,0.6,0.4,0.2855993321,665,0.9700899615,0.00189578664
144,0.6,0.4,0.2855993321,667.5,0.9699821869,0.001900412801
144,0.6,0.4,0.2855993321,670,0.9698755103,0.001905612866
144,0.6,0.4,0.2855993321,672.5,0.9697625555,0.001915269176
144,0.6,0.4,0.2855993321,675,0.9696472761,0.001924901117
144,0.6,0.4,0.2855993321,677.5,0.9695215566,0.001934780032
144,0.6,0.4,0.2855993321,680,0.969401023,0.001945559033
144,0.6,0.4,0.2855993321,682.5,0.9692827078,0.001957486265
144,0.6,0.4,0.2855993321,685,0.9691671123,0.001972989902
144,0.6,0.4,0.2855993321,687.5,0.9690536194,0.001986534051
144,0.6,0.4,0.2855993321,690,0.9689444203,0.001997156084
144,0.6,0.4,0.2855993321,692.5,0.9688312458,0.002008757224
144,0.6,0.4,0.2855993321,695,0.9687201926,0.002020184793
144,0.6,0.4,0.2855993321,697.5,0.9686055273,0.00203308399
144,0.6,0.4,0.2855993321,700,0.96849362,0.002045249165
144,0.6,0.4,0.2855993321,702.5,0.968379042,0.00205813187
144,0.6,0.4,0.2855993321,705,0.968270687,0.002068356579
144,0.6,0.4,0.2855993321,707.5,0.9681674448,0.00207780997
144,0.6,0.4,0.2855993321,710,0.9680541577,0.002085324036
144,0.6,0.4,0.2855993321,712.5,0.9679443566,0.002091949825
144,0.6,0.4,0.2855993321,715,0.9678342182,0.002096384128
144,0.6,0.4,0.2855993321,717.5,0.967723741,0.002104931904
144,0.6,0.4,0.2855993321,720,0.967610403,0.002113190215
144,0.6,0.4,0.2855993321,722.5,0.9674951145,0.002120515399
144,0.6,0.4,0.2855993321,725,0.9673807995,0.00213091385
144,0.6,0.4,0.2855993321,727.5,0.9672594998,0.002142976777
144,0.6,0.4,0.2855993321,730,0.9671378296,0.002155767494
144,0.6,0.4,0.2855993321,732.5,0.9670161565,0.002171045066
144,0.6,0.4,0.2855993321,735,0.9668938667,0.002185010795
144,0.6,0.4,0.2855993321,737.5,0.9667768019,0.002195979575
144,0.6,0.4,0.2855993321,740,0.9666613731,0.002208950545
144,0.6,0.4,0.2855993321,742.5,0.9665450786,0.002223299443
144,0.6,0.4,0.2855993321,745,0.9664273106,0.002237893002
144,0.6,0.4,0.2855993321,747.5,0.9663052639,0.002254906386
144,0.6,0.4,0.2855993321,750,0.9661861174,0.002269227152
144,0.6,0.4,0.2855993321,752.5,0.9660679123,0.002284527335
144,0.6,0.4,0.2855993321,755,0.9659518393,0.002299757578
144,0.6,0.4,0.2855993321,757.5,0.9658335037,0.002318641404
144,0.6,0.4,0.2855993321,760,0.9657180822,0.002337056642
144,0.6,0.4,0.2855993321,762.5,0.9655975277,0.002355456855
144,0.6,0.4,0.2855993321,765,0.9654757598,0.002374144978
144,0.6,0.4,0.2855993321,767.5,0.9653561771,0.002391739268
144,0.6,0.4,0.2855993321,770,0.9652328726,0.002408597799
144,0.6,0.4,0.2855993321,772.5,0.9651183844,0.002425424527
144,0.6,0.4,0.2855993321,775,0.9650068857,0.002440054395
144,0.6,0.4,0.2855993321,777.5,0.9648929936,0.002451232569
144,0.6,0.4,0.2855993321,780,0.9647763213,0.002463148591
144,0.6,0.4,0.2855993321,782.5,0.9646591694,0.002478407253
144,0.6,0.4,0.2855993321,785,0.9645481137,0.002493540715
144,0.6,0.4,0.2855993321,787.5,0.9644357085,0.002507998239
144,0.6,0.4,0.2855993321,790,0.9643176274,0.002526445788
144,0.6,0.4,0.2855993321,792.5,0.9641961746,0.002544905203
144,0.6,0.4,0.2855993321,795,0.9640779984,0.002565194342
144,0.6,0.4,0.2855993321,797.5,0.9639661691,0.002583650597
144,0.6,0.4,0.2855993321,800,0.9638582473,0.002602152296
144,0.6,0.4,0.2855993321,802.5,0.9637542121,0.002618921111
144,0.6,0.4,0.2855993321,805,0.963647631,0.002633201278
144,0.6,0.4,0.2855993321,807.5,0.9635374265,0.002650381846
144,0.6,0.4,0.2855993321,810,0.9634297146,0.002667979989
144,0.6,0.4,0.2855993321,812.5,0.9633209223,0.00268384558
144,0.6,0.4,0.2855993321,815,0.9632169491,0.002699643207
144,0.6,0.4,0.2855993321,817.5,0.9631110389,0.002718055016
144,0.6,0.4,0.2855993321,820,0.9630046859,0.0027355125
144,0.6,0.4,0.2855993321,822.5,0.9628962343,0.002751390468
144,0.6,0.4,0.2855993321,825,0.9627866616,0.002769383501
144,0.6,0.4,0.2855993321,827.5,0.9626783244,0.002788497752
144,0.6,0.4,0.2855993321,830,0.9625724515,0.00280729828
144,0.6,0.4,0.2855993321,832.5,0.9624622249,0.002828194697
144,0.6,0.4,0.2855993321,835,0.9623541338,0.002847284475
144,0.6,0.4,0.2855993321,837.5,0.96224147,0.002868422432
144,0.6,0.4,0.2855993321,840,0.9621308185,0.002888995254
144,0.6,0.4,0.2855993321,842.5,0.9620189968,0.002910015519
144,0.6,0.4,0.2855993321,845,0.9619093088,0.002929691355
144,0.6,0.4,0.2855993321,847.5,0.9617966542,0.002946018012
144,0.6,0.4,0.2855993321,850,0.9616850532,0.00296467017
144,0.6,0.4,0.2855993321,852.5,0.9615765566,0.002987827859
144,0.6,0.4,0.2855993321,855,0.9614709821,0.003010632351
144,0.6,0.4,0.2855993321,857.5,0.9613688663,0.003033281698
144,0.6,0.4,0.2855993321,860,0.9612673922,0.003054508537
144,0.6,0.4,0.2855993321,862.5,0.9611579693,0.0030772148
144,0.6,0.4,0.2855993321,865,0.9610502433,0.003101839189
144,0.6,0.4,0.2855993321,867.5,0.9609436005,0.003128231914
144,0.6,0.4,0.2855993321,870,0.9608413397,0.003148429776
144,0.6,0.4,0.2855993321,872.5,0.9607379075,0.003168418957
144,0.6,0.4,0.2855993321,875,0.9606327219,0.003188485744
144,0.6,0.4,0.2855993321,877.5,0.9605296663,0.003213156707
144,0.6,0.4,0.2855993321,880,0.9604246454,0.003236024006
144,0.6,0.4,0.2855993321,882.5,0.9603206584,0.003259922394
144,0.6,0.4,0.2855993321,885,0.9602124079,0.003287402552
144,0.6,0.4,0.2855993321,887.5,0.960103605,0.003316476411
144,0.6,0.4,0.2855993321,890,0.9599944432,0.003344710834
144,0.6,0.4,0.2855993321,892.5,0.9598847659,0.003371047301
144,0.6,0.4,0.2855993321,895,0.9597708268,0.003396190869
144,0.6,0.4,0.2855993321,897.5,0.9596590601,0.003420698494
144,0.6,0.4,0.2855993321,900,0.9595455054,0.003443742354
144,0.6,0.4,0.2855993321,902.5,0.9594316134,0.003464175288
144,0.6,0.4,0.2855993321,905,0.9593179027,0.003485299029
144,0.6,0.4,0.2855993321,907.5,0.9592080319,0.003507465816
144,0.6,0.4,0.2855993321,910,0.9590925169,0.003526464274
144,0.6,0.4,0.2855993321,912.5,0.9589824088,0.003544107008
144,0.6,0.4,0.2855993321,915,0.9588753031,0.003558410976
144,0.6,0.4,0.2855993321,917.5,0.9587676627,0.00357617525
144,0.6,0.4,0.2855993321,920,0.9586588378,0.003593960502
144,0.6,0.4,0.2855993321,922.5,0.9585466976,0.003611850143
144,0.6,0.4,0.2855993321,925,0.9584319447,0.003629498555
144,0.6,0.4,0.2855993321,927.5,0.9583208663,0.003644430807
144,0.6,0.4,0.2855993321,930,0.958215513,0.003660093661
144,0.6,0.4,0.2855993321,932.5,0.9581114571,0.003670941036
144,0.6,0.4,0.2855993321,935,0.9580045782,0.003682793341
144,0.6,0.4,0.2855993321,937.5,0.9578939186,0.003694745481
144,0.6,0.4,0.2855993321,940,0.9577824057,0.003709985867
144,0.6,0.4,0.2855993321,942.5,0.9576684443,0.003727991178
144,0.6,0.4,0.2855993321,945,0.957555044,0.003746620075
144,0.6,0.4,0.2855993321,947.5,0.9574356313,0.003767611842
144,0.6,0.4,0.2855993321,950,0.9573259563,0.003785938912
144,0.6,0.4,0.2855993321,952.5,0.9572080222,0.003804660922
144,0.6,0.4,0.2855993321,955,0.9570881308,0.003818683287
144,0.6,0.4,0.2855993321,957.5,0.9569692097,0.003829733666
144,0.6,0.4,0.2855993321,960,0.9568499446,0.003842334105
144,0.6,0.4,0.2855993321,962.5,0.9567232084,0.003857891599
144,0.6,0.4,0.2855993321,965,0.9565975117,0.003873113585
144,0.6,0.4,0.2855993321,967.5,0.9564677759,0.003890973608
144,0.6,0.4,0.2855993321,970,0.9563458758,0.003907838327
144,0.6,0.4,0.2855993321,972.5,0.9562208066,0.003928069089
144,0.6,0.4,0.2855993321,975,0.9560969763,0.003948166003
144,0.6,0.4,0.2855993321,977.5,0.9559706754,0.003974122245
144,0.6,0.4,0.2855993321,980,0.9558458852,0.00400088446
144,0.6,0.4,0.2855993321,982.5,0.9557167941,0.004028128573
144,0.6,0.4,0.2855993321,985,0.9555899957,0.004054370395
144,0.6,0.4,0.2855993321,987.5,0.9554620645,0.004079582597
144,0.6,0.4,0.2855993321,990,0.9553370148,0.004102952267
144,0.6,0.4,0.2855993321,992.5,0.9552106433,0.004126977669
144,0.6,0.4,0.2855993321,995,0.955078836,0.004151590522
144,0.6,0.4,0.2855993321,997.5,0.9549512005,0.004173486632
144,0.6,0.4,0.2855993321,1000,0.954825651,0.004194165462
144,0.6,0.4,0.2855993321,1002.5,0.9547018138,0.004219937979
144,0.6,0.4,0.2855993321,1005,0.9545767228,0.004248662452
144,0.6,0.4,0.2855993321,1007.5,0.9544527837,0.004278092704
144,0.6,0.4,0.2855993321,1010,0.9543241566,0.004309106181
144,0.6,0.4,0.2855993321,1012.5,0.9542041558,0.00433722788
144,0.6,0.4,0.2855993321,1015,0.9540764633,0.004363818743
144,0.6,0.4,0.2855993321,1017.5,0.9539583052,0.004388061649
144,0.6,0.4,0.2855993321,1020,0.953837248,0.004411074555
144,0.6,0.4,0.2855993321,1022.5,0.9537130542,0.00443967829
144,0.6,0.4,0.2855993321,1025,0.9535874809,0.004472690643
144,0.6,0.4,0.2855993321,1027.5,0.9534671868,0.004504183555
144,0.6,0.4,0.2855993321,1030,0.9533524254,0.004532967173
144,0.6,0.4,0.2855993321,1032.5,0.9532280703,0.004563350541
144,0.6,0.4,0.2855993321,1035,0.9531098633,0.004591607652
144,0.6,0.4,0.2855993321,1037.5,0.952994947,0.004617445311
144,0.6,0.4,0.2855993321,1040,0.9528826559,0.004640421802
144,0.6,0.4,0.2855993321,1042.5,0.9527751813,0.004666125222
144,0.6,0.4,0.2855993321,1045,0.9526703666,0.004690731609
144,0.6,0.4,0.2855993321,1047.5,0.9525649001,0.00471337481
144,0.6,0.4,0.2855993321,1050,0.9524598837,0.004740573255
144,0.6,0.4,0.2855993321,1052.5,0.9523492441,0.004764566037
144,0.6,0.4,0.2855993321,1055,0.9522391405,0.004788935032
144,0.6,0.4,0.2855993321,1057.5,0.9521292623,0.004816326266
144,0.6,0.4,0.2855993321,1060,0.9520248894,0.004846406762
144,0.6,0.4,0.2855993321,1062.5,0.9519157014,0.004873389083
144,0.6,0.4,0.2855993321,1065,0.9518057698,0.004897954681
144,0.6,0.4,0.2855993321,1067.5,0.9517007021,0.004924842188
144,0.6,0.4,0.2855993321,1070,0.951598608,0.004953493447
144,0.6,0.4,0.2855993321,1072.5,0.9514908923,0.004983713649
144,0.6,0.4,0.2855993321,1075,0.9513893727,0.005011974876
144,0.6,0.4,0.2855993321,1077.5,0.9512899331,0.005044360012
144,0.6,0.4,0.2855993321,1080,0.9511959039,0.005075934523
144,0.6,0.4,0.2855993321,1082.5,0.9511032837,0.005107270277
144,0.6,0.4,0.2855993321,1085,0.951000128,0.005139198944
144,0.6,0.4,0.2855993321,1087.5,0.9508936715,0.00517053685
144,0.6,0.4,0.2855993321,1090,0.9507918872,0.005202963552
144,0.6,0.4,0.2855993321,1092.5,0.9506895484,0.005232371438
144,0.6,0.4,0.2855993321,1095,0.9505855292,0.005266812716
144,0.6,0.4,0.2855993321,1097.5,0.9504725144,0.005300642909
144,0.6,0.4,0.2855993321,1100,0.9503676707,0.005334949916
144,0.6,0.4,0.2855993321,1102.5,0.9502571726,0.005374764137
144,0.6,0.4,0.2855993321,1105,0.9501434034,0.005417113843
144,0.6,0.4,0.2855993321,1107.5,0.9500215038,0.005457367299
144,0.6,0.4,0.2855993321,1110,0.9499029793,0.005495802097
144,0.6,0.4,0.2855993321,1112.5,0.949787187,0.005538039147
144,0.6,0.4,0.2855993321,1115,0.9496704628,0.005577866053
144,0.6,0.4,0.2855993321,1117.5,0.949554861,0.005618211425
144,0.6,0.4,0.2855993321,1120,0.9494360247,0.005660654151
144,0.6,0.4,0.2855993321,1122.5,0.9493212534,0.005702773085
144,0.6,0.4,0.2855993321,1125,0.9492043442,0.005746020315
144,0.6,0.4,0.2855993321,1127.5,0.9490900038,0.005791141485
144,0.6,0.4,0.2855993321,1130,0.9489696899,0.005837131489
144,0.6,0.4,0.2855993321,1132.5,0.9488506078,0.005881518324
144,0.6,0.4,0.2855993321,1135,0.9487278423,0.005922790218
144,0.6,0.4,0.2855993321,1137.5,0.9486035286,0.005962656315
144,0.6,0.4,0.2855993321,1140,0.9484739526,0.006004469611
144,0.6,0.4,0.2855993321,1142.5,0.9483546078,0.006041309754
144,0.6,0.4,0.2855993321,1145,0.948233482,0.006079593692
144,0.6,0.4,0.2855993321,1147.5,0.948110735,0.006119787542
144,0.6,0.4,0.2855993321,1150,0.9479912748,0.006156783709
144,0.6,0.4,0.2855993321,1152.5,0.9478775219,0.006194903258
144,0.6,0.4,0.2855993321,1155,0.9477589425,0.006231932548
144,0.6,0.4,0.2855993321,1157.5,0.947641116,0.006276451189
144,0.6,0.4,0.2855993321,1160,0.9475197172,0.006320810786
144,0.6,0.4,0.2855993321,1162.5,0.9473986185,0.006366916226
144,0.6,0.4,0.2855993321,1165,0.9472809809,0.006413814884
144,0.6,0.4,0.2855993321,1167.5,0.9471636542,0.006460529305
144,0.6,0.4,0.2855993321,1170,0.9470409797,0.006507031084
144,0.6,0.4,0.2855993321,1172.5,0.9469173656,0.006550799751
144,0.6,0.4,0.2855993321,1175,0.9467955077,0.006596419155
144,0.6,0.4,0.2855993321,1177.5,0.94666571,0.006641070819
144,0.6,0.4,0.2855993321,1180,0.9465420941,0.00668661112
144,0.6,0.4,0.2855993321,1182.5,0.9464279361,0.006728315998
144,0.6,0.4,0.2855993321,1185,0.9463037662,0.006772729263
144,0.6,0.4,0.2855993321,1187.5,0.9461751254,0.006816744207
144,0.6,0.4,0.2855993321,1190,0.9460546317,0.006856100959
144,0.6,0.4,0.2855993321,1192.5,0.9459379187,0.006893349525
144,0.6,0.4,0.2855993321,1195,0.945821027,0.006932416803
144,0.6,0.4,0.2855993321,1197.5,0.945704932,0.006974182704
144,0.6,0.4,0.2855993321,1200,0.9455876703,0.007017444517
144,0.6,0.4,0.2855993321,1202.5,0.9454689053,0.007059969391
144,0.6,0.4,0.2855993321,1205,0.9453430005,0.007100745539
144,0.6,0.4,0.2855993321,1207.5,0.9452243637,0.007141892378
144,0.6,0.4,0.2855993321,1210,0.9451106262,0.007181990581
144,0.6,0.4,0.2855993321,1212.5,0.9450016455,0.007218556832
144,0.6,0.4,0.2855993321,1215,0.9448900004,0.00725438834
144,0.6,0.4,0.2855993321,1217.5,0.944771058,0.007292048475
144,0.6,0.4,0.2855993321,1220,0.9446518892,0.0073302171
144,0.6,0.4,0.2855993321,1222.5,0.9445333022,0.00736777031
144,0.6,0.4,0.2855993321,1225,0.9444171369,0.007408534832
144,0.6,0.4,0.2855993321,1227.5,0.9443037462,0.007450128375
144,0.6,0.4,0.2855993321,1230,0.9441953703,0.007494708065
144,0.6,0.4,0.2855993321,1232.5,0.9440865515,0.007538962734
144,0.6,0.4,0.2855993321,1235,0.9439716355,0.007580004124
144,0.6,0.4,0.2855993321,1237.5,0.9438544236,0.007627100017
144,0.6,0.4,0.2855993321,1240,0.9437387252,0.007677901566
144,0.6,0.4,0.2855993321,1242.5,0.9436310685,0.007727426096
144,0.6,0.4,0.2855993321,1245,0.9435118759,0.007775137201
144,0.6,0.4,0.2855993321,1247.5,0.9433924187,0.007824001352
144,0.6,0.4,0.2855993321,1250,0.9432839826,0.007871997039
144,0.6,0.4,0.2855993321,1252.5,0.9431661874,0.007922618444
144,0.6,0.4,0.2855993321,1255,0.9430514925,0.007972004389
144,0.6,0.4,0.2855993321,1257.5,0.9429355123,0.008020167423
144,0.6,0.4,0.2855993321,1260,0.9428231823,0.008067495372
144,0.6,0.4,0.2855993321,1262.5,0.9427199244,0.008107270251
144,0.6,0.4,0.2855993321,1265,0.9426169544,0.00814826587
144,0.6,0.4,0.2855993321,1267.5,0.9425112506,0.008187571781
144,0.6,0.4,0.2855993321,1270,0.9424194434,0.008228692322
144,0.6,0.4,0.2855993321,1272.5,0.9423335594,0.008271894765
144,0.6,0.4,0.2855993321,1275,0.9422322415,0.008314709163
144,0.6,0.4,0.2855993321,1277.5,0.942126909,0.008357606993
144,0.6,0.4,0.2855993321,1280,0.942023471,0.008397609797
144,0.6,0.4,0.2855993321,1282.5,0.9419146368,0.008433321081
144,0.6,0.4,0.2855993321,1285,0.9417998256,0.008470072641
144,0.6,0.4,0.2855993321,1287.5,0.9416813343,0.008501883089
144,0.6,0.4,0.2855993321,1290,0.9415658183,0.008537676466
144,0.6,0.4,0.2855993321,1292.5,0.9414443304,0.008574515202
144,0.6,0.4,0.2855993321,1295,0.9413283028,0.008607569027
144,0.6,0.4,0.2855993321,1297.5,0.9412129437,0.008643781906
144,0.6,0.4,0.2855993321,1300,0.9410956828,0.008676317088
144,0.6,0.4,0.2855993321,1302.5,0.9409827083,0.008707664634
144,0.6,0.4,0.2855993321,1305,0.9408677339,0.008739448367
144,0.6,0.4,0.2855993321,1307.5,0.9407567821,0.008770926416
144,0.6,0.4,0.2855993321,1310,0.9406439625,0.008799112952
144,0.6,0.4,0.2855993321,1312.5,0.9405338303,0.008834278844
144,0.6,0.4,0.2855993321,1315,0.9404220477,0.008872633967
144,0.6,0.4,0.2855993321,1317.5,0.9403068919,0.008909077368
144,0.6,0.4,0.2855993321,1320,0.9401893233,0.008945198781
144,0.6,0.4,0.2855993321,1322.5,0.940067756,0.008981668549
144,0.6,0.4,0.2855993321,1325,0.9399493645,0.0090154511
144,0.6,0.4,0.2855993321,1327.5,0.93982671,0.009052193402
144,0.6,0.4,0.2855993321,1330,0.9397091649,0.009087159224
144,0.6,0.4,0.2855993321,1332.5,0.9395905973,0.009121398376
144,0.6,0.4,0.2855993321,1335,0.9394754819,0.009151343632
144,0.6,0.4,0.2855993321,1337.5,0.9393544643,0.009181045528
144,0.6,0.4,0.2855993321,1340,0.9392319368,0.009212368321
144,0.6,0.4,0.2855993321,1342.5,0.9391087201,0.009249827951
144,0.6,0.4,0.2855993321,1345,0.9389929907,0.009290833164
144,0.6,0.4,0.2855993321,1347.5,0.9388821555,0.009331203768
144,0.6,0.4,0.2855993321,1350,0.9387789793,0.009370865946
144,0.6,0.4,0.2855993321,1352.5,0.9386689632,0.009411328955
144,0.6,0.4,0.2855993321,1355,0.9385591822,0.009451270314
144,0.6,0.4,0.2855993321,1357.5,0.9384528505,0.009494303879
144,0.6,0.4,0.2855993321,1360,0.9383466656,0.009536671866
144,0.6,0.4,0.2855993321,1362.5,0.9382407725,0.009573909569
144,0.6,0.4,0.2855993321,1365,0.938135418,0.00961347934
144,0.6,0.4,0.2855993321,1367.5,0.9380331263,0.009652432475
144,0.6,0.4,0.2855993321,1370,0.937929444,0.009689924401
144,0.6,0.4,0.2855993321,1372.5,0.9378277935,0.009725927391
144,0.6,0.4,0.2855993321,1375,0.9377320034,0.009758205875
144,0.6,0.4,0.2855993321,1377.5,0.9376409387,0.009794809366
144,0.6,0.4,0.2855993321,1380,0.9375507511,0.009830785076
144,0.6,0.4,0.2855993321,1382.5,0.937455443,0.009864535935
144,0.6,0.4,0.2855993321,1385,0.9373571909,0.009897996275
144,0.6,0.4,0.2855993321,1387.5,0.9372572722,0.009932317099
144,0.6,0.4,0.2855993321,1390,0.937161174,0.009968003468
144,0.6,0.4,0.2855993321,1392.5,0.93706633,0.01000399607
144,0.6,0.4,0.2855993321,1395,0.9369729905,0.01003419726
144,0.6,0.4,0.2855993321,1397.5,0.9368779318,0.01006462086
144,0.6,0.4,0.2855993321,1400,0.9367823317,0.0100930826
144,0.6,0.4,0.2855993321,1402.5,0.9366827629,0.01012499505
144,0.6,0.4,0.2855993321,1405,0.9365802493,0.01015636236
144,0.6,0.4,0.2855993321,1407.5,0.9364859047,0.01018518501
144,0.6,0.4,0.2855993321,1410,0.9363975028,0.01021954088
144,0.6,0.4,0.2855993321,1412.5,0.9363046635,0.0102610662
144,0.6,0.4,0.2855993321,1415,0.9362112071,0.01030157567
144,0.6,0.4,0.2855993321,1417.5,0.9361148572,0.01034245074
144,0.6,0.4,0.2855993321,1420,0.9360139597,0.01037975383
144,0.6,0.4,0.2855993321,1422.5,0.9359142086,0.01041900726
144,0.6,0.4,0.2855993321,1425,0.9358187675,0.01045029748
144,0.6,0.4,0.2855993321,1427.5,0.9357226807,0.01048184219
144,0.6,0.4,0.2855993321,1430,0.9356244168,0.01051759526
144,0.6,0.4,0.2855993321,1432.5,0.9355228709,0.01055561822
144,0.6,0.4,0.2855993321,1435,0.9354181691,0.01059910359
144,0.6,0.4,0.2855993321,1437.5,0.9353029244,0.01064284934
144,0.6,0.4,0.2855993321,1440,0.9351864037,0.01068573029
144,0.6,0.4,0.2855993321,1442.5,0.9350739915,0.0107313314
144,0.6,0.4,0.2855993321,1445,0.9349604593,0.01077535373
144,0.6,0.4,0.2855993321,1447.5,0.9348545363,0.01081932856
144,0.6,0.4,0.2855993321,1450,0.9347529174,0.01086324157
144,0.6,0.4,0.2855993321,1452.5,0.9346447423,0.01090928738
144,0.6,0.4,0.2855993321,1455,0.9345357419,0.01095339271
144,0.6,0.4,0.2855993321,1457.5,0.9344185385,0.01100123092
144,0.6,0.4,0.2855993321,1460,0.9343035266,0.01104932174
144,0.6,0.4,0.2855993321,1462.5,0.9341923413,0.0110961737
144,0.6,0.4,0.2855993321,1465,0.9340806492,0.01114054108
144,0.6,0.4,0.2855993321,1467.5,0.9339729465,0.01118819312
144,0.6,0.4,0.2855993321,1470,0.9338647729,0.01123353771
144,0.6,0.4,0.2855993321,1472.5,0.9337628312,0.01128007698
144,0.6,0.4,0.2855993321,1475,0.933663046,0.0113269172
144,0.6,0.4,0.2855993321,1477.5,0.9335676621,0.01137393388
144,0.6,0.4,0.2855993321,1480,0.9334684985,0.011420751
144,0.6,0.4,0.2855993321,1482.5,0.9333601203,0.01146774362
144,0.6,0.4,0.2855993321,1485,0.9332481778,0.01151235636
144,0.6,0.4,0.2855993321,1487.5,0.9331311285,0.01155554065
144,0.6,0.4,0.2855993321,1490,0.9330176429,0.01160006145
144,0.6,0.4,0.2855993321,1492.5,0.9329075862,0.01164425687
144,0.6,0.4,0.2855993321,1495,0.9327924189,0.01168648478
144,0.6,0.4,0.2855993321,1497.5,0.9326706231,0.01173056151
144,0.6,0.4,0.2855993321,1500,0.9325530319,0.01177541342
144,0.6,0.4,0.2855993321,1502.5,0.9324303339,0.01181971977
144,0.6,0.4,0.2855993321,1505,0.9323157195,0.01186511384
144,0.6,0.4,0.2855993321,1507.5,0.9321935907,0.01191206845
144,0.6,0.4,0.2855993321,1510,0.9320691537,0.01196241687
144,0.6,0.4,0.2855993321,1512.5,0.931939692,0.01201172904
144,0.6,0.4,0.2855993321,1515,0.9318123735,0.01206111062
144,0.6,0.4,0.2855993321,1517.5,0.9316849614,0.01211197013
144,0.6,0.4,0.2855993321,1520,0.9315598555,0.01216272315
144,0.6,0.4,0.2855993321,1522.5,0.9314342295,0.01221560989
144,0.6,0.4,0.2855993321,1525,0.9313119071,0.01226548344
144,0.6,0.4,0.2855993321,1527.5,0.9311889169,0.01231397047
144,0.6,0.4,0.2855993321,1530,0.931067633,0.01236260407
144,0.6,0.4,0.2855993321,1532.5,0.9309493752,0.012414292
144,0.6,0.4,0.2855993321,1535,0.9308293733,0.01246402854
144,0.6,0.4,0.2855993321,1537.5,0.9306991656,0.0125171488
144,0.6,0.4,0.2855993321,1540,0.9305693357,0.0125689057
144,0.6,0.4,0.2855993321,1542.5,0.9304352226,0.0126194651
144,0.6,0.4,0.2855993321,1545,0.9303067604,0.01266330303
144,0.6,0.4,0.2855993321,1547.5,0.9301859579,0.01270688775
144,0.6,0.4,0.2855993321,1550,0.9300671447,0.01274666769
144,0.6,0.4,0.2855993321,1552.5,0.9299431772,0.01278619632
144,0.6,0.4,0.2855993321,1555,0.9298154706,0.01282251579
144,0.6,0.4,0.2855993321,1557.5,0.9296921887,0.01285972881
144,0.6,0.4,0.2855993321,1560,0.9295670302,0.01289608819
144,0.6,0.4,0.2855993321,1562.5,0.9294434896,0.01293333754
144,0.6,0.4,0.2855993321,1565,0.9293210138,0.01297061074
144,0.6,0.4,0.2855993321,1567.5,0.9292061516,0.01300958025
144,0.6,0.4,0.2855993321,1570,0.9290889834,0.01304702802
144,0.6,0.4,0.2855993321,1572.5,0.9289666424,0.01308523199
144,0.6,0.4,0.2855993321,1575,0.9288469437,0.01312342709
144,0.6,0.4,0.2855993321,1577.5,0.9287291028,0.01316076504
144,0.6,0.4,0.2855993321,1580,0.9286134332,0.01319507678
144,0.6,0.4,0.2855993321,1582.5,0.9284977652,0.01323474511
144,0.6,0.4,0.2855993321,1585,0.9283806816,0.01327576753
144,0.6,0.4,0.2855993321,1587.5,0.9282628313,0.01331558004
144,0.6,0.4,0.2855993321,1590,0.928151611,0.01335522443
144,0.6,0.4,0.2855993321,1592.5,0.9280364746,0.01339874184
144,0.6,0.4,0.2855993321,1595,0.9279294413,0.013443513
144,0.6,0.4,0.2855993321,1597.5,0.9278288903,0.01348972189
144,0.6,0.4,0.2855993321,1600,0.9277257724,0.01353625091
144,0.6,0.4,0.2855993321,1602.5,0.9276252989,0.01358456667
144,0.6,0.4,0.2855993321,1605,0.9275194691,0.01363653351
144,0.6,0.4,0.2855993321,1607.5,0.9274152882,0.0136907872
144,0.6,0.4,0.2855993321,1610,0.9273093943,0.01374658897
144,0.6,0.4,0.2855993321,1612.5,0.9272077886,0.01380276575
144,0.6,0.4,0.2855993321,1615,0.9271078368,0.0138623231
144,0.6,0.4,0.2855993321,1617.5,0.9270067485,0.01392164679
144,0.6,0.4,0.2855993321,1620,0.9269072156,0.01398898057
144,0.6,0.4,0.2855993321,1622.5,0.92680561,0.01405314298
144,0.6,0.4,0.2855993321,1625,0.9267040863,0.01411367884
144,0.6,0.4,0.2855993321,1627.5,0.9265970118,0.01417341427
144,0.6,0.4,0.2855993321,1630,0.926491086,0.01423440751
144,0.6,0.4,0.2855993321,1632.5,0.9263830103,0.01429531367
144,0.6,0.4,0.2855993321,1635,0.9262699982,0.01435939139
144,0.6,0.4,0.2855993321,1637.5,0.9261585555,0.01442684396
144,0.6,0.4,0.2855993321,1640,0.9260433427,0.0144948276
144,0.6,0.4,0.2855993321,1642.5,0.925935957,0.01456153713
144,0.6,0.4,0.2855993321,1645,0.9258319391,0.01462658927
144,0.6,0.4,0.2855993321,1647.5,0.9257254904,0.0146955158
144,0.6,0.4,0.2855993321,1650,0.9256151894,0.01476197934
144,0.6,0.4,0.2855993321,1652.5,0.9255025024,0.01483221761
144,0.6,0.4,0.2855993321,1655,0.9253976158,0.01490269535
144,0.6,0.4,0.2855993321,1657.5,0.9252865797,0.01496942851
144,0.6,0.4,0.2855993321,1660,0.9251744276,0.01503880248
144,0.6,0.4,0.2855993321,1662.5,0.9250633258,0.01510615659
144,0.6,0.4,0.2855993321,1665,0.9249507957,0.01517330617
144,0.6,0.4,0.2855993321,1667.5,0.9248355788,0.01523942142
144,0.6,0.4,0.2855993321,1670,0.9247231652,0.01530344759
144,0.6,0.4,0.2855993321,1672.5,0.9246052369,0.01536192946
144,0.6,0.4,0.2855993321,1675,0.9244752006,0.01542027423
144,0.6,0.4,0.2855993321,1677.5,0.9243418175,0.01548014038
144,0.6,0.4,0.2855993321,1680,0.9242057212,0.01554434163
144,0.6,0.4,0.2855993321,1682.5,0.9240733201,0.01561197838
144,0.6,0.4,0.2855993321,1685,0.9239354978,0.01567825631
144,0.6,0.4,0.2855993321,1687.5,0.9237992253,0.01573942714
144,0.6,0.4,0.2855993321,1690,0.9236675429,0.01580094399
144,0.6,0.4,0.2855993321,1692.5,0.9235377587,0.01585876949
144,0.6,0.4,0.2855993321,1695,0.9234119417,0.0159172984
144,0.6,0.4,0.2855993321,1697.5,0.9232854675,0.01598062826
144,0.6,0.4,0.2855993321,1700,0.9231553773,0.01604607059
144,0.6,0.4,0.2855993321,1702.5,0.9230246906,0.01611097845
144,0.6,0.4,0.2855993321,1705,0.9228930429,0.01617486418
144,0.6,0.4,0.2855993321,1707.5,0.9227701267,0.01623452087
144,0.6,0.4,0.2855993321,1710,0.9226357094,0.01629075903
144,0.6,0.4,0.2855993321,1712.5,0.9225062776,0.01634683924
144,0.6,0.4,0.2855993321,1715,0.9223838613,0.01640455481
144,0.6,0.4,0.2855993321,1717.5,0.9222573737,0.01646272155
144,0.6,0.4,0.2855993321,1720,0.9221356123,0.01652193781
144,0.6,0.4,0.2855993321,1722.5,0.9220077124,0.01657786927
144,0.6,0.4,0.2855993321,1725,0.9218784461,0.01663172045
144,0.6,0.4,0.2855993321,1727.5,0.9217543343,0.01668456416
144,0.6,0.4,0.2855993321,1730,0.9216360349,0.01673924863
144,0.6,0.4,0.2855993321,1732.5,0.9215278424,0.01679241002
144,0.6,0.4,0.2855993321,1735,0.9214246284,0.01684717713
144,0.6,0.4,0.2855993321,1737.5,0.9213164698,0.01690011182
144,0.6,0.4,0.2855993321,1740,0.9212114761,0.01695315546
144,0.6,0.4,0.2855993321,1742.5,0.9211091387,0.01700708243
144,0.6,0.4,0.2855993321,1745,0.9210099963,0.01705593147
144,0.6,0.4,0.2855993321,1747.5,0.9209052457,0.01710612404
144,0.6,0.4,0.2855993321,1750,0.9208032987,0.01716065948
144,0.6,0.4,0.2855993321,1752.5,0.9207008302,0.01721432734
144,0.6,0.4,0.2855993321,1755,0.9206024684,0.01726834924
144,0.6,0.4,0.2855993321,1757.5,0.9205041767,0.017315776
144,0.6,0.4,0.2855993321,1760,0.9204042578,0.01736260667
144,0.6,0.4,0.2855993321,1762.5,0.9203068764,0.01740678968
144,0.6,0.4,0.2855993321,1765,0.9202055138,0.01744891549
144,0.6,0.4,0.2855993321,1767.5,0.9200918312,0.01749492529
144,0.6,0.4,0.2855993321,1770,0.9199785112,0.01754205424
144,0.6,0.4,0.2855993321,1772.5,0.9198645569,0.01759184452
144,0.6,0.4,0.2855993321,1775,0.9197491632,0.01764268442
144,0.6,0.4,0.2855993321,1777.5,0.9196304104,0.01769332023
144,0.6,0.4,0.2855993321,1780,0.9195025571,0.01774648331
144,0.6,0.4,0.2855993321,1782.5,0.9193735486,0.01779903434
144,0.6,0.4,0.2855993321,1785,0.9192438144,0.0178485932
144,0.6,0.4,0.2855993321,1787.5,0.9191178202,0.01789676939
144,0.6,0.4,0.2855993321,1790,0.9189861619,0.01794561201
144,0.6,0.4,0.2855993321,1792.5,0.9188507874,0.01799507227
144,0.6,0.4,0.2855993321,1795,0.9187241734,0.01804139031
144,0.6,0.4,0.2855993321,1797.5,0.9186018561,0.01809121302
144,0.6,0.4,0.2855993321,1800,0.9184834058,0.01814481635
144,0.6,0.4,0.2855993321,1802.5,0.9183695436,0.01819486818
144,0.6,0.4,0.2855993321,1805,0.9182536576,0.01824531052
144,0.6,0.4,0.2855993321,1807.5,0.9181451237,0.01829519898
144,0.6,0.4,0.2855993321,1810,0.9180370467,0.01834336224
144,0.6,0.4,0.2855993321,1812.5,0.9179248005,0.01839233958
144,0.6,0.4,0.2855993321,1815,0.9178138538,0.01844068963
144,0.6,0.4,0.2855993321,1817.5,0.9177073468,0.01848847343
144,0.6,0.4,0.2855993321,1820,0.9176025372,0.01853383115
144,0.6,0.4,0.2855993321,1822.5,0.9174938847,0.01858275173
144,0.6,0.4,0.2855993321,1825,0.9173845919,0.01862694364
144,0.6,0.4,0.2855993321,1827.5,0.9172798169,0.01867151732
144,0.6,0.4,0.2855993321,1830,0.9171713715,0.01871716184
144,0.6,0.4,0.2855993321,1832.5,0.9170627912,0.01876117036
144,0.6,0.4,0.2855993321,1835,0.9169641032,0.01880658701
144,0.6,0.4,0.2855993321,1837.5,0.9168637721,0.0188501218
144,0.6,0.4,0.2855993321,1840,0.9167606294,0.01889372026
144,0.6,0.4,0.2855993321,1842.5,0.9166607156,0.01893888936
144,0.6,0.4,0.2855993321,1845,0.9165630627,0.01898240795
144,0.6,0.4,0.2855993321,1847.5,0.9164620659,0.01902941808
144,0.6,0.4,0.2855993321,1850,0.9163676975,0.01907570092
144,0.6,0.4,0.2855993321,1852.5,0.916272919,0.01911946685
144,0.6,0.4,0.2855993321,1855,0.9161787827,0.01916305157
144,0.6,0.4,0.2855993321,1857.5,0.9160866819,0.01920618513
144,0.6,0.4,0.2855993321,1860,0.9159871103,0.01924665495
144,0.6,0.4,0.2855993321,1862.5,0.915880178,0.01928780747
144,0.6,0.4,0.2855993321,1865,0.9157707621,0.0193283502
144,0.6,0.4,0.2855993321,1867.5,0.9156598862,0.01936705177
144,0.6,0.4,0.2855993321,1870,0.915547137,0.01940205979
144,0.6,0.4,0.2855993321,1872.5,0.915430623,0.01943667325
144,0.6,0.4,0.2855993321,1875,0.9153118763,0.01947474294
144,0.6,0.4,0.2855993321,1877.5,0.9151978734,0.01951109917
144,0.6,0.4,0.2855993321,1880,0.9150851795,0.01954999365
144,0.6,0.4,0.2855993321,1882.5,0.9149692891,0.01959119707
144,0.6,0.4,0.2855993321,1885,0.9148551825,0.01963629555
144,0.6,0.4,0.2855993321,1887.5,0.9147422271,0.01968294559
144,0.6,0.4,0.2855993321,1890,0.9146330089,0.01972788593
144,0.6,0.4,0.2855993321,1892.5,0.9145195398,0.01977433959
144,0.6,0.4,0.2855993321,1895,0.914407234,0.01981741248
144,0.6,0.4,0.2855993321,1897.5,0.9142895728,0.01985936626
144,0.6,0.4,0.2855993321,1900,0.9141731373,0.01990757885
144,0.6,0.4,0.2855993321,1902.5,0.9140589365,0.01995066815
144,0.6,0.4,0.2855993321,1905,0.9139567377,0.01999702319
144,0.6,0.4,0.2855993321,1907.5,0.9138506175,0.0200427624
144,0.6,0.4,0.2855993321,1910,0.9137484787,0.02008274968
144,0.6,0.4,0.2855993321,1912.5,0.9136399082,0.0201206502
144,0.6,0.4,0.2855993321,1915,0.9135361742,0.020158925
144,0.6,0.4,0.2855993321,1917.5,0.9134285855,0.02019815231
144,0.6,0.4,0.2855993321,1920,0.9133231206,0.0202372451
144,0.6,0.4,0.2855993321,1922.5,0.9132149228,0.02027336921
144,0.6,0.4,0.2855993321,1925,0.9130963817,0.02030925098
144,0.6,0.4,0.2855993321,1927.5,0.9129864642,0.0203443394
144,0.6,0.4,0.2855993321,1930,0.912884034,0.02037781234
144,0.6,0.4,0.2855993321,1932.5,0.9127741361,0.02041117079
144,0.6,0.4,0.2855993321,1935,0.9126653694,0.02044278055
144,0.6,0.4,0.2855993321,1937.5,0.9125537555,0.02047629493
144,0.6,0.4,0.2855993321,1940,0.912446422,0.02050842794
144,0.6,0.4,0.2855993321,1942.5,0.9123395735,0.02054052573
144,0.6,0.4,0.2855993321,1945,0.9122260484,0.02057516165
144,0.6,0.4,0.2855993321,1947.5,0.9121129582,0.02061495527
144,0.6,0.4,0.2855993321,1950,0.9119996006,0.02065186899
144,0.6,0.4,0.2855993321,1952.5,0.9118847755,0.02068621317
144,0.6,0.4,0.2855993321,1955,0.9117737935,0.02072233959
144,0.6,0.4,0.2855993321,1957.5,0.9116620735,0.02075805791
144,0.6,0.4,0.2855993321,1960,0.9115495599,0.0207927469
144,0.6,0.4,0.2855993321,1962.5,0.9114352912,0.02082457845
144,0.6,0.4,0.2855993321,1965,0.9113196265,0.02085811403
144,0.6,0.4,0.2855993321,1967.5,0.9112066556,0.02089762481
144,0.6,0.4,0.2855993321,1970,0.9110934111,0.02093317778
144,0.6,0.4,0.2855993321,1972.5,0.9109861468,0.02096979414
144,0.6,0.4,0.2855993321,1975,0.9108756699,0.0210052967
144,0.6,0.4,0.2855993321,1977.5,0.9107528508,0.02104149885
144,0.6,0.4,0.2855993321,1980,0.9106344707,0.02107863889
144,0.6,0.4,0.2855993321,1982.5,0.9105129856,0.02111338001
144,0.6,0.4,0.2855993321,1985,0.9103946859,0.02114834612
144,0.6,0.4,0.2855993321,1987.5,0.9102776537,0.02118226078
144,0.6,0.4,0.2855993321,1990,0.9101497353,0.02121613144
144,0.6,0.4,0.2855993321,1992.5,0.9100243927,0.02124624325
144,0.6,0.4,0.2855993321,1995,0.9098971241,0.02127223803
144,0.6,0.4,0.2855993321,1997.5,0.9097605823,0.02129521267
144,0.6,0.4,0.2855993321,2000,0.9096291332,0.02132141458
144,0.6,0.4,0.2855993321,2002.5,0.9094945049,0.02135246445
144,0.6,0.4,0.2855993321,2005,0.9093582914,0.02138411153
144,0.6,0.4,0.2855993321,2007.5,0.9092226655,0.02141064881
144,0.6,0.4,0.2855993321,2010,0.909087663,0.02143991977
144,0.6,0.4,0.2855993321,2012.5,0.908944688,0.02147477764
144,0.6,0.4,0.2855993321,2015,0.9088154456,0.02151298916
144,0.6,0.4,0.2855993321,2017.5,0.908692919,0.02154956062
144,0.6,0.4,0.2855993321,2020,0.9085842538,0.02158645003
144,0.6,0.4,0.2855993321,2022.5,0.9084862622,0.02162601348
144,0.6,0.4,0.2855993321,2025,0.9083803875,0.02166347247
144,0.6,0.4,0.2855993321,2027.5,0.9082751021,0.02169872948
144,0.6,0.4,0.2855993321,2030,0.9081656349,0.02173684286
144,0.6,0.4,0.2855993321,2032.5,0.9080549194,0.02177822256
144,0.6,0.4,0.2855993321,2035,0.9079478165,0.02181875661
144,0.6,0.4,0.2855993321,2037.5,0.907833682,0.02185726838
144,0.6,0.4,0.2855993321,2040,0.9077210671,0.02190106635
144,0.6,0.4,0.2855993321,2042.5,0.9076141044,0.0219459007
144,0.6,0.4,0.2855993321,2045,0.9075053303,0.021991189
144,0.6,0.4,0.2855993321,2047.5,0.9073945381,0.02203862629
144,0.6,0.4,0.2855993321,2050,0.9072866605,0.02208158596
144,0.6,0.4,0.2855993321,2052.5,0.9071833668,0.02212239636
144,0.6,0.4,0.2855993321,2055,0.9070792706,0.02215676542
144,0.6,0.4,0.2855993321,2057.5,0.9069791981,0.02219124281
144,0.6,0.4,0.2855993321,2060,0.9068700549,0.02223270326
144,0.6,0.4,0.2855993321,2062.5,0.9067605899,0.022274064
144,0.6,0.4,0.2855993321,2065,0.906647308,0.02231233494
144,0.6,0.4,0.2855993321,2067.5,0.9065341385,0.02234774314
144,0.6,0.4,0.2855993321,2070,0.9064209173,0.02238312116
144,0.6,0.4,0.2855993321,2072.5,0.90630621,0.02241706324
144,0.6,0.4,0.2855993321,2075,0.9061914817,0.02245459622
144,0.6,0.4,0.2855993321,2077.5,0.9060730148,0.02248587726
144,0.6,0.4,0.2855993321,2080,0.9059513091,0.02251452235
144,0.6,0.4,0.2855993321,2082.5,0.9058306328,0.02254933251
144,0.6,0.4,0.2855993321,2085,0.9057082884,0.02258272916
144,0.6,0.4,0.2855993321,2087.5,0.9055807721,0.02262143782
144,0.6,0.4,0.2855993321,2090,0.9054608513,0.02265421308
144,0.6,0.4,0.2855993321,2092.5,0.905347067,0.02268609843
144,0.6,0.4,0.2855993321,2095,0.9052196416,0.02271564403
144,0.6,0.4,0.2855993321,2097.5,0.9050995157,0.02274773343
144,0.6,0.4,0.2855993321,2100,0.9049732631,0.02278051301
144,0.6,0.4,0.2855993321,2102.5,0.9048426849,0.02281596724
144,0.6,0.4,0.2855993321,2105,0.9047066534,0.02285335263
144,0.6,0.4,0.2855993321,2107.5,0.9045792676,0.0228894193
144,0.6,0.4,0.2855993321,2110,0.9044587937,0.02292597446
144,0.6,0.4,0.2855993321,2112.5,0.9043422844,0.02296164869
144,0.6,0.4,0.2855993321,2115,0.9042185429,0.02299785436
144,0.6,0.4,0.2855993321,2117.5,0.9040912929,0.02303741167
144,0.6,0.4,0.2855993321,2120,0.9039676887,0.02306954569
144,0.6,0.4,0.2855993321,2122.5,0.9038530174,0.0230999443
144,0.6,0.4,0.2855993321,2125,0.9037443114,0.0231286048
144,0.6,0.4,0.2855993321,2127.5,0.9036335764,0.02315945531
144,0.6,0.4,0.2855993321,2130,0.9035227491,0.02319049822
144,0.6,0.4,0.2855993321,2132.5,0.9034051291,0.02321914048
144,0.6,0.4,0.2855993321,2135,0.9032806554,0.02324415094
144,0.6,0.4,0.2855993321,2137.5,0.9031583921,0.02326925386
144,0.6,0.4,0.2855993321,2140,0.9030453883,0.02329505534
144,0.6,0.4,0.2855993321,2142.5,0.9029339704,0.02332088611
144,0.6,0.4,0.2855993321,2145,0.9028177779,0.02335117544
144,0.6,0.4,0.2855993321,2147.5,0.9027010103,0.02338716055
144,0.6,0.4,0.2855993321,2150,0.9025763324,0.02341800288
144,0.6,0.4,0.2855993321,2152.5,0.9024512514,0.02344814838
144,0.6,0.4,0.2855993321,2155,0.902323995,0.023477804
144,0.6,0.4,0.2855993321,2157.5,0.9021983381,0.02351061694
144,0.6,0.4,0.2855993321,2160,0.9020728512,0.02354762189
144,0.6,0.4,0.2855993321,2162.5,0.9019582228,0.02357545295
144,0.6,0.4,0.2855993321,2165,0.9018388215,0.02359847202
144,0.6,0.4,0.2855993321,2167.5,0.9017143233,0.02362463105
144,0.6,0.4,0.2855993321,2170,0.9015848738,0.02365110116
144,0.6,0.4,0.2855993321,2172.5,0.9014561946,0.02367512115
144,0.6,0.4,0.2855993321,2175,0.9013212648,0.02370079947
144,0.6,0.4,0.2855993321,2177.5,0.9011824144,0.0237254042
144,0.6,0.4,0.2855993321,2180,0.9010442466,0.02375509821
144,0.6,0.4,0.2855993321,2182.5,0.9009162592,0.02378489724
144,0.6,0.4,0.2855993321,2185,0.9007959287,0.02381091766
144,0.6,0.4,0.2855993321,2187.5,0.9006821919,0.02383695988
144,0.6,0.4,0.2855993321,2190,0.9005690984,0.02386513855
144,0.6,0.4,0.2855993321,2192.5,0.9004478663,0.02389579622
144,0.6,0.4,0.2855993321,2195,0.9003265967,0.02392977133
144,0.6,0.4,0.2855993321,2197.5,0.9002032467,0.02395902959
144,0.6,0.4,0.2855993321,2200,0.9000750141,0.02398918989
144,0.6,0.4,0.2855993321,2202.5,0.8999516327,0.02401687171
144,0.6,0.4,0.2855993321,2205,0.8998342681,0.0240359462
144,0.6,0.4,0.2855993321,2207.5,0.8997067719,0.02405728354
144,0.6,0.4,0.2855993321,2210,0.8995783803,0.02408290832
144,0.6,0.4,0.2855993321,2212.5,0.8994515627,0.02410833428
144,0.6,0.4,0.2855993321,2215,0.8993250462,0.02413288526
144,0.6,0.4,0.2855993321,2217.5,0.8991929917,0.02415546729
144,0.6,0.4,0.2855993321,2220,0.8990640153,0.02417740096
144,0.6,0.4,0.2855993321,2222.5,0.8989409696,0.02420342136
144,0.6,0.4,0.2855993321,2225,0.8988215304,0.02423701351
144,0.6,0.4,0.2855993321,2227.5,0.8987000909,0.02427244686
144,0.6,0.4,0.2855993321,2230,0.8985676778,0.02430869554
144,0.6,0.4,0.2855993321,2232.5,0.8984362126,0.0243438781
144,0.6,0.4,0.2855993321,2235,0.8983037929,0.02437220806
144,0.6,0.4,0.2855993321,2237.5,0.8981648085,0.02440265207
144,0.6,0.4,0.2855993321,2240,0.898034499,0.02443143336
144,0.6,0.4,0.2855993321,2242.5,0.8978979908,0.02446040964
144,0.6,0.4,0.2855993321,2245,0.8977576769,0.02448195426
144,0.6,0.4,0.2855993321,2247.5,0.8976243015,0.02450756062
144,0.6,0.4,0.2855993321,2250,0.8974868165,0.0245331156
144,0.6,0.4,0.2855993321,2252.5,0.8973476355,0.02456034172
144,0.6,0.4,0.2855993321,2255,0.8972094668,0.02458833541
144,0.6,0.4,0.2855993321,2257.5,0.8970682339,0.02461948302
144,0.6,0.4,0.2855993321,2260,0.8969314678,0.024649991
144,0.6,0.4,0.2855993321,2262.5,0.8967931623,0.02467775876
144,0.6,0.4,0.2855993321,2265,0.8966596719,0.02470993533
144,0.6,0.4,0.2855993321,2267.5,0.8965195532,0.02473954349
144,0.6,0.4,0.2855993321,2270,0.896381645,0.0247655241
144,0.6,0.4,0.2855993321,2272.5,0.8962492984,0.02478860155
144,0.6,0.4,0.2855993321,2275,0.8961168872,0.02481135952
144,0.6,0.4,0.2855993321,2277.5,0.8959814282,0.02483357772
144,0.6,0.4,0.2855993321,2280,0.8958509056,0.02486009845
144,0.6,0.4,0.2855993321,2282.5,0.8957177436,0.02489090749
144,0.6,0.4,0.2855993321,2285,0.8955937266,0.02491972861
144,0.6,0.4,0.2855993321,2287.5,0.8954771149,0.02495071737
144,0.6,0.4,0.2855993321,2290,0.8953564493,0.02497906045
144,0.6,0.4,0.2855993321,2292.5,0.8952408607,0.02500632279
144,0.6,0.4,0.2855993321,2295,0.8951251503,0.02503454399
144,0.6,0.4,0.2855993321,2297.5,0.8950085367,0.02506428708
144,0.6,0.4,0.2855993321,2300,0.8948960153,0.02509883334
144,0.6,0.4,0.2855993321,2302.5,0.8947858073,0.0251311078
144,0.6,0.4,0.2855993321,2305,0.8946752773,0.02516249577
144,0.6,0.4,0.2855993321,2307.5,0.8945652244,0.02519375905
144,0.6,0.4,0.2855993321,2310,0.8944644677,0.02522387056
144,0.6,0.4,0.2855993321,2312.5,0.8943562243,0.0252602714
144,0.6,0.4,0.2855993321,2315,0.8942548379,0.02529380093
144,0.6,0.4,0.2855993321,2317.5,0.8941565831,0.02532305379
144,0.6,0.4,0.2855993321,2320,0.8940585095,0.02535081275
144,0.6,0.4,0.2855993321,2322.5,0.893967976,0.02538170388
144,0.6,0.4,0.2855993321,2325,0.8938703448,0.02541508377
144,0.6,0.4,0.2855993321,2327.5,0.8937670544,0.02544884092
144,0.6,0.4,0.2855993321,2330,0.8936571756,0.02548485061
144,0.6,0.4,0.2855993321,2332.5,0.8935440696,0.02552389535
144,0.6,0.4,0.2855993321,2335,0.8934342922,0.0255630432
144,0.6,0.4,0.2855993321,2337.5,0.8933219804,0.02559778308
144,0.6,0.4,0.2855993321,2340,0.8932047281,0.02562930296
144,0.6,0.4,0.2855993321,2342.5,0.8930893234,0.02566449785
144,0.6,0.4,0.2855993321,2345,0.8929747368,0.0256937269
144,0.6,0.4,0.2855993321,2347.5,0.892858534,0.02572005619
144,0.6,0.4,0.2855993321,2350,0.8927388081,0.02574816907
144,0.6,0.4,0.2855993321,2352.5,0.8926198941,0.025773689
144,0.6,0.4,0.2855993321,2355,0.8925103873,0.02580047059
144,0.6,0.4,0.2855993321,2357.5,0.8924022543,0.02582414272
144,0.6,0.4,0.2855993321,2360,0.8922959492,0.025844949
144,0.6,0.4,0.2855993321,2362.5,0.8921913919,0.02586689582
144,0.6,0.4,0.2855993321,2365,0.8920965911,0.02588998893
144,0.6,0.4,0.2855993321,2367.5,0.8919948066,0.0259114323
144,0.6,0.4,0.2855993321,2370,0.8918855769,0.02593441354
144,0.6,0.4,0.2855993321,2372.5,0.8917790034,0.02595945116
144,0.6,0.4,0.2855993321,2375,0.8916758148,0.02598654724
144,0.6,0.4,0.2855993321,2377.5,0.8915743157,0.02600938535
144,0.6,0.4,0.2855993321,2380,0.891472083,0.02602973754
144,0.6,0.4,0.2855993321,2382.5,0.8913616901,0.02605266064
144,0.6,0.4,0.2855993321,2385,0.8912460921,0.02608066237
144,0.6,0.4,0.2855993321,2387.5,0.891135305,0.02610727138
144,0.6,0.4,0.2855993321,2390,0.891025506,0.02614078934
144,0.6,0.4,0.2855993321,2392.5,0.8909152013,0.02617547886
144,0.6,0.4,0.2855993321,2395,0.8908023149,0.02621152119
144,0.6,0.4,0.2855993321,2397.5,0.8906860373,0.02624324578
144,0.6,0.4,0.2855993321,2400,0.8905653557,0.02626942318
144,0.6,0.4,0.2855993321,2402.5,0.8904463008,0.0262978594
144,0.6,0.4,0.2855993321,2405,0.8903300811,0.02632748608
144,0.6,0.4,0.2855993321,2407.5,0.8902133208,0.02635371346
144,0.6,0.4,0.2855993321,2410,0.89009694,0.02637850481
144,0.6,0.4,0.2855993321,2412.5,0.8899853284,0.02640151231
144,0.6,0.4,0.2855993321,2415,0.8898707431,0.02642291382
144,0.6,0.4,0.2855993321,2417.5,0.889748901,0.02644045046
144,0.6,0.4,0.2855993321,2420,0.8896308037,0.02645718137
144,0.6,0.4,0.2855993321,2422.5,0.8895077219,0.02647892815
144,0.6,0.4,0.2855993321,2425,0.8893845737,0.02650368911
144,0.6,0.4,0.2855993321,2427.5,0.8892651494,0.02652787551
144,0.6,0.4,0.2855993321,2430,0.889143813,0.02654921094
144,0.6,0.4,0.2855993321,2432.5,0.8890197264,0.02656617564
144,0.6,0.4,0.2855993321,2435,0.8888991593,0.02658841279
144,0.6,0.4,0.2855993321,2437.5,0.8887750882,0.02661107198
144,0.6,0.4,0.2855993321,2440,0.8886506594,0.02663612452
144,0.6,0.4,0.2855993321,2442.5,0.8885230381,0.02666187204
144,0.6,0.4,0.2855993321,2445,0.8884010796,0.0266790806
144,0.6,0.4,0.2855993321,2447.5,0.8882740336,0.02670070967
144,0.6,0.4,0.2855993321,2450,0.8881486312,0.02672013239
144,0.6,0.4,0.2855993321,2452.5,0.8880297867,0.02674033603
144,0.6,0.4,0.2855993321,2455,0.8879087198,0.02675905812
144,0.6,0.4,0.2855993321,2457.5,0.8877831025,0.02677825537
144,0.6,0.4,0.2855993321,2460,0.8876493166,0.02679959264
144,0.6,0.4,0.2855993321,2462.5,0.8875259569,0.02681640369
144,0.6,0.4,0.2855993321,2465,0.887398021,0.02683748831
144,0.6,0.4,0.2855993321,2467.5,0.8872662359,0.02685949968
144,0.6,0.4,0.2855993321,2470,0.8871280056,0.02687756989
144,0.6,0.4,0.2855993321,2472.5,0.8869994314,0.02689634226
144,0.6,0.4,0.2855993321,2475,0.8868740924,0.02691902134
144,0.6,0.4,0.2855993321,2477.5,0.8867578024,0.02694280039
144,0.6,0.4,0.2855993321,2480,0.8866393105,0.02696682542
144,0.6,0.4,0.2855993321,2482.5,0.886521076,0.0269943124
144,0.6,0.4,0.2855993321,2485,0.886403155,0.02702102445
144,0.6,0.4,0.2855993321,2487.5,0.8862860371,0.02705345985
144,0.6,0.4,0.2855993321,2490,0.8861634041,0.02707875674
144,0.6,0.4,0.2855993321,2492.5,0.8860470893,0.02710598756
144,0.6,0.4,0.2855993321,2495,0.8859209874,0.02713226755
144,0.6,0.4,0.2855993321,2497.5,0.8857972484,0.02716176176
144,0.6,0.4,0.2855993321,2500,0.8856746106,0.02719157235
144,0.6,0.4,0.2855993321,2502.5,0.8855516299,0.02722075998
144,0.6,0.4,0.2855993321,2505,0.8854392325,0.02725216934
144,0.6,0.4,0.2855993321,2507.5,0.8853267937,0.02728525103
144,0.6,0.4,0.2855993321,2510,0.8852071926,0.0273235859
144,0.6,0.4,0.2855993321,2512.5,0.8850850139,0.02736190964
144,0.6,0.4,0.2855993321,2515,0.8849660469,0.02740084844
144,0.6,0.4,0.2855993321,2517.5,0.8848493881,0.02744020277
144,0.6,0.4,0.2855993321,2520,0.8847302107,0.02747604131
144,0.6,0.4,0.2855993321,2522.5,0.8846131761,0.02751018889
144,0.6,0.4,0.2855993321,2525,0.8844980211,0.02753748174
144,0.6,0.4,0.2855993321,2527.5,0.8843712602,0.02756692327
144,0.6,0.4,0.2855993321,2530,0.884240957,0.02758955381
144,0.6,0.4,0.2855993321,2532.5,0.8841163552,0.02761195823
144,0.6,0.4,0.2855993321,2535,0.8839828789,0.02763727669
144,0.6,0.4,0.2855993321,2537.5,0.8838512229,0.02766244385
144,0.6,0.4,0.2855993321,2540,0.8837217038,0.02768845659
144,0.6,0.4,0.2855993321,2542.5,0.8835878362,0.02771645827
144,0.6,0.4,0.2855993321,2545,0.8834567274,0.02773779348
144,0.6,0.4,0.2855993321,2547.5,0.8833237625,0.02775906469
144,0.6,0.4,0.2855993321,2550,0.8831902069,0.027777668
144,0.6,0.4,0.2855993321,2552.5,0.8830584608,0.02779964801
144,0.6,0.4,0.2855993321,2555,0.8829276241,0.02781750991
144,0.6,0.4,0.2855993321,2557.5,0.8827931258,0.02783391004
144,0.6,0.4,0.2855993321,2560,0.8826594948,0.02784394849
144,0.6,0.4,0.2855993321,2562.5,0.8825206222,0.02785685396
144,0.6,0.4,0.2855993321,2565,0.882383887,0.02787152923
144,0.6,0.4,0.2855993321,2567.5,0.8822373613,0.02788232808
144,0.6,0.4,0.2855993321,2570,0.88210445,0.02789361768
144,0.6,0.4,0.2855993321,2572.5,0.8819672903,0.02790318284
144,0.6,0.4,0.2855993321,2575,0.8818271498,0.02791104741
144,0.6,0.4,0.2855993321,2577.5,0.8816859797,0.02792406695
144,0.6,0.4,0.2855993321,2580,0.8815425125,0.02793522331
144,0.6,0.4,0.2855993321,2582.5,0.8813970542,0.02795087567
144,0.6,0.4,0.2855993321,2585,0.8812613313,0.02796543393
144,0.6,0.4,0.2855993321,2587.5,0.8811066042,0.02797770002
144,0.6,0.4,0.2855993321,2590,0.8809570119,0.02798325446
144,0.6,0.4,0.2855993321,2592.5,0.8808181433,0.02798728949
144,0.6,0.4,0.2855993321,2595,0.8806699401,0.02799386018
144,0.6,0.4,0.2855993321,2597.5,0.8805270884,0.02800661388
144,0.6,0.4,0.2855993321,2600,0.8803856739,0.02801736337
144,0.6,0.4,0.2855993321,2602.5,0.880236322,0.02802860171
144,0.6,0.4,0.2855993321,2605,0.8800936928,0.02804515511
144,0.6,0.4,0.2855993321,2607.5,0.8799493332,0.02805811896
144,0.6,0.4,0.2855993321,2610,0.8798020789,0.02807438859
144,0.6,0.4,0.2855993321,2612.5,0.8796521658,0.02809271087
144,0.6,0.4,0.2855993321,2615,0.8795124037,0.02810804726
144,0.6,0.4,0.2855993321,2617.5,0.8793694068,0.02812781718
144,0.6,0.4,0.2855993321,2620,0.8792428524,0.02815321971
144,0.6,0.4,0.2855993321,2622.5,0.8791208633,0.02817572638
144,0.6,0.4,0.2855993321,2625,0.8789961576,0.02819843038
144,0.6,0.4,0.2855993321,2627.5,0.8788761506,0.02821946145
144,0.6,0.4,0.2855993321,2630,0.8787591538,0.02823789887
144,0.6,0.4,0.2855993321,2632.5,0.8786378738,0.02825278729
144,0.6,0.4,0.2855993321,2635,0.878509906,0.02826692543
144,0.6,0.4,0.2855993321,2637.5,0.8783834795,0.02828083726
144,0.6,0.4,0.2855993321,2640,0.878256589,0.02828834066
144,0.6,0.4,0.2855993321,2642.5,0.8781316862,0.02830075295
144,0.6,0.4,0.2855993321,2645,0.8780138774,0.0283133607
144,0.6,0.4,0.2855993321,2647.5,0.8778955245,0.02832430987
144,0.6,0.4,0.2855993321,2650,0.877782568,0.02833293712
144,0.6,0.4,0.2855993321,2652.5,0.8776668933,0.02834224606
144,0.6,0.4,0.2855993321,2655,0.8775389635,0.02834745858
144,0.6,0.4,0.2855993321,2657.5,0.8774147958,0.02834948489
144,0.6,0.4,0.2855993321,2660,0.8772830945,0.02835323004
144,0.6,0.4,0.2855993321,2662.5,0.8771463276,0.028354994
144,0.6,0.4,0.2855993321,2665,0.8770131006,0.0283564983
144,0.6,0.4,0.2855993321,2667.5,0.8768750418,0.02835909187
144,0.6,0.4,0.2855993321,2670,0.876734843,0.02836417184
144,0.6,0.4,0.2855993321,2672.5,0.8765987292,0.02836841667
144,0.6,0.4,0.2855993321,2675,0.8764690827,0.02837961837
144,0.6,0.4,0.2855993321,2677.5,0.8763466134,0.028391044
144,0.6,0.4,0.2855993321,2680,0.876222742,0.0284000739
144,0.6,0.4,0.2855993321,2682.5,0.876088384,0.02840599461
144,0.6,0.4,0.2855993321,2685,0.8759576116,0.02841007616
144,0.6,0.4,0.2855993321,2687.5,0.8758211081,0.02841330219
144,0.6,0.4,0.2855993321,2690,0.8756911061,0.02840964342
144,0.6,0.4,0.2855993321,2692.5,0.8755583909,0.02840139424
144,0.6,0.4,0.2855993321,2695,0.8754164911,0.02839087663
144,0.6,0.4,0.2855993321,2697.5,0.8752843193,0.02837939548
144,0.6,0.4,0.2855993321,2700,0.8751488213,0.02836610873
144,0.6,0.4,0.2855993321,2702.5,0.8750002461,0.02835582904
144,0.6,0.4,0.2855993321,2705,0.8748460369,0.02834833495
144,0.6,0.4,0.2855993321,2707.5,0.8747058622,0.02833639622
144,0.6,0.4,0.2855993321,2710,0.8745712117,0.02832790671
144,0.6,0.4,0.2855993321,2712.5,0.8744356222,0.02831685318
144,0.6,0.4,0.2855993321,2715,0.8743041778,0.02830222843
144,0.6,0.4,0.2855993321,2717.5,0.8741701384,0.02828429254
144,0.6,0.4,0.2855993321,2720,0.874036754,0.02826826093
144,0.6,0.4,0.2855993321,2722.5,0.8739083125,0.02825414667
144,0.6,0.4,0.2855993321,2725,0.8737749587,0.02824101259
144,0.6,0.4,0.2855993321,2727.5,0.8736396857,0.02822642484
144,0.6,0.4,0.2855993321,2730,0.8735034952,0.028210845
144,0.6,0.4,0.2855993321,2732.5,0.8733526755,0.02820380292
144,0.6,0.4,0.2855993321,2735,0.8732090027,0.02819403821
144,0.6,0.4,0.2855993321,2737.5,0.8730641211,0.02818268163
144,0.6,0.4,0.2855993321,2740,0.8729151973,0.02816918836
144,0.6,0.4,0.2855993321,2742.5,0.8727780951,0.02815254868
144,0.6,0.4,0.2855993321,2745,0.8726471693,0.02813941094
144,0.6,0.4,0.2855993321,2747.5,0.872502314,0.02813225373
144,0.6,0.4,0.2855993321,2750,0.8723702554,0.02812838662
144,0.6,0.4,0.2855993321,2752.5,0.872245464,0.02812116966
144,0.6,0.4,0.2855993321,2755,0.8721123149,0.02811879291
144,0.6,0.4,0.2855993321,2757.5,0.8719748699,0.02811783866
144,0.6,0.4,0.2855993321,2760,0.8718278649,0.02812093349
144,0.6,0.4,0.2855993321,2762.5,0.8716801482,0.02811511014
144,0.6,0.4,0.2855993321,2765,0.8715268073,0.02811055127
144,0.6,0.4,0.2855993321,2767.5,0.8713738906,0.0281096966
144,0.6,0.4,0.2855993321,2770,0.8712219882,0.02810461076
144,0.6,0.4,0.2855993321,2772.5,0.8710675665,0.02810934236
144,0.6,0.4,0.2855993321,2775,0.8709257704,0.02811387229
144,0.6,0.4,0.2855993321,2777.5,0.8707879827,0.0281169316
144,0.6,0.4,0.2855993321,2780,0.8706456245,0.02811886211
144,0.6,0.4,0.2855993321,2782.5,0.87050428,0.02811988768
144,0.6,0.4,0.2855993321,2785,0.8703733689,0.0281233141
144,0.6,0.4,0.2855993321,2787.5,0.8702482206,0.02812520576
144,0.6,0.4,0.2855993321,2790,0.8701235822,0.02812837642
144,0.6,0.4,0.2855993321,2792.5,0.8700035841,0.02813893749
144,0.6,0.4,0.2855993321,2795,0.8698789436,0.02814644055
144,0.6,0.4,0.2855993321,2797.5,0.869760461,0.02815239254
144,0.6,0.4,0.2855993321,2800,0.8696488674,0.02815489174
144,0.6,0.4,0.2855993321,2802.5,0.8695489243,0.02815322509
144,0.6,0.4,0.2855993321,2805,0.8694579093,0.0281507436
144,0.6,0.4,0.2855993321,2807.5,0.8693657104,0.02815095418
144,0.6,0.4,0.2855993321,2810,0.8692668853,0.02815158163
144,0.6,0.4,0.2855993321,2812.5,0.8691731382,0.02815371365
144,0.6,0.4,0.2855993321,2815,0.8690801405,0.0281563003
144,0.6,0.4,0.2855993321,2817.5,0.8689898177,0.02815843551
144,0.6,0.4,0.2855993321,2820,0.8688907202,0.02815968899
144,0.6,0.4,0.2855993321,2822.5,0.8687876706,0.02816443956
144,0.6,0.4,0.2855993321,2825,0.8686803572,0.02816926572
144,0.6,0.4,0.2855993321,2827.5,0.868568325,0.02816862014
144,0.6,0.4,0.2855993321,2830,0.8684551591,0.02817186676
144,0.6,0.4,0.2855993321,2832.5,0.8683393322,0.02817524196
144,0.6,0.4,0.2855993321,2835,0.8682112571,0.02817773648
144,0.6,0.4,0.2855993321,2837.5,0.8680883115,0.02817787222
144,0.6,0.4,0.2855993321,2840,0.867980541,0.02817892344
144,0.6,0.4,0.2855993321,2842.5,0.8678723328,0.02818203559
144,0.6,0.4,0.2855993321,2845,0.8677717776,0.02818129782
144,0.6,0.4,0.2855993321,2847.5,0.8676708767,0.02818072483
144,0.6,0.4,0.2855993321,2850,0.867556188,0.02818812838
144,0.6,0.4,0.2855993321,2852.5,0.8674479775,0.02819161241
144,0.6,0.4,0.2855993321,2855,0.8673424374,0.028194715
144,0.6,0.4,0.2855993321,2857.5,0.867236714,0.0281924999
144,0.6,0.4,0.2855993321,2860,0.8671312386,0.02818744413
144,0.6,0.4,0.2855993321,2862.5,0.8670191277,0.0281860401
144,0.6,0.4,0.2855993321,2865,0.8669100303,0.02818434543
144,0.6,0.4,0.2855993321,2867.5,0.8667888128,0.02818180374
144,0.6,0.4,0.2855993321,2870,0.8666750365,0.02817496972
144,0.6,0.4,0.2855993321,2872.5,0.8665669346,0.02817076022
144,0.6,0.4,0.2855993321,2875,0.8664567554,0.0281678661
144,0.6,0.4,0.2855993321,2877.5,0.866346053,0.02815891178
144,0.6,0.4,0.2855993321,2880,0.8662497871,0.02814975011
144,0.6,0.4,0.2855993321,2882.5,0.8661592146,0.02813872346
144,0.6,0.4,0.2855993321,2885,0.8660674918,0.02813309532
144,0.6,0.4,0.2855993321,2887.5,0.8659752674,0.02812459175
144,0.6,0.4,0.2855993321,2890,0.8658813787,0.02811602691
144,0.6,0.4,0.2855993321,2892.5,0.8657961525,0.02810540721
144,0.6,0.4,0.2855993321,2895,0.8657059649,0.02809422238
144,0.6,0.4,0.2855993321,2897.5,0.8656242054,0.02807734252
144,0.6,0.4,0.2855993321,2900,0.8655365255,0.02805847608
144,0.6,0.4,0.2855993321,2902.5,0.8654488353,0.02803713175
144,0.6,0.4,0.2855993321,2905,0.8653666624,0.02801396093
144,0.6,0.4,0.2855993321,2907.5,0.8652860672,0.0279874905
144,0.6,0.4,0.2855993321,2910,0.8651962349,0.027960973
144,0.6,0.4,0.2855993321,2912.5,0.8651108945,0.02793278249
144,0.6,0.4,0.2855993321,2915,0.8650328528,0.02790390007
144,0.6,0.4,0.2855993321,2917.5,0.8649496482,0.02787485262
144,0.6,0.4,0.2855993321,2920,0.8648595676,0.02784602255
144,0.6,0.4,0.2855993321,2922.5,0.8647753146,0.02781886135
144,0.6,0.4,0.2855993321,2925,0.8646896141,0.02778997459
144,0.6,0.4,0.2855993321,2927.5,0.8645926982,0.02776243854
144,0.6,0.4,0.2855993321,2930,0.8644963609,0.02773576534
144,0.6,0.4,0.2855993321,2932.5,0.8643858269,0.02770787779
144,0.6,0.4,0.2855993321,2935,0.8642800688,0.02768086375
144,0.6,0.4,0.2855993321,2937.5,0.8641654134,0.02765243696
144,0.6,0.4,0.2855993321,2940,0.8640602117,0.02762368766
144,0.6,0.4,0.2855993321,2942.5,0.8639563427,0.0275902394
144,0.6,0.4,0.2855993321,2945,0.8638634059,0.02755798921
144,0.6,0.4,0.2855993321,2947.5,0.8637637032,0.02752386625
144,0.6,0.4,0.2855993321,2950,0.8636650508,0.02748406577
144,0.6,0.4,0.2855993321,2952.5,0.8635711737,0.02744426578
144,0.6,0.4,0.2855993321,2955,0.8634777244,0.02741416877
144,0.6,0.4,0.2855993321,2957.5,0.8633844903,0.02738128305
144,0.6,0.4,0.2855993321,2960,0.8632959292,0.02734978294
144,0.6,0.4,0.2855993321,2962.5,0.8631948819,0.02731690548
144,0.6,0.4,0.2855993321,2965,0.8630951593,0.02728610353
144,0.6,0.4,0.2855993321,2967.5,0.8629997001,0.02724504093
144,0.6,0.4,0.2855993321,2970,0.8629075835,0.02721065393
144,0.6,0.4,0.2855993321,2972.5,0.8628167206,0.02717919715
144,0.6,0.4,0.2855993321,2975,0.8627225781,0.02715489164
144,0.6,0.4,0.2855993321,2977.5,0.8626191565,0.02712499679
144,0.6,0.4,0.2855993321,2980,0.8625201232,0.02709711605
144,0.6,0.4,0.2855993321,2982.5,0.8624216957,0.02706877043
144,0.6,0.4,0.2855993321,2985,0.8623253319,0.02704173687
144,0.6,0.4,0.2855993321,2987.5,0.8622182366,0.02701220038
144,0.6,0.4,0.2855993321,2990,0.8621136958,0.02698051538
144,0.6,0.4,0.2855993321,2992.5,0.8620247397,0.02695424314
144,0.6,0.4,0.2855993321,2995,0.861937535,0.02692538375
144,0.6,0.4,0.2855993321,2997.5,0.8618523251,0.02689268659
144,0.6,0.4,0.2855993321,3000,0.8617768529,0.02685288864
144,0.6,0.4,0.2855993321,3002.5,0.8617073913,0.02681296455
144,0.6,0.4,0.2855993321,3005,0.8616275095,0.02677769989
144,0.6,0.4,0.2855993321,3007.5,0.8615462905,0.026745522
144,0.6,0.4,0.2855993321,3010,0.8614622411,0.02671295047
144,0.6,0.4,0.2855993321,3012.5,0.8613767974,0.02667334233
144,0.6,0.4,0.2855993321,3015,0.861283969,0.02663649859
144,0.6,0.4,0.2855993321,3017.5,0.8611827268,0.02660331831
144,0.6,0.4,0.2855993321,3020,0.861093074,0.02656365605
144,0.6,0.4,0.2855993321,3022.5,0.8610037745,0.02652529883
144,0.6,0.4,0.2855993321,3025,0.860910958,0.02649341974
144,0.6,0.4,0.2855993321,3027.5,0.8608195973,0.02646439126
144,0.6,0.4,0.2855993321,3030,0.8607266952,0.02642486781
144,0.6,0.4,0.2855993321,3032.5,0.8606426056,0.02638582763
144,0.6,0.4,0.2855993321,3035,0.8605604867,0.0263466069
144,0.6,0.4,0.2855993321,3037.5,0.8604779174,0.02630750095
144,0.6,0.4,0.2855993321,3040,0.8603869661,0.02626798
144,0.6,0.4,0.2855993321,3042.5,0.860289148,0.02623156145
144,0.6,0.4,0.2855993321,3045,0.8601939902,0.02619015744
144,0.6,0.4,0.2855993321,3047.5,0.8600935849,0.02614915539
144,0.6,0.4,0.2855993321,3050,0.8599908207,0.02610834651
144,0.6,0.4,0.2855993321,3052.5,0.8598835444,0.02606385772
144,0.6,0.4,0.2855993321,3055,0.8597851518,0.0260219601
144,0.6,0.4,0.2855993321,3057.5,0.859677811,0.02597884464
144,0.6,0.4,0.2855993321,3060,0.8595733412,0.02594384746
144,0.6,0.4,0.2855993321,3062.5,0.8594609104,0.02591281958
144,0.6,0.4,0.2855993321,3065,0.8593510668,0.02587940067
144,0.6,0.4,0.2855993321,3067.5,0.85923966,0.02583926314
144,0.6,0.4,0.2855993321,3070,0.8591320977,0.02580579625
144,0.6,0.4,0.2855993321,3072.5,0.8590299865,0.02577439684
144,0.6,0.4,0.2855993321,3075,0.8589140774,0.02573974332
144,0.6,0.4,0.2855993321,3077.5,0.8588001173,0.02571032889
144,0.6,0.4,0.2855993321,3080,0.8586846841,0.02568243965
144,0.6,0.4,0.2855993321,3082.5,0.8585677965,0.02566314549
144,0.6,0.4,0.2855993321,3085,0.8584527607,0.02563507005
144,0.6,0.4,0.2855993321,3087.5,0.8583449141,0.0256090647
144,0.6,0.4,0.2855993321,3090,0.8582310742,0.02558710678
144,0.6,0.4,0.2855993321,3092.5,0.8581153271,0.02556394
144,0.6,0.4,0.2855993321,3095,0.8580196583,0.02554519295
144,0.6,0.4,0.2855993321,3097.5,0.8579212181,0.02552887564
144,0.6,0.4,0.2855993321,3100,0.8578139383,0.02551403788
144,0.6,0.4,0.2855993321,3102.5,0.8577013198,0.02549904229
144,0.6,0.4,0.2855993321,3105,0.8576022661,0.02548086331
144,0.6,0.4,0.2855993321,3107.5,0.857494119,0.02546952242
144,0.6,0.4,0.2855993321,3110,0.8573818433,0.02545963779
144,0.6,0.4,0.2855993321,3112.5,0.8572728059,0.0254522128
144,0.6,0.4,0.2855993321,3115,0.8571567425,0.02543853283
144,0.6,0.4,0.2855993321,3117.5,0.8570586553,0.0254290233
144,0.6,0.4,0.2855993321,3120,0.8569666849,0.02542067439
144,0.6,0.4,0.2855993321,3122.5,0.8568813633,0.02541207362
144,0.5,0.5,0.2855993321,0,1,0
144,0.5,0.5,0.2855993321,2.5,0.9996410504,1.035502272e-05
144,0.5,0.5,0.2855993321,5,0.9993007559,2.225345012e-05
144,0.5,0.5,0.2855993321,7.5,0.9989987401,3.476370645e-05
144,0.5,0.5,0.2855993321,10,0.9987208169,4.922146959e-05
144,0.5,0.5,0.2855993321,12.5,0.9984685982,5.964596423e-05
144,0.5,0.5,0.2855993321,15,0.9982221601,7.234555414e-05
144,0.5,0.5,0.2855993321,17.5,0.9979883017,8.463175114e-05
144,0.5,0.5,0.2855993321,20,0.9977620746,9.294247395e-05
144,0.5,0.5,0.2855993321,22.5,0.9975424381,0.0001009961531
144,0.5,0.5,0.2855993321,25,0.9973237916,0.0001073460963
144,0.5,0.5,0.2855993321,27.5,0.9971176646,0.0001115200683
144,0.5,0.5,0.2855993321,30,0.9969140819,0.000118232849
144,0.5,0.5,0.2855993321,32.5,0.9967093853,0.0001225752932
144,0.5,0.5,0.2855993321,35,0.9965105104,0.0001240302701
144,0.5,0.5,0.2855993321,37.5,0.9963177053,0.0001258883585
144,0.5,0.5,0.2855993321,40,0.9961253173,0.0001272144747
144,0.5,0.5,0.2855993321,42.5,0.995933251,0.0001337214792
144,0.5,0.5,0.2855993321,45,0.995739188,0.0001416522963
144,0.5,0.5,0.2855993321,47.5,0.9955510517,0.000148373349
144,0.5,0.5,0.2855993321,50,0.9953649096,0.0001560529191
144,0.5,0.5,0.2855993321,52.5,0.9951803577,0.0001650398372
144,0.5,0.5,0.2855993321,55,0.9949995542,0.0001744729389
144,0.5,0.5,0.2855993321,57.5,0.9948227692,0.0001814445831
144,0.5,0.5,0.2855993321,60,0.9946366792,0.0001871300623
144,0.5,0.5,0.2855993321,62.5,0.9944503469,0.0001985837256
144,0.5,0.5,0.2855993321,65,0.9942653729,0.0002114569117
144,0.5,0.5,0.2855993321,67.5,0.9940814101,0.0002219044752
144,0.5,0.5,0.2855993321,70,0.993896751,0.0002350240193
144,0.5,0.5,0.2855993321,72.5,0.9937132724,0.000250539916
144,0.5,0.5,0.2855993321,75,0.9935261522,0.0002669253614
144,0.5,0.5,0.2855993321,77.5,0.993339884,0.000280326005
144,0.5,0.5,0.2855993321,80,0.9931591912,0.0002911466538
144,0.5,0.5,0.2855993321,82.5,0.9929832408,0.0003046087107
144,0.5,0.5,0.2855993321,85,0.9928137901,0.0003181324447
144,0.5,0.5,0.2855993321,87.5,0.9926454141,0.0003302042988
144,0.5,0.5,0.2855993321,90,0.9924729113,0.0003412020065
144,0.5,0.5,0.2855993321,92.5,0.992300111,0.0003543077909
144,0.5,0.5,0.2855993321,95,0.9921240963,0.0003679917863
144,0.5,0.5,0.2855993321,97.5,0.9919554543,0.0003802196782
144,0.5,0.5,0.2855993321,100,0.9917876605,0.0003967931741
144,0.5,0.5,0.2855993321,102.5,0.9916150625,0.0004162744336
144,0.5,0.5,0.2855993321,105,0.9914482383,0.0004353980995
144,0.5,0.5,0.2855993321,107.5,0.9912723166,0.0004560739493
144,0.5,0.5,0.2855993321,110,0.9910990438,0.0004720254458
144,0.5,0.5,0.2855993321,112.5,0.9909281157,0.0004849494771
144,0.5,0.5,0.2855993321,115,0.9907527597,0.000497025183
144,0.5,0.5,0.2855993321,117.5,0.9905746652,0.0005066205719
144,0.5,0.5,0.2855993321,120,0.9903968896,0.0005176596998
144,0.5,0.5,0.2855993321,122.5,0.9902208572,0.0005295818595
144,0.5,0.5,0.2855993321,125,0.9900415707,0.0005404621311
144,0.5,0.5,0.2855993321,127.5,0.9898654356,0.0005489832002
144,0.5,0.5,0.2855993321,130,0.9896906839,0.0005610644982
144,0.5,0.5,0.2855993321,132.5,0.9895181297,0.0005747618669
144,0.5,0.5,0.2855993321,135,0.9893476935,0.0005871127386
144,0.5,0.5,0.2855993321,137.5,0.9891729011,0.0006022855614
144,0.5,0.5,0.2855993321,140,0.988995718,0.0006220243613
144,0.5,0.5,0.2855993321,142.5,0.9888176568,0.0006424198273
144,0.5,0.5,0.2855993321,145,0.9886442727,0.0006606567804
144,0.5,0.5,0.2855993321,147.5,0.9884699446,0.0006792479157
144,0.5,0.5,0.2855993321,150,0.9883024889,0.0006987177325
144,0.5,0.5,0.2855993321,152.5,0.9881307941,0.0007192711738
144,0.5,0.5,0.2855993321,155,0.9879569625,0.0007407393342
144,0.5,0.5,0.2855993321,157.5,0.9877856091,0.0007592194354
144,0.5,0.5,0.2855993321,160,0.9876174019,0.000775533283
144,0.5,0.5,0.2855993321,162.5,0.9874509587,0.0007902907461
144,0.5,0.5,0.2855993321,165,0.9872859412,0.0008046072628
144,0.5,0.5,0.2855993321,167.5,0.9871155965,0.0008222060501
144,0.5,0.5,0.2855993321,170,0.9869441059,0.0008362393909
144,0.5,0.5,0.2855993321,172.5,0.9867762919,0.0008517526069
144,0.5,0.5,0.2855993321,175,0.9866095511,0.000866968004
144,0.5,0.5,0.2855993321,177.5,0.986443285,0.000884515623
144,0.5,0.5,0.2855993321,180,0.9862755894,0.0009003195091
144,0.5,0.5,0.2855993321,182.5,0.9861113255,0.0009155623419
144,0.5,0.5,0.2855993321,185,0.9859459949,0.0009320669217
144,0.5,0.5,0.2855993321,187.5,0.9857811623,0.000948493448
144,0.5,0.5,0.2855993321,190,0.9856160074,0.0009603645638
144,0.5,0.5,0.2855993321,192.5,0.9854539591,0.0009741288103
144,0.5,0.5,0.2855993321,195,0.9852932612,0.0009885022283
144,0.5,0.5,0.2855993321,197.5,0.9851240359,0.001005468448
144,0.5,0.5,0.2855993321,200,0.9849628185,0.001024035818
144,0.5,0.5,0.2855993321,202.5,0.9847994215,0.00104257563
144,0.5,0.5,0.2855993321,205,0.9846412087,0.001054355415
144,0.5,0.5,0.2855993321,207.5,0.9844765943,0.00107014779
144,0.5,0.5,0.2855993321,210,0.9843159873,0.00108480985
144,0.5,0.5,0.2855993321,212.5,0.9841562645,0.001099223052
144,0.5,0.5,0.2855993321,215,0.9840008793,0.001109939812
144,0.5,0.5,0.2855993321,217.5,0.9838471049,0.001121574742
144,0.5,0.5,0.2855993321,220,0.9836898309,0.001133446611
144,0.5,0.5,0.2855993321,222.5,0.9835286864,0.001140919514
144,0.5,0.5,0.2855993321,225,0.9833728884,0.00114908798
144,0.5,0.5,0.2855993321,227.5,0.9832097164,0.001158185482
144,0.5,0.5,0.2855993321,230,0.9830483393,0.001167160736
144,0.5,0.5,0.2855993321,232.5,0.98288802,0.001172702032
144,0.5,0.5,0.2855993321,235,0.9827341815,0.001176252427
144,0.5,0.5,0.2855993321,237.5,0.9825806694,0.001180393902
144,0.5,0.5,0.2855993321,240,0.9824316806,0.001183637901
144,0.5,0.5,0.2855993321,242.5,0.9822795182,0.001188501559
144,0.5,0.5,0.2855993321,245,0.9821278236,0.001190019861
144,0.5,0.5,0.2855993321,247.5,0.9819721612,0.001190464126
144,0.5,0.5,0.2855993321,250,0.9818145376,0.001190027996
144,0.5,0.5,0.2855993321,252.5,0.9816612298,0.001191377745
144,0.5,0.5,0.2855993321,255,0.9815059536,0.001190900577
144,0.5,0.5,0.2855993321,257.5,0.9813535915,0.001190560392
144,0.5,0.5,0.2855993321,260,0.9811985083,0.001192542933
144,0.5,0.5,0.2855993321,262.5,0.9810523737,0.001197705611
144,0.5,0.5,0.2855993321,265,0.9809102813,0.001200799568
144,0.5,0.5,0.2855993321,267.5,0.9807694176,0.001201991087
144,0.5,0.5,0.2855993321,270,0.9806262923,0.001202030062
144,0.5,0.5,0.2855993321,272.5,0.980482371,0.0012062592
144,0.5,0.5,0.2855993321,275,0.9803427408,0.001211331814
144,0.5,0.5,0.2855993321,277.5,0.9802014117,0.00121764102
144,0.5,0.5,0.2855993321,280,0.9800459843,0.00122214148
144,0.5,0.5,0.2855993321,282.5,0.9798889776,0.001224709898
144,0.5,0.5,0.2855993321,285,0.9797341978,0.001228604748
144,0.5,0.5,0.2855993321,287.5,0.9795833075,0.00122935221
144,0.5,0.5,0.2855993321,290,0.9794333162,0.001230052417
144,0.5,0.5,0.2855993321,292.5,0.9792823103,0.0012331469
144,0.5,0.5,0.2855993321,295,0.9791276366,0.001237071366
144,0.5,0.5,0.2855993321,297.5,0.9789701122,0.001241201645
144,0.5,0.5,0.2855993321,300,0.9788184505,0.001239992407
144,0.5,0.5,0.2855993321,302.5,0.978669391,0.001239002297
144,0.5,0.5,0.2855993321,305,0.9785280494,0.001237023348
144,0.5,0.5,0.2855993321,307.5,0.9783782259,0.00123414895
144,0.5,0.5,0.2855993321,310,0.9782303639,0.001231792405
144,0.5,0.5,0.2855993321,312.5,0.9780823778,0.001230785412
144,0.5,0.5,0.2855993321,315,0.9779289124,0.001230649986
144,0.5,0.5,0.2855993321,317.5,0.9777779854,0.001230054765
144,0.5,0.5,0.2855993321,320,0.9776211114,0.001230245907
144,0.5,0.5,0.2855993321,322.5,0.9774695818,0.001228540999
144,0.5,0.5,0.2855993321,325,0.9773193348,0.001230164593
144,0.5,0.5,0.2855993321,327.5,0.977165972,0.00123305142
144,0.5,0.5,0.2855993321,330,0.9770163225,0.001237438126
144,0.5,0.5,0.2855993321,332.5,0.9768664485,0.001242706809
144,0.5,0.5,0.2855993321,335,0.9767137391,0.001248768492
144,0.5,0.5,0.2855993321,337.5,0.976559381,0.001251986037
144,0.5,0.5,0.2855993321,340,0.9764057719,0.001255357247
144,0.5,0.5,0.2855993321,342.5,0.9762506392,0.001261290385
144,0.5,0.5,0.2855993321,345,0.976098411,0.001268309582
144,0.5,0.5,0.2855993321,347.5,0.9759402903,0.001274289068
144,0.5,0.5,0.2855993321,350,0.9757872361,0.001280706058
144,0.5,0.5,0.2855993321,352.5,0.9756368977,0.001286218889
144,0.5,0.5,0.2855993321,355,0.9754918848,0.001288450383
144,0.5,0.5,0.2855993321,357.5,0.975353355,0.001289255871
144,0.5,0.5,0.2855993321,360,0.9752159255,0.001288956834
144,0.5,0.5,0.2855993321,362.5,0.9750776092,0.001288109324
144,0.5,0.5,0.2855993321,365,0.974944971,0.001285693801
144,0.5,0.5,0.2855993321,367.5,0.9748163405,0.001284675149
144,0.5,0.5,0.2855993321,370,0.9746844296,0.001287320176
144,0.5,0.5,0.2855993321,372.5,0.974550031,0.001291206911
144,0.5,0.5,0.2855993321,375,0.9744164606,0.00129252074
144,0.5,0.5,0.2855993321,377.5,0.9742864913,0.001289401435
144,0.5,0.5,0.2855993321,380,0.9741591952,0.001285347044
144,0.5,0.5,0.2855993321,382.5,0.9740271736,0.001288788427
144,0.5,0.5,0.2855993321,385,0.9739016619,0.001295544908
144,0.5,0.5,0.2855993321,387.5,0.9737745986,0.001302035902
144,0.5,0.5,0.2855993321,390,0.9736440595,0.001309886396
144,0.5,0.5,0.2855993321,392.5,0.9735135196,0.001315095393
144,0.5,0.5,0.2855993321,395,0.9733788773,0.00131856014
144,0.5,0.5,0.2855993321,397.5,0.9732461644,0.001322234298
144,0.5,0.5,0.2855993321,400,0.973121087,0.001324990975
144,0.5,0.5,0.2855993321,402.5,0.9729926247,0.001327357384
144,0.5,0.5,0.2855993321,405,0.9728582779,0.001329223868
144,0.5,0.5,0.2855993321,407.5,0.9727277887,0.001334924326
144,0.5,0.5,0.2855993321,410,0.9726014306,0.001337170109
144,0.5,0.5,0.2855993321,412.5,0.9724722108,0.001339221548
144,0.5,0.5,0.2855993321,415,0.9723373558,0.001344785183
144,0.5,0.5,0.2855993321,417.5,0.9722053643,0.001353006806
144,0.5,0.5,0.2855993321,420,0.9720701408,0.001360916878
144,0.5,0.5,0.2855993321,422.5,0.9719280294,0.001368628601
144,0.5,0.5,0.2855993321,425,0.971792494,0.001377764552
144,0.5,0.5,0.2855993321,427.5,0.9716622941,0.001384973324
144,0.5,0.5,0.2855993321,430,0.9715225563,0.001392271059
144,0.5,0.5,0.2855993321,432.5,0.9713851634,0.001403044171
144,0.5,0.5,0.2855993321,435,0.9712525932,0.001412985219
144,0.5,0.5,0.2855993321,437.5,0.9711254915,0.001423996623
144,0.5,0.5,0.2855993321,440,0.9709982889,0.001434345188
144,0.5,0.5,0.2855993321,442.5,0.9708655281,0.001443206282
144,0.5,0.5,0.2855993321,445,0.9707342425,0.001453506147
144,0.5,0.5,0.2855993321,447.5,0.9706093778,0.001461227342
144,0.5,0.5,0.2855993321,450,0.9704803478,0.001471485207
144,0.5,0.5,0.2855993321,452.5,0.9703501829,0.001479167807
144,0.5,0.5,0.2855993321,455,0.9702189985,0.001488643295
144,0.5,0.5,0.2855993321,457.5,0.9700895892,0.001498964234
144,0.5,0.5,0.2855993321,460,0.9699649769,0.001509791862
144,0.5,0.5,0.2855993321,462.5,0.9698409238,0.001524647807
144,0.5,0.5,0.2855993321,465,0.9697142112,0.001536973024
144,0.5,0.5,0.2855993321,467.5,0.9695903045,0.001552169977
144,0.5,0.5,0.2855993321,470,0.9694734201,0.001569763741
144,0.5,0.5,0.2855993321,472.5,0.9693541281,0.00158780708
144,0.5,0.5,0.2855993321,475,0.9692397244,0.001604815302
144,0.5,0.5,0.2855993321,477.5,0.969121835,0.001620192248
144,0.5,0.5,0.2855993321,480,0.9689961667,0.001636857016
144,0.5,0.5,0.2855993321,482.5,0.9688674111,0.001654193905
144,0.5,0.5,0.2855993321,485,0.968731651,0.001671070862
144,0.5,0.5,0.2855993321,487.5,0.9685981675,0.001684800075
144,0.5,0.5,0.2855993321,490,0.968465124,0.001697071581
144,0.5,0.5,0.2855993321,492.5,0.9683309704,0.001708868689
144,0.5,0.5,0.2855993321,495,0.9682015747,0.001716434217
144,0.5,0.5,0.2855993321,497.5,0.9680713521,0.001721995178
144,0.5,0.5,0.2855993321,500,0.9679325212,0.001723423264
144,0.5,0.5,0.2855993321,502.5,0.9677938035,0.001727128985
144,0.5,0.5,0.2855993321,505,0.9676580772,0.001733176649
144,0.5,0.5,0.2855993321,507.5,0.9675298457,0.001735403049
144,0.5,0.5,0.2855993321,510,0.9674052153,0.001735310089
144,0.5,0.5,0.2855993321,512.5,0.9672732149,0.001735084182
144,0.5,0.5,0.2855993321,515,0.9671472543,0.001732463574
144,0.5,0.5,0.2855993321,517.5,0.9670198635,0.001731414193
144,0.5,0.5,0.2855993321,520,0.9668918153,0.00173195455
144,0.5,0.5,0.2855993321,522.5,0.9667637695,0.001730327761
144,0.5,0.5,0.2855993321,525,0.9666310636,0.001728760358
144,0.5,0.5,0.2855993321,527.5,0.9664990515,0.001727253682
144,0.5,0.5,0.2855993321,530,0.9663719332,0.001723226732
144,0.5,0.5,0.2855993321,532.5,0.9662480414,0.001717383988
144,0.5,0.5,0.2855993321,535,0.9661248074,0.001711595911
144,0.5,0.5,0.2855993321,537.5,0.9660075434,0.001706433471
144,0.5,0.5,0.2855993321,540,0.9658910824,0.001700168665
144,0.5,0.5,0.2855993321,542.5,0.9657737944,0.001697357373
144,0.5,0.5,0.2855993321,545,0.9656540595,0.001691569692
144,0.5,0.5,0.2855993321,547.5,0.965534847,0.001684384044
144,0.5,0.5,0.2855993321,550,0.9654119572,0.001677131658
144,0.5,0.5,0.2855993321,552.5,0.965293566,0.001666922424
144,0.5,0.5,0.2855993321,555,0.9651731463,0.001660124551
144,0.5,0.5,0.2855993321,557.5,0.9650558382,0.001656984563
144,0.5,0.5,0.2855993321,560,0.9649379571,0.001652726241
144,0.5,0.5,0.2855993321,562.5,0.9648192921,0.001651260193
144,0.5,0.5,0.2855993321,565,0.9646976955,0.001648127457
144,0.5,0.5,0.2855993321,567.5,0.9645816051,0.001644020143
144,0.5,0.5,0.2855993321,570,0.9644630525,0.001638262488
144,0.5,0.5,0.2855993321,572.5,0.9643430256,0.00163742584
144,0.5,0.5,0.2855993321,575,0.9642228466,0.001636888017
144,0.5,0.5,0.2855993321,577.5,0.9640994701,0.001636369981
144,0.5,0.5,0.2855993321,580,0.9639802047,0.001638292562
144,0.5,0.5,0.2855993321,582.5,0.9638629043,0.001637780157
144,0.5,0.5,0.2855993321,585,0.9637387522,0.001640337415
144,0.5,0.5,0.2855993321,587.5,0.9636191034,0.001641464672
144,0.5,0.5,0.2855993321,590,0.963500446,0.001642788477
144,0.5,0.5,0.2855993321,592.5,0.9633839671,0.001639368773
144,0.5,0.5,0.2855993321,595,0.9632548842,0.001634978186
144,0.5,0.5,0.2855993321,597.5,0.9631317228,0.001623980058
144,0.5,0.5,0.2855993321,600,0.9630097515,0.001616192024
144,0.5,0.5,0.2855993321,602.5,0.9628891142,0.001609303108
144,0.5,0.5,0.2855993321,605,0.9627689104,0.001603791089
144,0.5,0.5,0.2855993321,607.5,0.962651993,0.001598993223
144,0.5,0.5,0.2855993321,610,0.962535423,0.001593701564
144,0.5,0.5,0.2855993321,612.5,0.962422838,0.001585420704
144,0.5,0.5,0.2855993321,615,0.9623115193,0.001575461947
144,0.5,0.5,0.2855993321,617.5,0.9621975295,0.001568360444
144,0.5,0.5,0.2855993321,620,0.9620818135,0.001560900051
144,0.5,0.5,0.2855993321,622.5,0.9619690012,0.001555496389
144,0.5,0.5,0.2855993321,625,0.9618578018,0.001547367196
144,0.5,0.5,0.2855993321,627.5,0.9617509037,0.001541541175
144,0.5,0.5,0.2855993321,630,0.9616444248,0.001536472005
144,0.5,0.5,0.2855993321,632.5,0.9615459179,0.001532474491
144,0.5,0.5,0.2855993321,635,0.961453928,0.001528974209
144,0.5,0.5,0.2855993321,637.5,0.961357873,0.00152745455
144,0.5,0.5,0.2855993321,640,0.96126442,0.001524383716
144,0.5,0.5,0.2855993321,642.5,0.9611723794,0.001519609803
144,0.5,0.5,0.2855993321,645,0.9610777655,0.001518456437
144,0.5,0.5,0.2855993321,647.5,0.9609820668,0.001519620921
144,0.5,0.5,0.2855993321,650,0.9608875816,0.001518362633
144,0.5,0.5,0.2855993321,652.5,0.9607877564,0.001513760991
144,0.5,0.5,0.2855993321,655,0.9606835651,0.00151062571
144,0.5,0.5,0.2855993321,657.5,0.9605727334,0.001510300319
144,0.5,0.5,0.2855993321,660,0.9604637972,0.001512946242
144,0.5,0.5,0.2855993321,662.5,0.9603571319,0.001515072693
144,0.5,0.5,0.2855993321,665,0.9602566067,0.001516468497
144,0.5,0.5,0.2855993321,667.5,0.9601513512,0.001520407702
144,0.5,0.5,0.2855993321,670,0.9600427831,0.001522916574
144,0.5,0.5,0.2855993321,672.5,0.9599380824,0.001529239008
144,0.5,0.5,0.2855993321,675,0.9598306834,0.001536355535
144,0.5,0.5,0.2855993321,677.5,0.9597257869,0.001540928919
144,0.5,0.5,0.2855993321,680,0.9596224558,0.001544693577
144,0.5,0.5,0.2855993321,682.5,0.9595188619,0.001550074647
144,0.5,0.5,0.2855993321,685,0.9594157655,0.001553079976
144,0.5,0.5,0.2855993321,687.5,0.9593111732,0.001560079596
144,0.5,0.5,0.2855993321,690,0.959209583,0.001570195002
144,0.5,0.5,0.2855993321,692.5,0.9591037937,0.001575377582
144,0.5,0.5,0.2855993321,695,0.9589944941,0.001578992836
144,0.5,0.5,0.2855993321,697.5,0.9588869124,0.001584205732
144,0.5,0.5,0.2855993321,700,0.9587778321,0.001590312921
144,0.5,0.5,0.2855993321,702.5,0.9586776468,0.001599482696
144,0.5,0.5,0.2855993321,705,0.9585790893,0.001607848744
144,0.5,0.5,0.2855993321,707.5,0.9584848245,0.001619948631
144,0.5,0.5,0.2855993321,710,0.9583849142,0.001634570561
144,0.5,0.5,0.2855993321,712.5,0.9582865388,0.001646554461
144,0.5,0.5,0.2855993321,715,0.9581839988,0.001663114524
144,0.5,0.5,0.2855993321,717.5,0.9580799436,0.00167763421
144,0.5,0.5,0.2855993321,720,0.9579760402,0.00168839371
144,0.5,0.5,0.2855993321,722.5,0.9578751965,0.001698877253
144,0.5,0.5,0.2855993321,725,0.9577680834,0.001710449265
144,0.5,0.5,0.2855993321,727.5,0.9576595222,0.001721947943
144,0.5,0.5,0.2855993321,730,0.9575500235,0.001733282547
144,0.5,0.5,0.2855993321,732.5,0.9574370939,0.001741659532
144,0.5,0.5,0.2855993321,735,0.9573220381,0.001752836894
144,0.5,0.5,0.2855993321,737.5,0.9572034814,0.001764159826
144,0.5,0.5,0.2855993321,740,0.9570864245,0.001771703015
144,0.5,0.5,0.2855993321,742.5,0.956971787,0.001780050073
144,0.5,0.5,0.2855993321,745,0.9568507572,0.001790989003
144,0.5,0.5,0.2855993321,747.5,0.9567306254,0.001802932212
144,0.5,0.5,0.2855993321,750,0.9566072578,0.001814419399
144,0.5,0.5,0.2855993321,752.5,0.9564923664,0.001827311344
144,0.5,0.5,0.2855993321,755,0.9563747859,0.001838526648
144,0.5,0.5,0.2855993321,757.5,0.956257239,0.001846963484
144,0.5,0.5,0.2855993321,760,0.9561389208,0.001857258819
144,0.5,0.5,0.2855993321,762.5,0.9560225067,0.001867197811
144,0.5,0.5,0.2855993321,765,0.955904504,0.001880029828
144,0.5,0.5,0.2855993321,767.5,0.9557869166,0.001892693028
144,0.5,0.5,0.2855993321,770,0.9556719348,0.001904979214
144,0.5,0.5,0.2855993321,772.5,0.9555575797,0.001922057749
144,0.5,0.5,0.2855993321,775,0.9554456004,0.001942663128
144,0.5,0.5,0.2855993321,777.5,0.9553285006,0.001960333501
144,0.5,0.5,0.2855993321,780,0.9552052141,0.001974398446
144,0.5,0.5,0.2855993321,782.5,0.9550788719,0.00198998539
144,0.5,0.5,0.2855993321,785,0.9549519331,0.002006542554
144,0.5,0.5,0.2855993321,787.5,0.9548293255,0.002023425371
144,0.5,0.5,0.2855993321,790,0.9547014515,0.002036969764
144,0.5,0.5,0.2855993321,792.5,0.9545691547,0.002051434413
144,0.5,0.5,0.2855993321,795,0.9544439614,0.002061266599
144,0.5,0.5,0.2855993321,797.5,0.9543133056,0.002068975156
144,0.5,0.5,0.2855993321,800,0.9541879793,0.002082313748
144,0.5,0.5,0.2855993321,802.5,0.9540618616,0.002098991851
144,0.5,0.5,0.2855993321,805,0.9539371464,0.002112879333
144,0.5,0.5,0.2855993321,807.5,0.9538076053,0.002127356263
144,0.5,0.5,0.2855993321,810,0.9536753414,0.002142570677
144,0.5,0.5,0.2855993321,812.5,0.9535499301,0.002156779923
144,0.5,0.5,0.2855993321,815,0.9534279167,0.002168322613
144,0.5,0.5,0.2855993321,817.5,0.953310094,0.002180260076
144,0.5,0.5,0.2855993321,820,0.9531917893,0.002195812739
144,0.5,0.5,0.2855993321,822.5,0.9530730331,0.002207428363
144,0.5,0.5,0.2855993321,825,0.9529553301,0.002214959147
144,0.5,0.5,0.2855993321,827.5,0.9528320247,0.002223707815
144,0.5,0.5,0.2855993321,830,0.9527090979,0.002235461187
144,0.5,0.5,0.2855993321,832.5,0.9525802216,0.002248085766
144,0.5,0.5,0.2855993321,835,0.952454445,0.002261653531
144,0.5,0.5,0.2855993321,837.5,0.9523223129,0.002272888722
144,0.5,0.5,0.2855993321,840,0.9521863912,0.00228015082
144,0.5,0.5,0.2855993321,842.5,0.9520486941,0.002292416793
144,0.5,0.5,0.2855993321,845,0.9519128742,0.002307944303
144,0.5,0.5,0.2855993321,847.5,0.9517808544,0.002323902214
144,0.5,0.5,0.2855993321,850,0.9516441764,0.002337410684
144,0.5,0.5,0.2855993321,852.5,0.951507372,0.002349668304
144,0.5,0.5,0.2855993321,855,0.9513720443,0.002360580806
144,0.5,0.5,0.2855993321,857.5,0.9512377416,0.002368518199
144,0.5,0.5,0.2855993321,860,0.9511024361,0.002376583227
144,0.5,0.5,0.2855993321,862.5,0.9509688774,0.002383830742
144,0.5,0.5,0.2855993321,865,0.9508352981,0.002391772962
144,0.5,0.5,0.2855993321,867.5,0.9507046578,0.002402838419
144,0.5,0.5,0.2855993321,870,0.9505715549,0.002416420866
144,0.5,0.5,0.2855993321,872.5,0.9504348329,0.002428021992
144,0.5,0.5,0.2855993321,875,0.9502972925,0.002436530815
144,0.5,0.5,0.2855993321,877.5,0.9501571552,0.002445439131
144,0.5,0.5,0.2855993321,880,0.950020463,0.002453190413
144,0.5,0.5,0.2855993321,882.5,0.9498847193,0.00245736255
144,0.5,0.5,0.2855993321,885,0.9497513166,0.00246266297
144,0.5,0.5,0.2855993321,887.5,0.9496276573,0.002469851983
144,0.5,0.5,0.2855993321,890,0.9495036765,0.002478533994
144,0.5,0.5,0.2855993321,892.5,0.9493782738,0.002490683488
144,0.5,0.5,0.2855993321,895,0.9492512317,0.002504153075
144,0.5,0.5,0.2855993321,897.5,0.9491191343,0.002517792061
144,0.5,0.5,0.2855993321,900,0.9489921445,0.00253729102
144,0.5,0.5,0.2855993321,902.5,0.9488734825,0.002552858768
144,0.5,0.5,0.2855993321,905,0.9487435363,0.002566860013
144,0.5,0.5,0.2855993321,907.5,0.9486078682,0.002578593805
144,0.5,0.5,0.2855993321,910,0.9484696468,0.002585443848
144,0.5,0.5,0.2855993321,912.5,0.9483292778,0.002598858624
144,0.5,0.5,0.2855993321,915,0.9481876703,0.002607277786
144,0.5,0.5,0.2855993321,917.5,0.948036636,0.002613772513
144,0.5,0.5,0.2855993321,920,0.9478851799,0.002619057462
144,0.5,0.5,0.2855993321,922.5,0.9477424095,0.002623074042
144,0.5,0.5,0.2855993321,925,0.9476024343,0.002631387695
144,0.5,0.5,0.2855993321,927.5,0.9474605022,0.002640082166
144,0.5,0.5,0.2855993321,930,0.9473173506,0.00265006478
144,0.5,0.5,0.2855993321,932.5,0.9471807305,0.002660847022
144,0.5,0.5,0.2855993321,935,0.947039146,0.002671827492
144,0.5,0.5,0.2855993321,937.5,0.9469025091,0.002682236922
144,0.5,0.5,0.2855993321,940,0.9467661192,0.002688901204
144,0.5,0.5,0.2855993321,942.5,0.9466287536,0.002697402854
144,0.5,0.5,0.2855993321,945,0.9464868621,0.002706540099
144,0.5,0.5,0.2855993321,947.5,0.9463531251,0.002716908945
144,0.5,0.5,0.2855993321,950,0.9462204022,0.002726776061
144,0.5,0.5,0.2855993321,952.5,0.9460844139,0.002738242822
144,0.5,0.5,0.2855993321,955,0.9459439156,0.002747928002
144,0.5,0.5,0.2855993321,957.5,0.9457998031,0.002754590231
144,0.5,0.5,0.2855993321,960,0.9456576594,0.002760836108
144,0.5,0.5,0.2855993321,962.5,0.9455095277,0.002766908325
144,0.5,0.5,0.2855993321,965,0.9453578121,0.00277498593
144,0.5,0.5,0.2855993321,967.5,0.9452119956,0.00278076279
144,0.5,0.5,0.2855993321,970,0.9450678764,0.002785648447
144,0.5,0.5,0.2855993321,972.5,0.9449231241,0.002794711514
144,0.5,0.5,0.2855993321,975,0.9447846589,0.002803759644
144,0.5,0.5,0.2855993321,977.5,0.9446423654,0.002812168259
144,0.5,0.5,0.2855993321,980,0.9445079774,0.002823688524
144,0.5,0.5,0.2855993321,982.5,0.9443750804,0.002833614878
144,0.5,0.5,0.2855993321,985,0.9442479187,0.002846691521
144,0.5,0.5,0.2855993321,987.5,0.9441246847,0.002856568487
144,0.5,0.5,0.2855993321,990,0.9439986771,0.002860953142
144,0.5,0.5,0.2855993321,992.5,0.9438787121,0.002864193701
144,0.5,0.5,0.2855993321,995,0.9437609574,0.002865831383
144,0.5,0.5,0.2855993321,997.5,0.9436417141,0.002869585766
144,0.5,0.5,0.2855993321,1000,0.9435218968,0.002871449333
144,0.5,0.5,0.2855993321,1002.5,0.94340597,0.002873520571
144,0.5,0.5,0.2855993321,1005,0.943292511,0.002872255487
144,0.5,0.5,0.2855993321,1007.5,0.9431716232,0.002873650237
144,0.5,0.5,0.2855993321,1010,0.9430508771,0.002874016161
144,0.5,0.5,0.2855993321,1012.5,0.9429209435,0.002875460865
144,0.5,0.5,0.2855993321,1015,0.9427900436,0.002877790675
144,0.5,0.5,0.2855993321,1017.5,0.9426565127,0.002878548761
144,0.5,0.5,0.2855993321,1020,0.9425263856,0.002880097605
144,0.5,0.5,0.2855993321,1022.5,0.942400955,0.002885225552
144,0.5,0.5,0.2855993321,1025,0.942277431,0.002894117547
144,0.5,0.5,0.2855993321,1027.5,0.9421568914,0.002904580966
144,0.5,0.5,0.2855993321,1030,0.9420364133,0.002914390539
144,0.5,0.5,0.2855993321,1032.5,0.9419119278,0.002920681942
144,0.5,0.5,0.2855993321,1035,0.9417985852,0.002928133273
144,0.5,0.5,0.2855993321,1037.5,0.9416855518,0.002935182286
144,0.5,0.5,0.2855993321,1040,0.9415744985,0.002940361626
144,0.5,0.5,0.2855993321,1042.5,0.9414625107,0.002944444997
144,0.5,0.5,0.2855993321,1045,0.9413551928,0.002944794818
144,0.5,0.5,0.2855993321,1047.5,0.9412488934,0.00294652848
144,0.5,0.5,0.2855993321,1050,0.9411433597,0.002946645112
144,0.5,0.5,0.2855993321,1052.5,0.9410409664,0.002940783786
144,0.5,0.5,0.2855993321,1055,0.9409406868,0.002934942479
144,0.5,0.5,0.2855993321,1057.5,0.9408422905,0.002930632276
144,0.5,0.5,0.2855993321,1060,0.9407428366,0.002927534886
144,0.5,0.5,0.2855993321,1062.5,0.9406410007,0.002926427614
144,0.5,0.5,0.2855993321,1065,0.9405459024,0.002925569631
144,0.5,0.5,0.2855993321,1067.5,0.9404587633,0.002927889993
144,0.5,0.5,0.2855993321,1070,0.9403637851,0.002929020217
144,0.5,0.5,0.2855993321,1072.5,0.9402680565,0.002929371206
144,0.5,0.5,0.2855993321,1075,0.9401676762,0.002930965611
144,0.5,0.5,0.2855993321,1077.5,0.9400696686,0.00293356418
144,0.5,0.5,0.2855993321,1080,0.939972511,0.002934707254
144,0.5,0.5,0.2855993321,1082.5,0.9398747831,0.002935591086
144,0.5,0.5,0.2855993321,1085,0.9397764991,0.002932088707
144,0.5,0.5,0.2855993321,1087.5,0.9396779552,0.002931187726
144,0.5,0.5,0.2855993321,1090,0.9395831523,0.002925333228
144,0.5,0.5,0.2855993321,1092.5,0.9394916683,0.002918578543
144,0.5,0.5,0.2855993321,1095,0.9393955009,0.00291182916
144,0.5,0.5,0.2855993321,1097.5,0.9392991084,0.002902604829
144,0.5,0.5,0.2855993321,1100,0.9392046062,0.002893180694
144,0.5,0.5,0.2855993321,1102.5,0.9391107121,0.002877478569
144,0.5,0.5,0.2855993321,1105,0.9390141695,0.002858414323
144,0.5,0.5,0.2855993321,1107.5,0.9389205733,0.002839129297
144,0.5,0.5,0.2855993321,1110,0.9388168492,0.002823130813
144,0.5,0.5,0.2855993321,1112.5,0.9387172726,0.002806793435
144,0.5,0.5,0.2855993321,1115,0.938616083,0.002788732583
144,0.5,0.5,0.2855993321,1117.5,0.9385113348,0.002773178748
144,0.5,0.5,0.2855993321,1120,0.9384044045,0.002755949155
144,0.5,0.5,0.2855993321,1122.5,0.9382946734,0.002738999061
144,0.5,0.5,0.2855993321,1125,0.9381806393,0.002720674284
144,0.5,0.5,0.2855993321,1127.5,0.9380666844,0.002706274671
144,0.5,0.5,0.2855993321,1130,0.9379581614,0.002693753424
144,0.5,0.5,0.2855993321,1132.5,0.9378493049,0.00268045833
144,0.5,0.5,0.2855993321,1135,0.9377372142,0.002667988965
144,0.5,0.5,0.2855993321,1137.5,0.9376342618,0.002651708303
144,0.5,0.5,0.2855993321,1140,0.937533562,0.002636212055
144,0.5,0.5,0.2855993321,1142.5,0.9374310689,0.002621993003
144,0.5,0.5,0.2855993321,1145,0.9373253853,0.002605173334
144,0.5,0.5,0.2855993321,1147.5,0.9372175638,0.002590713603
144,0.5,0.5,0.2855993321,1150,0.9371066739,0.002574888303
144,0.5,0.5,0.2855993321,1152.5,0.9369876377,0.002561430599
144,0.5,0.5,0.2855993321,1155,0.9368668084,0.002552798806
144,0.5,0.5,0.2855993321,1157.5,0.9367470178,0.002540504694
144,0.5,0.5,0.2855993321,1160,0.9366328729,0.002526217459
144,0.5,0.5,0.2855993321,1162.5,0.9365248296,0.002513725351
144,0.5,0.5,0.2855993321,1165,0.9364110614,0.002503849986
144,0.5,0.5,0.2855993321,1167.5,0.9362937158,0.002497260766
144,0.5,0.5,0.2855993321,1170,0.9361827127,0.002489729925
144,0.5,0.5,0.2855993321,1172.5,0.9360699592,0.00248334486
144,0.5,0.5,0.2855993321,1175,0.9359567087,0.002476208607
144,0.5,0.5,0.2855993321,1177.5,0.9358432983,0.002466374441
144,0.5,0.5,0.2855993321,1180,0.9357393445,0.00245511312
144,0.5,0.5,0.2855993321,1182.5,0.9356292708,0.002450010319
144,0.5,0.5,0.2855993321,1185,0.9355236819,0.002446431888
144,0.5,0.5,0.2855993321,1187.5,0.9354203338,0.002442166768
144,0.5,0.5,0.2855993321,1190,0.9353070847,0.002439073784
144,0.5,0.5,0.2855993321,1192.5,0.9351928226,0.002438887457
144,0.5,0.5,0.2855993321,1195,0.9350836982,0.002436084178
144,0.5,0.5,0.2855993321,1197.5,0.9349693652,0.002431173407
144,0.5,0.5,0.2855993321,1200,0.9348611596,0.002426687975
144,0.5,0.5,0.2855993321,1202.5,0.9347566163,0.002425237662
144,0.5,0.5,0.2855993321,1205,0.9346486868,0.002424803749
144,0.5,0.5,0.2855993321,1207.5,0.9345433172,0.002422363606
144,0.5,0.5,0.2855993321,1210,0.9344448674,0.00241933017
144,0.5,0.5,0.2855993321,1212.5,0.9343540043,0.002422004512
144,0.5,0.5,0.2855993321,1215,0.9342525553,0.002421550085
144,0.5,0.5,0.2855993321,1217.5,0.9341501512,0.002414427532
144,0.5,0.5,0.2855993321,1220,0.9340430266,0.002406930783
144,0.5,0.5,0.2855993321,1222.5,0.9339345689,0.002405184661
144,0.5,0.5,0.2855993321,1225,0.9338193156,0.002402456376
144,0.5,0.5,0.2855993321,1227.5,0.9337036695,0.002394028058
144,0.5,0.5,0.2855993321,1230,0.9335840098,0.002386174856
144,0.5,0.5,0.2855993321,1232.5,0.9334669313,0.002379533738
144,0.5,0.5,0.2855993321,1235,0.9333393,0.002375820053
144,0.5,0.5,0.2855993321,1237.5,0.9332113627,0.002372255692
144,0.5,0.5,0.2855993321,1240,0.9330897336,0.002372033531
144,0.5,0.5,0.2855993321,1242.5,0.9329662622,0.002370362235
144,0.5,0.5,0.2855993321,1245,0.9328444341,0.002367021959
144,0.5,0.5,0.2855993321,1247.5,0.9327261035,0.002366063552
144,0.5,0.5,0.2855993321,1250,0.932600355,0.002363032949
144,0.5,0.5,0.2855993321,1252.5,0.9324810796,0.002358662235
144,0.5,0.5,0.2855993321,1255,0.9323646461,0.002352588093
144,0.5,0.5,0.2855993321,1257.5,0.9322503945,0.002346438354
144,0.5,0.5,0.2855993321,1260,0.9321345717,0.002337463535
144,0.5,0.5,0.2855993321,1262.5,0.9320149001,0.002331573493
144,0.5,0.5,0.2855993321,1265,0.9318915082,0.002327352362
144,0.5,0.5,0.2855993321,1267.5,0.9317646911,0.002324839734
144,0.5,0.5,0.2855993321,1270,0.9316417719,0.002322556475
144,0.5,0.5,0.2855993321,1272.5,0.9315212244,0.002323136502
144,0.5,0.5,0.2855993321,1275,0.9314074124,0.002323970788
144,0.5,0.5,0.2855993321,1277.5,0.9312929637,0.002322592722
144,0.5,0.5,0.2855993321,1280,0.9311807077,0.002324646868
144,0.5,0.5,0.2855993321,1282.5,0.9310752893,0.00232909601
144,0.5,0.5,0.2855993321,1285,0.9309713081,0.00233199866
144,0.5,0.5,0.2855993321,1287.5,0.930858236,0.002330506255
144,0.5,0.5,0.2855993321,1290,0.9307407747,0.002328374306
144,0.5,0.5,0.2855993321,1292.5,0.9306206605,0.002324941299
144,0.5,0.5,0.2855993321,1295,0.9305033304,0.002317761405
144,0.5,0.5,0.2855993321,1297.5,0.9303910457,0.002315774745
144,0.5,0.5,0.2855993321,1300,0.9302729229,0.002313416678
144,0.5,0.5,0.2855993321,1302.5,0.9301560196,0.002311154469
144,0.5,0.5,0.2855993321,1305,0.9300419949,0.002308403211
144,0.5,0.5,0.2855993321,1307.5,0.9299322098,0.00230639318
144,0.5,0.5,0.2855993321,1310,0.9298170216,0.002302454884
144,0.5,0.5,0.2855993321,1312.5,0.9296927883,0.002297214876
144,0.5,0.5,0.2855993321,1315,0.9295624031,0.002290795864
144,0.5,0.5,0.2855993321,1317.5,0.9294333872,0.002285695687
144,0.5,0.5,0.2855993321,1320,0.9293089456,0.002279163975
144,0.5,0.5,0.2855993321,1322.5,0.9291865579,0.002269793865
144,0.5,0.5,0.2855993321,1325,0.9290651393,0.002258177355
144,0.5,0.5,0.2855993321,1327.5,0.9289410199,0.002243675095
144,0.5,0.5,0.2855993321,1330,0.9288220496,0.002227317044
144,0.5,0.5,0.2855993321,1332.5,0.9287086027,0.002213290068
144,0.5,0.5,0.2855993321,1335,0.9285895735,0.002199135382
144,0.5,0.5,0.2855993321,1337.5,0.9284660679,0.002184772502
144,0.5,0.5,0.2855993321,1340,0.9283501028,0.002172525662
144,0.5,0.5,0.2855993321,1342.5,0.9282393412,0.002159115341
144,0.5,0.5,0.2855993321,1345,0.9281215239,0.002146307657
144,0.5,0.5,0.2855993321,1347.5,0.9280087825,0.002131417652
144,0.5,0.5,0.2855993321,1350,0.9278988951,0.002114519522
144,0.5,0.5,0.2855993321,1352.5,0.9277886234,0.002092732323
144,0.5,0.5,0.2855993321,1355,0.9276753734,0.002074421994
144,0.5,0.5,0.2855993321,1357.5,0.9275557325,0.002059462667
144,0.5,0.5,0.2855993321,1360,0.9274400548,0.002044160839
144,0.5,0.5,0.2855993321,1362.5,0.927322471,0.002027844698
144,0.5,0.5,0.2855993321,1365,0.9272045749,0.002018746679
144,0.5,0.5,0.2855993321,1367.5,0.9270878264,0.00200977473
144,0.5,0.5,0.2855993321,1370,0.9269792969,0.001997660758
144,0.5,0.5,0.2855993321,1372.5,0.9268733209,0.001994430744
144,0.5,0.5,0.2855993321,1375,0.9267651171,0.001993760812
144,0.5,0.5,0.2855993321,1377.5,0.9266639132,0.001990276939
144,0.5,0.5,0.2855993321,1380,0.9265616787,0.001978076104
144,0.5,0.5,0.2855993321,1382.5,0.9264567767,0.001969838332
144,0.5,0.5,0.2855993321,1385,0.9263500427,0.001963734742
144,0.5,0.5,0.2855993321,1387.5,0.926237609,0.001959356489
144,0.5,0.5,0.2855993321,1390,0.9261346191,0.001960462939
144,0.5,0.5,0.2855993321,1392.5,0.9260313404,0.001961770408
144,0.5,0.5,0.2855993321,1395,0.925928523,0.001960363909
144,0.5,0.5,0.2855993321,1397.5,0.9258233283,0.001957486366
144,0.5,0.5,0.2855993321,1400,0.9257143515,0.001953373276
144,0.5,0.5,0.2855993321,1402.5,0.9256035425,0.001949837975
144,0.5,0.5,0.2855993321,1405,0.9254933855,0.00194686003
144,0.5,0.5,0.2855993321,1407.5,0.9253774838,0.001944227886
144,0.5,0.5,0.2855993321,1410,0.9252687219,0.001937286485
144,0.5,0.5,0.2855993321,1412.5,0.9251673367,0.001930718015
144,0.5,0.5,0.2855993321,1415,0.9250707915,0.00192366256
144,0.5,0.5,0.2855993321,1417.5,0.9249832535,0.001919636971
144,0.5,0.5,0.2855993321,1420,0.9249018626,0.001914446882
144,0.5,0.5,0.2855993321,1422.5,0.9248127365,0.001911385336
144,0.5,0.5,0.2855993321,1425,0.9247235747,0.001910414467
144,0.5,0.5,0.2855993321,1427.5,0.9246351644,0.00190944858
144,0.5,0.5,0.2855993321,1430,0.9245461246,0.001908047642
144,0.5,0.5,0.2855993321,1432.5,0.9244588673,0.001905904762
144,0.5,0.5,0.2855993321,1435,0.9243700835,0.001905278497
144,0.5,0.5,0.2855993321,1437.5,0.924289325,0.001906644866
144,0.5,0.5,0.2855993321,1440,0.9242030721,0.001912253769
144,0.5,0.5,0.2855993321,1442.5,0.9241169798,0.001919765377
144,0.5,0.5,0.2855993321,1445,0.9240298863,0.001929403072
144,0.5,0.5,0.2855993321,1447.5,0.9239469417,0.001934081962
144,0.5,0.5,0.2855993321,1450,0.9238602106,0.001936256895
144,0.5,0.5,0.2855993321,1452.5,0.9237764514,0.001935641442
144,0.5,0.5,0.2855993321,1455,0.923696844,0.001936274874
144,0.5,0.5,0.2855993321,1457.5,0.9236174457,0.001935990483
144,0.5,0.5,0.2855993321,1460,0.9235370429,0.001934543771
144,0.5,0.5,0.2855993321,1462.5,0.9234468863,0.001936767825
144,0.5,0.5,0.2855993321,1465,0.9233601504,0.001936080097
144,0.5,0.5,0.2855993321,1467.5,0.923265506,0.001937155727
144,0.5,0.5,0.2855993321,1470,0.9231704739,0.001936391429
144,0.5,0.5,0.2855993321,1472.5,0.9230758232,0.001937558832
144,0.5,0.5,0.2855993321,1475,0.9229847332,0.001946205289
144,0.5,0.5,0.2855993321,1477.5,0.9228945892,0.001956396616
144,0.5,0.5,0.2855993321,1480,0.9228040705,0.00196703847
144,0.5,0.5,0.2855993321,1482.5,0.9227128507,0.001976966252
144,0.5,0.5,0.2855993321,1485,0.922622836,0.001988756694
144,0.5,0.5,0.2855993321,1487.5,0.9225275894,0.002003405778
144,0.5,0.5,0.2855993321,1490,0.9224384142,0.002017807649
144,0.5,0.5,0.2855993321,1492.5,0.9223585909,0.002031888023
144,0.5,0.5,0.2855993321,1495,0.9222845356,0.002046291056
144,0.5,0.5,0.2855993321,1497.5,0.9222051769,0.002062779503
144,0.5,0.5,0.2855993321,1500,0.9221237802,0.002077383258
144,0.5,0.5,0.2855993321,1502.5,0.9220400942,0.002095875878
144,0.5,0.5,0.2855993321,1505,0.921957295,0.00211969909
144,0.5,0.5,0.2855993321,1507.5,0.92187072,0.002142526622
144,0.5,0.5,0.2855993321,1510,0.9217741858,0.002162436024
144,0.5,0.5,0.2855993321,1512.5,0.9216728307,0.002183885199
144,0.5,0.5,0.2855993321,1515,0.9215659229,0.002203691063
144,0.5,0.5,0.2855993321,1517.5,0.9214734483,0.00222821151
144,0.5,0.5,0.2855993321,1520,0.9213770563,0.002254217178
144,0.5,0.5,0.2855993321,1522.5,0.9212703478,0.002282844274
144,0.5,0.5,0.2855993321,1525,0.9211671601,0.002311960074
144,0.5,0.5,0.2855993321,1527.5,0.9210671536,0.002336808281
144,0.5,0.5,0.2855993321,1530,0.9209699253,0.002363330206
144,0.5,0.5,0.2855993321,1532.5,0.9208609499,0.002388158788
144,0.5,0.5,0.2855993321,1535,0.9207493845,0.002411823032
144,0.5,0.5,0.2855993321,1537.5,0.9206425074,0.002436098749
144,0.5,0.5,0.2855993321,1540,0.9205348848,0.002457651673
144,0.5,0.5,0.2855993321,1542.5,0.9204293846,0.002480370223
144,0.5,0.5,0.2855993321,1545,0.9203223407,0.002500766648
144,0.5,0.5,0.2855993321,1547.5,0.92021432,0.002524006146
144,0.5,0.5,0.2855993321,1550,0.9201121702,0.002543080158
144,0.5,0.5,0.2855993321,1552.5,0.9200060759,0.002558574921
144,0.5,0.5,0.2855993321,1555,0.9198985642,0.002573385259
144,0.5,0.5,0.2855993321,1557.5,0.9197885985,0.002588529675
144,0.5,0.5,0.2855993321,1560,0.9196838416,0.002598403137
144,0.5,0.5,0.2855993321,1562.5,0.9195730112,0.002605614099
144,0.5,0.5,0.2855993321,1565,0.9194623157,0.002614993481
144,0.5,0.5,0.2855993321,1567.5,0.9193545576,0.002629222968
144,0.5,0.5,0.2855993321,1570,0.9192442005,0.002640443221
144,0.5,0.5,0.2855993321,1572.5,0.9191390505,0.002649371931
144,0.5,0.5,0.2855993321,1575,0.9190389729,0.002655496336
144,0.5,0.5,0.2855993321,1577.5,0.9189464292,0.002666081427
144,0.5,0.5,0.2855993321,1580,0.9188631939,0.0026756362
144,0.5,0.5,0.2855993321,1582.5,0.9187717704,0.002679233793
144,0.5,0.5,0.2855993321,1585,0.918681971,0.00267988302
144,0.5,0.5,0.2855993321,1587.5,0.9185913781,0.002687080796
144,0.5,0.5,0.2855993321,1590,0.918503904,0.002698258656
144,0.5,0.5,0.2855993321,1592.5,0.9184072587,0.002711304924
144,0.5,0.5,0.2855993321,1595,0.9183141617,0.002726868935
144,0.5,0.5,0.2855993321,1597.5,0.9182195262,0.002737079357
144,0.5,0.5,0.2855993321,1600,0.9181347838,0.002748230283
144,0.5,0.5,0.2855993321,1602.5,0.9180488719,0.002758960372
144,0.5,0.5,0.2855993321,1605,0.9179667722,0.002770845066
144,0.5,0.5,0.2855993321,1607.5,0.9178914836,0.002781005266
144,0.5,0.5,0.2855993321,1610,0.917815305,0.00279439412
144,0.5,0.5,0.2855993321,1612.5,0.9177418696,0.002810109487
144,0.5,0.5,0.2855993321,1615,0.9176720797,0.002819217006
144,0.5,0.5,0.2855993321,1617.5,0.9176070076,0.002830604156
144,0.5,0.5,0.2855993321,1620,0.9175406703,0.002841153487
144,0.5,0.5,0.2855993321,1622.5,0.9174700864,0.002851074076
144,0.5,0.5,0.2855993321,1625,0.9173945094,0.002862521072
144,0.5,0.5,0.2855993321,1627.5,0.9173159053,0.002882801189
144,0.5,0.5,0.2855993321,1630,0.917235307,0.002907329596
144,0.5,0.5,0.2855993321,1632.5,0.9171501835,0.00292880873
144,0.5,0.5,0.2855993321,1635,0.9170607085,0.002947865091
144,0.5,0.5,0.2855993321,1637.5,0.9169712762,0.002966920482
144,0.5,0.5,0.2855993321,1640,0.9168837381,0.00298422691
144,0.5,0.5,0.2855993321,1642.5,0.9167977363,0.003003769045
144,0.5,0.5,0.2855993321,1645,0.9166998444,0.003025054525
144,0.5,0.5,0.2855993321,1647.5,0.9165952152,0.003049997208
144,0.5,0.5,0.2855993321,1650,0.9164922772,0.003076297639
144,0.5,0.5,0.2855993321,1652.5,0.9163935919,0.00309918699
144,0.5,0.5,0.2855993321,1655,0.9162959485,0.00312262162
144,0.5,0.5,0.2855993321,1657.5,0.9161885029,0.003145114821
144,0.5,0.5,0.2855993321,1660,0.9160784275,0.003167978926
144,0.5,0.5,0.2855993321,1662.5,0.915973393,0.003189976959
144,0.5,0.5,0.2855993321,1665,0.9158790441,0.003215750886
144,0.5,0.5,0.2855993321,1667.5,0.9157819715,0.00324929364
144,0.5,0.5,0.2855993321,1670,0.915685684,0.003283493582
144,0.5,0.5,0.2855993321,1672.5,0.9155853973,0.003315294751
144,0.5,0.5,0.2855993321,1675,0.9154899319,0.00334660702
144,0.5,0.5,0.2855993321,1677.5,0.9153944836,0.003376303004
144,0.5,0.5,0.2855993321,1680,0.9153065444,0.003402195697
144,0.5,0.5,0.2855993321,1682.5,0.9152182692,0.003435008176
144,0.5,0.5,0.2855993321,1685,0.9151288021,0.003466574862
144,0.5,0.5,0.2855993321,1687.5,0.9150356043,0.003495313517
144,0.5,0.5,0.2855993321,1690,0.9149431757,0.003528309041
144,0.5,0.5,0.2855993321,1692.5,0.9148466606,0.003564118757
144,0.5,0.5,0.2855993321,1695,0.9147572878,0.003593933269
144,0.5,0.5,0.2855993321,1697.5,0.9146642419,0.003622068373
144,0.5,0.5,0.2855993321,1700,0.9145627949,0.003651218224
144,0.5,0.5,0.2855993321,1702.5,0.9144681417,0.003681813772
144,0.5,0.5,0.2855993321,1705,0.9143754813,0.003716440996
144,0.5,0.5,0.2855993321,1707.5,0.914283244,0.003752505274
144,0.5,0.5,0.2855993321,1710,0.9141891184,0.003786799563
144,0.5,0.5,0.2855993321,1712.5,0.9140982053,0.003819120114
144,0.5,0.5,0.2855993321,1715,0.914009623,0.003851473896
144,0.5,0.5,0.2855993321,1717.5,0.9139274411,0.003885180282
144,0.5,0.5,0.2855993321,1720,0.9138465964,0.003922829456
144,0.5,0.5,0.2855993321,1722.5,0.9137816112,0.003960352642
144,0.5,0.5,0.2855993321,1725,0.9137222389,0.003996362975
144,0.5,0.5,0.2855993321,1727.5,0.9136564603,0.00403595566
144,0.5,0.5,0.2855993321,1730,0.913583127,0.004074526759
144,0.5,0.5,0.2855993321,1732.5,0.9135104429,0.004111204082
144,0.5,0.5,0.2855993321,1735,0.9134292241,0.004146723931
144,0.5,0.5,0.2855993321,1737.5,0.9133539572,0.004185180002
144,0.5,0.5,0.2855993321,1740,0.9132770912,0.004222046058
144,0.5,0.5,0.2855993321,1742.5,0.9131941071,0.004264125049
144,0.5,0.5,0.2855993321,1745,0.9130886832,0.004304717939
144,0.5,0.5,0.2855993321,1747.5,0.912978212,0.004344377102
144,0.5,0.5,0.2855993321,1750,0.9128716857,0.004381614313
144,0.5,0.5,0.2855993321,1752.5,0.9127632158,0.00441495076
144,0.5,0.5,0.2855993321,1755,0.912650274,0.00445350511
144,0.5,0.5,0.2855993321,1757.5,0.91255141,0.004490877433
144,0.5,0.5,0.2855993321,1760,0.9124504014,0.004527393817
144,0.5,0.5,0.2855993321,1762.5,0.9123504258,0.004566435589
144,0.5,0.5,0.2855993321,1765,0.9122577214,0.004603503753
144,0.5,0.5,0.2855993321,1767.5,0.912163779,0.004640528966
144,0.5,0.5,0.2855993321,1770,0.9120677768,0.004671760298
144,0.5,0.5,0.2855993321,1772.5,0.9119707001,0.004709667534
144,0.5,0.5,0.2855993321,1775,0.9118688929,0.004748765185
144,0.5,0.5,0.2855993321,1777.5,0.9117762707,0.00478618238
144,0.5,0.5,0.2855993321,1780,0.9116807693,0.004821682346
144,0.5,0.5,0.2855993321,1782.5,0.9115883948,0.004855247321
144,0.5,0.5,0.2855993321,1785,0.911493784,0.004886657898
144,0.5,0.5,0.2855993321,1787.5,0.911394216,0.004916343132
144,0.5,0.5,0.2855993321,1790,0.9112914774,0.004945817845
144,0.5,0.5,0.2855993321,1792.5,0.9111900461,0.004974117971
144,0.5,0.5,0.2855993321,1795,0.9110936363,0.005004892231
144,0.5,0.5,0.2855993321,1797.5,0.9109940641,0.005034256335
144,0.5,0.5,0.2855993321,1800,0.9108889006,0.005068748687
144,0.5,0.5,0.2855993321,1802.5,0.9107831261,0.005096827769
144,0.5,0.5,0.2855993321,1805,0.9106749734,0.005130047393
144,0.5,0.5,0.2855993321,1807.5,0.9105685342,0.005162165823
144,0.5,0.5,0.2855993321,1810,0.9104710064,0.005195831602
144,0.5,0.5,0.2855993321,1812.5,0.9103735283,0.005230327961
144,0.5,0.5,0.2855993321,1815,0.9102805591,0.005264792956
144,0.5,0.5,0.2855993321,1817.5,0.9101807327,0.005300299231
144,0.5,0.5,0.2855993321,1820,0.910082741,0.005337621748
144,0.5,0.5,0.2855993321,1822.5,0.9099907256,0.005375179432
144,0.5,0.5,0.2855993321,1825,0.9098987516,0.005414028304
144,0.5,0.5,0.2855993321,1827.5,0.9098020561,0.005447415078
144,0.5,0.5,0.2855993321,1830,0.9097069834,0.005477989942
144,0.5,0.5,0.2855993321,1832.5,0.9096170601,0.005513197455
144,0.5,0.5,0.2855993321,1835,0.9095183989,0.005546200182
144,0.5,0.5,0.2855993321,1837.5,0.9094283521,0.005576880397
144,0.5,0.5,0.2855993321,1840,0.9093340156,0.005604206972
144,0.5,0.5,0.2855993321,1842.5,0.9092245392,0.00563366837
144,0.5,0.5,0.2855993321,1845,0.909120002,0.005664157561
144,0.5,0.5,0.2855993321,1847.5,0.9090082635,0.005695202218
144,0.5,0.5,0.2855993321,1850,0.9089094484,0.005730597268
144,0.5,0.5,0.2855993321,1852.5,0.9088126327,0.005773004786
144,0.5,0.5,0.2855993321,1855,0.9087050748,0.005813741099
144,0.5,0.5,0.2855993321,1857.5,0.9086000853,0.005850689285
144,0.5,0.5,0.2855993321,1860,0.9085015695,0.005891233767
144,0.5,0.5,0.2855993321,1862.5,0.9083934637,0.005927970394
144,0.5,0.5,0.2855993321,1865,0.9082818193,0.005965766661
144,0.5,0.5,0.2855993321,1867.5,0.9081703685,0.00600121824
144,0.5,0.5,0.2855993321,1870,0.9080568632,0.006036504129
144,0.5,0.5,0.2855993321,1872.5,0.9079496486,0.006074686073
144,0.5,0.5,0.2855993321,1875,0.9078327133,0.006111802022
144,0.5,0.5,0.2855993321,1877.5,0.9077211365,0.006148435662
144,0.5,0.5,0.2855993321,1880,0.9076059655,0.006190413287
144,0.5,0.5,0.2855993321,1882.5,0.9074847714,0.006235742998
144,0.5,0.5,0.2855993321,1885,0.9073693397,0.006275892712
144,0.5,0.5,0.2855993321,1887.5,0.9072476294,0.006312463228
144,0.5,0.5,0.2855993321,1890,0.9071312883,0.006344574957
144,0.5,0.5,0.2855993321,1892.5,0.9070099388,0.006375738959
144,0.5,0.5,0.2855993321,1895,0.9068930589,0.006405195202
144,0.5,0.5,0.2855993321,1897.5,0.9067720675,0.006436469729
144,0.5,0.5,0.2855993321,1900,0.9066530783,0.006464474815
144,0.5,0.5,0.2855993321,1902.5,0.9065364676,0.006495690428
144,0.5,0.5,0.2855993321,1905,0.9064240431,0.006527915653
144,0.5,0.5,0.2855993321,1907.5,0.9063085344,0.006561064873
144,0.5,0.5,0.2855993321,1910,0.9061923149,0.006593738473
144,0.5,0.5,0.2855993321,1912.5,0.9060838072,0.006633847819
144,0.5,0.5,0.2855993321,1915,0.9059682878,0.006669325811
144,0.5,0.5,0.2855993321,1917.5,0.9058538221,0.006705085499
144,0.5,0.5,0.2855993321,1920,0.9057365318,0.006743660444
144,0.5,0.5,0.2855993321,1922.5,0.9056185798,0.006781841187
144,0.5,0.5,0.2855993321,1925,0.905500127,0.006821034982
144,0.5,0.5,0.2855993321,1927.5,0.9053773074,0.006862536616
144,0.5,0.5,0.2855993321,1930,0.9052527571,0.006904134096
144,0.5,0.5,0.2855993321,1932.5,0.9051343862,0.006949625309
144,0.5,0.5,0.2855993321,1935,0.9050274697,0.006994496966
144,0.5,0.5,0.2855993321,1937.5,0.904917517,0.007041361737
144,0.5,0.5,0.2855993321,1940,0.9048048905,0.007083874233
144,0.5,0.5,0.2855993321,1942.5,0.9046933154,0.007121295924
144,0.5,0.5,0.2855993321,1945,0.904584514,0.007163128177
144,0.5,0.5,0.2855993321,1947.5,0.9044849039,0.007201172405
144,0.5,0.5,0.2855993321,1950,0.9043856459,0.00724250388
144,0.5,0.5,0.2855993321,1952.5,0.9042844466,0.007278162975
144,0.5,0.5,0.2855993321,1955,0.9041811537,0.007316543862
144,0.5,0.5,0.2855993321,1957.5,0.9040798097,0.007357542591
144,0.5,0.5,0.2855993321,1960,0.903986621,0.00740215384
144,0.5,0.5,0.2855993321,1962.5,0.9039003825,0.007443493337
144,0.5,0.5,0.2855993321,1965,0.9038114899,0.007485884752
144,0.5,0.5,0.2855993321,1967.5,0.9037308228,0.007524836691
144,0.5,0.5,0.2855993321,1970,0.903653329,0.007566412291
144,0.5,0.5,0.2855993321,1972.5,0.9035742545,0.007608393728
144,0.5,0.5,0.2855993321,1975,0.9034916892,0.007648705026
144,0.5,0.5,0.2855993321,1977.5,0.903415199,0.0076923966
144,0.5,0.5,0.2855993321,1980,0.9033330169,0.007732180445
144,0.5,0.5,0.2855993321,1982.5,0.9032614034,0.007775141467
144,0.5,0.5,0.2855993321,1985,0.9031858427,0.007812302111
144,0.5,0.5,0.2855993321,1987.5,0.9031066386,0.007852813038
144,0.5,0.5,0.2855993321,1990,0.9030246382,0.007898295648
144,0.5,0.5,0.2855993321,1992.5,0.9029407963,0.007941672711
144,0.5,0.5,0.2855993321,1995,0.90285356,0.007982669293
144,0.5,0.5,0.2855993321,1997.5,0.9027670144,0.008019083677
144,0.5,0.5,0.2855993321,2000,0.90268257,0.008053982989
144,0.5,0.5,0.2855993321,2002.5,0.9025980969,0.008090749807
144,0.5,0.5,0.2855993321,2005,0.9025134416,0.008125582898
144,0.5,0.5,0.2855993321,2007.5,0.9024267348,0.008157840776
144,0.5,0.5,0.2855993321,2010,0.9023474864,0.008188154887
144,0.5,0.5,0.2855993321,2012.5,0.9022779513,0.008214354529
144,0.5,0.5,0.2855993321,2015,0.9022070615,0.008243375451
144,0.5,0.5,0.2855993321,2017.5,0.9021361741,0.008266021277
144,0.5,0.5,0.2855993321,2020,0.9020579547,0.008291352716
144,0.5,0.5,0.2855993321,2022.5,0.9019806795,0.008319987438
144,0.5,0.5,0.2855993321,2025,0.9019056576,0.008349384806
144,0.5,0.5,0.2855993321,2027.5,0.9018365424,0.008380796922
144,0.5,0.5,0.2855993321,2030,0.9017665088,0.008409622648
144,0.5,0.5,0.2855993321,2032.5,0.9016974513,0.008440957777
144,0.5,0.5,0.2855993321,2035,0.9016284532,0.00846955253
144,0.5,0.5,0.2855993321,2037.5,0.9015611312,0.008501866814
144,0.5,0.5,0.2855993321,2040,0.9015012688,0.008531749713
144,0.5,0.5,0.2855993321,2042.5,0.9014374152,0.008561606423
144,0.5,0.5,0.2855993321,2045,0.9013656239,0.008587324175
144,0.5,0.5,0.2855993321,2047.5,0.901301289,0.008611962409
144,0.5,0.5,0.2855993321,2050,0.9012293144,0.008637530206
144,0.5,0.5,0.2855993321,2052.5,0.9011567933,0.008667436109
144,0.5,0.5,0.2855993321,2055,0.9010893141,0.008697347037
144,0.5,0.5,0.2855993321,2057.5,0.9010261315,0.008717065622
144,0.5,0.5,0.2855993321,2060,0.9009620283,0.008736224288
144,0.5,0.5,0.2855993321,2062.5,0.9008988952,0.008755374849
144,0.5,0.5,0.2855993321,2065,0.9008336632,0.008772897462
144,0.5,0.5,0.2855993321,2067.5,0.900762503,0.008787291993
144,0.5,0.5,0.2855993321,2070,0.9006965734,0.00880393573
144,0.5,0.5,0.2855993321,2072.5,0.9006339878,0.00881649497
144,0.5,0.5,0.2855993321,2075,0.900572155,0.00883277691
144,0.5,0.5,0.2855993321,2077.5,0.9005023885,0.008856994429
144,0.5,0.5,0.2855993321,2080,0.9004310735,0.008884743344
144,0.5,0.5,0.2855993321,2082.5,0.900355244,0.008911070062
144,0.5,0.5,0.2855993321,2085,0.9002785964,0.008935101291
144,0.5,0.5,0.2855993321,2087.5,0.9002103237,0.008959916171
144,0.5,0.5,0.2855993321,2090,0.9001411888,0.008983022152
144,0.5,0.5,0.2855993321,2092.5,0.9000673837,0.009008032328
144,0.5,0.5,0.2855993321,2095,0.8999945365,0.009035468376
144,0.5,0.5,0.2855993321,2097.5,0.8999253591,0.009062243099
144,0.5,0.5,0.2855993321,2100,0.8998575885,0.009089050777
144,0.5,0.5,0.2855993321,2102.5,0.8997873267,0.009116381571
144,0.5,0.5,0.2855993321,2105,0.8997156856,0.009140112539
144,0.5,0.5,0.2855993321,2107.5,0.8996421826,0.009164633497
144,0.5,0.5,0.2855993321,2110,0.8995675707,0.009195496117
144,0.5,0.5,0.2855993321,2112.5,0.899490649,0.009225780243
144,0.5,0.5,0.2855993321,2115,0.8994142117,0.00925275481
144,0.5,0.5,0.2855993321,2117.5,0.8993331574,0.009279138277
144,0.5,0.5,0.2855993321,2120,0.8992484338,0.009306106485
144,0.5,0.5,0.2855993321,2122.5,0.8991742177,0.009333812103
144,0.5,0.5,0.2855993321,2125,0.8991070398,0.009363344161
144,0.5,0.5,0.2855993321,2127.5,0.8990456046,0.00939127116
144,0.5,0.5,0.2855993321,2130,0.8989748078,0.009417665612
144,0.5,0.5,0.2855993321,2132.5,0.8989053515,0.009442798149
144,0.5,0.5,0.2855993321,2135,0.8988315613,0.009467777979
144,0.5,0.5,0.2855993321,2137.5,0.8987574047,0.009496517764
144,0.5,0.5,0.2855993321,2140,0.8986822649,0.009523663755
144,0.5,0.5,0.2855993321,2142.5,0.8986013425,0.009552661006
144,0.5,0.5,0.2855993321,2145,0.8985128649,0.00957755301
144,0.5,0.5,0.2855993321,2147.5,0.898420994,0.009603793424
144,0.5,0.5,0.2855993321,2150,0.8983308761,0.009633764088
144,0.5,0.5,0.2855993321,2152.5,0.8982340072,0.009663299272
144,0.5,0.5,0.2855993321,2155,0.8981374998,0.009686189049
144,0.5,0.5,0.2855993321,2157.5,0.8980383562,0.009710856592
144,0.5,0.5,0.2855993321,2160,0.8979452462,0.009734668155
144,0.5,0.5,0.2855993321,2162.5,0.897855548,0.009755080412
144,0.5,0.5,0.2855993321,2165,0.8977692408,0.009776608728
144,0.5,0.5,0.2855993321,2167.5,0.8976827607,0.009799170289
144,0.5,0.5,0.2855993321,2170,0.8975923849,0.009814445744
144,0.5,0.5,0.2855993321,2172.5,0.897498673,0.00983635915
144,0.5,0.5,0.2855993321,2175,0.8974107392,0.009858793415
144,0.5,0.5,0.2855993321,2177.5,0.8973193234,0.009882043698
144,0.5,0.5,0.2855993321,2180,0.8972261064,0.009905398179
144,0.5,0.5,0.2855993321,2182.5,0.897124437,0.009933402362
144,0.5,0.5,0.2855993321,2185,0.8970159263,0.009964567072
144,0.5,0.5,0.2855993321,2187.5,0.8969052414,0.009995489447
144,0.5,0.5,0.2855993321,2190,0.8967999615,0.01002791736
144,0.5,0.5,0.2855993321,2192.5,0.8966904877,0.01005344478
144,0.5,0.5,0.2855993321,2195,0.8965875237,0.01007467674
144,0.5,0.5,0.2855993321,2197.5,0.896486218,0.01009444507
144,0.5,0.5,0.2855993321,2200,0.8963936983,0.01011441782
144,0.5,0.5,0.2855993321,2202.5,0.8963080492,0.01013890344
144,0.5,0.5,0.2855993321,2205,0.896217764,0.01016420697
144,0.5,0.5,0.2855993321,2207.5,0.896127838,0.01018931291
144,0.5,0.5,0.2855993321,2210,0.8960410303,0.01020976082
144,0.5,0.5,0.2855993321,2212.5,0.8959580704,0.01023466596
144,0.5,0.5,0.2855993321,2215,0.8958681266,0.01026170964
144,0.5,0.5,0.2855993321,2217.5,0.8957861396,0.01028006359
144,0.5,0.5,0.2855993321,2220,0.895690799,0.01029923001
144,0.5,0.5,0.2855993321,2222.5,0.8956053823,0.01031543747
144,0.5,0.5,0.2855993321,2225,0.8955188168,0.01033685764
144,0.5,0.5,0.2855993321,2227.5,0.8954244081,0.01035522002
144,0.5,0.5,0.2855993321,2230,0.8953323042,0.01036497564
144,0.5,0.5,0.2855993321,2232.5,0.89523522,0.01037885033
144,0.5,0.5,0.2855993321,2235,0.8951407518,0.01038774304
144,0.5,0.5,0.2855993321,2237.5,0.8950519323,0.01039811192
144,0.5,0.5,0.2855993321,2240,0.894964322,0.01040457838
144,0.5,0.5,0.2855993321,2242.5,0.894871765,0.01041729544
144,0.5,0.5,0.2855993321,2245,0.8947747588,0.01043233201
144,0.5,0.5,0.2855993321,2247.5,0.894674037,0.010449863
144,0.5,0.5,0.2855993321,2250,0.8945713753,0.01046779151
144,0.5,0.5,0.2855993321,2252.5,0.8944741221,0.01048591801
144,0.5,0.5,0.2855993321,2255,0.8943762604,0.01050079191
144,0.5,0.5,0.2855993321,2257.5,0.8942757459,0.01051671609
144,0.5,0.5,0.2855993321,2260,0.8941789265,0.01053559366
144,0.5,0.5,0.2855993321,2262.5,0.8940735349,0.01055693702
144,0.5,0.5,0.2855993321,2265,0.8939766173,0.01058340375
144,0.5,0.5,0.2855993321,2267.5,0.8938859824,0.01061411955
144,0.5,0.5,0.2855993321,2270,0.8937930827,0.01064089523
144,0.5,0.5,0.2855993321,2272.5,0.8936924723,0.01066113032
144,0.5,0.5,0.2855993321,2275,0.8935843638,0.01068042856
144,0.5,0.5,0.2855993321,2277.5,0.8934839221,0.01069806021
144,0.5,0.5,0.2855993321,2280,0.8933670551,0.01071794725
144,0.5,0.5,0.2855993321,2282.5,0.8932579662,0.01074246049
144,0.5,0.5,0.2855993321,2285,0.8931539144,0.0107633886
144,0.5,0.5,0.2855993321,2287.5,0.8930482062,0.01078659018
144,0.5,0.5,0.2855993321,2290,0.8929330409,0.01080849513
144,0.5,0.5,0.2855993321,2292.5,0.8928233206,0.01082656855
144,0.5,0.5,0.2855993321,2295,0.892712095,0.01084521089
144,0.5,0.5,0.2855993321,2297.5,0.8925972473,0.01085749259
144,0.5,0.5,0.2855993321,2300,0.8924861415,0.01088084832
144,0.5,0.5,0.2855993321,2302.5,0.8923878872,0.01090125645
144,0.5,0.5,0.2855993321,2305,0.8922850447,0.010922966
144,0.5,0.5,0.2855993321,2307.5,0.8921861613,0.01094526527
144,0.5,0.5,0.2855993321,2310,0.8920854924,0.01097070202
144,0.5,0.5,0.2855993321,2312.5,0.8919772517,0.01099572582
144,0.5,0.5,0.2855993321,2315,0.8918619616,0.01101976113
144,0.5,0.5,0.2855993321,2317.5,0.8917539584,0.01103883827
144,0.5,0.5,0.2855993321,2320,0.8916446952,0.01106095372
144,0.5,0.5,0.2855993321,2322.5,0.8915305941,0.01108227361
144,0.5,0.5,0.2855993321,2325,0.8914267643,0.01110919428
144,0.5,0.5,0.2855993321,2327.5,0.8913228546,0.0111321527
144,0.5,0.5,0.2855993321,2330,0.8912248792,0.01115958394
144,0.5,0.5,0.2855993321,2332.5,0.8911245292,0.01118643265
144,0.5,0.5,0.2855993321,2335,0.8910176828,0.01121036363
144,0.5,0.5,0.2855993321,2337.5,0.8909058161,0.01123441918
144,0.5,0.5,0.2855993321,2340,0.8907981242,0.01125496808
144,0.5,0.5,0.2855993321,2342.5,0.8906825897,0.01127532298
144,0.5,0.5,0.2855993321,2345,0.8905691792,0.01129171948
144,0.5,0.5,0.2855993321,2347.5,0.8904513203,0.01131041222
144,0.5,0.5,0.2855993321,2350,0.8903425679,0.01133085703
144,0.5,0.5,0.2855993321,2352.5,0.8902360162,0.01135222377
144,0.5,0.5,0.2855993321,2355,0.890133965,0.01137259952
144,0.5,0.5,0.2855993321,2357.5,0.8900344892,0.01138599896
144,0.5,0.5,0.2855993321,2360,0.8899346394,0.01140671894
144,0.5,0.5,0.2855993321,2362.5,0.8898310985,0.01143077754
144,0.5,0.5,0.2855993321,2365,0.8897257586,0.01145444309
144,0.5,0.5,0.2855993321,2367.5,0.8896187596,0.01147912992
144,0.5,0.5,0.2855993321,2370,0.8895234595,0.01150047481
144,0.5,0.5,0.2855993321,2372.5,0.8894254531,0.01152390468
144,0.5,0.5,0.2855993321,2375,0.8893149226,0.01154576853
144,0.5,0.5,0.2855993321,2377.5,0.8892094235,0.01157446326
144,0.5,0.5,0.2855993321,2380,0.889104333,0.01160014522
144,0.5,0.5,0.2855993321,2382.5,0.8890026014,0.01162835993
144,0.5,0.5,0.2855993321,2385,0.8889023256,0.01164946599
144,0.5,0.5,0.2855993321,2387.5,0.8888069838,0.01167601232
144,0.5,0.5,0.2855993321,2390,0.8887105989,0.01170493444
144,0.5,0.5,0.2855993321,2392.5,0.8886076724,0.01173300259
144,0.5,0.5,0.2855993321,2395,0.8885062226,0.01175397564
144,0.5,0.5,0.2855993321,2397.5,0.888398696,0.01177090508
144,0.5,0.5,0.2855993321,2400,0.8882997585,0.01179477812
144,0.5,0.5,0.2855993321,2402.5,0.8882002473,0.01181640826
144,0.5,0.5,0.2855993321,2405,0.8880960044,0.01184345592
144,0.5,0.5,0.2855993321,2407.5,0.8879850098,0.0118682938
144,0.5,0.5,0.2855993321,2410,0.8878809313,0.01189215577
144,0.5,0.5,0.2855993321,2412.5,0.8877720468,0.01191557911
144,0.5,0.5,0.2855993321,2415,0.8876611874,0.01193659943
144,0.5,0.5,0.2855993321,2417.5,0.8875538417,0.01196004693
144,0.5,0.5,0.2855993321,2420,0.8874484431,0.01198176853
144,0.5,0.5,0.2855993321,2422.5,0.8873472412,0.01200317314
144,0.5,0.5,0.2855993321,2425,0.8872340763,0.01202282961
144,0.5,0.5,0.2855993321,2427.5,0.8871232591,0.01204700138
144,0.5,0.5,0.2855993321,2430,0.8870196171,0.01206759604
144,0.5,0.5,0.2855993321,2432.5,0.8869189002,0.0120889184
144,0.5,0.5,0.2855993321,2435,0.8868145765,0.01210744805
144,0.5,0.5,0.2855993321,2437.5,0.886712665,0.01212619512
144,0.5,0.5,0.2855993321,2440,0.886610484,0.01214569935
144,0.5,0.5,0.2855993321,2442.5,0.8865160359,0.01216195581
144,0.5,0.5,0.2855993321,2445,0.8864297909,0.01218355216
144,0.5,0.5,0.2855993321,2447.5,0.8863392336,0.01220399168
144,0.5,0.5,0.2855993321,2450,0.8862383973,0.01222488714
144,0.5,0.5,0.2855993321,2452.5,0.8861423523,0.01224230843
144,0.5,0.5,0.2855993321,2455,0.8860553844,0.01226009773
144,0.5,0.5,0.2855993321,2457.5,0.8859621218,0.01228116466
144,0.5,0.5,0.2855993321,2460,0.8858644937,0.01230351143
144,0.5,0.5,0.2855993321,2462.5,0.8857562526,0.01232247427
144,0.5,0.5,0.2855993321,2465,0.8856451889,0.0123378891
144,0.5,0.5,0.2855993321,2467.5,0.8855339625,0.01235570066
144,0.5,0.5,0.2855993321,2470,0.88542656,0.01236799384
144,0.5,0.5,0.2855993321,2472.5,0.8853148286,0.0123762698
144,0.5,0.5,0.2855993321,2475,0.8852086242,0.01238452197
144,0.5,0.5,0.2855993321,2477.5,0.8851015459,0.01239114744
144,0.5,0.5,0.2855993321,2480,0.884992826,0.01239376931
144,0.5,0.5,0.2855993321,2482.5,0.884886754,0.01239316771
144,0.5,0.5,0.2855993321,2485,0.8847783048,0.01239239246
144,0.5,0.5,0.2855993321,2487.5,0.8846691847,0.01239243526
144,0.5,0.5,0.2855993321,2490,0.8845627314,0.01239042464
144,0.5,0.5,0.2855993321,2492.5,0.884458492,0.01239099206
144,0.5,0.5,0.2855993321,2495,0.8843518327,0.01239796734
144,0.5,0.5,0.2855993321,2497.5,0.8842372476,0.01240818395
144,0.5,0.5,0.2855993321,2500,0.8841304049,0.0124189542
144,0.5,0.5,0.2855993321,2502.5,0.8840237379,0.01242863122
144,0.5,0.5,0.2855993321,2505,0.8839289217,0.01244779483
144,0.5,0.5,0.2855993321,2507.5,0.8838475723,0.0124587523
144,0.5,0.5,0.2855993321,2510,0.8837502868,0.01246955521
144,0.5,0.5,0.2855993321,2512.5,0.8836471765,0.0124782773
144,0.5,0.5,0.2855993321,2515,0.8835491799,0.01248645879
144,0.5,0.5,0.2855993321,2517.5,0.8834364733,0.01249119205
144,0.5,0.5,0.2855993321,2520,0.8833232973,0.01248966648
144,0.5,0.5,0.2855993321,2522.5,0.8832193147,0.01248937727
144,0.5,0.5,0.2855993321,2525,0.8831087324,0.01248801631
144,0.5,0.5,0.2855993321,2527.5,0.8829996775,0.01249395638
144,0.5,0.5,0.2855993321,2530,0.8828817199,0.01250433991
144,0.5,0.5,0.2855993321,2532.5,0.8827611799,0.01251496558
144,0.5,0.5,0.2855993321,2535,0.8826479765,0.01251915135
144,0.5,0.5,0.2855993321,2537.5,0.8825236808,0.01252695787
144,0.5,0.5,0.2855993321,2540,0.8823987643,0.01253157548
144,0.5,0.5,0.2855993321,2542.5,0.8822759571,0.0125391902
144,0.5,0.5,0.2855993321,2545,0.88214718,0.01254449608
144,0.5,0.5,0.2855993321,2547.5,0.8820171726,0.01255494856
144,0.5,0.5,0.2855993321,2550,0.8818941488,0.01256335886
144,0.5,0.5,0.2855993321,2552.5,0.8817708103,0.01256818017
144,0.5,0.5,0.2855993321,2555,0.8816594911,0.01257608946
144,0.5,0.5,0.2855993321,2557.5,0.8815404188,0.01257946172
144,0.5,0.5,0.2855993321,2560,0.8814299765,0.01258591272
144,0.5,0.5,0.2855993321,2562.5,0.8813261686,0.01259051662
144,0.5,0.5,0.2855993321,2565,0.8812146304,0.01259557712
144,0.5,0.5,0.2855993321,2567.5,0.8811019566,0.01260154218
144,0.5,0.5,0.2855993321,2570,0.88098965,0.01260195505
144,0.5,0.5,0.2855993321,2572.5,0.8808798908,0.01259894664
144,0.5,0.5,0.2855993321,2575,0.880768387,0.01259686161
144,0.5,0.5,0.2855993321,2577.5,0.8806568587,0.01259389887
144,0.5,0.5,0.2855993321,2580,0.8805541111,0.01259027921
144,0.5,0.5,0.2855993321,2582.5,0.8804491373,0.01258741904
144,0.5,0.5,0.2855993321,2585,0.8803391302,0.01257791235
144,0.5,0.5,0.2855993321,2587.5,0.8802193868,0.01256593479
144,0.5,0.5,0.2855993321,2590,0.8800992829,0.01255117614
144,0.5,0.5,0.2855993321,2592.5,0.879974635,0.01253715499
144,0.5,0.5,0.2855993321,2595,0.8798450542,0.01251893984
144,0.5,0.5,0.2855993321,2597.5,0.8797140261,0.01250849586
144,0.5,0.5,0.2855993321,2600,0.8795867868,0.01249771684
144,0.5,0.5,0.2855993321,2602.5,0.8794676995,0.01249147426
144,0.5,0.5,0.2855993321,2605,0.8793625043,0.01248822657
144,0.5,0.5,0.2855993321,2607.5,0.8792544661,0.01249717459
144,0.5,0.5,0.2855993321,2610,0.8791336959,0.01250511876
144,0.5,0.5,0.2855993321,2612.5,0.8790312239,0.01251953132
144,0.5,0.5,0.2855993321,2615,0.8789209565,0.01253660458
144,0.5,0.5,0.2855993321,2617.5,0.8788160396,0.01255123992
144,0.5,0.5,0.2855993321,2620,0.8787202164,0.01257491468
144,0.5,0.5,0.2855993321,2622.5,0.8786159254,0.01260093398
144,0.5,0.5,0.2855993321,2625,0.8785075787,0.01262617749
144,0.5,0.5,0.2855993321,2627.5,0.8783913245,0.01264772546
144,0.5,0.5,0.2855993321,2630,0.8782860836,0.01267063946
144,0.5,0.5,0.2855993321,2632.5,0.8781846527,0.01269096173
144,0.5,0.5,0.2855993321,2635,0.8780740153,0.01271279455
144,0.5,0.5,0.2855993321,2637.5,0.8779675751,0.01273067626
144,0.5,0.5,0.2855993321,2640,0.8778566066,0.01274945715
144,0.5,0.5,0.2855993321,2642.5,0.8777352022,0.01276999563
144,0.5,0.5,0.2855993321,2645,0.8776156799,0.01278977666
144,0.5,0.5,0.2855993321,2647.5,0.87749883,0.01280874389
144,0.5,0.5,0.2855993321,2650,0.8773719253,0.01282895717
144,0.5,0.5,0.2855993321,2652.5,0.8772435608,0.01284985023
144,0.5,0.5,0.2855993321,2655,0.8771085105,0.01286796307
144,0.5,0.5,0.2855993321,2657.5,0.8769748146,0.01288899233
144,0.5,0.5,0.2855993321,2660,0.8768426216,0.01290440821
144,0.5,0.5,0.2855993321,2662.5,0.8767117018,0.01292842967
144,0.5,0.5,0.2855993321,2665,0.8765731111,0.01295524751
144,0.5,0.5,0.2855993321,2667.5,0.8764466048,0.01297984675
144,0.5,0.5,0.2855993321,2670,0.8763222988,0.01300345993
144,0.5,0.5,0.2855993321,2672.5,0.876196551,0.01302826244
144,0.5,0.5,0.2855993321,2675,0.8760672799,0.01305150994
144,0.5,0.5,0.2855993321,2677.5,0.8759413629,0.01306855941
144,0.5,0.5,0.2855993321,2680,0.8758229223,0.01309017544
144,0.5,0.5,0.2855993321,2682.5,0.8757058655,0.01311025498
144,0.5,0.5,0.2855993321,2685,0.875589917,0.01313614183
144,0.5,0.5,0.2855993321,2687.5,0.8754783899,0.01315975504
144,0.5,0.5,0.2855993321,2690,0.8753660265,0.01318818235
144,0.5,0.5,0.2855993321,2692.5,0.875250675,0.01321397194
144,0.5,0.5,0.2855993321,2695,0.8751310232,0.01323448167
144,0.5,0.5,0.2855993321,2697.5,0.8750134832,0.01325841776
144,0.5,0.5,0.2855993321,2700,0.8749045339,0.01328855292
144,0.5,0.5,0.2855993321,2702.5,0.8747849633,0.01331831172
144,0.5,0.5,0.2855993321,2705,0.8746719206,0.01334843535
144,0.5,0.5,0.2855993321,2707.5,0.8745524179,0.01338577376
144,0.5,0.5,0.2855993321,2710,0.8744316491,0.01342365147
144,0.5,0.5,0.2855993321,2712.5,0.8743051957,0.01346393123
144,0.5,0.5,0.2855993321,2715,0.8741736419,0.01350459765
144,0.5,0.5,0.2855993321,2717.5,0.8740459555,0.0135438174
144,0.5,0.5,0.2855993321,2720,0.87392174,0.0135816517
144,0.5,0.5,0.2855993321,2722.5,0.8737818639,0.01362359301
144,0.5,0.5,0.2855993321,2725,0.873640134,0.01366840214
144,0.5,0.5,0.2855993321,2727.5,0.8735028912,0.01371032837
144,0.5,0.5,0.2855993321,2730,0.8733621355,0.01375419541
144,0.5,0.5,0.2855993321,2732.5,0.8732256918,0.01379333595
144,0.5,0.5,0.2855993321,2735,0.8730808736,0.01382875762
144,0.5,0.5,0.2855993321,2737.5,0.8729456487,0.01386673558
144,0.5,0.5,0.2855993321,2740,0.8728095197,0.01390013724
144,0.5,0.5,0.2855993321,2742.5,0.8726705715,0.01393234525
144,0.5,0.5,0.2855993321,2745,0.872522182,0.0139633652
144,0.5,0.5,0.2855993321,2747.5,0.872370597,0.01399177853
144,0.5,0.5,0.2855993321,2750,0.872222071,0.01402006625
144,0.5,0.5,0.2855993321,2752.5,0.8720714607,0.01404895363
144,0.5,0.5,0.2855993321,2755,0.8719348909,0.01408040194
144,0.5,0.5,0.2855993321,2757.5,0.8717965095,0.01411093386
144,0.5,0.5,0.2855993321,2760,0.87165432,0.01413405595
144,0.5,0.5,0.2855993321,2762.5,0.871504725,0.01415981617
144,0.5,0.5,0.2855993321,2765,0.8713556698,0.01418406579
144,0.5,0.5,0.2855993321,2767.5,0.8712073103,0.01420587671
144,0.5,0.5,0.2855993321,2770,0.8710511107,0.01422536695
144,0.5,0.5,0.2855993321,2772.5,0.8708993517,0.01425020057
144,0.5,0.5,0.2855993321,2775,0.8707481442,0.01426884772
144,0.5,0.5,0.2855993321,2777.5,0.870590405,0.01429369247
144,0.5,0.5,0.2855993321,2780,0.8704339544,0.01431739875
144,0.5,0.5,0.2855993321,2782.5,0.8702804953,0.01433837014
144,0.5,0.5,0.2855993321,2785,0.8701297058,0.01436780598
144,0.5,0.5,0.2855993321,2787.5,0.8699818204,0.01439467202
144,0.5,0.5,0.2855993321,2790,0.8698308365,0.01442157067
144,0.5,0.5,0.2855993321,2792.5,0.869679347,0.01444682619
144,0.5,0.5,0.2855993321,2795,0.8695308383,0.01447412969
144,0.5,0.5,0.2855993321,2797.5,0.8693785327,0.01449964332
144,0.5,0.5,0.2855993321,2800,0.8692255795,0.01452648193
144,0.5,0.5,0.2855993321,2802.5,0.869071197,0.01454861158
144,0.5,0.5,0.2855993321,2805,0.8689217462,0.01456698449
144,0.5,0.5,0.2855993321,2807.5,0.8687717395,0.01458841804
144,0.5,0.5,0.2855993321,2810,0.8686205862,0.0146078252
144,0.5,0.5,0.2855993321,2812.5,0.8684637054,0.01463501524
144,0.5,0.5,0.2855993321,2815,0.8683006699,0.01466090227
144,0.5,0.5,0.2855993321,2817.5,0.8681364697,0.01469199094
144,0.5,0.5,0.2855993321,2820,0.8679766359,0.01471986107
144,0.5,0.5,0.2855993321,2822.5,0.86780795,0.0147461128
144,0.5,0.5,0.2855993321,2825,0.8676367376,0.01477368896
144,0.5,0.5,0.2855993321,2827.5,0.867461205,0.01480262171
144,0.5,0.5,0.2855993321,2830,0.8673019634,0.01483341133
144,0.5,0.5,0.2855993321,2832.5,0.8671426311,0.01486594399
144,0.5,0.5,0.2855993321,2835,0.8669786929,0.01489727945
144,0.5,0.5,0.2855993321,2837.5,0.8668158082,0.01492864486
144,0.5,0.5,0.2855993321,2840,0.8666539356,0.01496538447
144,0.5,0.5,0.2855993321,2842.5,0.8664910913,0.01500640499
144,0.5,0.5,0.2855993321,2845,0.8663246255,0.01504441745
144,0.5,0.5,0.2855993321,2847.5,0.8661521348,0.01508154445
144,0.5,0.5,0.2855993321,2850,0.865986108,0.01511541135
144,0.5,0.5,0.2855993321,2852.5,0.8658107453,0.01515651413
144,0.5,0.5,0.2855993321,2855,0.8656408752,0.01518915191
144,0.5,0.5,0.2855993321,2857.5,0.8654720196,0.01522429
144,0.5,0.5,0.2855993321,2860,0.8652951681,0.01526163643
144,0.5,0.5,0.2855993321,2862.5,0.8651276548,0.01529229985
144,0.5,0.5,0.2855993321,2865,0.8649580355,0.0153200241
144,0.5,0.5,0.2855993321,2867.5,0.8647914926,0.01535024081
144,0.5,0.5,0.2855993321,2870,0.8646215285,0.01537563616
144,0.5,0.5,0.2855993321,2872.5,0.8644492773,0.01539592393
144,0.5,0.5,0.2855993321,2875,0.864270568,0.01541596716
144,0.5,0.5,0.2855993321,2877.5,0.864092772,0.01543540642
144,0.5,0.5,0.2855993321,2880,0.8639145899,0.01545735353
144,0.5,0.5,0.2855993321,2882.5,0.8637303282,0.01547611962
144,0.5,0.5,0.2855993321,2885,0.8635454007,0.01550021819
144,0.5,0.5,0.2855993321,2887.5,0.8633743963,0.01552462159
144,0.5,0.5,0.2855993321,2890,0.863211443,0.01555195956
144,0.5,0.5,0.2855993321,2892.5,0.8630576765,0.01557635577
144,0.5,0.5,0.2855993321,2895,0.8629020248,0.01560035535
144,0.5,0.5,0.2855993321,2897.5,0.8627385869,0.01562215492
144,0.5,0.5,0.2855993321,2900,0.8625787061,0.01564339274
144,0.5,0.5,0.2855993321,2902.5,0.8624236713,0.01566570419
144,0.5,0.5,0.2855993321,2905,0.8622731746,0.01568763389
144,0.5,0.5,0.2855993321,2907.5,0.862131374,0.01571443973
144,0.5,0.5,0.2855993321,2910,0.8619895109,0.01573720294
144,0.5,0.5,0.2855993321,2912.5,0.8618462445,0.01576261943
144,0.5,0.5,0.2855993321,2915,0.8616986049,0.01578851992
144,0.5,0.5,0.2855993321,2917.5,0.8615485208,0.01581425569
144,0.5,0.5,0.2855993321,2920,0.8614044581,0.01583995247
144,0.5,0.5,0.2855993321,2922.5,0.8612598564,0.01586486451
144,0.5,0.5,0.2855993321,2925,0.8611119644,0.0158897356
144,0.5,0.5,0.2855993321,2927.5,0.8609647832,0.01591268781
144,0.5,0.5,0.2855993321,2930,0.8608190133,0.01594003595
144,0.5,0.5,0.2855993321,2932.5,0.8606733711,0.01597008198
144,0.5,0.5,0.2855993321,2935,0.8605310571,0.01600135376
144,0.5,0.5,0.2855993321,2937.5,0.8603882324,0.01603493231
144,0.5,0.5,0.2855993321,2940,0.860229655,0.01606674507
144,0.5,0.5,0.2855993321,2942.5,0.8600778849,0.01609571529
144,0.5,0.5,0.2855993321,2945,0.8599301057,0.01612602494
144,0.5,0.5,0.2855993321,2947.5,0.8597737697,0.01615387322
144,0.5,0.5,0.2855993321,2950,0.8596335779,0.01618772968
144,0.5,0.5,0.2855993321,2952.5,0.8594905863,0.01622259095
144,0.5,0.5,0.2855993321,2955,0.8593472358,0.01625604096
144,0.5,0.5,0.2855993321,2957.5,0.8592003853,0.01628101808
144,0.5,0.5,0.2855993321,2960,0.859039008,0.0163046036
144,0.5,0.5,0.2855993321,2962.5,0.858873185,0.01632435932
144,0.5,0.5,0.2855993321,2965,0.8587135087,0.01634517316
144,0.5,0.5,0.2855993321,2967.5,0.8585536446,0.01636635715
144,0.5,0.5,0.2855993321,2970,0.8583946198,0.01638492862
144,0.5,0.5,0.2855993321,2972.5,0.8582516616,0.01640706232
144,0.5,0.5,0.2855993321,2975,0.8581177579,0.0164312108
144,0.5,0.5,0.2855993321,2977.5,0.8579830407,0.0164643545
144,0.5,0.5,0.2855993321,2980,0.8578453724,0.01649849328
144,0.5,0.5,0.2855993321,2982.5,0.857705194,0.01652545462
144,0.5,0.5,0.2855993321,2985,0.8575757129,0.01655023945
144,0.5,0.5,0.2855993321,2987.5,0.8574410464,0.0165726772
144,0.5,0.5,0.2855993321,2990,0.8572970946,0.01659626816
144,0.5,0.5,0.2855993321,2992.5,0.8571516693,0.01661883838
144,0.5,0.5,0.2855993321,2995,0.8570145552,0.0166395269
144,0.5,0.5,0.2855993321,2997.5,0.8568848142,0.01665331671
144,0.5,0.5,0.2855993321,3000,0.8567574114,0.01666686762
144,0.5,0.5,0.2855993321,3002.5,0.856628217,0.01667736781
144,0.5,0.5,0.2855993321,3005,0.8564939924,0.01668927346
144,0.5,0.5,0.2855993321,3007.5,0.8563594612,0.01669858316
144,0.5,0.5,0.2855993321,3010,0.8562161803,0.01671074239
144,0.5,0.5,0.2855993321,3012.5,0.8560702489,0.01672157831
144,0.5,0.5,0.2855993321,3015,0.8559226695,0.01672412073
144,0.5,0.5,0.2855993321,3017.5,0.8557931215,0.01673195775
144,0.5,0.5,0.2855993321,3020,0.8556463196,0.01674043247
144,0.5,0.5,0.2855993321,3022.5,0.8554918844,0.01674523861
144,0.5,0.5,0.2855993321,3025,0.8553403738,0.01674467446
144,0.5,0.5,0.2855993321,3027.5,0.8551914684,0.01674663361
144,0.5,0.5,0.2855993321,3030,0.8550333658,0.01675256563
144,0.5,0.5,0.2855993321,3032.5,0.8548779107,0.0167633963
144,0.5,0.5,0.2855993321,3035,0.8547246791,0.01677498144
144,0.5,0.5,0.2855993321,3037.5,0.8545556654,0.01677997973
144,0.5,0.5,0.2855993321,3040,0.8543877857,0.01678717343
144,0.5,0.5,0.2855993321,3042.5,0.8542231958,0.0167922043
144,0.5,0.5,0.2855993321,3045,0.8540566858,0.01679006051
144,0.5,0.5,0.2855993321,3047.5,0.8538891146,0.0167886124
144,0.5,0.5,0.2855993321,3050,0.8537163912,0.01678633886
144,0.5,0.5,0.2855993321,3052.5,0.8535410085,0.01678908197
144,0.5,0.5,0.2855993321,3055,0.8533705333,0.01678770844
144,0.5,0.5,0.2855993321,3057.5,0.8531933061,0.0167856882
144,0.5,0.5,0.2855993321,3060,0.8530152721,0.01678385916
144,0.5,0.5,0.2855993321,3062.5,0.8528373892,0.01677970153
144,0.5,0.5,0.2855993321,3065,0.8526510653,0.01677756303
144,0.5,0.5,0.2855993321,3067.5,0.8524638316,0.01677000503
144,0.5,0.5,0.2855993321,3070,0.8522743256,0.01676765085
144,0.5,0.5,0.2855993321,3072.5,0.852088496,0.0167671151
144,0.5,0.5,0.2855993321,3075,0.8519068824,0.01677003977
144,0.5,0.5,0.2855993321,3077.5,0.8517277384,0.01677484419
144,0.5,0.5,0.2855993321,3080,0.8515537895,0.01677082112
144,0.5,0.5,0.2855993321,3082.5,0.8513780526,0.01676466834
144,0.5,0.5,0.2855993321,3085,0.8512022354,0.01675904713
144,0.5,0.5,0.2855993321,3087.5,0.8510226241,0.0167590743
144,0.5,0.5,0.2855993321,3090,0.8508459211,0.01676327769
144,0.5,0.5,0.2855993321,3092.5,0.8506729815,0.01677437712
144,0.5,0.5,0.2855993321,3095,0.8504966597,0.01678683588
144,0.5,0.5,0.2855993321,3097.5,0.8503304207,0.01680071811
144,0.5,0.5,0.2855993321,3100,0.850168973,0.0168115043
144,0.5,0.5,0.2855993321,3102.5,0.8500045725,0.01681193239
144,0.5,0.5,0.2855993321,3105,0.849849002,0.01681360737
144,0.5,0.5,0.2855993321,3107.5,0.8496912534,0.01681680012
144,0.5,0.5,0.2855993321,3110,0.8495360905,0.01682373876
144,0.5,0.5,0.2855993321,3112.5,0.8493764108,0.01683469116
144,0.5,0.5,0.2855993321,3115,0.8492090273,0.0168510585
144,0.5,0.5,0.2855993321,3117.5,0.8490480577,0.01686579857
144,0.5,0.5,0.2855993321,3120,0.848884923,0.01687361855
144,0.5,0.5,0.2855993321,3122.5,0.8487176499,0.01688429096
144,0.3,0.7,0.2855993321,0,1,0
144,0.3,0.7,0.2855993321,2.5,0.9997074558,1.391544519e-05
144,0.3,0.7,0.2855993321,5,0.9994294086,2.582682563e-05
144,0.3,0.7,0.2855993321,7.5,0.9991861328,3.784812346e-05
144,0.3,0.7,0.2855993321,10,0.9989695356,5.090671214e-05
144,0.3,0.7,0.2855993321,12.5,0.9987733167,6.272606835e-05
144,0.3,0.7,0.2855993321,15,0.998582734,7.44821518e-05
144,0.3,0.7,0.2855993321,17.5,0.9984023518,8.394069959e-05
144,0.3,0.7,0.2855993321,20,0.9982301722,9.145535777e-05
144,0.3,0.7,0.2855993321,22.5,0.9980619554,9.736279196e-05
144,0.3,0.7,0.2855993321,25,0.9979039214,0.0001020429201
144,0.3,0.7,0.2855993321,27.5,0.9977474127,0.0001071326644
144,0.3,0.7,0.2855993321,30,0.9975921325,0.0001144453559
144,0.3,0.7,0.2855993321,32.5,0.9974320654,0.0001239696923
144,0.3,0.7,0.2855993321,35,0.9972740311,0.0001333775035
144,0.3,0.7,0.2855993321,37.5,0.9971163115,0.0001431863876
144,0.3,0.7,0.2855993321,40,0.9969603386,0.0001540186263
144,0.3,0.7,0.2855993321,42.5,0.9968016323,0.0001637424223
144,0.3,0.7,0.2855993321,45,0.9966448444,0.0001722737828
144,0.3,0.7,0.2855993321,47.5,0.9964895259,0.000182078627
144,0.3,0.7,0.2855993321,50,0.9963364207,0.0001928593462
144,0.3,0.7,0.2855993321,52.5,0.9961811165,0.0002050482202
144,0.3,0.7,0.2855993321,55,0.9960275926,0.000218234838
144,0.3,0.7,0.2855993321,57.5,0.9958791829,0.0002321256867
144,0.3,0.7,0.2855993321,60,0.9957287928,0.0002467237242
144,0.3,0.7,0.2855993321,62.5,0.9955748877,0.0002589157488
144,0.3,0.7,0.2855993321,65,0.995422918,0.0002719254114
144,0.3,0.7,0.2855993321,67.5,0.9952728819,0.0002880708983
144,0.3,0.7,0.2855993321,70,0.9951281581,0.0003069221682
144,0.3,0.7,0.2855993321,72.5,0.9949860603,0.0003247890234
144,0.3,0.7,0.2855993321,75,0.994841267,0.0003411161767
144,0.3,0.7,0.2855993321,77.5,0.9946936403,0.0003583309998
144,0.3,0.7,0.2855993321,80,0.9945458354,0.0003747484514
144,0.3,0.7,0.2855993321,82.5,0.9944015434,0.000392727975
144,0.3,0.7,0.2855993321,85,0.9942615881,0.0004110906741
144,0.3,0.7,0.2855993321,87.5,0.9941203232,0.0004319729452
144,0.3,0.7,0.2855993321,90,0.9939817747,0.0004510236351
144,0.3,0.7,0.2855993321,92.5,0.9938385741,0.0004693621222
144,0.3,0.7,0.2855993321,95,0.9936923958,0.0004860074863
144,0.3,0.7,0.2855993321,97.5,0.9935540995,0.0005001957343
144,0.3,0.7,0.2855993321,100,0.9934177423,0.000514703604
144,0.3,0.7,0.2855993321,102.5,0.9932801546,0.0005296176452
144,0.3,0.7,0.2855993321,105,0.9931408366,0.0005444515914
144,0.3,0.7,0.2855993321,107.5,0.9929994618,0.0005593059716
144,0.3,0.7,0.2855993321,110,0.9928560516,0.0005705518607
144,0.3,0.7,0.2855993321,112.5,0.9927116523,0.0005849805999
144,0.3,0.7,0.2855993321,115,0.9925675213,0.0006006173273
144,0.3,0.7,0.2855993321,117.5,0.9924265344,0.0006142438613
144,0.3,0.7,0.2855993321,120,0.9922901605,0.0006278200248
144,0.3,0.7,0.2855993321,122.5,0.9921487537,0.0006438370918
144,0.3,0.7,0.2855993321,125,0.9920075745,0.000659911357
144,0.3,0.7,0.2855993321,127.5,0.9918657714,0.0006756470628
144,0.3,0.7,0.2855993321,130,0.9917235145,0.0006925783484
144,0.3,0.7,0.2855993321,132.5,0.9915824052,0.0007090836563
144,0.3,0.7,0.2855993321,135,0.9914326827,0.0007258123294
144,0.3,0.7,0.2855993321,137.5,0.9912775926,0.0007385315987
144,0.3,0.7,0.2855993321,140,0.9911237816,0.0007523266524
144,0.3,0.7,0.2855993321,142.5,0.9909721452,0.0007663457919
144,0.3,0.7,0.2855993321,145,0.9908257218,0.0007788255499
144,0.3,0.7,0.2855993321,147.5,0.9906797488,0.0007888013585
144,0.3,0.7,0.2855993321,150,0.9905377916,0.00080241575
144,0.3,0.7,0.2855993321,152.5,0.9903989106,0.0008150656746
144,0.3,0.7,0.2855993321,155,0.9902660365,0.0008317313542
144,0.3,0.7,0.2855993321,157.5,0.9901304606,0.0008444481321
144,0.3,0.7,0.2855993321,160,0.9899936788,0.0008560416523
144,0.3,0.7,0.2855993321,162.5,0.9898586097,0.000867561981
144,0.3,0.7,0.2855993321,165,0.9897254501,0.0008804665663
144,0.3,0.7,0.2855993321,167.5,0.989583541,0.0008889909377
144,0.3,0.7,0.2855993321,170,0.9894494006,0.0008990708661
144,0.3,0.7,0.2855993321,172.5,0.9893154837,0.0009085114273
144,0.3,0.7,0.2855993321,175,0.9891800293,0.0009177265449
144,0.3,0.7,0.2855993321,177.5,0.9890495145,0.0009242330711
144,0.3,0.7,0.2855993321,180,0.9889179856,0.0009335914562
144,0.3,0.7,0.2855993321,182.5,0.9887786513,0.0009418183343
144,0.3,0.7,0.2855993321,185,0.9886377738,0.0009516099687
144,0.3,0.7,0.2855993321,187.5,0.9885031475,0.0009621606451
144,0.3,0.7,0.2855993321,190,0.9883727152,0.0009715900597
144,0.3,0.7,0.2855993321,192.5,0.9882473864,0.0009801732908
144,0.3,0.7,0.2855993321,195,0.9881159353,0.0009908682798
144,0.3,0.7,0.2855993321,197.5,0.9879838005,0.001000162245
144,0.3,0.7,0.2855993321,200,0.9878541742,0.001006613586
144,0.3,0.7,0.2855993321,202.5,0.9877278113,0.001017029441
144,0.3,0.7,0.2855993321,205,0.9876043784,0.001027571833
144,0.3,0.7,0.2855993321,207.5,0.9874755319,0.001039010982
144,0.3,0.7,0.2855993321,210,0.987347086,0.001052501023
144,0.3,0.7,0.2855993321,212.5,0.9872187297,0.001065345747
144,0.3,0.7,0.2855993321,215,0.9870922503,0.001077909419
144,0.3,0.7,0.2855993321,217.5,0.9869660592,0.001091838115
144,0.3,0.7,0.2855993321,220,0.9868397846,0.00110511181
144,0.3,0.7,0.2855993321,222.5,0.9867131781,0.001118085378
144,0.3,0.7,0.2855993321,225,0.9865942266,0.001130802146
144,0.3,0.7,0.2855993321,227.5,0.9864792727,0.001141891886
144,0.3,0.7,0.2855993321,230,0.9863616988,0.001152081128
144,0.3,0.7,0.2855993321,232.5,0.9862456369,0.001160726918
144,0.3,0.7,0.2855993321,235,0.9861328094,0.001172444506
144,0.3,0.7,0.2855993321,237.5,0.9860202745,0.001183691999
144,0.3,0.7,0.2855993321,240,0.9859111907,0.00119458196
144,0.3,0.7,0.2855993321,242.5,0.9858042039,0.001208662496
144,0.3,0.7,0.2855993321,245,0.9857036394,0.001221693999
144,0.3,0.7,0.2855993321,247.5,0.9856026502,0.001235169899
144,0.3,0.7,0.2855993321,250,0.9855033109,0.001250073889
144,0.3,0.7,0.2855993321,252.5,0.9854084899,0.001263094919
144,0.3,0.7,0.2855993321,255,0.9853054754,0.001276384488
144,0.3,0.7,0.2855993321,257.5,0.9851985201,0.001288440498
144,0.3,0.7,0.2855993321,260,0.9850937616,0.001301550066
144,0.3,0.7,0.2855993321,262.5,0.9849887238,0.001316982879
144,0.3,0.7,0.2855993321,265,0.9848909247,0.001333876599
144,0.3,0.7,0.2855993321,267.5,0.984790931,0.001349294943
144,0.3,0.7,0.2855993321,270,0.9846834544,0.001363372155
144,0.3,0.7,0.2855993321,272.5,0.984579148,0.001376201964
144,0.3,0.7,0.2855993321,275,0.9844779015,0.001389582432
144,0.3,0.7,0.2855993321,277.5,0.984380395,0.00140514448
144,0.3,0.7,0.2855993321,280,0.9842845164,0.001420151853
144,0.3,0.7,0.2855993321,282.5,0.9841869721,0.001432018356
144,0.3,0.7,0.2855993321,285,0.9840880651,0.001444189401
144,0.3,0.7,0.2855993321,287.5,0.9839929776,0.001457579107
144,0.3,0.7,0.2855993321,290,0.9838974909,0.001471647676
144,0.3,0.7,0.2855993321,292.5,0.9838021809,0.001487965026
144,0.3,0.7,0.2855993321,295,0.9837025512,0.001501311545
144,0.3,0.7,0.2855993321,297.5,0.9836010787,0.00151729778
144,0.3,0.7,0.2855993321,300,0.9835003964,0.001535420699
144,0.3,0.7,0.2855993321,302.5,0.9833988323,0.001549757505
144,0.3,0.7,0.2855993321,305,0.9833001214,0.001561053237
144,0.3,0.7,0.2855993321,307.5,0.9831980463,0.001572623212
144,0.3,0.7,0.2855993321,310,0.983101897,0.001584958069
144,0.3,0.7,0.2855993321,312.5,0.9830093903,0.001597031586
144,0.3,0.7,0.2855993321,315,0.9829131853,0.001608127454
144,0.3,0.7,0.2855993321,317.5,0.9828195616,0.001620096031
144,0.3,0.7,0.2855993321,320,0.9827255638,0.00163915704
144,0.3,0.7,0.2855993321,322.5,0.9826300973,0.001656104965
144,0.3,0.7,0.2855993321,325,0.9825344328,0.001671865368
144,0.3,0.7,0.2855993321,327.5,0.9824354564,0.00168595728
144,0.3,0.7,0.2855993321,330,0.9823389112,0.001698093998
144,0.3,0.7,0.2855993321,332.5,0.9822405662,0.001711689861
144,0.3,0.7,0.2855993321,335,0.9821390818,0.001722627598
144,0.3,0.7,0.2855993321,337.5,0.9820419298,0.001733536135
144,0.3,0.7,0.2855993321,340,0.981944737,0.001744536861
144,0.3,0.7,0.2855993321,342.5,0.9818453643,0.001751696239
144,0.3,0.7,0.2855993321,345,0.9817408092,0.001761556312
144,0.3,0.7,0.2855993321,347.5,0.9816394309,0.00177298108
144,0.3,0.7,0.2855993321,350,0.9815432371,0.001783805122
144,0.3,0.7,0.2855993321,352.5,0.9814455419,0.001794018195
144,0.3,0.7,0.2855993321,355,0.9813446688,0.00179996226
144,0.3,0.7,0.2855993321,357.5,0.9812416276,0.001807640994
144,0.3,0.7,0.2855993321,360,0.9811367795,0.001816477039
144,0.3,0.7,0.2855993321,362.5,0.9810262901,0.001822653169
144,0.3,0.7,0.2855993321,365,0.9809197697,0.001830317765
144,0.3,0.7,0.2855993321,367.5,0.9808143212,0.00183840886
144,0.3,0.7,0.2855993321,370,0.9807097307,0.001844930664
144,0.3,0.7,0.2855993321,372.5,0.9806074289,0.001851024581
144,0.3,0.7,0.2855993321,375,0.9805121406,0.001852922439
144,0.3,0.7,0.2855993321,377.5,0.9804179708,0.00185447097
144,0.3,0.7,0.2855993321,380,0.980319047,0.00185875399
144,0.3,0.7,0.2855993321,382.5,0.9802179819,0.00186483276
144,0.3,0.7,0.2855993321,385,0.9801159423,0.001871443147
144,0.3,0.7,0.2855993321,387.5,0.9800101315,0.001881248912
144,0.3,0.7,0.2855993321,390,0.9799095622,0.001888631571
144,0.3,0.7,0.2855993321,392.5,0.979810358,0.001896405894
144,0.3,0.7,0.2855993321,395,0.979711138,0.001901929424
144,0.3,0.7,0.2855993321,397.5,0.9796066696,0.001907919979
144,0.3,0.7,0.2855993321,400,0.9795016073,0.001914973578
144,0.3,0.7,0.2855993321,402.5,0.979399303,0.001922790882
144,0.3,0.7,0.2855993321,405,0.9792960598,0.001930516942
144,0.3,0.7,0.2855993321,407.5,0.9791978073,0.001938946087
144,0.3,0.7,0.2855993321,410,0.9791000403,0.001946303334
144,0.3,0.7,0.2855993321,412.5,0.9790036007,0.001953690198
144,0.3,0.7,0.2855993321,415,0.9789075146,0.001963679511
144,0.3,0.7,0.2855993321,417.5,0.9788121591,0.001973335233
144,0.3,0.7,0.2855993321,420,0.9787212245,0.001981288046
144,0.3,0.7,0.2855993321,422.5,0.9786320964,0.001988926754
144,0.3,0.7,0.2855993321,425,0.9785474212,0.001998752434
144,0.3,0.7,0.2855993321,427.5,0.9784640471,0.002008420189
144,0.3,0.7,0.2855993321,430,0.9783822464,0.002019385746
144,0.3,0.7,0.2855993321,432.5,0.978299927,0.002031563058
144,0.3,0.7,0.2855993321,435,0.9782156946,0.002041802889
144,0.3,0.7,0.2855993321,437.5,0.9781336246,0.002057382417
144,0.3,0.7,0.2855993321,440,0.9780470321,0.002072746249
144,0.3,0.7,0.2855993321,442.5,0.9779649411,0.002088287978
144,0.3,0.7,0.2855993321,445,0.977880007,0.002102454676
144,0.3,0.7,0.2855993321,447.5,0.9777929625,0.002111849248
144,0.3,0.7,0.2855993321,450,0.9777040602,0.002123545771
144,0.3,0.7,0.2855993321,452.5,0.9776200409,0.002136772107
144,0.3,0.7,0.2855993321,455,0.9775291957,0.00215065687
144,0.3,0.7,0.2855993321,457.5,0.9774442766,0.002165878144
144,0.3,0.7,0.2855993321,460,0.9773579379,0.002176788307
144,0.3,0.7,0.2855993321,462.5,0.977273148,0.0021868253
144,0.3,0.7,0.2855993321,465,0.9771859519,0.002199591707
144,0.3,0.7,0.2855993321,467.5,0.9770971156,0.002209133627
144,0.3,0.7,0.2855993321,470,0.9770098665,0.002219063408
144,0.3,0.7,0.2855993321,472.5,0.9769237577,0.002230780489
144,0.3,0.7,0.2855993321,475,0.976833694,0.002243207979
144,0.3,0.7,0.2855993321,477.5,0.9767408602,0.002257620464
144,0.3,0.7,0.2855993321,480,0.9766489733,0.002273134839
144,0.3,0.7,0.2855993321,482.5,0.9765619822,0.002286374835
144,0.3,0.7,0.2855993321,485,0.9764788286,0.002303316429
144,0.3,0.7,0.2855993321,487.5,0.9763951695,0.0023198042
144,0.3,0.7,0.2855993321,490,0.9763087676,0.0023377217
144,0.3,0.7,0.2855993321,492.5,0.976216054,0.002360489413
144,0.3,0.7,0.2855993321,495,0.9761285386,0.002382782639
144,0.3,0.7,0.2855993321,497.5,0.9760424819,0.002404550777
144,0.3,0.7,0.2855993321,500,0.9759547392,0.002426804214
144,0.3,0.7,0.2855993321,502.5,0.9758670605,0.002449257098
144,0.3,0.7,0.2855993321,505,0.9757767301,0.002470595791
144,0.3,0.7,0.2855993321,507.5,0.9756820555,0.002494565123
144,0.3,0.7,0.2855993321,510,0.975584127,0.002521107294
144,0.3,0.7,0.2855993321,512.5,0.9754932274,0.002546981695
144,0.3,0.7,0.2855993321,515,0.9754095091,0.002570201347
144,0.3,0.7,0.2855993321,517.5,0.975323938,0.0025929937
144,0.3,0.7,0.2855993321,520,0.9752323849,0.002615228966
144,0.3,0.7,0.2855993321,522.5,0.975145488,0.002634761572
144,0.3,0.7,0.2855993321,525,0.9750573965,0.002652275932
144,0.3,0.7,0.2855993321,527.5,0.9749593053,0.002670346029
144,0.3,0.7,0.2855993321,530,0.9748613417,0.002688166298
144,0.3,0.7,0.2855993321,532.5,0.9747642513,0.002705489239
144,0.3,0.7,0.2855993321,535,0.974665609,0.002724422935
144,0.3,0.7,0.2855993321,537.5,0.9745733024,0.002744347081
144,0.3,0.7,0.2855993321,540,0.974481529,0.002762006983
144,0.3,0.7,0.2855993321,542.5,0.9743880169,0.002780627845
144,0.3,0.7,0.2855993321,545,0.974292566,0.002806873348
144,0.3,0.7,0.2855993321,547.5,0.9741986944,0.002834107063
144,0.3,0.7,0.2855993321,550,0.9741049032,0.00285791156
144,0.3,0.7,0.2855993321,552.5,0.974011412,0.002880248105
144,0.3,0.7,0.2855993321,555,0.973910052,0.002905662266
144,0.3,0.7,0.2855993321,557.5,0.9738156455,0.002929063194
144,0.3,0.7,0.2855993321,560,0.973725777,0.002948169818
144,0.3,0.7,0.2855993321,562.5,0.9736361467,0.002965284381
144,0.3,0.7,0.2855993321,565,0.9735478852,0.00298365454
144,0.3,0.7,0.2855993321,567.5,0.9734593456,0.003003410346
144,0.3,0.7,0.2855993321,570,0.9733598059,0.003024489049
144,0.3,0.7,0.2855993321,572.5,0.973265143,0.003049545175
144,0.3,0.7,0.2855993321,575,0.9731657719,0.003073634102
144,0.3,0.7,0.2855993321,577.5,0.9730622926,0.003097802287
144,0.3,0.7,0.2855993321,580,0.9729540295,0.003123336659
144,0.3,0.7,0.2855993321,582.5,0.9728404713,0.003152020677
144,0.3,0.7,0.2855993321,585,0.9727294772,0.003179586113
144,0.3,0.7,0.2855993321,587.5,0.9726161706,0.003207407502
144,0.3,0.7,0.2855993321,590,0.9725020192,0.003233932048
144,0.3,0.7,0.2855993321,592.5,0.9723955522,0.003263476644
144,0.3,0.7,0.2855993321,595,0.9722877578,0.003291681994
144,0.3,0.7,0.2855993321,597.5,0.9721794176,0.003319595402
144,0.3,0.7,0.2855993321,600,0.9720692074,0.003344974653
144,0.3,0.7,0.2855993321,602.5,0.9719550317,0.00337071486
144,0.3,0.7,0.2855993321,605,0.9718420483,0.003395420185
144,0.3,0.7,0.2855993321,607.5,0.9717249126,0.003422092782
144,0.3,0.7,0.2855993321,610,0.9716101581,0.003449626242
144,0.3,0.7,0.2855993321,612.5,0.9714923197,0.003478603472
144,0.3,0.7,0.2855993321,615,0.9713745566,0.003505959852
144,0.3,0.7,0.2855993321,617.5,0.9712636884,0.003532514134
144,0.3,0.7,0.2855993321,620,0.971151533,0.003556447359
144,0.3,0.7,0.2855993321,622.5,0.9710409015,0.003579251064
144,0.3,0.7,0.2855993321,625,0.9709267716,0.003599930539
144,0.3,0.7,0.2855993321,627.5,0.9708124943,0.003618839752
144,0.3,0.7,0.2855993321,630,0.9706939854,0.003637819531
144,0.3,0.7,0.2855993321,632.5,0.970579282,0.00365694592
144,0.3,0.7,0.2855993321,635,0.9704689336,0.003674127103
144,0.3,0.7,0.2855993321,637.5,0.9703675155,0.003689306043
144,0.3,0.7,0.2855993321,640,0.9702683472,0.003702062225
144,0.3,0.7,0.2855993321,642.5,0.9701638007,0.003715688691
144,0.3,0.7,0.2855993321,645,0.9700601356,0.00373245625
144,0.3,0.7,0.2855993321,647.5,0.9699535746,0.00375272546
144,0.3,0.7,0.2855993321,650,0.9698449203,0.003772317625
144,0.3,0.7,0.2855993321,652.5,0.9697332137,0.003792137057
144,0.3,0.7,0.2855993321,655,0.9696145815,0.003813896887
144,0.3,0.7,0.2855993321,657.5,0.969499782,0.003836858171
144,0.3,0.7,0.2855993321,660,0.9693888164,0.003859276094
144,0.3,0.7,0.2855993321,662.5,0.9692798128,0.003882907277
144,0.3,0.7,0.2855993321,665,0.9691759009,0.003903672125
144,0.3,0.7,0.2855993321,667.5,0.969069422,0.00392790363
144,0.3,0.7,0.2855993321,670,0.9689565778,0.003954726293
144,0.3,0.7,0.2855993321,672.5,0.9688429679,0.003979674263
144,0.3,0.7,0.2855993321,675,0.9687331971,0.004003509568
144,0.3,0.7,0.2855993321,677.5,0.9686214297,0.00402247027
144,0.3,0.7,0.2855993321,680,0.9685111993,0.004041354678
144,0.3,0.7,0.2855993321,682.5,0.9684077242,0.004060560057
144,0.3,0.7,0.2855993321,685,0.9683031542,0.00407786093
144,0.3,0.7,0.2855993321,687.5,0.968196538,0.004092819217
144,0.3,0.7,0.2855993321,690,0.9680877212,0.004110568189
144,0.3,0.7,0.2855993321,692.5,0.9679836326,0.004130348818
144,0.3,0.7,0.2855993321,695,0.9678790843,0.00415081261
144,0.3,0.7,0.2855993321,697.5,0.9677732944,0.004169403386
144,0.3,0.7,0.2855993321,700,0.9676689787,0.00418849817
144,0.3,0.7,0.2855993321,702.5,0.9675756566,0.004206249991
144,0.3,0.7,0.2855993321,705,0.9674737271,0.004222432173
144,0.3,0.7,0.2855993321,707.5,0.9673777094,0.004239889259
144,0.3,0.7,0.2855993321,710,0.9672731039,0.004254115966
144,0.3,0.7,0.2855993321,712.5,0.9671713939,0.004270548311
144,0.3,0.7,0.2855993321,715,0.9670691702,0.004288045445
144,0.3,0.7,0.2855993321,717.5,0.9669679448,0.00430537689
144,0.3,0.7,0.2855993321,720,0.9668666307,0.004320088341
144,0.3,0.7,0.2855993321,722.5,0.9667671089,0.004333793167
144,0.3,0.7,0.2855993321,725,0.9666679207,0.004347712891
144,0.3,0.7,0.2855993321,727.5,0.9665697947,0.004363172658
144,0.3,0.7,0.2855993321,730,0.9664689979,0.004377560868
144,0.3,0.7,0.2855993321,732.5,0.966363766,0.004391586579
144,0.3,0.7,0.2855993321,735,0.9662583388,0.004409640837
144,0.3,0.7,0.2855993321,737.5,0.9661487486,0.004427525035
144,0.3,0.7,0.2855993321,740,0.9660418587,0.004443991082
144,0.3,0.7,0.2855993321,742.5,0.9659365682,0.004457715564
144,0.3,0.7,0.2855993321,745,0.9658277565,0.004472304238
144,0.3,0.7,0.2855993321,747.5,0.9657219692,0.004486714411
144,0.3,0.7,0.2855993321,750,0.9656134865,0.004498460233
144,0.3,0.7,0.2855993321,752.5,0.965508409,0.004511600396
144,0.3,0.7,0.2855993321,755,0.9653978813,0.004519869571
144,0.3,0.7,0.2855993321,757.5,0.9652804876,0.004530959252
144,0.3,0.7,0.2855993321,760,0.9651665814,0.004541617394
144,0.3,0.7,0.2855993321,762.5,0.9650424209,0.004552787671
144,0.3,0.7,0.2855993321,765,0.9649248469,0.004564069048
144,0.3,0.7,0.2855993321,767.5,0.9648083735,0.004573879886
144,0.3,0.7,0.2855993321,770,0.9646921669,0.004584586123
144,0.3,0.7,0.2855993321,772.5,0.964582527,0.004592353143
144,0.3,0.7,0.2855993321,775,0.9644722978,0.004600724932
144,0.3,0.7,0.2855993321,777.5,0.9643627287,0.004608453194
144,0.3,0.7,0.2855993321,780,0.9642427587,0.004618097463
144,0.3,0.7,0.2855993321,782.5,0.9641226749,0.004628434314
144,0.3,0.7,0.2855993321,785,0.9640030071,0.004640175034
144,0.3,0.7,0.2855993321,787.5,0.963883329,0.004654519131
144,0.3,0.7,0.2855993321,790,0.9637687193,0.00466814337
144,0.3,0.7,0.2855993321,792.5,0.963659096,0.004683440668
144,0.3,0.7,0.2855993321,795,0.9635501815,0.004702002916
144,0.3,0.7,0.2855993321,797.5,0.9634436519,0.004720841876
144,0.3,0.7,0.2855993321,800,0.9633355415,0.004737629297
144,0.3,0.7,0.2855993321,802.5,0.9632285774,0.004749557494
144,0.3,0.7,0.2855993321,805,0.9631163601,0.004766576482
144,0.3,0.7,0.2855993321,807.5,0.9630037709,0.004783840549
144,0.3,0.7,0.2855993321,810,0.962890816,0.004799801978
144,0.3,0.7,0.2855993321,812.5,0.9627841524,0.004816097568
144,0.3,0.7,0.2855993321,815,0.9626743813,0.004828623911
144,0.3,0.7,0.2855993321,817.5,0.9625618899,0.004845364342
144,0.3,0.7,0.2855993321,820,0.9624529235,0.004859670607
144,0.3,0.7,0.2855993321,822.5,0.9623457639,0.004873312492
144,0.3,0.7,0.2855993321,825,0.9622302221,0.004890001634
144,0.3,0.7,0.2855993321,827.5,0.9621167008,0.004904414712
144,0.3,0.7,0.2855993321,830,0.9620013841,0.004918295809
144,0.3,0.7,0.2855993321,832.5,0.9618835759,0.004932500184
144,0.3,0.7,0.2855993321,835,0.9617751576,0.00494687483
144,0.3,0.7,0.2855993321,837.5,0.9616738426,0.004958451452
144,0.3,0.7,0.2855993321,840,0.9615779709,0.004968683173
144,0.3,0.7,0.2855993321,842.5,0.9614840703,0.00497810092
144,0.3,0.7,0.2855993321,845,0.961385765,0.004988847631
144,0.3,0.7,0.2855993321,847.5,0.9612848137,0.004998495756
144,0.3,0.7,0.2855993321,850,0.961183167,0.005009025926
144,0.3,0.7,0.2855993321,852.5,0.9610778141,0.005018426338
144,0.3,0.7,0.2855993321,855,0.9609691663,0.005031853439
144,0.3,0.7,0.2855993321,857.5,0.9608628776,0.005045527459
144,0.3,0.7,0.2855993321,860,0.9607573838,0.005056694725
144,0.3,0.7,0.2855993321,862.5,0.960646515,0.005069341991
144,0.3,0.7,0.2855993321,865,0.9605435723,0.005082121222
144,0.3,0.7,0.2855993321,867.5,0.9604421625,0.005094997007
144,0.3,0.7,0.2855993321,870,0.9603395671,0.005106788051
144,0.3,0.7,0.2855993321,872.5,0.9602407968,0.005118668995
144,0.3,0.7,0.2855993321,875,0.9601382936,0.005130363293
144,0.3,0.7,0.2855993321,877.5,0.960039931,0.005142599421
144,0.3,0.7,0.2855993321,880,0.9599428802,0.005154109987
144,0.3,0.7,0.2855993321,882.5,0.9598498996,0.005166689145
144,0.3,0.7,0.2855993321,885,0.9597556906,0.00517506383
144,0.3,0.7,0.2855993321,887.5,0.9596539357,0.0051861481
144,0.3,0.7,0.2855993321,890,0.9595514661,0.005197527391
144,0.3,0.7,0.2855993321,892.5,0.9594469638,0.005209620231
144,0.3,0.7,0.2855993321,895,0.9593391492,0.005222321668
144,0.3,0.7,0.2855993321,897.5,0.9592333922,0.005237750101
144,0.3,0.7,0.2855993321,900,0.9591253152,0.005253267805
144,0.3,0.7,0.2855993321,902.5,0.9590138396,0.005266560588
144,0.3,0.7,0.2855993321,905,0.9589019306,0.005276686543
144,0.3,0.7,0.2855993321,907.5,0.9587931033,0.005286715518
144,0.3,0.7,0.2855993321,910,0.9586765761,0.005303132561
144,0.3,0.7,0.2855993321,912.5,0.9585615477,0.005317010234
144,0.3,0.7,0.2855993321,915,0.9584426914,0.005330343886
144,0.3,0.7,0.2855993321,917.5,0.9583228633,0.005341876736
144,0.3,0.7,0.2855993321,920,0.9581998354,0.005352891776
144,0.3,0.7,0.2855993321,922.5,0.9580803624,0.005365113972
144,0.3,0.7,0.2855993321,925,0.9579621174,0.00537737899
144,0.3,0.7,0.2855993321,927.5,0.9578524948,0.005390429046
144,0.3,0.7,0.2855993321,930,0.9577403183,0.005400969527
144,0.3,0.7,0.2855993321,932.5,0.957635435,0.005412167208
144,0.3,0.7,0.2855993321,935,0.9575219717,0.005422815926
144,0.3,0.7,0.2855993321,937.5,0.9574155679,0.005432229852
144,0.3,0.7,0.2855993321,940,0.957309872,0.005441005103
144,0.3,0.7,0.2855993321,942.5,0.9572083918,0.005451197871
144,0.3,0.7,0.2855993321,945,0.9570997718,0.005463716996
144,0.3,0.7,0.2855993321,947.5,0.9569916111,0.005474518755
144,0.3,0.7,0.2855993321,950,0.9568781504,0.005484710177
144,0.3,0.7,0.2855993321,952.5,0.9567646993,0.005493256301
144,0.3,0.7,0.2855993321,955,0.956645796,0.005505635438
144,0.3,0.7,0.2855993321,957.5,0.9565254825,0.005516842733
144,0.3,0.7,0.2855993321,960,0.956405498,0.005528640537
144,0.3,0.7,0.2855993321,962.5,0.9562970662,0.005541042851
144,0.3,0.7,0.2855993321,965,0.9561817351,0.005554669703
144,0.3,0.7,0.2855993321,967.5,0.956072911,0.005570324902
144,0.3,0.7,0.2855993321,970,0.9559635893,0.005586656393
144,0.3,0.7,0.2855993321,972.5,0.9558541215,0.005599766283
144,0.3,0.7,0.2855993321,975,0.9557520691,0.00561309334
144,0.3,0.7,0.2855993321,977.5,0.9556428873,0.005628551104
144,0.3,0.7,0.2855993321,980,0.955535081,0.005645695232
144,0.3,0.7,0.2855993321,982.5,0.9554243475,0.005661569027
144,0.3,0.7,0.2855993321,985,0.9553119776,0.005676562457
144,0.3,0.7,0.2855993321,987.5,0.9551982997,0.00569159466
144,0.3,0.7,0.2855993321,990,0.9550896211,0.00570807776
144,0.3,0.7,0.2855993321,992.5,0.9549814521,0.005719489094
144,0.3,0.7,0.2855993321,995,0.9548753375,0.005725827204
144,0.3,0.7,0.2855993321,997.5,0.9547665488,0.005733276736
144,0.3,0.7,0.2855993321,1000,0.9546565245,0.00574534028
144,0.3,0.7,0.2855993321,1002.5,0.9545395776,0.005754775084
144,0.3,0.7,0.2855993321,1005,0.9544239066,0.00576971923
144,0.3,0.7,0.2855993321,1007.5,0.9543095309,0.005785731098
144,0.3,0.7,0.2855993321,1010,0.9541902288,0.005801188824
144,0.3,0.7,0.2855993321,1012.5,0.9540750216,0.005820698375
144,0.3,0.7,0.2855993321,1015,0.9539596517,0.005838696397
144,0.3,0.7,0.2855993321,1017.5,0.9538517368,0.00585492684
144,0.3,0.7,0.2855993321,1020,0.9537360668,0.005870099223
144,0.3,0.7,0.2855993321,1022.5,0.953610393,0.005886414853
144,0.3,0.7,0.2855993321,1025,0.9534873345,0.005900823598
144,0.3,0.7,0.2855993321,1027.5,0.9533640593,0.005914115033
144,0.3,0.7,0.2855993321,1030,0.9532408666,0.005925176867
144,0.3,0.7,0.2855993321,1032.5,0.9531209574,0.00593733709
144,0.3,0.7,0.2855993321,1035,0.9530018157,0.005946909835
144,0.3,0.7,0.2855993321,1037.5,0.9528824726,0.005956969935
144,0.3,0.7,0.2855993321,1040,0.9527698166,0.005968288782
144,0.3,0.7,0.2855993321,1042.5,0.952664559,0.005980587404
144,0.3,0.7,0.2855993321,1045,0.9525581678,0.005991667224
144,0.3,0.7,0.2855993321,1047.5,0.9524498408,0.00600222449
144,0.3,0.7,0.2855993321,1050,0.9523415021,0.006008907751
144,0.3,0.7,0.2855993321,1052.5,0.9522387158,0.006016273986
144,0.3,0.7,0.2855993321,1055,0.9521367175,0.006023740031
144,0.3,0.7,0.2855993321,1057.5,0.952031814,0.006033624399
144,0.3,0.7,0.2855993321,1060,0.9519264958,0.006041225497
144,0.3,0.7,0.2855993321,1062.5,0.9518228012,0.006050369336
144,0.3,0.7,0.2855993321,1065,0.9517137265,0.006055347186
144,0.3,0.7,0.2855993321,1067.5,0.9516055328,0.00606065488
144,0.3,0.7,0.2855993321,1070,0.9514988838,0.006069911534
144,0.3,0.7,0.2855993321,1072.5,0.9513933696,0.006077635041
144,0.3,0.7,0.2855993321,1075,0.9512846092,0.006087557835
144,0.3,0.7,0.2855993321,1077.5,0.9511793602,0.006097558882
144,0.3,0.7,0.2855993321,1080,0.9510722248,0.006108587348
144,0.3,0.7,0.2855993321,1082.5,0.9509625242,0.006118456916
144,0.3,0.7,0.2855993321,1085,0.9508542677,0.00612558358
144,0.3,0.7,0.2855993321,1087.5,0.9507495361,0.006136183137
144,0.3,0.7,0.2855993321,1090,0.9506453394,0.006144167001
144,0.3,0.7,0.2855993321,1092.5,0.9505368895,0.006152818176
144,0.3,0.7,0.2855993321,1095,0.9504274175,0.006159365524
144,0.3,0.7,0.2855993321,1097.5,0.9503213111,0.00616903383
144,0.3,0.7,0.2855993321,1100,0.9502160601,0.006172256665
144,0.3,0.7,0.2855993321,1102.5,0.9501126281,0.006178036119
144,0.3,0.7,0.2855993321,1105,0.9500036795,0.006184520951
144,0.3,0.7,0.2855993321,1107.5,0.9498973244,0.006191867724
144,0.3,0.7,0.2855993321,1110,0.9497940101,0.006200524611
144,0.3,0.7,0.2855993321,1112.5,0.9496900107,0.006211501939
144,0.3,0.7,0.2855993321,1115,0.9495889879,0.0062219047
144,0.3,0.7,0.2855993321,1117.5,0.9494898586,0.006231126665
144,0.3,0.7,0.2855993321,1120,0.9493852161,0.006239369784
144,0.3,0.7,0.2855993321,1122.5,0.9492745218,0.00624642312
144,0.3,0.7,0.2855993321,1125,0.9491664601,0.006253388074
144,0.3,0.7,0.2855993321,1127.5,0.949058712,0.00625792952
144,0.3,0.7,0.2855993321,1130,0.9489483616,0.006260613855
144,0.3,0.7,0.2855993321,1132.5,0.9488406184,0.006265309443
144,0.3,0.7,0.2855993321,1135,0.9487328633,0.006270575592
144,0.3,0.7,0.2855993321,1137.5,0.9486216273,0.006276854792
144,0.3,0.7,0.2855993321,1140,0.9485129317,0.006283182089
144,0.3,0.7,0.2855993321,1142.5,0.9484044233,0.006285103304
144,0.3,0.7,0.2855993321,1145,0.9482981238,0.006288419295
144,0.3,0.7,0.2855993321,1147.5,0.9481904789,0.006294297444
144,0.3,0.7,0.2855993321,1150,0.9480808583,0.006300472013
144,0.3,0.7,0.2855993321,1152.5,0.9479767142,0.006305001862
144,0.3,0.7,0.2855993321,1155,0.9478735949,0.006311840447
144,0.3,0.7,0.2855993321,1157.5,0.9477637134,0.006318706275
144,0.3,0.7,0.2855993321,1160,0.9476553138,0.006328985607
144,0.3,0.7,0.2855993321,1162.5,0.9475446434,0.006340585449
144,0.3,0.7,0.2855993321,1165,0.947429495,0.00635073406
144,0.3,0.7,0.2855993321,1167.5,0.9473186496,0.006364777245
144,0.3,0.7,0.2855993321,1170,0.9472105937,0.006379121507
144,0.3,0.7,0.2855993321,1172.5,0.9471105199,0.006392975713
144,0.3,0.7,0.2855993321,1175,0.9470116159,0.006406225
144,0.3,0.7,0.2855993321,1177.5,0.9469129103,0.006418244659
144,0.3,0.7,0.2855993321,1180,0.9468154504,0.006433050415
144,0.3,0.7,0.2855993321,1182.5,0.946717476,0.006450309579
144,0.3,0.7,0.2855993321,1185,0.9466159818,0.006464266261
144,0.3,0.7,0.2855993321,1187.5,0.9465127736,0.006477212742
144,0.3,0.7,0.2855993321,1190,0.94640751,0.006492803822
144,0.3,0.7,0.2855993321,1192.5,0.9462939795,0.006506662629
144,0.3,0.7,0.2855993321,1195,0.9461722447,0.006522426538
144,0.3,0.7,0.2855993321,1197.5,0.9460515309,0.006534527513
144,0.3,0.7,0.2855993321,1200,0.945932978,0.006544522751
144,0.3,0.7,0.2855993321,1202.5,0.9458122977,0.006554895841
144,0.3,0.7,0.2855993321,1205,0.9456928018,0.006562554221
144,0.3,0.7,0.2855993321,1207.5,0.9455808908,0.006571733964
144,0.3,0.7,0.2855993321,1210,0.9454682928,0.006582134195
144,0.3,0.7,0.2855993321,1212.5,0.9453515038,0.0065979167
144,0.3,0.7,0.2855993321,1215,0.9452415447,0.006612805023
144,0.3,0.7,0.2855993321,1217.5,0.9451328025,0.006624278004
144,0.3,0.7,0.2855993321,1220,0.945025084,0.006632767799
144,0.3,0.7,0.2855993321,1222.5,0.9449169803,0.006641192819
144,0.3,0.7,0.2855993321,1225,0.9448121939,0.006650041843
144,0.3,0.7,0.2855993321,1227.5,0.9447066176,0.006658247519
144,0.3,0.7,0.2855993321,1230,0.9446005868,0.00666769312
144,0.3,0.7,0.2855993321,1232.5,0.9444961001,0.006676037629
144,0.3,0.7,0.2855993321,1235,0.9443926517,0.006688554052
144,0.3,0.7,0.2855993321,1237.5,0.9442848725,0.006705341278
144,0.3,0.7,0.2855993321,1240,0.9441787539,0.006721697243
144,0.3,0.7,0.2855993321,1242.5,0.9440787189,0.006739564172
144,0.3,0.7,0.2855993321,1245,0.9439810293,0.006753464587
144,0.3,0.7,0.2855993321,1247.5,0.9438766268,0.006765521067
144,0.3,0.7,0.2855993321,1250,0.9437770999,0.006779522977
144,0.3,0.7,0.2855993321,1252.5,0.9436772856,0.006796837636
144,0.3,0.7,0.2855993321,1255,0.9435750415,0.006815685861
144,0.3,0.7,0.2855993321,1257.5,0.9434707969,0.006833439257
144,0.3,0.7,0.2855993321,1260,0.9433633244,0.006851247554
144,0.3,0.7,0.2855993321,1262.5,0.9432546405,0.006868815069
144,0.3,0.7,0.2855993321,1265,0.9431463776,0.006886066885
144,0.3,0.7,0.2855993321,1267.5,0.9430440171,0.006903809095
144,0.3,0.7,0.2855993321,1270,0.9429450337,0.006921113367
144,0.3,0.7,0.2855993321,1272.5,0.9428411457,0.006937684348
144,0.3,0.7,0.2855993321,1275,0.9427380676,0.00695491385
144,0.3,0.7,0.2855993321,1277.5,0.9426391651,0.00697246722
144,0.3,0.7,0.2855993321,1280,0.9425420556,0.006994103011
144,0.3,0.7,0.2855993321,1282.5,0.9424442733,0.007009660433
144,0.3,0.7,0.2855993321,1285,0.942335966,0.007027875062
144,0.3,0.7,0.2855993321,1287.5,0.9422270343,0.007045178817
144,0.3,0.7,0.2855993321,1290,0.9421213994,0.007062898098
144,0.3,0.7,0.2855993321,1292.5,0.9420193624,0.007078879806
144,0.3,0.7,0.2855993321,1295,0.941912039,0.00709961544
144,0.3,0.7,0.2855993321,1297.5,0.9418080604,0.007119029662
144,0.3,0.7,0.2855993321,1300,0.9416982222,0.007139395172
144,0.3,0.7,0.2855993321,1302.5,0.9415865123,0.00716068121
144,0.3,0.7,0.2855993321,1305,0.9414735159,0.00718054394
144,0.3,0.7,0.2855993321,1307.5,0.9413629614,0.007199046744
144,0.3,0.7,0.2855993321,1310,0.9412595045,0.007217959135
144,0.3,0.7,0.2855993321,1312.5,0.9411413663,0.007237563071
144,0.3,0.7,0.2855993321,1315,0.9410251985,0.007257570872
144,0.3,0.7,0.2855993321,1317.5,0.9409147525,0.007278972349
144,0.3,0.7,0.2855993321,1320,0.9408063368,0.007298488773
144,0.3,0.7,0.2855993321,1322.5,0.9406937191,0.007321432901
144,0.3,0.7,0.2855993321,1325,0.9405801917,0.007345865725
144,0.3,0.7,0.2855993321,1327.5,0.940468757,0.007369286614
144,0.3,0.7,0.2855993321,1330,0.9403550963,0.007392440026
144,0.3,0.7,0.2855993321,1332.5,0.9402456174,0.00741152552
144,0.3,0.7,0.2855993321,1335,0.9401359677,0.007434633378
144,0.3,0.7,0.2855993321,1337.5,0.940025472,0.007459837405
144,0.3,0.7,0.2855993321,1340,0.9399148969,0.00748813924
144,0.3,0.7,0.2855993321,1342.5,0.939810097,0.007514881555
144,0.3,0.7,0.2855993321,1345,0.939704661,0.007543325047
144,0.3,0.7,0.2855993321,1347.5,0.9395963117,0.007572300144
144,0.3,0.7,0.2855993321,1350,0.9394845008,0.007599997122
144,0.3,0.7,0.2855993321,1352.5,0.9393724229,0.007624917038
144,0.3,0.7,0.2855993321,1355,0.9392515028,0.007651986934
144,0.3,0.7,0.2855993321,1357.5,0.9391291478,0.007682821275
144,0.3,0.7,0.2855993321,1360,0.9390003194,0.007710353111
144,0.3,0.7,0.2855993321,1362.5,0.9388687677,0.007732959526
144,0.3,0.7,0.2855993321,1365,0.9387411498,0.007758543007
144,0.3,0.7,0.2855993321,1367.5,0.9386139755,0.007779904243
144,0.3,0.7,0.2855993321,1370,0.938486199,0.007800217552
144,0.3,0.7,0.2855993321,1372.5,0.9383566051,0.007820267853
144,0.3,0.7,0.2855993321,1375,0.9382261174,0.00783532217
144,0.3,0.7,0.2855993321,1377.5,0.9380996035,0.007850879841
144,0.3,0.7,0.2855993321,1380,0.9379730231,0.007867397055
144,0.3,0.7,0.2855993321,1382.5,0.9378505855,0.0078836695
144,0.3,0.7,0.2855993321,1385,0.9377311726,0.007898766385
144,0.3,0.7,0.2855993321,1387.5,0.9376159259,0.00791441874
144,0.3,0.7,0.2855993321,1390,0.9374953217,0.007924861801
144,0.3,0.7,0.2855993321,1392.5,0.9373804547,0.007939437407
144,0.3,0.7,0.2855993321,1395,0.9372659464,0.007958428357
144,0.3,0.7,0.2855993321,1397.5,0.9371458602,0.007977215356
144,0.3,0.7,0.2855993321,1400,0.9370313215,0.007996336031
144,0.3,0.7,0.2855993321,1402.5,0.9369123779,0.008013356874
144,0.3,0.7,0.2855993321,1405,0.9367943403,0.0080313817
144,0.3,0.7,0.2855993321,1407.5,0.9366720891,0.008048471356
144,0.3,0.7,0.2855993321,1410,0.9365530693,0.008063016391
144,0.3,0.7,0.2855993321,1412.5,0.9364323086,0.008080414289
144,0.3,0.7,0.2855993321,1415,0.9363164933,0.008099178212
144,0.3,0.7,0.2855993321,1417.5,0.9362031193,0.008116851938
144,0.3,0.7,0.2855993321,1420,0.9360905734,0.008131665908
144,0.3,0.7,0.2855993321,1422.5,0.9359772841,0.008143667966
144,0.3,0.7,0.2855993321,1425,0.9358665726,0.008154995624
144,0.3,0.7,0.2855993321,1427.5,0.9357501415,0.008167650115
144,0.3,0.7,0.2855993321,1430,0.9356345766,0.008177041118
144,0.3,0.7,0.2855993321,1432.5,0.9355244977,0.008189524971
144,0.3,0.7,0.2855993321,1435,0.9354222603,0.008206194864
144,0.3,0.7,0.2855993321,1437.5,0.9353224538,0.00822390449
144,0.3,0.7,0.2855993321,1440,0.9352237717,0.008244036774
144,0.3,0.7,0.2855993321,1442.5,0.9351268151,0.008263028652
144,0.3,0.7,0.2855993321,1445,0.9350229197,0.008283906451
144,0.3,0.7,0.2855993321,1447.5,0.9349175956,0.008300740629
144,0.3,0.7,0.2855993321,1450,0.934818237,0.008318703351
144,0.3,0.7,0.2855993321,1452.5,0.9347120994,0.008330350153
144,0.3,0.7,0.2855993321,1455,0.9346093145,0.008341878215
144,0.3,0.7,0.2855993321,1457.5,0.934503015,0.008356866355
144,0.3,0.7,0.2855993321,1460,0.93440286,0.008371637389
144,0.3,0.7,0.2855993321,1462.5,0.9343011335,0.008383091118
144,0.3,0.7,0.2855993321,1465,0.9342097492,0.008389520555
144,0.3,0.7,0.2855993321,1467.5,0.934113838,0.008397345802
144,0.3,0.7,0.2855993321,1470,0.9340233238,0.008404261007
144,0.3,0.7,0.2855993321,1472.5,0.933931097,0.008408299624
144,0.3,0.7,0.2855993321,1475,0.9338329256,0.008412787099
144,0.3,0.7,0.2855993321,1477.5,0.9337367676,0.008417961086
144,0.3,0.7,0.2855993321,1480,0.9336360903,0.008423289698
144,0.3,0.7,0.2855993321,1482.5,0.9335450825,0.008433122513
144,0.3,0.7,0.2855993321,1485,0.9334562105,0.008440274169
144,0.3,0.7,0.2855993321,1487.5,0.933369983,0.008444229083
144,0.3,0.7,0.2855993321,1490,0.9332859735,0.00845016793
144,0.3,0.7,0.2855993321,1492.5,0.9331952717,0.008457500349
144,0.3,0.7,0.2855993321,1495,0.9331050305,0.008468121064
144,0.3,0.7,0.2855993321,1497.5,0.9330191965,0.00847648145
144,0.3,0.7,0.2855993321,1500,0.9329352184,0.008488038468
144,0.3,0.7,0.2855993321,1502.5,0.9328529578,0.008497585925
144,0.3,0.7,0.2855993321,1505,0.9327658136,0.00850770355
144,0.3,0.7,0.2855993321,1507.5,0.9326835521,0.008518428421
144,0.3,0.7,0.2855993321,1510,0.9325992981,0.008526438717
144,0.3,0.7,0.2855993321,1512.5,0.9325067956,0.008534874139
144,0.3,0.7,0.2855993321,1515,0.9324165955,0.008544525844
144,0.3,0.7,0.2855993321,1517.5,0.9323224673,0.008548510877
144,0.3,0.7,0.2855993321,1520,0.9322209063,0.008553898813
144,0.3,0.7,0.2855993321,1522.5,0.9321210204,0.008567423703
144,0.3,0.7,0.2855993321,1525,0.9320217558,0.008579071121
144,0.3,0.7,0.2855993321,1527.5,0.9319205691,0.008586109025
144,0.3,0.7,0.2855993321,1530,0.9318216906,0.008592424023
144,0.3,0.7,0.2855993321,1532.5,0.9317208243,0.008598307098
144,0.3,0.7,0.2855993321,1535,0.931619115,0.008605164321
144,0.3,0.7,0.2855993321,1537.5,0.9315189538,0.00861325292
144,0.3,0.7,0.2855993321,1540,0.931420558,0.008623822943
144,0.3,0.7,0.2855993321,1542.5,0.9313295802,0.008633263289
144,0.3,0.7,0.2855993321,1545,0.931231503,0.008644280923
144,0.3,0.7,0.2855993321,1547.5,0.9311427458,0.008651377734
144,0.3,0.7,0.2855993321,1550,0.9310497635,0.00865976469
144,0.3,0.7,0.2855993321,1552.5,0.9309569541,0.008667820224
144,0.3,0.7,0.2855993321,1555,0.9308678254,0.008676093811
144,0.3,0.7,0.2855993321,1557.5,0.9307757546,0.00868535521
144,0.3,0.7,0.2855993321,1560,0.930682487,0.008697464196
144,0.3,0.7,0.2855993321,1562.5,0.9305960481,0.008707655361
144,0.3,0.7,0.2855993321,1565,0.93051053,0.008716236185
144,0.3,0.7,0.2855993321,1567.5,0.9304326983,0.008727603921
144,0.3,0.7,0.2855993321,1570,0.9303626626,0.008740367814
144,0.3,0.7,0.2855993321,1572.5,0.9302885571,0.008755075998
144,0.3,0.7,0.2855993321,1575,0.9302142785,0.008769781631
144,0.3,0.7,0.2855993321,1577.5,0.9301345062,0.008781890381
144,0.3,0.7,0.2855993321,1580,0.9300485711,0.008792352517
144,0.3,0.7,0.2855993321,1582.5,0.9299663655,0.008805667222
144,0.3,0.7,0.2855993321,1585,0.9298882999,0.008819935526
144,0.3,0.7,0.2855993321,1587.5,0.9298038115,0.008834982584
144,0.3,0.7,0.2855993321,1590,0.9297229888,0.00885524541
144,0.3,0.7,0.2855993321,1592.5,0.9296457315,0.008875719358
144,0.3,0.7,0.2855993321,1595,0.9295700919,0.00889811442
144,0.3,0.7,0.2855993321,1597.5,0.9294923946,0.008919798264
144,0.3,0.7,0.2855993321,1600,0.9294092884,0.008940022972
144,0.3,0.7,0.2855993321,1602.5,0.9293295696,0.008958083501
144,0.3,0.7,0.2855993321,1605,0.929247512,0.008976907675
144,0.3,0.7,0.2855993321,1607.5,0.9291643039,0.008998725551
144,0.3,0.7,0.2855993321,1610,0.9290824466,0.009027340901
144,0.3,0.7,0.2855993321,1612.5,0.9290080298,0.009053953012
144,0.3,0.7,0.2855993321,1615,0.928935363,0.009077884326
144,0.3,0.7,0.2855993321,1617.5,0.9288678494,0.009101021966
144,0.3,0.7,0.2855993321,1620,0.9288028074,0.00912806539
144,0.3,0.7,0.2855993321,1622.5,0.9287277598,0.009150526754
144,0.3,0.7,0.2855993321,1625,0.9286487638,0.00917584968
144,0.3,0.7,0.2855993321,1627.5,0.9285710608,0.009198780471
144,0.3,0.7,0.2855993321,1630,0.9284979255,0.009226070798
144,0.3,0.7,0.2855993321,1632.5,0.9284205384,0.009254005902
144,0.3,0.7,0.2855993321,1635,0.9283439189,0.009277667454
144,0.3,0.7,0.2855993321,1637.5,0.9282651154,0.009301659666
144,0.3,0.7,0.2855993321,1640,0.9281798744,0.00932799922
144,0.3,0.7,0.2855993321,1642.5,0.9280975557,0.009354740077
144,0.3,0.7,0.2855993321,1645,0.9280184414,0.009378635718
144,0.3,0.7,0.2855993321,1647.5,0.9279429985,0.009402773489
144,0.3,0.7,0.2855993321,1650,0.9278663651,0.009427180749
144,0.3,0.7,0.2855993321,1652.5,0.9277911984,0.009453662133
144,0.3,0.7,0.2855993321,1655,0.9277177141,0.009483187007
144,0.3,0.7,0.2855993321,1657.5,0.9276451628,0.009511804918
144,0.3,0.7,0.2855993321,1660,0.9275773684,0.00953877594
144,0.3,0.7,0.2855993321,1662.5,0.9275117501,0.009567431288
144,0.3,0.7,0.2855993321,1665,0.9274397725,0.009597574857
144,0.3,0.7,0.2855993321,1667.5,0.9273679014,0.009627609792
144,0.3,0.7,0.2855993321,1670,0.9272919547,0.009655706051
144,0.3,0.7,0.2855993321,1672.5,0.9272110895,0.009679144342
144,0.3,0.7,0.2855993321,1675,0.9271259219,0.009698538353
144,0.3,0.7,0.2855993321,1677.5,0.927044266,0.009719875219
144,0.3,0.7,0.2855993321,1680,0.9269638634,0.009734752527
144,0.3,0.7,0.2855993321,1682.5,0.9268846164,0.009745567199
144,0.3,0.7,0.2855993321,1685,0.9267968639,0.009760856779
144,0.3,0.7,0.2855993321,1687.5,0.9267098097,0.009782877297
144,0.3,0.7,0.2855993321,1690,0.9266178978,0.009807318974
144,0.3,0.7,0.2855993321,1692.5,0.9265237824,0.009835215158
144,0.3,0.7,0.2855993321,1695,0.9264317293,0.00986243558
144,0.3,0.7,0.2855993321,1697.5,0.9263371327,0.009889512122
144,0.3,0.7,0.2855993321,1700,0.9262499347,0.009913626794
144,0.3,0.7,0.2855993321,1702.5,0.92616921,0.009940042867
144,0.3,0.7,0.2855993321,1705,0.9260903335,0.00996486728
144,0.3,0.7,0.2855993321,1707.5,0.9260143616,0.009988803664
144,0.3,0.7,0.2855993321,1710,0.9259308953,0.01001311951
144,0.3,0.7,0.2855993321,1712.5,0.9258479419,0.01003665948
144,0.3,0.7,0.2855993321,1715,0.9257700233,0.01005941867
144,0.3,0.7,0.2855993321,1717.5,0.925683622,0.01008767663
144,0.3,0.7,0.2855993321,1720,0.925592337,0.01011204498
144,0.3,0.7,0.2855993321,1722.5,0.9255041848,0.01013781298
144,0.3,0.7,0.2855993321,1725,0.9254175317,0.01016531487
144,0.3,0.7,0.2855993321,1727.5,0.9253369909,0.01019506325
144,0.3,0.7,0.2855993321,1730,0.9252582481,0.01021958819
144,0.3,0.7,0.2855993321,1732.5,0.9251746908,0.01023890985
144,0.3,0.7,0.2855993321,1735,0.9250849332,0.01025946462
144,0.3,0.7,0.2855993321,1737.5,0.9249916399,0.01027914249
144,0.3,0.7,0.2855993321,1740,0.9249029136,0.01030388434
144,0.3,0.7,0.2855993321,1742.5,0.924819186,0.0103242724
144,0.3,0.7,0.2855993321,1745,0.9247401207,0.01034358
144,0.3,0.7,0.2855993321,1747.5,0.924664714,0.01035883944
144,0.3,0.7,0.2855993321,1750,0.9245876479,0.01037694032
144,0.3,0.7,0.2855993321,1752.5,0.9245072464,0.01039250239
144,0.3,0.7,0.2855993321,1755,0.9244242657,0.01040949839
144,0.3,0.7,0.2855993321,1757.5,0.9243408365,0.01042812557
144,0.3,0.7,0.2855993321,1760,0.9242602037,0.01044240155
144,0.3,0.7,0.2855993321,1762.5,0.9241781896,0.01045397713
144,0.3,0.7,0.2855993321,1765,0.9240938859,0.01046738775
144,0.3,0.7,0.2855993321,1767.5,0.9240158551,0.01047834264
144,0.3,0.7,0.2855993321,1770,0.9239367616,0.01048925055
144,0.3,0.7,0.2855993321,1772.5,0.9238619572,0.0104941011
144,0.3,0.7,0.2855993321,1775,0.9237892043,0.01050422282
144,0.3,0.7,0.2855993321,1777.5,0.9237145588,0.01051904796
144,0.3,0.7,0.2855993321,1780,0.9236333078,0.01053646744
144,0.3,0.7,0.2855993321,1782.5,0.9235579808,0.0105469645
144,0.3,0.7,0.2855993321,1785,0.923479344,0.01055496222
144,0.3,0.7,0.2855993321,1787.5,0.9233974539,0.01056216934
144,0.3,0.7,0.2855993321,1790,0.9233217396,0.01057271864
144,0.3,0.7,0.2855993321,1792.5,0.9232423286,0.01058908394
144,0.3,0.7,0.2855993321,1795,0.9231643967,0.01060588147
144,0.3,0.7,0.2855993321,1797.5,0.9230869673,0.01062588863
144,0.3,0.7,0.2855993321,1800,0.9230055011,0.01064717524
144,0.3,0.7,0.2855993321,1802.5,0.9229177176,0.01066971018
144,0.3,0.7,0.2855993321,1805,0.9228219924,0.01069653906
144,0.3,0.7,0.2855993321,1807.5,0.9227321976,0.01071754636
144,0.3,0.7,0.2855993321,1810,0.9226458845,0.01073421633
144,0.3,0.7,0.2855993321,1812.5,0.9225631767,0.01075249928
144,0.3,0.7,0.2855993321,1815,0.9224815387,0.01077016098
144,0.3,0.7,0.2855993321,1817.5,0.9223987701,0.01079164508
144,0.3,0.7,0.2855993321,1820,0.9223076455,0.01081620903
144,0.3,0.7,0.2855993321,1822.5,0.9222198583,0.01084184107
144,0.3,0.7,0.2855993321,1825,0.9221270641,0.01086683318
144,0.3,0.7,0.2855993321,1827.5,0.9220282682,0.01088843701
144,0.3,0.7,0.2855993321,1830,0.9219316935,0.01090909967
144,0.3,0.7,0.2855993321,1832.5,0.9218426562,0.01092587094
144,0.3,0.7,0.2855993321,1835,0.9217478463,0.01094375349
144,0.3,0.7,0.2855993321,1837.5,0.9216627612,0.01096229902
144,0.3,0.7,0.2855993321,1840,0.921577209,0.01098326078
144,0.3,0.7,0.2855993321,1842.5,0.9214936832,0.01100396962
144,0.3,0.7,0.2855993321,1845,0.9214048483,0.01102653728
144,0.3,0.7,0.2855993321,1847.5,0.9213179757,0.01104939934
144,0.3,0.7,0.2855993321,1850,0.9212406641,0.01107137914
144,0.3,0.7,0.2855993321,1852.5,0.9211707233,0.01109168174
144,0.3,0.7,0.2855993321,1855,0.9210989177,0.01111878381
144,0.3,0.7,0.2855993321,1857.5,0.9210312635,0.01114459921
144,0.3,0.7,0.2855993321,1860,0.9209658891,0.01117189164
144,0.3,0.7,0.2855993321,1862.5,0.9208975744,0.01119945731
144,0.3,0.7,0.2855993321,1865,0.9208295505,0.01122546106
144,0.3,0.7,0.2855993321,1867.5,0.9207523908,0.01125142098
144,0.3,0.7,0.2855993321,1870,0.9206833339,0.01128226919
144,0.3,0.7,0.2855993321,1872.5,0.920608161,0.01131444619
144,0.3,0.7,0.2855993321,1875,0.9205268941,0.01135184003
144,0.3,0.7,0.2855993321,1877.5,0.9204468573,0.01138594423
144,0.3,0.7,0.2855993321,1880,0.9203681431,0.01141904507
144,0.3,0.7,0.2855993321,1882.5,0.9202871748,0.01145156861
144,0.3,0.7,0.2855993321,1885,0.9202077192,0.01148127384
144,0.3,0.7,0.2855993321,1887.5,0.9201308355,0.01151422918
144,0.3,0.7,0.2855993321,1890,0.9200530904,0.01154688654
144,0.3,0.7,0.2855993321,1892.5,0.9199806382,0.01157546598
144,0.3,0.7,0.2855993321,1895,0.9199053755,0.01160405257
144,0.3,0.7,0.2855993321,1897.5,0.9198244427,0.01163626629
144,0.3,0.7,0.2855993321,1900,0.9197500587,0.0116684572
144,0.3,0.7,0.2855993321,1902.5,0.919678778,0.01169689236
144,0.3,0.7,0.2855993321,1905,0.9196118437,0.01172300289
144,0.3,0.7,0.2855993321,1907.5,0.9195450451,0.01175002911
144,0.3,0.7,0.2855993321,1910,0.9194824262,0.01177553041
144,0.3,0.7,0.2855993321,1912.5,0.9194147614,0.01179904516
144,0.3,0.7,0.2855993321,1915,0.919348226,0.0118235406
144,0.3,0.7,0.2855993321,1917.5,0.9192862454,0.01184996486
144,0.3,0.7,0.2855993321,1920,0.9192211186,0.01187270186
144,0.3,0.7,0.2855993321,1922.5,0.9191556772,0.01189887668
144,0.3,0.7,0.2855993321,1925,0.9190992659,0.01192399076
144,0.3,0.7,0.2855993321,1927.5,0.9190379175,0.01195191803
144,0.3,0.7,0.2855993321,1930,0.9189808242,0.01197730996
144,0.3,0.7,0.2855993321,1932.5,0.9189248706,0.0120059981
144,0.3,0.7,0.2855993321,1935,0.9188660863,0.01203094028
144,0.3,0.7,0.2855993321,1937.5,0.9188101901,0.01206075309
144,0.3,0.7,0.2855993321,1940,0.9187530771,0.01209253317
144,0.3,0.7,0.2855993321,1942.5,0.9186978977,0.01212255549
144,0.3,0.7,0.2855993321,1945,0.918643447,0.01215654836
144,0.3,0.7,0.2855993321,1947.5,0.9185870771,0.01218757585
144,0.3,0.7,0.2855993321,1950,0.9185297111,0.01221793555
144,0.3,0.7,0.2855993321,1952.5,0.9184748236,0.01224824516
144,0.3,0.7,0.2855993321,1955,0.9184185851,0.01227735611
144,0.3,0.7,0.2855993321,1957.5,0.9183589846,0.01231068095
144,0.3,0.7,0.2855993321,1960,0.9183031332,0.01234391547
144,0.3,0.7,0.2855993321,1962.5,0.918243085,0.01237557549
144,0.3,0.7,0.2855993321,1965,0.9181749725,0.01240644695
144,0.3,0.7,0.2855993321,1967.5,0.9181126697,0.01243708231
144,0.3,0.7,0.2855993321,1970,0.9180466725,0.01246961684
144,0.3,0.7,0.2855993321,1972.5,0.917973059,0.01250460515
144,0.3,0.7,0.2855993321,1975,0.9178951468,0.01254180359
144,0.3,0.7,0.2855993321,1977.5,0.917815073,0.01257522862
144,0.3,0.7,0.2855993321,1980,0.9177348312,0.01260680882
144,0.3,0.7,0.2855993321,1982.5,0.9176497678,0.01263569576
144,0.3,0.7,0.2855993321,1985,0.917566713,0.01266550546
144,0.3,0.7,0.2855993321,1987.5,0.9174850455,0.01269466154
144,0.3,0.7,0.2855993321,1990,0.9174009183,0.01272699486
144,0.3,0.7,0.2855993321,1992.5,0.917315215,0.01276563987
144,0.3,0.7,0.2855993321,1995,0.9172298016,0.01280652356
144,0.3,0.7,0.2855993321,1997.5,0.9171424881,0.01285194939
144,0.3,0.7,0.2855993321,2000,0.9170568322,0.0128917844
144,0.3,0.7,0.2855993321,2002.5,0.9169759542,0.01292917363
144,0.3,0.7,0.2855993321,2005,0.9168871509,0.01296228578
144,0.3,0.7,0.2855993321,2007.5,0.9167959524,0.01300199283
144,0.3,0.7,0.2855993321,2010,0.9166989532,0.01303871722
144,0.3,0.7,0.2855993321,2012.5,0.91660037,0.01307432985
144,0.3,0.7,0.2855993321,2015,0.9165023908,0.0131152019
144,0.3,0.7,0.2855993321,2017.5,0.9164053202,0.01315175017
144,0.3,0.7,0.2855993321,2020,0.9163018482,0.01318862301
144,0.3,0.7,0.2855993321,2022.5,0.9161993688,0.01322764345
144,0.3,0.7,0.2855993321,2025,0.9160963784,0.01326673778
144,0.3,0.7,0.2855993321,2027.5,0.9159879571,0.01330451761
144,0.3,0.7,0.2855993321,2030,0.9158773744,0.01334474388
144,0.3,0.7,0.2855993321,2032.5,0.9157682344,0.01338296234
144,0.3,0.7,0.2855993321,2035,0.9156644861,0.013420992
144,0.3,0.7,0.2855993321,2037.5,0.9155630135,0.01345746191
144,0.3,0.7,0.2855993321,2040,0.91546207,0.01349632497
144,0.3,0.7,0.2855993321,2042.5,0.915364501,0.01353647849
144,0.3,0.7,0.2855993321,2045,0.9152607404,0.01357758834
144,0.3,0.7,0.2855993321,2047.5,0.9151659475,0.0136195593
144,0.3,0.7,0.2855993321,2050,0.9150705183,0.01365722771
144,0.3,0.7,0.2855993321,2052.5,0.9149735116,0.01369326095
144,0.3,0.7,0.2855993321,2055,0.9148817634,0.01372828307
144,0.3,0.7,0.2855993321,2057.5,0.9147923031,0.01376215984
144,0.3,0.7,0.2855993321,2060,0.9146958443,0.01380111528
144,0.3,0.7,0.2855993321,2062.5,0.9145964856,0.01383857454
144,0.3,0.7,0.2855993321,2065,0.9145041577,0.01387995707
144,0.3,0.7,0.2855993321,2067.5,0.9144134842,0.01392404089
144,0.3,0.7,0.2855993321,2070,0.9143176149,0.01396449462
144,0.3,0.7,0.2855993321,2072.5,0.9142208958,0.01400282085
144,0.3,0.7,0.2855993321,2075,0.9141237928,0.01403916534
144,0.3,0.7,0.2855993321,2077.5,0.9140261595,0.01407914793
144,0.3,0.7,0.2855993321,2080,0.9139284343,0.0141172728
144,0.3,0.7,0.2855993321,2082.5,0.913827408,0.01415805684
144,0.3,0.7,0.2855993321,2085,0.9137254689,0.01420082024
144,0.3,0.7,0.2855993321,2087.5,0.9136290095,0.01424185048
144,0.3,0.7,0.2855993321,2090,0.9135329191,0.01428082751
144,0.3,0.7,0.2855993321,2092.5,0.9134306707,0.01431721747
144,0.3,0.7,0.2855993321,2095,0.9133254864,0.01436022634
144,0.3,0.7,0.2855993321,2097.5,0.9132153724,0.01440718401
144,0.3,0.7,0.2855993321,2100,0.9131074272,0.01445377167
144,0.3,0.7,0.2855993321,2102.5,0.9130005714,0.01449518382
144,0.3,0.7,0.2855993321,2105,0.9128924899,0.01453170692
144,0.3,0.7,0.2855993321,2107.5,0.9127901184,0.01456563686
144,0.3,0.7,0.2855993321,2110,0.9126866551,0.01460364007
144,0.3,0.7,0.2855993321,2112.5,0.9125865419,0.01463688741
144,0.3,0.7,0.2855993321,2115,0.9124951544,0.01467637189
144,0.3,0.7,0.2855993321,2117.5,0.9124013668,0.01471848202
144,0.3,0.7,0.2855993321,2120,0.9123083661,0.01475579738
144,0.3,0.7,0.2855993321,2122.5,0.9122112606,0.01479028849
144,0.3,0.7,0.2855993321,2125,0.9121213331,0.01482000066
144,0.3,0.7,0.2855993321,2127.5,0.9120244058,0.01484547121
144,0.3,0.7,0.2855993321,2130,0.9119282999,0.01487031528
144,0.3,0.7,0.2855993321,2132.5,0.9118335674,0.01489278333
144,0.3,0.7,0.2855993321,2135,0.9117449801,0.01491743557
144,0.3,0.7,0.2855993321,2137.5,0.9116645442,0.01494350501
144,0.3,0.7,0.2855993321,2140,0.9115793206,0.0149669653
144,0.3,0.7,0.2855993321,2142.5,0.9114953774,0.0149934448
144,0.3,0.7,0.2855993321,2145,0.9114089349,0.01501820692
144,0.3,0.7,0.2855993321,2147.5,0.9113167783,0.01505230828
144,0.3,0.7,0.2855993321,2150,0.9112183017,0.01508176004
144,0.3,0.7,0.2855993321,2152.5,0.9111192804,0.01511022902
144,0.3,0.7,0.2855993321,2155,0.9110168339,0.01513542447
144,0.3,0.7,0.2855993321,2157.5,0.9109058821,0.0151612415
144,0.3,0.7,0.2855993321,2160,0.9107926972,0.01518967729
144,0.3,0.7,0.2855993321,2162.5,0.9106820224,0.01521663313
144,0.3,0.7,0.2855993321,2165,0.9105736709,0.0152452244
144,0.3,0.7,0.2855993321,2167.5,0.9104688303,0.01527185527
144,0.3,0.7,0.2855993321,2170,0.9103640485,0.01529863368
144,0.3,0.7,0.2855993321,2172.5,0.9102585465,0.01532364447
144,0.3,0.7,0.2855993321,2175,0.9101518391,0.01535280404
144,0.3,0.7,0.2855993321,2177.5,0.910044889,0.01538003392
144,0.3,0.7,0.2855993321,2180,0.9099297358,0.0154052354
144,0.3,0.7,0.2855993321,2182.5,0.9098221659,0.01543247817
144,0.3,0.7,0.2855993321,2185,0.9097077538,0.01545154338
144,0.3,0.7,0.2855993321,2187.5,0.9095942021,0.01547068383
144,0.3,0.7,0.2855993321,2190,0.9094858028,0.01548743913
144,0.3,0.7,0.2855993321,2192.5,0.9093767454,0.01550133285
144,0.3,0.7,0.2855993321,2195,0.9092728202,0.01551959062
144,0.3,0.7,0.2855993321,2197.5,0.9091757328,0.0155418949
144,0.3,0.7,0.2855993321,2200,0.9090727519,0.01556660789
144,0.3,0.7,0.2855993321,2202.5,0.9089749907,0.01558574705
144,0.3,0.7,0.2855993321,2205,0.9088861488,0.01560220336
144,0.3,0.7,0.2855993321,2207.5,0.9088041718,0.01561844825
144,0.3,0.7,0.2855993321,2210,0.9087221906,0.0156379186
144,0.3,0.7,0.2855993321,2212.5,0.9086261835,0.01565931202
144,0.3,0.7,0.2855993321,2215,0.9085356357,0.01567860426
144,0.3,0.7,0.2855993321,2217.5,0.9084504239,0.01569580392
144,0.3,0.7,0.2855993321,2220,0.9083678872,0.0157141097
144,0.3,0.7,0.2855993321,2222.5,0.9082851927,0.01573896852
144,0.3,0.7,0.2855993321,2225,0.9081978055,0.01576296695
144,0.3,0.7,0.2855993321,2227.5,0.9081079216,0.01579130152
144,0.3,0.7,0.2855993321,2230,0.908020884,0.01581999717
144,0.3,0.7,0.2855993321,2232.5,0.9079258502,0.01585373382
144,0.3,0.7,0.2855993321,2235,0.9078276626,0.01588634769
144,0.3,0.7,0.2855993321,2237.5,0.9077266523,0.01591762265
144,0.3,0.7,0.2855993321,2240,0.9076248549,0.01594862052
144,0.3,0.7,0.2855993321,2242.5,0.9075262506,0.01597630393
144,0.3,0.7,0.2855993321,2245,0.9074289998,0.01600496962
144,0.3,0.7,0.2855993321,2247.5,0.9073341692,0.01603085838
144,0.3,0.7,0.2855993321,2250,0.9072383002,0.01605164346
144,0.3,0.7,0.2855993321,2252.5,0.9071407114,0.01607580231
144,0.3,0.7,0.2855993321,2255,0.9070428848,0.01609862322
144,0.3,0.7,0.2855993321,2257.5,0.9069521978,0.01612579299
144,0.3,0.7,0.2855993321,2260,0.9068554865,0.01615487266
144,0.3,0.7,0.2855993321,2262.5,0.9067550304,0.0161810603
144,0.3,0.7,0.2855993321,2265,0.9066583691,0.01620376588
144,0.3,0.7,0.2855993321,2267.5,0.9065557517,0.01622245893
144,0.3,0.7,0.2855993321,2270,0.9064593942,0.01624766049
144,0.3,0.7,0.2855993321,2272.5,0.9063656677,0.01627001899
144,0.3,0.7,0.2855993321,2275,0.9062630479,0.01629203247
144,0.3,0.7,0.2855993321,2277.5,0.9061650443,0.01631511592
144,0.3,0.7,0.2855993321,2280,0.9060700385,0.01633696355
144,0.3,0.7,0.2855993321,2282.5,0.9059841922,0.01635924496
144,0.3,0.7,0.2855993321,2285,0.9058934341,0.01638301178
144,0.3,0.7,0.2855993321,2287.5,0.90580184,0.01641074764
144,0.3,0.7,0.2855993321,2290,0.9057068142,0.01644383208
144,0.3,0.7,0.2855993321,2292.5,0.9056184446,0.01648338676
144,0.3,0.7,0.2855993321,2295,0.9055332893,0.01652237963
144,0.3,0.7,0.2855993321,2297.5,0.9054444523,0.01655993651
144,0.3,0.7,0.2855993321,2300,0.9053590627,0.0165931734
144,0.3,0.7,0.2855993321,2302.5,0.905275027,0.01662603467
144,0.3,0.7,0.2855993321,2305,0.9051857883,0.01666289681
144,0.3,0.7,0.2855993321,2307.5,0.9051030577,0.01669555012
144,0.3,0.7,0.2855993321,2310,0.9050214925,0.01673108208
144,0.3,0.7,0.2855993321,2312.5,0.9049490128,0.01676255738
144,0.3,0.7,0.2855993321,2315,0.9048778418,0.01679784078
144,0.3,0.7,0.2855993321,2317.5,0.9048096658,0.01683462679
144,0.3,0.7,0.2855993321,2320,0.9047415735,0.01687071792
144,0.3,0.7,0.2855993321,2322.5,0.9046727782,0.01690229884
144,0.3,0.7,0.2855993321,2325,0.9046003507,0.0169360371
144,0.3,0.7,0.2855993321,2327.5,0.9045278888,0.01697145336
144,0.3,0.7,0.2855993321,2330,0.9044551755,0.01700118576
144,0.3,0.7,0.2855993321,2332.5,0.9043874104,0.01703195932
144,0.3,0.7,0.2855993321,2335,0.904317481,0.01706354451
144,0.3,0.7,0.2855993321,2337.5,0.9042466401,0.01709812427
144,0.3,0.7,0.2855993321,2340,0.90416893,0.01713522658
144,0.3,0.7,0.2855993321,2342.5,0.9040826282,0.01717651559
144,0.3,0.7,0.2855993321,2345,0.9039946417,0.01721758029
144,0.3,0.7,0.2855993321,2347.5,0.9039131207,0.0172577111
144,0.3,0.7,0.2855993321,2350,0.9038270815,0.01730243944
144,0.3,0.7,0.2855993321,2352.5,0.9037413358,0.01734280217
144,0.3,0.7,0.2855993321,2355,0.9036513762,0.01738053177
144,0.3,0.7,0.2855993321,2357.5,0.9035612971,0.01742458313
144,0.3,0.7,0.2855993321,2360,0.9034642518,0.0174683163
144,0.3,0.7,0.2855993321,2362.5,0.9033759664,0.01750974079
144,0.3,0.7,0.2855993321,2365,0.9032965949,0.01754745184
144,0.3,0.7,0.2855993321,2367.5,0.9032165924,0.0175868726
144,0.3,0.7,0.2855993321,2370,0.9031330807,0.01762384386
144,0.3,0.7,0.2855993321,2372.5,0.9030481429,0.01766714539
144,0.3,0.7,0.2855993321,2375,0.9029574426,0.01771228605
144,0.3,0.7,0.2855993321,2377.5,0.9028671369,0.01775431685
144,0.3,0.7,0.2855993321,2380,0.902769624,0.01779771914
144,0.3,0.7,0.2855993321,2382.5,0.9026700684,0.0178395973
144,0.3,0.7,0.2855993321,2385,0.9025745346,0.01788314935
144,0.3,0.7,0.2855993321,2387.5,0.9024764263,0.01792324016
144,0.3,0.7,0.2855993321,2390,0.9023816676,0.01796487414
144,0.3,0.7,0.2855993321,2392.5,0.9022875839,0.01800584347
144,0.3,0.7,0.2855993321,2395,0.9021911509,0.01804776966
144,0.3,0.7,0.2855993321,2397.5,0.9020983738,0.01808525942
144,0.3,0.7,0.2855993321,2400,0.9020006331,0.01812547602
144,0.3,0.7,0.2855993321,2402.5,0.9019028846,0.01816971871
144,0.3,0.7,0.2855993321,2405,0.9018089554,0.01821012741
144,0.3,0.7,0.2855993321,2407.5,0.9017107223,0.01825227196
144,0.3,0.7,0.2855993321,2410,0.9016063632,0.01829169914
144,0.3,0.7,0.2855993321,2412.5,0.9015079088,0.01833087768
144,0.3,0.7,0.2855993321,2415,0.9013981519,0.01836645568
144,0.3,0.7,0.2855993321,2417.5,0.9012968109,0.01840496942
144,0.3,0.7,0.2855993321,2420,0.9011957929,0.01844032544
144,0.3,0.7,0.2855993321,2422.5,0.9010918961,0.01847978214
144,0.3,0.7,0.2855993321,2425,0.9009827498,0.01851819104
144,0.3,0.7,0.2855993321,2427.5,0.9008721253,0.01855809227
144,0.3,0.7,0.2855993321,2430,0.900757443,0.0185965191
144,0.3,0.7,0.2855993321,2432.5,0.9006463265,0.01863448972
144,0.3,0.7,0.2855993321,2435,0.9005384812,0.01866883275
144,0.3,0.7,0.2855993321,2437.5,0.9004357235,0.0186996868
144,0.3,0.7,0.2855993321,2440,0.900333513,0.01872873851
144,0.3,0.7,0.2855993321,2442.5,0.9002268119,0.01876132598
144,0.3,0.7,0.2855993321,2445,0.9001236651,0.01879799124
144,0.3,0.7,0.2855993321,2447.5,0.9000191166,0.01883685976
144,0.3,0.7,0.2855993321,2450,0.8999099772,0.01887628047
144,0.3,0.7,0.2855993321,2452.5,0.8997935007,0.0189212859
144,0.3,0.7,0.2855993321,2455,0.8996848751,0.01895898254
144,0.3,0.7,0.2855993321,2457.5,0.899581005,0.01900464299
144,0.3,0.7,0.2855993321,2460,0.899481647,0.0190493754
144,0.3,0.7,0.2855993321,2462.5,0.899376939,0.01908664948
144,0.3,0.7,0.2855993321,2465,0.8992822513,0.01912811063
144,0.3,0.7,0.2855993321,2467.5,0.8991848615,0.0191676411
144,0.3,0.7,0.2855993321,2470,0.8990800193,0.0192072423
144,0.3,0.7,0.2855993321,2472.5,0.8989752578,0.01924716421
144,0.3,0.7,0.2855993321,2475,0.8988799836,0.01928579561
144,0.3,0.7,0.2855993321,2477.5,0.8987827224,0.01932930078
144,0.3,0.7,0.2855993321,2480,0.8986766451,0.01937549707
144,0.3,0.7,0.2855993321,2482.5,0.898567113,0.01941677988
144,0.3,0.7,0.2855993321,2485,0.8984590374,0.01945402257
144,0.3,0.7,0.2855993321,2487.5,0.8983415208,0.01949325039
144,0.3,0.7,0.2855993321,2490,0.8982282594,0.0195315587
144,0.3,0.7,0.2855993321,2492.5,0.8981118652,0.01957507675
144,0.3,0.7,0.2855993321,2495,0.8979997729,0.01962191941
144,0.3,0.7,0.2855993321,2497.5,0.897894716,0.01966982484
144,0.3,0.7,0.2855993321,2500,0.8977896753,0.01972229584
144,0.3,0.7,0.2855993321,2502.5,0.8976886526,0.01977687975
144,0.3,0.7,0.2855993321,2505,0.8975994875,0.019827295
144,0.3,0.7,0.2855993321,2507.5,0.8975076875,0.01987391043
144,0.3,0.7,0.2855993321,2510,0.8974111773,0.01991644526
144,0.3,0.7,0.2855993321,2512.5,0.8973066271,0.01995925063
144,0.3,0.7,0.2855993321,2515,0.8971940888,0.02000373834
144,0.3,0.7,0.2855993321,2517.5,0.8970745798,0.02005022732
144,0.3,0.7,0.2855993321,2520,0.896970438,0.02009404481
144,0.3,0.7,0.2855993321,2522.5,0.8968712676,0.0201313429
144,0.3,0.7,0.2855993321,2525,0.8967765378,0.02016777811
144,0.3,0.7,0.2855993321,2527.5,0.8966844738,0.0202022599
144,0.3,0.7,0.2855993321,2530,0.8965960718,0.02023780276
144,0.3,0.7,0.2855993321,2532.5,0.8965020882,0.02027541617
144,0.3,0.7,0.2855993321,2535,0.8964097411,0.02030682238
144,0.3,0.7,0.2855993321,2537.5,0.8963104527,0.0203370008
144,0.3,0.7,0.2855993321,2540,0.8962112687,0.02036622374
144,0.3,0.7,0.2855993321,2542.5,0.8961193854,0.02039415303
144,0.3,0.7,0.2855993321,2545,0.8960348517,0.02042252127
144,0.3,0.7,0.2855993321,2547.5,0.8959386365,0.02045326556
144,0.3,0.7,0.2855993321,2550,0.895841219,0.02048736262
144,0.3,0.7,0.2855993321,2552.5,0.8957435417,0.02051802599
144,0.3,0.7,0.2855993321,2555,0.8956454885,0.02055145374
144,0.3,0.7,0.2855993321,2557.5,0.8955427927,0.02058664249
144,0.3,0.7,0.2855993321,2560,0.8954501397,0.02062140353
144,0.3,0.7,0.2855993321,2562.5,0.8953531807,0.02065939865
144,0.3,0.7,0.2855993321,2565,0.8952485606,0.02069955846
144,0.3,0.7,0.2855993321,2567.5,0.8951428952,0.02073803124
144,0.3,0.7,0.2855993321,2570,0.8950359105,0.02077132954
144,0.3,0.7,0.2855993321,2572.5,0.8949304875,0.02080464141
144,0.3,0.7,0.2855993321,2575,0.894829118,0.02083399049
144,0.3,0.7,0.2855993321,2577.5,0.8947293137,0.02086393458
144,0.3,0.7,0.2855993321,2580,0.8946356325,0.02089619564
144,0.3,0.7,0.2855993321,2582.5,0.8945362088,0.02093142627
144,0.3,0.7,0.2855993321,2585,0.8944289229,0.02096079623
144,0.3,0.7,0.2855993321,2587.5,0.8943190851,0.02099570104
144,0.3,0.7,0.2855993321,2590,0.8942061816,0.02103644385
144,0.3,0.7,0.2855993321,2592.5,0.8941033418,0.02107967668
144,0.3,0.7,0.2855993321,2595,0.8939998905,0.02112043313
144,0.3,0.7,0.2855993321,2597.5,0.8938984449,0.02115750559
144,0.3,0.7,0.2855993321,2600,0.893796533,0.02119691889
144,0.3,0.7,0.2855993321,2602.5,0.893696815,0.02123962192
144,0.3,0.7,0.2855993321,2605,0.8936059095,0.02128548841
144,0.3,0.7,0.2855993321,2607.5,0.8935081466,0.02132702587
144,0.3,0.7,0.2855993321,2610,0.8934241625,0.02136708417
144,0.3,0.7,0.2855993321,2612.5,0.893334935,0.02140763272
144,0.3,0.7,0.2855993321,2615,0.8932459235,0.02145237015
144,0.3,0.7,0.2855993321,2617.5,0.8931478344,0.02149702356
144,0.3,0.7,0.2855993321,2620,0.8930471821,0.02154384461
144,0.3,0.7,0.2855993321,2622.5,0.8929481051,0.02159235955
144,0.3,0.7,0.2855993321,2625,0.8928553249,0.02164188221
144,0.3,0.7,0.2855993321,2627.5,0.8927568288,0.02169422784
144,0.3,0.7,0.2855993321,2630,0.8926652956,0.0217464665
144,0.3,0.7,0.2855993321,2632.5,0.8925742363,0.02179973003
144,0.3,0.7,0.2855993321,2635,0.8924865488,0.02185021169
144,0.3,0.7,0.2855993321,2637.5,0.8924067825,0.0218999088
144,0.3,0.7,0.2855993321,2640,0.8923368372,0.02194802071
144,0.3,0.7,0.2855993321,2642.5,0.8922737098,0.02199968675
144,0.3,0.7,0.2855993321,2645,0.8922018741,0.02204648836
144,0.3,0.7,0.2855993321,2647.5,0.8921352738,0.02209414729
144,0.3,0.7,0.2855993321,2650,0.8920749889,0.02213949908
144,0.3,0.7,0.2855993321,2652.5,0.8920131213,0.02218271999
144,0.3,0.7,0.2855993321,2655,0.8919501448,0.02222268323
144,0.3,0.7,0.2855993321,2657.5,0.8918849562,0.02226765776
144,0.3,0.7,0.2855993321,2660,0.8918243176,0.02231266413
144,0.3,0.7,0.2855993321,2662.5,0.8917633757,0.0223497754
144,0.3,0.7,0.2855993321,2665,0.8917019302,0.02239157011
144,0.3,0.7,0.2855993321,2667.5,0.8916418733,0.02243065887
144,0.3,0.7,0.2855993321,2670,0.8915701647,0.02246906649
144,0.3,0.7,0.2855993321,2672.5,0.8914924512,0.0225103758
144,0.3,0.7,0.2855993321,2675,0.8914129972,0.0225475815
144,0.3,0.7,0.2855993321,2677.5,0.8913410635,0.02258687621
144,0.3,0.7,0.2855993321,2680,0.8912741808,0.02263004263
144,0.3,0.7,0.2855993321,2682.5,0.8912090238,0.0226719996
144,0.3,0.7,0.2855993321,2685,0.8911531566,0.02271035439
144,0.3,0.7,0.2855993321,2687.5,0.8910940438,0.0227458311
144,0.3,0.7,0.2855993321,2690,0.8910375705,0.02278314738
144,0.3,0.7,0.2855993321,2692.5,0.8909780243,0.02282099053
144,0.3,0.7,0.2855993321,2695,0.8909187543,0.02285820093
144,0.3,0.7,0.2855993321,2697.5,0.8908563918,0.02289442559
144,0.3,0.7,0.2855993321,2700,0.8907948551,0.022929762
144,0.3,0.7,0.2855993321,2702.5,0.890740895,0.0229650537
144,0.3,0.7,0.2855993321,2705,0.8906943476,0.02300341357
144,0.3,0.7,0.2855993321,2707.5,0.8906511853,0.02303912422
144,0.3,0.7,0.2855993321,2710,0.8906101284,0.02307297005
144,0.3,0.7,0.2855993321,2712.5,0.8905624857,0.02310560094
144,0.3,0.7,0.2855993321,2715,0.8905137821,0.02313582067
144,0.3,0.7,0.2855993321,2717.5,0.8904639863,0.02316264145
144,0.3,0.7,0.2855993321,2720,0.8904026437,0.02319520272
144,0.3,0.7,0.2855993321,2722.5,0.8903492787,0.02323068563
144,0.3,0.7,0.2855993321,2725,0.890283309,0.02326702193
144,0.3,0.7,0.2855993321,2727.5,0.8902134846,0.02330279791
144,0.3,0.7,0.2855993321,2730,0.8901426966,0.02334144234
144,0.3,0.7,0.2855993321,2732.5,0.8900721586,0.02337876123
144,0.3,0.7,0.2855993321,2735,0.8900007651,0.02341647976
144,0.3,0.7,0.2855993321,2737.5,0.8899274247,0.02345607728
144,0.3,0.7,0.2855993321,2740,0.88984986,0.02349070282
144,0.3,0.7,0.2855993321,2742.5,0.8897777339,0.02352573325
144,0.3,0.7,0.2855993321,2745,0.889705458,0.02355460653
144,0.3,0.7,0.2855993321,2747.5,0.8896326415,0.023581559
144,0.3,0.7,0.2855993321,2750,0.8895746036,0.02360093739
144,0.3,0.7,0.2855993321,2752.5,0.8895124232,0.02362760228
144,0.3,0.7,0.2855993321,2755,0.8894530095,0.02365362935
144,0.3,0.7,0.2855993321,2757.5,0.8893929041,0.02367680785
144,0.3,0.7,0.2855993321,2760,0.889321611,0.02370300177
144,0.3,0.7,0.2855993321,2762.5,0.8892472967,0.02372997085
144,0.3,0.7,0.2855993321,2765,0.889167678,0.02375509018
144,0.3,0.7,0.2855993321,2767.5,0.8890677321,0.02378324797
144,0.3,0.7,0.2855993321,2770,0.8889682824,0.02381517253
144,0.3,0.7,0.2855993321,2772.5,0.8888672177,0.02384196778
144,0.3,0.7,0.2855993321,2775,0.888762945,0.02386400941
144,0.3,0.7,0.2855993321,2777.5,0.8886680088,0.02388987521
144,0.3,0.7,0.2855993321,2780,0.8885621657,0.02391963779
144,0.3,0.7,0.2855993321,2782.5,0.888459714,0.02395386969
144,0.3,0.7,0.2855993321,2785,0.8883725218,0.02398500036
144,0.3,0.7,0.2855993321,2787.5,0.8882865999,0.02401610693
144,0.3,0.7,0.2855993321,2790,0.8882114202,0.02404787787
144,0.3,0.7,0.2855993321,2792.5,0.8881422263,0.02407392772
144,0.3,0.7,0.2855993321,2795,0.8880691166,0.02410116392
144,0.3,0.7,0.2855993321,2797.5,0.8879927004,0.02412962776
144,0.3,0.7,0.2855993321,2800,0.887908988,0.02415750617
144,0.3,0.7,0.2855993321,2802.5,0.8878216116,0.02418581196
144,0.3,0.7,0.2855993321,2805,0.8877322359,0.02421064632
144,0.3,0.7,0.2855993321,2807.5,0.887642665,0.02423521459
144,0.3,0.7,0.2855993321,2810,0.8875561516,0.02426096283
144,0.3,0.7,0.2855993321,2812.5,0.8874702027,0.02428894399
144,0.3,0.7,0.2855993321,2815,0.8873890125,0.02431560697
144,0.3,0.7,0.2855993321,2817.5,0.8873125401,0.02433900677
144,0.3,0.7,0.2855993321,2820,0.8872340476,0.0243623712
144,0.3,0.7,0.2855993321,2822.5,0.8871525522,0.02438816346
144,0.3,0.7,0.2855993321,2825,0.8870666137,0.02441108445
144,0.3,0.7,0.2855993321,2827.5,0.8869817304,0.0244302614
144,0.3,0.7,0.2855993321,2830,0.8868911212,0.02444988147
144,0.3,0.7,0.2855993321,2832.5,0.8868020966,0.02447510492
144,0.3,0.7,0.2855993321,2835,0.8867174944,0.02450352047
144,0.3,0.7,0.2855993321,2837.5,0.886634334,0.02452747152
144,0.3,0.7,0.2855993321,2840,0.8865561779,0.02455383741
144,0.3,0.7,0.2855993321,2842.5,0.8864743572,0.02458138165
144,0.3,0.7,0.2855993321,2845,0.8863948617,0.02460872863
144,0.3,0.7,0.2855993321,2847.5,0.8863086209,0.02463111288
144,0.3,0.7,0.2855993321,2850,0.8862254956,0.02465987533
144,0.3,0.7,0.2855993321,2852.5,0.8861345999,0.02468669209
144,0.3,0.7,0.2855993321,2855,0.8860438098,0.02471492395
144,0.3,0.7,0.2855993321,2857.5,0.885954269,0.02473763426
144,0.3,0.7,0.2855993321,2860,0.8858658732,0.02475893139
144,0.3,0.7,0.2855993321,2862.5,0.8857805292,0.0247834574
144,0.3,0.7,0.2855993321,2865,0.8856931464,0.02480763954
144,0.3,0.7,0.2855993321,2867.5,0.8856017015,0.02483239855
144,0.3,0.7,0.2855993321,2870,0.8855103353,0.02485636279
144,0.3,0.7,0.2855993321,2872.5,0.8854188169,0.02488440532
144,0.3,0.7,0.2855993321,2875,0.8853309265,0.02491462865
144,0.3,0.7,0.2855993321,2877.5,0.8852346768,0.024944343
144,0.3,0.7,0.2855993321,2880,0.8851418331,0.02496926297
144,0.3,0.7,0.2855993321,2882.5,0.8850533145,0.02500137044
144,0.3,0.7,0.2855993321,2885,0.8849663663,0.02504230873
144,0.3,0.7,0.2855993321,2887.5,0.8848746598,0.02508893601
144,0.3,0.7,0.2855993321,2890,0.8847753622,0.02512801491
144,0.3,0.7,0.2855993321,2892.5,0.8846734657,0.02516882882
144,0.3,0.7,0.2855993321,2895,0.8845823231,0.02520473528
144,0.3,0.7,0.2855993321,2897.5,0.88448901,0.02524268267
144,0.3,0.7,0.2855993321,2900,0.8843977223,0.02527736309
144,0.3,0.7,0.2855993321,2902.5,0.8843117558,0.02531042923
144,0.3,0.7,0.2855993321,2905,0.8842201982,0.02534551033
144,0.3,0.7,0.2855993321,2907.5,0.8841110449,0.02538739932
144,0.3,0.7,0.2855993321,2910,0.8840087138,0.02542925555
144,0.3,0.7,0.2855993321,2912.5,0.8839217468,0.02547141893
144,0.3,0.7,0.2855993321,2915,0.8838359284,0.02551389564
144,0.3,0.7,0.2855993321,2917.5,0.8837602137,0.02555897989
144,0.3,0.7,0.2855993321,2920,0.8836855191,0.02560528423
144,0.3,0.7,0.2855993321,2922.5,0.8836156133,0.02565772
144,0.3,0.7,0.2855993321,2925,0.8835425591,0.02570790615
144,0.3,0.7,0.2855993321,2927.5,0.8834649283,0.0257594083
144,0.3,0.7,0.2855993321,2930,0.8833886535,0.02580570306
144,0.3,0.7,0.2855993321,2932.5,0.8833098884,0.02585078816
144,0.3,0.7,0.2855993321,2935,0.8832257692,0.02589713284
144,0.3,0.7,0.2855993321,2937.5,0.883140125,0.02594079705
144,0.3,0.7,0.2855993321,2940,0.8830481516,0.02598304486
144,0.3,0.7,0.2855993321,2942.5,0.8829670125,0.02602683539
144,0.3,0.7,0.2855993321,2945,0.8828836653,0.02607269202
144,0.3,0.7,0.2855993321,2947.5,0.8828014149,0.02612118627
144,0.3,0.7,0.2855993321,2950,0.8827219289,0.02616191117
144,0.3,0.7,0.2855993321,2952.5,0.8826343061,0.02619856557
144,0.3,0.7,0.2855993321,2955,0.8825576992,0.02623368926
144,0.3,0.7,0.2855993321,2957.5,0.8824910678,0.02626916337
144,0.3,0.7,0.2855993321,2960,0.8824149913,0.02630698464
144,0.3,0.7,0.2855993321,2962.5,0.8823366228,0.02634437264
144,0.3,0.7,0.2855993321,2965,0.8822591982,0.02638105963
144,0.3,0.7,0.2855993321,2967.5,0.8821813674,0.02641389574
144,0.3,0.7,0.2855993321,2970,0.8821134009,0.02644377053
144,0.3,0.7,0.2855993321,2972.5,0.8820381064,0.02648012338
144,0.3,0.7,0.2855993321,2975,0.8819637896,0.0265191396
144,0.3,0.7,0.2855993321,2977.5,0.8818764353,0.02655614603
144,0.3,0.7,0.2855993321,2980,0.8817793641,0.02659257388
144,0.3,0.7,0.2855993321,2982.5,0.8816852881,0.02663053549
144,0.3,0.7,0.2855993321,2985,0.8816004049,0.02667127614
144,0.3,0.7,0.2855993321,2987.5,0.881512978,0.02671336411
144,0.3,0.7,0.2855993321,2990,0.8814204216,0.02675863124
144,0.3,0.7,0.2855993321,2992.5,0.8813213644,0.02680545341
144,0.3,0.7,0.2855993321,2995,0.8812297929,0.02685510884
144,0.3,0.7,0.2855993321,2997.5,0.8811448493,0.02690473114
144,0.3,0.7,0.2855993321,3000,0.8810673458,0.0269503337
144,0.3,0.7,0.2855993321,3002.5,0.8809875885,0.02699280632
144,0.3,0.7,0.2855993321,3005,0.8809014579,0.02702955473
144,0.3,0.7,0.2855993321,3007.5,0.8808093226,0.02706707207
144,0.3,0.7,0.2855993321,3010,0.880721347,0.02710505436
144,0.3,0.7,0.2855993321,3012.5,0.8806309611,0.02714287018
144,0.3,0.7,0.2855993321,3015,0.8805394649,0.02717849876
144,0.3,0.7,0.2855993321,3017.5,0.8804441747,0.02721286417
144,0.3,0.7,0.2855993321,3020,0.8803558165,0.02724849228
144,0.3,0.7,0.2855993321,3022.5,0.8802774548,0.0272838076
144,0.3,0.7,0.2855993321,3025,0.8801850185,0.02731684145
144,0.3,0.7,0.2855993321,3027.5,0.880092655,0.02735347751
144,0.3,0.7,0.2855993321,3030,0.879989908,0.02738801108
144,0.3,0.7,0.2855993321,3032.5,0.8798925905,0.02741755067
144,0.3,0.7,0.2855993321,3035,0.8798013195,0.027445177
144,0.3,0.7,0.2855993321,3037.5,0.8797118869,0.02746769634
144,0.3,0.7,0.2855993321,3040,0.8796200562,0.02749131985
144,0.3,0.7,0.2855993321,3042.5,0.8795247493,0.02751534914
144,0.3,0.7,0.2855993321,3045,0.8794406206,0.0275467043
144,0.3,0.7,0.2855993321,3047.5,0.8793600961,0.02757668527
144,0.3,0.7,0.2855993321,3050,0.8792812054,0.02760528303
144,0.3,0.7,0.2855993321,3052.5,0.8791973791,0.02763564787
144,0.3,0.7,0.2855993321,3055,0.8791127225,0.027670058
144,0.3,0.7,0.2855993321,3057.5,0.879023468,0.02770411877
144,0.3,0.7,0.2855993321,3060,0.8789414276,0.02773876107
144,0.3,0.7,0.2855993321,3062.5,0.8788510454,0.02777280667
144,0.3,0.7,0.2855993321,3065,0.8787638439,0.02780971792
144,0.3,0.7,0.2855993321,3067.5,0.8786757783,0.02784471305
144,0.3,0.7,0.2855993321,3070,0.8785856016,0.02788134376
144,0.3,0.7,0.2855993321,3072.5,0.8784882072,0.02791100825
144,0.3,0.7,0.2855993321,3075,0.8783871515,0.02793961168
144,0.3,0.7,0.2855993321,3077.5,0.878291461,0.02796424442
144,0.3,0.7,0.2855993321,3080,0.8782076768,0.02798501748
144,0.3,0.7,0.2855993321,3082.5,0.8781276054,0.02800536054
144,0.3,0.7,0.2855993321,3085,0.8780392547,0.02802911022
144,0.3,0.7,0.2855993321,3087.5,0.8779476875,0.02805046472
144,0.3,0.7,0.2855993321,3090,0.8778480146,0.02807465077
144,0.3,0.7,0.2855993321,3092.5,0.8777439749,0.02809592455
144,0.3,0.7,0.2855993321,3095,0.8776475671,0.02811794489
144,0.3,0.7,0.2855993321,3097.5,0.877557158,0.02813633327
144,0.3,0.7,0.2855993321,3100,0.8774732681,0.02816166156
144,0.3,0.7,0.2855993321,3102.5,0.877382139,0.0281821682
144,0.3,0.7,0.2855993321,3105,0.877298561,0.02819898739
144,0.3,0.7,0.2855993321,3107.5,0.8772133483,0.02821478208
144,0.3,0.7,0.2855993321,3110,0.877128725,0.02823113215
144,0.3,0.7,0.2855993321,3112.5,0.8770513372,0.02824914085
144,0.3,0.7,0.2855993321,3115,0.8769694544,0.02827154879
144,0.3,0.7,0.2855993321,3117.5,0.8768912936,0.02829476264
144,0.3,0.7,0.2855993321,3120,0.8768002155,0.02832081941
144,0.3,0.7,0.2855993321,3122.5,0.8767081374,0.02834248819
144,0.1,0.9,0.2855993321,0,1,0
144,0.1,0.9,0.2855993321,2.5,0.9997085776,1.727098467e-05
144,0.1,0.9,0.2855993321,5,0.9994373358,3.535378354e-05
144,0.1,0.9,0.2855993321,7.5,0.9992002349,5.168571101e-05
144,0.1,0.9,0.2855993321,10,0.9989883681,6.638508918e-05
144,0.1,0.9,0.2855993321,12.5,0.9987901158,8.604620995e-05
144,0.1,0.9,0.2855993321,15,0.9985963549,0.0001057695346
144,0.1,0.9,0.2855993321,17.5,0.998411556,0.0001267052893
144,0.1,0.9,0.2855993321,20,0.9982438901,0.0001458808731
144,0.1,0.9,0.2855993321,22.5,0.998079873,0.0001679449415
144,0.1,0.9,0.2855993321,25,0.9979169932,0.0001921884635
144,0.1,0.9,0.2855993321,27.5,0.9977610248,0.0002167302116
144,0.1,0.9,0.2855993321,30,0.9976081244,0.0002392891552
144,0.1,0.9,0.2855993321,32.5,0.9974540018,0.000260065496
144,0.1,0.9,0.2855993321,35,0.9972974061,0.0002868714766
144,0.1,0.9,0.2855993321,37.5,0.9971484066,0.0003109211476
144,0.1,0.9,0.2855993321,40,0.9969983875,0.0003373387336
144,0.1,0.9,0.2855993321,42.5,0.9968511097,0.0003602780038
144,0.1,0.9,0.2855993321,45,0.9967071309,0.0003824615449
144,0.1,0.9,0.2855993321,47.5,0.996563507,0.0004094877521
144,0.1,0.9,0.2855993321,50,0.9964236369,0.0004361517882
144,0.1,0.9,0.2855993321,52.5,0.9962835851,0.0004650845821
144,0.1,0.9,0.2855993321,55,0.9961455204,0.0004945804391
144,0.1,0.9,0.2855993321,57.5,0.9960071228,0.0005240065117
144,0.1,0.9,0.2855993321,60,0.9958696072,0.0005543013692
144,0.1,0.9,0.2855993321,62.5,0.9957326246,0.0005831102252
144,0.1,0.9,0.2855993321,65,0.9956001685,0.0006123608452
144,0.1,0.9,0.2855993321,67.5,0.9954730364,0.0006392126653
144,0.1,0.9,0.2855993321,70,0.9953443149,0.0006638334757
144,0.1,0.9,0.2855993321,72.5,0.995213361,0.0006867180557
144,0.1,0.9,0.2855993321,75,0.9950844117,0.0007030551031
144,0.1,0.9,0.2855993321,77.5,0.9949568879,0.0007187159667
144,0.1,0.9,0.2855993321,80,0.9948314872,0.0007392166048
144,0.1,0.9,0.2855993321,82.5,0.9947018485,0.0007617281992
144,0.1,0.9,0.2855993321,85,0.9945680045,0.000781630915
144,0.1,0.9,0.2855993321,87.5,0.9944307554,0.0007983243514
144,0.1,0.9,0.2855993321,90,0.9942931173,0.0008155417779
144,0.1,0.9,0.2855993321,92.5,0.9941595241,0.0008327627679
144,0.1,0.9,0.2855993321,95,0.9940280196,0.0008503812273
144,0.1,0.9,0.2855993321,97.5,0.9938965593,0.0008676525541
144,0.1,0.9,0.2855993321,100,0.9937681837,0.0008871494266
144,0.1,0.9,0.2855993321,102.5,0.993639248,0.0009018073208
144,0.1,0.9,0.2855993321,105,0.9935146988,0.0009127863898
144,0.1,0.9,0.2855993321,107.5,0.9933898156,0.0009245898664
144,0.1,0.9,0.2855993321,110,0.9932638897,0.0009318780385
144,0.1,0.9,0.2855993321,112.5,0.9931372911,0.000944425725
144,0.1,0.9,0.2855993321,115,0.9930085897,0.0009585872825
144,0.1,0.9,0.2855993321,117.5,0.9928807019,0.0009722785503
144,0.1,0.9,0.2855993321,120,0.9927502633,0.00098443112
144,0.1,0.9,0.2855993321,122.5,0.9926179477,0.0009950210983
144,0.1,0.9,0.2855993321,125,0.9924875989,0.00100059866
144,0.1,0.9,0.2855993321,127.5,0.9923627276,0.001008383797
144,0.1,0.9,0.2855993321,130,0.9922344028,0.001019681262
144,0.1,0.9,0.2855993321,132.5,0.9921099417,0.001032051869
144,0.1,0.9,0.2855993321,135,0.991984871,0.00104534928
144,0.1,0.9,0.2855993321,137.5,0.9918534115,0.001058527296
144,0.1,0.9,0.2855993321,140,0.9917231006,0.00107240234
144,0.1,0.9,0.2855993321,142.5,0.9915892592,0.001088536237
144,0.1,0.9,0.2855993321,145,0.9914580886,0.00109985328
144,0.1,0.9,0.2855993321,147.5,0.9913269848,0.001109595873
144,0.1,0.9,0.2855993321,150,0.991198734,0.001115632285
144,0.1,0.9,0.2855993321,152.5,0.9910725337,0.001119827105
144,0.1,0.9,0.2855993321,155,0.9909476361,0.001122003977
144,0.1,0.9,0.2855993321,157.5,0.9908194046,0.001126291816
144,0.1,0.9,0.2855993321,160,0.9906969149,0.001130186499
144,0.1,0.9,0.2855993321,162.5,0.990575782,0.00113284008
144,0.1,0.9,0.2855993321,165,0.9904596328,0.001135284528
144,0.1,0.9,0.2855993321,167.5,0.9903495505,0.001140195785
144,0.1,0.9,0.2855993321,170,0.9902287637,0.001147298332
144,0.1,0.9,0.2855993321,172.5,0.9901082772,0.00115430625
144,0.1,0.9,0.2855993321,175,0.9899831765,0.001161406414
144,0.1,0.9,0.2855993321,177.5,0.9898622477,0.00116743754
144,0.1,0.9,0.2855993321,180,0.9897421558,0.001170530415
144,0.1,0.9,0.2855993321,182.5,0.9896214538,0.001173606102
144,0.1,0.9,0.2855993321,185,0.9895021908,0.001179066635
144,0.1,0.9,0.2855993321,187.5,0.9893813094,0.001185085013
144,0.1,0.9,0.2855993321,190,0.9892627796,0.001193307109
144,0.1,0.9,0.2855993321,192.5,0.9891499427,0.001196578787
144,0.1,0.9,0.2855993321,195,0.9890353023,0.001197328663
144,0.1,0.9,0.2855993321,197.5,0.9889209437,0.001197639202
144,0.1,0.9,0.2855993321,200,0.9888095318,0.001197204689
144,0.1,0.9,0.2855993321,202.5,0.9886906005,0.00119711198
144,0.1,0.9,0.2855993321,205,0.9885752703,0.001196126385
144,0.1,0.9,0.2855993321,207.5,0.9884655034,0.001198859698
144,0.1,0.9,0.2855993321,210,0.9883549907,0.00119971173
144,0.1,0.9,0.2855993321,212.5,0.9882463695,0.00120154435
144,0.1,0.9,0.2855993321,215,0.9881364648,0.00120541767
144,0.1,0.9,0.2855993321,217.5,0.9880273409,0.001211352851
144,0.1,0.9,0.2855993321,220,0.987918579,0.001216291996
144,0.1,0.9,0.2855993321,222.5,0.9878091616,0.001221458482
144,0.1,0.9,0.2855993321,225,0.9877030509,0.001223627887
144,0.1,0.9,0.2855993321,227.5,0.9875945453,0.001230896613
144,0.1,0.9,0.2855993321,230,0.9874835132,0.001234491175
144,0.1,0.9,0.2855993321,232.5,0.9873691375,0.001235646042
144,0.1,0.9,0.2855993321,235,0.9872549649,0.001241054785
144,0.1,0.9,0.2855993321,237.5,0.9871455962,0.001246815618
144,0.1,0.9,0.2855993321,240,0.9870352147,0.001251576641
144,0.1,0.9,0.2855993321,242.5,0.9869266297,0.001259052286
144,0.1,0.9,0.2855993321,245,0.9868233224,0.001265487761
144,0.1,0.9,0.2855993321,247.5,0.9867206914,0.001270417606
144,0.1,0.9,0.2855993321,250,0.9866213479,0.001280919578
144,0.1,0.9,0.2855993321,252.5,0.9865220256,0.001290506058
144,0.1,0.9,0.2855993321,255,0.9864252068,0.001297756536
144,0.1,0.9,0.2855993321,257.5,0.9863239944,0.001307867926
144,0.1,0.9,0.2855993321,260,0.9862191003,0.001318494357
144,0.1,0.9,0.2855993321,262.5,0.9861221696,0.001328418288
144,0.1,0.9,0.2855993321,265,0.9860243196,0.001337921331
144,0.1,0.9,0.2855993321,267.5,0.9859293758,0.001345142248
144,0.1,0.9,0.2855993321,270,0.985830359,0.001350669818
144,0.1,0.9,0.2855993321,272.5,0.9857326275,0.001354306979
144,0.1,0.9,0.2855993321,275,0.9856375,0.001357883346
144,0.1,0.9,0.2855993321,277.5,0.9855465229,0.001360974331
144,0.1,0.9,0.2855993321,280,0.9854512732,0.001367038787
144,0.1,0.9,0.2855993321,282.5,0.9853583872,0.001372753879
144,0.1,0.9,0.2855993321,285,0.9852573034,0.001378514171
144,0.1,0.9,0.2855993321,287.5,0.9851556028,0.001384562844
144,0.1,0.9,0.2855993321,290,0.9850525786,0.001389245511
144,0.1,0.9,0.2855993321,292.5,0.9849521741,0.001395086613
144,0.1,0.9,0.2855993321,295,0.9848552604,0.001402345785
144,0.1,0.9,0.2855993321,297.5,0.9847578829,0.00141091649
144,0.1,0.9,0.2855993321,300,0.9846614228,0.001419220181
144,0.1,0.9,0.2855993321,302.5,0.9845608733,0.001426372281
144,0.1,0.9,0.2855993321,305,0.9844640356,0.001433738213
144,0.1,0.9,0.2855993321,307.5,0.9843662503,0.001444679646
144,0.1,0.9,0.2855993321,310,0.9842692653,0.001451182408
144,0.1,0.9,0.2855993321,312.5,0.984168973,0.00145601718
144,0.1,0.9,0.2855993321,315,0.98406266,0.00146161573
144,0.1,0.9,0.2855993321,317.5,0.9839538733,0.001471780073
144,0.1,0.9,0.2855993321,320,0.983846282,0.001475889764
144,0.1,0.9,0.2855993321,322.5,0.983737581,0.001478717567
144,0.1,0.9,0.2855993321,325,0.9836267706,0.001485517458
144,0.1,0.9,0.2855993321,327.5,0.983520029,0.001492753295
144,0.1,0.9,0.2855993321,330,0.9834130167,0.001500476341
144,0.1,0.9,0.2855993321,332.5,0.9833057955,0.001506806807
144,0.1,0.9,0.2855993321,335,0.9831950907,0.001515988749
144,0.1,0.9,0.2855993321,337.5,0.9830843627,0.001524244946
144,0.1,0.9,0.2855993321,340,0.9829779738,0.001535768761
144,0.1,0.9,0.2855993321,342.5,0.9828701972,0.00154702434
144,0.1,0.9,0.2855993321,345,0.982760959,0.001558820441
144,0.1,0.9,0.2855993321,347.5,0.9826449222,0.001570097336
144,0.1,0.9,0.2855993321,350,0.9825289822,0.001578407493
144,0.1,0.9,0.2855993321,352.5,0.9824121872,0.00158624314
144,0.1,0.9,0.2855993321,355,0.982294849,0.001590217333
144,0.1,0.9,0.2855993321,357.5,0.9821841132,0.00159686967
144,0.1,0.9,0.2855993321,360,0.982073546,0.001601363195
144,0.1,0.9,0.2855993321,362.5,0.9819663446,0.001605814859
144,0.1,0.9,0.2855993321,365,0.9818612533,0.001608722829
144,0.1,0.9,0.2855993321,367.5,0.9817586433,0.001614725022
144,0.1,0.9,0.2855993321,370,0.9816508581,0.001620966712
144,0.1,0.9,0.2855993321,372.5,0.9815422327,0.001629245374
144,0.1,0.9,0.2855993321,375,0.9814335938,0.001637975841
144,0.1,0.9,0.2855993321,377.5,0.981329127,0.001644071574
144,0.1,0.9,0.2855993321,380,0.9812318876,0.001650834226
144,0.1,0.9,0.2855993321,382.5,0.9811311545,0.00166027858
144,0.1,0.9,0.2855993321,385,0.9810342261,0.001668428249
144,0.1,0.9,0.2855993321,387.5,0.9809355535,0.001679768135
144,0.1,0.9,0.2855993321,390,0.9808404369,0.001690910036
144,0.1,0.9,0.2855993321,392.5,0.98075196,0.001703132092
144,0.1,0.9,0.2855993321,395,0.9806652678,0.001713039257
144,0.1,0.9,0.2855993321,397.5,0.9805796652,0.00172308295
144,0.1,0.9,0.2855993321,400,0.9804961742,0.001730875237
144,0.1,0.9,0.2855993321,402.5,0.980415704,0.001737163832
144,0.1,0.9,0.2855993321,405,0.9803319659,0.001739151006
144,0.1,0.9,0.2855993321,407.5,0.9802479675,0.001744536711
144,0.1,0.9,0.2855993321,410,0.9801641418,0.001745857293
144,0.1,0.9,0.2855993321,412.5,0.9800749298,0.001746821625
144,0.1,0.9,0.2855993321,415,0.9799881711,0.001747728607
144,0.1,0.9,0.2855993321,417.5,0.9799014276,0.001749441383
144,0.1,0.9,0.2855993321,420,0.9798197154,0.001748926324
144,0.1,0.9,0.2855993321,422.5,0.9797416766,0.001749446248
144,0.1,0.9,0.2855993321,425,0.9796624938,0.001749526443
144,0.1,0.9,0.2855993321,427.5,0.9795839995,0.001748101162
144,0.1,0.9,0.2855993321,430,0.9795065337,0.001745871398
144,0.1,0.9,0.2855993321,432.5,0.9794200382,0.001742163027
144,0.1,0.9,0.2855993321,435,0.9793273562,0.001739910419
144,0.1,0.9,0.2855993321,437.5,0.9792349563,0.001736761565
144,0.1,0.9,0.2855993321,440,0.9791450975,0.001728146801
144,0.1,0.9,0.2855993321,442.5,0.9790505826,0.001719748313
144,0.1,0.9,0.2855993321,445,0.978956972,0.001711945904
144,0.1,0.9,0.2855993321,447.5,0.9788672788,0.001702677358
144,0.1,0.9,0.2855993321,450,0.9787800008,0.001689009437
144,0.1,0.9,0.2855993321,452.5,0.9786904818,0.001675956608
144,0.1,0.9,0.2855993321,455,0.9786023113,0.001665396198
144,0.1,0.9,0.2855993321,457.5,0.9785174697,0.001651992276
144,0.1,0.9,0.2855993321,460,0.9784370907,0.001638558491
144,0.1,0.9,0.2855993321,462.5,0.9783499488,0.001631197737
144,0.1,0.9,0.2855993321,465,0.9782694016,0.001623031562
144,0.1,0.9,0.2855993321,467.5,0.9781852626,0.00161428884
144,0.1,0.9,0.2855993321,470,0.9781027938,0.001603117706
144,0.1,0.9,0.2855993321,472.5,0.9780193713,0.001593708203
144,0.1,0.9,0.2855993321,475,0.9779378824,0.001584338263
144,0.1,0.9,0.2855993321,477.5,0.97785316,0.00157829772
144,0.1,0.9,0.2855993321,480,0.9777736312,0.001576677059
144,0.1,0.9,0.2855993321,482.5,0.9776877825,0.001577332414
144,0.1,0.9,0.2855993321,485,0.9776041827,0.001576508617
144,0.1,0.9,0.2855993321,487.5,0.9775176878,0.001574722577
144,0.1,0.9,0.2855993321,490,0.9774333082,0.001569964374
144,0.1,0.9,0.2855993321,492.5,0.9773530138,0.001566469325
144,0.1,0.9,0.2855993321,495,0.9772729217,0.001561559072
144,0.1,0.9,0.2855993321,497.5,0.9771996288,0.001555415694
144,0.1,0.9,0.2855993321,500,0.9771196893,0.001549379079
144,0.1,0.9,0.2855993321,502.5,0.9770339719,0.001545461784
144,0.1,0.9,0.2855993321,505,0.9769494354,0.001541900772
144,0.1,0.9,0.2855993321,507.5,0.9768684334,0.001537584556
144,0.1,0.9,0.2855993321,510,0.9767861391,0.001537530321
144,0.1,0.9,0.2855993321,512.5,0.9766982379,0.001540033524
144,0.1,0.9,0.2855993321,515,0.976609132,0.001540101047
144,0.1,0.9,0.2855993321,517.5,0.9765255478,0.001541643584
144,0.1,0.9,0.2855993321,520,0.9764460722,0.001540835921
144,0.1,0.9,0.2855993321,522.5,0.9763668667,0.001538912072
144,0.1,0.9,0.2855993321,525,0.9762863564,0.001539634803
144,0.1,0.9,0.2855993321,527.5,0.9762062796,0.001537190325
144,0.1,0.9,0.2855993321,530,0.9761266774,0.001534319978
144,0.1,0.9,0.2855993321,532.5,0.9760427395,0.001533524176
144,0.1,0.9,0.2855993321,535,0.9759609674,0.001532910584
144,0.1,0.9,0.2855993321,537.5,0.9758794819,0.00153114387
144,0.1,0.9,0.2855993321,540,0.975793612,0.001529140196
144,0.1,0.9,0.2855993321,542.5,0.9757055808,0.00152812728
144,0.1,0.9,0.2855993321,545,0.9756220155,0.001528275265
144,0.1,0.9,0.2855993321,547.5,0.9755383889,0.001525648559
144,0.1,0.9,0.2855993321,550,0.9754572746,0.001521355757
144,0.1,0.9,0.2855993321,552.5,0.9753761058,0.00151501816
144,0.1,0.9,0.2855993321,555,0.9752945649,0.001509332366
144,0.1,0.9,0.2855993321,557.5,0.9752110479,0.001501837948
144,0.1,0.9,0.2855993321,560,0.9751262673,0.00149815047
144,0.1,0.9,0.2855993321,562.5,0.9750439311,0.001496778686
144,0.1,0.9,0.2855993321,565,0.9749589322,0.001491592378
144,0.1,0.9,0.2855993321,567.5,0.9748734583,0.001487163691
144,0.1,0.9,0.2855993321,570,0.9747873847,0.001480606453
144,0.1,0.9,0.2855993321,572.5,0.9747040199,0.001470504782
144,0.1,0.9,0.2855993321,575,0.9746241692,0.001462561745
144,0.1,0.9,0.2855993321,577.5,0.9745371827,0.001456715949
144,0.1,0.9,0.2855993321,580,0.9744514188,0.00144958073
144,0.1,0.9,0.2855993321,582.5,0.9743657072,0.001439964386
144,0.1,0.9,0.2855993321,585,0.9742761013,0.001432217308
144,0.1,0.9,0.2855993321,587.5,0.9741848808,0.00142649881
144,0.1,0.9,0.2855993321,590,0.974093863,0.001422289807
144,0.1,0.9,0.2855993321,592.5,0.9740088579,0.001416021445
144,0.1,0.9,0.2855993321,595,0.9739207462,0.001409483808
144,0.1,0.9,0.2855993321,597.5,0.9738317962,0.001403967033
144,0.1,0.9,0.2855993321,600,0.9737416345,0.001397493977
144,0.1,0.9,0.2855993321,602.5,0.9736535753,0.001391720262
144,0.1,0.9,0.2855993321,605,0.9735548901,0.001388212939
144,0.1,0.9,0.2855993321,607.5,0.9734506581,0.001385188737
144,0.1,0.9,0.2855993321,610,0.9733460409,0.001386181564
144,0.1,0.9,0.2855993321,612.5,0.9732499188,0.001385471628
144,0.1,0.9,0.2855993321,615,0.973154144,0.001383997724
144,0.1,0.9,0.2855993321,617.5,0.9730605058,0.00138483815
144,0.1,0.9,0.2855993321,620,0.9729669755,0.001385646319
144,0.1,0.9,0.2855993321,622.5,0.9728743929,0.001384162995
144,0.1,0.9,0.2855993321,625,0.9727802457,0.00138008877
144,0.1,0.9,0.2855993321,627.5,0.9726781392,0.001374387141
144,0.1,0.9,0.2855993321,630,0.9725735029,0.001368373638
144,0.1,0.9,0.2855993321,632.5,0.9724764201,0.001364574074
144,0.1,0.9,0.2855993321,635,0.9723863796,0.001360544559
144,0.1,0.9,0.2855993321,637.5,0.9722989246,0.001352106039
144,0.1,0.9,0.2855993321,640,0.9722160352,0.00134512926
144,0.1,0.9,0.2855993321,642.5,0.9721346106,0.001336720362
144,0.1,0.9,0.2855993321,645,0.9720481911,0.001329266703
144,0.1,0.9,0.2855993321,647.5,0.9719616376,0.001324760717
144,0.1,0.9,0.2855993321,650,0.9718753085,0.001317162425
144,0.1,0.9,0.2855993321,652.5,0.9717869063,0.001309916277
144,0.1,0.9,0.2855993321,655,0.9716925317,0.001300700275
144,0.1,0.9,0.2855993321,657.5,0.9716040766,0.001293097968
144,0.1,0.9,0.2855993321,660,0.9715101115,0.001284659769
144,0.1,0.9,0.2855993321,662.5,0.9714133096,0.001276027186
144,0.1,0.9,0.2855993321,665,0.971312786,0.00126609261
144,0.1,0.9,0.2855993321,667.5,0.9712148176,0.001260604157
144,0.1,0.9,0.2855993321,670,0.971117623,0.00125594644
144,0.1,0.9,0.2855993321,672.5,0.971021211,0.001251150398
144,0.1,0.9,0.2855993321,675,0.9709360859,0.001245432973
144,0.1,0.9,0.2855993321,677.5,0.9708463439,0.001240039256
144,0.1,0.9,0.2855993321,680,0.970754785,0.001231535339
144,0.1,0.9,0.2855993321,682.5,0.9706655014,0.001226563362
144,0.1,0.9,0.2855993321,685,0.9705685342,0.001223946029
144,0.1,0.9,0.2855993321,687.5,0.970469873,0.001223498935
144,0.1,0.9,0.2855993321,690,0.9703720544,0.001224259412
144,0.1,0.9,0.2855993321,692.5,0.9702707628,0.001224046722
144,0.1,0.9,0.2855993321,695,0.9701735801,0.001223245924
144,0.1,0.9,0.2855993321,697.5,0.970071454,0.001225249226
144,0.1,0.9,0.2855993321,700,0.9699706057,0.001227096835
144,0.1,0.9,0.2855993321,702.5,0.9698759632,0.001232534705
144,0.1,0.9,0.2855993321,705,0.969782877,0.001238558944
144,0.1,0.9,0.2855993321,707.5,0.9696918858,0.001245855626
144,0.1,0.9,0.2855993321,710,0.9696009742,0.001252218393
144,0.1,0.9,0.2855993321,712.5,0.9695071518,0.001260513576
144,0.1,0.9,0.2855993321,715,0.9694157379,0.001269695953
144,0.1,0.9,0.2855993321,717.5,0.9693257979,0.001276935624
144,0.1,0.9,0.2855993321,720,0.969236479,0.001288439097
144,0.1,0.9,0.2855993321,722.5,0.9691534952,0.0012960323
144,0.1,0.9,0.2855993321,725,0.9690697114,0.001305330822
144,0.1,0.9,0.2855993321,727.5,0.9689823186,0.001315813195
144,0.1,0.9,0.2855993321,730,0.968882175,0.001323787982
144,0.1,0.9,0.2855993321,732.5,0.9687848996,0.001333113424
144,0.1,0.9,0.2855993321,735,0.9686912485,0.00134258752
144,0.1,0.9,0.2855993321,737.5,0.9685983833,0.001352452482
144,0.1,0.9,0.2855993321,740,0.9685041279,0.001361468531
144,0.1,0.9,0.2855993321,742.5,0.9684067987,0.001371740763
144,0.1,0.9,0.2855993321,745,0.968310185,0.001378582309
144,0.1,0.9,0.2855993321,747.5,0.9682191899,0.00138486695
144,0.1,0.9,0.2855993321,750,0.9681260293,0.001392853201
144,0.1,0.9,0.2855993321,752.5,0.9680331739,0.001403410846
144,0.1,0.9,0.2855993321,755,0.9679465196,0.001415657363
144,0.1,0.9,0.2855993321,757.5,0.9678609459,0.001427003922
144,0.1,0.9,0.2855993321,760,0.9677742787,0.001437532238
144,0.1,0.9,0.2855993321,762.5,0.9676865118,0.00144874408
144,0.1,0.9,0.2855993321,765,0.967596872,0.001461053615
144,0.1,0.9,0.2855993321,767.5,0.9675104679,0.001470556107
144,0.1,0.9,0.2855993321,770,0.9674253257,0.001477292264
144,0.1,0.9,0.2855993321,772.5,0.9673379603,0.001482756884
144,0.1,0.9,0.2855993321,775,0.9672517732,0.001488032997
144,0.1,0.9,0.2855993321,777.5,0.9671650471,0.001492600411
144,0.1,0.9,0.2855993321,780,0.9670781454,0.001497661422
144,0.1,0.9,0.2855993321,782.5,0.9669916942,0.001503592007
144,0.1,0.9,0.2855993321,785,0.9669021262,0.001512026033
144,0.1,0.9,0.2855993321,787.5,0.9668150245,0.001518053475
144,0.1,0.9,0.2855993321,790,0.9667242204,0.001523035229
144,0.1,0.9,0.2855993321,792.5,0.9666348593,0.001528010299
144,0.1,0.9,0.2855993321,795,0.9665493686,0.001530403358
144,0.1,0.9,0.2855993321,797.5,0.9664644894,0.001533367294
144,0.1,0.9,0.2855993321,800,0.9663811646,0.00153733164
144,0.1,0.9,0.2855993321,802.5,0.9663082501,0.001541292127
144,0.1,0.9,0.2855993321,805,0.9662325636,0.001544673382
144,0.1,0.9,0.2855993321,807.5,0.9661500357,0.001547483138
144,0.1,0.9,0.2855993321,810,0.9660704032,0.001551012877
144,0.1,0.9,0.2855993321,812.5,0.9659895267,0.001553771034
144,0.1,0.9,0.2855993321,815,0.9659103821,0.001560477699
144,0.1,0.9,0.2855993321,817.5,0.965824273,0.001564853326
144,0.1,0.9,0.2855993321,820,0.9657342314,0.001566950929
144,0.1,0.9,0.2855993321,822.5,0.9656437323,0.001566985847
144,0.1,0.9,0.2855993321,825,0.9655521851,0.001568496356
144,0.1,0.9,0.2855993321,827.5,0.965462693,0.001571503328
144,0.1,0.9,0.2855993321,830,0.9653731802,0.001576843177
144,0.1,0.9,0.2855993321,832.5,0.9652857238,0.001584418774
144,0.1,0.9,0.2855993321,835,0.9652040535,0.001594679983
144,0.1,0.9,0.2855993321,837.5,0.9651183338,0.001603847272
144,0.1,0.9,0.2855993321,840,0.9650324034,0.001616943635
144,0.1,0.9,0.2855993321,842.5,0.9649401912,0.001628527449
144,0.1,0.9,0.2855993321,845,0.9648441314,0.001639074847
144,0.1,0.9,0.2855993321,847.5,0.9647512852,0.001651784598
144,0.1,0.9,0.2855993321,850,0.9646615605,0.001660627728
144,0.1,0.9,0.2855993321,852.5,0.9645781426,0.001671240453
144,0.1,0.9,0.2855993321,855,0.9644912408,0.001685991987
144,0.1,0.9,0.2855993321,857.5,0.9643971063,0.001701575111
144,0.1,0.9,0.2855993321,860,0.9643020809,0.001715565912
144,0.1,0.9,0.2855993321,862.5,0.9642035281,0.001733986292
144,0.1,0.9,0.2855993321,865,0.9640998002,0.001751445997
144,0.1,0.9,0.2855993321,867.5,0.9639989502,0.001764279756
144,0.1,0.9,0.2855993321,870,0.9638998186,0.001775776306
144,0.1,0.9,0.2855993321,872.5,0.9637979281,0.001785262538
144,0.1,0.9,0.2855993321,875,0.9637022516,0.001794365975
144,0.1,0.9,0.2855993321,877.5,0.9636051959,0.001801695458
144,0.1,0.9,0.2855993321,880,0.963506665,0.001807657775
144,0.1,0.9,0.2855993321,882.5,0.9634074736,0.001816118466
144,0.1,0.9,0.2855993321,885,0.9633130037,0.001827978334
144,0.1,0.9,0.2855993321,887.5,0.9632155653,0.001838741408
144,0.1,0.9,0.2855993321,890,0.9631193941,0.001846186964
144,0.1,0.9,0.2855993321,892.5,0.9630124546,0.00185369177
144,0.1,0.9,0.2855993321,895,0.9629058951,0.001864694418
144,0.1,0.9,0.2855993321,897.5,0.9628020992,0.001873503843
144,0.1,0.9,0.2855993321,900,0.9627065783,0.001881361438
144,0.1,0.9,0.2855993321,902.5,0.9626055606,0.001890323316
144,0.1,0.9,0.2855993321,905,0.9625029956,0.001902296535
144,0.1,0.9,0.2855993321,907.5,0.9624061127,0.001911447259
144,0.1,0.9,0.2855993321,910,0.962309761,0.001921083538
144,0.1,0.9,0.2855993321,912.5,0.9622074302,0.001936386254
144,0.1,0.9,0.2855993321,915,0.9621021544,0.001948598289
144,0.1,0.9,0.2855993321,917.5,0.9620035185,0.00196056496
144,0.1,0.9,0.2855993321,920,0.9618980058,0.001971473372
144,0.1,0.9,0.2855993321,922.5,0.9617883484,0.00197801962
144,0.1,0.9,0.2855993321,925,0.9616818707,0.001984506966
144,0.1,0.9,0.2855993321,927.5,0.9615713774,0.001994230811
144,0.1,0.9,0.2855993321,930,0.9614566163,0.002002499598
144,0.1,0.9,0.2855993321,932.5,0.9613398663,0.002008143757
144,0.1,0.9,0.2855993321,935,0.9612221402,0.002013534571
144,0.1,0.9,0.2855993321,937.5,0.9611083967,0.002015982195
144,0.1,0.9,0.2855993321,940,0.9609939624,0.002021495273
144,0.1,0.9,0.2855993321,942.5,0.960876657,0.002026730057
144,0.1,0.9,0.2855993321,945,0.9607606861,0.002033185259
144,0.1,0.9,0.2855993321,947.5,0.960649582,0.002040964597
144,0.1,0.9,0.2855993321,950,0.9605399987,0.002048479244
144,0.1,0.9,0.2855993321,952.5,0.9604238424,0.002054021994
144,0.1,0.9,0.2855993321,955,0.960307159,0.002058916161
144,0.1,0.9,0.2855993321,957.5,0.960186627,0.002061574148
144,0.1,0.9,0.2855993321,960,0.9600649454,0.002061854533
144,0.1,0.9,0.2855993321,962.5,0.9599406975,0.002061756038
144,0.1,0.9,0.2855993321,965,0.9598199642,0.002062656847
144,0.1,0.9,0.2855993321,967.5,0.959698769,0.002064994373
144,0.1,0.9,0.2855993321,970,0.9595812151,0.002071149753
144,0.1,0.9,0.2855993321,972.5,0.9594579135,0.002076794002
144,0.1,0.9,0.2855993321,975,0.9593436957,0.002080847066
144,0.1,0.9,0.2855993321,977.5,0.9592345826,0.002086539293
144,0.1,0.9,0.2855993321,980,0.9591178736,0.002090696903
144,0.1,0.9,0.2855993321,982.5,0.9590001112,0.002095003217
144,0.1,0.9,0.2855993321,985,0.9588904087,0.002098863897
144,0.1,0.9,0.2855993321,987.5,0.9587732473,0.002102891388
144,0.1,0.9,0.2855993321,990,0.9586606596,0.002106747228
144,0.1,0.9,0.2855993321,992.5,0.9585453167,0.002115493661
144,0.1,0.9,0.2855993321,995,0.9584252939,0.002120768087
144,0.1,0.9,0.2855993321,997.5,0.9583119642,0.002126612099
144,0.1,0.9,0.2855993321,1000,0.9581920791,0.0021347233
144,0.1,0.9,0.2855993321,1002.5,0.9580745808,0.00214062631
144,0.1,0.9,0.2855993321,1005,0.9579584265,0.002146368067
144,0.1,0.9,0.2855993321,1007.5,0.9578502277,0.002155721285
144,0.1,0.9,0.2855993321,1010,0.9577471784,0.002165691439
144,0.1,0.9,0.2855993321,1012.5,0.9576429151,0.002178254142
144,0.1,0.9,0.2855993321,1015,0.9575423267,0.002189361709
144,0.1,0.9,0.2855993321,1017.5,0.9574366684,0.002202069049
144,0.1,0.9,0.2855993321,1020,0.9573320395,0.002212413582
144,0.1,0.9,0.2855993321,1022.5,0.957227393,0.002225458068
144,0.1,0.9,0.2855993321,1025,0.9571193797,0.002236549917
144,0.1,0.9,0.2855993321,1027.5,0.9570127505,0.002245914446
144,0.1,0.9,0.2855993321,1030,0.9569096165,0.002254898256
144,0.1,0.9,0.2855993321,1032.5,0.9568017292,0.002269706343
144,0.1,0.9,0.2855993321,1035,0.9566970308,0.002282622594
144,0.1,0.9,0.2855993321,1037.5,0.9565946388,0.002296005419
144,0.1,0.9,0.2855993321,1040,0.956500103,0.002308882454
144,0.1,0.9,0.2855993321,1042.5,0.9564054723,0.002325122839
144,0.1,0.9,0.2855993321,1045,0.9563130351,0.002338336354
144,0.1,0.9,0.2855993321,1047.5,0.9562169689,0.002353522557
144,0.1,0.9,0.2855993321,1050,0.956118877,0.002364694533
144,0.1,0.9,0.2855993321,1052.5,0.9560253231,0.002376237353
144,0.1,0.9,0.2855993321,1055,0.9559368365,0.002388229526
144,0.1,0.9,0.2855993321,1057.5,0.9558493141,0.002402460114
144,0.1,0.9,0.2855993321,1060,0.9557617135,0.002416638939
144,0.1,0.9,0.2855993321,1062.5,0.9556690852,0.002425403548
144,0.1,0.9,0.2855993321,1065,0.9555790216,0.002432868464
144,0.1,0.9,0.2855993321,1067.5,0.9554924998,0.002439889368
144,0.1,0.9,0.2855993321,1070,0.9554080097,0.002452920973
144,0.1,0.9,0.2855993321,1072.5,0.9553168399,0.002464518241
144,0.1,0.9,0.2855993321,1075,0.9552312142,0.002477478475
144,0.1,0.9,0.2855993321,1077.5,0.9551439679,0.002487197386
144,0.1,0.9,0.2855993321,1080,0.9550542661,0.002493060002
144,0.1,0.9,0.2855993321,1082.5,0.9549615222,0.002496876869
144,0.1,0.9,0.2855993321,1085,0.9548652189,0.002504722414
144,0.1,0.9,0.2855993321,1087.5,0.9547733459,0.002511100807
144,0.1,0.9,0.2855993321,1090,0.9546871955,0.0025191682
144,0.1,0.9,0.2855993321,1092.5,0.9546051834,0.002529282538
144,0.1,0.9,0.2855993321,1095,0.9545265025,0.002542470959
144,0.1,0.9,0.2855993321,1097.5,0.9544510324,0.002551612041
144,0.1,0.9,0.2855993321,1100,0.9543737645,0.002562195566
144,0.1,0.9,0.2855993321,1102.5,0.9542964095,0.002571074371
144,0.1,0.9,0.2855993321,1105,0.9542119032,0.002579969624
144,0.1,0.9,0.2855993321,1107.5,0.9541298892,0.002589556046
144,0.1,0.9,0.2855993321,1110,0.9540484634,0.002600044782
144,0.1,0.9,0.2855993321,1112.5,0.9539595051,0.00260990956
144,0.1,0.9,0.2855993321,1115,0.9538759909,0.002619797629
144,0.1,0.9,0.2855993321,1117.5,0.9537955012,0.002634582502
144,0.1,0.9,0.2855993321,1120,0.9537148327,0.00264958964
144,0.1,0.9,0.2855993321,1122.5,0.9536361367,0.002663105892
144,0.1,0.9,0.2855993321,1125,0.9535476449,0.002676707168
144,0.1,0.9,0.2855993321,1127.5,0.953468512,0.002689660388
144,0.1,0.9,0.2855993321,1130,0.9533891576,0.002703347721
144,0.1,0.9,0.2855993321,1132.5,0.9533069527,0.002717241378
144,0.1,0.9,0.2855993321,1135,0.9532268507,0.002735644845
144,0.1,0.9,0.2855993321,1137.5,0.9531507509,0.002750113117
144,0.1,0.9,0.2855993321,1140,0.9530730675,0.002761904134
144,0.1,0.9,0.2855993321,1142.5,0.9529947385,0.002769509358
144,0.1,0.9,0.2855993321,1145,0.9529142192,0.002775201718
144,0.1,0.9,0.2855993321,1147.5,0.9528278085,0.002786599996
144,0.1,0.9,0.2855993321,1150,0.9527400727,0.002795246017
144,0.1,0.9,0.2855993321,1152.5,0.952650437,0.002803071903
144,0.1,0.9,0.2855993321,1155,0.9525594115,0.002811673517
144,0.1,0.9,0.2855993321,1157.5,0.9524801627,0.002820720027
144,0.1,0.9,0.2855993321,1160,0.9523999711,0.002829152623
144,0.1,0.9,0.2855993321,1162.5,0.952315585,0.0028374473
144,0.1,0.9,0.2855993321,1165,0.9522279297,0.002844437628
144,0.1,0.9,0.2855993321,1167.5,0.9521313097,0.002853960294
144,0.1,0.9,0.2855993321,1170,0.9520327199,0.002865895177
144,0.1,0.9,0.2855993321,1172.5,0.9519347102,0.002876038408
144,0.1,0.9,0.2855993321,1175,0.9518325868,0.002880756896
144,0.1,0.9,0.2855993321,1177.5,0.9517349476,0.00288511168
144,0.1,0.9,0.2855993321,1180,0.9516376943,0.0028893264
144,0.1,0.9,0.2855993321,1182.5,0.9515422702,0.002892424881
144,0.1,0.9,0.2855993321,1185,0.9514474317,0.002899088573
144,0.1,0.9,0.2855993321,1187.5,0.9513526423,0.002903261883
144,0.1,0.9,0.2855993321,1190,0.9512563334,0.002908031824
144,0.1,0.9,0.2855993321,1192.5,0.9511628128,0.002915196028
144,0.1,0.9,0.2855993321,1195,0.9510704784,0.002924543759
144,0.1,0.9,0.2855993321,1197.5,0.9509768808,0.002933099871
144,0.1,0.9,0.2855993321,1200,0.9508832422,0.002942279425
144,0.1,0.9,0.2855993321,1202.5,0.9507931233,0.002948764791
144,0.1,0.9,0.2855993321,1205,0.9507068973,0.002953545334
144,0.1,0.9,0.2855993321,1207.5,0.9506227819,0.002963082296
144,0.1,0.9,0.2855993321,1210,0.9505456959,0.002973583671
144,0.1,0.9,0.2855993321,1212.5,0.9504690724,0.002984627783
144,0.1,0.9,0.2855993321,1215,0.950391826,0.002995249
144,0.1,0.9,0.2855993321,1217.5,0.9503067961,0.003007770589
144,0.1,0.9,0.2855993321,1220,0.9502240882,0.003020156021
144,0.1,0.9,0.2855993321,1222.5,0.9501415828,0.003028152757
144,0.1,0.9,0.2855993321,1225,0.9500580871,0.003036626516
144,0.1,0.9,0.2855993321,1227.5,0.949981556,0.003044634077
144,0.1,0.9,0.2855993321,1230,0.9498994146,0.003056087848
144,0.1,0.9,0.2855993321,1232.5,0.9498189321,0.003071003374
144,0.1,0.9,0.2855993321,1235,0.949738358,0.003084843693
144,0.1,0.9,0.2855993321,1237.5,0.9496632553,0.003096673393
144,0.1,0.9,0.2855993321,1240,0.949582447,0.003108493674
144,0.1,0.9,0.2855993321,1242.5,0.9494980498,0.003123219167
144,0.1,0.9,0.2855993321,1245,0.9494101852,0.003133513854
144,0.1,0.9,0.2855993321,1247.5,0.9493275653,0.003140434836
144,0.1,0.9,0.2855993321,1250,0.9492479291,0.003147158275
144,0.1,0.9,0.2855993321,1252.5,0.949158936,0.00315209455
144,0.1,0.9,0.2855993321,1255,0.9490685012,0.003156261549
144,0.1,0.9,0.2855993321,1257.5,0.9489729623,0.003160914543
144,0.1,0.9,0.2855993321,1260,0.9488818162,0.003167243442
144,0.1,0.9,0.2855993321,1262.5,0.9487873421,0.003172836594
144,0.1,0.9,0.2855993321,1265,0.9486905761,0.003180386919
144,0.1,0.9,0.2855993321,1267.5,0.9485926903,0.003192742944
144,0.1,0.9,0.2855993321,1270,0.9484971208,0.003205683508
144,0.1,0.9,0.2855993321,1272.5,0.9484053491,0.003216764807
144,0.1,0.9,0.2855993321,1275,0.9483140338,0.00322408152
144,0.1,0.9,0.2855993321,1277.5,0.9482216103,0.003230612915
144,0.1,0.9,0.2855993321,1280,0.9481347317,0.003241154929
144,0.1,0.9,0.2855993321,1282.5,0.9480594264,0.003253301247
144,0.1,0.9,0.2855993321,1285,0.9479821033,0.003263767101
144,0.1,0.9,0.2855993321,1287.5,0.9479044387,0.003276293349
144,0.1,0.9,0.2855993321,1290,0.9478299261,0.003285224851
144,0.1,0.9,0.2855993321,1292.5,0.947752826,0.003293511059
144,0.1,0.9,0.2855993321,1295,0.9476719529,0.003302350609
144,0.1,0.9,0.2855993321,1297.5,0.9475824109,0.003314569447
144,0.1,0.9,0.2855993321,1300,0.9474887689,0.003328540426
144,0.1,0.9,0.2855993321,1302.5,0.9473998396,0.003337939688
144,0.1,0.9,0.2855993321,1305,0.9473145217,0.003344670615
144,0.1,0.9,0.2855993321,1307.5,0.9472346436,0.003355186664
144,0.1,0.9,0.2855993321,1310,0.9471591669,0.003368333963
144,0.1,0.9,0.2855993321,1312.5,0.9470767555,0.003380310931
144,0.1,0.9,0.2855993321,1315,0.9469972976,0.003394762244
144,0.1,0.9,0.2855993321,1317.5,0.9469192305,0.003407360773
144,0.1,0.9,0.2855993321,1320,0.9468325813,0.003421383481
144,0.1,0.9,0.2855993321,1322.5,0.946742796,0.003437016143
144,0.1,0.9,0.2855993321,1325,0.9466484458,0.003451756513
144,0.1,0.9,0.2855993321,1327.5,0.9465560782,0.003468210248
144,0.1,0.9,0.2855993321,1330,0.946474011,0.003483772968
144,0.1,0.9,0.2855993321,1332.5,0.9463904622,0.003498208039
144,0.1,0.9,0.2855993321,1335,0.9463055612,0.003517707339
144,0.1,0.9,0.2855993321,1337.5,0.9462206703,0.003534343056
144,0.1,0.9,0.2855993321,1340,0.9461329707,0.003548211804
144,0.1,0.9,0.2855993321,1342.5,0.9460434285,0.003565489451
144,0.1,0.9,0.2855993321,1345,0.9459546558,0.003580797707
144,0.1,0.9,0.2855993321,1347.5,0.9458624907,0.003599107188
144,0.1,0.9,0.2855993321,1350,0.9457822899,0.003617246557
144,0.1,0.9,0.2855993321,1352.5,0.9457082723,0.003635385185
144,0.1,0.9,0.2855993321,1355,0.9456248389,0.003655357806
144,0.1,0.9,0.2855993321,1357.5,0.9455361775,0.003673444695
144,0.1,0.9,0.2855993321,1360,0.9454448413,0.003693045836
144,0.1,0.9,0.2855993321,1362.5,0.9453538702,0.003714275703
144,0.1,0.9,0.2855993321,1365,0.9452610999,0.003733937545
144,0.1,0.9,0.2855993321,1367.5,0.9451675765,0.003754409492
144,0.1,0.9,0.2855993321,1370,0.9450770658,0.003773145082
144,0.1,0.9,0.2855993321,1372.5,0.9449924241,0.003791603703
144,0.1,0.9,0.2855993321,1375,0.9449037185,0.003807723735
144,0.1,0.9,0.2855993321,1377.5,0.9448132226,0.003827777612
144,0.1,0.9,0.2855993321,1380,0.9447279955,0.003845401401
144,0.1,0.9,0.2855993321,1382.5,0.9446395454,0.003864621549
144,0.1,0.9,0.2855993321,1385,0.9445521009,0.003884352028
144,0.1,0.9,0.2855993321,1387.5,0.9444625008,0.003903375579
144,0.1,0.9,0.2855993321,1390,0.9443709859,0.003924089633
144,0.1,0.9,0.2855993321,1392.5,0.9442791441,0.003939924378
144,0.1,0.9,0.2855993321,1395,0.9441920539,0.003958074903
144,0.1,0.9,0.2855993321,1397.5,0.9441067799,0.003980154201
144,0.1,0.9,0.2855993321,1400,0.944024913,0.004001650691
144,0.1,0.9,0.2855993321,1402.5,0.9439396764,0.004021417558
144,0.1,0.9,0.2855993321,1405,0.9438545644,0.00404089722
144,0.1,0.9,0.2855993321,1407.5,0.9437672266,0.004058965187
144,0.1,0.9,0.2855993321,1410,0.9436822382,0.0040792298
144,0.1,0.9,0.2855993321,1412.5,0.9435991697,0.004098778048
144,0.1,0.9,0.2855993321,1415,0.9435132793,0.004118334766
144,0.1,0.9,0.2855993321,1417.5,0.9434216674,0.004137918731
144,0.1,0.9,0.2855993321,1420,0.9433261102,0.004158625882
144,0.1,0.9,0.2855993321,1422.5,0.9432354405,0.004177371325
144,0.1,0.9,0.2855993321,1425,0.9431465808,0.004193648346
144,0.1,0.9,0.2855993321,1427.5,0.9430543652,0.004206481213
144,0.1,0.9,0.2855993321,1430,0.9429645333,0.004216961541
144,0.1,0.9,0.2855993321,1432.5,0.9428751245,0.004229592711
144,0.1,0.9,0.2855993321,1435,0.9427885854,0.00424166303
144,0.1,0.9,0.2855993321,1437.5,0.9427031029,0.004258489167
144,0.1,0.9,0.2855993321,1440,0.9426217781,0.00427699862
144,0.1,0.9,0.2855993321,1442.5,0.942537452,0.004296399948
144,0.1,0.9,0.2855993321,1445,0.9424498523,0.004310696064
144,0.1,0.9,0.2855993321,1447.5,0.9423705493,0.004328215198
144,0.1,0.9,0.2855993321,1450,0.9422970258,0.004342747438
144,0.1,0.9,0.2855993321,1452.5,0.9422164955,0.004358653309
144,0.1,0.9,0.2855993321,1455,0.9421348053,0.004372738141
144,0.1,0.9,0.2855993321,1457.5,0.9420571112,0.004384071887
144,0.1,0.9,0.2855993321,1460,0.941986172,0.004394140602
144,0.1,0.9,0.2855993321,1462.5,0.941911917,0.004403709376
144,0.1,0.9,0.2855993321,1465,0.9418395522,0.004418065556
144,0.1,0.9,0.2855993321,1467.5,0.94176843,0.004433059828
144,0.1,0.9,0.2855993321,1470,0.9417016747,0.004448686131
144,0.1,0.9,0.2855993321,1472.5,0.9416319608,0.004462471967
144,0.1,0.9,0.2855993321,1475,0.9415613188,0.004480009011
144,0.1,0.9,0.2855993321,1477.5,0.9414974222,0.004501428563
144,0.1,0.9,0.2855993321,1480,0.9414313411,0.00452348126
144,0.1,0.9,0.2855993321,1482.5,0.9413704109,0.004546972264
144,0.1,0.9,0.2855993321,1485,0.9413122507,0.004569381871
144,0.1,0.9,0.2855993321,1487.5,0.941254164,0.004587801498
144,0.1,0.9,0.2855993321,1490,0.9412025029,0.004602822713
144,0.1,0.9,0.2855993321,1492.5,0.9411490241,0.004620477349
144,0.1,0.9,0.2855993321,1495,0.9410933133,0.004639721608
144,0.1,0.9,0.2855993321,1497.5,0.9410433942,0.004661407606
144,0.1,0.9,0.2855993321,1500,0.9409852109,0.004683774734
144,0.1,0.9,0.2855993321,1502.5,0.9409278991,0.004706213543
144,0.1,0.9,0.2855993321,1505,0.9408704987,0.004729756201
144,0.1,0.9,0.2855993321,1507.5,0.9408092952,0.004748356696
144,0.1,0.9,0.2855993321,1510,0.9407484419,0.004761659208
144,0.1,0.9,0.2855993321,1512.5,0.9406807683,0.004774267548
144,0.1,0.9,0.2855993321,1515,0.9406159283,0.004787777215
144,0.1,0.9,0.2855993321,1517.5,0.94054662,0.004797836533
144,0.1,0.9,0.2855993321,1520,0.9404780911,0.004808287596
144,0.1,0.9,0.2855993321,1522.5,0.9404115715,0.004814875701
144,0.1,0.9,0.2855993321,1525,0.9403543174,0.004819133312
144,0.1,0.9,0.2855993321,1527.5,0.9402902338,0.004829399967
144,0.1,0.9,0.2855993321,1530,0.9402250464,0.004842343246
144,0.1,0.9,0.2855993321,1532.5,0.9401547121,0.004853428342
144,0.1,0.9,0.2855993321,1535,0.9400857822,0.004866629908
144,0.1,0.9,0.2855993321,1537.5,0.9400172295,0.004878827521
144,0.1,0.9,0.2855993321,1540,0.9399415869,0.004888544146
144,0.1,0.9,0.2855993321,1542.5,0.9398673159,0.004896176571
144,0.1,0.9,0.2855993321,1545,0.9397883717,0.004906275695
144,0.1,0.9,0.2855993321,1547.5,0.9397144262,0.004915034145
144,0.1,0.9,0.2855993321,1550,0.939640487,0.004924937072
144,0.1,0.9,0.2855993321,1552.5,0.9395730795,0.004934431237
144,0.1,0.9,0.2855993321,1555,0.939506712,0.004940940871
144,0.1,0.9,0.2855993321,1557.5,0.9394363734,0.004946322514
144,0.1,0.9,0.2855993321,1560,0.9393735876,0.004948249156
144,0.1,0.9,0.2855993321,1562.5,0.9393115925,0.004951160047
144,0.1,0.9,0.2855993321,1565,0.9392504939,0.004958506555
144,0.1,0.9,0.2855993321,1567.5,0.939185792,0.004966127362
144,0.1,0.9,0.2855993321,1570,0.9391159938,0.004980460336
144,0.1,0.9,0.2855993321,1572.5,0.9390445671,0.00499662503
144,0.1,0.9,0.2855993321,1575,0.938969889,0.005013823098
144,0.1,0.9,0.2855993321,1577.5,0.9389029883,0.0050256397
144,0.1,0.9,0.2855993321,1580,0.938838879,0.005038163061
144,0.1,0.9,0.2855993321,1582.5,0.9387771604,0.005049843399
144,0.1,0.9,0.2855993321,1585,0.9387126425,0.005062187026
144,0.1,0.9,0.2855993321,1587.5,0.9386456815,0.005074547326
144,0.1,0.9,0.2855993321,1590,0.9385800055,0.005090190611
144,0.1,0.9,0.2855993321,1592.5,0.9385233108,0.005106395208
144,0.1,0.9,0.2855993321,1595,0.9384669717,0.005120249714
144,0.1,0.9,0.2855993321,1597.5,0.9384193945,0.005134842097
144,0.1,0.9,0.2855993321,1600,0.9383686084,0.005147821906
144,0.1,0.9,0.2855993321,1602.5,0.9383181637,0.005161772421
144,0.1,0.9,0.2855993321,1605,0.9382672937,0.005174293442
144,0.1,0.9,0.2855993321,1607.5,0.9382214948,0.00518396217
144,0.1,0.9,0.2855993321,1610,0.9381788685,0.005195761701
144,0.1,0.9,0.2855993321,1612.5,0.9381403754,0.005208578179
144,0.1,0.9,0.2855993321,1615,0.9381035126,0.005220261641
144,0.1,0.9,0.2855993321,1617.5,0.9380627452,0.005237251216
144,0.1,0.9,0.2855993321,1620,0.9380246454,0.005253997509
144,0.1,0.9,0.2855993321,1622.5,0.9379890811,0.005266383319
144,0.1,0.9,0.2855993321,1625,0.9379441495,0.005275875823
144,0.1,0.9,0.2855993321,1627.5,0.9378973438,0.005290051023
144,0.1,0.9,0.2855993321,1630,0.9378515496,0.00530585238
144,0.1,0.9,0.2855993321,1632.5,0.9378102029,0.005321746974
144,0.1,0.9,0.2855993321,1635,0.9377647491,0.005338023808
144,0.1,0.9,0.2855993321,1637.5,0.9377166307,0.005355625301
144,0.1,0.9,0.2855993321,1640,0.9376681245,0.005376519151
144,0.1,0.9,0.2855993321,1642.5,0.9376229322,0.005393242187
144,0.1,0.9,0.2855993321,1645,0.93757879,0.005412077643
144,0.1,0.9,0.2855993321,1647.5,0.9375288511,0.005432836428
144,0.1,0.9,0.2855993321,1650,0.9374817757,0.005452559679
144,0.1,0.9,0.2855993321,1652.5,0.9374265254,0.005467907773
144,0.1,0.9,0.2855993321,1655,0.9373660167,0.005480223839
144,0.1,0.9,0.2855993321,1657.5,0.9373064717,0.005491138403
144,0.1,0.9,0.2855993321,1660,0.9372527019,0.005502684258
144,0.1,0.9,0.2855993321,1662.5,0.9371966124,0.005517667913
144,0.1,0.9,0.2855993321,1665,0.9371361856,0.00553384322
144,0.1,0.9,0.2855993321,1667.5,0.9370742769,0.005550901186
144,0.1,0.9,0.2855993321,1670,0.9370123761,0.005567246116
144,0.1,0.9,0.2855993321,1672.5,0.9369467761,0.005582271583
144,0.1,0.9,0.2855993321,1675,0.9368878382,0.005595262301
144,0.1,0.9,0.2855993321,1677.5,0.9368236315,0.005612778774
144,0.1,0.9,0.2855993321,1680,0.9367563222,0.005628509412
144,0.1,0.9,0.2855993321,1682.5,0.9366841175,0.005640483094
144,0.1,0.9,0.2855993321,1685,0.9366154799,0.005652758219
144,0.1,0.9,0.2855993321,1687.5,0.9365513088,0.005666448913
144,0.1,0.9,0.2855993321,1690,0.9364938103,0.005680187538
144,0.1,0.9,0.2855993321,1692.5,0.9364343726,0.00569024638
144,0.1,0.9,0.2855993321,1695,0.9363705732,0.005700336927
144,0.1,0.9,0.2855993321,1697.5,0.9363113749,0.005715293665
144,0.1,0.9,0.2855993321,1700,0.9362473232,0.005732825848
144,0.1,0.9,0.2855993321,1702.5,0.9361868002,0.005753493253
144,0.1,0.9,0.2855993321,1705,0.9361226468,0.005773042164
144,0.1,0.9,0.2855993321,1707.5,0.9360583473,0.005786364074
144,0.1,0.9,0.2855993321,1710,0.9359956322,0.005799993286
144,0.1,0.9,0.2855993321,1712.5,0.9359318648,0.005816479231
144,0.1,0.9,0.2855993321,1715,0.9358717649,0.005836498459
144,0.1,0.9,0.2855993321,1717.5,0.9358065856,0.00585836044
144,0.1,0.9,0.2855993321,1720,0.9357412017,0.005881526952
144,0.1,0.9,0.2855993321,1722.5,0.9356774393,0.005905152888
144,0.1,0.9,0.2855993321,1725,0.9356170845,0.005926213753
144,0.1,0.9,0.2855993321,1727.5,0.9355523035,0.005948922003
144,0.1,0.9,0.2855993321,1730,0.9354979317,0.005967580313
144,0.1,0.9,0.2855993321,1732.5,0.9354397094,0.005989483979
144,0.1,0.9,0.2855993321,1735,0.9353799329,0.006010752055
144,0.1,0.9,0.2855993321,1737.5,0.9353200819,0.006031971403
144,0.1,0.9,0.2855993321,1740,0.9352614376,0.006052232523
144,0.1,0.9,0.2855993321,1742.5,0.9352065059,0.006075260131
144,0.1,0.9,0.2855993321,1745,0.9351476752,0.006098950783
144,0.1,0.9,0.2855993321,1747.5,0.9350863832,0.006122946649
144,0.1,0.9,0.2855993321,1750,0.9350327017,0.00614619313
144,0.1,0.9,0.2855993321,1752.5,0.934981396,0.006167876235
144,0.1,0.9,0.2855993321,1755,0.9349332814,0.006189007783
144,0.1,0.9,0.2855993321,1757.5,0.9348898164,0.006207723699
144,0.1,0.9,0.2855993321,1760,0.9348495476,0.006226535889
144,0.1,0.9,0.2855993321,1762.5,0.9348090222,0.006248440101
144,0.1,0.9,0.2855993321,1765,0.934767902,0.006268672788
144,0.1,0.9,0.2855993321,1767.5,0.9347281561,0.006289027034
144,0.1,0.9,0.2855993321,1770,0.9346829846,0.006315149275
144,0.1,0.9,0.2855993321,1772.5,0.9346343368,0.006339988917
144,0.1,0.9,0.2855993321,1775,0.9345821327,0.006363401304
144,0.1,0.9,0.2855993321,1777.5,0.9345287098,0.006387051194
144,0.1,0.9,0.2855993321,1780,0.9344697722,0.006408421242
144,0.1,0.9,0.2855993321,1782.5,0.9344161982,0.006430379787
144,0.1,0.9,0.2855993321,1785,0.9343719478,0.006453765719
144,0.1,0.9,0.2855993321,1787.5,0.9343283511,0.006481126986
144,0.1,0.9,0.2855993321,1790,0.9342777183,0.00650495121
144,0.1,0.9,0.2855993321,1792.5,0.9342236715,0.006533501532
144,0.1,0.9,0.2855993321,1795,0.9341700668,0.006559594963
144,0.1,0.9,0.2855993321,1797.5,0.9341194392,0.006586989339
144,0.1,0.9,0.2855993321,1800,0.9340598842,0.006616111151
144,0.1,0.9,0.2855993321,1802.5,0.9340026571,0.006642906801
144,0.1,0.9,0.2855993321,1805,0.933949003,0.006666858393
144,0.1,0.9,0.2855993321,1807.5,0.9338974103,0.006691172812
144,0.1,0.9,0.2855993321,1810,0.9338460923,0.00671524708
144,0.1,0.9,0.2855993321,1812.5,0.9337886297,0.006745367646
144,0.1,0.9,0.2855993321,1815,0.9337282454,0.006774571878
144,0.1,0.9,0.2855993321,1817.5,0.9336685191,0.006806113973
144,0.1,0.9,0.2855993321,1820,0.9336085737,0.006840773039
144,0.1,0.9,0.2855993321,1822.5,0.9335517401,0.006874083515
144,0.1,0.9,0.2855993321,1825,0.933493775,0.006906964346
144,0.1,0.9,0.2855993321,1827.5,0.9334385938,0.006938195157
144,0.1,0.9,0.2855993321,1830,0.9333842387,0.006969640108
144,0.1,0.9,0.2855993321,1832.5,0.9333268861,0.006999262785
144,0.1,0.9,0.2855993321,1835,0.9332669109,0.007027943196
144,0.1,0.9,0.2855993321,1837.5,0.9332062139,0.007057311403
144,0.1,0.9,0.2855993321,1840,0.9331439669,0.007087214415
144,0.1,0.9,0.2855993321,1842.5,0.933085091,0.007112164795
144,0.1,0.9,0.2855993321,1845,0.9330234578,0.007138898009
144,0.1,0.9,0.2855993321,1847.5,0.9329666467,0.007164324626
144,0.1,0.9,0.2855993321,1850,0.9329146822,0.00719302176
144,0.1,0.9,0.2855993321,1852.5,0.9328625118,0.007219165487
144,0.1,0.9,0.2855993321,1855,0.9328094133,0.007246107242
144,0.1,0.9,0.2855993321,1857.5,0.9327512225,0.007272946946
144,0.1,0.9,0.2855993321,1860,0.9326940133,0.007301541727
144,0.1,0.9,0.2855993321,1862.5,0.9326318969,0.00732813165
144,0.1,0.9,0.2855993321,1865,0.9325715227,0.007352439586
144,0.1,0.9,0.2855993321,1867.5,0.9325019499,0.007373574758
144,0.1,0.9,0.2855993321,1870,0.9324343255,0.00739332652
144,0.1,0.9,0.2855993321,1872.5,0.9323630495,0.007413181665
144,0.1,0.9,0.2855993321,1875,0.9322919104,0.007433915062
144,0.1,0.9,0.2855993321,1877.5,0.9322211702,0.007456618756
144,0.1,0.9,0.2855993321,1880,0.9321482568,0.007479976665
144,0.1,0.9,0.2855993321,1882.5,0.9320742824,0.007505234097
144,0.1,0.9,0.2855993321,1885,0.9320063261,0.007533007329
144,0.1,0.9,0.2855993321,1887.5,0.9319422164,0.007565368823
144,0.1,0.9,0.2855993321,1890,0.9318815223,0.007598251539
144,0.1,0.9,0.2855993321,1892.5,0.9318169982,0.007627656763
144,0.1,0.9,0.2855993321,1895,0.9317533138,0.00765849651
144,0.1,0.9,0.2855993321,1897.5,0.9316869345,0.007689400884
144,0.1,0.9,0.2855993321,1900,0.9316230528,0.007719974056
144,0.1,0.9,0.2855993321,1902.5,0.9315587227,0.007748066247
144,0.1,0.9,0.2855993321,1905,0.9314915898,0.007780799844
144,0.1,0.9,0.2855993321,1907.5,0.9314272013,0.00781518381
144,0.1,0.9,0.2855993321,1910,0.9313609261,0.007850562028
144,0.1,0.9,0.2855993321,1912.5,0.9312851944,0.007883726731
144,0.1,0.9,0.2855993321,1915,0.9312089376,0.007919958736
144,0.1,0.9,0.2855993321,1917.5,0.9311407494,0.007952087944
144,0.1,0.9,0.2855993321,1920,0.9310716455,0.007981096512
144,0.1,0.9,0.2855993321,1922.5,0.9310005138,0.008014311859
144,0.1,0.9,0.2855993321,1925,0.9309361274,0.00804762804
144,0.1,0.9,0.2855993321,1927.5,0.9308708095,0.008078309984
144,0.1,0.9,0.2855993321,1930,0.9308039618,0.008113140767
144,0.1,0.9,0.2855993321,1932.5,0.9307430178,0.008147363377
144,0.1,0.9,0.2855993321,1935,0.9306771782,0.008185053283
144,0.1,0.9,0.2855993321,1937.5,0.9306132786,0.008218432739
144,0.1,0.9,0.2855993321,1940,0.9305489141,0.008250211351
144,0.1,0.9,0.2855993321,1942.5,0.9304800634,0.008283110564
144,0.1,0.9,0.2855993321,1945,0.9304120101,0.008316213893
144,0.1,0.9,0.2855993321,1947.5,0.9303479722,0.008349828319
144,0.1,0.9,0.2855993321,1950,0.9302868663,0.008385763124
144,0.1,0.9,0.2855993321,1952.5,0.9302249754,0.008421210777
144,0.1,0.9,0.2855993321,1955,0.9301675127,0.00845516547
144,0.1,0.9,0.2855993321,1957.5,0.930108518,0.008489858014
144,0.1,0.9,0.2855993321,1960,0.9300466326,0.008526430257
144,0.1,0.9,0.2855993321,1962.5,0.9299934737,0.008558898441
144,0.1,0.9,0.2855993321,1965,0.9299431191,0.008592808709
144,0.1,0.9,0.2855993321,1967.5,0.9298898733,0.008634649594
144,0.1,0.9,0.2855993321,1970,0.9298394167,0.008679724662
144,0.1,0.9,0.2855993321,1972.5,0.9297825576,0.008722448089
144,0.1,0.9,0.2855993321,1975,0.9297235459,0.008764704243
144,0.1,0.9,0.2855993321,1977.5,0.9296652046,0.008803124961
144,0.1,0.9,0.2855993321,1980,0.9296048471,0.008843172816
144,0.1,0.9,0.2855993321,1982.5,0.9295401806,0.008881475474
144,0.1,0.9,0.2855993321,1985,0.9294764242,0.008917954112
144,0.1,0.9,0.2855993321,1987.5,0.9294044956,0.008956425995
144,0.1,0.9,0.2855993321,1990,0.9293320317,0.008993600525
144,0.1,0.9,0.2855993321,1992.5,0.9292558812,0.009030503101
144,0.1,0.9,0.2855993321,1995,0.9291796584,0.009068088218
144,0.1,0.9,0.2855993321,1997.5,0.9291052571,0.00910929803
144,0.1,0.9,0.2855993321,2000,0.9290261373,0.009152974472
144,0.1,0.9,0.2855993321,2002.5,0.9289497018,0.009199468861
144,0.1,0.9,0.2855993321,2005,0.928868308,0.009242357106
144,0.1,0.9,0.2855993321,2007.5,0.9287924459,0.009284660008
144,0.1,0.9,0.2855993321,2010,0.9287133508,0.009325706017
144,0.1,0.9,0.2855993321,2012.5,0.9286465891,0.009364789155
144,0.1,0.9,0.2855993321,2015,0.9285709189,0.009405027461
144,0.1,0.9,0.2855993321,2017.5,0.9284906197,0.009444620921
144,0.1,0.9,0.2855993321,2020,0.9284109197,0.009483463437
144,0.1,0.9,0.2855993321,2022.5,0.9283328502,0.009521563468
144,0.1,0.9,0.2855993321,2025,0.9282604064,0.009559736005
144,0.1,0.9,0.2855993321,2027.5,0.9281860172,0.009595060347
144,0.1,0.9,0.2855993321,2030,0.9281073747,0.009634685676
144,0.1,0.9,0.2855993321,2032.5,0.9280316873,0.009675302976
144,0.1,0.9,0.2855993321,2035,0.9279601478,0.009713437626
144,0.1,0.9,0.2855993321,2037.5,0.9278870279,0.009748208996
144,0.1,0.9,0.2855993321,2040,0.9278186703,0.009784733154
144,0.1,0.9,0.2855993321,2042.5,0.9277456338,0.009819750815
144,0.1,0.9,0.2855993321,2045,0.9276773912,0.009854501586
144,0.1,0.9,0.2855993321,2047.5,0.9276153566,0.009888498602
144,0.1,0.9,0.2855993321,2050,0.9275521086,0.009925002093
144,0.1,0.9,0.2855993321,2052.5,0.9274837876,0.009959913555
144,0.1,0.9,0.2855993321,2055,0.9274182177,0.009997818386
144,0.1,0.9,0.2855993321,2057.5,0.9273523261,0.01003602037
144,0.1,0.9,0.2855993321,2060,0.9272929469,0.01007082086
144,0.1,0.9,0.2855993321,2062.5,0.927232223,0.01010592473
144,0.1,0.9,0.2855993321,2065,0.9271740887,0.01013922136
144,0.1,0.9,0.2855993321,2067.5,0.9271156764,0.01017156307
144,0.1,0.9,0.2855993321,2070,0.9270547515,0.01020979958
144,0.1,0.9,0.2855993321,2072.5,0.9269911542,0.01024873018
144,0.1,0.9,0.2855993321,2075,0.9269224794,0.0102852308
144,0.1,0.9,0.2855993321,2077.5,0.9268547686,0.01032486312
144,0.1,0.9,0.2855993321,2080,0.9267865336,0.0103605264
144,0.1,0.9,0.2855993321,2082.5,0.9267171436,0.01039401516
144,0.1,0.9,0.2855993321,2085,0.926650447,0.01042675091
144,0.1,0.9,0.2855993321,2087.5,0.9265880635,0.01046417193
144,0.1,0.9,0.2855993321,2090,0.9265389888,0.01049920496
144,0.1,0.9,0.2855993321,2092.5,0.9264955792,0.01053129005
144,0.1,0.9,0.2855993321,2095,0.926445003,0.01056506638
144,0.1,0.9,0.2855993321,2097.5,0.9263872681,0.0106007481
144,0.1,0.9,0.2855993321,2100,0.9263323972,0.01063581323
144,0.1,0.9,0.2855993321,2102.5,0.9262717918,0.01067056213
144,0.1,0.9,0.2855993321,2105,0.9262051513,0.01070309322
144,0.1,0.9,0.2855993321,2107.5,0.9261362903,0.01073460483
144,0.1,0.9,0.2855993321,2110,0.9260744917,0.01076754036
144,0.1,0.9,0.2855993321,2112.5,0.9260081233,0.01080165538
144,0.1,0.9,0.2855993321,2115,0.9259411643,0.01083774478
144,0.1,0.9,0.2855993321,2117.5,0.925878538,0.01087151124
144,0.1,0.9,0.2855993321,2120,0.925821784,0.01090305532
144,0.1,0.9,0.2855993321,2122.5,0.9257697477,0.01093240464
144,0.1,0.9,0.2855993321,2125,0.9257118859,0.01096589715
144,0.1,0.9,0.2855993321,2127.5,0.9256546887,0.01099688871
144,0.1,0.9,0.2855993321,2130,0.9255953352,0.01102638358
144,0.1,0.9,0.2855993321,2132.5,0.9255404468,0.0110615482
144,0.1,0.9,0.2855993321,2135,0.9254891187,0.01109834138
144,0.1,0.9,0.2855993321,2137.5,0.9254413016,0.01113630106
144,0.1,0.9,0.2855993321,2140,0.925387084,0.01117395465
144,0.1,0.9,0.2855993321,2142.5,0.925324686,0.01121029218
144,0.1,0.9,0.2855993321,2145,0.9252623238,0.01124980246
144,0.1,0.9,0.2855993321,2147.5,0.9252033723,0.01128665808
144,0.1,0.9,0.2855993321,2150,0.9251421486,0.01132447099
144,0.1,0.9,0.2855993321,2152.5,0.9250830754,0.01136214685
144,0.1,0.9,0.2855993321,2155,0.9250246726,0.01139888951
144,0.1,0.9,0.2855993321,2157.5,0.9249624018,0.01143240417
144,0.1,0.9,0.2855993321,2160,0.9248959461,0.01146551205
144,0.1,0.9,0.2855993321,2162.5,0.9248237947,0.01150290334
144,0.1,0.9,0.2855993321,2165,0.9247527911,0.01153853306
144,0.1,0.9,0.2855993321,2167.5,0.9246842401,0.01157283924
144,0.1,0.9,0.2855993321,2170,0.9246200378,0.01160517592
144,0.1,0.9,0.2855993321,2172.5,0.92456208,0.01163729683
144,0.1,0.9,0.2855993321,2175,0.9245003474,0.01166991212
144,0.1,0.9,0.2855993321,2177.5,0.9244408647,0.01170271221
144,0.1,0.9,0.2855993321,2180,0.9243885559,0.01173468432
144,0.1,0.9,0.2855993321,2182.5,0.9243315189,0.01176346912
144,0.1,0.9,0.2855993321,2185,0.9242710764,0.01179676194
144,0.1,0.9,0.2855993321,2187.5,0.9242104501,0.01183057439
144,0.1,0.9,0.2855993321,2190,0.9241497598,0.01186464131
144,0.1,0.9,0.2855993321,2192.5,0.9240931483,0.01189957113
144,0.1,0.9,0.2855993321,2195,0.9240384014,0.01193238365
144,0.1,0.9,0.2855993321,2197.5,0.9239835305,0.01196039495
144,0.1,0.9,0.2855993321,2200,0.9239291513,0.01198728354
144,0.1,0.9,0.2855993321,2202.5,0.9238746593,0.01201171316
144,0.1,0.9,0.2855993321,2205,0.9238169745,0.01203892063
144,0.1,0.9,0.2855993321,2207.5,0.9237575582,0.01206714421
144,0.1,0.9,0.2855993321,2210,0.9236976297,0.01209166023
144,0.1,0.9,0.2855993321,2212.5,0.9236364972,0.01211531716
144,0.1,0.9,0.2855993321,2215,0.923577459,0.01214292341
144,0.1,0.9,0.2855993321,2217.5,0.9235188813,0.01217101167
144,0.1,0.9,0.2855993321,2220,0.9234688178,0.01219965978
144,0.1,0.9,0.2855993321,2222.5,0.9234152345,0.01222868375
144,0.1,0.9,0.2855993321,2225,0.9233613595,0.01226200739
144,0.1,0.9,0.2855993321,2227.5,0.9233061895,0.01229482754
144,0.1,0.9,0.2855993321,2230,0.9232450715,0.0123247571
144,0.1,0.9,0.2855993321,2232.5,0.9231812444,0.01235592617
144,0.1,0.9,0.2855993321,2235,0.9231188278,0.01238578466
144,0.1,0.9,0.2855993321,2237.5,0.9230609743,0.01241273237
144,0.1,0.9,0.2855993321,2240,0.9230046705,0.0124398033
144,0.1,0.9,0.2855993321,2242.5,0.9229432275,0.01246716202
144,0.1,0.9,0.2855993321,2245,0.9228779937,0.01250231561
144,0.1,0.9,0.2855993321,2247.5,0.9228067079,0.01253463927
144,0.1,0.9,0.2855993321,2250,0.9227428303,0.0125643286
144,0.1,0.9,0.2855993321,2252.5,0.922688514,0.01259441116
144,0.1,0.9,0.2855993321,2255,0.9226376369,0.01262806565
144,0.1,0.9,0.2855993321,2257.5,0.9225803553,0.01266398224
144,0.1,0.9,0.2855993321,2260,0.922527226,0.01269626524
144,0.1,0.9,0.2855993321,2262.5,0.9224744787,0.01273139029
144,0.1,0.9,0.2855993321,2265,0.9224190868,0.01276687918
144,0.1,0.9,0.2855993321,2267.5,0.9223782707,0.01279807763
144,0.1,0.9,0.2855993321,2270,0.9223389988,0.0128314356
144,0.1,0.9,0.2855993321,2272.5,0.9222976817,0.01286514746
144,0.1,0.9,0.2855993321,2275,0.9222604844,0.01289998239
144,0.1,0.9,0.2855993321,2277.5,0.9222136652,0.01293397524
144,0.1,0.9,0.2855993321,2280,0.9221709895,0.01297038811
144,0.1,0.9,0.2855993321,2282.5,0.9221264821,0.01300846794
144,0.1,0.9,0.2855993321,2285,0.9220830802,0.01304762707
144,0.1,0.9,0.2855993321,2287.5,0.9220394473,0.0130881852
144,0.1,0.9,0.2855993321,2290,0.9219869233,0.0131272685
144,0.1,0.9,0.2855993321,2292.5,0.9219518317,0.01316453348
144,0.1,0.9,0.2855993321,2295,0.9219216844,0.01320295657
144,0.1,0.9,0.2855993321,2297.5,0.9218938415,0.0132437731
144,0.1,0.9,0.2855993321,2300,0.9218732132,0.01328228323
144,0.1,0.9,0.2855993321,2302.5,0.9218540839,0.01331382124
144,0.1,0.9,0.2855993321,2305,0.9218353714,0.01334737883
144,0.1,0.9,0.2855993321,2307.5,0.9218140327,0.01337501003
144,0.1,0.9,0.2855993321,2310,0.9217804457,0.01340547524
144,0.1,0.9,0.2855993321,2312.5,0.9217498287,0.01343423048
144,0.1,0.9,0.2855993321,2315,0.9217162625,0.01346685286
144,0.1,0.9,0.2855993321,2317.5,0.9216846925,0.01349712371
144,0.1,0.9,0.2855993321,2320,0.9216528104,0.01352916477
144,0.1,0.9,0.2855993321,2322.5,0.9216211697,0.01356144618
144,0.1,0.9,0.2855993321,2325,0.9215848045,0.01359363698
144,0.1,0.9,0.2855993321,2327.5,0.9215480844,0.01362551757
144,0.1,0.9,0.2855993321,2330,0.9215207355,0.01365642965
144,0.1,0.9,0.2855993321,2332.5,0.9214908958,0.01368973922
144,0.1,0.9,0.2855993321,2335,0.9214642391,0.01371598657
144,0.1,0.9,0.2855993321,2337.5,0.9214309881,0.01374389576
144,0.1,0.9,0.2855993321,2340,0.9213999864,0.01377090538
144,0.1,0.9,0.2855993321,2342.5,0.9213686547,0.01379790921
144,0.1,0.9,0.2855993321,2345,0.9213333415,0.01382148993
144,0.1,0.9,0.2855993321,2347.5,0.9213021197,0.01384261689
144,0.1,0.9,0.2855993321,2350,0.9212775894,0.01386818226
144,0.1,0.9,0.2855993321,2352.5,0.921252949,0.01389263378
144,0.1,0.9,0.2855993321,2355,0.9212233688,0.01391672324
144,0.1,0.9,0.2855993321,2357.5,0.9211971591,0.01394202573
144,0.1,0.9,0.2855993321,2360,0.9211724466,0.01396367249
144,0.1,0.9,0.2855993321,2362.5,0.9211406676,0.01398699816
144,0.1,0.9,0.2855993321,2365,0.9211112827,0.01401098035
144,0.1,0.9,0.2855993321,2367.5,0.921082158,0.01403810291
144,0.1,0.9,0.2855993321,2370,0.9210624637,0.01406450413
144,0.1,0.9,0.2855993321,2372.5,0.9210401116,0.01409163498
144,0.1,0.9,0.2855993321,2375,0.9210041486,0.01412211478
144,0.1,0.9,0.2855993321,2377.5,0.9209584849,0.01415569155
144,0.1,0.9,0.2855993321,2380,0.920915168,0.0141907174
144,0.1,0.9,0.2855993321,2382.5,0.9208733883,0.01422089954
144,0.1,0.9,0.2855993321,2385,0.9208298344,0.01424825696
144,0.1,0.9,0.2855993321,2387.5,0.9207767042,0.01427721987
144,0.1,0.9,0.2855993321,2390,0.920728459,0.01430924161
144,0.1,0.9,0.2855993321,2392.5,0.9206794567,0.01433800083
144,0.1,0.9,0.2855993321,2395,0.9206312654,0.01436768981
144,0.1,0.9,0.2855993321,2397.5,0.9205812835,0.01439504194
144,0.1,0.9,0.2855993321,2400,0.9205297796,0.01442266114
144,0.1,0.9,0.2855993321,2402.5,0.9204814197,0.01445011186
144,0.1,0.9,0.2855993321,2405,0.9204408405,0.01447833381
144,0.1,0.9,0.2855993321,2407.5,0.9203971266,0.01450508739
144,0.1,0.9,0.2855993321,2410,0.9203493582,0.01452918869
144,0.1,0.9,0.2855993321,2412.5,0.9203016838,0.01455238791
144,0.1,0.9,0.2855993321,2415,0.9202618465,0.0145793542
144,0.1,0.9,0.2855993321,2417.5,0.9202233437,0.01460304616
144,0.1,0.9,0.2855993321,2420,0.9201895269,0.01462368581
144,0.1,0.9,0.2855993321,2422.5,0.9201588766,0.01464200959
144,0.1,0.9,0.2855993321,2425,0.9201260117,0.01466015757
144,0.1,0.9,0.2855993321,2427.5,0.9200899672,0.01467862953
144,0.1,0.9,0.2855993321,2430,0.9200585648,0.01469149398
144,0.1,0.9,0.2855993321,2432.5,0.920017605,0.0147039917
144,0.1,0.9,0.2855993321,2435,0.9199710576,0.01472051944
144,0.1,0.9,0.2855993321,2437.5,0.9199219193,0.01473494417
144,0.1,0.9,0.2855993321,2440,0.9198687096,0.0147502349
144,0.1,0.9,0.2855993321,2442.5,0.9198138252,0.01476447432
144,0.1,0.9,0.2855993321,2445,0.9197499109,0.01478231672
144,0.1,0.9,0.2855993321,2447.5,0.9196877131,0.01479907254
144,0.1,0.9,0.2855993321,2450,0.9196321296,0.01481604733
144,0.1,0.9,0.2855993321,2452.5,0.9195707122,0.0148313681
144,0.1,0.9,0.2855993321,2455,0.9195107159,0.01484456329
144,0.1,0.9,0.2855993321,2457.5,0.9194564105,0.01485539532
144,0.1,0.9,0.2855993321,2460,0.9194059085,0.01487146378
144,0.1,0.9,0.2855993321,2462.5,0.9193572867,0.01488790766
144,0.1,0.9,0.2855993321,2465,0.9193126123,0.01490498959
144,0.1,0.9,0.2855993321,2467.5,0.9192607707,0.01492298123
144,0.1,0.9,0.2855993321,2470,0.9192057044,0.01494216967
144,0.1,0.9,0.2855993321,2472.5,0.9191531405,0.01496376593
144,0.1,0.9,0.2855993321,2475,0.9190930036,0.01498213887
144,0.1,0.9,0.2855993321,2477.5,0.9190318735,0.01499450984
144,0.1,0.9,0.2855993321,2480,0.9189688536,0.01500923092
144,0.1,0.9,0.2855993321,2482.5,0.9189102082,0.01502922199
144,0.1,0.9,0.2855993321,2485,0.9188473264,0.01504765356
144,0.1,0.9,0.2855993321,2487.5,0.9187860585,0.01506425603
144,0.1,0.9,0.2855993321,2490,0.918731774,0.01507834287
144,0.1,0.9,0.2855993321,2492.5,0.9186775168,0.01509225775
144,0.1,0.9,0.2855993321,2495,0.9186275754,0.01510591609
144,0.1,0.9,0.2855993321,2497.5,0.9185788879,0.01512257248
144,0.1,0.9,0.2855993321,2500,0.9185277572,0.0151382234
144,0.1,0.9,0.2855993321,2502.5,0.9184735915,0.01515451876
144,0.1,0.9,0.2855993321,2505,0.9184221874,0.01516934057
144,0.1,0.9,0.2855993321,2507.5,0.9183711986,0.01518092394
144,0.1,0.9,0.2855993321,2510,0.9183269877,0.01519304886
144,0.1,0.9,0.2855993321,2512.5,0.9182845962,0.01519795356
144,0.1,0.9,0.2855993321,2515,0.9182384051,0.01521045065
144,0.1,0.9,0.2855993321,2517.5,0.9181849668,0.01521892814
144,0.1,0.9,0.2855993321,2520,0.9181299372,0.01522422383
144,0.1,0.9,0.2855993321,2522.5,0.9180799037,0.01523524976
144,0.1,0.9,0.2855993321,2525,0.91803087,0.0152456535
144,0.1,0.9,0.2855993321,2527.5,0.9179820643,0.01525779237
144,0.1,0.9,0.2855993321,2530,0.9179293647,0.01526655979
144,0.1,0.9,0.2855993321,2532.5,0.9178697536,0.01527660689
144,0.1,0.9,0.2855993321,2535,0.9178187895,0.01528436282
144,0.1,0.9,0.2855993321,2537.5,0.9177588062,0.01529410689
144,0.1,0.9,0.2855993321,2540,0.9176990076,0.015304258
144,0.1,0.9,0.2855993321,2542.5,0.9176308345,0.01531550481
144,0.1,0.9,0.2855993321,2545,0.9175603469,0.01532612776
144,0.1,0.9,0.2855993321,2547.5,0.9174810394,0.01533420282
144,0.1,0.9,0.2855993321,2550,0.9174002629,0.01534462811
144,0.1,0.9,0.2855993321,2552.5,0.9173273121,0.0153507715
144,0.1,0.9,0.2855993321,2555,0.917255347,0.01535594212
144,0.1,0.9,0.2855993321,2557.5,0.9171795401,0.01536648812
144,0.1,0.9,0.2855993321,2560,0.9170985978,0.01537375395
144,0.1,0.9,0.2855993321,2562.5,0.917018565,0.01537964142
144,0.1,0.9,0.2855993321,2565,0.9169391768,0.0153844057
144,0.1,0.9,0.2855993321,2567.5,0.916849543,0.01539059615
144,0.1,0.9,0.2855993321,2570,0.9167700163,0.01539468107
144,0.1,0.9,0.2855993321,2572.5,0.916699384,0.01539838951
144,0.1,0.9,0.2855993321,2575,0.9166353482,0.01540321784
144,0.1,0.9,0.2855993321,2577.5,0.9165771187,0.01541216012
144,0.1,0.9,0.2855993321,2580,0.9165126466,0.01541969536
144,0.1,0.9,0.2855993321,2582.5,0.9164497914,0.01542854773
144,0.1,0.9,0.2855993321,2585,0.9163885789,0.01543553997
144,0.1,0.9,0.2855993321,2587.5,0.9163271592,0.01543783441
144,0.1,0.9,0.2855993321,2590,0.9162675392,0.01544580127
144,0.1,0.9,0.2855993321,2592.5,0.9162017946,0.01544855999
144,0.1,0.9,0.2855993321,2595,0.9161338606,0.01545123594
144,0.1,0.9,0.2855993321,2597.5,0.9160610243,0.01545592162
144,0.1,0.9,0.2855993321,2600,0.9159917298,0.01546213358
144,0.1,0.9,0.2855993321,2602.5,0.9159234825,0.01546722722
144,0.1,0.9,0.2855993321,2605,0.9158568014,0.01547385163
144,0.1,0.9,0.2855993321,2607.5,0.9157834781,0.01547519016
144,0.1,0.9,0.2855993321,2610,0.9157104201,0.01548293817
144,0.1,0.9,0.2855993321,2612.5,0.9156364563,0.01548545313
144,0.1,0.9,0.2855993321,2615,0.9155592669,0.01548735393
144,0.1,0.9,0.2855993321,2617.5,0.9154717824,0.01549023992
144,0.1,0.9,0.2855993321,2620,0.9153859146,0.01549417711
144,0.1,0.9,0.2855993321,2622.5,0.9153111778,0.01549605566
144,0.1,0.9,0.2855993321,2625,0.9152359161,0.01549256389
144,0.1,0.9,0.2855993321,2627.5,0.9151557191,0.0154919669
144,0.1,0.9,0.2855993321,2630,0.9150783695,0.01548908647
144,0.1,0.9,0.2855993321,2632.5,0.9150093527,0.01548907471
144,0.1,0.9,0.2855993321,2635,0.9149496171,0.01548570416
144,0.1,0.9,0.2855993321,2637.5,0.9148864289,0.01547778093
144,0.1,0.9,0.2855993321,2640,0.914816508,0.01547276256
144,0.1,0.9,0.2855993321,2642.5,0.91475176,0.01547336693
144,0.1,0.9,0.2855993321,2645,0.9146767779,0.01547560945
144,0.1,0.9,0.2855993321,2647.5,0.9145968199,0.01547428684
144,0.1,0.9,0.2855993321,2650,0.9145054138,0.01547833996
144,0.1,0.9,0.2855993321,2652.5,0.9144199343,0.01548294426
144,0.1,0.9,0.2855993321,2655,0.9143300089,0.01548601317
144,0.1,0.9,0.2855993321,2657.5,0.9142401351,0.01548819106
144,0.1,0.9,0.2855993321,2660,0.9141456941,0.01548937367
144,0.1,0.9,0.2855993321,2662.5,0.9140490022,0.01549199025
144,0.1,0.9,0.2855993321,2665,0.9139555524,0.01549410034
144,0.1,0.9,0.2855993321,2667.5,0.913857844,0.01549650984
144,0.1,0.9,0.2855993321,2670,0.913757667,0.01549877961
144,0.1,0.9,0.2855993321,2672.5,0.9136624459,0.01550264018
144,0.1,0.9,0.2855993321,2675,0.9135751429,0.01550678428
144,0.1,0.9,0.2855993321,2677.5,0.9134889886,0.01551208753
144,0.1,0.9,0.2855993321,2680,0.913398254,0.01551745104
144,0.1,0.9,0.2855993321,2682.5,0.9133017579,0.01552590054
144,0.1,0.9,0.2855993321,2685,0.9132091369,0.01553447728
144,0.1,0.9,0.2855993321,2687.5,0.9131180527,0.0155352555
144,0.1,0.9,0.2855993321,2690,0.9130289124,0.01553828105
144,0.1,0.9,0.2855993321,2692.5,0.9129384335,0.01554148579
144,0.1,0.9,0.2855993321,2695,0.9128412053,0.01554059224
144,0.1,0.9,0.2855993321,2697.5,0.9127383161,0.01553960424
144,0.1,0.9,0.2855993321,2700,0.9126374475,0.01554103778
144,0.1,0.9,0.2855993321,2702.5,0.9125369437,0.01553944717
144,0.1,0.9,0.2855993321,2705,0.9124322911,0.01554091554
144,0.1,0.9,0.2855993321,2707.5,0.9123328432,0.01553661951
144,0.1,0.9,0.2855993321,2710,0.9122282253,0.01553358601
144,0.1,0.9,0.2855993321,2712.5,0.9121260897,0.01553301509
144,0.1,0.9,0.2855993321,2715,0.9120251699,0.01553162701
144,0.1,0.9,0.2855993321,2717.5,0.9119318301,0.01552909522
144,0.1,0.9,0.2855993321,2720,0.9118331337,0.01552179212
144,0.1,0.9,0.2855993321,2722.5,0.9117336357,0.01552313984
144,0.1,0.9,0.2855993321,2725,0.9116338734,0.01552214025
144,0.1,0.9,0.2855993321,2727.5,0.9115337556,0.01551969355
144,0.1,0.9,0.2855993321,2730,0.9114316132,0.01551633043
144,0.1,0.9,0.2855993321,2732.5,0.9113273472,0.01551824973
144,0.1,0.9,0.2855993321,2735,0.9112248823,0.01552266671
144,0.1,0.9,0.2855993321,2737.5,0.9111160753,0.01552326311
144,0.1,0.9,0.2855993321,2740,0.9110108778,0.01552535361
144,0.1,0.9,0.2855993321,2742.5,0.9108965897,0.01553347833
144,0.1,0.9,0.2855993321,2745,0.9107828374,0.01554079375
144,0.1,0.9,0.2855993321,2747.5,0.9106704785,0.01554724168
144,0.1,0.9,0.2855993321,2750,0.9105511108,0.01554981238
144,0.1,0.9,0.2855993321,2752.5,0.9104212131,0.01555646793
144,0.1,0.9,0.2855993321,2755,0.9102892494,0.01556014834
144,0.1,0.9,0.2855993321,2757.5,0.9101624165,0.01556257507
144,0.1,0.9,0.2855993321,2760,0.9100340114,0.01556933693
144,0.1,0.9,0.2855993321,2762.5,0.9098922981,0.01557607521
144,0.1,0.9,0.2855993321,2765,0.9097522512,0.01558637905
144,0.1,0.9,0.2855993321,2767.5,0.9096082416,0.01559623352
144,0.1,0.9,0.2855993321,2770,0.9094650402,0.01560469345
144,0.1,0.9,0.2855993321,2772.5,0.9093257966,0.01560823982
144,0.1,0.9,0.2855993321,2775,0.9091957463,0.01561055253
144,0.1,0.9,0.2855993321,2777.5,0.9090639305,0.0156149997
144,0.1,0.9,0.2855993321,2780,0.9089398054,0.01561955933
144,0.1,0.9,0.2855993321,2782.5,0.9088148512,0.01562580249
144,0.1,0.9,0.2855993321,2785,0.9086946154,0.01563479683
144,0.1,0.9,0.2855993321,2787.5,0.9085754509,0.01564205773
144,0.1,0.9,0.2855993321,2790,0.9084420441,0.01565359601
144,0.1,0.9,0.2855993321,2792.5,0.9083119085,0.01566256943
144,0.1,0.9,0.2855993321,2795,0.908183105,0.01566844729
144,0.1,0.9,0.2855993321,2797.5,0.9080435544,0.01567567373
144,0.1,0.9,0.2855993321,2800,0.9079014914,0.0156896143
144,0.1,0.9,0.2855993321,2802.5,0.9077584471,0.01570307592
144,0.1,0.9,0.2855993321,2805,0.9076187433,0.01571700741
144,0.1,0.9,0.2855993321,2807.5,0.9074929945,0.01573152016
144,0.1,0.9,0.2855993321,2810,0.9073596992,0.01574430331
144,0.1,0.9,0.2855993321,2812.5,0.9072212169,0.01575669905
144,0.1,0.9,0.2855993321,2815,0.907089107,0.01576506728
144,0.1,0.9,0.2855993321,2817.5,0.9069620235,0.01577347941
144,0.1,0.9,0.2855993321,2820,0.9068379531,0.01578019675
144,0.1,0.9,0.2855993321,2822.5,0.9067148312,0.01578296592
144,0.1,0.9,0.2855993321,2825,0.9065881901,0.01578657451
144,0.1,0.9,0.2855993321,2827.5,0.9064593577,0.01578745301
144,0.1,0.9,0.2855993321,2830,0.9063238071,0.01578677502
144,0.1,0.9,0.2855993321,2832.5,0.9061905446,0.01578353843
144,0.1,0.9,0.2855993321,2835,0.9060621188,0.01578353793
144,0.1,0.9,0.2855993321,2837.5,0.90593666,0.01578445669
144,0.1,0.9,0.2855993321,2840,0.9058031423,0.01578783986
144,0.1,0.9,0.2855993321,2842.5,0.9056676896,0.0157888922
144,0.1,0.9,0.2855993321,2845,0.9055342138,0.01578695774
144,0.1,0.9,0.2855993321,2847.5,0.9054044473,0.01578689383
144,0.1,0.9,0.2855993321,2850,0.905268711,0.01578350797
144,0.1,0.9,0.2855993321,2852.5,0.9051310842,0.01578458192
144,0.1,0.9,0.2855993321,2855,0.9049934362,0.01578106947
144,0.1,0.9,0.2855993321,2857.5,0.9048579369,0.01577708172
144,0.1,0.9,0.2855993321,2860,0.9047273201,0.01577735877
144,0.1,0.9,0.2855993321,2862.5,0.9045979882,0.01577438824
144,0.1,0.9,0.2855993321,2865,0.9044687024,0.01577451481
144,0.1,0.9,0.2855993321,2867.5,0.9043392082,0.01577329911
144,0.1,0.9,0.2855993321,2870,0.9042134992,0.01577614015
144,0.1,0.9,0.2855993321,2872.5,0.9040906792,0.01577800063
144,0.1,0.9,0.2855993321,2875,0.9039721882,0.01577775092
144,0.1,0.9,0.2855993321,2877.5,0.9038453879,0.01578038846
144,0.1,0.9,0.2855993321,2880,0.9037220411,0.01579121499
144,0.1,0.9,0.2855993321,2882.5,0.9036032493,0.01579956755
144,0.1,0.9,0.2855993321,2885,0.903488834,0.01580410436
144,0.1,0.9,0.2855993321,2887.5,0.9033758127,0.01581119114
144,0.1,0.9,0.2855993321,2890,0.9032574575,0.01581466818
144,0.1,0.9,0.2855993321,2892.5,0.903144928,0.01581859187
144,0.1,0.9,0.2855993321,2895,0.9030221113,0.01582070295
144,0.1,0.9,0.2855993321,2897.5,0.9028975608,0.01582064545
144,0.1,0.9,0.2855993321,2900,0.9027730699,0.01581483016
144,0.1,0.9,0.2855993321,2902.5,0.9026490016,0.01580727272
144,0.1,0.9,0.2855993321,2905,0.9025283022,0.0158028721
144,0.1,0.9,0.2855993321,2907.5,0.9024021734,0.01580102037
144,0.1,0.9,0.2855993321,2910,0.9022806486,0.01579977095
144,0.1,0.9,0.2855993321,2912.5,0.9021629137,0.01579998632
144,0.1,0.9,0.2855993321,2915,0.9020458106,0.01579433525
144,0.1,0.9,0.2855993321,2917.5,0.9019346204,0.01578713542
144,0.1,0.9,0.2855993321,2920,0.9018265067,0.01577989482
144,0.1,0.9,0.2855993321,2922.5,0.9017037632,0.01577359337
144,0.1,0.9,0.2855993321,2925,0.9015789558,0.01576225563
144,0.1,0.9,0.2855993321,2927.5,0.9014538472,0.01575510907
144,0.1,0.9,0.2855993321,2930,0.9013307197,0.01575027298
144,0.1,0.9,0.2855993321,2932.5,0.9011951718,0.01574232506
144,0.1,0.9,0.2855993321,2935,0.9010606142,0.015733316
144,0.1,0.9,0.2855993321,2937.5,0.9009267595,0.01572052806
144,0.1,0.9,0.2855993321,2940,0.9007913218,0.01570357312
144,0.1,0.9,0.2855993321,2942.5,0.9006546639,0.01569086505
144,0.1,0.9,0.2855993321,2945,0.9005130017,0.01568593378
144,0.1,0.9,0.2855993321,2947.5,0.9003760743,0.01567955055
144,0.1,0.9,0.2855993321,2950,0.9002479995,0.01567703709
144,0.1,0.9,0.2855993321,2952.5,0.9001284197,0.01567875813
144,0.1,0.9,0.2855993321,2955,0.9000156453,0.01567657198
144,0.1,0.9,0.2855993321,2957.5,0.899904714,0.01567621789
144,0.1,0.9,0.2855993321,2960,0.8997840794,0.01567189273
144,0.1,0.9,0.2855993321,2962.5,0.8996600745,0.01566691819
144,0.1,0.9,0.2855993321,2965,0.8995335457,0.01566535638
144,0.1,0.9,0.2855993321,2967.5,0.8994051397,0.01566224031
144,0.1,0.9,0.2855993321,2970,0.8992790124,0.01566066738
144,0.1,0.9,0.2855993321,2972.5,0.8991440295,0.01566380644
144,0.1,0.9,0.2855993321,2975,0.899014747,0.01565933424
144,0.1,0.9,0.2855993321,2977.5,0.8988786743,0.01565337237
144,0.1,0.9,0.2855993321,2980,0.8987500556,0.01564823602
144,0.1,0.9,0.2855993321,2982.5,0.8986245663,0.01564499852
144,0.1,0.9,0.2855993321,2985,0.8984960927,0.01564361141
144,0.1,0.9,0.2855993321,2987.5,0.8983730303,0.01564322567
144,0.1,0.9,0.2855993321,2990,0.898246938,0.01564490702
144,0.1,0.9,0.2855993321,2992.5,0.8981256542,0.01564702569
144,0.1,0.9,0.2855993321,2995,0.8980090052,0.01564910984
144,0.1,0.9,0.2855993321,2997.5,0.8978869953,0.01565269944
144,0.1,0.9,0.2855993321,3000,0.8977771704,0.01565032215
144,0.1,0.9,0.2855993321,3002.5,0.8976623765,0.01564538396
144,0.1,0.9,0.2855993321,3005,0.8975421621,0.01563929318
144,0.1,0.9,0.2855993321,3007.5,0.8974204215,0.01563682733
144,0.1,0.9,0.2855993321,3010,0.8972931793,0.01562913945
144,0.1,0.9,0.2855993321,3012.5,0.8971679715,0.01562372526
144,0.1,0.9,0.2855993321,3015,0.8970448544,0.01561896812
144,0.1,0.9,0.2855993321,3017.5,0.8969108913,0.01562300653
144,0.1,0.9,0.2855993321,3020,0.8967812864,0.01563098938
144,0.1,0.9,0.2855993321,3022.5,0.8966454294,0.01564149031
144,0.1,0.9,0.2855993321,3025,0.8965131701,0.01564965401
144,0.1,0.9,0.2855993321,3027.5,0.896384025,0.01565815021
144,0.1,0.9,0.2855993321,3030,0.8962568231,0.0156648398
144,0.1,0.9,0.2855993321,3032.5,0.8961399386,0.01567274982
144,0.1,0.9,0.2855993321,3035,0.8960248208,0.01567938207
144,0.1,0.9,0.2855993321,3037.5,0.8958965105,0.01568127569
144,0.1,0.9,0.2855993321,3040,0.8957798158,0.01568408194
144,0.1,0.9,0.2855993321,3042.5,0.8956659542,0.01568894271
144,0.1,0.9,0.2855993321,3045,0.8955520645,0.01569536469
144,0.1,0.9,0.2855993321,3047.5,0.8954370068,0.01570439338
144,0.1,0.9,0.2855993321,3050,0.8953218361,0.01571016794
144,0.1,0.9,0.2855993321,3052.5,0.8952029441,0.01571782128
144,0.1,0.9,0.2855993321,3055,0.895088922,0.01571808835
144,0.1,0.9,0.2855993321,3057.5,0.8949825205,0.01571626531
144,0.1,0.9,0.2855993321,3060,0.8948718228,0.01572141195
144,0.1,0.9,0.2855993321,3062.5,0.8947461703,0.01572834709
144,0.1,0.9,0.2855993321,3065,0.8946139065,0.01574046969
144,0.1,0.9,0.2855993321,3067.5,0.8944910929,0.01574861401
144,0.1,0.9,0.2855993321,3070,0.8943627417,0.01576541887
144,0.1,0.9,0.2855993321,3072.5,0.8942362785,0.01578295323
144,0.1,0.9,0.2855993321,3075,0.8941065343,0.01579526935
144,0.1,0.9,0.2855993321,3077.5,0.8939884599,0.01580702243
144,0.1,0.9,0.2855993321,3080,0.8938618695,0.01581611074
144,0.1,0.9,0.2855993321,3082.5,0.8937336954,0.0158242321
144,0.1,0.9,0.2855993321,3085,0.8936124612,0.01583841902
144,0.1,0.9,0.2855993321,3087.5,0.8934931727,0.01585210836
144,0.1,0.9,0.2855993321,3090,0.8933690266,0.01586159752
144,0.1,0.9,0.2855993321,3092.5,0.8932509815,0.01587487059
144,0.1,0.9,0.2855993321,3095,0.8931399191,0.01588472114
144,0.1,0.9,0.2855993321,3097.5,0.8930313748,0.0158985697
144,0.1,0.9,0.2855993321,3100,0.8929305138,0.01591361185
144,0.1,0.9,0.2855993321,3102.5,0.8928347677,0.01592748964
144,0.1,0.9,0.2855993321,3105,0.8927327902,0.01594288559
144,0.1,0.9,0.2855993321,3107.5,0.8926374639,0.01595648375
144,0.1,0.9,0.2855993321,3110,0.8925492261,0.01597218424
144,0.1,0.9,0.2855993321,3112.5,0.8924616628,0.015987866
144,0.1,0.9,0.2855993321,3115,0.8923782786,0.0160057266
144,0.1,0.9,0.2855993321,3117.5,0.8922935317,0.01602742865
144,0.1,0.9,0.2855993321,3120,0.892198445,0.01604520758
144,0.1,0.9,0.2855993321,3122.5,0.8921070258,0.01606055645
