run_id,eps_BB,kappa,f_A,k_off,k_on,k_fb,seed,f_B,largest_B_cluster_fraction,n_B_clusters,dense_B_fraction,mean_BB_coordination,mean_A_coordination,mean_B_coordination,B_cluster_size_second_moment,mean_coordination,mean_Rg,S_BB_peak,q_BB_peak,S_BB_kmin,tau_BB_peak,plateau_BB_peak,S_psi_peak,f_B_final,f_B_drift,mark_memory_time,mark_persistence,largest_cluster_time_std,f_B_time_std
epsBB0p5_kappa0_fA0p7_seed1,0.5,0.0,0.7,0.0,0.0,0.0,1,0.3,0.011773148148148147,69.536,0.0013333333333333333,1.2235185185185184,3.550359126984127,3.7495787037037034,3.9612962962962963,3.610125,3.8621458487487157,0.5283138238357926,0.2898883108016239,0.348068827725697,888.9610132091619,0.37191376295620454,1.4290458770009054,0.3,0.0,,,0.0028671053712545245,0.0
epsBB0p5_kappa0_fA0p7_seed2,0.5,0.0,0.7,0.0,0.0,0.0,2,0.3,0.01152777777777778,72.196,0.0013263888888888889,1.2598703703703702,3.553128968253968,3.7476944444444444,4.112912037037037,3.611498611111111,3.84387520085557,0.473053842589117,0.20498199035454176,0.473053842589117,824.7146856787398,0.3517768187986895,1.1966012403089248,0.3,0.0,,,0.0022360440140228597,0.0
epsBB0p5_kappa0_fA0p7_seed3,0.5,0.0,0.7,0.0,0.0,0.0,3,0.3,0.01125,72.092,0.0008379629629629629,1.244601851851852,3.5526815476190476,3.7495023148148148,3.972990740740741,3.6117277777777774,3.830324216102773,0.5097299261029141,0.35503922193065984,0.49004180538859193,233.83121048377822,0.16564385009339164,1.3331496404390129,0.3,0.0,,,0.0026989192192411068,0.0
epsBB0p5_kappa0_fA0p7_seed4,0.5,0.0,0.7,0.0,0.0,0.0,4,0.3,0.011131944444444444,71.532,0.0010555555555555555,1.2471435185185187,3.550401785714285,3.752715277777778,3.9596620370370372,3.611095833333333,3.850381821019576,0.4470855925760459,0.5021012828287303,0.3195881634004254,78.65394884035105,0.0342272335450931,1.1524359358039078,0.3,0.0,,,0.002401467253039509,0.0
epsBB0p5_kappa0_fA0p5_seed1,0.5,0.0,0.5,0.0,0.0,0.0,1,0.5,0.033786111111111114,148.768,0.017294444444444446,2.1330249999999995,3.6011611111111113,3.9563916666666663,19.007191666666667,3.778776388888889,3.7992174816008086,1.4560116146989517,0.4099639807090835,1.093611764015215,129.8587379644408,0.09944755439509094,1.7754035491128062,0.5,0.0,,,0.0102822554060171,0.0
epsBB0p5_kappa0_fA0p5_seed2,0.5,0.0,0.5,0.0,0.0,0.0,2,0.5,0.030677777777777776,154.448,0.014575,2.080636111111111,3.6075749999999998,3.944438888888889,16.902272222222223,3.7760069444444446,3.778008938334796,1.2167822960909156,0.20498199035454176,1.2167822960909156,267.9607788082952,0.10562905437485014,1.1418179783589923,0.5,0.0,,,0.00917163754109293,0.0
epsBB0p5_kappa0_fA0p5_seed3,0.5,0.0,0.5,0.0,0.0,0.0,3,0.5,0.030812499999999996,152.828,0.015877777777777775,2.1023250000000004,3.607490277777778,3.9496208333333334,17.51355,3.7785555555555557,3.7979963951178926,1.14114803725666,0.4099639807090835,1.1350281338462398,109.70826332131459,0.0267511383111424,1.2700352532721708,0.5,0.0,,,0.009309599556603978,0.0
epsBB0p5_kappa0_fA0p5_seed4,0.5,0.0,0.5,0.0,0.0,0.0,4,0.5,0.03560138888888889,147.52,0.019094444444444445,2.174313888888889,3.6015555555555556,3.963777777777778,20.18551111111111,3.782666666666667,3.77993076130197,1.3124857031500603,0.35503922193065984,1.0619057429705245,152.12748902078067,0.015740546835103265,1.372840109316926,0.5,0.0,,,0.010518718709378868,0.0
epsBB0p5_kappa0p25_fA0p7_seed1,0.5,0.25,0.7,0.0,0.0,0.0,1,0.3,0.01817824074074074,80.6,0.004655092592592592,1.4529074074074073,3.5442996031746032,3.8102824074074073,5.887569444444445,3.6240944444444447,3.809744633170889,1.1236446600870778,0.20498199035454176,1.1236446600870778,,0.7267532697010053,3.3424320794426987,0.3,0.0,,,0.004588440032938325,0.0
epsBB0p5_kappa0p25_fA0p7_seed2,0.5,0.25,0.7,0.0,0.0,0.0,2,0.3,0.01738657407407407,78.268,0.003476851851851851,1.4028796296296295,3.543806547619048,3.789599537037037,5.399175925925926,3.617544444444445,3.8107814745293633,1.3573353514429798,0.20498199035454176,1.3573353514429798,,0.6776068226019426,3.2508277890808954,0.3,0.0,,,0.004700344769809493,0.0
epsBB0p5_kappa0p25_fA0p7_seed3,0.5,0.25,0.7,0.0,0.0,0.0,3,0.3,0.020243055555555556,74.832,0.00537037037037037,1.4184444444444446,3.553038690476191,3.795483796296296,5.847888888888889,3.6257722222222224,3.840586934057034,1.236210244894045,0.20498199035454176,1.236210244894045,,0.6052742583687578,2.7733595687071806,0.3,0.0,,,0.005670221458993724,0.0
epsBB0p5_kappa0p25_fA0p7_seed4,0.5,0.25,0.7,0.0,0.0,0.0,4,0.3,0.01809259259259259,76.96,0.004856481481481481,1.417736111111111,3.5465783730158726,3.7918773148148146,5.707828703703704,3.6201680555555558,3.8591824230298215,0.8270325444235045,0.35503922193065984,0.7900367323823155,371.08752160852714,0.15861007994107854,2.414019115805549,0.3,0.0,,,0.004627108109625478,0.0
epsBB0p5_kappa0p25_fA0p5_seed1,0.5,0.25,0.5,0.0,0.0,0.0,1,0.5,0.06216944444444444,124.472,0.031075,2.2873861111111116,3.5961694444444445,4.017302777777777,37.280175,3.8067361111111113,3.758898045756476,2.3072704492014693,0.20498199035454176,2.3072704492014693,,0.48521785042519644,3.63459522480425,0.5,0.0,,,0.02289984045580306,0.0
epsBB0p5_kappa0p25_fA0p5_seed2,0.5,0.25,0.5,0.0,0.0,0.0,2,0.5,0.058663888888888883,129.448,0.028536111111111113,2.304866666666667,3.5836430555555556,4.011901388888888,34.94691388888889,3.7977722222222225,3.764779667021421,2.46232980914755,0.20498199035454176,2.46232980914755,1223.8967162598212,0.43203387209616084,3.3653315895254696,0.5,0.0,,,0.025471891128346184,0.0
epsBB0p5_kappa0p25_fA0p5_seed3,0.5,0.25,0.5,0.0,0.0,0.0,3,0.5,0.05413055555555555,128.44,0.027797222222222223,2.262952777777778,3.5916,4.003066666666666,31.862294444444444,3.797333333333333,3.7731960726654052,2.108733842168618,0.20498199035454176,2.108733842168618,,0.6967701208247005,3.267941282346104,0.5,0.0,,,0.020041879570748725,0.0
epsBB0p5_kappa0p25_fA0p5_seed4,0.5,0.25,0.5,0.0,0.0,0.0,4,0.5,0.05424305555555556,127.896,0.029547222222222225,2.294525,3.5906597222222216,4.017620833333333,32.16569166666667,3.8041402777777775,3.753720335329792,2.000631749010735,0.2898883108016239,1.4927302909256104,537.7357934239618,0.24011060934114203,2.8778824238210254,0.5,0.0,,,0.02033295978140473,0.0
epsBB0p5_kappa0p5_fA0p7_seed1,0.5,0.5,0.7,0.0,0.0,0.0,1,0.3,0.07159953703703704,65.336,0.03295138888888889,2.033287037037037,3.536027777777778,3.989365740740741,25.871717592592596,3.672029166666667,3.798384984319494,4.316796082380311,0.20498199035454176,4.316796082380311,,0.5737253068746713,10.905745826629945,0.3,0.0,,,0.027662859219921454,0.0
epsBB0p5_kappa0p5_fA0p7_seed2,0.5,0.5,0.7,0.0,0.0,0.0,2,0.3,0.06407175925925927,69.164,0.031064814814814812,2.009824074074074,3.5400783730158727,3.9646782407407404,22.1907962962963,3.667458333333333,3.765201854519166,2.8688223496277425,0.20498199035454176,2.8688223496277425,,0.6446103756389222,7.087779710591643,0.3,0.0,,,0.02319673246366265,0.0
epsBB0p5_kappa0p5_fA0p7_seed3,0.5,0.5,0.7,0.0,0.0,0.0,3,0.3,0.057958333333333334,65.508,0.032594907407407406,1.9885046296296296,3.5359117063492067,3.962969907407407,20.667787037037037,3.664029166666667,3.7713494417799063,2.972145506351498,0.20498199035454176,2.972145506351498,,0.6261857610302374,7.891239070024358,0.3,0.0,,,0.017225326407820755,0.0
epsBB0p5_kappa0p5_fA0p7_seed4,0.5,0.5,0.7,0.0,0.0,0.0,4,0.3,0.06404861111111111,67.12,0.03164351851851852,2.0408055555555555,3.5330307539682546,3.974261574074074,23.57203703703704,3.6653999999999995,3.793630993719159,4.498300569513029,0.20498199035454176,4.498300569513029,,0.6240886437752192,12.691244634425209,0.3,0.0,,,0.021887634627731033,0.0
epsBB0p5_kappa0p5_fA0p5_seed1,0.5,0.5,0.5,0.0,0.0,0.0,1,0.5,0.33463750000000003,61.912,0.08950277777777776,2.8472638888888886,3.549634722222222,4.2447875,426.19267777777776,3.8972111111111114,3.705037163451728,9.55788073789255,0.2898883108016239,8.42626331263139,864.323745606798,0.3352565504493422,17.54367859981598,0.5,0.0,,,0.11952162823575715,0.0
epsBB0p5_kappa0p5_fA0p5_seed2,0.5,0.5,0.5,0.0,0.0,0.0,2,0.5,0.2765694444444445,66.4,0.08175694444444444,2.7841416666666663,3.5546305555555553,4.221850000000001,314.2146111111111,3.8882402777777774,3.7064955486179136,8.049191751340707,0.20498199035454176,8.049191751340707,,0.6726718313515798,15.492265801662914,0.5,0.0,,,0.10502557558889061,0.0
epsBB0p5_kappa0p5_fA0p5_seed3,0.5,0.5,0.5,0.0,0.0,0.0,3,0.5,0.2224402777777778,70.5,0.07173611111111111,2.70575,3.5630861111111107,4.185616666666667,228.81511666666663,3.874351388888889,3.719727755515009,7.420657627248198,0.2898883108016239,7.308079162590068,,0.6680383521151878,14.558392130878524,0.5,0.0,,,0.09370616877636086,0.0
epsBB0p5_kappa0p5_fA0p5_seed4,0.5,0.5,0.5,0.0,0.0,0.0,4,0.5,0.3767888888888889,62.616,0.08635277777777779,2.810497222222222,3.5458638888888885,4.248158333333333,474.52976666666666,3.8970111111111114,3.716154811141723,15.191783927300742,0.20498199035454176,15.191783927300742,,0.8689889340490092,28.346513811947073,0.5,0.0,,,0.09981932517037537,0.0
epsBB0p5_kappa0p75_fA0p7_seed1,0.5,0.75,0.7,0.0,0.0,0.0,1,0.3,0.41821296296296295,28.5,0.14239814814814816,3.1693703703703706,3.5009444444444444,4.461236111111111,387.9448194444445,3.7890319444444445,3.7404741203271468,18.198240404423395,0.2898883108016239,10.938773834967256,,0.854981597405611,43.110391897308666,0.3,0.0,,,0.12281393436528217,0.0
epsBB0p5_kappa0p75_fA0p7_seed2,0.5,0.75,0.7,0.0,0.0,0.0,2,0.3,0.4387847222222222,29.952,0.14622222222222223,3.164060185185185,3.4977718253968257,4.463092592592593,363.40658796296293,3.7873680555555556,3.7589711795514336,22.297573694449795,0.20498199035454176,22.297573694449795,,0.8747160618751446,50.97367057124579,0.3,0.0,,,0.06027942786079932,0.0
epsBB0p5_kappa0p75_fA0p7_seed3,0.5,0.75,0.7,0.0,0.0,0.0,3,0.3,0.5797037037037037,22.74,0.15843518518518515,3.287324074074074,3.4953125,4.527775462962963,607.6121805555556,3.8050513888888884,3.748407791105211,42.28375850486437,0.20498199035454176,42.28375850486437,,0.9081708489283734,95.52549614107656,0.3,0.0,,,0.07660847633429348,0.0
epsBB0p5_kappa0p75_fA0p7_seed4,0.5,0.75,0.7,0.0,0.0,0.0,4,0.3,0.44130787037037045,29.004,0.1452337962962963,3.218925925925926,3.5008184523809525,4.455835648148148,424.7122546296297,3.787323611111111,3.744650898791603,20.997680522165133,0.20498199035454176,20.997680522165133,,0.8988247883912678,49.181030831355244,0.3,0.0,,,0.13708861651685933,0.0
epsBB0p5_kappa0p75_fA0p5_seed1,0.5,0.75,0.5,0.0,0.0,0.0,1,0.5,0.7419569444444444,24.92,0.21300138888888892,3.776211111111111,3.47155,4.703027777777778,1609.7384638888889,4.08728888888889,3.6751770471772396,39.63269936530068,0.20498199035454176,39.63269936530068,,0.8968375396393234,76.60861346372059,0.5,0.0,,,0.060165122405672095,0.0
epsBB0p5_kappa0p75_fA0p5_seed2,0.5,0.75,0.5,0.0,0.0,0.0,2,0.5,0.7868986111111111,19.564,0.24231944444444442,3.9592666666666663,3.460344444444444,4.819083333333333,1800.3913027777776,4.139713888888889,3.664554108039296,78.47562037577711,0.20498199035454176,78.47562037577711,,0.931481803181156,145.43730114682495,0.5,0.0,,,0.05603063813072647,0.0
epsBB0p5_kappa0p75_fA0p5_seed3,0.5,0.75,0.5,0.0,0.0,0.0,3,0.5,0.7600527777777777,17.08,0.2696958333333333,4.051019444444444,3.452166666666667,4.919122222222223,1725.8995333333335,4.185644444444444,3.649534876707781,64.2989502334258,0.2898883108016239,62.00509370206098,,0.8645712198966761,117.24574640904966,0.5,0.0,,,0.09873350538128657,0.0
epsBB0p5_kappa0p75_fA0p5_seed4,0.5,0.75,0.5,0.0,0.0,0.0,4,0.5,0.7656291666666666,20.944,0.21702638888888887,3.7891916666666665,3.4729972222222223,4.722833333333334,1700.4385333333335,4.097915277777778,3.6486710697636204,53.15332379582796,0.20498199035454176,53.15332379582796,,0.9275694186283512,101.35157357866723,0.5,0.0,,,0.04179893914511955,0.0
epsBB0p5_kappa1_fA0p7_seed1,0.5,1.0,0.7,0.0,0.0,0.0,1,0.3,0.95625,8.308,0.5291898148148148,5.744898148148148,3.392001984126984,5.912851851851852,1580.987722222222,4.148256944444444,3.724546739707695,138.3023815797156,0.20498199035454176,138.3023815797156,,0.9694165914748782,285.5491377820048,0.3,0.0,,,0.01350313051139186,0.0
epsBB0p5_kappa1_fA0p7_seed2,0.5,1.0,0.7,0.0,0.0,0.0,2,0.3,0.6196412037037037,7.54,0.5136412037037037,5.655652777777777,3.398512896825397,5.838173611111111,961.3385833333333,4.13041111111111,3.7419259144157015,100.51245047358199,0.2898883108016239,39.51662483944828,,0.9051015489597818,202.99244654010417,0.3,0.0,,,0.17301326886911125,0.0
epsBB0p5_kappa1_fA0p7_seed3,0.5,1.0,0.7,0.0,0.0,0.0,3,0.3,0.6811180555555556,5.384,0.5009930555555556,5.596523148148147,3.397686507936508,5.774171296296296,1028.588,4.110631944444444,3.7316181013537473,62.50039612870094,0.2898883108016239,43.94881029102364,,0.8696100622952098,131.94119905398335,0.3,0.0,,,0.187608946129278,0.0
epsBB0p5_kappa1_fA0p7_seed4,0.5,1.0,0.7,0.0,0.0,0.0,4,0.3,0.8925092592592593,10.08,0.5216064814814815,5.713277777777777,3.3959742063492064,5.880111111111112,1386.900171296296,4.1412152777777775,3.7201138477253943,117.72125745537386,0.20498199035454176,117.72125745537386,,0.9570613739334057,239.84012395488773,0.3,0.0,,,0.0402233564335173,0.0
epsBB0p5_kappa1_fA0p5_seed1,0.5,1.0,0.5,0.0,0.0,0.0,1,0.5,0.9767125000000001,5.888,0.5594111111111112,5.8934,3.277088888888889,6.004661111111111,2747.913413888889,4.640875,3.6529233559083467,313.96295946064254,0.20498199035454176,313.96295946064254,,0.9909184063698266,554.7003122059466,0.5,0.0,,,0.007557899069765711,0.0
epsBB0p5_kappa1_fA0p5_seed2,0.5,1.0,0.5,0.0,0.0,0.0,2,0.5,0.9754749999999999,7.068,0.5879416666666667,6.035372222222223,3.267373611111111,6.136073611111111,2740.8834833333335,4.701723611111111,3.6704513058220596,390.6314248932502,0.20498199035454176,390.6314248932502,,0.9911788120663668,679.9829882701687,0.5,0.0,,,0.006611466493716115,0.0
epsBB0p5_kappa1_fA0p5_seed3,0.5,1.0,0.5,0.0,0.0,0.0,3,0.5,0.9842249999999999,5.024,0.5572347222222223,5.886413888888888,3.2815569444444446,5.984501388888889,2790.240125,4.633029166666667,3.6119068551609597,275.851531102885,0.20498199035454176,275.851531102885,,0.9534509396512225,510.64190629617207,0.5,0.0,,,0.0077456972324822975,0.0
epsBB0p5_kappa1_fA0p5_seed4,0.5,1.0,0.5,0.0,0.0,0.0,4,0.5,0.9753305555555555,6.992,0.561088888888889,5.907569444444444,3.2735055555555554,5.998719444444445,2740.4979916666666,4.6361125,3.671709866664711,304.1017297791219,0.20498199035454176,304.1017297791219,,0.9853971338375263,564.0309210159202,0.5,0.0,,,0.01210764285202115,0.0
epsBB0p75_kappa0_fA0p7_seed1,0.75,0.0,0.7,0.0,0.0,0.0,1,0.3,0.014773148148148148,76.988,0.004143518518518518,1.3601249999999998,3.5731160714285717,3.912793981481481,4.774231481481481,3.675019444444444,3.8047111723345988,0.5662572237761643,0.5021012828287303,0.3348456740227523,87.4758505133073,0.020891121463128222,1.21318444943393,0.3,0.0,,,0.0034037035777616546,0.0
epsBB0p75_kappa0_fA0p7_seed2,0.75,0.0,0.7,0.0,0.0,0.0,2,0.3,0.014300925925925927,79.188,0.004194444444444444,1.3993194444444443,3.567642857142857,3.909435185185185,4.97112962962963,3.6701805555555556,3.813172103422274,0.7064851175402183,0.20498199035454176,0.7064851175402183,,0.5981119570407253,1.297437746417791,0.3,0.0,,,0.0033523409966395635,0.0
epsBB0p75_kappa0_fA0p7_seed3,0.75,0.0,0.7,0.0,0.0,0.0,3,0.3,0.01294675925925926,81.068,0.002856481481481481,1.3769074074074075,3.5700753968253967,3.9048564814814815,4.661532407407407,3.670509722222222,3.793834269408252,0.6288079570352566,0.35503922193065984,0.45825485997418536,385.07131990306914,0.21006998201999133,1.2253401246140112,0.3,0.0,,,0.0024986075082838993,0.0
epsBB0p75_kappa0_fA0p7_seed4,0.75,0.0,0.7,0.0,0.0,0.0,4,0.3,0.013793981481481482,78.252,0.003430555555555555,1.3814768518518519,3.563260912698413,3.911974537037037,4.777666666666666,3.667875,3.8147551790132046,0.5605107442075037,0.5797766216032478,0.4724991444756751,61.82975547733623,0.0015815728319870323,1.2147839270892509,0.3,0.0,,,0.003262631915827402,0.0
epsBB0p75_kappa0_fA0p5_seed1,0.75,0.0,0.5,0.0,0.0,0.0,1,0.5,0.059027777777777776,120.38,0.0505125,2.485425,3.671081944444444,4.3573375,37.85569722222222,4.014209722222223,3.719841592290971,2.010660204993962,0.4099639807090835,1.9016185741061422,162.27898007888044,-0.05913076832746247,1.5077846626107527,0.5,0.0,,,0.019617631509674726,0.0
epsBB0p75_kappa0_fA0p5_seed2,0.75,0.0,0.5,0.0,0.0,0.0,2,0.5,0.052409722222222226,127.888,0.04315416666666667,2.4155499999999996,3.677463888888889,4.327638888888889,32.26811388888889,4.002551388888889,3.694864535985319,1.834578378706575,0.4099639807090835,1.3211118000559745,149.13894411445304,0.11883749548224264,1.3460211499785817,0.5,0.0,,,0.01676242888100471,0.0
epsBB0p75_kappa0_fA0p5_seed3,0.75,0.0,0.5,0.0,0.0,0.0,3,0.5,0.051986111111111115,126.832,0.04565972222222222,2.439052777777778,3.673581944444444,4.3334819444444435,33.09849722222222,4.003531944444445,3.727128140498265,1.873124811976142,0.4099639807090835,1.7727337524404072,137.21105938672142,0.1443286394997578,1.3387771288887915,0.5,0.0,,,0.01728472640730274,0.0
epsBB0p75_kappa0_fA0p5_seed4,0.75,0.0,0.5,0.0,0.0,0.0,4,0.5,0.05996944444444444,118.284,0.05753888888888889,2.551952777777778,3.666572222222222,4.388191666666666,40.25477500000001,4.027381944444444,3.7263666924926104,2.1322390158329845,0.35503922193065984,1.20179690402625,267.6678873962935,0.20596494828690876,1.5563835643529405,0.5,0.0,,,0.022221411269925242,0.0
epsBB0p75_kappa0p25_fA0p7_seed1,0.75,0.25,0.7,0.0,0.0,0.0,1,0.3,0.02614814814814815,79.472,0.014828703703703702,1.6503287037037038,3.560543650793651,4.03362962962963,8.138708333333334,3.7024694444444446,3.802566293528026,1.3855492550608042,0.35503922193065984,0.8867267473117884,717.2248786832572,0.2472618085647632,3.1271661824932218,0.3,0.0,,,0.007814646138692186,0.0
epsBB0p75_kappa0p25_fA0p7_seed2,0.75,0.25,0.7,0.0,0.0,0.0,2,0.3,0.023238425925925926,79.272,0.01105787037037037,1.5780046296296295,3.563480158730159,3.99412037037037,7.131912037037036,3.6926722222222224,3.793954094586375,1.2122598232389175,0.20498199035454176,1.2122598232389175,,0.6008205114322286,2.412816856885863,0.3,0.0,,,0.006651510308010656,0.0
epsBB0p75_kappa0p25_fA0p7_seed3,0.75,0.25,0.7,0.0,0.0,0.0,3,0.3,0.026175925925925925,75.924,0.015921296296296295,1.6101805555555557,3.5657251984126983,4.012270833333334,7.896185185185186,3.699688888888889,3.8191643426046458,1.059492103896245,0.20498199035454176,1.059492103896245,,0.5856545153495383,2.175859520856045,0.3,0.0,,,0.006289797844708339,0.0
epsBB0p75_kappa0p25_fA0p7_seed4,0.75,0.25,0.7,0.0,0.0,0.0,4,0.3,0.02528935185185185,76.552,0.015465277777777777,1.6153425925925926,3.566348214285714,4.020141203703703,7.853365740740741,3.702486111111111,3.8004039283386883,1.1018702743319253,0.4583536645959616,1.074083087564592,361.2176773223005,0.11338201148643566,2.425997800528781,0.3,0.0,,,0.007033238268646442,0.0
epsBB0p75_kappa0p25_fA0p5_seed1,0.75,0.25,0.5,0.0,0.0,0.0,1,0.5,0.1574375,92.488,0.09544166666666666,2.7750666666666666,3.6568791666666667,4.553095833333333,125.05920833333332,4.1049875,3.68777831532091,5.519881673031613,0.20498199035454176,5.519881673031613,,0.52474021893072,5.355072694328134,0.5,0.0,,,0.06526639565366216,0.0
epsBB0p75_kappa0p25_fA0p5_seed2,0.75,0.25,0.5,0.0,0.0,0.0,2,0.5,0.12149166666666668,95.176,0.09096666666666667,2.792188888888889,3.649713888888889,4.546580555555555,96.31085,4.098147222222222,3.6681208377999157,4.040478796453622,0.20498199035454176,4.040478796453622,1174.3128187688744,0.5133995632797885,4.029821086014758,0.5,0.0,,,0.04733248613613234,0.0
epsBB0p75_kappa0p25_fA0p5_seed3,0.75,0.25,0.5,0.0,0.0,0.0,3,0.5,0.15946944444444444,94.008,0.09350833333333335,2.7597694444444443,3.6545597222222224,4.545843055555555,126.05439166666666,4.100201388888888,3.6858807159935036,6.107408510544791,0.20498199035454176,6.107408510544791,,0.7178095369231416,6.1731201800689695,0.5,0.0,,,0.05895642543700086,0.0
epsBB0p75_kappa0p25_fA0p5_seed4,0.75,0.25,0.5,0.0,0.0,0.0,4,0.5,0.18595138888888887,94.736,0.09761805555555556,2.7930888888888883,3.648898611111111,4.559240277777778,145.94732222222223,4.104069444444445,3.6708392102031113,8.33630025948259,0.20498199035454176,8.33630025948259,,0.8061747117440238,10.733519971896682,0.5,0.0,,,0.060152640283713664,0.0
epsBB0p75_kappa0p5_fA0p7_seed1,0.75,0.5,0.7,0.0,0.0,0.0,1,0.3,0.2812754629629629,42.944,0.12662731481481482,2.6552685185185187,3.5470595238095237,4.641569444444445,155.3019166666667,3.8754125,3.7446258341890837,20.12161353973493,0.20498199035454176,20.12161353973493,,0.8970119729730284,34.39425855063638,0.3,0.0,,,0.05545878575324145,0.0
epsBB0p75_kappa0p5_fA0p7_seed2,0.75,0.5,0.7,0.0,0.0,0.0,2,0.3,0.21238657407407407,41.996,0.1301435185185185,2.664787037037037,3.548901785714286,4.649289351851852,108.31010648148148,3.879018055555555,3.7318477796289917,10.816774768671447,0.2898883108016239,7.248914945098675,,0.7408121303875794,18.836699842230907,0.3,0.0,,,0.04634116743331622,0.0
epsBB0p75_kappa0p5_fA0p7_seed3,0.75,0.5,0.7,0.0,0.0,0.0,3,0.3,0.14445833333333333,39.928,0.12255555555555557,2.5921018518518517,3.5454781746031743,4.597865740740741,73.07881018518518,3.861194444444444,3.7427531247164936,7.116878743258659,0.35503922193065984,6.900541477832766,,0.5947243850182703,12.538792901693242,0.3,0.0,,,0.04470303365856129,0.0
epsBB0p75_kappa0p5_fA0p7_seed4,0.75,0.5,0.7,0.0,0.0,0.0,4,0.3,0.1960648148148148,40.376,0.12561111111111112,2.6704675925925927,3.5461914682539684,4.639706018518519,113.34856018518519,3.8742458333333336,3.7457795683722597,11.517407995462635,0.20498199035454176,11.517407995462635,,0.8732459410474601,20.840712741581036,0.3,0.0,,,0.08017016153842647,0.0
epsBB0p75_kappa0p5_fA0p5_seed1,0.75,0.5,0.5,0.0,0.0,0.0,1,0.5,0.5862722222222221,39.58,0.30842638888888896,4.087852777777778,3.610313888888889,5.546880555555555,1064.4459416666666,4.578597222222222,3.621293606303312,76.97762093748116,0.2898883108016239,18.059305229495514,,0.9453472081911782,90.95959165419289,0.5,0.0,,,0.10518915798851768,0.0
epsBB0p75_kappa0p5_fA0p5_seed2,0.75,0.5,0.5,0.0,0.0,0.0,2,0.5,0.6729916666666668,34.988,0.2957930555555556,3.9869222222222223,3.624347222222222,5.493052777777777,1311.3801444444443,4.558700000000001,3.634495786111965,96.76779677588736,0.20498199035454176,96.76779677588736,,0.9510004165751028,118.1788752187502,0.5,0.0,,,0.03595404098667637,0.0
epsBB0p75_kappa0p5_fA0p5_seed3,0.75,0.5,0.5,0.0,0.0,0.0,3,0.5,0.6477055555555556,38.228,0.268625,3.8229333333333333,3.6296916666666665,5.370902777777778,1212.860611111111,4.500297222222222,3.6016250974667017,55.20724996326254,0.20498199035454176,55.20724996326254,,0.8643441871395294,65.67443781763558,0.5,0.0,,,0.022642910174552198,0.0
epsBB0p75_kappa0p5_fA0p5_seed4,0.75,0.5,0.5,0.0,0.0,0.0,4,0.5,0.6483388888888889,37.852,0.29565416666666666,3.990833333333334,3.612661111111111,5.496144444444444,1224.8077861111112,4.554402777777778,3.6486968144325163,55.513417621908,0.20498199035454176,55.513417621908,,0.9685145536420842,66.32297930049236,0.5,0.0,,,0.04681923810890952,0.0
epsBB0p75_kappa0p75_fA0p7_seed1,0.75,0.75,0.7,0.0,0.0,0.0,1,0.3,0.4828449074074074,9.668,0.4573287037037037,4.994129629629629,3.491385912698413,6.319168981481481,586.8452962962964,4.339720833333333,3.7020756524655436,51.94269597240523,0.20498199035454176,51.94269597240523,,0.8993470541554942,86.68899573489288,0.3,0.0,,,0.1546698621319907,0.0
epsBB0p75_kappa0p75_fA0p7_seed2,0.75,0.75,0.7,0.0,0.0,0.0,2,0.3,0.699761574074074,13.8,0.4512060185185185,4.9610509259259254,3.488998015873016,6.288162037037036,857.7161018518519,4.328747222222222,3.75180545771156,93.1854471503644,0.20498199035454176,93.1854471503644,,0.9396494501053183,138.53791313398938,0.3,0.0,,,0.050348129036107754,0.0
epsBB0p75_kappa0p75_fA0p7_seed3,0.75,0.75,0.7,0.0,0.0,0.0,3,0.3,0.6351041666666667,7.46,0.48335648148148147,5.185203703703704,3.4905029761904762,6.466868055555555,739.038962962963,4.3834125,3.7204045444572778,86.57073897731118,0.20498199035454176,86.57073897731118,,0.9643903568890251,132.4906682117246,0.3,0.0,,,0.01344935794466783,0.0
epsBB0p75_kappa0p75_fA0p7_seed4,0.75,0.75,0.7,0.0,0.0,0.0,4,0.3,0.7650717592592592,11.736,0.47797222222222224,5.166453703703702,3.4977559523809525,6.4507361111111114,1012.8208935185186,4.38365,3.725142411350393,121.64348241386351,0.20498199035454176,121.64348241386351,,0.9831276043430469,180.36805677377154,0.3,0.0,,,0.014469375630866711,0.0
epsBB0p75_kappa0p75_fA0p5_seed1,0.75,0.75,0.5,0.0,0.0,0.0,1,0.5,0.8615625,8.1,0.6016263888888889,6.124352777777778,3.5140583333333333,7.122563888888889,2138.2978777777776,5.318311111111111,3.604142959453629,212.29752559601647,0.20498199035454176,212.29752559601647,,0.9595220189497361,267.734826270362,0.5,0.0,,,0.007051005340497792,0.0
epsBB0p75_kappa0p75_fA0p5_seed2,0.75,0.75,0.5,0.0,0.0,0.0,2,0.5,0.8725555555555555,7.708,0.6111833333333333,6.260736111111111,3.486509722222222,7.173784722222223,2193.156236111111,5.330147222222222,3.576253553949313,214.49848172565302,0.2898883108016239,57.396517078027394,,0.9617597229713318,276.41392249968766,0.5,0.0,,,0.00664360885214105,0.0
epsBB0p75_kappa0p75_fA0p5_seed3,0.75,0.75,0.5,0.0,0.0,0.0,3,0.5,0.6742805555555555,6.924,0.6167736111111112,6.294863888888889,3.4669958333333333,7.210359722222221,1396.516075,5.338677777777778,3.562071331604702,172.6959264521442,0.20498199035454176,172.6959264521442,,0.9574393564260709,229.22829740806512,0.5,0.0,,,0.03373059501585255,0.0
epsBB0p75_kappa0p75_fA0p5_seed4,0.75,0.75,0.5,0.0,0.0,0.0,4,0.5,0.8509541666666667,10.176,0.5980291666666667,6.101830555555556,3.515947222222222,7.105863888888889,2086.027122222222,5.310905555555555,3.6020043060525437,280.23056535251044,0.20498199035454176,280.23056535251044,,0.9702092220186667,352.44937759896345,0.5,0.0,,,0.006623162597521658,0.0
epsBB0p75_kappa1_fA0p7_seed1,0.75,1.0,0.7,0.0,0.0,0.0,1,0.3,0.586275462962963,3.952,0.8117060185185184,8.233143518518519,3.3452658730158733,8.369712962962964,874.3302268518519,4.8526,3.6977137154223283,114.50768803708542,0.35503922193065984,103.26772704028305,,0.9613765328750022,180.28454752958103,0.3,0.0,,,0.003421550791166113,0.0
epsBB0p75_kappa1_fA0p7_seed2,0.75,1.0,0.7,0.0,0.0,0.0,2,0.3,0.7836828703703704,4.84,0.8037638888888889,8.169194444444445,3.350480158730159,8.314601851851853,1125.5800324074073,4.839716666666666,3.7225071853866862,139.17940205850195,0.2898883108016239,125.36577099723942,,0.9135193828123008,223.79636826164332,0.3,0.0,,,0.03530215154217256,0.0
epsBB0p75_kappa1_fA0p7_seed3,0.75,1.0,0.7,0.0,0.0,0.0,3,0.3,0.4181689814814815,3.772,0.7822268518518518,7.939162037037038,3.3542172619047617,8.076483796296296,598.6599722222222,4.770897222222222,3.6913580816953817,123.13152846712018,0.2898883108016239,11.616392977852433,,0.9218025049190997,212.05676112541752,0.3,0.0,,,0.020641354268657826,0.0
epsBB0p75_kappa1_fA0p7_seed4,0.75,1.0,0.7,0.0,0.0,0.0,4,0.3,0.516875,4.744,0.7938217592592592,8.052296296296298,3.3476696428571433,8.188256944444444,713.3685509259259,4.799845833333333,3.67911169338393,114.27831891185572,0.2898883108016239,54.99167111959537,,0.9636187681313763,190.812415147053,0.3,0.0,,,0.00849079627592001,0.0
epsBB0p75_kappa1_fA0p5_seed1,0.75,1.0,0.5,0.0,0.0,0.0,1,0.5,0.9958777777777779,1.604,0.8751500000000001,8.838613888888888,3.2127250000000003,8.925463888888888,2856.3306194444444,6.069094444444445,3.596344775168274,590.8862756336772,0.20498199035454176,590.8862756336772,,0.989889187426502,833.7616890536683,0.5,0.0,,,0.0017460692185733667,0.0
epsBB0p75_kappa1_fA0p5_seed2,0.75,1.0,0.5,0.0,0.0,0.0,2,0.5,0.6432708333333332,3.028,0.8459500000000001,8.550586111111112,3.2183597222222224,8.640198611111114,1549.5931972222224,5.929279166666666,3.591067577689602,332.0673740126912,0.2898883108016239,138.06790891204045,,0.9689209419726542,480.3590041687174,0.5,0.0,,,0.0016431940863925732,0.0
epsBB0p75_kappa1_fA0p5_seed3,0.75,1.0,0.5,0.0,0.0,0.0,3,0.5,0.9970111111111112,1.564,0.8766708333333334,8.848847222222222,3.2021555555555556,8.926719444444444,2862.837680555556,6.0644375,3.673996982166419,582.7493568615783,0.20498199035454176,582.7493568615783,,0.9855223243632939,828.5933244398109,0.5,0.0,,,0.0021756828075370563,0.0
epsBB0p75_kappa1_fA0p5_seed4,0.75,1.0,0.5,0.0,0.0,0.0,4,0.5,0.9951000000000001,2.824,0.8747861111111112,8.844533333333333,3.2016583333333335,8.914819444444445,2851.8798055555553,6.058238888888889,3.6404998470222054,577.0068665675647,0.20498199035454176,577.0068665675647,,0.9835620298836953,825.4221112147518,0.5,0.0,,,0.0017594081321025596,0.0
epsBB1_kappa0_fA0p7_seed1,1.0,0.0,0.7,0.0,0.0,0.0,1,0.3,0.019233796296296297,81.748,0.01252314814814815,1.5538842592592592,3.59459623015873,4.141840277777777,6.184337962962963,3.758769444444445,3.795169256253257,0.7796988942106177,0.4099639807090835,0.3617063550958736,170.93544746117644,-0.05925884363567325,1.2199110505159274,0.3,0.0,,,0.004369895243515617,0.0
epsBB1_kappa0_fA0p7_seed2,1.0,0.0,0.7,0.0,0.0,0.0,2,0.3,0.02194212962962963,81.388,0.015960648148148147,1.6278703703703705,3.5979484126984125,4.179402777777778,6.97175,3.772384722222222,3.7945367315142224,0.8065742161462374,0.4099639807090835,0.6299097096120773,220.4565415248121,-0.0911946286378448,1.4192471957201047,0.3,0.0,,,0.005990769810021636,0.0
epsBB1_kappa0_fA0p7_seed3,1.0,0.0,0.7,0.0,0.0,0.0,3,0.3,0.018270833333333337,85.692,0.01145601851851852,1.582277777777778,3.5966577380952387,4.145576388888888,6.217712962962963,3.761333333333333,3.807698882015211,0.8442006827272535,0.35503922193065984,0.41275796881275245,478.92524028016476,0.2929136536698896,1.3738940907928445,0.3,0.0,,,0.004713534241917169,0.0
epsBB1_kappa0_fA0p7_seed4,1.0,0.0,0.7,0.0,0.0,0.0,4,0.3,0.022233796296296297,82.3,0.013805555555555555,1.601212962962963,3.5899940476190477,4.171189814814815,6.714314814814815,3.7643527777777774,3.7888770634397653,1.295708194693744,0.20498199035454176,1.295708194693744,,0.6818735383283561,1.4927604383302615,0.3,0.0,,,0.007633003133750772,0.0
epsBB1_kappa0_fA0p5_seed1,1.0,0.0,0.5,0.0,0.0,0.0,1,0.5,0.16819166666666666,78.56,0.16874027777777778,3.270886111111111,3.809179166666667,5.228590277777777,153.78097777777776,4.518884722222222,3.609006800407333,7.656301226015814,0.2898883108016239,3.694769971573915,,0.7158159935288861,3.790765168418421,0.5,0.0,,,0.06403554869690413,0.0
epsBB1_kappa0_fA0p5_seed2,1.0,0.0,0.5,0.0,0.0,0.0,2,0.5,0.12788750000000002,89.28,0.14134305555555557,3.1046833333333335,3.803573611111111,5.096156944444445,102.09790277777778,4.449865277777778,3.6102600482565013,4.617602128032193,0.35503922193065984,4.120388896744363,1213.186525506078,0.42930271535406594,2.25561836633913,0.5,0.0,,,0.049302034479125345,0.0
epsBB1_kappa0_fA0p5_seed3,1.0,0.0,0.5,0.0,0.0,0.0,3,0.5,0.12687361111111112,87.404,0.1526125,3.1724444444444444,3.8047541666666667,5.1500763888888885,105.9566638888889,4.477415277777777,3.6260365752042154,4.957382750305433,0.4099639807090835,4.028231865873255,547.975245527051,0.3219606374392127,2.606442086497405,0.5,0.0,,,0.053260474484941554,0.0
epsBB1_kappa0_fA0p5_seed4,1.0,0.0,0.5,0.0,0.0,0.0,4,0.5,0.12908749999999997,80.212,0.18391527777777777,3.3763500000000004,3.801133333333333,5.293763888888889,116.13056944444443,4.547448611111111,3.610782227322962,5.925633424750188,0.35503922193065984,5.2476151627222105,1043.360873011802,0.4113144624220772,2.9941441887153344,0.5,0.0,,,0.04529785046289329,0.0
epsBB1_kappa0p25_fA0p7_seed1,1.0,0.25,0.7,0.0,0.0,0.0,1,0.3,0.047703703703703706,67.192,0.057226851851851855,2.040898148148148,3.591122023809524,4.469534722222223,16.16585648148148,3.854645833333333,3.7475988499979676,2.1721780154153096,0.2898883108016239,2.0716917172187617,,0.5229917204812643,3.315821690051668,0.3,0.0,,,0.013956209530707848,0.0
epsBB1_kappa0p25_fA0p7_seed2,1.0,0.25,0.7,0.0,0.0,0.0,2,0.3,0.04731712962962963,71.08,0.04409027777777777,1.9145231481481482,3.5883353174603174,4.373486111111111,13.841962962962963,3.8238805555555553,3.7625063688111005,2.0130476435400726,0.2898883108016239,1.1874311217158788,,0.6239608889075611,2.7976739541320104,0.3,0.0,,,0.013358160118213405,0.0
epsBB1_kappa0p25_fA0p7_seed3,1.0,0.25,0.7,0.0,0.0,0.0,3,0.3,0.0745462962962963,69.028,0.06065046296296296,2.0055694444444443,3.589521825396825,4.446962962962964,19.812194444444444,3.8467541666666665,3.78405649307622,2.920226103580509,0.2898883108016239,2.4785961864724637,,0.5830821521109659,3.8909806250616406,0.3,0.0,,,0.02022443304629071,0.0
epsBB1_kappa0p25_fA0p7_seed4,1.0,0.25,0.7,0.0,0.0,0.0,4,0.3,0.05684722222222223,65.772,0.061224537037037036,2.006037037037037,3.5943134920634923,4.450287037037038,17.04741203703704,3.8511055555555553,3.7577833339203415,3.0432873988661404,0.2898883108016239,1.340835208778347,,0.5967685506963444,3.698019753394947,0.3,0.0,,,0.011573411092122765,0.0
epsBB1_kappa0p25_fA0p5_seed1,1.0,0.25,0.5,0.0,0.0,0.0,1,0.5,0.24810138888888889,66.564,0.2687305555555555,3.9060944444444448,3.8092805555555556,5.777102777777778,289.3268888888889,4.793191666666668,3.5627655829796607,20.417298615391935,0.35503922193065984,12.455272579001313,,0.842198044800255,15.472822384202772,0.5,0.0,,,0.09078609629071398,0.0
epsBB1_kappa0p25_fA0p5_seed2,1.0,0.25,0.5,0.0,0.0,0.0,2,0.5,0.2475652777777778,62.944,0.2663222222222222,3.9109444444444446,3.8102375000000004,5.7666458333333335,313.8331944444445,4.7884416666666665,3.577135887375108,20.456479146988276,0.35503922193065984,8.941802955278472,,0.7412136273447545,14.836560556902139,0.5,0.0,,,0.08722454151419262,0.0
epsBB1_kappa0p25_fA0p5_seed3,1.0,0.25,0.5,0.0,0.0,0.0,3,0.5,0.24964583333333334,65.544,0.26466944444444446,3.8666444444444448,3.811945833333333,5.750390277777779,284.408,4.781168055555555,3.573015577158546,15.002128454485844,0.35503922193065984,9.306504135369398,,0.6922518621573778,10.197058712850307,0.5,0.0,,,0.09075564470974848,0.0
epsBB1_kappa0p25_fA0p5_seed4,1.0,0.25,0.5,0.0,0.0,0.0,4,0.5,0.23234305555555554,64.488,0.2650402777777778,3.8859694444444446,3.7982430555555555,5.7427013888888885,277.003,4.770472222222223,3.5528977294352173,22.411820888120022,0.4099639807090835,4.643555146330795,,0.6947064665640761,16.8041086591062,0.5,0.0,,,0.0679960962052325,0.0
epsBB1_kappa0p5_fA0p7_seed1,1.0,0.5,0.7,0.0,0.0,0.0,1,0.3,0.528798611111111,18.908,0.3189490740740741,3.9306620370370373,3.597603174603175,6.008152777777777,502.895625,4.320768055555556,3.7130337399257525,51.94035114290036,0.20498199035454176,51.94035114290036,,0.9812922164282326,59.85069427498649,0.3,0.0,,,0.07566383134071868,0.0
epsBB1_kappa0p5_fA0p7_seed2,1.0,0.5,0.7,0.0,0.0,0.0,2,0.3,0.38110416666666663,23.292,0.30858564814814815,3.8774398148148146,3.593997023809524,5.940668981481481,327.9314953703704,4.297998611111111,3.6987561197619634,27.872123428466224,0.20498199035454176,27.872123428466224,,0.8688691989291705,31.76794038961724,0.3,0.0,,,0.1265557015651086,0.0
epsBB1_kappa0p5_fA0p7_seed3,1.0,0.5,0.7,0.0,0.0,0.0,3,0.3,0.31755324074074076,22.604,0.30514814814814817,3.8423703703703698,3.5898591269841273,5.9204537037037035,223.16558796296297,4.2890375,3.691014691707658,25.232042404318904,0.2898883108016239,19.0443938363612,,0.9096477954991905,29.372267044568883,0.3,0.0,,,0.05114382890224622,0.0
epsBB1_kappa0p5_fA0p7_seed4,1.0,0.5,0.7,0.0,0.0,0.0,4,0.3,0.2955648148148148,20.656,0.31475231481481486,3.943231481481481,3.592275793650794,5.999425925925926,261.4783703703704,4.314420833333333,3.7076210960906035,35.9157902305341,0.2898883108016239,11.44421464215988,,0.9296162943381818,41.017332328430726,0.3,0.0,,,0.026029332881721916,0.0
epsBB1_kappa0p5_fA0p5_seed1,1.0,0.5,0.5,0.0,0.0,0.0,1,0.5,0.7351736111111111,26.656,0.5256097222222222,5.794511111111111,3.790015277777778,7.369070833333333,1557.8143083333334,5.579543055555556,3.5512973884206587,134.04429165254427,0.20498199035454176,134.04429165254427,,0.9539106539532424,121.14311971356952,0.5,0.0,,,0.008804846295480515,0.0
epsBB1_kappa0p5_fA0p5_seed2,1.0,0.5,0.5,0.0,0.0,0.0,2,0.5,0.5992138888888889,25.984,0.5087652777777778,5.630341666666667,3.7922388888888885,7.245033333333334,1099.267436111111,5.518636111111111,3.5356956564223214,116.37471526582867,0.20498199035454176,116.37471526582867,,0.9594191467668107,104.43366250531905,0.5,0.0,,,0.03956654478280082,0.0
epsBB1_kappa0p5_fA0p5_seed3,1.0,0.5,0.5,0.0,0.0,0.0,3,0.5,0.48225833333333334,27.004,0.48867916666666666,5.4310777777777774,3.8212763888888888,7.103676388888889,847.6864444444445,5.462476388888889,3.5523178792890526,149.969787133161,0.2898883108016239,26.825186684620572,,0.9651372727162484,135.4765331092788,0.5,0.0,,,0.03181208763588279,0.0
epsBB1_kappa0p5_fA0p5_seed4,1.0,0.5,0.5,0.0,0.0,0.0,4,0.5,0.6986611111111111,26.628,0.5098597222222222,5.645569444444444,3.7796930555555557,7.2567763888888885,1411.6414805555555,5.518234722222221,3.5504195506215717,104.66397241178551,0.20498199035454176,104.66397241178551,,0.9764344087930995,98.27667236578401,0.5,0.0,,,0.011898993304757622,0.0
epsBB1_kappa0p75_fA0p7_seed1,1.0,0.75,0.7,0.0,0.0,0.0,1,0.3,0.8010740740740742,2.924,0.6445902777777778,6.763171296296297,3.5305644841269843,8.170775462962963,1109.8220092592594,4.922627777777778,3.6824647181630827,151.06108584774591,0.20498199035454176,151.06108584774591,,0.9857339086594734,184.74537647412726,0.3,0.0,,,0.009094130565033802,0.0
epsBB1_kappa0p75_fA0p7_seed2,1.0,0.75,0.7,0.0,0.0,0.0,2,0.3,0.6396643518518518,4.336,0.6312476851851853,6.728611111111111,3.506436507936508,8.092199074074074,761.1798657407408,4.882165277777778,3.7413296092685417,107.00774733287045,0.20498199035454176,107.00774733287045,,0.9788779885519656,134.39462514702842,0.3,0.0,,,0.049920715013136975,0.0
epsBB1_kappa0p75_fA0p7_seed3,1.0,0.75,0.7,0.0,0.0,0.0,3,0.3,0.7839930555555555,2.864,0.6592245370370371,6.961231481481482,3.5143640873015873,8.294576388888888,1065.891148148148,4.948427777777778,3.6923094205506994,156.25689944433907,0.20498199035454176,156.25689944433907,,0.9696532486477524,200.6023345687547,0.3,0.0,,,0.017726861071208536,0.0
epsBB1_kappa0p75_fA0p7_seed4,1.0,0.75,0.7,0.0,0.0,0.0,4,0.3,0.3988703703703704,6.056,0.6270717592592593,6.717717592592593,3.4929444444444444,7.994574074074074,434.7900555555556,4.843433333333333,3.6202102828626823,79.84845654405123,0.35503922193065984,45.4057097889171,,0.9542896215126399,107.60395176637307,0.3,0.0,,,0.1170610035382523,0.0
epsBB1_kappa0p75_fA0p5_seed1,1.0,0.75,0.5,0.0,0.0,0.0,1,0.5,0.8779791666666668,4.628,0.7438055555555554,7.920619444444445,3.5712013888888885,8.955995833333334,2220.3252555555555,6.263598611111112,3.619184064487109,262.9827695266248,0.20498199035454176,262.9827695266248,,0.9822712687900131,276.6877696119267,0.5,0.0,,,0.004244919121581171,0.0
epsBB1_kappa0p75_fA0p5_seed2,1.0,0.75,0.5,0.0,0.0,0.0,2,0.5,0.8910708333333333,2.952,0.7679166666666666,8.196630555555556,3.562015277777778,9.167015277777777,2286.9660416666666,6.364515277777778,3.5617473954925725,447.31947347882203,0.20498199035454176,447.31947347882203,,0.9864198196629733,490.3109561219811,0.5,0.0,,,0.0032781040915726345,0.0
epsBB1_kappa0p75_fA0p5_seed3,1.0,0.75,0.5,0.0,0.0,0.0,3,0.5,0.8671555555555556,4.96,0.7546513888888888,8.172708333333334,3.525284722222222,9.13452638888889,2165.9318166666662,6.3299055555555555,3.5444299829863484,436.6445649601707,0.20498199035454176,436.6445649601707,,0.9870884888072586,493.63406202929775,0.5,0.0,,,0.0033418860184772545,0.0
epsBB1_kappa0p75_fA0p5_seed4,1.0,0.75,0.5,0.0,0.0,0.0,4,0.5,0.798513888888889,4.184,0.7406208333333334,7.908569444444446,3.574773611111111,8.951765277777776,1945.691538888889,6.263269444444444,3.5805771695514332,334.66646121724995,0.20498199035454176,334.66646121724995,,0.9759356783334295,355.43565997348344,0.5,0.0,,,0.13205411450973656,0.0
epsBB1_kappa1_fA0p7_seed1,1.0,1.0,0.7,0.0,0.0,0.0,1,0.3,0.519148148148148,3.008,0.8826087962962963,9.526763888888889,3.3366607142857148,9.664444444444445,699.0707268518519,5.2349958333333335,3.6504694441562986,115.89095039799642,0.20498199035454176,115.89095039799642,,0.9584222710773727,179.13894390518715,0.3,0.0,,,0.0006103214595200093,0.0
epsBB1_kappa1_fA0p7_seed2,1.0,1.0,0.7,0.0,0.0,0.0,2,0.3,0.5179490740740741,3.012,0.8846851851851851,9.59664814814815,3.3386865079365076,9.739041666666667,800.5266620370371,5.258793055555555,3.691670265803406,125.90056803049387,0.2898883108016239,87.19432288457669,,0.85831093314894,190.6729400400475,0.3,0.0,,,0.0010403386596435625,0.0
epsBB1_kappa1_fA0p7_seed3,1.0,1.0,0.7,0.0,0.0,0.0,3,0.3,0.7124791666666668,2.284,0.8910995370370369,9.69938425925926,3.3311626984126983,9.820976851851853,996.2037592592593,5.278106944444444,3.7009127345032655,193.731324430783,0.2898883108016239,80.74396633258927,,0.9699954564177726,299.389140445397,0.3,0.0,,,0.05256128788631261,0.0
epsBB1_kappa1_fA0p7_seed4,1.0,1.0,0.7,0.0,0.0,0.0,4,0.3,0.39018518518518513,2.988,0.8814745370370369,9.491092592592592,3.336651785714286,9.62219212962963,605.1954999999999,5.2223138888888885,3.673340727538063,141.16267987893127,0.2898883108016239,17.02561470168158,,0.9810474747207111,219.20575531286136,0.3,0.0,,,0.028319032338563272,0.0
epsBB1_kappa1_fA0p5_seed1,1.0,1.0,0.5,0.0,0.0,0.0,1,0.5,0.9988680555555556,1.0,0.9339944444444446,10.40681388888889,3.1920763888888892,10.492473611111112,2873.4875111111114,6.842275,3.6046676514741005,662.0326786918491,0.20498199035454176,662.0326786918491,,0.9906454207434112,866.0592255259004,0.5,0.0,,,0.0006697339738127359,0.0
epsBB1_kappa1_fA0p5_seed2,1.0,1.0,0.5,0.0,0.0,0.0,2,0.5,0.5809222222222223,2.008,0.916,10.061566666666666,3.2035472222222223,10.149672222222224,1475.4302277777776,6.6766097222222225,3.547878530317873,379.35707149981977,0.2898883108016239,150.3071411491415,,0.9791224587186016,514.3995994621197,0.5,0.0,,,0.000277096386492878,0.0
epsBB1_kappa1_fA0p5_seed3,1.0,1.0,0.5,0.0,0.0,0.0,3,0.5,0.9739111111111112,2.004,0.929386111111111,10.324488888888888,3.1942861111111114,10.405058333333333,2733.5808944444443,6.799672222222221,3.5628908983848606,597.4013977761255,0.20498199035454176,597.4013977761255,,0.9820933684316706,773.7598592211939,0.5,0.0,,,0.0002458921775147952,0.0
epsBB1_kappa1_fA0p5_seed4,1.0,1.0,0.5,0.0,0.0,0.0,4,0.5,0.9993611111111111,1.0,0.9361569444444444,10.419658333333333,3.189016666666667,10.489111111111109,2876.322555555556,6.839063888888889,3.591964208452864,661.3612803421058,0.20498199035454176,661.3612803421058,,0.9857368836573283,886.0244972755115,0.5,0.0,,,0.00018839805508681233,0.0
epsBB1p25_kappa0_fA0p7_seed1,1.25,0.0,0.7,0.0,0.0,0.0,1,0.3,0.03496990740740741,76.912,0.05252314814814815,1.9519074074074074,3.6354880952380952,4.596467592592592,11.03200925925926,3.9237819444444444,3.767769452824716,1.2587464704471332,0.2898883108016239,0.8310031832952826,,0.510549987464741,1.3935147321521253,0.3,0.0,,,0.008882768497183419,0.0
epsBB1p25_kappa0_fA0p7_seed2,1.25,0.0,0.7,0.0,0.0,0.0,2,0.3,0.0369074074074074,76.188,0.06304861111111111,2.056490740740741,3.635934523809524,4.655805555555555,11.901412037037037,3.9418958333333336,3.773502160937765,1.439630218132596,0.4099639807090835,1.3822571253913583,425.8480366101882,0.2552176378154394,1.375851013420487,0.3,0.0,,,0.010600200016877287,0.0
epsBB1p25_kappa0_fA0p7_seed3,1.25,0.0,0.7,0.0,0.0,0.0,3,0.3,0.03354398148148148,80.728,0.047351851851851846,1.9706944444444445,3.6370168650793646,4.589363425925926,10.792328703703705,3.9227208333333334,3.740779871003146,1.7967713813473365,0.20498199035454176,1.7967713813473365,,0.6717439951628075,1.671436546524253,0.3,0.0,,,0.008112317645021743,0.0
epsBB1p25_kappa0_fA0p7_seed4,1.25,0.0,0.7,0.0,0.0,0.0,4,0.3,0.0344050925925926,79.144,0.05193981481481481,1.9809861111111113,3.6319732142857144,4.598789351851853,10.737083333333333,3.9220180555555557,3.7561135242566914,1.157176633277605,0.35503922193065984,1.1529935474764725,591.5822808637419,0.23919605976056477,1.4451823205026335,0.3,0.0,,,0.007620622450378128,0.0
epsBB1p25_kappa0_fA0p5_seed1,1.25,0.0,0.5,0.0,0.0,0.0,1,0.5,0.19199166666666667,50.624,0.3636736111111111,4.610883333333333,4.084519444444444,6.701305555555556,227.8989777777778,5.3929125,3.4956021102781016,12.095891009713915,0.35503922193065984,10.09280748600979,,0.587438946190299,6.9400265477794365,0.5,0.0,,,0.08424865648084341,0.0
epsBB1p25_kappa0_fA0p5_seed2,1.25,0.0,0.5,0.0,0.0,0.0,2,0.5,0.17835555555555554,56.58,0.33187083333333334,4.394819444444444,4.087777777777777,6.526200000000001,197.85475833333334,5.306988888888889,3.511060722764696,17.403913834792853,0.35503922193065984,6.434645728609949,,0.7441468604316437,5.70529844389006,0.5,0.0,,,0.06410044899786892,0.0
epsBB1p25_kappa0_fA0p5_seed3,1.25,0.0,0.5,0.0,0.0,0.0,3,0.5,0.1699347222222222,54.844,0.3388986111111111,4.440525,4.087193055555555,6.552615277777778,191.75543888888888,5.319904166666667,3.491982253103015,11.117039623115096,0.4583536645959616,4.55446409291379,,0.49377476267176695,5.177541935840165,0.5,0.0,,,0.06596999471385681,0.0
epsBB1p25_kappa0_fA0p5_seed4,1.25,0.0,0.5,0.0,0.0,0.0,4,0.5,0.19192083333333335,50.068,0.3810625,4.7612805555555555,4.089384722222222,6.8126875,227.91688055555554,5.451036111111111,3.4613712809195545,15.35249898349423,0.2898883108016239,5.001984345760117,,0.7969773876105168,6.240397043964534,0.5,0.0,,,0.07161940276375987,0.0
epsBB1p25_kappa0p25_fA0p7_seed1,1.25,0.25,0.7,0.0,0.0,0.0,1,0.3,0.0846712962962963,51.78,0.16577546296296297,2.806296296296296,3.647184523809524,5.306060185185185,36.226199074074074,4.144847222222222,3.7131081175571397,4.163621183199989,0.4099639807090835,3.8671451347392067,,0.5331842475873797,3.7840951629568766,0.3,0.0,,,0.030243825467514272,0.0
epsBB1p25_kappa0p25_fA0p7_seed2,1.25,0.25,0.7,0.0,0.0,0.0,2,0.3,0.08265972222222223,56.28,0.1471087962962963,2.646324074074074,3.6484444444444444,5.170537037037037,32.41711574074074,4.105072222222222,3.7133749747055536,4.551186523452352,0.4099639807090835,3.1752358112314085,,0.6444466024038494,3.8393102071172143,0.3,0.0,,,0.01949818535245656,0.0
epsBB1p25_kappa0p25_fA0p7_seed3,1.25,0.25,0.7,0.0,0.0,0.0,3,0.3,0.06941435185185185,57.756,0.14775,2.6801851851851852,3.6465803571428568,5.185798611111111,29.09388425925926,4.108345833333333,3.7022336869389427,5.109844719305025,0.35503922193065984,3.6117181464987285,,0.7238306932615869,4.591127324398888,0.3,0.0,,,0.02091318044845113,0.0
epsBB1p25_kappa0p25_fA0p7_seed4,1.25,0.25,0.7,0.0,0.0,0.0,4,0.3,0.08309027777777778,52.028,0.17134953703703704,2.797509259259259,3.64831746031746,5.303625,36.184162037037034,4.144909722222223,3.7291651099681546,8.598372171181495,0.20498199035454176,8.598372171181495,,0.9494180078771608,6.60519499552536,0.3,0.0,,,0.025184315518924104,0.0
epsBB1p25_kappa0p25_fA0p5_seed1,1.25,0.25,0.5,0.0,0.0,0.0,1,0.5,0.31070416666666667,43.188,0.44109166666666666,5.263047222222222,4.064220833333333,7.250823611111111,440.63416944444447,5.657522222222222,3.401146091495546,36.81444682509613,0.4099639807090835,14.593554465069055,,0.8644679599902518,20.611751139137798,0.5,0.0,,,0.09876420433276709,0.0
epsBB1p25_kappa0p25_fA0p5_seed2,1.25,0.25,0.5,0.0,0.0,0.0,2,0.5,0.39886527777777775,43.264,0.44850694444444444,5.301863888888888,4.082893055555556,7.282431944444444,600.9586305555556,5.682662499999999,3.416425574248671,39.83753517981653,0.35503922193065984,27.692831792281417,,0.8986394835439737,21.360011831401653,0.5,0.0,,,0.11044042599895315,0.0
epsBB1p25_kappa0p25_fA0p5_seed3,1.25,0.25,0.5,0.0,0.0,0.0,3,0.5,0.3315652777777778,44.548,0.4360263888888889,5.196125,4.06135,7.19508888888889,477.4052111111112,5.628219444444445,3.4509176332149836,34.95215221594726,0.2898883108016239,8.577024771969425,,0.8037098244014097,17.036232765773377,0.5,0.0,,,0.1131939052560437,0.0
epsBB1p25_kappa0p25_fA0p5_seed4,1.25,0.25,0.5,0.0,0.0,0.0,4,0.5,0.3166555555555556,46.268,0.44040694444444445,5.245033333333334,4.066134722222222,7.224368055555555,393.6378333333334,5.645251388888889,3.4310858834454865,24.77754477688482,0.2898883108016239,19.267322441612645,,0.842080394428531,14.718274471607003,0.5,0.0,,,0.046734190483897174,0.0
epsBB1p25_kappa0p5_fA0p7_seed1,1.25,0.5,0.7,0.0,0.0,0.0,1,0.3,0.30446527777777777,15.044,0.4415162037037037,5.0390601851851855,3.6529890873015876,7.175275462962963,281.02234722222227,4.709675,3.655338230866539,51.508463097533784,0.2898883108016239,7.846239798786981,,0.9516869620089875,50.81090120893772,0.3,0.0,,,0.02564449275746594,0.0
epsBB1p25_kappa0p5_fA0p7_seed2,1.25,0.5,0.7,0.0,0.0,0.0,2,0.3,0.3465300925925926,14.048,0.4449814814814815,5.048666666666666,3.6550327380952385,7.175155092592593,320.00141666666667,4.711069444444444,3.656547107005511,35.713344926780636,0.2898883108016239,19.691036725692896,,0.9323602193259913,34.60849755207795,0.3,0.0,,,0.11555140413976424,0.0
epsBB1p25_kappa0p5_fA0p7_seed3,1.25,0.5,0.7,0.0,0.0,0.0,3,0.3,0.3624004629629629,15.288,0.43004166666666666,4.957800925925925,3.6472113095238092,7.098641203703703,297.8423148148148,4.682640277777779,3.665710297742514,34.81397873584245,0.20498199035454176,34.81397873584245,,0.9382228328153587,32.65285509856521,0.3,0.0,,,0.08381061882024195,0.0
epsBB1p25_kappa0p5_fA0p7_seed4,1.25,0.5,0.7,0.0,0.0,0.0,4,0.3,0.3633935185185185,13.86,0.44877777777777783,5.087310185185186,3.6495912698412702,7.199055555555555,285.26215740740736,4.7144305555555555,3.674332270571831,44.266173989945514,0.35503922193065984,22.441118130479964,,0.9391880233705259,41.960110980027544,0.3,0.0,,,0.045810694231072126,0.0
epsBB1p25_kappa0p5_fA0p5_seed1,1.25,0.5,0.5,0.0,0.0,0.0,1,0.5,0.7434041666666666,19.704,0.6340097222222223,7.0873388888888895,3.9250555555555557,8.704277777777778,1605.1975777777777,6.314666666666666,3.511765027036609,153.34024300667363,0.20498199035454176,153.34024300667363,,0.9822208507336486,115.86469492655564,0.5,0.0,,,0.04340708309757895,0.0
epsBB1p25_kappa0p5_fA0p5_seed2,1.25,0.5,0.5,0.0,0.0,0.0,2,0.5,0.4136930555555556,20.048,0.619863888888889,6.9092972222222215,3.9254333333333333,8.570975,673.3806138888889,6.248204166666667,3.428555110274614,128.61474988736197,0.35503922193065984,58.63163993379547,,0.9294308388662491,115.93281182009432,0.5,0.0,,,0.040575774283667536,0.0
epsBB1p25_kappa0p5_fA0p5_seed3,1.25,0.5,0.5,0.0,0.0,0.0,3,0.5,0.7303541666666667,18.604,0.604786111111111,6.721388888888889,3.9549875,8.43811527777778,1597.2705833333332,6.1965513888888895,3.440777903525627,126.95887407689051,0.2898883108016239,41.66417236971303,,0.9475903063789533,99.88646952807926,0.5,0.0,,,0.09739694839924179,0.0
epsBB1p25_kappa0p5_fA0p5_seed4,1.25,0.5,0.5,0.0,0.0,0.0,4,0.5,0.7591125,21.644,0.6216236111111111,6.921577777777777,3.966156944444444,8.611834722222222,1661.1241166666666,6.288995833333334,3.48876258086449,227.9561531212226,0.20498199035454176,227.9561531212226,,0.9811968392790232,178.49390107715087,0.5,0.0,,,0.009337892508318648,0.0
epsBB1p25_kappa0p75_fA0p7_seed1,1.25,0.75,0.7,0.0,0.0,0.0,1,0.3,0.36460648148148145,3.28,0.7085810185185185,7.872314814814815,3.5097271825396823,9.208391203703705,458.15151851851846,5.219326388888889,3.6528447743191665,71.82007656787857,0.35503922193065984,53.63372017598464,,0.9120482097998871,91.75278305647329,0.3,0.0,,,0.1107918929148938,0.0
epsBB1p25_kappa0p75_fA0p7_seed2,1.25,0.75,0.7,0.0,0.0,0.0,2,0.3,0.5602847222222221,4.524,0.6953587962962963,7.810824074074074,3.514851190476191,9.159592592592594,720.7489305555555,5.208273611111112,3.6874935737930175,87.73924786950006,0.20498199035454176,87.73924786950006,,0.9171478759328738,97.8964448570706,0.3,0.0,,,0.1690137891014265,0.0
epsBB1p25_kappa0p75_fA0p7_seed3,1.25,0.75,0.7,0.0,0.0,0.0,3,0.3,0.42984259259259255,2.816,0.724962962962963,8.107847222222222,3.5125406746031747,9.41381712962963,597.0827222222223,5.282923611111111,3.6493150181053626,107.03052544821905,0.35503922193065984,77.50395887471,,0.9460152994725187,129.13923461255612,0.3,0.0,,,0.0025928364633979383,0.0
epsBB1p25_kappa0p75_fA0p7_seed4,1.25,0.75,0.7,0.0,0.0,0.0,4,0.3,0.3504583333333333,5.016,0.7119629629629629,7.890046296296297,3.516825396825397,9.188958333333334,432.9222175925926,5.218465277777778,3.6380788879641512,109.00577809464275,0.35503922193065984,41.64174416078283,,0.9538445092889309,132.28777779692948,0.3,0.0,,,0.0025699615762554404,0.0
epsBB1p25_kappa0p75_fA0p5_seed1,1.25,0.75,0.5,0.0,0.0,0.0,1,0.5,0.8879166666666666,2.42,0.8098583333333333,9.201888888888886,3.6501944444444443,10.263458333333334,2270.785927777778,6.956826388888889,3.5845079952104535,484.3942248730788,0.20498199035454176,484.3942248730788,,0.9943161344299963,491.04488340659805,0.5,0.0,,,0.002777083246506072,0.0
epsBB1p25_kappa0p75_fA0p5_seed2,1.25,0.75,0.5,0.0,0.0,0.0,2,0.5,0.5745430555555556,3.136,0.8134513888888889,9.252300000000002,3.5447277777777777,10.173033333333333,1251.407486111111,6.858880555555555,3.478571409202516,182.40092272844382,0.20498199035454176,182.40092272844382,,0.8971766366021574,182.69148242223014,0.5,0.0,,,0.15503664384774005,0.0
epsBB1p25_kappa0p75_fA0p5_seed3,1.25,0.75,0.5,0.0,0.0,0.0,3,0.5,0.5440958333333333,3.148,0.8013583333333334,9.216175,3.520702777777778,10.13675,1197.3858111111113,6.82872638888889,3.5279005586634766,252.20743771368754,0.20498199035454176,252.20743771368754,,0.9783925427481996,261.2106106277769,0.5,0.0,,,0.037944199125813455,0.0
epsBB1p25_kappa0p75_fA0p5_seed4,1.25,0.75,0.5,0.0,0.0,0.0,4,0.5,0.84145,3.372,0.8001305555555556,9.114058333333334,3.626511111111111,10.161166666666666,2106.8821416666665,6.893838888888889,3.556543859832629,388.5540072525484,0.20498199035454176,388.5540072525484,,0.9868874691138065,399.6380511508307,0.5,0.0,,,0.10466246051202933,0.0
epsBB1p25_kappa1_fA0p7_seed1,1.25,1.0,0.7,0.0,0.0,0.0,1,0.3,0.4780046296296297,3.0,0.9247361111111111,10.403087962962964,3.3270386904761904,10.540673611111112,658.1762083333334,5.491129166666665,3.6654236457564324,104.01875032104142,0.35503922193065984,71.66302895029672,,0.9479876745093114,156.19959692671412,0.3,0.0,,,7.305432332434811e-05,0.0
epsBB1p25_kappa1_fA0p7_seed2,1.25,1.0,0.7,0.0,0.0,0.0,2,0.3,0.4341851851851852,4.0,0.9138495370370371,10.24025,3.3408898809523806,10.38780787037037,619.2295833333333,5.454965277777778,3.6354560644398717,156.7213047740087,0.2898883108016239,12.882110900652618,,0.9445395766756516,231.80283083581034,0.3,0.0,,,0.0002575172960217119,0.0
epsBB1p25_kappa1_fA0p7_seed3,1.25,1.0,0.7,0.0,0.0,0.0,3,0.3,0.4543449074074074,3.0,0.9232268518518519,10.389347222222222,3.3313650793650793,10.51876388888889,667.1384444444444,5.487584722222222,3.6688521682343973,148.8357005567179,0.2898883108016239,34.91731557787759,,0.9799430437658811,218.57700776161872,0.3,0.0,,,0.00021985866906297234,0.0
epsBB1p25_kappa1_fA0p7_seed4,1.25,1.0,0.7,0.0,0.0,0.0,4,0.3,0.9553935185185185,3.0,0.937412037037037,10.858851851851853,3.32175496031746,10.979622685185186,1579.0634537037038,5.6191152777777775,3.682587077111752,273.2242466260093,0.20498199035454176,273.2242466260093,,0.9897060955847703,392.27552985089574,0.3,0.0,,,0.0009101668171915263,0.0
epsBB1p25_kappa1_fA0p5_seed1,1.25,1.0,0.5,0.0,0.0,0.0,1,0.5,0.9793236111111111,2.0,0.9554680555555556,11.256233333333334,3.192663888888889,11.344166666666668,2763.3046305555554,7.268415277777777,3.523442272115908,662.9547854965625,0.20498199035454176,662.9547854965625,,0.9930660817285698,849.9647586870265,0.5,0.0,,,0.00041662268286367816,0.0
epsBB1p25_kappa1_fA0p5_seed2,1.25,1.0,0.5,0.0,0.0,0.0,2,0.5,0.7920555555555554,2.0,0.9496444444444444,11.056516666666667,3.1996944444444444,11.146583333333334,1930.5327472222225,7.1731388888888885,3.548445228822106,344.36995739414704,0.20498199035454176,344.36995739414704,,0.98066036599618,443.7578428997051,0.5,0.0,,,0.00011283386673103656,0.0
epsBB1p25_kappa1_fA0p5_seed3,1.25,1.0,0.5,0.0,0.0,0.0,3,0.5,0.9999972222222223,1.0,0.9600319444444445,11.221680555555555,3.187623611111111,11.301634722222222,2879.984011111111,7.244629166666668,3.604573166614449,673.7087749789904,0.20498199035454176,673.7087749789904,,0.9766683475325764,861.5809844684557,0.5,0.0,,,4.3832593994609545e-05,0.0
epsBB1p25_kappa1_fA0p5_seed4,1.25,1.0,0.5,0.0,0.0,0.0,4,0.5,0.9999694444444445,1.0,0.9609972222222223,11.357155555555556,3.180040277777778,11.427662499999999,2879.8241222222223,7.303851388888888,3.5789643289618653,697.0292105885952,0.20498199035454176,697.0292105885952,,0.98828786787554,892.5495259764208,0.5,0.0,,,0.00014242715270326918,0.0
epsBB1p5_kappa0_fA0p7_seed1,1.5,0.0,0.7,0.0,0.0,0.0,1,0.3,0.051509259259259255,66.192,0.1415462962962963,2.643356481481481,3.7097172619047614,5.357363425925927,18.68223148148148,4.204011111111111,3.754226920302342,2.368949144574766,0.2898883108016239,0.9547966972134565,,0.5785929574420214,1.7256147019297932,0.3,0.0,,,0.005400516045682188,0.0
epsBB1p5_kappa0_fA0p7_seed2,1.5,0.0,0.7,0.0,0.0,0.0,2,0.3,0.04717824074074074,60.78,0.1732013888888889,2.865060185185185,3.71849503968254,5.537270833333333,21.90380092592593,4.2641277777777775,3.764930431721001,2.4482721083376178,0.4099639807090835,2.1754008785824372,,0.5695551033621862,1.9657954177425228,0.3,0.0,,,0.009813037323759129,0.0
epsBB1p5_kappa0_fA0p7_seed3,1.5,0.0,0.7,0.0,0.0,0.0,3,0.3,0.04519444444444444,67.736,0.13985185185185184,2.682106481481482,3.7205099206349206,5.3805046296296295,19.25687962962963,4.218508333333333,3.730402906877834,2.1420886181547214,0.4583536645959616,1.8467522415130138,652.5195500916751,0.29344183100173793,1.6377367744810731,0.3,0.0,,,0.006751336681144508,0.0
epsBB1p5_kappa0_fA0p7_seed4,1.5,0.0,0.7,0.0,0.0,0.0,4,0.3,0.04491435185185186,66.868,0.15228703703703703,2.7303842592592593,3.7062738095238092,5.41687037037037,18.913050925925923,4.219452777777778,3.7337897836552,2.153054453672502,0.5021012828287303,0.9815134194358188,698.2027982498006,0.30761422876406763,1.6911533181884155,0.3,0.0,,,0.006567036612090758,0.0
epsBB1p5_kappa0_fA0p5_seed1,1.5,0.0,0.5,0.0,0.0,0.0,1,0.5,0.26250833333333334,31.024,0.531986111111111,5.967288888888889,4.4586875,8.193356944444444,346.8973722222222,6.326022222222222,3.362759025221737,21.176419836737193,0.35503922193065984,19.08595020224008,,0.78484988414679,8.972986698483433,0.5,0.0,,,0.09037733254336687,0.0
epsBB1p5_kappa0_fA0p5_seed2,1.5,0.0,0.5,0.0,0.0,0.0,2,0.5,0.2478111111111111,34.944,0.5080361111111111,5.745113888888889,4.463955555555557,8.016025,308.0488027777778,6.239990277777779,3.3013719065214646,22.563416216161624,0.2898883108016239,9.64154366083595,,0.8232891161305298,7.6043170343695685,0.5,0.0,,,0.0847562855475322,0.0
epsBB1p5_kappa0_fA0p5_seed3,1.5,0.0,0.5,0.0,0.0,0.0,3,0.5,0.22453472222222223,33.348,0.5130930555555555,5.816416666666666,4.486016666666666,8.077708333333332,301.9660277777778,6.2818625,3.3393047671826936,26.751907649707444,0.35503922193065984,12.541619289910294,,0.7583980013789908,7.845053200800516,0.5,0.0,,,0.08136974823516992,0.0
epsBB1p5_kappa0_fA0p5_seed4,1.5,0.0,0.5,0.0,0.0,0.0,4,0.5,0.21188055555555557,30.068,0.5524527777777778,6.150663888888889,4.460052777777778,8.326577777777777,286.6534027777777,6.393315277777778,3.3416540551605074,23.62435533793724,0.4099639807090835,6.471284007122167,,0.7343759728592053,8.545055335484747,0.5,0.0,,,0.07756953874459602,0.0
epsBB1p5_kappa0p25_fA0p7_seed1,1.5,0.25,0.7,0.0,0.0,0.0,1,0.3,0.10061574074074074,40.004,0.2940740740740741,3.778388888888889,3.7396309523809523,6.356564814814814,51.46487962962963,4.524711111111111,3.6744920776260197,9.1576840212938,0.4099639807090835,7.4296315799171175,,0.6638527109477516,5.787946872048691,0.3,0.0,,,0.016815794376141908,0.0
epsBB1p5_kappa0p25_fA0p7_seed2,1.5,0.25,0.7,0.0,0.0,0.0,2,0.3,0.12094212962962965,44.352,0.2649259259259259,3.542314814814815,3.744873015873016,6.153027777777778,57.01797222222222,4.467319444444445,3.7001846854395732,11.193246071338999,0.20498199035454176,11.193246071338999,,0.8983865749569598,4.7096165930787715,0.3,0.0,,,0.02861201389337417,0.0
epsBB1p5_kappa0p25_fA0p7_seed3,1.5,0.25,0.7,0.0,0.0,0.0,3,0.3,0.1228125,46.204,0.2602615740740741,3.5542777777777776,3.735463293650793,6.141553240740741,55.8479212962963,4.457290277777778,3.7033467877580595,10.982224989827316,0.2898883108016239,4.126112992247712,,0.9122093475621834,5.804351057602509,0.3,0.0,,,0.031060357786600247,0.0
epsBB1p5_kappa0p25_fA0p7_seed4,1.5,0.25,0.7,0.0,0.0,0.0,4,0.3,0.0918587962962963,45.668,0.26856712962962964,3.6180046296296298,3.7322628968253966,6.201590277777778,48.95658796296296,4.473061111111111,3.6932763858572386,7.386415886848897,0.4099639807090835,6.519113733485137,,0.7317576010546163,4.678031106945825,0.3,0.0,,,0.01239177709683429,0.0
epsBB1p5_kappa0p25_fA0p5_seed1,1.5,0.25,0.5,0.0,0.0,0.0,1,0.5,0.290575,31.696,0.5731180555555555,6.471638888888888,4.357863888888889,8.556149999999999,429.30984722222223,6.457006944444445,3.3436265939450402,34.733257219342526,0.2898883108016239,23.67679806285414,,0.7936231246000791,16.75333567930666,0.5,0.0,,,0.09516557010297733,0.0
epsBB1p5_kappa0p25_fA0p5_seed2,1.5,0.25,0.5,0.0,0.0,0.0,2,0.5,0.35938611111111113,27.048,0.5924430555555554,6.581008333333332,4.396329166666668,8.661395833333334,580.6033194444445,6.5288625,3.3181873731730356,44.350814403950054,0.2898883108016239,9.329612834199487,,0.8862151151454892,16.37068116991193,0.5,0.0,,,0.10898650967034158,0.0
epsBB1p5_kappa0p25_fA0p5_seed3,1.5,0.25,0.5,0.0,0.0,0.0,3,0.5,0.3143277777777777,31.256,0.5707375,6.430911111111111,4.394002777777778,8.541608333333334,503.3279361111111,6.467805555555555,3.383607357088624,42.3112625402122,0.4099639807090835,27.156828287992003,,0.8002651794364186,23.512257899991898,0.5,0.0,,,0.10464074659885331,0.0
epsBB1p5_kappa0p25_fA0p5_seed4,1.5,0.25,0.5,0.0,0.0,0.0,4,0.5,0.40369861111111105,28.432,0.5835,6.509608333333333,4.392248611111111,8.59924861111111,595.4267666666666,6.49574861111111,3.389595839569043,41.35502212487791,0.2898883108016239,20.249483891870977,,0.9056821183063906,14.987574669280013,0.5,0.0,,,0.08407815502031649,0.0
epsBB1p5_kappa0p5_fA0p7_seed1,1.5,0.5,0.7,0.0,0.0,0.0,1,0.3,0.41064814814814815,12.944,0.5264282407407408,5.942587962962962,3.7265039682539682,8.123324074074073,334.21103703703704,5.0455499999999995,3.6127254849708543,43.049295556896965,0.35503922193065984,22.987290268873256,,0.9083991457188407,37.24647877182153,0.3,0.0,,,0.0234800282877824,0.0
epsBB1p5_kappa0p5_fA0p7_seed2,1.5,0.5,0.7,0.0,0.0,0.0,2,0.3,0.2259375,12.532,0.527888888888889,5.927949074074074,3.7111914682539684,8.081511574074074,199.51309259259259,5.0222875,3.582941584396055,26.40551903814546,0.4099639807090835,14.653983224381454,,0.7701861679614707,23.380451747115032,0.3,0.0,,,0.05395123871920292,0.0
epsBB1p5_kappa0p5_fA0p7_seed3,1.5,0.5,0.7,0.0,0.0,0.0,3,0.3,0.36514814814814817,13.488,0.5108680555555556,5.834185185185184,3.717872023809524,8.015340277777778,300.6373888888889,5.007112499999999,3.589654526128764,33.591658819368924,0.20498199035454176,33.591658819368924,,0.9464177144699838,29.266981815520463,0.3,0.0,,,0.06310912721978551,0.0
epsBB1p5_kappa0p5_fA0p7_seed4,1.5,0.5,0.7,0.0,0.0,0.0,4,0.3,0.25662962962962965,14.272,0.527611111111111,5.996550925925925,3.7117351190476193,8.1476875,222.99207407407408,5.042520833333333,3.6160129384701927,35.40826272432452,0.2898883108016239,8.460463772764555,,0.9214144851504852,31.39345308285738,0.3,0.0,,,0.01687522290662106,0.0
epsBB1p5_kappa0p5_fA0p5_seed1,1.5,0.5,0.5,0.0,0.0,0.0,1,0.5,0.5417097222222222,17.452,0.7003736111111112,8.049883333333334,4.019629166666666,9.659081944444445,953.8547583333333,6.839355555555556,3.425539827977973,113.41798743649832,0.2898883108016239,69.2895553687703,,0.9537060899087171,83.35988085290558,0.5,0.0,,,0.06814431271444503,0.0
epsBB1p5_kappa0p5_fA0p5_seed2,1.5,0.5,0.5,0.0,0.0,0.0,2,0.5,0.6963236111111112,15.28,0.6947791666666667,7.923569444444444,4.097444444444444,9.619647222222222,1438.4493666666667,6.858545833333333,3.401208860342079,113.75939188433748,0.20498199035454176,113.75939188433748,,0.9359232834620437,81.46504242323054,0.5,0.0,,,0.0491836058586837,0.0
epsBB1p5_kappa0p5_fA0p5_seed3,1.5,0.5,0.5,0.0,0.0,0.0,3,0.5,0.7977124999999999,17.48,0.6841430555555555,7.7499722222222225,4.1821625,9.532856944444443,1833.388538888889,6.857509722222223,3.372129389322193,198.08729748427578,0.20498199035454176,198.08729748427578,,0.9633987340183532,124.62287164576908,0.5,0.0,,,0.005798863267970484,0.0
epsBB1p5_kappa0p5_fA0p5_seed4,1.5,0.5,0.5,0.0,0.0,0.0,4,0.5,0.8036930555555555,16.984,0.6912555555555555,7.9172416666666665,4.1201944444444445,9.629013888888888,1860.9954916666668,6.874604166666667,3.375463035361122,138.8551117049843,0.20498199035454176,138.8551117049843,,0.9525485514133403,90.19171015019691,0.5,0.0,,,0.007139546689322251,0.0
epsBB1p5_kappa0p75_fA0p7_seed1,1.5,0.75,0.7,0.0,0.0,0.0,1,0.3,0.5906435185185185,2.844,0.7604305555555555,8.71688425925926,3.5498898809523807,10.085618055555557,681.6302314814816,5.510608333333333,3.6351877300426714,146.54222755749814,0.2898883108016239,50.69428036111593,,0.9728719064511775,163.1458777815219,0.3,0.0,,,0.00224195043104298,0.0
epsBB1p5_kappa0p75_fA0p7_seed2,1.5,0.75,0.7,0.0,0.0,0.0,2,0.3,0.7757662037037037,3.908,0.7464953703703703,8.724027777777778,3.5611974206349206,10.108770833333333,1042.7267453703703,5.525469444444444,3.7192127436926437,183.84480413512435,0.20498199035454176,183.84480413512435,,0.9883074273351872,191.43187394966046,0.3,0.0,,,0.007447838516525723,0.0
epsBB1p5_kappa0p75_fA0p7_seed3,1.5,0.75,0.7,0.0,0.0,0.0,3,0.3,0.5387199074074074,4.736,0.7588518518518518,8.697541666666668,3.525531746031746,9.992152777777777,593.0746296296296,5.465518055555556,3.564895314582286,117.57637062881429,0.2898883108016239,44.668913945809905,,0.8978977992059709,137.7518605038227,0.3,0.0,,,0.004459081438907187,0.0
epsBB1p5_kappa0p75_fA0p7_seed4,1.5,0.75,0.7,0.0,0.0,0.0,4,0.3,0.8440324074074074,1.668,0.7764027777777778,9.034541666666666,3.5618363095238097,10.364668981481481,1231.9776712962962,5.60268611111111,3.716148121370331,189.8140423108429,0.20498199035454176,189.8140423108429,,0.989607065596881,200.67364843529793,0.3,0.0,,,0.014108908523541132,0.0
epsBB1p5_kappa0p75_fA0p5_seed1,1.5,0.75,0.5,0.0,0.0,0.0,1,0.5,0.8876944444444445,3.18,0.8411555555555555,10.021763888888891,3.6720069444444445,11.052890277777777,2269.8370166666664,7.362448611111111,3.542275184108809,511.7695287696636,0.20498199035454176,511.7695287696636,,0.9917746362061917,485.86034939924485,0.5,0.0,,,0.0021576557638005468,0.0
epsBB1p5_kappa0p75_fA0p5_seed2,1.5,0.75,0.5,0.0,0.0,0.0,2,0.5,0.6583791666666667,3.304,0.8531958333333334,10.044061111111112,3.611822222222222,10.981422222222221,1384.5746361111112,7.296622222222222,3.484966214440729,276.1964946325594,0.20498199035454176,276.1964946325594,,0.9653007096491145,268.3372434078214,0.5,0.0,,,0.00220289380736867,0.0
epsBB1p5_kappa0p75_fA0p5_seed3,1.5,0.75,0.5,0.0,0.0,0.0,3,0.5,0.8894430555555555,2.604,0.8404513888888889,10.14823611111111,3.6052375000000003,11.094559722222222,2278.6008777777774,7.3498986111111115,3.4730421183415667,501.5390098751221,0.20498199035454176,501.5390098751221,,0.9829077121197471,494.07334231124156,0.5,0.0,,,0.0026913817788693025,0.0
epsBB1p5_kappa0p75_fA0p5_seed4,1.5,0.75,0.5,0.0,0.0,0.0,4,0.5,0.5269388888888888,3.62,0.8333458333333333,9.852366666666667,3.640123611111111,10.875615277777777,1194.6471666666664,7.257869444444444,3.5294991315711775,341.25184829567473,0.2898883108016239,99.17382563955165,,0.9711307134972935,345.81621583272374,0.5,0.0,,,0.0035627596288326097,0.0
epsBB1p5_kappa1_fA0p7_seed1,1.5,1.0,0.7,0.0,0.0,0.0,1,0.3,0.5803958333333332,2.632,0.9526273148148148,11.136291666666668,3.3222569444444443,11.2701875,838.9200046296296,5.706636111111111,3.662560530858898,135.62716178297006,0.35503922193065984,131.11334319326656,,0.7329049521185896,192.5560306741288,0.3,0.0,,,0.06179664196543961,0.0
epsBB1p5_kappa1_fA0p7_seed2,1.5,1.0,0.7,0.0,0.0,0.0,2,0.3,0.6288032407407407,3.0,0.9490439814814815,11.05313425925926,3.330751984126984,11.198074074074073,831.5518518518518,5.690948611111112,3.650851051236399,165.68808631166928,0.35503922193065984,119.66200672114132,,0.9246844501738276,231.94416326878147,0.3,0.0,,,0.00028633613648820083,0.0
epsBB1p5_kappa1_fA0p7_seed3,1.5,1.0,0.7,0.0,0.0,0.0,3,0.3,0.5087106481481483,3.652,0.9452685185185185,10.913643518518517,3.3304890873015873,11.045067129629631,652.0121712962963,5.6448625,3.654600809403743,117.6469216563321,0.2898883108016239,73.41406947276951,,0.9235839344170619,172.99578086205452,0.3,0.0,,,0.008377609038665662,0.0
epsBB1p5_kappa1_fA0p7_seed4,1.5,1.0,0.7,0.0,0.0,0.0,4,0.3,0.47338425925925925,3.344,0.9484953703703705,10.999550925925925,3.32724503968254,11.129618055555556,724.4545740740739,5.667956944444444,3.637330664881454,153.5790584785345,0.2898883108016239,56.629528195003644,,0.9709936700846593,225.02989133387882,0.3,0.0,,,0.016766195234477133,0.0
epsBB1p5_kappa1_fA0p5_seed1,1.5,1.0,0.5,0.0,0.0,0.0,1,0.5,0.9998791666666667,1.0,0.9750152777777777,11.956663888888889,3.1823333333333332,12.045650000000002,2879.3042416666667,7.613991666666666,3.5800891648909654,720.88413052905,0.20498199035454176,720.88413052905,,0.9894468001058608,899.5555445514882,0.5,0.0,,,0.00016539444994945456,0.0
epsBB1p5_kappa1_fA0p5_seed2,1.5,1.0,0.5,0.0,0.0,0.0,2,0.5,0.9987513888888887,1.052,0.9742,11.944980555555556,3.189925,12.032399999999999,2872.8991944444447,7.6111625,3.618545498914063,719.4339769676618,0.20498199035454176,719.4339769676618,,0.9882152595277377,885.9826153182578,0.5,0.0,,,0.0037831734853652123,0.0
epsBB1p5_kappa1_fA0p5_seed3,1.5,1.0,0.5,0.0,0.0,0.0,3,0.5,0.9946180555555555,1.62,0.9721402777777778,11.912819444444445,3.190823611111111,12.001579166666668,2849.269097222223,7.596201388888889,3.5224762265870675,713.1838285690799,0.20498199035454176,713.1838285690799,,0.9844940863575965,886.4638738795131,0.5,0.0,,,0.004213423992885983,0.0
epsBB1p5_kappa1_fA0p5_seed4,1.5,1.0,0.5,0.0,0.0,0.0,4,0.5,0.6451388888888889,2.0,0.9673958333333332,11.602224999999999,3.1921180555555555,11.678265277777777,1561.3361111111114,7.435191666666666,3.508825369990127,360.5261647492549,0.2898883108016239,251.3859367810902,,0.9658858866194008,464.3098195689371,0.5,0.0,,,0.0,0.0
epsBB1p75_kappa0_fA0p7_seed1,1.75,0.0,0.7,0.0,0.0,0.0,1,0.3,0.045898148148148146,55.264,0.25478935185185186,3.4969212962962963,3.831921626984127,6.303993055555556,24.771435185185187,4.573543055555556,3.7180508132947554,3.087416866102851,0.6482099688350177,2.4535361360241916,847.2842457022202,0.364621459995338,2.113564289691524,0.3,0.0,,,0.007935601138672406,0.0
epsBB1p75_kappa0_fA0p7_seed2,1.75,0.0,0.7,0.0,0.0,0.0,2,0.3,0.05974768518518518,49.72,0.2947037037037037,3.778185185185185,3.846774801587302,6.5489143518518524,29.612458333333336,4.657416666666666,3.6474167281583996,3.7786951645345574,0.5797766216032478,2.5579912990783518,985.8945855563627,0.41034650797956285,2.5586025787481526,0.3,0.0,,,0.006512010195925536,0.0
epsBB1p75_kappa0_fA0p7_seed3,1.75,0.0,0.7,0.0,0.0,0.0,3,0.3,0.04687962962962963,53.212,0.26811805555555557,3.6109953703703703,3.8547896825396823,6.416518518518518,26.72377777777778,4.623308333333333,3.675778675700709,3.11581164650201,0.6482099688350177,2.012956547888874,790.657265107627,0.34684931268598906,2.1144405144699214,0.3,0.0,,,0.00911211084924584,0.0
epsBB1p75_kappa0_fA0p7_seed4,1.75,0.0,0.7,0.0,0.0,0.0,4,0.3,0.04361111111111111,52.516,0.27844212962962966,3.6601666666666666,3.8397430555555556,6.447803240740741,26.341287037037038,4.622161111111111,3.7285572711688033,3.691297192510179,0.6482099688350177,1.9178108534935974,,0.495923854245702,2.18418471763348,0.3,0.0,,,0.009222699814719548,0.0
epsBB1p75_kappa0_fA0p5_seed1,1.75,0.0,0.5,0.0,0.0,0.0,1,0.5,0.2879111111111112,20.012,0.6586930555555556,7.100711111111112,4.824291666666666,9.427505555555555,410.41825277777775,7.12589861111111,3.202281311695088,25.61202398070234,0.2898883108016239,11.614850642021095,,0.8259312541185773,13.47266871339631,0.5,0.0,,,0.09823401473641687,0.0
epsBB1p75_kappa0_fA0p5_seed2,1.75,0.0,0.5,0.0,0.0,0.0,2,0.5,0.18701666666666666,22.416,0.6424888888888888,6.921169444444444,4.873288888888888,9.308572222222223,252.4606388888889,7.0909305555555555,3.2189238512434435,24.317004399550633,0.5021012828287303,10.187703301447108,,0.721731116435207,9.15897138181766,0.5,0.0,,,0.06886936741773166,0.0
epsBB1p75_kappa0_fA0p5_seed3,1.75,0.0,0.5,0.0,0.0,0.0,3,0.5,0.2366125,22.552,0.6435375,6.95771388888889,4.876069444444445,9.325952777777779,337.04876666666667,7.101011111111112,3.2416497340417973,23.829658394139038,0.5021012828287303,21.679969037685787,,0.6959309552007765,14.248910124938991,0.5,0.0,,,0.07819945130260045,0.0
epsBB1p75_kappa0_fA0p5_seed4,1.75,0.0,0.5,0.0,0.0,0.0,4,0.5,0.18529305555555556,20.616,0.6778222222222223,7.2857,4.811756944444445,9.550215277777777,244.17272499999999,7.180986111111111,3.2863763093270464,23.87730238116582,0.7100784438613197,13.403419310478476,996.3343184617644,0.41624011178060927,16.186718054674575,0.5,0.0,,,0.06573946996196144,0.0
epsBB1p75_kappa0p25_fA0p7_seed1,1.75,0.25,0.7,0.0,0.0,0.0,1,0.3,0.08659953703703704,32.268,0.4063287037037037,4.6882824074074065,3.8588015873015875,7.344282407407407,52.40918518518518,4.904445833333334,3.5877018731731303,6.788273515346954,0.20498199035454176,6.788273515346954,,0.8826334695835519,4.261436956724683,0.3,0.0,,,0.019357074571024847,0.0
epsBB1p75_kappa0p25_fA0p7_seed2,1.75,0.25,0.7,0.0,0.0,0.0,2,0.3,0.07467824074074074,38.508,0.3702476851851852,4.431731481481481,3.8537033730158727,7.1095625,48.54189351851851,4.830461111111111,3.6688545588171344,6.817652392530044,0.5021012828287303,3.280844832984146,,0.5220671893780063,3.9653570831114595,0.3,0.0,,,0.011153499632636055,0.0
epsBB1p75_kappa0p25_fA0p7_seed3,1.75,0.25,0.7,0.0,0.0,0.0,3,0.3,0.07702083333333333,39.028,0.3684560185185185,4.44050462962963,3.8520734126984126,7.109587962962964,50.62511111111111,4.829327777777777,3.614360298314484,8.39259943032634,0.35503922193065984,4.160294028806033,,0.7641211956644051,3.9220920156315806,0.3,0.0,,,0.011700746859332808,0.0
epsBB1p75_kappa0p25_fA0p7_seed4,1.75,0.25,0.7,0.0,0.0,0.0,4,0.3,0.0830601851851852,36.244,0.3829861111111111,4.514074074074074,3.8530357142857143,7.177712962962962,49.11907407407407,4.850438888888889,3.6337015429336565,6.5671826375946925,0.2898883108016239,3.3597839847728146,,0.7626451054291395,4.204723307122208,0.3,0.0,,,0.01204406312035884,0.0
epsBB1p75_kappa0p25_fA0p5_seed1,1.75,0.25,0.5,0.0,0.0,0.0,1,0.5,0.3342833333333333,20.12,0.6836375,7.509719444444445,4.693936111111111,9.684533333333333,463.6838861111111,7.1892347222222215,3.2534758720977437,43.5560910887481,0.35503922193065984,27.58918885122746,,0.8600737731205917,17.209319386496052,0.5,0.0,,,0.07782038941857886,0.0
epsBB1p75_kappa0p25_fA0p5_seed2,1.75,0.25,0.5,0.0,0.0,0.0,2,0.5,0.33227083333333335,20.24,0.6944097222222222,7.617563888888889,4.696641666666666,9.766041666666668,488.5855805555556,7.231341666666667,3.234426105944357,41.86313174020219,0.4099639807090835,19.77366270252875,,0.8141085212174176,17.063956046555283,0.5,0.0,,,0.07357333313878905,0.0
epsBB1p75_kappa0p25_fA0p5_seed3,1.75,0.25,0.5,0.0,0.0,0.0,3,0.5,0.2525680555555556,22.064,0.6769680555555556,7.453094444444444,4.690922222222222,9.634677777777778,373.3131138888889,7.162799999999999,3.2373223183051474,49.31592111740295,0.4099639807090835,16.946874864794793,,0.8867321964877354,22.66178623623549,0.5,0.0,,,0.08278693495444335,0.0
epsBB1p75_kappa0p25_fA0p5_seed4,1.75,0.25,0.5,0.0,0.0,0.0,4,0.5,0.28239722222222224,19.892,0.6898569444444445,7.562388888888889,4.6992111111111114,9.719227777777778,412.9682055555555,7.209219444444444,3.2430045839634585,40.03343585128187,0.2898883108016239,23.151768977013482,,0.9092179504153108,15.374973929613459,0.5,0.0,,,0.10599217287081411,0.0
epsBB1p75_kappa0p5_fA0p7_seed1,1.75,0.5,0.7,0.0,0.0,0.0,1,0.3,0.3964884259259259,11.44,0.5885532407407408,6.674972222222221,3.7903571428571428,8.877472222222222,335.2812314814815,5.316491666666667,3.595677446601365,41.60276317946501,0.2898883108016239,19.361004785491424,,0.9363525997032209,30.64535947553171,0.3,0.0,,,0.029719793820981662,0.0
epsBB1p75_kappa0p5_fA0p7_seed2,1.75,0.5,0.7,0.0,0.0,0.0,2,0.3,0.17559490740740738,12.86,0.5948865740740741,6.635731481481482,3.762382936507936,8.802800925925927,144.18636111111113,5.274508333333333,3.553414968214568,32.78181859249457,0.35503922193065984,8.693833180724981,,0.8955756064736154,23.464048813329804,0.3,0.0,,,0.028195765359345107,0.0
epsBB1p75_kappa0p5_fA0p7_seed3,1.75,0.5,0.7,0.0,0.0,0.0,3,0.3,0.4035648148148148,13.764,0.575673611111111,6.540546296296297,3.7900188492063496,8.749724537037036,320.741199074074,5.277930555555555,3.56121146792557,33.65446495845294,0.2898883108016239,25.929764295261343,,0.8930301271355132,25.357270859595992,0.3,0.0,,,0.004369975558908716,0.0
epsBB1p75_kappa0p5_fA0p7_seed4,1.75,0.5,0.7,0.0,0.0,0.0,4,0.3,0.5157569444444445,10.344,0.6017685185185184,6.735092592592593,3.7986835317460317,8.929409722222223,492.02646296296297,5.3379013888888895,3.6294216896720237,42.42323419678095,0.20498199035454176,42.42323419678095,,0.9656012796662956,28.880840434085503,0.3,0.0,,,0.04594341793949712,0.0
epsBB1p75_kappa0p5_fA0p5_seed1,1.75,0.5,0.5,0.0,0.0,0.0,1,0.5,0.6391916666666668,13.292,0.7587444444444446,8.798297222222223,4.227640277777779,10.455131944444446,1233.6182916666664,7.341386111111111,3.3495778700243264,105.69757105849388,0.35503922193065984,86.50198501148071,,0.9419916439892247,83.11511568542122,0.5,0.0,,,0.031150504449673617,0.0
epsBB1p75_kappa0p5_fA0p5_seed2,1.75,0.5,0.5,0.0,0.0,0.0,2,0.5,0.7502625,13.592,0.7498569444444445,8.689586111111112,4.285601388888888,10.416665277777778,1635.5122138888887,7.351133333333333,3.363510166278328,158.57577470729984,0.2898883108016239,102.64827610655576,,0.9542388463455681,104.41308830800251,0.5,0.0,,,0.013766686634031796,0.0
epsBB1p75_kappa0p5_fA0p5_seed3,1.75,0.5,0.5,0.0,0.0,0.0,3,0.5,0.6379777777777779,13.32,0.7429444444444444,8.509908333333334,4.28185138888889,10.284256944444445,1244.4328944444446,7.283054166666667,3.274661784439934,101.98529480223146,0.35503922193065984,86.99789718957447,,0.897684306791347,72.31056790420091,0.5,0.0,,,0.07950053458939757,0.0
epsBB1p75_kappa0p5_fA0p5_seed4,1.75,0.5,0.5,0.0,0.0,0.0,4,0.5,0.6629166666666667,12.596,0.7516569444444444,8.69318611111111,4.28835,10.420586111111112,1379.5452194444445,7.3544680555555555,3.308266216937939,124.41085978954705,0.20498199035454176,124.41085978954705,,0.9824479546881574,70.47654899171435,0.5,0.0,,,0.11073483596684892,0.0
epsBB1p75_kappa0p75_fA0p7_seed1,1.75,0.75,0.7,0.0,0.0,0.0,1,0.3,0.4460439814814815,3.276,0.7934629629629629,9.278018518518516,3.5669186507936512,10.636324074074075,501.9633796296296,5.687740277777778,3.6052592984245795,108.93599330891863,0.35503922193065984,38.6673861649819,,0.9541240168516226,116.04025201923422,0.3,0.0,,,0.003004598420485064,0.0
epsBB1p75_kappa0p75_fA0p7_seed2,1.75,0.75,0.7,0.0,0.0,0.0,2,0.3,0.5304166666666668,5.764,0.7806342592592593,9.120129629629627,3.5634543650793646,10.476074074074075,539.436625,5.637240277777778,3.615958345354159,88.32251876502997,0.2898883108016239,66.3725129775603,,0.9509491178388685,89.48490096328024,0.3,0.0,,,0.003776342092845243,0.0
epsBB1p75_kappa0p75_fA0p7_seed3,1.75,0.75,0.7,0.0,0.0,0.0,3,0.3,0.680912037037037,5.148,0.793574074074074,9.406574074074072,3.561371031746032,10.72000925925926,823.0563148148149,5.708962499999999,3.5744797866176103,122.74984096084093,0.20498199035454176,122.74984096084093,,0.9778415307314315,138.2059479286111,0.3,0.0,,,0.002560235415755314,0.0
epsBB1p75_kappa0p75_fA0p7_seed4,1.75,0.75,0.7,0.0,0.0,0.0,4,0.3,0.7007754629629629,1.964,0.8066412037037037,9.616787037037037,3.5776815476190476,10.923155092592593,1035.4135972222223,5.781323611111111,3.6761065006619833,150.74025859191926,0.20498199035454176,150.74025859191926,,0.9670157636242759,142.7985355519706,0.3,0.0,,,0.20222761338215017,0.0
epsBB1p75_kappa0p75_fA0p5_seed1,1.75,0.75,0.5,0.0,0.0,0.0,1,0.5,0.8569902777777778,3.44,0.8665027777777777,10.582658333333333,3.764518055555556,11.633201388888887,2121.3809555555554,7.698859722222221,3.420683298943881,490.8601656491027,0.20498199035454176,490.8601656491027,,0.9901543576969458,440.26553237390203,0.5,0.0,,,0.0017833360375542,0.0
epsBB1p75_kappa0p75_fA0p5_seed2,1.75,0.75,0.5,0.0,0.0,0.0,2,0.5,0.9184527777777778,3.492,0.87505,10.789019444444444,3.7249833333333338,11.747372222222221,2429.694505555555,7.736177777777778,3.5917163268641588,519.4445839694217,0.20498199035454176,519.4445839694217,,0.9878739354935653,454.96779909782407,0.5,0.0,,,0.003694471595556043,0.0
epsBB1p75_kappa0p75_fA0p5_seed3,1.75,0.75,0.5,0.0,0.0,0.0,3,0.5,0.8563361111111112,3.82,0.864111111111111,10.664577777777776,3.6940347222222223,11.626751388888888,2117.0072527777775,7.660393055555556,3.5137464054779795,497.6308520652029,0.20498199035454176,497.6308520652029,,0.9851159659658797,478.32772338158554,0.5,0.0,,,0.0024310142424333056,0.0
epsBB1p75_kappa0p75_fA0p5_seed4,1.75,0.75,0.5,0.0,0.0,0.0,4,0.5,0.8835,3.932,0.8615347222222222,10.551891666666666,3.7726472222222225,11.604652777777778,2249.675763888889,7.68865,3.470287841404909,509.2188244031948,0.20498199035454176,509.2188244031948,,0.9916600212021275,461.5420824989452,0.5,0.0,,,0.0024477959978138554,0.0
epsBB1p75_kappa1_fA0p7_seed1,1.75,1.0,0.7,0.0,0.0,0.0,1,0.3,0.34375,6.0,0.9498634259259259,10.812041666666667,3.3306785714285714,10.962555555555555,379.2730694444445,5.620241666666667,3.567834538157628,91.78625103773577,0.4099639807090835,78.21654763781773,,0.8686461786950055,136.8378719546165,0.3,0.0,,,0.0,0.0
epsBB1p75_kappa1_fA0p7_seed2,1.75,1.0,0.7,0.0,0.0,0.0,2,0.3,0.7637893518518518,5.056,0.9577731481481482,11.391273148148148,3.326936507936508,11.540023148148148,1049.0277962962962,5.790862499999999,3.6771063634176335,174.22414063815594,0.20498199035454176,174.22414063815594,,0.9485314000829217,238.51030864917618,0.3,0.0,,,0.06312362064560695,0.0
epsBB1p75_kappa1_fA0p7_seed3,1.75,1.0,0.7,0.0,0.0,0.0,3,0.3,0.3847569444444444,5.296,0.9535046296296296,10.973458333333332,3.3288779761904763,11.114317129629631,450.57221296296296,5.664509722222221,3.5850907924419864,75.24682223602528,0.4099639807090835,63.65450632866287,,0.8595695625932674,108.5624040743981,0.3,0.0,,,0.0004110018727908613,0.0
epsBB1p75_kappa1_fA0p7_seed4,1.75,1.0,0.7,0.0,0.0,0.0,4,0.3,0.47159722222222217,3.224,0.9651828703703704,11.42850462962963,3.325544642857143,11.55855787037037,735.11875,5.7954486111111105,3.602588628416888,220.42292337458628,0.2898883108016239,13.768384149205877,,0.9855281816688227,314.3694239791016,0.3,0.0,,,0.01085734518399616,0.0
epsBB1p75_kappa1_fA0p5_seed1,1.75,1.0,0.5,0.0,0.0,0.0,1,0.5,0.7979166666666667,2.0,0.97865,12.079227777777778,3.189525,12.171669444444444,1951.1652861111108,7.6805972222222225,3.4768275783400187,468.3816065337533,0.2898883108016239,291.37312416915034,,0.9823313388213656,588.7633409985152,0.5,0.0,,,0.0,0.0
epsBB1p75_kappa1_fA0p5_seed2,1.75,1.0,0.5,0.0,0.0,0.0,2,0.5,0.9629666666666667,3.192,0.9774138888888889,12.216888888888889,3.183823611111111,12.3054125,2673.8186944444446,7.744618055555556,3.507574914909539,668.8462697593649,0.20498199035454176,668.8462697593649,,0.9919174850913287,826.5233167848907,0.5,0.0,,,0.0015485357480416674,0.0
epsBB1p75_kappa1_fA0p5_seed3,1.75,1.0,0.5,0.0,0.0,0.0,3,0.5,1.0,1.0,0.9838958333333335,12.382099999999998,3.181884722222222,12.463218055555556,2880.0,7.822551388888889,3.498923970814789,737.9566516190166,0.20498199035454176,737.9566516190166,,0.9855070202855853,903.2881422296854,0.5,0.0,,,0.0,0.0
epsBB1p75_kappa1_fA0p5_seed4,1.75,1.0,0.5,0.0,0.0,0.0,4,0.5,1.0,1.0,0.9804777777777778,12.332516666666667,3.1763,12.406872222222223,2880.0,7.791586111111112,3.656066180310906,735.8167262322547,0.20498199035454176,735.8167262322547,,0.9866811186723333,927.0943301353209,0.5,0.0,,,0.0,0.0
epsBB2_kappa0_fA0p7_seed1,2.0,0.0,0.7,0.0,0.0,0.0,1,0.3,0.05311574074074074,45.116,0.37819212962962967,4.433810185185186,3.9991339285714282,7.345405092592593,32.49377777777778,5.003015277777777,3.6630181403384476,4.05018630701799,0.7100784438613197,0.7540072093256078,788.8559281192228,0.25190102535412007,2.719689633381225,0.3,0.0,,,0.008003565199240342,0.0
epsBB2_kappa0_fA0p7_seed2,2.0,0.0,0.7,0.0,0.0,0.0,2,0.3,0.061155092592592594,39.556,0.4155833333333333,4.699597222222223,4.020761904761905,7.575013888888889,34.79669907407407,5.0870375,3.560046141418291,4.6395118557949875,0.5021012828287303,1.3123683967778281,,0.4373313394528477,2.8558338401955816,0.3,0.0,,,0.00790762187724156,0.0
epsBB2_kappa0_fA0p7_seed3,2.0,0.0,0.7,0.0,0.0,0.0,3,0.3,0.04921990740740741,44.472,0.39304398148148145,4.557768518518518,4.033990079365079,7.471773148148148,33.45203703703704,5.065325,3.6015686397078808,6.067097559225688,0.5797766216032478,3.2501933854315923,,0.6319772654632919,2.7005643890766446,0.3,0.0,,,0.009850912229366673,0.0
epsBB2_kappa0_fA0p7_seed4,2.0,0.0,0.7,0.0,0.0,0.0,4,0.3,0.047217592592592596,44.528,0.39562268518518523,4.548342592592593,4.004741071428572,7.434243055555556,30.856611111111114,5.033591666666667,3.6679748045217044,4.222148101184546,0.4099639807090835,2.501953913085357,1064.1754355798587,0.44474777967003526,2.70019518705645,0.3,0.0,,,0.007550021802492162,0.0
epsBB2_kappa0_fA0p5_seed1,2.0,0.0,0.5,0.0,0.0,0.0,1,0.5,0.29255694444444447,15.672,0.7452097222222221,7.969697222222222,5.21991111111111,10.385094444444444,425.7849277777778,7.802502777777778,3.185788725092076,40.80638638223312,0.20498199035454176,40.80638638223312,,0.9365049925502362,20.985172720207803,0.5,0.0,,,0.08466158883367705,0.0
epsBB2_kappa0_fA0p5_seed2,2.0,0.0,0.5,0.0,0.0,0.0,2,0.5,0.19818055555555555,16.28,0.7354013888888888,7.809866666666667,5.243225000000001,10.278316666666667,298.6362416666667,7.760770833333334,3.1544913564201478,27.37466468888872,0.35503922193065984,19.508283624038686,,0.7756539935170697,9.996118311456753,0.5,0.0,,,0.06396013388706946,0.0
epsBB2_kappa0_fA0p5_seed3,2.0,0.0,0.5,0.0,0.0,0.0,3,0.5,0.2321638888888889,15.252,0.7393236111111112,7.8651,5.254036111111112,10.318638888888888,344.3683222222222,7.786337499999999,3.148208050130195,36.174011840608195,0.2898883108016239,25.680554588056836,,0.8813869849694739,11.735323874009534,0.5,0.0,,,0.07686902184925816,0.0
epsBB2_kappa0_fA0p5_seed4,2.0,0.0,0.5,0.0,0.0,0.0,4,0.5,0.20072083333333335,14.804,0.7592875,8.137625,5.223012500000001,10.489984722222221,309.7977111111111,7.85649861111111,3.175587021621873,65.14663724764708,0.20498199035454176,65.14663724764708,,0.9401433791148827,19.70841023990325,0.5,0.0,,,0.05769021123733232,0.0
epsBB2_kappa0p25_fA0p7_seed1,2.0,0.25,0.7,0.0,0.0,0.0,1,0.3,0.07845601851851852,28.9,0.4987916666666667,5.4926759259259255,3.9981954365079364,8.224506944444446,55.67279629629629,5.2660888888888895,3.591507437788876,8.474299913505105,0.5021012828287303,4.336684587716858,,0.6503236246773617,5.9974600875660835,0.3,0.0,,,0.013075384903400933,0.0
epsBB2_kappa0p25_fA0p7_seed2,2.0,0.25,0.7,0.0,0.0,0.0,2,0.3,0.06903703703703704,33.696,0.4779074074074074,5.285060185185185,3.994353174603175,8.038699074074074,46.23635648148148,5.207656944444444,3.561191331536308,7.386705892500517,0.7100784438613197,3.3440972195901346,916.5358081500044,0.3616138887522397,4.787596246195773,0.3,0.0,,,0.015923591425582636,0.0
epsBB2_kappa0p25_fA0p7_seed3,2.0,0.25,0.7,0.0,0.0,0.0,3,0.3,0.06496527777777777,31.068,0.4864398148148148,5.3659537037037035,4.0175069444444444,8.133113425925925,48.95481481481482,5.252188888888889,3.5445355084189667,8.300779732551929,0.5797766216032478,3.2361857434585786,,0.6339815576839435,5.406225548458101,0.3,0.0,,,0.01130758604972555,0.0
epsBB2_kappa0p25_fA0p7_seed4,2.0,0.25,0.7,0.0,0.0,0.0,4,0.3,0.07779861111111111,32.124,0.4744953703703704,5.286615740740741,3.990314484126984,8.030738425925925,52.33482407407407,5.202441666666667,3.6480910861498876,7.2810536279259335,0.6482099688350177,5.278942832618547,1233.1625267598138,0.4814538266669988,5.37080234010799,0.3,0.0,,,0.009298634161267404,0.0
epsBB2_kappa0p25_fA0p5_seed1,2.0,0.25,0.5,0.0,0.0,0.0,1,0.5,0.23758888888888888,16.676,0.7586708333333333,8.289105555555556,4.976705555555555,10.512863888888889,343.05363055555557,7.744784722222223,3.2809062394802897,52.24835537495052,0.20498199035454176,52.24835537495052,,0.9141384002783809,19.52612043793803,0.5,0.0,,,0.08105974762596528,0.0
epsBB2_kappa0p25_fA0p5_seed2,2.0,0.25,0.5,0.0,0.0,0.0,2,0.5,0.26934027777777775,14.844,0.7756055555555555,8.433030555555556,5.022929166666667,10.651854166666666,420.85364166666665,7.837391666666666,3.164086223008564,48.949235237560266,0.2898883108016239,47.907049202149835,,0.942892850310022,18.26647810278846,0.5,0.0,,,0.06428516332833911,0.0
epsBB2_kappa0p25_fA0p5_seed3,2.0,0.25,0.5,0.0,0.0,0.0,3,0.5,0.18563472222222221,16.712,0.7546805555555556,8.242441666666666,4.956805555555555,10.471577777777776,261.0621166666666,7.7141916666666654,3.2680165204514027,54.39414858449446,0.35503922193065984,22.085472508543802,,0.9308692832644454,22.8933985259038,0.5,0.0,,,0.03552174230399923,0.0
epsBB2_kappa0p25_fA0p5_seed4,2.0,0.25,0.5,0.0,0.0,0.0,4,0.5,0.3847222222222222,14.736,0.7642902777777779,8.355863888888889,5.022155555555555,10.57325,562.7818944444444,7.797702777777777,3.178188231254845,96.80840315272434,0.20498199035454176,96.80840315272434,,0.9766369279021777,20.158243187226883,0.5,0.0,,,0.07448260319707109,0.0
epsBB2_kappa0p5_fA0p7_seed1,2.0,0.5,0.7,0.0,0.0,0.0,1,0.3,0.32218287037037036,11.696,0.6479560185185186,7.273990740740741,3.8708055555555556,9.510407407407406,252.8394814814815,5.56268611111111,3.5499387288402087,32.8946474803405,0.20498199035454176,32.8946474803405,,0.9459947579408623,21.48938203915556,0.3,0.0,,,0.01762739628151696,0.0
epsBB2_kappa0p5_fA0p7_seed2,2.0,0.5,0.7,0.0,0.0,0.0,2,0.3,0.19690740740740745,14.364,0.6509375,7.230958333333334,3.8406170634920636,9.43149074074074,145.25115277777775,5.517879166666667,3.507714755054941,22.599834758702187,0.4099639807090835,17.293320166068657,,0.8657245392039454,15.315626557386985,0.3,0.0,,,0.04168115771673913,0.0
epsBB2_kappa0p5_fA0p7_seed3,2.0,0.5,0.7,0.0,0.0,0.0,3,0.3,0.3883935185185186,13.82,0.6327430555555557,7.136023148148148,3.862217261904762,9.37233101851852,322.9540185185185,5.515251388888889,3.5953819021833113,57.11531887098116,0.20498199035454176,57.11531887098116,,0.9680130426484084,35.434023134370776,0.3,0.0,,,0.10521806590276331,0.0
epsBB2_kappa0p5_fA0p7_seed4,2.0,0.5,0.7,0.0,0.0,0.0,4,0.3,0.3905162037037037,10.832,0.6554351851851852,7.397018518518519,3.8944831349206352,9.632025462962961,323.3655,5.615745833333333,3.60553659099737,42.24185382555112,0.35503922193065984,25.664036642226794,,0.9588108042457898,27.882221639806016,0.3,0.0,,,0.005160812531230939,0.0
epsBB2_kappa0p5_fA0p5_seed1,2.0,0.5,0.5,0.0,0.0,0.0,1,0.5,0.3148736111111111,12.24,0.8053347222222222,9.445086111111111,4.429873611111111,11.135368055555555,579.3552944444443,7.7826208333333335,3.296021117094656,128.75245155708717,0.20498199035454176,128.75245155708717,,0.9713619187219787,57.11200819807412,0.5,0.0,,,0.0442040824438964,0.0
epsBB2_kappa0p5_fA0p5_seed2,2.0,0.5,0.5,0.0,0.0,0.0,2,0.5,0.6656402777777778,10.588,0.8013111111111111,9.327277777777777,4.513129166666667,11.100370833333335,1352.4081305555555,7.80675,3.254841955374296,130.40230947827183,0.2898883108016239,127.80842032634881,,0.9388669330938588,83.52462072716759,0.5,0.0,,,0.08068265391248054,0.0
epsBB2_kappa0p5_fA0p5_seed3,2.0,0.5,0.5,0.0,0.0,0.0,3,0.5,0.41771388888888883,11.868,0.7927944444444445,9.128091666666666,4.524595833333333,10.951270833333334,757.9144972222222,7.737933333333334,3.36879497591973,103.14085029236504,0.2898883108016239,64.31559741114894,,0.910560870694892,56.4270036612268,0.5,0.0,,,0.056802490476938736,0.0
epsBB2_kappa0p5_fA0p5_seed4,2.0,0.5,0.5,0.0,0.0,0.0,4,0.5,0.4749,11.484,0.797286111111111,9.325341666666667,4.471540277777778,11.087601388888888,848.070675,7.7795708333333335,3.2893088232330654,129.18564615821234,0.35503922193065984,77.76884127392053,,0.9179973343082142,86.34658754763099,0.5,0.0,,,0.030377934370278338,0.0
epsBB2_kappa0p75_fA0p7_seed1,2.0,0.75,0.7,0.0,0.0,0.0,1,0.3,0.5860879629629631,5.512,0.8164467592592592,9.645439814814814,3.625090277777778,11.045548611111112,651.9652962962963,5.851227777777778,3.604221275389885,134.83121162767986,0.20498199035454176,134.83121162767986,,0.9913950173919829,126.14889532036804,0.3,0.0,,,0.0029420922936699064,0.0
epsBB2_kappa0p75_fA0p7_seed2,2.0,0.75,0.7,0.0,0.0,0.0,2,0.3,0.29947685185185186,8.496,0.8122638888888889,9.347726851851853,3.6013839285714284,10.734909722222222,299.2250092592592,5.741441666666667,3.5664586058898142,52.38832741550116,0.4099639807090835,45.42222156993406,,0.8037868089351687,51.9167160768514,0.3,0.0,,,0.0012108583664240406,0.0
epsBB2_kappa0p75_fA0p7_seed3,2.0,0.75,0.7,0.0,0.0,0.0,3,0.3,0.3036851851851852,5.828,0.831875,9.633148148148148,3.6039474206349205,10.960650462962963,312.6269537037037,5.810958333333333,3.5158735288105216,59.394036333757334,0.2898883108016239,27.802537154147036,,0.889412486701863,54.157308401141464,0.3,0.0,,,0.001327008855821755,0.0
epsBB2_kappa0p75_fA0p7_seed4,2.0,0.75,0.7,0.0,0.0,0.0,4,0.3,0.3956875,5.088,0.8353333333333333,9.819324074074075,3.5975654761904763,11.131912037037036,430.3857222222222,5.857869444444445,3.6120909692898207,90.06480794395162,0.35503922193065984,36.784847473993274,,0.9250092668360773,85.04536893994886,0.3,0.0,,,0.0013038819881515567,0.0
epsBB2_kappa0p75_fA0p5_seed1,2.0,0.75,0.5,0.0,0.0,0.0,1,0.5,0.9162430555555556,2.48,0.8856138888888888,11.063330555555554,3.8627013888888886,12.113473611111111,2417.9480305555558,7.9880875,3.5223736146612996,512.8264801889308,0.20498199035454176,512.8264801889308,,0.9906295145814625,415.80997128744843,0.5,0.0,,,0.0015751647229166141,0.0
epsBB2_kappa0p75_fA0p5_seed2,2.0,0.75,0.5,0.0,0.0,0.0,2,0.5,0.7999902777777778,4.344,0.9008652777777779,11.187108333333333,3.816973611111111,12.16864027777778,1889.9732638888888,7.992806944444444,3.4529309968933393,444.77851906261407,0.20498199035454176,444.77851906261407,,0.9872046501464116,379.4170294325469,0.5,0.0,,,0.001884595304004687,0.0
epsBB2_kappa0p75_fA0p5_seed3,2.0,0.75,0.5,0.0,0.0,0.0,3,0.5,0.6524291666666668,5.84,0.8927569444444443,10.908355555555554,3.8217041666666662,11.910781944444443,1387.1341444444445,7.866243055555555,3.416548869327601,317.7487277251861,0.20498199035454176,317.7487277251861,,0.9529865670070388,256.85305720626144,0.5,0.0,,,0.11859812615138728,0.0
epsBB2_kappa0p75_fA0p5_seed4,2.0,0.75,0.5,0.0,0.0,0.0,4,0.5,0.8211777777777777,3.496,0.8887027777777777,10.994902777777778,3.918726388888889,12.082145833333334,1968.4904833333335,8.00043611111111,3.4428502592569914,387.1783256827918,0.20498199035454176,387.1783256827918,,0.9932645381690582,339.45580496055385,0.5,0.0,,,0.01759166337701953,0.0
epsBB2_kappa1_fA0p7_seed1,2.0,1.0,0.7,0.0,0.0,0.0,1,0.3,0.517361111111111,4.0,0.9711180555555556,11.51347685185185,3.3303442460317454,11.670923611111112,616.3499907407406,5.832518055555556,3.615568427663004,136.62522152524693,0.35503922193065984,71.53918192391204,,0.9353618302037866,192.6868261498576,0.3,0.0,,,1.1102230246251565e-16,0.0
epsBB2_kappa1_fA0p7_seed2,2.0,1.0,0.7,0.0,0.0,0.0,2,0.3,0.46187499999999987,5.124,0.9648587962962963,11.328416666666667,3.3439593253968254,11.505645833333334,520.8096111111112,5.7924652777777785,3.5936218726860556,85.68756666701995,0.2898883108016239,56.39773388344119,,0.8958842023872917,120.64877860446151,0.3,0.0,,,0.0001880564445517457,0.0
epsBB2_kappa1_fA0p7_seed3,2.0,1.0,0.7,0.0,0.0,0.0,3,0.3,0.3963148148148149,4.904,0.9689166666666668,11.314194444444444,3.3327539682539684,11.45575,468.2753935185185,5.769652777777777,3.6037723066669103,93.67446339838402,0.2898883108016239,22.405060546238133,,0.925170004414734,137.5320534210483,0.3,0.0,,,0.00021635780454718989,0.0
epsBB2_kappa1_fA0p7_seed4,2.0,1.0,0.7,0.0,0.0,0.0,4,0.3,0.5376157407407407,3.0,0.9770185185185185,11.726055555555554,3.3184077380952384,11.858168981481482,708.6701388888888,5.880336111111112,3.6586064478583675,164.3005060303305,0.2898883108016239,50.278544486880755,,0.9794143357228262,227.2670517462246,0.3,0.0,,,0.0,0.0
epsBB2_kappa1_fA0p5_seed1,2.0,1.0,0.5,0.0,0.0,0.0,1,0.5,0.9648722222222224,2.304,0.9835750000000001,12.519008333333336,3.2127041666666663,12.644501388888887,2684.254527777778,7.928602777777778,3.521665056400733,675.3675448632561,0.20498199035454176,675.3675448632561,,0.9912624637171494,806.1505846773163,0.5,0.0,,,0.006386886159531511,0.0
epsBB2_kappa1_fA0p5_seed2,2.0,1.0,0.5,0.0,0.0,0.0,2,0.5,0.9997930555555554,1.0,0.9891125000000001,12.68788611111111,3.1915597222222223,12.778959722222222,2878.8084166666663,7.985259722222222,3.503779910241878,750.2858311527459,0.20498199035454176,750.2858311527459,,0.991487929029106,903.17719546153,0.5,0.0,,,0.00017318837421424082,0.0
epsBB2_kappa1_fA0p5_seed3,2.0,1.0,0.5,0.0,0.0,0.0,3,0.5,0.9479166666666665,2.0,0.983875,12.500902777777778,3.185563888888889,12.586099999999998,2595.625,7.885831944444444,3.610160905544535,657.3557590499962,0.20498199035454176,657.3557590499962,,0.979889959334522,791.6899260242451,0.5,0.0,,,1.1102230246251565e-16,0.0
epsBB2_kappa1_fA0p5_seed4,2.0,1.0,0.5,0.0,0.0,0.0,4,0.5,0.9809694444444444,1.884,0.9879194444444445,12.612900000000002,3.180147222222222,12.688047222222224,2772.7437888888885,7.934097222222222,3.4876295744547634,713.0984573171523,0.20498199035454176,713.0984573171523,,0.9830065246113888,878.8576880410187,0.5,0.0,,,0.006893730937204327,0.0
epsBB2p5_kappa0_fA0p7_seed1,2.5,0.0,0.7,0.0,0.0,0.0,1,0.3,0.050722222222222224,40.92,0.5612986111111111,5.906532407407407,4.364172619047619,9.012453703703704,36.65118055555556,5.758656944444445,3.597159352895742,5.871216068162267,0.766972378365696,2.2742937966496264,,0.4634078391190774,3.503305866931431,0.3,0.0,,,0.003671194127764308,0.0
epsBB2p5_kappa0_fA0p7_seed2,2.5,0.0,0.7,0.0,0.0,0.0,2,0.3,0.05724537037037037,37.688,0.5799421296296295,6.081236111111111,4.379855158730159,9.132773148148148,41.71175000000001,5.805730555555556,3.5153403036727306,6.242860605768428,0.20498199035454176,6.242860605768428,,0.8871173154048708,3.9873924200214765,0.3,0.0,,,0.00913665940571399,0.0
epsBB2p5_kappa0_fA0p7_seed3,2.5,0.0,0.7,0.0,0.0,0.0,3,0.3,0.048719907407407406,39.696,0.5807546296296296,6.059453703703704,4.394669642857143,9.169039351851852,38.72252777777778,5.826980555555556,3.487253111194351,5.11578364052799,0.5021012828287303,3.9903344671387617,,0.6818987423637258,3.527927444996299,0.3,0.0,,,0.005525109959398372,0.0
epsBB2p5_kappa0_fA0p7_seed4,2.5,0.0,0.7,0.0,0.0,0.0,4,0.3,0.05212037037037037,38.212,0.5810300925925926,6.056291666666666,4.386526785714286,9.135418981481482,39.12834259259259,5.811194444444445,3.5978340562136797,7.131472365796697,0.6482099688350177,2.174593542935625,,0.6103159861542662,3.887993689082587,0.3,0.0,,,0.006869286190286467,0.0
epsBB2p5_kappa0_fA0p5_seed1,2.5,0.0,0.5,0.0,0.0,0.0,1,0.5,0.2894375,13.304,0.8495736111111112,9.056491666666666,5.719038888888888,11.546875,461.6684972222222,8.632956944444445,3.142558434896619,63.30804173547696,0.20498199035454176,63.30804173547696,,0.9804280447073009,18.10568811293409,0.5,0.0,,,0.08404112870290002,0.0
epsBB2p5_kappa0_fA0p5_seed2,2.5,0.0,0.5,0.0,0.0,0.0,2,0.5,0.4765222222222222,9.352,0.8471305555555555,9.002944444444443,5.972490277777778,11.60312638888889,770.0267666666666,8.787808333333334,3.017147769923409,69.75674507085097,0.20498199035454176,69.75674507085097,,0.9649674950843956,16.901149113528465,0.5,0.0,,,0.05625367415984027,0.0
epsBB2p5_kappa0_fA0p5_seed3,2.5,0.0,0.5,0.0,0.0,0.0,3,0.5,0.20727083333333335,14.44,0.8455583333333334,8.969502777777778,5.7641736111111115,11.495356944444444,318.33208888888896,8.629765277777778,3.1447515046180015,48.517433147846596,0.20498199035454176,48.517433147846596,,0.9461874419691647,17.823810999887062,0.5,0.0,,,0.0403197225322442,0.0
epsBB2p5_kappa0_fA0p5_seed4,2.5,0.0,0.5,0.0,0.0,0.0,4,0.5,0.18918611111111114,14.992,0.8558041666666667,9.203552777777777,5.717029166666667,11.621448611111111,296.79798055555557,8.66923888888889,3.210455768426248,74.43016546687284,0.20498199035454176,74.43016546687284,,0.9868964979984707,14.178742908195513,0.5,0.0,,,0.06467396871955726,0.0
epsBB2p5_kappa0p25_fA0p7_seed1,2.5,0.25,0.7,0.0,0.0,0.0,1,0.3,0.07156944444444445,28.524,0.6404027777777778,6.751046296296297,4.322746031746032,9.644527777777778,56.94807870370371,5.919280555555555,3.4637345926706042,13.433170540241704,0.4099639807090835,4.071634370078908,,0.7984351880623055,5.382565623298463,0.3,0.0,,,0.012736063148663677,0.0
epsBB2p5_kappa0p25_fA0p7_seed2,2.5,0.25,0.7,0.0,0.0,0.0,2,0.3,0.07537037037037037,31.636,0.6236226851851853,6.6055370370370365,4.324998015873016,9.521638888888889,54.34155092592593,5.8839902777777775,3.5315257076268236,12.176369243311562,0.35503922193065984,6.495998815686665,,0.8445490026240804,4.979978145156812,0.3,0.0,,,0.002329697527421313,0.0
epsBB2p5_kappa0p25_fA0p7_seed3,2.5,0.25,0.7,0.0,0.0,0.0,3,0.3,0.07856481481481482,30.716,0.6333935185185184,6.648,4.318388888888888,9.561675925925927,56.77704166666667,5.891375,3.5409198804634716,13.120107534678224,0.5797766216032478,3.8282677182526275,,0.7564080303029659,5.053471554769216,0.3,0.0,,,0.010711466331643715,0.0
epsBB2p5_kappa0p25_fA0p7_seed4,2.5,0.25,0.7,0.0,0.0,0.0,4,0.3,0.11211111111111112,32.668,0.6306157407407407,6.604615740740741,4.317127976190477,9.520173611111112,59.68899537037037,5.878041666666667,3.5028881484199945,8.914523356725866,0.6149459710636253,2.4680957827329117,,0.7367816460864944,4.48604765362073,0.3,0.0,,,0.0030947403276322324,0.0
epsBB2p5_kappa0p25_fA0p5_seed1,2.5,0.25,0.5,0.0,0.0,0.0,1,0.5,0.2704388888888889,16.168,0.8462124999999999,9.283316666666666,5.432370833333334,11.567579166666667,403.7112138888889,8.499975,3.292107548555472,67.92793372091764,0.4099639807090835,56.71380693027411,,0.9228434939794155,24.362233024476218,0.5,0.0,,,0.0903275060048122,0.0
epsBB2p5_kappa0p25_fA0p5_seed2,2.5,0.25,0.5,0.0,0.0,0.0,2,0.5,0.5366305555555556,10.044,0.86385,9.491105555555556,5.6083125,11.80462361111111,959.9808055555555,8.706468055555558,3.082454250855656,75.29214173107741,0.2898883108016239,21.53196431625285,,0.958612031519909,18.455542570434396,0.5,0.0,,,0.04995019942742477,0.0
epsBB2p5_kappa0p25_fA0p5_seed3,2.5,0.25,0.5,0.0,0.0,0.0,3,0.5,0.34045694444444446,12.42,0.8501555555555556,9.292155555555555,5.549318055555556,11.629290277777779,612.3514055555556,8.589304166666665,3.2820782559440587,67.01320716524255,0.4099639807090835,48.49471125158614,,0.9211489149877267,19.273317676549297,0.5,0.0,,,0.1264521865993474,0.0
epsBB2p5_kappa0p25_fA0p5_seed4,2.5,0.25,0.5,0.0,0.0,0.0,4,0.5,0.2322,15.232,0.8546083333333333,9.394586111111112,5.526725000000001,11.686747222222222,342.1785611111111,8.606736111111111,3.179031607898939,91.73146484997183,0.20498199035454176,91.73146484997183,,0.9821228036786105,24.794967745134066,0.5,0.0,,,0.026698860919198708,0.0
epsBB2p5_kappa0p5_fA0p7_seed1,2.5,0.5,0.7,0.0,0.0,0.0,1,0.3,0.33015046296296297,12.88,0.7406134259259258,8.278750000000002,4.1121815476190475,10.612673611111111,260.83417592592593,6.062329166666666,3.5041736798453553,42.96834553506022,0.2898883108016239,27.00392265253949,,0.9286323386108853,20.847377400181998,0.3,0.0,,,0.056293499079583906,0.0
epsBB2p5_kappa0p5_fA0p7_seed2,2.5,0.5,0.7,0.0,0.0,0.0,2,0.3,0.14165740740740743,17.356,0.7474745370370369,8.232842592592593,4.066513888888888,10.535134259259259,126.09465277777775,6.0071,3.471211687194044,24.512127631020622,0.20498199035454176,24.512127631020622,,0.9685830782236887,14.485950334967894,0.3,0.0,,,0.00742062767025648,0.0
epsBB2p5_kappa0p5_fA0p7_seed3,2.5,0.5,0.7,0.0,0.0,0.0,3,0.3,0.2562685185185185,17.024,0.7212152777777778,8.154583333333333,4.094207341269842,10.495715277777778,191.50774537037037,6.0146597222222224,3.4126570474514217,32.15221816648698,0.35503922193065984,22.812183473420944,,0.8941761015316352,18.872964789759834,0.3,0.0,,,0.0013660075069033568,0.0
epsBB2p5_kappa0p5_fA0p7_seed4,2.5,0.5,0.7,0.0,0.0,0.0,4,0.3,0.32375,14.128,0.7384652777777777,8.317699074074072,4.091362103174603,10.641090277777778,266.3479537037037,6.0562805555555554,3.534644569781614,42.94089441041333,0.20498199035454176,42.94089441041333,,0.960067668038619,21.689314660680967,0.3,0.0,,,0.012027774213782155,0.0
epsBB2p5_kappa0p5_fA0p5_seed1,2.5,0.5,0.5,0.0,0.0,0.0,1,0.5,0.40601250000000005,16.032,0.8797,10.336991666666666,4.878558333333334,12.103238888888889,667.4461388888889,8.490898611111112,3.155941144012329,116.36804560206195,0.2898883108016239,94.5640640093538,,0.9622712066875402,68.733209784856,0.5,0.0,,,0.004133901030682938,0.0
epsBB2p5_kappa0p5_fA0p5_seed2,2.5,0.5,0.5,0.0,0.0,0.0,2,0.5,0.48594027777777776,11.144,0.8701319444444444,10.240888888888886,4.949240277777778,12.082179166666666,920.7870805555557,8.515709722222223,3.2287710292046814,200.9994595297828,0.20498199035454176,200.9994595297828,,0.9892378686426877,84.04574433601222,0.5,0.0,,,0.017482085241702378,0.0
epsBB2p5_kappa0p5_fA0p5_seed3,2.5,0.5,0.5,0.0,0.0,0.0,3,0.5,0.3717861111111111,11.776,0.8693541666666667,10.090625,5.012074999999999,11.990666666666668,647.7705777777778,8.501370833333334,3.281165685050285,124.40324295003172,0.20498199035454176,124.40324295003172,,0.9602645101161252,54.22101803430419,0.5,0.0,,,0.020810700854649963,0.0
epsBB2p5_kappa0p5_fA0p5_seed4,2.5,0.5,0.5,0.0,0.0,0.0,4,0.5,0.5493111111111111,8.996,0.875223611111111,10.256138888888888,5.033741666666667,12.112675,983.2907194444446,8.573208333333332,3.164303480465208,157.01051086260435,0.20498199035454176,157.01051086260435,,0.9746051792955774,53.10816157399885,0.5,0.0,,,0.030614557428504666,0.0
epsBB2p5_kappa0p75_fA0p7_seed1,2.5,0.75,0.7,0.0,0.0,0.0,1,0.3,0.6982523148148148,8.0,0.8623680555555554,10.34474537037037,3.7544761904761907,11.801342592592594,857.451787037037,6.168536111111112,3.508618136067488,134.91113358818154,0.20498199035454176,134.91113358818154,,0.9833869154154559,107.87346163581533,0.3,0.0,,,0.0022888883738612646,0.0
epsBB2p5_kappa0p75_fA0p7_seed2,2.5,0.75,0.7,0.0,0.0,0.0,2,0.3,0.45624305555555555,9.016,0.86325,10.184925925925926,3.7560704365079363,11.650631944444443,444.8506666666667,6.12443888888889,3.6364439090017346,103.75271413361834,0.20498199035454176,103.75271413361834,,0.9894465590933268,73.7966842290206,0.3,0.0,,,0.015466850704712943,0.0
epsBB2p5_kappa0p75_fA0p7_seed3,2.5,0.75,0.7,0.0,0.0,0.0,3,0.3,0.3514560185185186,8.996,0.8730277777777778,10.292930555555555,3.7199315476190478,11.69332638888889,346.29375462962963,6.111950000000001,3.5312474607220525,90.07660495644316,0.4099639807090835,41.49183287306888,,0.954865909866929,81.76016421267266,0.3,0.0,,,0.016564842795713693,0.0
epsBB2p5_kappa0p75_fA0p7_seed4,2.5,0.75,0.7,0.0,0.0,0.0,4,0.3,0.3972824074074074,7.052,0.8790185185185184,10.47525,3.7474295634920636,11.889520833333332,454.545074074074,6.190056944444445,3.5729794367209182,113.6857417034061,0.35503922193065984,35.03859475316405,,0.9420991921654589,87.09956449555345,0.3,0.0,,,0.001250051439270818,0.0
epsBB2p5_kappa0p75_fA0p5_seed1,2.5,0.75,0.5,0.0,0.0,0.0,1,0.5,0.7327111111111111,7.112,0.9239527777777777,11.625744444444443,4.116052777777778,12.742366666666667,1632.0270805555554,8.429209722222222,3.4401031802433946,430.51237496994986,0.20498199035454176,430.51237496994986,,0.9909920480701996,301.76512780324515,0.5,0.0,,,0.0014351974312500312,0.0
epsBB2p5_kappa0p75_fA0p5_seed2,2.5,0.75,0.5,0.0,0.0,0.0,2,0.5,0.9414722222222222,3.576,0.927125,11.949788888888888,4.07625,12.972425,2552.9664527777777,8.5243375,3.421262721562953,531.5869140044214,0.20498199035454176,531.5869140044214,,0.9900093126341181,365.67119519686156,0.5,0.0,,,0.001236735173304651,0.0
epsBB2p5_kappa0p75_fA0p5_seed3,2.5,0.75,0.5,0.0,0.0,0.0,3,0.5,0.8950625,8.412,0.9199736111111112,11.78186388888889,4.078031944444445,12.826398611111111,2309.229352777778,8.452215277777777,3.391350251821755,544.7332739667773,0.20498199035454176,544.7332739667773,,0.9877986603662723,414.51692404404406,0.5,0.0,,,0.0019857832868532413,0.0
epsBB2p5_kappa0p75_fA0p5_seed4,2.5,0.75,0.5,0.0,0.0,0.0,4,0.5,0.884925,3.38,0.9249625,11.656866666666668,4.2120375,12.803909722222222,2269.7967027777777,8.507973611111112,3.4556443724145858,474.5490073518424,0.20498199035454176,474.5490073518424,,0.9848565575982553,323.3158557309145,0.5,0.0,,,0.03996733050525202,0.0
epsBB2p5_kappa1_fA0p7_seed1,2.5,1.0,0.7,0.0,0.0,0.0,1,0.3,0.6815532407407406,3.572,0.98825,12.15637962962963,3.321290674603175,12.300488425925927,878.6660555555555,6.0150500000000005,3.6000780826144627,148.19166149571905,0.20498199035454176,148.19166149571905,,0.8935988823337089,196.58133872742854,0.3,0.0,,,0.06671631980174893,0.0
epsBB2p5_kappa1_fA0p7_seed2,2.5,1.0,0.7,0.0,0.0,0.0,2,0.3,0.8553240740740743,4.376,0.9854560185185185,12.387439814814815,3.3215287698412705,12.53530324074074,1279.2923425925926,6.0856611111111105,3.64699414281309,208.4194291817916,0.20498199035454176,208.4194291817916,,0.9789629725823951,268.64382067884577,0.3,0.0,,,2.220446049250313e-16,0.0
epsBB2p5_kappa1_fA0p7_seed3,2.5,1.0,0.7,0.0,0.0,0.0,3,0.3,0.3778912037037037,4.0,0.9846620370370369,12.066296296296295,3.3253125,12.208895833333331,576.3072870370372,5.9903875,3.6322030589888255,132.9075229788767,0.35503922193065984,68.80630378458252,,0.9408982408515814,183.68913940313283,0.3,0.0,,,3.652716166217582e-05,0.0
epsBB2p5_kappa1_fA0p7_seed4,2.5,1.0,0.7,0.0,0.0,0.0,4,0.3,0.673611111111111,4.0,0.9875925925925926,12.163953703703704,3.321338293650794,12.29805324074074,872.7395833333334,6.014352777777778,3.6267905386855737,185.39882158072294,0.20498199035454176,185.39882158072294,,0.9843902402014342,242.2659892685276,0.3,0.0,,,1.1102230246251565e-16,0.0
epsBB2p5_kappa1_fA0p5_seed1,2.5,1.0,0.5,0.0,0.0,0.0,1,0.5,0.9975694444444444,2.0,0.9925722222222223,13.130044444444446,3.2026624999999997,13.238104166666668,2866.034027777778,8.22038333333333,3.5448820646944847,764.1258113361084,0.20498199035454176,764.1258113361084,,0.9932947230780519,904.3871310313485,0.5,0.0,,,0.0,0.0
epsBB2p5_kappa1_fA0p5_seed2,2.5,1.0,0.5,0.0,0.0,0.0,2,0.5,0.923175,2.584,0.988563888888889,12.862922222222224,3.2031694444444447,12.975019444444444,2466.7421055555546,8.089094444444445,3.544725783104063,641.9974646298665,0.20498199035454176,641.9974646298665,,0.9845308843318247,766.2270100910229,0.5,0.0,,,0.022933239125560192,0.0
epsBB2p5_kappa1_fA0p5_seed3,2.5,1.0,0.5,0.0,0.0,0.0,3,0.5,1.0,1.0,0.9958166666666667,13.172486111111109,3.1869930555555555,13.261898611111112,2880.0,8.224445833333332,3.5002078830772336,772.6579383621238,0.20498199035454176,772.6579383621238,,0.9811805276034881,903.7246883337388,0.5,0.0,,,0.0,0.0
epsBB2p5_kappa1_fA0p5_seed4,2.5,1.0,0.5,0.0,0.0,0.0,4,0.5,0.9722222222222221,2.0,0.9921430555555556,13.027847222222222,3.192609722222222,13.116790277777778,2724.444444444445,8.1547,3.4912207473961065,724.376987902704,0.20498199035454176,724.376987902704,,0.9835064397153647,858.1459127899399,0.5,0.0,,,1.1102230246251565e-16,0.0
epsBB3_kappa0_fA0p7_seed1,3.0,0.0,0.7,0.0,0.0,0.0,1,0.3,0.05503703703703704,43.904,0.6857546296296295,6.955625,4.735070436507937,10.228923611111112,40.954379629629635,6.383226388888889,3.507081157104535,5.924094720903324,0.766972378365696,5.092115989069496,,0.5089733445560192,4.60489556348724,0.3,0.0,,,0.004268824806236191,0.0
epsBB3_kappa0_fA0p7_seed2,3.0,0.0,0.7,0.0,0.0,0.0,2,0.3,0.06571759259259258,36.732,0.7065601851851853,7.164537037037037,4.772369047619048,10.394893518518519,46.89651851851852,6.459126388888889,3.5139435386424855,7.90638367580934,0.5797766216032478,5.313277157493905,,0.7612675771666136,4.775098088977662,0.3,0.0,,,0.0029674806415585413,0.0
epsBB3_kappa0_fA0p7_seed3,3.0,0.0,0.7,0.0,0.0,0.0,3,0.3,0.04769212962962963,39.936,0.6908564814814815,7.051907407407407,4.760931547619048,10.321835648148149,43.32448611111111,6.429202777777777,3.305426406585839,7.034137342798251,0.4099639807090835,5.611902081299942,,0.6963152372579908,4.1764181297270175,0.3,0.0,,,0.007749494222732337,0.0
epsBB3_kappa0_fA0p7_seed4,3.0,0.0,0.7,0.0,0.0,0.0,4,0.3,0.07012962962962963,42.208,0.7012430555555557,7.070023148148148,4.748989087301587,10.308303240740742,46.160412037037034,6.416783333333334,3.565208808253432,6.391428062881367,0.6149459710636253,4.996727155802999,,0.7216258004476032,4.381315946098708,0.3,0.0,,,0.012883121348188632,0.0
epsBB3_kappa0_fA0p5_seed1,3.0,0.0,0.5,0.0,0.0,0.0,1,0.5,0.2860986111111111,12.972,0.8957583333333332,9.70576111111111,6.1896305555555555,12.267388888888886,486.6189055555556,9.228509722222222,3.039126000283868,73.22543919036255,0.20498199035454176,73.22543919036255,,0.9758453331815429,16.436523014680038,0.5,0.0,,,0.059023156175284086,0.0
epsBB3_kappa0_fA0p5_seed2,3.0,0.0,0.5,0.0,0.0,0.0,2,0.5,0.22054722222222223,13.18,0.8911875,9.582336111111111,6.2672375,12.211731944444443,361.9405805555555,9.23948472222222,3.0707105470873057,109.91536356672928,0.20498199035454176,109.91536356672928,,0.9862513283052783,15.282840402780964,0.5,0.0,,,0.02491292954756577,0.0
epsBB3_kappa0_fA0p5_seed3,3.0,0.0,0.5,0.0,0.0,0.0,3,0.5,0.3398333333333333,11.94,0.8935555555555555,9.608294444444446,6.209144444444444,12.202141666666666,512.3863888888889,9.205643055555557,3.2113585592385396,85.81927697842582,0.20498199035454176,85.81927697842582,,0.9783485352762293,15.476004901344938,0.5,0.0,,,0.03175106321734911,0.0
epsBB3_kappa0_fA0p5_seed4,3.0,0.0,0.5,0.0,0.0,0.0,4,0.5,0.1574847222222222,18.604,0.8959861111111111,9.753025,6.019365277777777,12.19712361111111,245.33714444444445,9.108244444444445,3.240818240465859,84.51257422101664,0.20498199035454176,84.51257422101664,,0.9754601112689166,17.37982434680144,0.5,0.0,,,0.021440838292429206,0.0
epsBB3_kappa0p25_fA0p7_seed1,3.0,0.25,0.7,0.0,0.0,0.0,1,0.3,0.09179166666666667,35.808,0.7323449074074074,7.622046296296296,4.608940476190476,10.629574074074073,63.65216203703704,6.415130555555556,3.4710066174851884,14.135743125135381,0.35503922193065984,8.39973886646026,,0.9226026901422363,8.003776358610002,0.3,0.0,,,0.006522597760867106,0.0
epsBB3_kappa0p25_fA0p7_seed2,3.0,0.25,0.7,0.0,0.0,0.0,2,0.3,0.07602083333333334,35.844,0.7330509259259259,7.530430555555555,4.665402777777778,10.590263888888888,55.94169444444444,6.442861111111111,3.457922462703922,11.49458687832172,0.7100784438613197,4.059142196797589,,0.760742880715947,5.768800880803674,0.3,0.0,,,0.01048216777502237,0.0
epsBB3_kappa0p25_fA0p7_seed3,3.0,0.25,0.7,0.0,0.0,0.0,3,0.3,0.06107407407407408,35.704,0.7366736111111111,7.54325,4.670589285714286,10.600296296296296,53.05611574074074,6.449501388888888,3.3542621893232645,8.272380969276883,0.4099639807090835,3.7501665342468122,,0.7724381752012979,5.672334193530223,0.3,0.0,,,0.005592586843877349,0.0
epsBB3_kappa0p25_fA0p7_seed4,3.0,0.25,0.7,0.0,0.0,0.0,4,0.3,0.06699074074074074,41.216,0.7297083333333334,7.494884259259259,4.616217261904762,10.532391203703705,48.53629629629629,6.391069444444444,3.4245352734177557,8.91186077299002,0.7100784438613197,4.780386371242745,,0.6986272986942305,5.7094274263615254,0.3,0.0,,,0.009715578638375773,0.0
epsBB3_kappa0p25_fA0p5_seed1,3.0,0.25,0.5,0.0,0.0,0.0,1,0.5,0.3633708333333333,14.476,0.901776388888889,9.988958333333333,6.063063888888889,12.379530555555554,622.2346444444445,9.221297222222221,3.110046443222498,205.56768005205328,0.20498199035454176,205.56768005205328,,0.9918297810134521,22.874080134282423,0.5,0.0,,,0.06394300427051335,0.0
epsBB3_kappa0p25_fA0p5_seed2,3.0,0.25,0.5,0.0,0.0,0.0,2,0.5,0.27994583333333334,15.464,0.9056486111111111,10.0063,5.830375,12.340172222222222,489.52073055555553,9.08527361111111,3.0572250366639184,86.16817937899404,0.20498199035454176,86.16817937899404,,0.958198999424089,18.666974992515414,0.5,0.0,,,0.06618919771310362,0.0
epsBB3_kappa0p25_fA0p5_seed3,3.0,0.25,0.5,0.0,0.0,0.0,3,0.5,0.22063888888888888,13.544,0.8971416666666666,9.983641666666669,6.072430555555556,12.401486111111112,409.7912472222222,9.236958333333332,3.1268950304677254,136.8523344487494,0.20498199035454176,136.8523344487494,,0.9859235884162032,22.39254764108867,0.5,0.0,,,0.033650140906461165,0.0
epsBB3_kappa0p25_fA0p5_seed4,3.0,0.25,0.5,0.0,0.0,0.0,4,0.5,0.6061305555555555,11.06,0.9077916666666666,10.061663888888889,6.110225000000001,12.450302777777779,1134.1514194444446,9.28026388888889,3.0268061008339755,178.2314843647677,0.20498199035454176,178.2314843647677,,0.9927758006162475,22.56009880059083,0.5,0.0,,,0.013879726422215806,0.0
epsBB3_kappa0p5_fA0p7_seed1,3.0,0.5,0.7,0.0,0.0,0.0,1,0.3,0.2113472222222222,19.456,0.8024560185185186,8.957541666666668,4.324996031746032,11.36964814814815,163.89757870370372,6.438391666666666,3.3744143923456376,42.360855899841845,0.2898883108016239,8.127882888274007,,0.9697631596910768,17.574797829772976,0.3,0.0,,,0.003121822801875536,0.0
epsBB3_kappa0p5_fA0p7_seed2,3.0,0.5,0.7,0.0,0.0,0.0,2,0.3,0.1706875,24.588,0.8109143518518519,8.933944444444446,4.311225198412699,11.336770833333333,131.68113425925927,6.418888888888889,3.462576647284328,29.725084833489067,0.4099639807090835,23.745507260337288,,0.9033683086298135,13.436164791105044,0.3,0.0,,,0.0015641383728594162,0.0
epsBB3_kappa0p5_fA0p7_seed3,3.0,0.5,0.7,0.0,0.0,0.0,3,0.3,0.23043055555555556,23.78,0.7827592592592594,8.851921296296295,4.320961309523809,11.28915509259259,198.4572777777778,6.4114194444444434,3.4649332491792304,30.83864071774096,0.35503922193065984,13.097960041782464,,0.8927991178866334,15.786191977279739,0.3,0.0,,,0.001708709684530473,0.0
epsBB3_kappa0p5_fA0p7_seed4,3.0,0.5,0.7,0.0,0.0,0.0,4,0.3,0.21914814814814815,19.184,0.8043194444444445,9.052560185185186,4.31498115079365,11.458664351851851,191.12003240740742,6.458086111111112,3.4940782869945104,40.979231042136995,0.2898883108016239,16.90623296856305,,0.963164736967986,23.92822137566162,0.3,0.0,,,0.008082289875801802,0.0
epsBB3_kappa0p5_fA0p5_seed1,3.0,0.5,0.5,0.0,0.0,0.0,1,0.5,0.33542222222222223,18.424,0.9204944444444444,10.871483333333334,5.2370874999999995,12.691837499999998,499.98810277777784,8.9644625,3.1761620079826516,193.5341074456667,0.20498199035454176,193.5341074456667,,0.9893825906226256,45.91849795023932,0.5,0.0,,,0.047700538826317126,0.0
epsBB3_kappa0p5_fA0p5_seed2,3.0,0.5,0.5,0.0,0.0,0.0,2,0.5,0.4399694444444444,15.488,0.9105958333333333,10.83375,5.3935249999999995,12.737552777777779,919.4553138888889,9.065538888888888,3.2001942754535673,305.18776890913404,0.20498199035454176,305.18776890913404,,0.9937278788442906,70.00138208523587,0.5,0.0,,,0.038292669555238204,0.0
epsBB3_kappa0p5_fA0p5_seed3,3.0,0.5,0.5,0.0,0.0,0.0,3,0.5,0.43842777777777775,14.532,0.9108638888888888,10.74175,5.5134486111111105,12.725759722222223,724.5263666666667,9.119604166666669,3.0286575947234895,152.91165624841219,0.20498199035454176,152.91165624841219,,0.9757864388082227,36.90286755460358,0.5,0.0,,,0.02101248324593012,0.0
epsBB3_kappa0p5_fA0p5_seed4,3.0,0.5,0.5,0.0,0.0,0.0,4,0.5,0.4075250000000001,15.716,0.9074152777777779,10.822991666666667,5.402338888888889,12.740605555555556,771.0364166666666,9.071472222222223,3.2027735669248862,230.58659774702005,0.20498199035454176,230.58659774702005,,0.9972917589912699,67.8509469186729,0.5,0.0,,,0.03184179691638331,0.0
epsBB3_kappa0p75_fA0p7_seed1,3.0,0.75,0.7,0.0,0.0,0.0,1,0.3,0.4015671296296296,11.0,0.9044351851851852,10.891342592592594,3.895766865079365,12.396168981481482,453.4736666666667,6.4458874999999995,3.4839093018252103,112.28700277629603,0.35503922193065984,48.416564044973065,,0.9815896486541666,83.20526827897746,0.3,0.0,,,0.0008926935598726648,0.0
epsBB3_kappa0p75_fA0p7_seed2,3.0,0.75,0.7,0.0,0.0,0.0,2,0.3,0.41120601851851857,10.776,0.8924652777777778,10.823101851851852,3.906396825396825,12.33652314814815,454.8981111111111,6.435434722222222,3.5361446807133405,115.33421843640595,0.20498199035454176,115.33421843640595,,0.9874706320179496,57.86356234812274,0.3,0.0,,,0.001579119433151396,0.0
epsBB3_kappa0p75_fA0p7_seed3,3.0,0.75,0.7,0.0,0.0,0.0,3,0.3,0.40348148148148144,9.744,0.9142106481481481,10.961699074074074,3.9190992063492067,12.445254629629632,402.31109259259256,6.476945833333334,3.506000394985554,82.18628384370928,0.2898883108016239,31.52645427460721,,0.9618320159300467,53.44943529126115,0.3,0.0,,,0.0006791684023810777,0.0
epsBB3_kappa0p75_fA0p7_seed4,3.0,0.75,0.7,0.0,0.0,0.0,4,0.3,0.49422453703703695,9.032,0.910400462962963,11.025032407407407,3.8838958333333333,12.491256944444446,518.451,6.466104166666667,3.5355264960194184,102.53354385152191,0.35503922193065984,80.56109901484407,,0.9331499569338179,72.9779003329247,0.3,0.0,,,0.0016461653829755321,0.0
epsBB3_kappa0p75_fA0p5_seed1,3.0,0.75,0.5,0.0,0.0,0.0,1,0.5,0.7909888888888889,6.144,0.9445041666666666,12.201402777777778,4.457416666666666,13.364352777777778,1879.9812277777778,8.910884722222221,3.3447172599136805,480.0078383738478,0.20498199035454176,480.0078383738478,,0.993427851813347,270.52012252649877,0.5,0.0,,,0.03064423230830611,0.0
epsBB3_kappa0p75_fA0p5_seed2,3.0,0.75,0.5,0.0,0.0,0.0,2,0.5,0.928611111111111,6.716,0.948525,12.377519444444443,4.437804166666667,13.488920833333333,2486.114825,8.963362499999999,3.3497530682499654,551.2568114925549,0.20498199035454176,551.2568114925549,,0.9865646040988708,339.9325488402774,0.5,0.0,,,0.0007511565157216601,0.0
epsBB3_kappa0p75_fA0p5_seed3,3.0,0.75,0.5,0.0,0.0,0.0,3,0.5,0.8895958333333333,6.236,0.9476444444444445,12.262255555555555,4.479659722222221,13.389143055555556,2323.5019805555557,8.93440138888889,3.3543339707050683,532.7626209944391,0.20498199035454176,532.7626209944391,,0.9889939633042376,273.8444476481508,0.5,0.0,,,0.08196816592857523,0.0
epsBB3_kappa0p75_fA0p5_seed4,3.0,0.75,0.5,0.0,0.0,0.0,4,0.5,0.831025,4.992,0.9530333333333333,12.203394444444443,4.634644444444445,13.408702777777778,2018.6302444444443,9.021673611111112,3.3234245905752147,454.55726128162274,0.20498199035454176,454.55726128162274,,0.9950777844135706,228.4668383600208,0.5,0.0,,,0.006411682768659556,0.0
epsBB3_kappa1_fA0p7_seed1,3.0,1.0,0.7,0.0,0.0,0.0,1,0.3,0.6501597222222222,3.832,0.9902314814814815,12.456462962962963,3.334728174603174,12.64987037037037,823.5548148148146,6.129270833333333,3.575955458147496,144.2397235102067,0.20498199035454176,144.2397235102067,,0.9806576654538571,185.00473550519428,0.3,0.0,,,0.024587277029875187,0.0
epsBB3_kappa1_fA0p7_seed2,3.0,1.0,0.7,0.0,0.0,0.0,2,0.3,0.6828703703703705,4.732,0.9899745370370371,12.427041666666668,3.331831349206349,12.613143518518518,861.133574074074,6.116225,3.651804620478508,143.86680040756335,0.20498199035454176,143.86680040756335,,0.9657819632254488,184.3642682991552,0.3,0.0,,,1.1102230246251565e-16,0.0
epsBB3_kappa1_fA0p7_seed3,3.0,1.0,0.7,0.0,0.0,0.0,3,0.3,0.6302083333333334,4.052,0.9926666666666667,12.50138888888889,3.3271924603174603,12.654879629629628,803.3559675925926,6.125498611111111,3.6049558270241677,171.28009868353936,0.20498199035454176,171.28009868353936,,0.9707889110083979,222.45637272468355,0.3,0.0,,,0.0,0.0
epsBB3_kappa1_fA0p7_seed4,3.0,1.0,0.7,0.0,0.0,0.0,4,0.3,0.5120370370370371,4.6,0.9932476851851852,12.35965740740741,3.3230744047619045,12.499854166666665,619.9648148148149,6.076108333333334,3.6096193165146806,125.03830358839122,0.2898883108016239,91.04516999606835,,0.9583329081375528,171.59748548005174,0.3,0.0,,,0.016159828164194576,0.0
epsBB3_kappa1_fA0p5_seed1,3.0,1.0,0.5,0.0,0.0,0.0,1,0.5,0.6364583333333335,3.904,0.9888652777777777,12.766866666666667,3.2722875,12.955345833333332,1366.2260499999998,8.113816666666667,3.5087300572038593,307.8471386496117,0.2898883108016239,226.83021068900433,,0.9610157601588549,363.08015399436437,0.5,0.0,,,1.1102230246251565e-16,0.0
epsBB3_kappa1_fA0p5_seed2,3.0,1.0,0.5,0.0,0.0,0.0,2,0.5,0.999675,1.156,0.9974972222222223,13.590972222222222,3.1888111111111113,13.684713888888888,2878.1319,8.4367625,3.566465146681475,787.3206056754011,0.20498199035454176,787.3206056754011,,0.9876752184362845,910.5178985036881,0.5,0.0,,,0.0007559486314117708,0.0
epsBB3_kappa1_fA0p5_seed3,3.0,1.0,0.5,0.0,0.0,0.0,3,0.5,0.9548722222222222,2.712,0.9951291666666667,13.40176388888889,3.205233333333333,13.510030555555556,2630.991577777778,8.357631944444444,3.5012499013599307,673.178887968705,0.20498199035454176,673.178887968705,,0.983517415824081,762.9290424233357,0.5,0.0,,,0.002201262264146533,0.0
epsBB3_kappa1_fA0p5_seed4,3.0,1.0,0.5,0.0,0.0,0.0,4,0.5,0.8439791666666665,2.06,0.9949027777777778,13.2561,3.2132444444444443,13.374366666666667,2120.196541666667,8.293805555555554,3.456923407978991,564.6336951852563,0.20498199035454176,564.6336951852563,,0.989819744420968,657.4566558971159,0.5,0.0,,,0.0073390030954609215,0.0
