n_chains,eps_AB,delta_eps,q_peak,lag_time,F_psi_mean,F_psi_sem
288,1,0,0.2266803401,0,1,0
288,1,0,0.2266803401,1,0.9988789382,0.0002548246111
288,1,0,0.2266803401,2,0.9978077558,0.0004943852949
288,1,0,0.2266803401,3,0.9968976144,0.0006944799272
288,1,0,0.2266803401,4,0.9960738833,0.0008765425776
288,1,0,0.2266803401,5,0.9953131098,0.001046344541
288,1,0,0.2266803401,6,0.9945961469,0.00120474185
288,1,0,0.2266803401,7,0.9939117394,0.001356391775
288,1,0,0.2266803401,8,0.9932525564,0.001500724157
288,1,0,0.2266803401,9,0.9926122662,0.001638937668
288,1,0,0.2266803401,10,0.9920007912,0.001769868853
288,1,0,0.2266803401,11,0.9914064308,0.001896023727
288,1,0,0.2266803401,12,0.990828825,0.002017957153
288,1,0,0.2266803401,13,0.9902646702,0.002135446415
288,1,0,0.2266803401,14,0.9897073108,0.00225156964
288,1,0,0.2266803401,15,0.989163149,0.002368374438
288,1,0,0.2266803401,16,0.9886268409,0.002486233543
288,1,0,0.2266803401,17,0.9880935294,0.002605664609
288,1,0,0.2266803401,18,0.9875712787,0.002720783824
288,1,0,0.2266803401,19,0.9870580301,0.002832410199
288,1,0,0.2266803401,20,0.9865477127,0.002943576461
288,1,0,0.2266803401,21,0.9860550054,0.003050332189
288,1,0,0.2266803401,22,0.9855685747,0.003158845914
288,1,0,0.2266803401,23,0.9850827158,0.003269324867
288,1,0,0.2266803401,24,0.9846024398,0.003379420077
288,1,0,0.2266803401,25,0.9841332257,0.003485375823
288,1,0,0.2266803401,26,0.9836668554,0.003590476605
288,1,0,0.2266803401,27,0.9832071171,0.003692167541
288,1,0,0.2266803401,28,0.9827546238,0.003790126161
288,1,0,0.2266803401,29,0.9823050156,0.003889064714
288,1,0,0.2266803401,30,0.9818586837,0.003994354986
288,1,0,0.2266803401,31,0.9814139586,0.004100960162
288,1,0,0.2266803401,32,0.9809718486,0.004204583001
288,1,0,0.2266803401,33,0.980535731,0.004306392786
288,1,0,0.2266803401,34,0.980102717,0.004405300819
288,1,0,0.2266803401,35,0.9796656569,0.004507630368
288,1,0,0.2266803401,36,0.9792318727,0.004609162324
288,1,0,0.2266803401,37,0.9788042817,0.004705312342
288,1,0,0.2266803401,38,0.978377626,0.004801516183
288,1,0,0.2266803401,39,0.9779564228,0.004898968995
288,1,0,0.2266803401,40,0.9775396507,0.004997430773
288,1,0,0.2266803401,41,0.9771243979,0.005095112385
288,1,0,0.2266803401,42,0.9767142822,0.005191591744
288,1,0,0.2266803401,43,0.9763030754,0.005285624355
288,1,0,0.2266803401,44,0.9758885288,0.005383762663
288,1,0,0.2266803401,45,0.9754737974,0.005481811592
288,1,0,0.2266803401,46,0.9750617843,0.005579646162
288,1,0,0.2266803401,47,0.9746613134,0.00567510354
288,1,0,0.2266803401,48,0.9742602543,0.005770132657
288,1,0,0.2266803401,49,0.97385043,0.00586610866
288,1,0,0.2266803401,50,0.9734437024,0.005958334753
288,1,0,0.2266803401,51,0.9730449977,0.006048968638
288,1,0,0.2266803401,52,0.9726451878,0.006135418771
288,1,0,0.2266803401,53,0.9722422841,0.006224709016
288,1,0,0.2266803401,54,0.971845883,0.006313437803
288,1,0,0.2266803401,55,0.9714530213,0.006398786552
288,1,0,0.2266803401,56,0.9710563957,0.006482007535
288,1,0,0.2266803401,57,0.9706601041,0.006566118317
288,1,0,0.2266803401,58,0.9702653929,0.006652032587
288,1,0,0.2266803401,59,0.9698881376,0.006733354918
288,1,0,0.2266803401,60,0.9695085557,0.006816606356
288,1,0,0.2266803401,61,0.9691270543,0.006899850134
288,1,0,0.2266803401,62,0.968753888,0.006979553024
288,1,0,0.2266803401,63,0.9683822741,0.007059420765
288,1,0,0.2266803401,64,0.9680183135,0.007139055597
288,1,0,0.2266803401,65,0.9676526918,0.007216805896
288,1,0,0.2266803401,66,0.9672877096,0.007297291527
288,1,0,0.2266803401,67,0.9669206699,0.007378317288
288,1,0,0.2266803401,68,0.9665486028,0.007460584141
288,1,0,0.2266803401,69,0.9661683084,0.00754420119
288,1,0,0.2266803401,70,0.9657921539,0.007626522292
288,1,0,0.2266803401,71,0.9654220389,0.007705524656
288,1,0,0.2266803401,72,0.9650611646,0.007783099391
288,1,0,0.2266803401,73,0.9647024501,0.007860900693
288,1,0,0.2266803401,74,0.9643344048,0.007941988525
288,1,0,0.2266803401,75,0.9639649667,0.008023115157
288,1,0,0.2266803401,76,0.9635996856,0.008103354676
288,1,0,0.2266803401,77,0.9632421213,0.00818281194
288,1,0,0.2266803401,78,0.962877918,0.008260680081
288,1,0,0.2266803401,79,0.9625158522,0.008338747345
288,1,0,0.2266803401,80,0.962159269,0.008415792531
288,1,0,0.2266803401,81,0.9617940556,0.008495334133
288,1,0,0.2266803401,82,0.9614315741,0.008573850777
288,1,0,0.2266803401,83,0.9610786811,0.008649802511
288,1,0,0.2266803401,84,0.9607286319,0.008722649378
288,1,0,0.2266803401,85,0.9603769894,0.00879537855
288,1,0,0.2266803401,86,0.9600264055,0.00886861777
288,1,0,0.2266803401,87,0.9596804792,0.008939709342
288,1,0,0.2266803401,88,0.9593298384,0.009012122183
288,1,0,0.2266803401,89,0.9589779276,0.009086158744
288,1,0,0.2266803401,90,0.958633049,0.009160135184
288,1,0,0.2266803401,91,0.9582877738,0.009235333033
288,1,0,0.2266803401,92,0.9579442775,0.009311578215
288,1,0,0.2266803401,93,0.9576079038,0.009383675946
288,1,0,0.2266803401,94,0.9572706589,0.009452290641
288,1,0,0.2266803401,95,0.9569354782,0.00952044973
288,1,0,0.2266803401,96,0.9566008952,0.009590482414
288,1,0,0.2266803401,97,0.9562713857,0.009659408063
288,1,0,0.2266803401,98,0.9559423974,0.009731057802
288,1,0,0.2266803401,99,0.9556106833,0.009807380942
288,1,0,0.2266803401,100,0.9552699668,0.009888474201
288,1,0,0.2266803401,101,0.9549335744,0.009965943798
288,1,0,0.2266803401,102,0.9545965835,0.01004413166
288,1,0,0.2266803401,103,0.9542504446,0.0101265275
288,1,0,0.2266803401,104,0.9539131421,0.01020155753
288,1,0,0.2266803401,105,0.9535791228,0.01027738041
288,1,0,0.2266803401,106,0.9532445108,0.0103516388
288,1,0,0.2266803401,107,0.9529104866,0.01042343814
288,1,0,0.2266803401,108,0.9525770161,0.01049723872
288,1,0,0.2266803401,109,0.9522492233,0.01056976996
288,1,0,0.2266803401,110,0.9519227829,0.01063880869
288,1,0,0.2266803401,111,0.9515986674,0.01070236142
288,1,0,0.2266803401,112,0.9512757891,0.01076519775
288,1,0,0.2266803401,113,0.950946933,0.01083372235
288,1,0,0.2266803401,114,0.9506170974,0.01090381003
288,1,0,0.2266803401,115,0.9502952085,0.01097113177
288,1,0,0.2266803401,116,0.9499739327,0.01104027933
288,1,0,0.2266803401,117,0.9496500928,0.01111067124
288,1,0,0.2266803401,118,0.9493315707,0.01117964999
288,1,0,0.2266803401,119,0.9490153154,0.01124871809
288,1,0,0.2266803401,120,0.9486928989,0.01131970084
288,1,0,0.2266803401,121,0.948371753,0.01139089708
288,1,0,0.2266803401,122,0.9480517485,0.01146507852
288,1,0,0.2266803401,123,0.9477269605,0.01154351
288,1,0,0.2266803401,124,0.9474014649,0.01162036566
288,1,0,0.2266803401,125,0.9470711398,0.01170327626
288,1,0,0.2266803401,126,0.9467401572,0.01178554174
288,1,0,0.2266803401,127,0.9464091097,0.01186908319
288,1,0,0.2266803401,128,0.9460785249,0.01194993235
288,1,0,0.2266803401,129,0.9457472186,0.01202797432
288,1,0,0.2266803401,130,0.9454162285,0.0121049738
288,1,0,0.2266803401,131,0.9450818252,0.01218052018
288,1,0,0.2266803401,132,0.9447549803,0.01225044691
288,1,0,0.2266803401,133,0.9444330234,0.01231879278
288,1,0,0.2266803401,134,0.9441059788,0.01238776834
288,1,0,0.2266803401,135,0.9437709457,0.01245960953
288,1,0,0.2266803401,136,0.943441679,0.0125322629
288,1,0,0.2266803401,137,0.94311531,0.01260327729
288,1,0,0.2266803401,138,0.942797007,0.01267487985
288,1,0,0.2266803401,139,0.9424816364,0.01274477389
288,1,0,0.2266803401,140,0.9421642235,0.01281300898
288,1,0,0.2266803401,141,0.9418613443,0.01287450703
288,1,0,0.2266803401,142,0.941559458,0.01293539806
288,1,0,0.2266803401,143,0.9412626095,0.01299622954
288,1,0,0.2266803401,144,0.9409617091,0.01305840391
288,1,0,0.2266803401,145,0.9406633823,0.01311896266
288,1,0,0.2266803401,146,0.9403636973,0.01318084744
288,1,0,0.2266803401,147,0.9400549343,0.01324673987
288,1,0,0.2266803401,148,0.9397471477,0.01331208656
288,1,0,0.2266803401,149,0.9394380643,0.01337598363
288,1,0,0.2266803401,150,0.9391271212,0.01343856311
288,1,0,0.2266803401,151,0.9388153798,0.01350330143
288,1,0,0.2266803401,152,0.9385075392,0.01356732661
288,1,0,0.2266803401,153,0.938202337,0.0136305351
288,1,0,0.2266803401,154,0.937897834,0.01369532744
288,1,0,0.2266803401,155,0.9375994298,0.0137601379
288,1,0,0.2266803401,156,0.9372945298,0.01382424001
288,1,0,0.2266803401,157,0.936987326,0.01389110384
288,1,0,0.2266803401,158,0.936671461,0.01396037181
288,1,0,0.2266803401,159,0.9363628574,0.0140264855
288,1,0,0.2266803401,160,0.9360569771,0.01409043058
288,1,0,0.2266803401,161,0.9357433194,0.01415857786
288,1,0,0.2266803401,162,0.9354288579,0.01422788949
288,1,0,0.2266803401,163,0.9351230861,0.01429442554
288,1,0,0.2266803401,164,0.9348122007,0.01436299783
288,1,0,0.2266803401,165,0.9345060774,0.01443224686
288,1,0,0.2266803401,166,0.9341912825,0.01450787429
288,1,0,0.2266803401,167,0.9338818284,0.01457936602
288,1,0,0.2266803401,168,0.9335739051,0.01465132762
288,1,0,0.2266803401,169,0.933264065,0.01472119291
288,1,0,0.2266803401,170,0.9329545291,0.01479085373
288,1,0,0.2266803401,171,0.9326486954,0.01486137016
288,1,0,0.2266803401,172,0.9323431428,0.01492809242
288,1,0,0.2266803401,173,0.932041403,0.01499523822
288,1,0,0.2266803401,174,0.9317428209,0.01506023515
288,1,0,0.2266803401,175,0.9314488176,0.01512381016
288,1,0,0.2266803401,176,0.931150431,0.01518722859
288,1,0,0.2266803401,177,0.9308456797,0.01525366409
288,1,0,0.2266803401,178,0.9305462021,0.01531940755
288,1,0,0.2266803401,179,0.9302508965,0.01538272425
288,1,0,0.2266803401,180,0.9299606841,0.01544220719
288,1,0,0.2266803401,181,0.9296655765,0.0155027267
288,1,0,0.2266803401,182,0.9293704179,0.01556146379
288,1,0,0.2266803401,183,0.929071106,0.01562495539
288,1,0,0.2266803401,184,0.9287740354,0.01568932029
288,1,0,0.2266803401,185,0.9284806135,0.01574912914
288,1,0,0.2266803401,186,0.9282005906,0.01580436266
288,1,0,0.2266803401,187,0.9279273689,0.01586037664
288,1,0,0.2266803401,188,0.9276489546,0.01591708658
288,1,0,0.2266803401,189,0.9273756877,0.01596810579
288,1,0,0.2266803401,190,0.92709839,0.01601979573
288,1,0,0.2266803401,191,0.9268169757,0.01607460973
288,1,0,0.2266803401,192,0.9265333035,0.01612928387
288,1,0,0.2266803401,193,0.9262470739,0.01618526706
288,1,0,0.2266803401,194,0.9259728218,0.01623703397
288,1,0,0.2266803401,195,0.9256984354,0.01628612021
288,1,0,0.2266803401,196,0.925418779,0.01633607962
288,1,0,0.2266803401,197,0.9251361756,0.01638835956
288,1,0,0.2266803401,198,0.9248505405,0.01644132082
288,1,0,0.2266803401,199,0.9245674178,0.01649602561
288,1,0,0.2266803401,200,0.9242775733,0.01654910734
288,1,0,0.2266803401,201,0.9239849246,0.01660163168
288,1,0,0.2266803401,202,0.9236958877,0.01665590729
288,1,0,0.2266803401,203,0.9234044332,0.01670868244
288,1,0,0.2266803401,204,0.92311402,0.01676244502
288,1,0,0.2266803401,205,0.9228294614,0.01681587559
288,1,0,0.2266803401,206,0.9225416749,0.01687030086
288,1,0,0.2266803401,207,0.9222633116,0.01691755137
288,1,0,0.2266803401,208,0.9219898378,0.01696344851
288,1,0,0.2266803401,209,0.9217196191,0.01700906654
288,1,0,0.2266803401,210,0.9214476686,0.01705636112
288,1,0,0.2266803401,211,0.9211801678,0.0171056494
288,1,0,0.2266803401,212,0.920904477,0.01715975594
288,1,0,0.2266803401,213,0.9206299455,0.01721160695
288,1,0,0.2266803401,214,0.9203564668,0.01726603455
288,1,0,0.2266803401,215,0.9200767346,0.01732258508
288,1,0,0.2266803401,216,0.9198019465,0.01737718791
288,1,0,0.2266803401,217,0.9195205761,0.01742766674
288,1,0,0.2266803401,218,0.9192379892,0.01747937543
288,1,0,0.2266803401,219,0.9189580687,0.01752921339
288,1,0,0.2266803401,220,0.9186766933,0.01757909398
288,1,0,0.2266803401,221,0.9183843416,0.01763476741
288,1,0,0.2266803401,222,0.9181037889,0.01768593408
288,1,0,0.2266803401,223,0.9178193299,0.01773963578
288,1,0,0.2266803401,224,0.9175263776,0.01779861746
288,1,0,0.2266803401,225,0.9172330327,0.01785855144
288,1,0,0.2266803401,226,0.9169417925,0.01791801322
288,1,0,0.2266803401,227,0.9166511851,0.01797895528
288,1,0,0.2266803401,228,0.9163567183,0.01804225604
288,1,0,0.2266803401,229,0.9160614138,0.01810610901
288,1,0,0.2266803401,230,0.9157679069,0.01816993654
288,1,0,0.2266803401,231,0.9154790555,0.01823361197
288,1,0,0.2266803401,232,0.9151877635,0.018299434
288,1,0,0.2266803401,233,0.9148984678,0.01836591424
288,1,0,0.2266803401,234,0.914610331,0.01842836453
288,1,0,0.2266803401,235,0.9143220452,0.01848981904
288,1,0,0.2266803401,236,0.9140363989,0.01854993393
288,1,0,0.2266803401,237,0.9137483192,0.01861176939
288,1,0,0.2266803401,238,0.9134604435,0.01867322256
288,1,0,0.2266803401,239,0.913173658,0.01873237124
288,1,0,0.2266803401,240,0.9128848991,0.0187938878
288,1,0,0.2266803401,241,0.9126032031,0.0188551592
288,1,0,0.2266803401,242,0.912320968,0.01891648275
288,1,0,0.2266803401,243,0.9120401039,0.01897647166
288,1,0,0.2266803401,244,0.9117554032,0.01903669953
288,1,0,0.2266803401,245,0.9114663191,0.01909976325
288,1,0,0.2266803401,246,0.9111772202,0.01916405799
288,1,0,0.2266803401,247,0.9109013768,0.01922175018
288,1,0,0.2266803401,248,0.9106308436,0.01928226276
288,1,0,0.2266803401,249,0.9103577748,0.01934622276
288,1,0,0.2266803401,250,0.9100836246,0.01941093785
288,1,0,0.2266803401,251,0.909813574,0.01947034876
288,1,0,0.2266803401,252,0.9095413705,0.01952977017
288,1,0,0.2266803401,253,0.9092657637,0.01959027906
288,1,0,0.2266803401,254,0.9089844717,0.01965312317
288,1,0,0.2266803401,255,0.9087034147,0.01971640736
288,1,0,0.2266803401,256,0.9084247437,0.01977820899
288,1,0,0.2266803401,257,0.9081496169,0.0198363937
288,1,0,0.2266803401,258,0.9078713634,0.0198952881
288,1,0,0.2266803401,259,0.9075935249,0.0199528379
288,1,0,0.2266803401,260,0.9073149166,0.02001175582
288,1,0,0.2266803401,261,0.9070341651,0.02007393595
288,1,0,0.2266803401,262,0.9067604309,0.02013302907
288,1,0,0.2266803401,263,0.9064875134,0.02019144815
288,1,0,0.2266803401,264,0.9062085981,0.02025041565
288,1,0,0.2266803401,265,0.9059312852,0.0203084595
288,1,0,0.2266803401,266,0.9056522676,0.02037197336
288,1,0,0.2266803401,267,0.9053720604,0.02043928291
288,1,0,0.2266803401,268,0.9050884137,0.02050620674
288,1,0,0.2266803401,269,0.9048079235,0.02057083221
288,1,0,0.2266803401,270,0.9045299054,0.02063545669
288,1,0,0.2266803401,271,0.9042509588,0.02070106665
288,1,0,0.2266803401,272,0.9039746775,0.02076384097
288,1,0,0.2266803401,273,0.9037010755,0.02082475629
288,1,0,0.2266803401,274,0.9034302471,0.02088379899
288,1,0,0.2266803401,275,0.9031582337,0.02094285209
288,1,0,0.2266803401,276,0.9028884761,0.02099964738
288,1,0,0.2266803401,277,0.9026269211,0.02105285825
288,1,0,0.2266803401,278,0.9023628288,0.02110596429
288,1,0,0.2266803401,279,0.9020963651,0.02116077075
288,1,0,0.2266803401,280,0.9018328744,0.02121605026
288,1,0,0.2266803401,281,0.9015770269,0.02126756032
288,1,0,0.2266803401,282,0.901321342,0.02131689528
288,1,0,0.2266803401,283,0.9010708273,0.0213636642
288,1,0,0.2266803401,284,0.9008195169,0.02141183745
288,1,0,0.2266803401,285,0.9005682223,0.02146312394
288,1,0,0.2266803401,286,0.9003182423,0.02151255768
288,1,0,0.2266803401,287,0.9000708944,0.0215611768
288,1,0,0.2266803401,288,0.8998227785,0.02161011644
288,1,0,0.2266803401,289,0.8995746038,0.02166087961
288,1,0,0.2266803401,290,0.8993279616,0.02171261617
288,1,0,0.2266803401,291,0.8990784646,0.02176252521
288,1,0,0.2266803401,292,0.8988206331,0.02181509779
288,1,0,0.2266803401,293,0.8985613294,0.02187079325
288,1,0,0.2266803401,294,0.8982957177,0.02192862261
288,1,0,0.2266803401,295,0.8980363153,0.02198432387
288,1,0,0.2266803401,296,0.8977786808,0.02203530822
288,1,0,0.2266803401,297,0.897524245,0.02208755953
288,1,0,0.2266803401,298,0.8972750258,0.0221357042
288,1,0,0.2266803401,299,0.89702403,0.02218449551
288,1,0,0.2266803401,300,0.8967792352,0.02223361843
288,1,0,0.2266803401,301,0.8965382892,0.02228583655
288,1,0,0.2266803401,302,0.8962917148,0.02233878304
288,1,0,0.2266803401,303,0.8960377369,0.02239596901
288,1,0,0.2266803401,304,0.8957810467,0.02245648422
288,1,0,0.2266803401,305,0.8955275871,0.02251637944
288,1,0,0.2266803401,306,0.8952751665,0.0225727773
288,1,0,0.2266803401,307,0.8950281505,0.02262627893
288,1,0,0.2266803401,308,0.8947810561,0.02268095674
288,1,0,0.2266803401,309,0.8945329011,0.02273716204
288,1,0,0.2266803401,310,0.8942786306,0.02279389701
288,1,0,0.2266803401,311,0.8940215818,0.02285436241
288,1,0,0.2266803401,312,0.8937710288,0.02291135014
288,1,0,0.2266803401,313,0.8935180448,0.02296802803
288,1,0,0.2266803401,314,0.8932665171,0.02302450315
288,1,0,0.2266803401,315,0.8930098983,0.02308379446
288,1,0,0.2266803401,316,0.8927581967,0.02314347822
288,1,0,0.2266803401,317,0.8925099252,0.0232022978
288,1,0,0.2266803401,318,0.8922544729,0.0232618103
288,1,0,0.2266803401,319,0.89199939,0.02331948704
288,1,0,0.2266803401,320,0.8917406739,0.02337833041
288,1,0,0.2266803401,321,0.8914783012,0.02344234948
288,1,0,0.2266803401,322,0.8912109655,0.02350843384
288,1,0,0.2266803401,323,0.8909439055,0.02357704866
288,1,0,0.2266803401,324,0.89067299,0.02364652019
288,1,0,0.2266803401,325,0.8904071844,0.02371303033
288,1,0,0.2266803401,326,0.8901424788,0.0237770349
288,1,0,0.2266803401,327,0.8898793981,0.02384052663
288,1,0,0.2266803401,328,0.8896147247,0.02390517916
288,1,0,0.2266803401,329,0.8893543906,0.02396627801
288,1,0,0.2266803401,330,0.8890918285,0.02402507728
288,1,0,0.2266803401,331,0.8888302864,0.0240834735
288,1,0,0.2266803401,332,0.8885707635,0.02414146592
288,1,0,0.2266803401,333,0.8883132867,0.02419749485
288,1,0,0.2266803401,334,0.8880545385,0.02425316775
288,1,0,0.2266803401,335,0.8877945064,0.02431060521
288,1,0,0.2266803401,336,0.8875363557,0.02436685685
288,1,0,0.2266803401,337,0.8872844547,0.0244159818
288,1,0,0.2266803401,338,0.8870403586,0.02446218263
288,1,0,0.2266803401,339,0.8867952318,0.02450878188
288,1,0,0.2266803401,340,0.8865561465,0.02455669309
288,1,0,0.2266803401,341,0.8863191808,0.02460342558
288,1,0,0.2266803401,342,0.8860842648,0.02465151604
288,1,0,0.2266803401,343,0.8858501118,0.02469999161
288,1,0,0.2266803401,344,0.8856111201,0.0247516601
288,1,0,0.2266803401,345,0.885383727,0.02479699674
288,1,0,0.2266803401,346,0.8851537466,0.02484155248
288,1,0,0.2266803401,347,0.8849206255,0.02489032663
288,1,0,0.2266803401,348,0.8846868796,0.02493944462
288,1,0,0.2266803401,349,0.8844582523,0.02498560276
288,1,0,0.2266803401,350,0.8842311243,0.02503369368
288,1,0,0.2266803401,351,0.8840093684,0.02508028068
288,1,0,0.2266803401,352,0.8837834391,0.02512898987
288,1,0,0.2266803401,353,0.8835584006,0.02517700902
288,1,0,0.2266803401,354,0.8833327076,0.02522484405
288,1,0,0.2266803401,355,0.883112685,0.0252695975
288,1,0,0.2266803401,356,0.8828899632,0.02531638356
288,1,0,0.2266803401,357,0.8826659785,0.02536475397
288,1,0,0.2266803401,358,0.8824403918,0.02541255744
288,1,0,0.2266803401,359,0.8822140776,0.02545839129
288,1,0,0.2266803401,360,0.881987012,0.02550443346
288,1,0,0.2266803401,361,0.8817638945,0.02555178555
288,1,0,0.2266803401,362,0.8815472951,0.02559679759
288,1,0,0.2266803401,363,0.8813282548,0.0256411187
288,1,0,0.2266803401,364,0.8811132358,0.02568311833
288,1,0,0.2266803401,365,0.8808998327,0.02572531445
288,1,0,0.2266803401,366,0.8806789879,0.02577001612
288,1,0,0.2266803401,367,0.8804579784,0.02581294735
288,1,0,0.2266803401,368,0.8802345992,0.02585600524
288,1,0,0.2266803401,369,0.8800086504,0.02590181167
288,1,0,0.2266803401,370,0.8797857889,0.02594605568
288,1,0,0.2266803401,371,0.8795601857,0.02599177833
288,1,0,0.2266803401,372,0.879338931,0.02603258505
288,1,0,0.2266803401,373,0.8791175346,0.02607465921
288,1,0,0.2266803401,374,0.8788909684,0.02611997344
288,1,0,0.2266803401,375,0.8786674108,0.02616435289
288,1,0,0.2266803401,376,0.8784444105,0.02620681989
288,1,0,0.2266803401,377,0.8782180242,0.02624780505
288,1,0,0.2266803401,378,0.8779920667,0.02629081229
288,1,0,0.2266803401,379,0.8777719771,0.02633392478
288,1,0,0.2266803401,380,0.8775444065,0.02637805787
288,1,0,0.2266803401,381,0.8773193742,0.0264184521
288,1,0,0.2266803401,382,0.8770873953,0.02645829272
288,1,0,0.2266803401,383,0.8768539742,0.02649726857
288,1,0,0.2266803401,384,0.8766197835,0.02654282876
288,1,0,0.2266803401,385,0.8763924163,0.02658584506
288,1,0,0.2266803401,386,0.8761637644,0.02662845205
288,1,0,0.2266803401,387,0.8759366239,0.02667399068
288,1,0,0.2266803401,388,0.8757072021,0.02671985092
288,1,0,0.2266803401,389,0.8754739502,0.02676608161
288,1,0,0.2266803401,390,0.8752429757,0.02681066062
288,1,0,0.2266803401,391,0.8750113312,0.02685678373
288,1,0,0.2266803401,392,0.8747788558,0.0269044444
288,1,0,0.2266803401,393,0.8745444204,0.02694962042
288,1,0,0.2266803401,394,0.8743171326,0.02699021551
288,1,0,0.2266803401,395,0.8740851509,0.02703421846
288,1,0,0.2266803401,396,0.8738573212,0.02707698894
288,1,0,0.2266803401,397,0.8736283925,0.02711813427
288,1,0,0.2266803401,398,0.8734026463,0.02715457784
288,1,0,0.2266803401,399,0.8731743616,0.02719014352
288,1,0,0.2266803401,400,0.8729489841,0.02722453844
288,1,0,0.2266803401,401,0.8727270573,0.02726047543
288,1,0,0.2266803401,402,0.8725070367,0.02729656201
288,1,0,0.2266803401,403,0.8722851063,0.02733459344
288,1,0,0.2266803401,404,0.872065136,0.02737264528
288,1,0,0.2266803401,405,0.8718425003,0.02741330263
288,1,0,0.2266803401,406,0.8716256423,0.02745375751
288,1,0,0.2266803401,407,0.8714071738,0.02749245534
288,1,0,0.2266803401,408,0.8711916879,0.02752924031
288,1,0,0.2266803401,409,0.8709785623,0.02756565892
288,1,0,0.2266803401,410,0.8707614927,0.02760084295
288,1,0,0.2266803401,411,0.8705478053,0.02763611436
288,1,0,0.2266803401,412,0.8703351654,0.02767400654
288,1,0,0.2266803401,413,0.8701299514,0.02771089724
288,1,0,0.2266803401,414,0.8699146408,0.02775015248
288,1,0,0.2266803401,415,0.8696941548,0.02778881313
288,1,0,0.2266803401,416,0.8694738401,0.02782924157
288,1,0,0.2266803401,417,0.8692492593,0.02787217158
288,1,0,0.2266803401,418,0.8690157411,0.02791714123
288,1,0,0.2266803401,419,0.8687888539,0.02795620186
288,1,0,0.2266803401,420,0.8685607646,0.02799516415
288,1,0,0.2266803401,421,0.8683228642,0.02804028977
288,1,0,0.2266803401,422,0.8680824934,0.02808476662
288,1,0,0.2266803401,423,0.8678440539,0.02813047326
288,1,0,0.2266803401,424,0.8676140954,0.02817346187
288,1,0,0.2266803401,425,0.8673894492,0.02821352135
288,1,0,0.2266803401,426,0.86716165,0.02825506717
288,1,0,0.2266803401,427,0.866928299,0.02829848713
288,1,0,0.2266803401,428,0.8666833093,0.02834724536
288,1,0,0.2266803401,429,0.8664358373,0.02839656719
288,1,0,0.2266803401,430,0.8661868107,0.02844654143
288,1,0,0.2266803401,431,0.8659406553,0.02849441628
288,1,0,0.2266803401,432,0.8656979905,0.0285408507
288,1,0,0.2266803401,433,0.8654539337,0.02858995214
288,1,0,0.2266803401,434,0.8652161738,0.02863783589
288,1,0,0.2266803401,435,0.8649758789,0.02868612281
288,1,0,0.2266803401,436,0.8647358642,0.02873853255
288,1,0,0.2266803401,437,0.864491772,0.02879332034
288,1,0,0.2266803401,438,0.8642455944,0.02884803433
288,1,0,0.2266803401,439,0.8640081048,0.0288972815
288,1,0,0.2266803401,440,0.8637700383,0.02894848149
288,1,0,0.2266803401,441,0.8635401544,0.02899309939
288,1,0,0.2266803401,442,0.8633101356,0.02903838689
288,1,0,0.2266803401,443,0.8630745046,0.02908578693
288,1,0,0.2266803401,444,0.8628373441,0.0291331289
288,1,0,0.2266803401,445,0.8625975616,0.02918322609
288,1,0,0.2266803401,446,0.8623541606,0.02923423533
288,1,0,0.2266803401,447,0.8621045402,0.02928911285
288,1,0,0.2266803401,448,0.8618555361,0.0293451362
288,1,0,0.2266803401,449,0.8616041297,0.02940118338
288,1,0,0.2266803401,450,0.8613596555,0.02945645525
288,1,0,0.2266803401,451,0.8611172191,0.02950951989
288,1,0,0.2266803401,452,0.8608744806,0.02956309177
288,1,0,0.2266803401,453,0.8606322351,0.0296179755
288,1,0,0.2266803401,454,0.8603934794,0.02967314626
288,1,0,0.2266803401,455,0.8601534275,0.02972886083
288,1,0,0.2266803401,456,0.8599154237,0.02978704704
288,1,0,0.2266803401,457,0.8596756851,0.02984517187
288,1,0,0.2266803401,458,0.8594325055,0.0299032343
288,1,0,0.2266803401,459,0.8591901357,0.02996192371
288,1,0,0.2266803401,460,0.8589577736,0.03001979569
288,1,0,0.2266803401,461,0.8587259345,0.03007512479
288,1,0,0.2266803401,462,0.8584856748,0.03013288029
288,1,0,0.2266803401,463,0.8582438504,0.03019185048
288,1,0,0.2266803401,464,0.8579984706,0.03025312746
288,1,0,0.2266803401,465,0.8577575608,0.0303114541
288,1,0,0.2266803401,466,0.8575166671,0.03037194106
288,1,0,0.2266803401,467,0.8572756629,0.03043317282
288,1,0,0.2266803401,468,0.8570317391,0.03049529704
288,1,0,0.2266803401,469,0.856790384,0.0305536184
288,1,0,0.2266803401,470,0.856548813,0.03060840451
288,1,0,0.2266803401,471,0.8563128864,0.03066034638
288,1,0,0.2266803401,472,0.8560841824,0.03070650373
288,1,0,0.2266803401,473,0.8558595258,0.03074892958
288,1,0,0.2266803401,474,0.8556317487,0.03079044415
288,1,0,0.2266803401,475,0.8554038221,0.03082996115
288,1,0,0.2266803401,476,0.8551677054,0.03087273296
288,1,0,0.2266803401,477,0.8549373976,0.03091738112
288,1,0,0.2266803401,478,0.8547104645,0.03096281349
288,1,0,0.2266803401,479,0.8544791087,0.03101178968
288,1,0,0.2266803401,480,0.8542460318,0.03106247103
288,1,0,0.2266803401,481,0.8540108444,0.03111219933
288,1,0,0.2266803401,482,0.853773561,0.03116295277
288,1,0,0.2266803401,483,0.8535377916,0.03121188947
288,1,0,0.2266803401,484,0.8533065397,0.03126116712
288,1,0,0.2266803401,485,0.8530684335,0.03131324909
288,1,0,0.2266803401,486,0.8528254532,0.03136728738
288,1,0,0.2266803401,487,0.8525849371,0.03141921128
288,1,0,0.2266803401,488,0.8523590724,0.03146703168
288,1,0,0.2266803401,489,0.852135123,0.03151350523
288,1,0,0.2266803401,490,0.8519085149,0.03156240412
288,1,0,0.2266803401,491,0.8516820333,0.03161525353
288,1,0,0.2266803401,492,0.8514607238,0.03166736015
288,1,0,0.2266803401,493,0.8512382485,0.03172287435
288,1,0,0.2266803401,494,0.8510090066,0.03178142984
288,1,0,0.2266803401,495,0.8507842411,0.03183948893
288,1,0,0.2266803401,496,0.850559477,0.03189398922
288,1,0,0.2266803401,497,0.8503264895,0.03195141722
288,1,0,0.2266803401,498,0.8500968882,0.03200752131
288,1,0,0.2266803401,499,0.8498711849,0.03205905195
288,1,0,0.2266803401,500,0.8496545472,0.0321072124
288,1,0,0.2266803401,501,0.8494375532,0.03215586794
288,1,0,0.2266803401,502,0.8492230177,0.03220389393
288,1,0,0.2266803401,503,0.8490087415,0.03225598727
288,1,0,0.2266803401,504,0.8487932705,0.03231099857
288,1,0,0.2266803401,505,0.8485681026,0.03236934509
288,1,0,0.2266803401,506,0.8483472497,0.03242490148
288,1,0,0.2266803401,507,0.8481267213,0.0324788461
288,1,0,0.2266803401,508,0.847903798,0.03253320301
288,1,0,0.2266803401,509,0.8476844552,0.03258573996
288,1,0,0.2266803401,510,0.8474615578,0.03263624539
288,1,0,0.2266803401,511,0.8472431207,0.03268166956
288,1,0,0.2266803401,512,0.8470269394,0.03272573347
288,1,0,0.2266803401,513,0.8468112881,0.03276634333
288,1,0,0.2266803401,514,0.8465906405,0.03280820704
288,1,0,0.2266803401,515,0.8463747238,0.03285058025
288,1,0,0.2266803401,516,0.8461689303,0.03288993591
288,1,0,0.2266803401,517,0.8459701776,0.03292644365
288,1,0,0.2266803401,518,0.845770936,0.03296460155
288,1,0,0.2266803401,519,0.8455744523,0.03300370481
288,1,0,0.2266803401,520,0.8453810978,0.03304181872
288,1,0,0.2266803401,521,0.8451833623,0.03308282619
288,1,0,0.2266803401,522,0.8449815853,0.0331267242
288,1,0,0.2266803401,523,0.8447785274,0.03317266856
288,1,0,0.2266803401,524,0.8445737972,0.03321879117
288,1,0,0.2266803401,525,0.844367318,0.0332666698
288,1,0,0.2266803401,526,0.8441673934,0.0333087401
288,1,0,0.2266803401,527,0.8439709244,0.03335101613
288,1,0,0.2266803401,528,0.8437768271,0.03339334214
288,1,0,0.2266803401,529,0.8435816032,0.03343783297
288,1,0,0.2266803401,530,0.8433744859,0.03348622772
288,1,0,0.2266803401,531,0.8431721513,0.03352952048
288,1,0,0.2266803401,532,0.8429677916,0.03357099539
288,1,0,0.2266803401,533,0.8427645695,0.0336132876
288,1,0,0.2266803401,534,0.8425509847,0.03365856117
288,1,0,0.2266803401,535,0.842337028,0.0337047676
288,1,0,0.2266803401,536,0.8421209391,0.03374973702
288,1,0,0.2266803401,537,0.8419071468,0.03379223119
288,1,0,0.2266803401,538,0.841699978,0.03383401591
288,1,0,0.2266803401,539,0.8414947787,0.03387469808
288,1,0,0.2266803401,540,0.841282357,0.03391728137
288,1,0,0.2266803401,541,0.8410667959,0.03396212329
288,1,0,0.2266803401,542,0.8408457555,0.03400649942
288,1,0,0.2266803401,543,0.8406261698,0.03404736245
288,1,0,0.2266803401,544,0.8404031484,0.03409122252
288,1,0,0.2266803401,545,0.8401737489,0.03413758961
288,1,0,0.2266803401,546,0.839940574,0.03418476883
288,1,0,0.2266803401,547,0.8397072665,0.0342309845
288,1,0,0.2266803401,548,0.8394752354,0.03427645333
288,1,0,0.2266803401,549,0.8392388939,0.03432324062
288,1,0,0.2266803401,550,0.839009428,0.03437083053
288,1,0,0.2266803401,551,0.83877215,0.03442256276
288,1,0,0.2266803401,552,0.8385267148,0.03447426669
288,1,0,0.2266803401,553,0.8382849782,0.03452619372
288,1,0,0.2266803401,554,0.8380485335,0.03457514106
288,1,0,0.2266803401,555,0.8378142888,0.03462307616
288,1,0,0.2266803401,556,0.8375759886,0.03467264137
288,1,0,0.2266803401,557,0.8373440212,0.03471877555
288,1,0,0.2266803401,558,0.8371045137,0.03476551495
288,1,0,0.2266803401,559,0.8368642994,0.03481275694
288,1,0,0.2266803401,560,0.8366293124,0.03485944408
288,1,0,0.2266803401,561,0.8363963511,0.03490667565
288,1,0,0.2266803401,562,0.8361583508,0.03495291406
288,1,0,0.2266803401,563,0.8359221531,0.03499652006
288,1,0,0.2266803401,564,0.8356881923,0.035040938
288,1,0,0.2266803401,565,0.8354535352,0.03508594168
288,1,0,0.2266803401,566,0.8352157856,0.03513531849
288,1,0,0.2266803401,567,0.8349769231,0.0351877806
288,1,0,0.2266803401,568,0.8347331621,0.03523945334
288,1,0,0.2266803401,569,0.834491868,0.03529126331
288,1,0,0.2266803401,570,0.8342553617,0.03534321898
288,1,0,0.2266803401,571,0.8340186905,0.03539678814
288,1,0,0.2266803401,572,0.8337887291,0.03544493423
288,1,0,0.2266803401,573,0.8335663766,0.03549044284
288,1,0,0.2266803401,574,0.8333468377,0.03553564743
288,1,0,0.2266803401,575,0.8331251732,0.03557936825
288,1,0,0.2266803401,576,0.8329048607,0.03561979839
288,1,0,0.2266803401,577,0.8326847535,0.03566196208
288,1,0,0.2266803401,578,0.8324624311,0.03570366438
288,1,0,0.2266803401,579,0.8322372765,0.03574791338
288,1,0,0.2266803401,580,0.8320139211,0.03578875437
288,1,0,0.2266803401,581,0.8317882587,0.0358276433
288,1,0,0.2266803401,582,0.8315587571,0.03586840572
288,1,0,0.2266803401,583,0.831327448,0.03590827671
288,1,0,0.2266803401,584,0.8310983045,0.03594681017
288,1,0,0.2266803401,585,0.8308747041,0.03598405207
288,1,0,0.2266803401,586,0.8306495714,0.03602245199
288,1,0,0.2266803401,587,0.8304187595,0.03606167751
288,1,0,0.2266803401,588,0.830182425,0.03610288694
288,1,0,0.2266803401,589,0.8299539497,0.03613998194
288,1,0,0.2266803401,590,0.8297296337,0.03617532235
288,1,0,0.2266803401,591,0.8294981321,0.03621426356
288,1,0,0.2266803401,592,0.829266998,0.03625679674
288,1,0,0.2266803401,593,0.8290329043,0.03630107388
288,1,0,0.2266803401,594,0.8288006777,0.03634294579
288,1,0,0.2266803401,595,0.8285651163,0.03638347674
288,1,0,0.2266803401,596,0.8283288177,0.03642244935
288,1,0,0.2266803401,597,0.8280928333,0.03646227633
288,1,0,0.2266803401,598,0.8278507399,0.03650533128
288,1,0,0.2266803401,599,0.8276083574,0.03654496266
288,1,0,0.2266803401,600,0.8273685383,0.03658517289
288,1,0,0.2266803401,601,0.827130033,0.03662930881
288,1,0,0.2266803401,602,0.8268902707,0.03667564378
288,1,0,0.2266803401,603,0.8266516568,0.03671971246
288,1,0,0.2266803401,604,0.8264179841,0.03676017752
288,1,0,0.2266803401,605,0.8261855868,0.03679888729
288,1,0,0.2266803401,606,0.8259442893,0.03684027129
288,1,0,0.2266803401,607,0.8257068322,0.03688150226
288,1,0,0.2266803401,608,0.8254716324,0.03692114737
288,1,0,0.2266803401,609,0.825242672,0.03696285166
288,1,0,0.2266803401,610,0.825008263,0.03700668263
288,1,0,0.2266803401,611,0.8247728529,0.03705257159
288,1,0,0.2266803401,612,0.8245351186,0.03710026151
288,1,0,0.2266803401,613,0.8242957975,0.0371507567
288,1,0,0.2266803401,614,0.8240517306,0.03720080181
288,1,0,0.2266803401,615,0.8238065679,0.03724904306
288,1,0,0.2266803401,616,0.8235708661,0.03729207016
288,1,0,0.2266803401,617,0.8233322066,0.03733715397
288,1,0,0.2266803401,618,0.8230919469,0.03738534133
288,1,0,0.2266803401,619,0.8228520059,0.03743151429
288,1,0,0.2266803401,620,0.8226199307,0.03747391267
288,1,0,0.2266803401,621,0.8223876975,0.03752111467
288,1,0,0.2266803401,622,0.8221600793,0.03756776726
288,1,0,0.2266803401,623,0.82192875,0.03761613609
288,1,0,0.2266803401,624,0.8216957647,0.03766180101
288,1,0,0.2266803401,625,0.821462885,0.03770774118
288,1,0,0.2266803401,626,0.8212263376,0.03775687196
288,1,0,0.2266803401,627,0.8209897809,0.03780605552
288,1,0,0.2266803401,628,0.8207541182,0.03785104922
288,1,0,0.2266803401,629,0.8205141256,0.03789531596
288,1,0,0.2266803401,630,0.8202673213,0.0379406096
288,1,0,0.2266803401,631,0.8200237765,0.03798482464
288,1,0,0.2266803401,632,0.8197790402,0.03802741393
288,1,0,0.2266803401,633,0.8195434269,0.03806562372
288,1,0,0.2266803401,634,0.8193079853,0.03810532956
288,1,0,0.2266803401,635,0.8190638085,0.03814550896
288,1,0,0.2266803401,636,0.8188205018,0.03818359528
288,1,0,0.2266803401,637,0.8185739464,0.03822268467
288,1,0,0.2266803401,638,0.8183266549,0.03826349776
288,1,0,0.2266803401,639,0.818072285,0.03830621896
288,1,0,0.2266803401,640,0.8178159541,0.03834953087
288,1,0,0.2266803401,641,0.817561776,0.03839327414
288,1,0,0.2266803401,642,0.81730814,0.03843680863
288,1,0,0.2266803401,643,0.8170449354,0.03848578344
288,1,0,0.2266803401,644,0.8167812908,0.0385344955
288,1,0,0.2266803401,645,0.8165180291,0.03858076958
288,1,0,0.2266803401,646,0.816257408,0.03862733335
288,1,0,0.2266803401,647,0.8159956893,0.03867227172
288,1,0,0.2266803401,648,0.8157358047,0.03871791635
288,1,0,0.2266803401,649,0.815479768,0.03876461808
288,1,0,0.2266803401,650,0.8152177051,0.03881297464
288,1,0,0.2266803401,651,0.8149540311,0.03886200457
288,1,0,0.2266803401,652,0.8146872714,0.03891617377
288,1,0,0.2266803401,653,0.8144226381,0.03897045378
288,1,0,0.2266803401,654,0.8141634599,0.03902243955
288,1,0,0.2266803401,655,0.813906894,0.03907291938
288,1,0,0.2266803401,656,0.8136538362,0.0391208776
288,1,0,0.2266803401,657,0.8134032735,0.03917013768
288,1,0,0.2266803401,658,0.8131473049,0.03922140208
288,1,0,0.2266803401,659,0.8128926078,0.03927120897
288,1,0,0.2266803401,660,0.8126350226,0.03932445693
288,1,0,0.2266803401,661,0.8123811059,0.03937644445
288,1,0,0.2266803401,662,0.8121300759,0.03942816757
288,1,0,0.2266803401,663,0.8118781078,0.03948133871
288,1,0,0.2266803401,664,0.8116280761,0.03953140577
288,1,0,0.2266803401,665,0.8113711126,0.03958257116
288,1,0,0.2266803401,666,0.8111145269,0.03963534968
288,1,0,0.2266803401,667,0.8108556148,0.0396858746
288,1,0,0.2266803401,668,0.8106002323,0.03973210579
288,1,0,0.2266803401,669,0.8103459815,0.03977669771
288,1,0,0.2266803401,670,0.8100905319,0.03982317002
288,1,0,0.2266803401,671,0.8098312641,0.03987109124
288,1,0,0.2266803401,672,0.8095652456,0.03992248386
288,1,0,0.2266803401,673,0.8093023766,0.03997274871
288,1,0,0.2266803401,674,0.8090405081,0.04002112559
288,1,0,0.2266803401,675,0.8087826232,0.0400668316
288,1,0,0.2266803401,676,0.8085218031,0.04011386976
288,1,0,0.2266803401,677,0.8082652238,0.04016076431
288,1,0,0.2266803401,678,0.8080148605,0.04020557328
288,1,0,0.2266803401,679,0.8077653624,0.04025097904
288,1,0,0.2266803401,680,0.8075105526,0.04029927306
288,1,0,0.2266803401,681,0.8072607854,0.04034768725
288,1,0,0.2266803401,682,0.8070072839,0.04039743218
288,1,0,0.2266803401,683,0.8067513583,0.04044963162
288,1,0,0.2266803401,684,0.8064991689,0.04049992301
288,1,0,0.2266803401,685,0.8062521081,0.04054801278
288,1,0,0.2266803401,686,0.8060040155,0.04059868046
288,1,0,0.2266803401,687,0.805756796,0.04064768858
288,1,0,0.2266803401,688,0.8055085865,0.04069666242
288,1,0,0.2266803401,689,0.805255612,0.04074546795
288,1,0,0.2266803401,690,0.8050034417,0.04079203075
288,1,0,0.2266803401,691,0.8047518811,0.04083883541
288,1,0,0.2266803401,692,0.8045040859,0.04088308882
288,1,0,0.2266803401,693,0.8042586736,0.04092445216
288,1,0,0.2266803401,694,0.8040177785,0.04096126545
288,1,0,0.2266803401,695,0.8037763925,0.04099689455
288,1,0,0.2266803401,696,0.803536244,0.04103423574
288,1,0,0.2266803401,697,0.8032931579,0.04107275308
288,1,0,0.2266803401,698,0.8030475337,0.04111259193
288,1,0,0.2266803401,699,0.802805132,0.04115000298
288,1,0,0.2266803401,700,0.8025636942,0.04118691781
288,1,0,0.2266803401,701,0.8023290282,0.04121876284
288,1,0,0.2266803401,702,0.8020931637,0.0412507018
288,1,0,0.2266803401,703,0.8018564365,0.04128432543
288,1,0,0.2266803401,704,0.8016208442,0.04131601449
288,1,0,0.2266803401,705,0.8013783026,0.04134993927
288,1,0,0.2266803401,706,0.8011363629,0.04138190585
288,1,0,0.2266803401,707,0.8008944308,0.04141265722
288,1,0,0.2266803401,708,0.8006538349,0.04144360104
288,1,0,0.2266803401,709,0.8004089671,0.04147351572
288,1,0,0.2266803401,710,0.8001684611,0.04150710481
288,1,0,0.2266803401,711,0.7999319276,0.04153892116
288,1,0,0.2266803401,712,0.7996885558,0.04157216639
288,1,0,0.2266803401,713,0.799436514,0.04160425716
288,1,0,0.2266803401,714,0.7991871701,0.04163565869
288,1,0,0.2266803401,715,0.7989449717,0.04166648935
288,1,0,0.2266803401,716,0.7987101245,0.04169741026
288,1,0,0.2266803401,717,0.7984717,0.04172740608
288,1,0,0.2266803401,718,0.7982387456,0.04175395187
288,1,0,0.2266803401,719,0.7980158396,0.04178014901
288,1,0,0.2266803401,720,0.7977925524,0.0418087055
288,1,0,0.2266803401,721,0.7975624809,0.04184102131
288,1,0,0.2266803401,722,0.7973328661,0.04187539948
288,1,0,0.2266803401,723,0.7971065173,0.04190807558
288,1,0,0.2266803401,724,0.7968833781,0.04193880077
288,1,0,0.2266803401,725,0.7966596716,0.04196915054
288,1,0,0.2266803401,726,0.7964358269,0.04199940005
288,1,0,0.2266803401,727,0.7962058951,0.04203059587
288,1,0,0.2266803401,728,0.7959755865,0.04206517161
288,1,0,0.2266803401,729,0.7957474087,0.04209578135
288,1,0,0.2266803401,730,0.7955218167,0.04212495623
288,1,0,0.2266803401,731,0.7952925814,0.04215784972
288,1,0,0.2266803401,732,0.7950623868,0.04219063243
288,1,0,0.2266803401,733,0.7948360525,0.04222116913
288,1,0,0.2266803401,734,0.7946069534,0.04225093056
288,1,0,0.2266803401,735,0.7943722784,0.04228544014
288,1,0,0.2266803401,736,0.7941353489,0.04232122408
288,1,0,0.2266803401,737,0.7938980164,0.04235792339
288,1,0,0.2266803401,738,0.7936557058,0.04239462969
288,1,0,0.2266803401,739,0.7934116782,0.04243559668
288,1,0,0.2266803401,740,0.7931710042,0.04247795926
288,1,0,0.2266803401,741,0.7929301123,0.04251981183
288,1,0,0.2266803401,742,0.7926944269,0.04255880138
288,1,0,0.2266803401,743,0.7924623609,0.04259570316
288,1,0,0.2266803401,744,0.7922337854,0.04263282533
288,1,0,0.2266803401,745,0.7920068777,0.04266964073
288,1,0,0.2266803401,746,0.7917838002,0.04270462223
288,1,0,0.2266803401,747,0.7915613185,0.0427399516
288,1,0,0.2266803401,748,0.7913384678,0.04277529083
288,1,0,0.2266803401,749,0.7911185842,0.04280749804
288,1,0,0.2266803401,750,0.7908955172,0.04284419379
288,1,0,0.2266803401,751,0.7906724637,0.04288196026
288,1,0,0.2266803401,752,0.790449072,0.04292030787
288,1,0,0.2266803401,753,0.7902225077,0.04296009884
288,1,0,0.2266803401,754,0.789993938,0.04300145473
288,1,0,0.2266803401,755,0.78976138,0.04304836122
288,1,0,0.2266803401,756,0.7895258144,0.0430958973
288,1,0,0.2266803401,757,0.7892952653,0.04314164101
288,1,0,0.2266803401,758,0.78906656,0.04318544956
288,1,0,0.2266803401,759,0.7888339578,0.04322761565
288,1,0,0.2266803401,760,0.788599816,0.04326840733
288,1,0,0.2266803401,761,0.788361394,0.0433135723
288,1,0,0.2266803401,762,0.7881242579,0.04335909943
288,1,0,0.2266803401,763,0.7878884797,0.04340753099
288,1,0,0.2266803401,764,0.7876538306,0.04345301989
288,1,0,0.2266803401,765,0.7874289294,0.0434931915
288,1,0,0.2266803401,766,0.7872080051,0.04353458405
288,1,0,0.2266803401,767,0.7869895381,0.04357454976
288,1,0,0.2266803401,768,0.7867670548,0.0436178432
288,1,0,0.2266803401,769,0.7865409487,0.04366392167
288,1,0,0.2266803401,770,0.7863172569,0.04370935878
288,1,0,0.2266803401,771,0.7860963468,0.04375297365
288,1,0,0.2266803401,772,0.7858722453,0.04379693178
288,1,0,0.2266803401,773,0.7856461117,0.04384157404
288,1,0,0.2266803401,774,0.7854168488,0.0438864982
288,1,0,0.2266803401,775,0.7851847067,0.04393315825
288,1,0,0.2266803401,776,0.7849529308,0.0439814509
288,1,0,0.2266803401,777,0.7847243526,0.04402614795
288,1,0,0.2266803401,778,0.7844926152,0.0440685
288,1,0,0.2266803401,779,0.784269531,0.04410921457
288,1,0,0.2266803401,780,0.7840415522,0.04415335702
288,1,0,0.2266803401,781,0.783818148,0.04419601519
288,1,0,0.2266803401,782,0.7835889822,0.04424099652
288,1,0,0.2266803401,783,0.7833574165,0.0442861523
288,1,0,0.2266803401,784,0.7831273699,0.04433322411
288,1,0,0.2266803401,785,0.7828990835,0.04437708449
288,1,0,0.2266803401,786,0.7826624121,0.04442792513
288,1,0,0.2266803401,787,0.7824265693,0.04447893517
288,1,0,0.2266803401,788,0.7821925213,0.04452715703
288,1,0,0.2266803401,789,0.7819613142,0.04457506906
288,1,0,0.2266803401,790,0.7817288431,0.04462263344
288,1,0,0.2266803401,791,0.7814960959,0.04466749421
288,1,0,0.2266803401,792,0.7812688665,0.04470785755
288,1,0,0.2266803401,793,0.781039633,0.04475062887
288,1,0,0.2266803401,794,0.7808051025,0.04479488802
288,1,0,0.2266803401,795,0.7805723763,0.04483764782
288,1,0,0.2266803401,796,0.7803409641,0.04488009516
288,1,0,0.2266803401,797,0.7801086899,0.04492253409
288,1,0,0.2266803401,798,0.7798826969,0.04496428106
288,1,0,0.2266803401,799,0.7796597958,0.04500689287
288,1,0,0.2266803401,800,0.7794287417,0.0450531622
288,1,0,0.2266803401,801,0.7791988729,0.04509878351
288,1,0,0.2266803401,802,0.7789755746,0.0451426722
288,1,0,0.2266803401,803,0.7787517759,0.04518642452
288,1,0,0.2266803401,804,0.778531443,0.04522835386
288,1,0,0.2266803401,805,0.7783135027,0.04527011407
288,1,0,0.2266803401,806,0.7780831655,0.04531632575
288,1,0,0.2266803401,807,0.7778582026,0.04535734563
288,1,0,0.2266803401,808,0.7776306184,0.04540236255
288,1,0,0.2266803401,809,0.7774025622,0.04544617478
288,1,0,0.2266803401,810,0.7771801839,0.04548605531
288,1,0,0.2266803401,811,0.7769485411,0.04553051207
288,1,0,0.2266803401,812,0.7767157387,0.0455779141
288,1,0,0.2266803401,813,0.7764857141,0.04562372371
288,1,0,0.2266803401,814,0.7762592002,0.04566679924
288,1,0,0.2266803401,815,0.7760279868,0.04571223135
288,1,0,0.2266803401,816,0.7757917957,0.04575715532
288,1,0,0.2266803401,817,0.7755545308,0.04580376413
288,1,0,0.2266803401,818,0.7753178778,0.0458507096
288,1,0,0.2266803401,819,0.7750820724,0.0458952457
288,1,0,0.2266803401,820,0.7748454512,0.04593932952
288,1,0,0.2266803401,821,0.7746080178,0.04598334947
288,1,0,0.2266803401,822,0.774372516,0.04602518464
288,1,0,0.2266803401,823,0.7741369911,0.04606669337
288,1,0,0.2266803401,824,0.773907065,0.04610818353
288,1,0,0.2266803401,825,0.7736786333,0.04615063206
288,1,0,0.2266803401,826,0.7734486075,0.04619394807
288,1,0,0.2266803401,827,0.7732285658,0.04623348507
288,1,0,0.2266803401,828,0.7730123136,0.04626981856
288,1,0,0.2266803401,829,0.7727950288,0.04630506548
288,1,0,0.2266803401,830,0.772576409,0.04634418811
288,1,0,0.2266803401,831,0.7723559885,0.04638384181
288,1,0,0.2266803401,832,0.7721420493,0.04642321534
288,1,0,0.2266803401,833,0.7719377691,0.04645932898
288,1,0,0.2266803401,834,0.7717316609,0.04649821743
288,1,0,0.2266803401,835,0.7715207336,0.04653821
288,1,0,0.2266803401,836,0.7713108939,0.04657848277
288,1,0,0.2266803401,837,0.7711010233,0.04662130375
288,1,0,0.2266803401,838,0.7708858609,0.04666398594
288,1,0,0.2266803401,839,0.7706634031,0.04670666424
288,1,0,0.2266803401,840,0.7704390861,0.04675259453
288,1,0,0.2266803401,841,0.7702157448,0.04679997559
288,1,0,0.2266803401,842,0.7699937652,0.04684743487
288,1,0,0.2266803401,843,0.7697750304,0.04689562108
288,1,0,0.2266803401,844,0.7695535328,0.04694462223
288,1,0,0.2266803401,845,0.7693339197,0.04699127499
288,1,0,0.2266803401,846,0.7691105245,0.04703865962
288,1,0,0.2266803401,847,0.7688895335,0.04708251907
288,1,0,0.2266803401,848,0.7686701929,0.04712560818
288,1,0,0.2266803401,849,0.7684600096,0.04716691793
288,1,0,0.2266803401,850,0.7682384418,0.04721179322
288,1,0,0.2266803401,851,0.7680183787,0.04725625561
288,1,0,0.2266803401,852,0.7677985624,0.04729914105
288,1,0,0.2266803401,853,0.7675782105,0.04734483912
288,1,0,0.2266803401,854,0.7673578902,0.04739193324
288,1,0,0.2266803401,855,0.7671336958,0.04743725137
288,1,0,0.2266803401,856,0.7669081398,0.04748371117
288,1,0,0.2266803401,857,0.766687972,0.04752763715
288,1,0,0.2266803401,858,0.7664656013,0.04757505856
288,1,0,0.2266803401,859,0.7662372843,0.04762322071
288,1,0,0.2266803401,860,0.7660157166,0.04766918755
288,1,0,0.2266803401,861,0.7657841949,0.04771624914
288,1,0,0.2266803401,862,0.7655551194,0.04776315403
288,1,0,0.2266803401,863,0.7653300633,0.0478108862
288,1,0,0.2266803401,864,0.7651036031,0.04785845929
288,1,0,0.2266803401,865,0.7648800679,0.04790312783
288,1,0,0.2266803401,866,0.7646634327,0.04794615054
288,1,0,0.2266803401,867,0.7644425616,0.04798926222
288,1,0,0.2266803401,868,0.7642108657,0.04803750425
288,1,0,0.2266803401,869,0.7639809542,0.04808714762
288,1,0,0.2266803401,870,0.7637550439,0.04813574172
288,1,0,0.2266803401,871,0.763531619,0.04818291827
288,1,0,0.2266803401,872,0.7633091523,0.0482278986
288,1,0,0.2266803401,873,0.763089144,0.04827253168
288,1,0,0.2266803401,874,0.7628695905,0.04832176707
288,1,0,0.2266803401,875,0.7626464623,0.04837338968
288,1,0,0.2266803401,876,0.7624275535,0.04842448986
288,1,0,0.2266803401,877,0.7622133738,0.04847295677
288,1,0,0.2266803401,878,0.7619960604,0.04852256053
288,1,0,0.2266803401,879,0.7617807698,0.04857142611
288,1,0,0.2266803401,880,0.7615680112,0.04862148078
288,1,0,0.2266803401,881,0.7613600357,0.04867006442
288,1,0,0.2266803401,882,0.7611486176,0.0487174925
288,1,0,0.2266803401,883,0.7609363758,0.0487654618
288,1,0,0.2266803401,884,0.7607248727,0.04881350014
288,1,0,0.2266803401,885,0.7605130929,0.04886069248
288,1,0,0.2266803401,886,0.7603065238,0.04890537575
288,1,0,0.2266803401,887,0.7601052282,0.04894678988
288,1,0,0.2266803401,888,0.7599101195,0.04898624563
288,1,0,0.2266803401,889,0.7597112587,0.04902801401
288,1,0,0.2266803401,890,0.7595100025,0.04907033416
288,1,0,0.2266803401,891,0.7593061783,0.04911341705
288,1,0,0.2266803401,892,0.7591080035,0.04915712744
288,1,0,0.2266803401,893,0.7589128958,0.04919901728
288,1,0,0.2266803401,894,0.7587211301,0.0492396359
288,1,0,0.2266803401,895,0.7585297618,0.04927860646
288,1,0,0.2266803401,896,0.7583254977,0.04932450739
288,1,0,0.2266803401,897,0.7581222091,0.04937218932
288,1,0,0.2266803401,898,0.7579179443,0.04941753966
288,1,0,0.2266803401,899,0.7577108807,0.04946131384
288,1,0,0.2266803401,900,0.7575082639,0.04950146997
288,1,0,0.2266803401,901,0.7573110285,0.0495386418
288,1,0,0.2266803401,902,0.7571131627,0.04957475473
288,1,0,0.2266803401,903,0.756913488,0.04961141838
288,1,0,0.2266803401,904,0.756718719,0.04964676356
288,1,0,0.2266803401,905,0.7565267145,0.04968114807
288,1,0,0.2266803401,906,0.7563429334,0.04971617199
288,1,0,0.2266803401,907,0.7561493416,0.04975550747
288,1,0,0.2266803401,908,0.7559485546,0.04979859772
288,1,0,0.2266803401,909,0.7557481223,0.04984316847
288,1,0,0.2266803401,910,0.7555558649,0.04988506109
288,1,0,0.2266803401,911,0.7553623339,0.04992715324
288,1,0,0.2266803401,912,0.755168982,0.04996863822
288,1,0,0.2266803401,913,0.7549728693,0.05001177902
288,1,0,0.2266803401,914,0.7547721157,0.05005351289
288,1,0,0.2266803401,915,0.7545775759,0.05009267333
288,1,0,0.2266803401,916,0.7543737209,0.05013181819
288,1,0,0.2266803401,917,0.754165329,0.05017266907
288,1,0,0.2266803401,918,0.7539548739,0.05021434197
288,1,0,0.2266803401,919,0.7537473043,0.05025661395
288,1,0,0.2266803401,920,0.7535369531,0.05030269027
288,1,0,0.2266803401,921,0.753325617,0.05034959162
288,1,0,0.2266803401,922,0.7531127496,0.05039625731
288,1,0,0.2266803401,923,0.7529011483,0.05044478789
288,1,0,0.2266803401,924,0.7526845173,0.0504951731
288,1,0,0.2266803401,925,0.7524699705,0.05054299136
288,1,0,0.2266803401,926,0.7522459176,0.0505921167
288,1,0,0.2266803401,927,0.7520223241,0.05064043572
288,1,0,0.2266803401,928,0.7518075861,0.05068171082
288,1,0,0.2266803401,929,0.751593131,0.05072275468
288,1,0,0.2266803401,930,0.7513785429,0.05076579218
288,1,0,0.2266803401,931,0.7511579581,0.05081284556
288,1,0,0.2266803401,932,0.7509433678,0.05085626245
288,1,0,0.2266803401,933,0.7507296584,0.05090007165
288,1,0,0.2266803401,934,0.7505163192,0.05094568668
288,1,0,0.2266803401,935,0.750310292,0.05099049887
288,1,0,0.2266803401,936,0.7500967045,0.05103833108
288,1,0,0.2266803401,937,0.7498819946,0.05108848306
288,1,0,0.2266803401,938,0.7496622965,0.05113798229
288,1,0,0.2266803401,939,0.7494411776,0.05118788693
288,1,0,0.2266803401,940,0.7492248582,0.0512349968
288,1,0,0.2266803401,941,0.7490068742,0.05128392416
288,1,0,0.2266803401,942,0.7487918044,0.05133088651
288,1,0,0.2266803401,943,0.7485773632,0.051376814
288,1,0,0.2266803401,944,0.7483629322,0.05142472489
288,1,0,0.2266803401,945,0.7481456729,0.05147258838
288,1,0,0.2266803401,946,0.7479314216,0.05151837117
288,1,0,0.2266803401,947,0.7477184299,0.05156468316
288,1,0,0.2266803401,948,0.7475098233,0.05160828145
288,1,0,0.2266803401,949,0.7473011986,0.05165140439
288,1,0,0.2266803401,950,0.7470930823,0.05169937082
288,1,0,0.2266803401,951,0.7468796582,0.05174674198
288,1,0,0.2266803401,952,0.7466726513,0.05179377017
288,1,0,0.2266803401,953,0.7464705401,0.05184276737
288,1,0,0.2266803401,954,0.7462710453,0.05189044749
288,1,0,0.2266803401,955,0.7460689435,0.0519378966
288,1,0,0.2266803401,956,0.7458638086,0.05198809213
288,1,0,0.2266803401,957,0.7456613264,0.05203896193
288,1,0,0.2266803401,958,0.7454662792,0.05209149117
288,1,0,0.2266803401,959,0.7452692277,0.05214200488
288,1,0,0.2266803401,960,0.7450756552,0.05218954281
288,1,0,0.2266803401,961,0.7448807569,0.05223673612
288,1,0,0.2266803401,962,0.7446889109,0.0522809676
288,1,0,0.2266803401,963,0.744500894,0.05232556346
288,1,0,0.2266803401,964,0.7443061504,0.05237335497
288,1,0,0.2266803401,965,0.7441013222,0.05242243449
288,1,0,0.2266803401,966,0.7438917017,0.05246986842
288,1,0,0.2266803401,967,0.7436807838,0.05251579783
288,1,0,0.2266803401,968,0.7434777319,0.05255786358
288,1,0,0.2266803401,969,0.7432746123,0.05260191976
288,1,0,0.2266803401,970,0.7430759502,0.05264312898
288,1,0,0.2266803401,971,0.7428724095,0.05268239917
288,1,0,0.2266803401,972,0.742670209,0.05272088164
288,1,0,0.2266803401,973,0.7424711839,0.05275824478
288,1,0,0.2266803401,974,0.7422759619,0.0527953235
288,1,0,0.2266803401,975,0.7420834886,0.05282958178
288,1,0,0.2266803401,976,0.7418922271,0.05286681037
288,1,0,0.2266803401,977,0.7417001679,0.05290363077
288,1,0,0.2266803401,978,0.7415083542,0.05294017229
288,1,0,0.2266803401,979,0.7413179787,0.05297502873
288,1,0,0.2266803401,980,0.7411249508,0.05300722777
288,1,0,0.2266803401,981,0.7409323289,0.05304230941
288,1,0,0.2266803401,982,0.7407398214,0.05307860131
288,1,0,0.2266803401,983,0.7405468843,0.05311519731
288,1,0,0.2266803401,984,0.7403601921,0.05315180413
288,1,0,0.2266803401,985,0.7401737614,0.05318519927
288,1,0,0.2266803401,986,0.7399741509,0.05322297984
288,1,0,0.2266803401,987,0.7397728671,0.05326182573
288,1,0,0.2266803401,988,0.7395756585,0.05329964417
288,1,0,0.2266803401,989,0.7393846328,0.05333609797
288,1,0,0.2266803401,990,0.7391917337,0.05337244805
288,1,0,0.2266803401,991,0.7389950033,0.05340957916
288,1,0,0.2266803401,992,0.7388022912,0.05344620336
288,1,0,0.2266803401,993,0.7386077879,0.05348503781
288,1,0,0.2266803401,994,0.7384206061,0.05352094831
288,1,0,0.2266803401,995,0.7382339559,0.05355360226
288,1,0,0.2266803401,996,0.7380445012,0.05359020441
288,1,0,0.2266803401,997,0.7378474527,0.05362984089
288,1,0,0.2266803401,998,0.7376556455,0.0536661839
288,1,0,0.2266803401,999,0.7374687116,0.0537008345
288,1,0,0.2266803401,1000,0.737288037,0.05373674087
288,1,0,0.2266803401,1001,0.7371014385,0.05377602213
288,1,0,0.2266803401,1002,0.7369093899,0.05381726912
288,1,0,0.2266803401,1003,0.7367155615,0.05385868358
288,1,0,0.2266803401,1004,0.7365147899,0.05390514666
288,1,0,0.2266803401,1005,0.7363192346,0.05394704105
288,1,0,0.2266803401,1006,0.736120913,0.05399141069
288,1,0,0.2266803401,1007,0.7359310056,0.0540327104
288,1,0,0.2266803401,1008,0.7357397714,0.05407452226
288,1,0,0.2266803401,1009,0.7355431214,0.05411679559
288,1,0,0.2266803401,1010,0.7353526747,0.05415200857
288,1,0,0.2266803401,1011,0.7351573493,0.05418941877
288,1,0,0.2266803401,1012,0.7349549522,0.05423362968
288,1,0,0.2266803401,1013,0.7347544338,0.05427692878
288,1,0,0.2266803401,1014,0.7345570966,0.05431843524
288,1,0,0.2266803401,1015,0.7343604965,0.05435998493
288,1,0,0.2266803401,1016,0.7341622484,0.0544030153
288,1,0,0.2266803401,1017,0.7339638378,0.05444717022
288,1,0,0.2266803401,1018,0.7337629213,0.05449489556
288,1,0,0.2266803401,1019,0.7335576098,0.05454184466
288,1,0,0.2266803401,1020,0.733352731,0.05459014261
288,1,0,0.2266803401,1021,0.7331389179,0.05464202296
288,1,0,0.2266803401,1022,0.7329218724,0.05469433857
288,1,0,0.2266803401,1023,0.7327118492,0.054744031
288,1,0,0.2266803401,1024,0.7325093755,0.05479056781
288,1,0,0.2266803401,1025,0.7323085401,0.05483691441
288,1,0,0.2266803401,1026,0.7321069949,0.05488247451
288,1,0,0.2266803401,1027,0.7319022993,0.0549271485
288,1,0,0.2266803401,1028,0.7316970694,0.05497152106
288,1,0,0.2266803401,1029,0.7314870344,0.05502089089
288,1,0,0.2266803401,1030,0.7312787877,0.05507010659
288,1,0,0.2266803401,1031,0.7310714124,0.05512015538
288,1,0,0.2266803401,1032,0.7308666911,0.05516734705
288,1,0,0.2266803401,1033,0.7306569776,0.05521896727
288,1,0,0.2266803401,1034,0.7304438065,0.05527250357
288,1,0,0.2266803401,1035,0.7302313947,0.0553265378
288,1,0,0.2266803401,1036,0.7300228075,0.05537456082
288,1,0,0.2266803401,1037,0.7298144652,0.05542006288
288,1,0,0.2266803401,1038,0.7296040321,0.05546305784
288,1,0,0.2266803401,1039,0.7293961087,0.05550582957
288,1,0,0.2266803401,1040,0.7291835088,0.0555517889
288,1,0,0.2266803401,1041,0.7289708596,0.05559598943
288,1,0,0.2266803401,1042,0.7287561405,0.05564282819
288,1,0,0.2266803401,1043,0.7285371187,0.05569233314
288,1,0,0.2266803401,1044,0.7283229874,0.05573886087
288,1,0,0.2266803401,1045,0.7281080854,0.05578553049
288,1,0,0.2266803401,1046,0.7278943403,0.05583302094
288,1,0,0.2266803401,1047,0.7276778036,0.05588400183
288,1,0,0.2266803401,1048,0.7274648841,0.05593450649
288,1,0,0.2266803401,1049,0.7272550434,0.05598319311
288,1,0,0.2266803401,1050,0.7270505505,0.05602771376
288,1,0,0.2266803401,1051,0.7268484449,0.05607086238
288,1,0,0.2266803401,1052,0.726649754,0.05611048321
288,1,0,0.2266803401,1053,0.7264475043,0.05615256064
288,1,0,0.2266803401,1054,0.726243949,0.05619634286
288,1,0,0.2266803401,1055,0.7260382469,0.05624026261
288,1,0,0.2266803401,1056,0.725830644,0.05628287692
288,1,0,0.2266803401,1057,0.7256246795,0.05632416088
288,1,0,0.2266803401,1058,0.7254197542,0.05636484596
288,1,0,0.2266803401,1059,0.725213546,0.05640448955
288,1,0,0.2266803401,1060,0.7250067031,0.05644669118
288,1,0,0.2266803401,1061,0.7248000305,0.05648973665
288,1,0,0.2266803401,1062,0.7245959649,0.05653004567
288,1,0,0.2266803401,1063,0.7243876233,0.05657473133
288,1,0,0.2266803401,1064,0.724179621,0.05662023815
288,1,0,0.2266803401,1065,0.7239671371,0.05666873586
288,1,0,0.2266803401,1066,0.7237607055,0.05671398934
288,1,0,0.2266803401,1067,0.7235574422,0.05676107771
288,1,0,0.2266803401,1068,0.7233486087,0.05681139139
288,1,0,0.2266803401,1069,0.7231352223,0.05686335863
288,1,0,0.2266803401,1070,0.722920358,0.05691471249
288,1,0,0.2266803401,1071,0.7226973425,0.05697274677
288,1,0,0.2266803401,1072,0.7224782984,0.05703063353
288,1,0,0.2266803401,1073,0.7222708626,0.05708636233
288,1,0,0.2266803401,1074,0.7220603767,0.05714469837
288,1,0,0.2266803401,1075,0.7218524333,0.05719997908
288,1,0,0.2266803401,1076,0.7216447727,0.05725430659
288,1,0,0.2266803401,1077,0.7214307526,0.05731042906
288,1,0,0.2266803401,1078,0.7212220973,0.05736290718
288,1,0,0.2266803401,1079,0.7210141238,0.05741187953
288,1,0,0.2266803401,1080,0.7208055309,0.05746219868
288,1,0,0.2266803401,1081,0.7205961105,0.05751527982
288,1,0,0.2266803401,1082,0.7203763936,0.05757071251
288,1,0,0.2266803401,1083,0.7201619488,0.05762504107
288,1,0,0.2266803401,1084,0.7199535303,0.05767691248
288,1,0,0.2266803401,1085,0.7197525924,0.05772718064
288,1,0,0.2266803401,1086,0.7195561974,0.05778064966
288,1,0,0.2266803401,1087,0.7193548245,0.05783230471
288,1,0,0.2266803401,1088,0.719154096,0.05788259157
288,1,0,0.2266803401,1089,0.7189561496,0.05793477259
288,1,0,0.2266803401,1090,0.7187522816,0.05798580178
288,1,0,0.2266803401,1091,0.7185463203,0.05803324177
288,1,0,0.2266803401,1092,0.7183420286,0.05807858503
288,1,0,0.2266803401,1093,0.7181433208,0.05812158646
288,1,0,0.2266803401,1094,0.7179452808,0.05816389237
288,1,0,0.2266803401,1095,0.7177381704,0.05821045934
288,1,0,0.2266803401,1096,0.7175307811,0.05825378055
288,1,0,0.2266803401,1097,0.7173249912,0.05829798997
288,1,0,0.2266803401,1098,0.7171229713,0.05834146525
288,1,0,0.2266803401,1099,0.7169160247,0.05838942693
288,1,0,0.2266803401,1100,0.7167111853,0.0584364577
288,1,0,0.2266803401,1101,0.7165129486,0.05848314406
288,1,0,0.2266803401,1102,0.7163113753,0.05853164405
288,1,0,0.2266803401,1103,0.7161063278,0.05857505304
288,1,0,0.2266803401,1104,0.7159108269,0.05861355934
288,1,0,0.2266803401,1105,0.7157139763,0.05865378448
288,1,0,0.2266803401,1106,0.7155173946,0.05869567588
288,1,0,0.2266803401,1107,0.7153187952,0.05873801499
288,1,0,0.2266803401,1108,0.7151198633,0.05877600996
288,1,0,0.2266803401,1109,0.7149184401,0.05881399972
288,1,0,0.2266803401,1110,0.7147168988,0.05885067132
288,1,0,0.2266803401,1111,0.7145203185,0.0588885501
288,1,0,0.2266803401,1112,0.7143236555,0.05892594575
288,1,0,0.2266803401,1113,0.7141250419,0.05896435979
288,1,0,0.2266803401,1114,0.7139170745,0.05900981586
288,1,0,0.2266803401,1115,0.7137019253,0.05905918826
288,1,0,0.2266803401,1116,0.7134882727,0.05910619061
288,1,0,0.2266803401,1117,0.7132760581,0.05915389783
288,1,0,0.2266803401,1118,0.7130603209,0.05920237727
288,1,0,0.2266803401,1119,0.7128478789,0.05925044571
288,1,0,0.2266803401,1120,0.7126379724,0.05929784884
288,1,0,0.2266803401,1121,0.7124317685,0.05934546061
288,1,0,0.2266803401,1122,0.7122284494,0.05939263729
288,1,0,0.2266803401,1123,0.7120261959,0.05943591383
288,1,0,0.2266803401,1124,0.7118162124,0.05948320007
288,1,0,0.2266803401,1125,0.7116085457,0.05953136237
288,1,0,0.2266803401,1126,0.7114055375,0.05957812726
288,1,0,0.2266803401,1127,0.711199241,0.0596240173
288,1,0,0.2266803401,1128,0.7109975046,0.05967029932
288,1,0,0.2266803401,1129,0.7108017175,0.0597163726
288,1,0,0.2266803401,1130,0.7106019811,0.05976459365
288,1,0,0.2266803401,1131,0.7104017315,0.05981229531
288,1,0,0.2266803401,1132,0.7102028555,0.05985826118
288,1,0,0.2266803401,1133,0.7100073109,0.05990396247
288,1,0,0.2266803401,1134,0.7098141385,0.05995172037
288,1,0,0.2266803401,1135,0.7096208411,0.05999578701
288,1,0,0.2266803401,1136,0.7094302354,0.06003848519
288,1,0,0.2266803401,1137,0.7092434737,0.06008046554
288,1,0,0.2266803401,1138,0.709059539,0.06012049954
288,1,0,0.2266803401,1139,0.7088747564,0.06015888583
288,1,0,0.2266803401,1140,0.7086927024,0.06019767539
288,1,0,0.2266803401,1141,0.7085069682,0.0602368787
288,1,0,0.2266803401,1142,0.7083092759,0.06027830939
288,1,0,0.2266803401,1143,0.7081087091,0.06032033235
288,1,0,0.2266803401,1144,0.7079049191,0.06036598575
288,1,0,0.2266803401,1145,0.7077048117,0.06041064154
288,1,0,0.2266803401,1146,0.7075059549,0.06045461711
288,1,0,0.2266803401,1147,0.7073162287,0.06049482983
288,1,0,0.2266803401,1148,0.7071341349,0.06053308136
288,1,0,0.2266803401,1149,0.7069483868,0.0605715996
288,1,0,0.2266803401,1150,0.7067556107,0.06060991019
288,1,0,0.2266803401,1151,0.706560398,0.06064804313
288,1,0,0.2266803401,1152,0.7063692897,0.06068617152
288,1,0,0.2266803401,1153,0.7061725418,0.06072816332
288,1,0,0.2266803401,1154,0.7059785048,0.06077065058
288,1,0,0.2266803401,1155,0.7057849662,0.0608123976
288,1,0,0.2266803401,1156,0.7055952441,0.0608525118
288,1,0,0.2266803401,1157,0.7054079209,0.0608892481
288,1,0,0.2266803401,1158,0.7052214745,0.06092468853
288,1,0,0.2266803401,1159,0.7050386918,0.06096068461
288,1,0,0.2266803401,1160,0.7048628844,0.06099190114
288,1,0,0.2266803401,1161,0.7046847273,0.06102522713
288,1,0,0.2266803401,1162,0.7045055962,0.06105654698
288,1,0,0.2266803401,1163,0.7043220811,0.06109140548
288,1,0,0.2266803401,1164,0.7041385762,0.06112750412
288,1,0,0.2266803401,1165,0.7039543628,0.06116619938
288,1,0,0.2266803401,1166,0.703766815,0.06120293636
288,1,0,0.2266803401,1167,0.7035811829,0.06123654853
288,1,0,0.2266803401,1168,0.7033981076,0.06126952179
288,1,0,0.2266803401,1169,0.703214281,0.06130170632
288,1,0,0.2266803401,1170,0.7030341377,0.06133284504
288,1,0,0.2266803401,1171,0.7028572841,0.06136340897
288,1,0,0.2266803401,1172,0.7026813353,0.06139688238
288,1,0,0.2266803401,1173,0.7025043119,0.06142740823
288,1,0,0.2266803401,1174,0.7023211043,0.06146348175
288,1,0,0.2266803401,1175,0.7021414249,0.0614965587
288,1,0,0.2266803401,1176,0.7019544018,0.0615290754
288,1,0,0.2266803401,1177,0.70177283,0.0615552682
288,1,0,0.2266803401,1178,0.7015826659,0.06158508688
288,1,0,0.2266803401,1179,0.7013995274,0.06161311478
288,1,0,0.2266803401,1180,0.701220057,0.06164019532
288,1,0,0.2266803401,1181,0.701049019,0.06166915788
288,1,0,0.2266803401,1182,0.7008749132,0.06169918626
288,1,0,0.2266803401,1183,0.7006992771,0.06173030559
288,1,0,0.2266803401,1184,0.7005234745,0.06176281651
288,1,0,0.2266803401,1185,0.7003456275,0.06179547612
288,1,0,0.2266803401,1186,0.7001709896,0.06182407809
288,1,0,0.2266803401,1187,0.6999915912,0.06185309717
288,1,0,0.2266803401,1188,0.6998136262,0.06188113715
288,1,0,0.2266803401,1189,0.6996356292,0.06190726221
288,1,0,0.2266803401,1190,0.6994537975,0.06193237824
288,1,0,0.2266803401,1191,0.6992667695,0.061958951
288,1,0,0.2266803401,1192,0.6990809834,0.06198573674
288,1,0,0.2266803401,1193,0.6988928169,0.06201206502
288,1,0,0.2266803401,1194,0.6987099744,0.06204039249
288,1,0,0.2266803401,1195,0.6985326694,0.06206893587
288,1,0,0.2266803401,1196,0.6983524073,0.06209491485
288,1,0,0.2266803401,1197,0.698174726,0.06211591762
288,1,0,0.2266803401,1198,0.6979900481,0.06213765306
288,1,0,0.2266803401,1199,0.6978116045,0.06215590199
288,1,0,0.2266803401,1200,0.6976341366,0.06217687062
288,1,0,0.2266803401,1201,0.697449712,0.06219750825
288,1,0,0.2266803401,1202,0.6972687484,0.0622153751
288,1,0,0.2266803401,1203,0.6970891567,0.06223267716
288,1,0,0.2266803401,1204,0.6969177873,0.0622498773
288,1,0,0.2266803401,1205,0.6967480912,0.06226549086
288,1,0,0.2266803401,1206,0.6965822376,0.06227759791
288,1,0,0.2266803401,1207,0.696419088,0.06228908598
288,1,0,0.2266803401,1208,0.6962550166,0.06229908794
288,1,0,0.2266803401,1209,0.6960856565,0.0623121275
288,1,0,0.2266803401,1210,0.6959070501,0.06233015642
288,1,0,0.2266803401,1211,0.6957241458,0.06235067952
288,1,0,0.2266803401,1212,0.6955363571,0.06236888323
288,1,0,0.2266803401,1213,0.6953517658,0.06238818168
288,1,0,0.2266803401,1214,0.6951721965,0.06240702582
288,1,0,0.2266803401,1215,0.6949823445,0.06242944759
288,1,0,0.2266803401,1216,0.6947913888,0.06245306685
288,1,0,0.2266803401,1217,0.6945977915,0.06247797356
288,1,0,0.2266803401,1218,0.6944066872,0.062502213
288,1,0,0.2266803401,1219,0.6942201429,0.06252460252
288,1,0,0.2266803401,1220,0.6940299642,0.06254938837
288,1,0,0.2266803401,1221,0.6938474972,0.06257220463
288,1,0,0.2266803401,1222,0.6936592982,0.06259941235
288,1,0,0.2266803401,1223,0.693474256,0.06262749442
288,1,0,0.2266803401,1224,0.6932883356,0.06265538681
288,1,0,0.2266803401,1225,0.6931015627,0.06268237034
288,1,0,0.2266803401,1226,0.6929133607,0.06271143628
288,1,0,0.2266803401,1227,0.6927296814,0.06273764847
288,1,0,0.2266803401,1228,0.6925409712,0.0627654579
288,1,0,0.2266803401,1229,0.6923515362,0.06279588069
288,1,0,0.2266803401,1230,0.692164968,0.06282412265
288,1,0,0.2266803401,1231,0.6919870234,0.06284086799
288,1,0,0.2266803401,1232,0.691810005,0.06285848594
288,1,0,0.2266803401,1233,0.691638668,0.06287874078
288,1,0,0.2266803401,1234,0.6914636528,0.06289998256
288,1,0,0.2266803401,1235,0.6912814444,0.06292289776
288,1,0,0.2266803401,1236,0.6910956645,0.06294466273
288,1,0,0.2266803401,1237,0.6909103817,0.06296495386
288,1,0,0.2266803401,1238,0.6907370474,0.06298229892
288,1,0,0.2266803401,1239,0.6905573039,0.06300011107
288,1,0,0.2266803401,1240,0.6903731839,0.06302189705
288,1,0,0.2266803401,1241,0.6901905476,0.06304720081
288,1,0,0.2266803401,1242,0.6900141412,0.06306764505
288,1,0,0.2266803401,1243,0.6898301281,0.06309307804
288,1,0,0.2266803401,1244,0.6896394025,0.06312264329
288,1,0,0.2266803401,1245,0.6894495885,0.06315058882
288,1,0,0.2266803401,1246,0.6892609044,0.06317857052
288,1,0,0.2266803401,1247,0.689060395,0.06320877795
288,1,0,0.2266803401,1248,0.6888549534,0.06323736923
288,1,0,0.2266803401,1249,0.6886516425,0.06326430419
288,1,0,0.2266803401,1250,0.6884545106,0.06328840038
288,1,0,0.2266803401,1251,0.6882600721,0.06331205846
288,1,0,0.2266803401,1252,0.6880709747,0.0633343273
288,1,0,0.2266803401,1253,0.6878796961,0.06335578073
288,1,0,0.2266803401,1254,0.6876918978,0.06337817581
288,1,0,0.2266803401,1255,0.6875017728,0.06340116638
288,1,0,0.2266803401,1256,0.6873087071,0.06342453434
288,1,0,0.2266803401,1257,0.6871083307,0.06345338413
288,1,0,0.2266803401,1258,0.6869074945,0.06348211541
288,1,0,0.2266803401,1259,0.6867094366,0.06350932743
288,1,0,0.2266803401,1260,0.6865153776,0.06353437011
288,1,0,0.2266803401,1261,0.6863264582,0.0635569866
288,1,0,0.2266803401,1262,0.6861333643,0.06358018831
288,1,0,0.2266803401,1263,0.6859449952,0.06360031861
288,1,0,0.2266803401,1264,0.6857523578,0.06361979666
288,1,0,0.2266803401,1265,0.685563568,0.06364012139
288,1,0,0.2266803401,1266,0.6853819203,0.06365670296
288,1,0,0.2266803401,1267,0.685201098,0.06367183
288,1,0,0.2266803401,1268,0.6850273527,0.06368267687
288,1,0,0.2266803401,1269,0.6848528226,0.06369517575
288,1,0,0.2266803401,1270,0.6846693828,0.06370867069
288,1,0,0.2266803401,1271,0.6844831037,0.06372710284
288,1,0,0.2266803401,1272,0.6842954888,0.06374856037
288,1,0,0.2266803401,1273,0.6841173947,0.06377080528
288,1,0,0.2266803401,1274,0.6839395865,0.06379670596
288,1,0,0.2266803401,1275,0.6837593795,0.06381778495
288,1,0,0.2266803401,1276,0.6835749069,0.06383957749
288,1,0,0.2266803401,1277,0.6834003727,0.06386043883
288,1,0,0.2266803401,1278,0.6832300351,0.06388382306
288,1,0,0.2266803401,1279,0.6830620626,0.06390910651
288,1,0,0.2266803401,1280,0.6828975026,0.06393377457
288,1,0,0.2266803401,1281,0.6827320057,0.06395636033
288,1,0,0.2266803401,1282,0.682567014,0.06397771694
288,1,0,0.2266803401,1283,0.6824058736,0.06399772615
288,1,0,0.2266803401,1284,0.6822447112,0.06401871573
288,1,0,0.2266803401,1285,0.6820788589,0.06403985368
288,1,0,0.2266803401,1286,0.6819088845,0.0640632797
288,1,0,0.2266803401,1287,0.6817367798,0.06408629115
288,1,0,0.2266803401,1288,0.6815656927,0.06410643827
288,1,0,0.2266803401,1289,0.6813876694,0.06413253372
288,1,0,0.2266803401,1290,0.6812148636,0.06415617506
288,1,0,0.2266803401,1291,0.6810524932,0.06417597934
288,1,0,0.2266803401,1292,0.6808849348,0.06419733729
288,1,0,0.2266803401,1293,0.6807139251,0.06422070338
288,1,0,0.2266803401,1294,0.6805491473,0.06424150883
288,1,0,0.2266803401,1295,0.6803812037,0.06426415257
288,1,0,0.2266803401,1296,0.680215055,0.06428650283
288,1,0,0.2266803401,1297,0.6800403197,0.06431373581
288,1,0,0.2266803401,1298,0.6798679079,0.06433718463
288,1,0,0.2266803401,1299,0.6796858968,0.06436471293
288,1,0,0.2266803401,1300,0.6795061707,0.06438926031
288,1,0,0.2266803401,1301,0.6793255269,0.06441458949
288,1,0,0.2266803401,1302,0.679138563,0.0644437257
288,1,0,0.2266803401,1303,0.678944209,0.06447481135
288,1,0,0.2266803401,1304,0.6787467069,0.06450812387
288,1,0,0.2266803401,1305,0.6785449191,0.06454200672
288,1,0,0.2266803401,1306,0.6783388128,0.06457776095
288,1,0,0.2266803401,1307,0.6781333419,0.06461290194
288,1,0,0.2266803401,1308,0.677932367,0.06464663743
288,1,0,0.2266803401,1309,0.677737999,0.06467766359
288,1,0,0.2266803401,1310,0.677545012,0.06470767659
288,1,0,0.2266803401,1311,0.6773522956,0.06473612781
288,1,0,0.2266803401,1312,0.6771584945,0.06476445893
288,1,0,0.2266803401,1313,0.6769619162,0.06479451724
288,1,0,0.2266803401,1314,0.6767621968,0.06482489127
288,1,0,0.2266803401,1315,0.6765661008,0.06485597108
288,1,0,0.2266803401,1316,0.6763690877,0.06489229761
288,1,0,0.2266803401,1317,0.6761552723,0.06493509753
288,1,0,0.2266803401,1318,0.6759522953,0.06497231592
288,1,0,0.2266803401,1319,0.6757541444,0.0650081842
288,1,0,0.2266803401,1320,0.6755568,0.06504700626
288,1,0,0.2266803401,1321,0.675361143,0.06508669841
288,1,0,0.2266803401,1322,0.6751666783,0.06512426831
288,1,0,0.2266803401,1323,0.6749708926,0.06516378666
288,1,0,0.2266803401,1324,0.6747677156,0.06520584097
288,1,0,0.2266803401,1325,0.6745693913,0.06524819249
288,1,0,0.2266803401,1326,0.6743713738,0.06529314319
288,1,0,0.2266803401,1327,0.6741737837,0.06533756445
288,1,0,0.2266803401,1328,0.6739762118,0.06537969627
288,1,0,0.2266803401,1329,0.6737903214,0.06542137085
288,1,0,0.2266803401,1330,0.6736069642,0.06546377292
288,1,0,0.2266803401,1331,0.6734213227,0.06550855223
288,1,0,0.2266803401,1332,0.673238425,0.06554959454
288,1,0,0.2266803401,1333,0.6730512768,0.06559162166
288,1,0,0.2266803401,1334,0.6728620269,0.06563547349
288,1,0,0.2266803401,1335,0.6726732468,0.06567662253
288,1,0,0.2266803401,1336,0.6724836639,0.06571779935
288,1,0,0.2266803401,1337,0.6723019915,0.06575713614
288,1,0,0.2266803401,1338,0.6721214696,0.06579686142
288,1,0,0.2266803401,1339,0.6719360361,0.06583630067
288,1,0,0.2266803401,1340,0.6717535217,0.06587289402
288,1,0,0.2266803401,1341,0.6715695226,0.06591020854
288,1,0,0.2266803401,1342,0.6713872869,0.0659472477
288,1,0,0.2266803401,1343,0.6712155727,0.06598216483
288,1,0,0.2266803401,1344,0.6710464837,0.06601722653
288,1,0,0.2266803401,1345,0.6708771925,0.06605409383
288,1,0,0.2266803401,1346,0.6707097042,0.06609264725
288,1,0,0.2266803401,1347,0.6705398115,0.06613122737
288,1,0,0.2266803401,1348,0.6703671525,0.06616954323
288,1,0,0.2266803401,1349,0.6702001021,0.0662056533
288,1,0,0.2266803401,1350,0.6700359031,0.06623715925
288,1,0,0.2266803401,1351,0.6698715299,0.06627004082
288,1,0,0.2266803401,1352,0.6697026665,0.06630145067
288,1,0,0.2266803401,1353,0.6695237679,0.06633315471
288,1,0,0.2266803401,1354,0.6693555474,0.06636171284
288,1,0,0.2266803401,1355,0.6691867417,0.0663913128
288,1,0,0.2266803401,1356,0.6690141865,0.06642686401
288,1,0,0.2266803401,1357,0.6688534703,0.06645798451
288,1,0,0.2266803401,1358,0.6686942443,0.06648861235
288,1,0,0.2266803401,1359,0.6685343476,0.06651683503
288,1,0,0.2266803401,1360,0.6683768964,0.06654632624
288,1,0,0.2266803401,1361,0.6682203211,0.06657613904
288,1,0,0.2266803401,1362,0.6680644854,0.06660264495
288,1,0,0.2266803401,1363,0.6679032061,0.06663247585
288,1,0,0.2266803401,1364,0.6677368263,0.06666613811
288,1,0,0.2266803401,1365,0.6675647603,0.06670055939
288,1,0,0.2266803401,1366,0.6673961121,0.06673086811
288,1,0,0.2266803401,1367,0.6672293689,0.06676174594
288,1,0,0.2266803401,1368,0.6670643593,0.06679416693
288,1,0,0.2266803401,1369,0.6669002156,0.06682560866
288,1,0,0.2266803401,1370,0.6667350855,0.06685441936
288,1,0,0.2266803401,1371,0.6665770715,0.0668815305
288,1,0,0.2266803401,1372,0.6664203742,0.06690696187
288,1,0,0.2266803401,1373,0.6662610564,0.06693216537
288,1,0,0.2266803401,1374,0.6661020273,0.0669579315
288,1,0,0.2266803401,1375,0.6659372841,0.06698569651
288,1,0,0.2266803401,1376,0.6657723488,0.06701509318
288,1,0,0.2266803401,1377,0.6656180086,0.0670394597
288,1,0,0.2266803401,1378,0.6654564505,0.06706669425
288,1,0,0.2266803401,1379,0.6652897218,0.06709333866
288,1,0,0.2266803401,1380,0.6651208563,0.06712039038
288,1,0,0.2266803401,1381,0.6649549528,0.06714465967
288,1,0,0.2266803401,1382,0.6647879313,0.06716935937
288,1,0,0.2266803401,1383,0.6646272733,0.06719096458
288,1,0,0.2266803401,1384,0.6644624966,0.06721458084
288,1,0,0.2266803401,1385,0.6642965753,0.0672389646
288,1,0,0.2266803401,1386,0.6641286902,0.06726600621
288,1,0,0.2266803401,1387,0.663963296,0.06729069817
288,1,0,0.2266803401,1388,0.663804869,0.06731393523
288,1,0,0.2266803401,1389,0.6636435243,0.06734032167
288,1,0,0.2266803401,1390,0.6634904806,0.06736150491
288,1,0,0.2266803401,1391,0.6633402854,0.06738138584
288,1,0,0.2266803401,1392,0.6631844118,0.06740577616
288,1,0,0.2266803401,1393,0.6630398447,0.06742780782
288,1,0,0.2266803401,1394,0.6628868067,0.06745175696
288,1,0,0.2266803401,1395,0.6627263546,0.06747743872
288,1,0,0.2266803401,1396,0.6625739059,0.06750516906
288,1,0,0.2266803401,1397,0.6624193771,0.06753483452
288,1,0,0.2266803401,1398,0.662260109,0.06756403123
288,1,0,0.2266803401,1399,0.6620990848,0.06759812056
288,1,0,0.2266803401,1400,0.6619356376,0.06763514644
288,1,0,0.2266803401,1401,0.6617744267,0.06767020452
288,1,0,0.2266803401,1402,0.661621514,0.06770324545
288,1,0,0.2266803401,1403,0.6614649011,0.06773988423
288,1,0,0.2266803401,1404,0.6613127903,0.06777451803
288,1,0,0.2266803401,1405,0.6611631523,0.0678063597
288,1,0,0.2266803401,1406,0.6610073788,0.0678415275
288,1,0,0.2266803401,1407,0.6608473042,0.06787575042
288,1,0,0.2266803401,1408,0.6606847572,0.06791099769
288,1,0,0.2266803401,1409,0.6605278192,0.06794648917
288,1,0,0.2266803401,1410,0.6603725479,0.06798152636
288,1,0,0.2266803401,1411,0.6602113668,0.0680194874
288,1,0,0.2266803401,1412,0.6600471578,0.06805847946
288,1,0,0.2266803401,1413,0.659882556,0.06809595813
288,1,0,0.2266803401,1414,0.6597221093,0.0681306724
288,1,0,0.2266803401,1415,0.6595556601,0.06816404678
288,1,0,0.2266803401,1416,0.6593915759,0.06819884832
288,1,0,0.2266803401,1417,0.6592233298,0.06823608808
288,1,0,0.2266803401,1418,0.6590506624,0.06827402158
288,1,0,0.2266803401,1419,0.6588777555,0.06831125307
288,1,0,0.2266803401,1420,0.6587015284,0.06834846113
288,1,0,0.2266803401,1421,0.658532748,0.06838504852
288,1,0,0.2266803401,1422,0.6583688339,0.06842150814
288,1,0,0.2266803401,1423,0.6582058498,0.06845728119
288,1,0,0.2266803401,1424,0.6580471427,0.06849132995
288,1,0,0.2266803401,1425,0.6578875348,0.06852230093
288,1,0,0.2266803401,1426,0.6577271808,0.06855377416
288,1,0,0.2266803401,1427,0.6575664692,0.06858751513
288,1,0,0.2266803401,1428,0.6574040052,0.06861964491
288,1,0,0.2266803401,1429,0.6572361005,0.06865447432
288,1,0,0.2266803401,1430,0.6570734425,0.06868712855
288,1,0,0.2266803401,1431,0.6569203946,0.0687184278
288,1,0,0.2266803401,1432,0.6567634519,0.06874887329
288,1,0,0.2266803401,1433,0.6566049238,0.06878186752
288,1,0,0.2266803401,1434,0.656444754,0.06881550712
288,1,0,0.2266803401,1435,0.6562866607,0.06884950013
288,1,0,0.2266803401,1436,0.6561215537,0.06888699831
288,1,0,0.2266803401,1437,0.6559547212,0.06892772855
288,1,0,0.2266803401,1438,0.6557901239,0.06896831706
288,1,0,0.2266803401,1439,0.6556212588,0.06900903385
288,1,0,0.2266803401,1440,0.6554438058,0.0690508507
288,1,0,0.2266803401,1441,0.6552642582,0.06909525035
288,1,0,0.2266803401,1442,0.6550849564,0.06913640562
288,1,0,0.2266803401,1443,0.654908916,0.06917375708
288,1,0,0.2266803401,1444,0.6547309828,0.06921502017
288,1,0,0.2266803401,1445,0.6545659962,0.06925225737
288,1,0,0.2266803401,1446,0.6543986345,0.06929159377
288,1,0,0.2266803401,1447,0.6542310145,0.069330199
288,1,0,0.2266803401,1448,0.6540553082,0.06937040078
288,1,0,0.2266803401,1449,0.6538884267,0.069405341
288,1,0,0.2266803401,1450,0.653722752,0.06944208549
288,1,0,0.2266803401,1451,0.6535582626,0.06947804821
288,1,0,0.2266803401,1452,0.6533960597,0.06951299589
288,1,0,0.2266803401,1453,0.6532362988,0.06954774752
288,1,0,0.2266803401,1454,0.6530672956,0.06958652633
288,1,0,0.2266803401,1455,0.6528975764,0.06962824031
288,1,0,0.2266803401,1456,0.6527230096,0.06967415516
288,1,0,0.2266803401,1457,0.652542969,0.0697246902
288,1,0,0.2266803401,1458,0.6523680348,0.06977682634
288,1,0,0.2266803401,1459,0.6521879006,0.0698283682
288,1,0,0.2266803401,1460,0.6520157629,0.06987440722
288,1,0,0.2266803401,1461,0.6518343832,0.06992278417
288,1,0,0.2266803401,1462,0.6516498937,0.06997457844
288,1,0,0.2266803401,1463,0.6514691843,0.07002353482
288,1,0,0.2266803401,1464,0.6512932662,0.07006911786
288,1,0,0.2266803401,1465,0.6511144015,0.07011324511
288,1,0,0.2266803401,1466,0.6509320881,0.07015768057
288,1,0,0.2266803401,1467,0.6507465851,0.07020205535
288,1,0,0.2266803401,1468,0.6505669259,0.07024648227
288,1,0,0.2266803401,1469,0.650386335,0.07029284859
288,1,0,0.2266803401,1470,0.6502090727,0.07034052713
288,1,0,0.2266803401,1471,0.6500387127,0.0703846302
288,1,0,0.2266803401,1472,0.6498743634,0.07042582027
288,1,0,0.2266803401,1473,0.6496983534,0.07047119814
288,1,0,0.2266803401,1474,0.6495210636,0.0705172282
288,1,0,0.2266803401,1475,0.6493315548,0.07056436882
288,1,0,0.2266803401,1476,0.6491370206,0.07061371744
288,1,0,0.2266803401,1477,0.6489412007,0.07066625509
288,1,0,0.2266803401,1478,0.6487462243,0.0707171403
288,1,0,0.2266803401,1479,0.6485457771,0.07077065965
288,1,0,0.2266803401,1480,0.6483524441,0.07081734575
288,1,0,0.2266803401,1481,0.6481615654,0.0708655549
288,1,0,0.2266803401,1482,0.6479648345,0.07092033841
288,1,0,0.2266803401,1483,0.6477727652,0.07097623725
288,1,0,0.2266803401,1484,0.6475796385,0.0710306082
288,1,0,0.2266803401,1485,0.6473918452,0.07108052704
288,1,0,0.2266803401,1486,0.6471988259,0.07113392912
288,1,0,0.2266803401,1487,0.6470090188,0.07118503003
288,1,0,0.2266803401,1488,0.6468203478,0.07123500545
288,1,0,0.2266803401,1489,0.6466270963,0.07128570456
288,1,0,0.2266803401,1490,0.6464366599,0.07133483322
288,1,0,0.2266803401,1491,0.6462438862,0.071386163
288,1,0,0.2266803401,1492,0.6460557654,0.07143829597
288,1,0,0.2266803401,1493,0.6458699027,0.07148981544
288,1,0,0.2266803401,1494,0.6456848524,0.07154200752
288,1,0,0.2266803401,1495,0.6455006484,0.07159229255
288,1,0,0.2266803401,1496,0.6453126877,0.07163915899
288,1,0,0.2266803401,1497,0.6451313553,0.07168552681
288,1,0,0.2266803401,1498,0.6449472935,0.07173080936
288,1,0,0.2266803401,1499,0.6447519574,0.07178269393
288,1,0,0.2266803401,1500,0.6445617531,0.07183022301
288,1,0,0.2266803401,1501,0.6443710101,0.07187578089
288,1,0,0.2266803401,1502,0.6441756716,0.07192357118
288,1,0,0.2266803401,1503,0.6439823126,0.07197258401
288,1,0,0.2266803401,1504,0.6437895994,0.07202325956
288,1,0,0.2266803401,1505,0.6435967175,0.07207358399
288,1,0,0.2266803401,1506,0.6434019033,0.07212238828
288,1,0,0.2266803401,1507,0.6432096429,0.07216754385
288,1,0,0.2266803401,1508,0.6430277979,0.07221025716
288,1,0,0.2266803401,1509,0.6428534563,0.07225164668
288,1,0,0.2266803401,1510,0.6426783509,0.07229407955
288,1,0,0.2266803401,1511,0.6424987183,0.07233799897
288,1,0,0.2266803401,1512,0.642328121,0.07237874566
288,1,0,0.2266803401,1513,0.6421624488,0.07241810411
288,1,0,0.2266803401,1514,0.6419986861,0.0724570468
288,1,0,0.2266803401,1515,0.6418226912,0.07250184206
288,1,0,0.2266803401,1516,0.6416396247,0.07255192946
288,1,0,0.2266803401,1517,0.6414569897,0.07260291931
288,1,0,0.2266803401,1518,0.6412744421,0.07265076531
288,1,0,0.2266803401,1519,0.6410964264,0.07269706481
288,1,0,0.2266803401,1520,0.640918866,0.07274323843
288,1,0,0.2266803401,1521,0.6407433598,0.07278993613
288,1,0,0.2266803401,1522,0.6405704466,0.07283832782
288,1,0,0.2266803401,1523,0.6403977622,0.07288547211
288,1,0,0.2266803401,1524,0.6402275433,0.07293087287
288,1,0,0.2266803401,1525,0.6400547444,0.07297596349
288,1,0,0.2266803401,1526,0.6398872368,0.07301857044
288,1,0,0.2266803401,1527,0.6397117156,0.07306404986
288,1,0,0.2266803401,1528,0.6395343854,0.07311048417
288,1,0,0.2266803401,1529,0.6393484446,0.07315883014
288,1,0,0.2266803401,1530,0.6391579671,0.07320945678
288,1,0,0.2266803401,1531,0.6389675372,0.07326307398
288,1,0,0.2266803401,1532,0.6387823153,0.07331626277
288,1,0,0.2266803401,1533,0.6385951977,0.0733678653
288,1,0,0.2266803401,1534,0.6384061442,0.07342111026
288,1,0,0.2266803401,1535,0.6382229061,0.073476007
288,1,0,0.2266803401,1536,0.638036525,0.07353062532
288,1,0,0.2266803401,1537,0.6378519513,0.07358573653
288,1,0,0.2266803401,1538,0.6376759593,0.07363926811
288,1,0,0.2266803401,1539,0.6374973765,0.07369397588
288,1,0,0.2266803401,1540,0.6373178543,0.07374995707
288,1,0,0.2266803401,1541,0.6371416284,0.07380555644
288,1,0,0.2266803401,1542,0.6369675186,0.07385765022
288,1,0,0.2266803401,1543,0.6367969264,0.07390814018
288,1,0,0.2266803401,1544,0.636625253,0.07395848571
288,1,0,0.2266803401,1545,0.6364566435,0.07400696049
288,1,0,0.2266803401,1546,0.636284701,0.0740575544
288,1,0,0.2266803401,1547,0.636109813,0.07411138742
288,1,0,0.2266803401,1548,0.6359455836,0.07416168397
288,1,0,0.2266803401,1549,0.6357869634,0.07421020432
288,1,0,0.2266803401,1550,0.6356202046,0.07425785864
288,1,0,0.2266803401,1551,0.6354519151,0.07430464677
288,1,0,0.2266803401,1552,0.6352896368,0.0743486133
288,1,0,0.2266803401,1553,0.6351228402,0.07439702083
288,1,0,0.2266803401,1554,0.6349599967,0.07444760824
288,1,0,0.2266803401,1555,0.6347892282,0.07450087526
288,1,0,0.2266803401,1556,0.6346139249,0.07455433033
288,1,0,0.2266803401,1557,0.6344403067,0.07460877615
288,1,0,0.2266803401,1558,0.6342712687,0.07466172328
288,1,0,0.2266803401,1559,0.6341114532,0.07471311068
288,1,0,0.2266803401,1560,0.63394706,0.07476496877
288,1,0,0.2266803401,1561,0.6337851921,0.07481346169
288,1,0,0.2266803401,1562,0.6336134703,0.07486373302
288,1,0,0.2266803401,1563,0.6334364913,0.07491693533
288,1,0,0.2266803401,1564,0.6332557604,0.07496754423
288,1,0,0.2266803401,1565,0.6330780237,0.07501780046
288,1,0,0.2266803401,1566,0.6329048035,0.07506686143
288,1,0,0.2266803401,1567,0.6327277339,0.07512132073
288,1,0,0.2266803401,1568,0.6325482363,0.07517828011
288,1,0,0.2266803401,1569,0.6323729927,0.07523115918
288,1,0,0.2266803401,1570,0.6321968594,0.07528517163
288,1,0,0.2266803401,1571,0.6320215541,0.07533727841
288,1,0,0.2266803401,1572,0.6318497344,0.07539116826
288,1,0,0.2266803401,1573,0.6316822571,0.07544326282
288,1,0,0.2266803401,1574,0.6315097254,0.07549701543
288,1,0,0.2266803401,1575,0.6313376206,0.07554801708
288,1,0,0.2266803401,1576,0.6311653188,0.0755966927
288,1,0,0.2266803401,1577,0.6310013106,0.07564293888
288,1,0,0.2266803401,1578,0.6308419996,0.0756922365
288,1,0,0.2266803401,1579,0.6306761086,0.07574446617
288,1,0,0.2266803401,1580,0.6305033321,0.0758015328
288,1,0,0.2266803401,1581,0.6303278065,0.07585982203
288,1,0,0.2266803401,1582,0.6301446711,0.0759205392
288,1,0,0.2266803401,1583,0.6299663315,0.07597534712
288,1,0,0.2266803401,1584,0.629786558,0.07603462278
288,1,0,0.2266803401,1585,0.6296125718,0.07609032292
288,1,0,0.2266803401,1586,0.629437853,0.07614298195
288,1,0,0.2266803401,1587,0.6292678172,0.07619684275
288,1,0,0.2266803401,1588,0.6290989899,0.07624946379
288,1,0,0.2266803401,1589,0.6289254707,0.07630357403
288,1,0,0.2266803401,1590,0.6287504297,0.07636368338
288,1,0,0.2266803401,1591,0.6285725232,0.07642236823
288,1,0,0.2266803401,1592,0.6283897775,0.07648425574
288,1,0,0.2266803401,1593,0.6282130549,0.07654460728
288,1,0,0.2266803401,1594,0.6280319755,0.07660227018
288,1,0,0.2266803401,1595,0.6278454209,0.07666068904
288,1,0,0.2266803401,1596,0.6276565776,0.07671699828
288,1,0,0.2266803401,1597,0.6274761281,0.07677114274
288,1,0,0.2266803401,1598,0.6272960259,0.07682856684
288,1,0,0.2266803401,1599,0.6271087155,0.07688837162
288,1,0,0.2266803401,1600,0.626920354,0.07695002133
288,1,0,0.2266803401,1601,0.6267342945,0.07701248749
288,1,0,0.2266803401,1602,0.6265576441,0.07707363385
288,1,0,0.2266803401,1603,0.6263755729,0.07713930382
288,1,0,0.2266803401,1604,0.6261920743,0.07720180815
288,1,0,0.2266803401,1605,0.6260061845,0.07726247056
288,1,0,0.2266803401,1606,0.6258226004,0.0773224363
288,1,0,0.2266803401,1607,0.6256338757,0.07738554982
288,1,0,0.2266803401,1608,0.6254433398,0.07744735311
288,1,0,0.2266803401,1609,0.6252427004,0.077510848
288,1,0,0.2266803401,1610,0.6250475908,0.07757352907
288,1,0,0.2266803401,1611,0.6248577604,0.07763456283
288,1,0,0.2266803401,1612,0.6246750339,0.07769104128
288,1,0,0.2266803401,1613,0.6245014935,0.07774267582
288,1,0,0.2266803401,1614,0.6243285297,0.07779397739
288,1,0,0.2266803401,1615,0.6241579746,0.07783994264
288,1,0,0.2266803401,1616,0.6239862141,0.07788889306
288,1,0,0.2266803401,1617,0.6238110063,0.0779401065
288,1,0,0.2266803401,1618,0.6236385845,0.07799228758
288,1,0,0.2266803401,1619,0.6234622846,0.07804622511
288,1,0,0.2266803401,1620,0.6232808515,0.07810119578
288,1,0,0.2266803401,1621,0.623100458,0.07815724249
288,1,0,0.2266803401,1622,0.6229138623,0.07821412812
288,1,0,0.2266803401,1623,0.6227338026,0.07827007885
288,1,0,0.2266803401,1624,0.6225492196,0.07832652242
288,1,0,0.2266803401,1625,0.6223612415,0.07838434861
288,1,0,0.2266803401,1626,0.6221782574,0.07843898512
288,1,0,0.2266803401,1627,0.6219989956,0.07849479517
288,1,0,0.2266803401,1628,0.6218208459,0.07855360631
288,1,0,0.2266803401,1629,0.6216411664,0.07861038938
288,1,0,0.2266803401,1630,0.6214603019,0.07866351012
288,1,0,0.2266803401,1631,0.6212782667,0.07871553465
288,1,0,0.2266803401,1632,0.6210954049,0.07877236579
288,1,0,0.2266803401,1633,0.6209129973,0.07883214297
288,1,0,0.2266803401,1634,0.620732391,0.0788925256
288,1,0,0.2266803401,1635,0.6205546497,0.07894989646
288,1,0,0.2266803401,1636,0.6203747152,0.07900458095
288,1,0,0.2266803401,1637,0.6201920391,0.07906383286
288,1,0,0.2266803401,1638,0.6200089986,0.07912350338
288,1,0,0.2266803401,1639,0.6198276749,0.07917855867
288,1,0,0.2266803401,1640,0.6196414641,0.0792364477
288,1,0,0.2266803401,1641,0.6194563221,0.07929228959
288,1,0,0.2266803401,1642,0.6192783573,0.07934357609
288,1,0,0.2266803401,1643,0.6190988142,0.07939369042
288,1,0,0.2266803401,1644,0.6189104436,0.07944820221
288,1,0,0.2266803401,1645,0.6187218392,0.07950041524
288,1,0,0.2266803401,1646,0.6185369818,0.07955155275
288,1,0,0.2266803401,1647,0.6183565467,0.07960090612
288,1,0,0.2266803401,1648,0.6181749067,0.07964879878
288,1,0,0.2266803401,1649,0.6179950772,0.07969330951
288,1,0,0.2266803401,1650,0.6178170255,0.07973831432
288,1,0,0.2266803401,1651,0.6176301854,0.07978601909
288,1,0,0.2266803401,1652,0.6174490319,0.0798371364
288,1,0,0.2266803401,1653,0.6172753502,0.07988503673
288,1,0,0.2266803401,1654,0.6171036814,0.07993145568
288,1,0,0.2266803401,1655,0.616925158,0.07998233133
288,1,0,0.2266803401,1656,0.61674851,0.0800340725
288,1,0,0.2266803401,1657,0.6165838161,0.08007683657
288,1,0,0.2266803401,1658,0.6164099862,0.08012449729
288,1,0,0.2266803401,1659,0.6162316313,0.08017529822
288,1,0,0.2266803401,1660,0.6160495345,0.08022559624
288,1,0,0.2266803401,1661,0.6158640831,0.08027507927
288,1,0,0.2266803401,1662,0.6156889009,0.08031912388
288,1,0,0.2266803401,1663,0.6155132983,0.08036359171
288,1,0,0.2266803401,1664,0.6153324642,0.08041557677
288,1,0,0.2266803401,1665,0.615143873,0.08046986436
288,1,0,0.2266803401,1666,0.614952875,0.0805256096
288,1,0,0.2266803401,1667,0.6147707803,0.08058096767
288,1,0,0.2266803401,1668,0.6145890653,0.08063365299
288,1,0,0.2266803401,1669,0.6144105807,0.08068490183
288,1,0,0.2266803401,1670,0.6142342789,0.08073323208
288,1,0,0.2266803401,1671,0.6140652705,0.08078059082
288,1,0,0.2266803401,1672,0.6138933792,0.08082582883
288,1,0,0.2266803401,1673,0.6137176016,0.08087632795
288,1,0,0.2266803401,1674,0.6135419937,0.0809282701
288,1,0,0.2266803401,1675,0.6133653853,0.08098082085
288,1,0,0.2266803401,1676,0.6131851353,0.08103532666
288,1,0,0.2266803401,1677,0.6129930597,0.0810951195
288,1,0,0.2266803401,1678,0.6128078706,0.08114841662
288,1,0,0.2266803401,1679,0.6126186538,0.08120276104
288,1,0,0.2266803401,1680,0.612424126,0.08126021741
288,1,0,0.2266803401,1681,0.6122324912,0.08131846172
288,1,0,0.2266803401,1682,0.6120371284,0.08137988835
288,1,0,0.2266803401,1683,0.6118486619,0.08143906336
288,1,0,0.2266803401,1684,0.6116668261,0.08149455921
288,1,0,0.2266803401,1685,0.6114838514,0.08154595303
288,1,0,0.2266803401,1686,0.6113018089,0.08159434938
288,1,0,0.2266803401,1687,0.6111210669,0.08164439759
288,1,0,0.2266803401,1688,0.6109398335,0.08169547345
288,1,0,0.2266803401,1689,0.6107564876,0.0817453379
288,1,0,0.2266803401,1690,0.610572273,0.08179554453
288,1,0,0.2266803401,1691,0.6103824117,0.0818460453
288,1,0,0.2266803401,1692,0.6101939784,0.08189787609
288,1,0,0.2266803401,1693,0.6100022427,0.08195231674
288,1,0,0.2266803401,1694,0.6098149662,0.08200469893
288,1,0,0.2266803401,1695,0.6096385628,0.08205496565
288,1,0,0.2266803401,1696,0.6094653141,0.08210213032
288,1,0,0.2266803401,1697,0.6092931297,0.08214740366
288,1,0,0.2266803401,1698,0.609128497,0.08219314963
288,1,0,0.2266803401,1699,0.6089617449,0.08224310957
288,1,0,0.2266803401,1700,0.6087989354,0.08228724705
288,1,0,0.2266803401,1701,0.608633643,0.08233445834
288,1,0,0.2266803401,1702,0.6084647954,0.08238293263
288,1,0,0.2266803401,1703,0.6082958777,0.0824309607
288,1,0,0.2266803401,1704,0.6081128948,0.08248572003
288,1,0,0.2266803401,1705,0.6079281399,0.08254283537
288,1,0,0.2266803401,1706,0.6077532232,0.08259758119
288,1,0,0.2266803401,1707,0.6075786281,0.0826487407
288,1,0,0.2266803401,1708,0.6074104006,0.08269834446
288,1,0,0.2266803401,1709,0.6072456228,0.08274402557
288,1,0,0.2266803401,1710,0.6070734514,0.08278983576
288,1,0,0.2266803401,1711,0.6069006863,0.08283629349
288,1,0,0.2266803401,1712,0.6067316707,0.08288580648
288,1,0,0.2266803401,1713,0.6065676853,0.08293228068
288,1,0,0.2266803401,1714,0.6064043609,0.08297874337
288,1,0,0.2266803401,1715,0.6062394505,0.08302632993
288,1,0,0.2266803401,1716,0.6060704027,0.08307468421
288,1,0,0.2266803401,1717,0.6058986427,0.08312514716
288,1,0,0.2266803401,1718,0.60571987,0.08317898635
288,1,0,0.2266803401,1719,0.6055303332,0.08323571297
288,1,0,0.2266803401,1720,0.605345391,0.08329299472
288,1,0,0.2266803401,1721,0.6051676922,0.08334682172
288,1,0,0.2266803401,1722,0.6050013065,0.08339753999
288,1,0,0.2266803401,1723,0.604836146,0.08344738161
288,1,0,0.2266803401,1724,0.6046765626,0.0834939207
288,1,0,0.2266803401,1725,0.604515592,0.08354073236
288,1,0,0.2266803401,1726,0.6043496368,0.0835975615
288,1,0,0.2266803401,1727,0.6041842457,0.08365259312
288,1,0,0.2266803401,1728,0.6040172765,0.0837059785
288,1,0,0.2266803401,1729,0.6038520171,0.0837570452
288,1,0,0.2266803401,1730,0.6036825283,0.08380982036
288,1,0,0.2266803401,1731,0.6035148189,0.08386080169
288,1,0,0.2266803401,1732,0.6033391006,0.08391556048
288,1,0,0.2266803401,1733,0.6031637444,0.08396840744
288,1,0,0.2266803401,1734,0.6029963861,0.08402094901
288,1,0,0.2266803401,1735,0.6028234651,0.08407331043
288,1,0,0.2266803401,1736,0.6026592142,0.08412123521
288,1,0,0.2266803401,1737,0.6024865235,0.08417544656
288,1,0,0.2266803401,1738,0.6023239906,0.08422738416
288,1,0,0.2266803401,1739,0.6021590143,0.08428229243
288,1,0,0.2266803401,1740,0.6019839983,0.08434322046
288,1,0,0.2266803401,1741,0.6018053867,0.08440156704
288,1,0,0.2266803401,1742,0.6016338129,0.0844580645
288,1,0,0.2266803401,1743,0.6014638909,0.08451304388
288,1,0,0.2266803401,1744,0.6012960757,0.08456713803
288,1,0,0.2266803401,1745,0.6011299824,0.08462626538
288,1,0,0.2266803401,1746,0.6009617491,0.08468430769
288,1,0,0.2266803401,1747,0.6007939785,0.08473885205
288,1,0,0.2266803401,1748,0.600624355,0.08478995336
288,1,0,0.2266803401,1749,0.6004462983,0.08484304212
288,1,0,0.2266803401,1750,0.6002749993,0.08489711587
288,1,0,0.2266803401,1751,0.6000968721,0.08495579886
288,1,0,0.2266803401,1752,0.5999193183,0.08501315126
288,1,0,0.2266803401,1753,0.5997411311,0.08507030554
288,1,0,0.2266803401,1754,0.5995645372,0.08512184354
288,1,0,0.2266803401,1755,0.5993880727,0.08517219462
288,1,0,0.2266803401,1756,0.5992045798,0.08522836948
288,1,0,0.2266803401,1757,0.5990236938,0.08528245876
288,1,0,0.2266803401,1758,0.5988474834,0.08533994925
288,1,0,0.2266803401,1759,0.598668342,0.08539829968
288,1,0,0.2266803401,1760,0.5984891783,0.0854542163
288,1,0,0.2266803401,1761,0.5983140151,0.0855076409
288,1,0,0.2266803401,1762,0.5981467861,0.08556124999
288,1,0,0.2266803401,1763,0.5979756169,0.08561490448
288,1,0,0.2266803401,1764,0.5978090229,0.08566857657
288,1,0,0.2266803401,1765,0.5976373796,0.08572013271
288,1,0,0.2266803401,1766,0.5974558154,0.08577449999
288,1,0,0.2266803401,1767,0.5972793097,0.08582865343
288,1,0,0.2266803401,1768,0.5971045231,0.08587871559
288,1,0,0.2266803401,1769,0.5969300244,0.08592913359
288,1,0,0.2266803401,1770,0.5967501828,0.08598217182
288,1,0,0.2266803401,1771,0.5965659637,0.0860421551
288,1,0,0.2266803401,1772,0.596388782,0.08609990931
288,1,0,0.2266803401,1773,0.59620728,0.08615624765
288,1,0,0.2266803401,1774,0.5960235612,0.0862139027
288,1,0,0.2266803401,1775,0.5958420773,0.0862679272
288,1,0,0.2266803401,1776,0.5956634096,0.0863211002
288,1,0,0.2266803401,1777,0.5954776082,0.08637338941
288,1,0,0.2266803401,1778,0.5952859357,0.08642935572
288,1,0,0.2266803401,1779,0.5950894636,0.08648659658
288,1,0,0.2266803401,1780,0.5948863717,0.08654821322
288,1,0,0.2266803401,1781,0.5946882727,0.0866073267
288,1,0,0.2266803401,1782,0.5944888241,0.08666570098
288,1,0,0.2266803401,1783,0.594296058,0.08672635422
288,1,0,0.2266803401,1784,0.5941070973,0.08678275845
288,1,0,0.2266803401,1785,0.5939175401,0.08684386936
288,1,0,0.2266803401,1786,0.5937224138,0.08690635842
288,1,0,0.2266803401,1787,0.5935288433,0.08696577553
288,1,0,0.2266803401,1788,0.5933363395,0.08702353395
288,1,0,0.2266803401,1789,0.5931417766,0.08707989724
288,1,0,0.2266803401,1790,0.5929464255,0.08713561135
288,1,0,0.2266803401,1791,0.5927399706,0.08719939639
288,1,0,0.2266803401,1792,0.5925413375,0.08726517464
288,1,0,0.2266803401,1793,0.5923419061,0.08733081381
288,1,0,0.2266803401,1794,0.5921452156,0.08739691305
288,1,0,0.2266803401,1795,0.5919435072,0.08746432166
288,1,0,0.2266803401,1796,0.5917430739,0.087530057
288,1,0,0.2266803401,1797,0.5915474079,0.08759461899
288,1,0,0.2266803401,1798,0.5913478571,0.08766009359
288,1,0,0.2266803401,1799,0.5911376494,0.08772687622
288,1,0,0.2266803401,1800,0.5909318257,0.08778739062
288,1,0,0.2266803401,1801,0.5907301612,0.08784627016
288,1,0,0.2266803401,1802,0.5905229827,0.08790937577
288,1,0,0.2266803401,1803,0.5903034767,0.08797541495
288,1,0,0.2266803401,1804,0.5900878247,0.08804364209
288,1,0,0.2266803401,1805,0.5898677887,0.08811436818
288,1,0,0.2266803401,1806,0.5896475337,0.08818362546
288,1,0,0.2266803401,1807,0.5894304722,0.08824910241
288,1,0,0.2266803401,1808,0.5892140936,0.08831589532
288,1,0,0.2266803401,1809,0.588998285,0.08838472502
288,1,0,0.2266803401,1810,0.5887772298,0.08845225267
288,1,0,0.2266803401,1811,0.5885584663,0.08852161189
288,1,0,0.2266803401,1812,0.5883432846,0.08859176808
288,1,0,0.2266803401,1813,0.5881288496,0.08865984975
288,1,0,0.2266803401,1814,0.5879174539,0.08872933761
288,1,0,0.2266803401,1815,0.5877122222,0.08879645858
288,1,0,0.2266803401,1816,0.5875026358,0.08886430116
288,1,0,0.2266803401,1817,0.5872950508,0.08893080648
288,1,0,0.2266803401,1818,0.5870962298,0.08899021637
288,1,0,0.2266803401,1819,0.586889829,0.0890550589
288,1,0,0.2266803401,1820,0.5866846718,0.08911918436
288,1,0,0.2266803401,1821,0.586480291,0.08918299448
288,1,0,0.2266803401,1822,0.586282087,0.08925005075
288,1,0,0.2266803401,1823,0.5860887476,0.0893207449
288,1,0,0.2266803401,1824,0.5858951937,0.08939127023
288,1,0,0.2266803401,1825,0.5857049374,0.08945928826
288,1,0,0.2266803401,1826,0.5855208792,0.0895263694
288,1,0,0.2266803401,1827,0.5853352458,0.08959172448
288,1,0,0.2266803401,1828,0.585142992,0.08965788524
288,1,0,0.2266803401,1829,0.5849482886,0.0897239436
288,1,0,0.2266803401,1830,0.5847629176,0.08978833399
288,1,0,0.2266803401,1831,0.584574032,0.08985462906
288,1,0,0.2266803401,1832,0.5843914203,0.08991946148
288,1,0,0.2266803401,1833,0.5842016035,0.08998524299
288,1,0,0.2266803401,1834,0.5840127776,0.09004597052
288,1,0,0.2266803401,1835,0.5838237645,0.09010347407
288,1,0,0.2266803401,1836,0.5836369411,0.09015840924
288,1,0,0.2266803401,1837,0.5834435542,0.09021263227
288,1,0,0.2266803401,1838,0.5832477896,0.0902618466
288,1,0,0.2266803401,1839,0.5830537409,0.09031257513
288,1,0,0.2266803401,1840,0.5828522285,0.090365986
288,1,0,0.2266803401,1841,0.5826497852,0.09041847944
288,1,0,0.2266803401,1842,0.5824440501,0.09047030767
288,1,0,0.2266803401,1843,0.5822405787,0.09051979433
288,1,0,0.2266803401,1844,0.5820351817,0.09057404084
288,1,0,0.2266803401,1845,0.5818325924,0.09063137137
288,1,0,0.2266803401,1846,0.5816322721,0.09068761767
288,1,0,0.2266803401,1847,0.5814365223,0.0907413085
288,1,0,0.2266803401,1848,0.5812358501,0.09080119785
288,1,0,0.2266803401,1849,0.581027632,0.09086362204
288,1,0,0.2266803401,1850,0.5808268455,0.09092297297
288,1,0,0.2266803401,1851,0.580621973,0.09098683054
288,1,0,0.2266803401,1852,0.5804193313,0.09105152187
288,1,0,0.2266803401,1853,0.5802099057,0.09111656753
288,1,0,0.2266803401,1854,0.5799998425,0.09118206181
288,1,0,0.2266803401,1855,0.5797971868,0.09124515045
288,1,0,0.2266803401,1856,0.5795934369,0.09130855638
288,1,0,0.2266803401,1857,0.579382338,0.09137500703
288,1,0,0.2266803401,1858,0.5791667655,0.09144367974
288,1,0,0.2266803401,1859,0.5789527567,0.09151286147
288,1,0,0.2266803401,1860,0.5787347941,0.09158317761
288,1,0,0.2266803401,1861,0.578520469,0.09164815827
288,1,0,0.2266803401,1862,0.578317349,0.09170691165
288,1,0,0.2266803401,1863,0.5781138021,0.09176766507
288,1,0,0.2266803401,1864,0.5779081522,0.09183070824
288,1,0,0.2266803401,1865,0.5777002066,0.0918945919
288,1,0,0.2266803401,1866,0.5774946874,0.09196320135
288,1,0,0.2266803401,1867,0.5772890199,0.09203006573
288,1,0,0.2266803401,1868,0.5770902371,0.09209280153
288,1,0,0.2266803401,1869,0.5768844112,0.09215808668
288,1,0,0.2266803401,1870,0.5766842531,0.0922237132
288,1,0,0.2266803401,1871,0.5764828314,0.09228983302
288,1,0,0.2266803401,1872,0.5762788201,0.09235795876
288,1,0,0.2266803401,1873,0.5760676367,0.09242919336
288,1,0,0.2266803401,1874,0.575859371,0.0924937643
288,1,0,0.2266803401,1875,0.5756525554,0.09255820358
288,1,0,0.2266803401,1876,0.5754490422,0.09262200732
288,1,0,0.2266803401,1877,0.5752404837,0.09268680153
288,1,0,0.2266803401,1878,0.5750350161,0.09274827561
288,1,0,0.2266803401,1879,0.5748328013,0.09281054102
288,1,0,0.2266803401,1880,0.5746236338,0.09288077611
288,1,0,0.2266803401,1881,0.5744144403,0.09295124528
288,1,0,0.2266803401,1882,0.5742097487,0.09301533182
288,1,0,0.2266803401,1883,0.5740111791,0.09307254535
288,1,0,0.2266803401,1884,0.5738126034,0.09313261918
288,1,0,0.2266803401,1885,0.5736119545,0.093196937
288,1,0,0.2266803401,1886,0.5734037678,0.0932609035
288,1,0,0.2266803401,1887,0.5731971453,0.09332366022
288,1,0,0.2266803401,1888,0.5729968481,0.09338790557
288,1,0,0.2266803401,1889,0.5728071931,0.0934487485
288,1,0,0.2266803401,1890,0.5726150737,0.09350372313
288,1,0,0.2266803401,1891,0.5724252287,0.09355862191
288,1,0,0.2266803401,1892,0.5722228998,0.09361786642
288,1,0,0.2266803401,1893,0.5720184375,0.09367914641
288,1,0,0.2266803401,1894,0.5718100563,0.09374510695
288,1,0,0.2266803401,1895,0.5716019566,0.09381021092
288,1,0,0.2266803401,1896,0.5713955419,0.09387316888
288,1,0,0.2266803401,1897,0.5711955298,0.09393136115
288,1,0,0.2266803401,1898,0.5709951159,0.09398891294
288,1,0,0.2266803401,1899,0.5707908407,0.09404501744
288,1,0,0.2266803401,1900,0.5705889287,0.09410379342
288,1,0,0.2266803401,1901,0.5703883457,0.09416181405
288,1,0,0.2266803401,1902,0.570183453,0.09422150887
288,1,0,0.2266803401,1903,0.5699754391,0.09428488738
288,1,0,0.2266803401,1904,0.569767687,0.09435014807
288,1,0,0.2266803401,1905,0.5695640656,0.09441108708
288,1,0,0.2266803401,1906,0.5693627422,0.09447002065
288,1,0,0.2266803401,1907,0.5691608727,0.0945266044
288,1,0,0.2266803401,1908,0.5689663012,0.09458299943
288,1,0,0.2266803401,1909,0.5687694053,0.09464239224
288,1,0,0.2266803401,1910,0.5685689792,0.09470736368
288,1,0,0.2266803401,1911,0.5683624009,0.09477327433
288,1,0,0.2266803401,1912,0.5681617172,0.09483832306
288,1,0,0.2266803401,1913,0.5679596117,0.09490338374
288,1,0,0.2266803401,1914,0.5677606064,0.09497014296
288,1,0,0.2266803401,1915,0.5675510402,0.09503883084
288,1,0,0.2266803401,1916,0.5673447592,0.09510316392
288,1,0,0.2266803401,1917,0.5671451724,0.09516577891
288,1,0,0.2266803401,1918,0.566951195,0.09523022702
288,1,0,0.2266803401,1919,0.5667634729,0.09529316649
288,1,0,0.2266803401,1920,0.5665786915,0.09535209322
288,1,0,0.2266803401,1921,0.5663955093,0.09541085824
288,1,0,0.2266803401,1922,0.5662138203,0.09547117613
288,1,0,0.2266803401,1923,0.5660324377,0.09553411543
288,1,0,0.2266803401,1924,0.5658482176,0.09559379939
288,1,0,0.2266803401,1925,0.5656635525,0.09565246499
288,1,0,0.2266803401,1926,0.5654788904,0.09571714272
288,1,0,0.2266803401,1927,0.565290581,0.09578302366
288,1,0,0.2266803401,1928,0.5651058154,0.09584479626
288,1,0,0.2266803401,1929,0.5649203624,0.09590757816
288,1,0,0.2266803401,1930,0.5647309829,0.09597023382
288,1,0,0.2266803401,1931,0.5645387322,0.09603472391
288,1,0,0.2266803401,1932,0.5643500388,0.09609843084
288,1,0,0.2266803401,1933,0.5641664907,0.09615963759
288,1,0,0.2266803401,1934,0.5639838607,0.09621862881
288,1,0,0.2266803401,1935,0.5637939047,0.09628190261
288,1,0,0.2266803401,1936,0.5636016693,0.09635066509
288,1,0,0.2266803401,1937,0.5634141125,0.09641901642
288,1,0,0.2266803401,1938,0.5632359014,0.09648354879
288,1,0,0.2266803401,1939,0.5630550724,0.09654887703
288,1,0,0.2266803401,1940,0.5628683669,0.09661231435
288,1,0,0.2266803401,1941,0.5626875056,0.09667717574
288,1,0,0.2266803401,1942,0.5625028755,0.09674742151
288,1,0,0.2266803401,1943,0.5623203913,0.09681755162
288,1,0,0.2266803401,1944,0.5621390781,0.09688792493
288,1,0,0.2266803401,1945,0.5619508567,0.09695339121
288,1,0,0.2266803401,1946,0.5617615336,0.09702119614
288,1,0,0.2266803401,1947,0.5615678748,0.09708875837
288,1,0,0.2266803401,1948,0.5613667497,0.09715959004
288,1,0,0.2266803401,1949,0.5611633794,0.09723003224
288,1,0,0.2266803401,1950,0.5609629276,0.09730043415
288,1,0,0.2266803401,1951,0.560753723,0.09737566565
288,1,0,0.2266803401,1952,0.5605458393,0.09745017669
288,1,0,0.2266803401,1953,0.5603381231,0.09752046027
288,1,0,0.2266803401,1954,0.5601244007,0.09758811857
288,1,0,0.2266803401,1955,0.5599097376,0.09765613932
288,1,0,0.2266803401,1956,0.559699252,0.09772074931
288,1,0,0.2266803401,1957,0.5594868394,0.09778551706
288,1,0,0.2266803401,1958,0.5592723494,0.09785169546
288,1,0,0.2266803401,1959,0.5590456316,0.09792027649
288,1,0,0.2266803401,1960,0.55882132,0.09799336885
288,1,0,0.2266803401,1961,0.5585957046,0.09807123425
288,1,0,0.2266803401,1962,0.5583697704,0.09815163223
288,1,0,0.2266803401,1963,0.5581438534,0.09822944944
288,1,0,0.2266803401,1964,0.5579242214,0.09830881319
288,1,0,0.2266803401,1965,0.5577007881,0.09838786633
288,1,0,0.2266803401,1966,0.5574773878,0.09846407009
288,1,0,0.2266803401,1967,0.5572545636,0.09853929443
288,1,0,0.2266803401,1968,0.5570343558,0.09861389461
288,1,0,0.2266803401,1969,0.5568083954,0.09868907598
288,1,0,0.2266803401,1970,0.556584686,0.09876308404
288,1,0,0.2266803401,1971,0.5563677232,0.09883681301
288,1,0,0.2266803401,1972,0.5561496608,0.09891153496
288,1,0,0.2266803401,1973,0.5559329659,0.09898786739
288,1,0,0.2266803401,1974,0.5557212967,0.09906226562
288,1,0,0.2266803401,1975,0.55550595,0.09913582023
288,1,0,0.2266803401,1976,0.5552897248,0.09921171646
288,1,0,0.2266803401,1977,0.5550750766,0.09929058332
288,1,0,0.2266803401,1978,0.5548676135,0.09936602102
288,1,0,0.2266803401,1979,0.5546536666,0.09944514536
288,1,0,0.2266803401,1980,0.5544330283,0.09952318404
288,1,0,0.2266803401,1981,0.5542219681,0.09959629939
288,1,0,0.2266803401,1982,0.5540135402,0.09966649616
288,1,0,0.2266803401,1983,0.5538030495,0.09973545516
288,1,0,0.2266803401,1984,0.5535941288,0.09980339126
288,1,0,0.2266803401,1985,0.5533893814,0.09987208314
288,1,0,0.2266803401,1986,0.5531867937,0.09993546129
288,1,0,0.2266803401,1987,0.5529865301,0.0999955149
288,1,0,0.2266803401,1988,0.552782526,0.1000566804
288,1,0,0.2266803401,1989,0.5525808426,0.1001187324
288,1,0,0.2266803401,1990,0.5523885613,0.1001789467
288,1,0,0.2266803401,1991,0.5521973803,0.1002390104
288,1,0,0.2266803401,1992,0.552006134,0.1003013104
288,1,0,0.2266803401,1993,0.5518129856,0.1003638381
288,1,0,0.2266803401,1994,0.5516286353,0.1004226068
288,1,0,0.2266803401,1995,0.5514489384,0.1004763449
288,1,0,0.2266803401,1996,0.5512683587,0.100531707
288,1,0,0.2266803401,1997,0.5510806541,0.1005911755
288,1,0,0.2266803401,1998,0.5508892732,0.1006500982
288,1,0,0.2266803401,1999,0.55070095,0.1007105975
288,1,0,0.2266803401,2000,0.5505146839,0.1007666172
288,1,0,0.2266803401,2001,0.5503280195,0.1008220932
288,1,0,0.2266803401,2002,0.5501304082,0.1008795872
288,1,0,0.2266803401,2003,0.5499305451,0.1009377088
288,1,0,0.2266803401,2004,0.5497358027,0.1009944866
288,1,0,0.2266803401,2005,0.549534871,0.1010501339
288,1,0,0.2266803401,2006,0.5493418032,0.1011050343
288,1,0,0.2266803401,2007,0.5491477143,0.1011623917
288,1,0,0.2266803401,2008,0.5489450536,0.1012247376
288,1,0,0.2266803401,2009,0.5487470335,0.1012866653
288,1,0,0.2266803401,2010,0.5485473662,0.1013468235
288,1,0,0.2266803401,2011,0.5483517227,0.1014064737
288,1,0,0.2266803401,2012,0.5481592411,0.1014631704
288,1,0,0.2266803401,2013,0.5479653373,0.1015203169
288,1,0,0.2266803401,2014,0.5477683675,0.1015806924
288,1,0,0.2266803401,2015,0.5475779448,0.101636796
288,1,0,0.2266803401,2016,0.5473870998,0.1016937879
288,1,0,0.2266803401,2017,0.5471896649,0.1017560445
288,1,0,0.2266803401,2018,0.5469824921,0.1018252353
288,1,0,0.2266803401,2019,0.546774178,0.1018971575
288,1,0,0.2266803401,2020,0.5465703685,0.1019643226
288,1,0,0.2266803401,2021,0.5463678767,0.1020311984
288,1,0,0.2266803401,2022,0.5461560514,0.1021015739
288,1,0,0.2266803401,2023,0.5459456306,0.1021700308
288,1,0,0.2266803401,2024,0.5457459044,0.1022365909
288,1,0,0.2266803401,2025,0.5455507559,0.1023052122
288,1,0,0.2266803401,2026,0.545353848,0.1023727474
288,1,0,0.2266803401,2027,0.5451542096,0.1024412606
288,1,0,0.2266803401,2028,0.5449537748,0.1025098134
288,1,0,0.2266803401,2029,0.5447507214,0.1025816204
288,1,0,0.2266803401,2030,0.5445561981,0.1026513186
288,1,0,0.2266803401,2031,0.5443573669,0.1027244955
288,1,0,0.2266803401,2032,0.544163256,0.1027980078
288,1,0,0.2266803401,2033,0.5439603083,0.1028730067
288,1,0,0.2266803401,2034,0.5437557928,0.1029438038
288,1,0,0.2266803401,2035,0.5435495988,0.1030162434
288,1,0,0.2266803401,2036,0.5433530519,0.1030860271
288,1,0,0.2266803401,2037,0.5431649724,0.1031502507
288,1,0,0.2266803401,2038,0.5429768372,0.1032147227
288,1,0,0.2266803401,2039,0.5427888718,0.1032767161
288,1,0,0.2266803401,2040,0.542603442,0.1033348871
288,1,0,0.2266803401,2041,0.5424171046,0.1033983633
288,1,0,0.2266803401,2042,0.5422283257,0.1034644567
288,1,0,0.2266803401,2043,0.5420390719,0.1035322404
288,1,0,0.2266803401,2044,0.5418586661,0.1035947924
288,1,0,0.2266803401,2045,0.5416805313,0.10365675
288,1,0,0.2266803401,2046,0.5415039325,0.1037155131
288,1,0,0.2266803401,2047,0.5413246337,0.1037757796
288,1,0,0.2266803401,2048,0.5411410385,0.1038401836
288,1,0,0.2266803401,2049,0.5409649835,0.1038996974
288,1,0,0.2266803401,2050,0.5407805196,0.1039620855
288,1,0,0.2266803401,2051,0.5405941139,0.104024638
288,1,0,0.2266803401,2052,0.5404135067,0.1040863723
288,1,0,0.2266803401,2053,0.5402233773,0.1041506513
288,1,0,0.2266803401,2054,0.5400351961,0.1042104006
288,1,0,0.2266803401,2055,0.5398466335,0.1042659863
288,1,0,0.2266803401,2056,0.539648835,0.1043250879
288,1,0,0.2266803401,2057,0.5394398111,0.1043872579
288,1,0,0.2266803401,2058,0.539224573,0.1044525459
288,1,0,0.2266803401,2059,0.5390134559,0.1045148223
288,1,0,0.2266803401,2060,0.5388042095,0.1045775596
288,1,0,0.2266803401,2061,0.5385921714,0.1046451867
288,1,0,0.2266803401,2062,0.5383817824,0.1047100145
288,1,0,0.2266803401,2063,0.5381775126,0.1047705617
288,1,0,0.2266803401,2064,0.5379752649,0.1048300395
288,1,0,0.2266803401,2065,0.5377692183,0.1048928592
288,1,0,0.2266803401,2066,0.5375638648,0.1049581236
288,1,0,0.2266803401,2067,0.5373624915,0.1050245262
288,1,0,0.2266803401,2068,0.5371586367,0.1050899185
288,1,0,0.2266803401,2069,0.5369534847,0.1051581282
288,1,0,0.2266803401,2070,0.5367514196,0.1052234503
288,1,0,0.2266803401,2071,0.5365548464,0.1052884094
288,1,0,0.2266803401,2072,0.5363601918,0.1053514863
288,1,0,0.2266803401,2073,0.5361732579,0.105414222
288,1,0,0.2266803401,2074,0.5359877663,0.1054762634
288,1,0,0.2266803401,2075,0.535805362,0.1055354569
288,1,0,0.2266803401,2076,0.5356044581,0.1056059143
288,1,0,0.2266803401,2077,0.5353989218,0.1056800452
288,1,0,0.2266803401,2078,0.5351968602,0.1057504795
288,1,0,0.2266803401,2079,0.5350015655,0.1058177845
288,1,0,0.2266803401,2080,0.5348103898,0.1058837787
288,1,0,0.2266803401,2081,0.5346140286,0.1059531002
288,1,0,0.2266803401,2082,0.5344076785,0.1060271689
288,1,0,0.2266803401,2083,0.5342050172,0.1060985647
288,1,0,0.2266803401,2084,0.534001954,0.1061699634
288,1,0,0.2266803401,2085,0.5337955683,0.106241792
288,1,0,0.2266803401,2086,0.5335843629,0.1063175466
288,1,0,0.2266803401,2087,0.5333801427,0.1063907548
288,1,0,0.2266803401,2088,0.5331838213,0.106458552
288,1,0,0.2266803401,2089,0.5329954531,0.1065254691
288,1,0,0.2266803401,2090,0.5328114552,0.1065901675
288,1,0,0.2266803401,2091,0.5326239856,0.1066583985
288,1,0,0.2266803401,2092,0.5324302598,0.1067292237
288,1,0,0.2266803401,2093,0.5322372508,0.1067987564
288,1,0,0.2266803401,2094,0.5320471502,0.1068667918
288,1,0,0.2266803401,2095,0.5318547182,0.1069339418
288,1,0,0.2266803401,2096,0.5316587144,0.1070022222
288,1,0,0.2266803401,2097,0.5314632217,0.1070717434
288,1,0,0.2266803401,2098,0.53127058,0.1071394475
288,1,0,0.2266803401,2099,0.5310713538,0.1072103988
288,1,0,0.2266803401,2100,0.5308718687,0.1072826414
288,1,0,0.2266803401,2101,0.530668689,0.1073544086
288,1,0,0.2266803401,2102,0.5304661744,0.1074307108
288,1,0,0.2266803401,2103,0.5302690102,0.1075013591
288,1,0,0.2266803401,2104,0.530078561,0.1075675988
288,1,0,0.2266803401,2105,0.5298854464,0.107636744
288,1,0,0.2266803401,2106,0.5296893902,0.1077068025
288,1,0,0.2266803401,2107,0.5294980462,0.1077773373
288,1,0,0.2266803401,2108,0.529306558,0.1078491681
288,1,0,0.2266803401,2109,0.5291153203,0.1079215586
288,1,0,0.2266803401,2110,0.5289245858,0.1079914357
288,1,0,0.2266803401,2111,0.5287294311,0.1080610551
288,1,0,0.2266803401,2112,0.5285426666,0.1081281927
288,1,0,0.2266803401,2113,0.5283489869,0.1081975817
288,1,0,0.2266803401,2114,0.5281476749,0.1082706835
288,1,0,0.2266803401,2115,0.5279496046,0.1083399541
288,1,0,0.2266803401,2116,0.5277541046,0.1084099887
288,1,0,0.2266803401,2117,0.5275602125,0.1084790448
288,1,0,0.2266803401,2118,0.5273615275,0.1085495005
288,1,0,0.2266803401,2119,0.5271596359,0.10862153
288,1,0,0.2266803401,2120,0.5269646734,0.1086925495
288,1,0,0.2266803401,2121,0.5267750755,0.108759805
288,1,0,0.2266803401,2122,0.5265873686,0.1088291004
288,1,0,0.2266803401,2123,0.5263994388,0.10889722
288,1,0,0.2266803401,2124,0.5262119669,0.1089607012
288,1,0,0.2266803401,2125,0.5260161284,0.1090273349
288,1,0,0.2266803401,2126,0.525819882,0.1090963478
288,1,0,0.2266803401,2127,0.5256291459,0.1091627479
288,1,0,0.2266803401,2128,0.5254295453,0.1092289831
288,1,0,0.2266803401,2129,0.5252379436,0.1092924346
288,1,0,0.2266803401,2130,0.5250446758,0.1093577912
288,1,0,0.2266803401,2131,0.5248468905,0.1094201335
288,1,0,0.2266803401,2132,0.5246488075,0.1094781076
288,1,0,0.2266803401,2133,0.5244442958,0.1095418897
288,1,0,0.2266803401,2134,0.5242412452,0.1096048369
288,1,0,0.2266803401,2135,0.5240409851,0.1096642068
288,1,0,0.2266803401,2136,0.5238414968,0.1097280919
288,1,0,0.2266803401,2137,0.5236407336,0.1097925438
288,1,0,0.2266803401,2138,0.5234414273,0.109852534
288,1,0,0.2266803401,2139,0.5232508884,0.1099100136
288,1,0,0.2266803401,2140,0.5230604502,0.1099673148
288,1,0,0.2266803401,2141,0.5228704059,0.1100240972
288,1,0,0.2266803401,2142,0.5226797284,0.1100844147
288,1,0,0.2266803401,2143,0.5224938869,0.1101434944
288,1,0,0.2266803401,2144,0.5223122677,0.1101989398
288,1,0,0.2266803401,2145,0.5221276013,0.1102566057
288,1,0,0.2266803401,2146,0.5219404674,0.1103146067
288,1,0,0.2266803401,2147,0.5217513098,0.1103748251
288,1,0,0.2266803401,2148,0.5215655354,0.1104390189
288,1,0,0.2266803401,2149,0.5213844727,0.1105016153
288,1,0,0.2266803401,2150,0.5211966903,0.1105635997
288,1,0,0.2266803401,2151,0.5210098271,0.1106288337
288,1,0,0.2266803401,2152,0.5208264576,0.1106928502
288,1,0,0.2266803401,2153,0.520648864,0.1107565866
288,1,0,0.2266803401,2154,0.520463931,0.1108254982
288,1,0,0.2266803401,2155,0.5202794729,0.1108941411
288,1,0,0.2266803401,2156,0.5201014423,0.1109588413
288,1,0,0.2266803401,2157,0.5199269278,0.1110245238
288,1,0,0.2266803401,2158,0.5197446376,0.111092585
288,1,0,0.2266803401,2159,0.5195647528,0.1111566954
288,1,0,0.2266803401,2160,0.519391242,0.1112176965
288,1,0,0.2266803401,2161,0.5192096415,0.11128213
288,1,0,0.2266803401,2162,0.5190293082,0.1113473245
288,1,0,0.2266803401,2163,0.5188552838,0.1114105375
288,1,0,0.2266803401,2164,0.5186793149,0.1114762624
288,1,0,0.2266803401,2165,0.5185063195,0.1115397385
288,1,0,0.2266803401,2166,0.5183259782,0.1116078543
288,1,0,0.2266803401,2167,0.5181458855,0.1116763011
288,1,0,0.2266803401,2168,0.5179657448,0.1117446827
288,1,0,0.2266803401,2169,0.5177793117,0.1118135777
288,1,0,0.2266803401,2170,0.5175922551,0.111883274
288,1,0,0.2266803401,2171,0.5174011071,0.1119552587
288,1,0,0.2266803401,2172,0.517207927,0.1120290667
288,1,0,0.2266803401,2173,0.5170206506,0.1120965132
288,1,0,0.2266803401,2174,0.5168308106,0.1121665421
288,1,0,0.2266803401,2175,0.5166427558,0.1122345883
288,1,0,0.2266803401,2176,0.5164616687,0.1123039359
288,1,0,0.2266803401,2177,0.5162796177,0.1123716061
288,1,0,0.2266803401,2178,0.5160936478,0.1124403923
288,1,0,0.2266803401,2179,0.5159071328,0.112508767
288,1,0,0.2266803401,2180,0.515727261,0.1125771271
288,1,0,0.2266803401,2181,0.5155478535,0.1126413943
288,1,0,0.2266803401,2182,0.5153570726,0.1127095203
288,1,0,0.2266803401,2183,0.5151693209,0.1127770177
288,1,0,0.2266803401,2184,0.5149752686,0.1128475088
288,1,0,0.2266803401,2185,0.5147902024,0.1129141016
288,1,0,0.2266803401,2186,0.5146074744,0.1129768524
288,1,0,0.2266803401,2187,0.5144285977,0.1130398474
288,1,0,0.2266803401,2188,0.5142426949,0.1130997987
288,1,0,0.2266803401,2189,0.5140534906,0.1131634279
288,1,0,0.2266803401,2190,0.5138678893,0.1132275361
288,1,0,0.2266803401,2191,0.5136856371,0.1132863382
288,1,0,0.2266803401,2192,0.5135017015,0.1133455114
288,1,0,0.2266803401,2193,0.5133220389,0.1134048992
288,1,0,0.2266803401,2194,0.5131367238,0.1134678095
288,1,0,0.2266803401,2195,0.5129492256,0.1135289206
288,1,0,0.2266803401,2196,0.5127678346,0.1135881874
288,1,0,0.2266803401,2197,0.5125891828,0.113649956
288,1,0,0.2266803401,2198,0.5124090008,0.1137093423
288,1,0,0.2266803401,2199,0.5122251164,0.1137714633
288,1,0,0.2266803401,2200,0.5120385546,0.1138371771
288,1,0,0.2266803401,2201,0.5118479559,0.1139048147
288,1,0,0.2266803401,2202,0.5116602465,0.1139698739
288,1,0,0.2266803401,2203,0.5114701392,0.1140349357
288,1,0,0.2266803401,2204,0.5112857757,0.1140975955
288,1,0,0.2266803401,2205,0.5110994166,0.1141610385
288,1,0,0.2266803401,2206,0.5109043886,0.1142262145
288,1,0,0.2266803401,2207,0.5107112019,0.1142942914
288,1,0,0.2266803401,2208,0.5105272377,0.1143537787
288,1,0,0.2266803401,2209,0.5103427675,0.114413324
288,1,0,0.2266803401,2210,0.5101590548,0.114479836
288,1,0,0.2266803401,2211,0.5099748922,0.1145483077
288,1,0,0.2266803401,2212,0.5097941982,0.1146091329
288,1,0,0.2266803401,2213,0.5096079755,0.1146687769
288,1,0,0.2266803401,2214,0.5094245857,0.114729053
288,1,0,0.2266803401,2215,0.5092370502,0.1147901666
288,1,0,0.2266803401,2216,0.5090514116,0.1148457494
288,1,0,0.2266803401,2217,0.5088643033,0.1148973378
288,1,0,0.2266803401,2218,0.5086743871,0.1149549086
288,1,0,0.2266803401,2219,0.508482652,0.1150150389
288,1,0,0.2266803401,2220,0.508292499,0.1150740446
288,1,0,0.2266803401,2221,0.5081019381,0.1151340455
288,1,0,0.2266803401,2222,0.5079087377,0.1151979463
288,1,0,0.2266803401,2223,0.5077168979,0.1152629486
288,1,0,0.2266803401,2224,0.5075389305,0.115322113
288,1,0,0.2266803401,2225,0.5073661171,0.1153763278
288,1,0,0.2266803401,2226,0.507194959,0.1154250488
288,1,0,0.2266803401,2227,0.5070237489,0.1154725511
288,1,0,0.2266803401,2228,0.5068531088,0.1155247251
288,1,0,0.2266803401,2229,0.5066734877,0.1155826491
288,1,0,0.2266803401,2230,0.5064991226,0.1156392784
288,1,0,0.2266803401,2231,0.5063240867,0.115696213
288,1,0,0.2266803401,2232,0.5061450473,0.1157529071
288,1,0,0.2266803401,2233,0.5059710913,0.1158045741
288,1,0,0.2266803401,2234,0.5058028865,0.1158539751
288,1,0,0.2266803401,2235,0.5056402013,0.1159084796
288,1,0,0.2266803401,2236,0.5054690618,0.1159691062
288,1,0,0.2266803401,2237,0.5052987496,0.1160302067
288,1,0,0.2266803401,2238,0.5051290222,0.1160875601
288,1,0,0.2266803401,2239,0.5049552622,0.1161465003
288,1,0,0.2266803401,2240,0.504784752,0.1162070369
288,1,0,0.2266803401,2241,0.5046243174,0.1162662208
288,1,0,0.2266803401,2242,0.5044597089,0.1163289088
288,1,0,0.2266803401,2243,0.5042897776,0.1163949674
288,1,0,0.2266803401,2244,0.5041127608,0.1164641273
288,1,0,0.2266803401,2245,0.5039355615,0.1165341764
288,1,0,0.2266803401,2246,0.5037529326,0.1166033018
288,1,0,0.2266803401,2247,0.5035775878,0.1166636796
288,1,0,0.2266803401,2248,0.5034060265,0.1167231435
288,1,0,0.2266803401,2249,0.5032384335,0.1167799319
288,1,0,0.2266803401,2250,0.5030739875,0.1168370434
288,1,0,0.2266803401,2251,0.502899824,0.1168973092
288,1,0,0.2266803401,2252,0.5027199359,0.116959161
288,1,0,0.2266803401,2253,0.5025403486,0.1170150175
288,1,0,0.2266803401,2254,0.5023590548,0.1170694563
288,1,0,0.2266803401,2255,0.502177959,0.1171185525
288,1,0,0.2266803401,2256,0.5020008558,0.1171640942
288,1,0,0.2266803401,2257,0.5018191939,0.1172115595
288,1,0,0.2266803401,2258,0.501639343,0.1172602109
288,1,0,0.2266803401,2259,0.5014626156,0.1173054955
288,1,0,0.2266803401,2260,0.5012897131,0.1173538928
288,1,0,0.2266803401,2261,0.5011193475,0.1173997226
288,1,0,0.2266803401,2262,0.5009465597,0.1174473327
288,1,0,0.2266803401,2263,0.5007736622,0.1174992642
288,1,0,0.2266803401,2264,0.5005984722,0.1175493424
288,1,0,0.2266803401,2265,0.5004165883,0.1176017118
288,1,0,0.2266803401,2266,0.5002346009,0.1176562916
288,1,0,0.2266803401,2267,0.5000576519,0.1177112305
288,1,0,0.2266803401,2268,0.4998888251,0.117758999
288,1,0,0.2266803401,2269,0.4997167184,0.117807901
288,1,0,0.2266803401,2270,0.4995528144,0.1178555795
288,1,0,0.2266803401,2271,0.4993908261,0.1179014216
288,1,0,0.2266803401,2272,0.4992265281,0.1179464809
288,1,0,0.2266803401,2273,0.4990615001,0.1179929302
288,1,0,0.2266803401,2274,0.4988949419,0.1180384313
288,1,0,0.2266803401,2275,0.4987204152,0.118084536
288,1,0,0.2266803401,2276,0.4985425505,0.1181320943
288,1,0,0.2266803401,2277,0.4983662569,0.1181820412
288,1,0,0.2266803401,2278,0.4981835727,0.1182356464
288,1,0,0.2266803401,2279,0.4980104458,0.1182857391
288,1,0,0.2266803401,2280,0.4978408235,0.1183361424
288,1,0,0.2266803401,2281,0.497667544,0.1183872874
288,1,0,0.2266803401,2282,0.4974946854,0.1184357688
288,1,0,0.2266803401,2283,0.4973300583,0.1184808125
288,1,0,0.2266803401,2284,0.4971698437,0.1185305006
288,1,0,0.2266803401,2285,0.497008907,0.1185787736
288,1,0,0.2266803401,2286,0.4968486774,0.1186209409
288,1,0,0.2266803401,2287,0.4966910847,0.1186640985
288,1,0,0.2266803401,2288,0.4965328663,0.1187116203
288,1,0,0.2266803401,2289,0.4963791518,0.1187600302
288,1,0,0.2266803401,2290,0.4962200889,0.1188098303
288,1,0,0.2266803401,2291,0.4960679807,0.118854802
288,1,0,0.2266803401,2292,0.4959155202,0.1189011291
288,1,0,0.2266803401,2293,0.4957641591,0.1189497183
288,1,0,0.2266803401,2294,0.4956205534,0.1189970439
288,1,0,0.2266803401,2295,0.4954647894,0.1190476822
288,1,0,0.2266803401,2296,0.4953062707,0.1190990152
288,1,0,0.2266803401,2297,0.4951511326,0.1191473398
288,1,0,0.2266803401,2298,0.4949973518,0.1191967654
288,1,0,0.2266803401,2299,0.4948407498,0.1192434812
288,1,0,0.2266803401,2300,0.4946852411,0.1192890961
288,1,0,0.2266803401,2301,0.4945303333,0.1193321981
288,1,0,0.2266803401,2302,0.4943767402,0.1193741371
288,1,0,0.2266803401,2303,0.4942307185,0.1194091177
288,1,0,0.2266803401,2304,0.494075157,0.1194461259
288,1,0,0.2266803401,2305,0.4939206526,0.1194871802
288,1,0,0.2266803401,2306,0.4937650343,0.1195286192
288,1,0,0.2266803401,2307,0.4936165727,0.1195628007
288,1,0,0.2266803401,2308,0.4934652086,0.1195992307
288,1,0,0.2266803401,2309,0.4933084707,0.1196383498
288,1,0,0.2266803401,2310,0.4931552332,0.1196783698
288,1,0,0.2266803401,2311,0.493005303,0.1197195192
288,1,0,0.2266803401,2312,0.4928587041,0.1197562835
288,1,0,0.2266803401,2313,0.4927144668,0.1197912465
288,1,0,0.2266803401,2314,0.4925604153,0.1198270274
288,1,0,0.2266803401,2315,0.492406081,0.11986784
288,1,0,0.2266803401,2316,0.4922514154,0.1199082995
288,1,0,0.2266803401,2317,0.4920983881,0.1199446338
288,1,0,0.2266803401,2318,0.4919438527,0.119980902
288,1,0,0.2266803401,2319,0.4917906831,0.1200262829
288,1,0,0.2266803401,2320,0.4916477473,0.1200669859
288,1,0,0.2266803401,2321,0.4915077976,0.1201077199
288,1,0,0.2266803401,2322,0.4913606791,0.1201508318
288,1,0,0.2266803401,2323,0.4912105448,0.1201955772
288,1,0,0.2266803401,2324,0.4910544238,0.1202384942
288,1,0,0.2266803401,2325,0.4908911191,0.1202900294
288,1,0,0.2266803401,2326,0.4907280592,0.1203409007
288,1,0,0.2266803401,2327,0.4905755473,0.1203854006
288,1,0,0.2266803401,2328,0.4904197804,0.1204311752
288,1,0,0.2266803401,2329,0.4902644844,0.1204790318
288,1,0,0.2266803401,2330,0.4901049798,0.1205326598
288,1,0,0.2266803401,2331,0.4899412135,0.1205873245
288,1,0,0.2266803401,2332,0.4897853958,0.1206385484
288,1,0,0.2266803401,2333,0.4896258056,0.1206906382
288,1,0,0.2266803401,2334,0.4894601377,0.1207422766
288,1,0,0.2266803401,2335,0.4892919162,0.1207982836
288,1,0,0.2266803401,2336,0.4891192934,0.1208548985
288,1,0,0.2266803401,2337,0.4889546767,0.1209107128
288,1,0,0.2266803401,2338,0.4887978226,0.1209634642
288,1,0,0.2266803401,2339,0.4886437203,0.1210170369
288,1,0,0.2266803401,2340,0.4884958314,0.1210649263
288,1,0,0.2266803401,2341,0.4883480501,0.1211096734
288,1,0,0.2266803401,2342,0.4881959976,0.1211571134
288,1,0,0.2266803401,2343,0.4880449867,0.1212041611
288,1,0,0.2266803401,2344,0.4878983795,0.121253151
288,1,0,0.2266803401,2345,0.4877568,0.1212994964
288,1,0,0.2266803401,2346,0.4876184713,0.1213426017
288,1,0,0.2266803401,2347,0.4874801856,0.1213868897
288,1,0,0.2266803401,2348,0.4873367968,0.1214334807
288,1,0,0.2266803401,2349,0.4871909061,0.1214842875
288,1,0,0.2266803401,2350,0.4870461799,0.1215351197
288,1,0,0.2266803401,2351,0.4869059111,0.1215852909
288,1,0,0.2266803401,2352,0.4867602799,0.1216364954
288,1,0,0.2266803401,2353,0.4866097413,0.1216860048
288,1,0,0.2266803401,2354,0.4864626038,0.1217332365
288,1,0,0.2266803401,2355,0.4863170586,0.1217807292
288,1,0,0.2266803401,2356,0.4861659903,0.1218300034
288,1,0,0.2266803401,2357,0.4860162503,0.1218782572
288,1,0,0.2266803401,2358,0.4858721129,0.1219210775
288,1,0,0.2266803401,2359,0.4857246577,0.1219622504
288,1,0,0.2266803401,2360,0.4855741856,0.1220086852
288,1,0,0.2266803401,2361,0.4854248118,0.122056052
288,1,0,0.2266803401,2362,0.4852828252,0.1220997967
288,1,0,0.2266803401,2363,0.4851386014,0.1221450016
288,1,0,0.2266803401,2364,0.4849980822,0.1221928136
288,1,0,0.2266803401,2365,0.4848636954,0.1222389488
288,1,0,0.2266803401,2366,0.4847333835,0.1222803886
288,1,0,0.2266803401,2367,0.4846000515,0.122322278
288,1,0,0.2266803401,2368,0.4844613771,0.1223680878
288,1,0,0.2266803401,2369,0.4843127601,0.1224181397
288,1,0,0.2266803401,2370,0.4841761153,0.1224635475
288,1,0,0.2266803401,2371,0.4840445431,0.1225059875
288,1,0,0.2266803401,2372,0.4839164522,0.122546429
288,1,0,0.2266803401,2373,0.4837928613,0.1225858841
288,1,0,0.2266803401,2374,0.4836648105,0.1226286789
288,1,0,0.2266803401,2375,0.4835450954,0.1226702427
288,1,0,0.2266803401,2376,0.4834298074,0.1227087824
288,1,0,0.2266803401,2377,0.483309476,0.1227449376
288,1,0,0.2266803401,2378,0.4831911351,0.1227756409
288,1,0,0.2266803401,2379,0.4830736926,0.1228051524
288,1,0,0.2266803401,2380,0.4829582769,0.122837278
288,1,0,0.2266803401,2381,0.4828460159,0.1228680586
288,1,0,0.2266803401,2382,0.4827303186,0.1228978855
288,1,0,0.2266803401,2383,0.4826104191,0.1229279233
288,1,0,0.2266803401,2384,0.4824881436,0.1229593887
288,1,0,0.2266803401,2385,0.4823606277,0.1229978217
288,1,0,0.2266803401,2386,0.4822364679,0.1230367154
288,1,0,0.2266803401,2387,0.482116193,0.123074947
288,1,0,0.2266803401,2388,0.4819963775,0.1231164177
288,1,0,0.2266803401,2389,0.4818725368,0.1231575397
288,1,0,0.2266803401,2390,0.4817504259,0.1231980164
288,1,0,0.2266803401,2391,0.4816355509,0.1232341293
288,1,0,0.2266803401,2392,0.4815149785,0.1232727869
288,1,0,0.2266803401,2393,0.4813904742,0.1233094395
288,1,0,0.2266803401,2394,0.4812676085,0.1233495387
288,1,0,0.2266803401,2395,0.4811505278,0.1233865655
288,1,0,0.2266803401,2396,0.4810368393,0.1234207877
288,1,0,0.2266803401,2397,0.4809276292,0.1234559858
288,1,0,0.2266803401,2398,0.4808124758,0.1234907544
288,1,0,0.2266803401,2399,0.4806996929,0.123524625
288,1,0,0.2266803401,2400,0.4805841053,0.1235558131
288,1,0,0.2266803401,2401,0.4804647724,0.1235876941
288,1,0,0.2266803401,2402,0.4803409738,0.1236243688
288,1,0,0.2266803401,2403,0.4802197874,0.1236576626
288,1,0,0.2266803401,2404,0.4801024633,0.1236926382
288,1,0,0.2266803401,2405,0.4799920569,0.123728304
288,1,0,0.2266803401,2406,0.4798720359,0.1237669088
288,1,0,0.2266803401,2407,0.4797511903,0.1238016862
288,1,0,0.2266803401,2408,0.4796269513,0.1238362252
288,1,0,0.2266803401,2409,0.479497832,0.1238710999
288,1,0,0.2266803401,2410,0.4793673071,0.1239116231
288,1,0,0.2266803401,2411,0.4792423331,0.1239528052
288,1,0,0.2266803401,2412,0.4791254845,0.123992819
288,1,0,0.2266803401,2413,0.4790070235,0.1240317756
288,1,0,0.2266803401,2414,0.4788936941,0.1240669783
288,1,0,0.2266803401,2415,0.4787761962,0.1241070744
288,1,0,0.2266803401,2416,0.4786476836,0.1241528818
288,1,0,0.2266803401,2417,0.4785318929,0.1241931171
288,1,0,0.2266803401,2418,0.4784106455,0.1242357475
288,1,0,0.2266803401,2419,0.4782861168,0.124275369
288,1,0,0.2266803401,2420,0.4781672228,0.1243125462
288,1,0,0.2266803401,2421,0.4780509461,0.1243481283
288,1,0,0.2266803401,2422,0.4779318543,0.1243854848
288,1,0,0.2266803401,2423,0.4778068469,0.1244272157
288,1,0,0.2266803401,2424,0.4776833171,0.1244672637
288,1,0,0.2266803401,2425,0.4775592108,0.1245081889
288,1,0,0.2266803401,2426,0.477435513,0.124552428
288,1,0,0.2266803401,2427,0.4773126597,0.1245944762
288,1,0,0.2266803401,2428,0.4771966518,0.1246328322
288,1,0,0.2266803401,2429,0.4770801975,0.1246676398
288,1,0,0.2266803401,2430,0.4769682965,0.1246994994
288,1,0,0.2266803401,2431,0.4768622883,0.1247258789
288,1,0,0.2266803401,2432,0.4767506297,0.1247570408
288,1,0,0.2266803401,2433,0.4766404517,0.124783835
288,1,0,0.2266803401,2434,0.4765235953,0.1248135968
288,1,0,0.2266803401,2435,0.4764022413,0.1248456587
288,1,0,0.2266803401,2436,0.4762851546,0.1248742544
288,1,0,0.2266803401,2437,0.4761717161,0.1249022692
288,1,0,0.2266803401,2438,0.4760590224,0.1249325912
288,1,0,0.2266803401,2439,0.4759501368,0.1249648087
288,1,0,0.2266803401,2440,0.4758357848,0.124995008
288,1,0,0.2266803401,2441,0.4757187125,0.125023952
288,1,0,0.2266803401,2442,0.47561319,0.1250520692
288,1,0,0.2266803401,2443,0.4755044174,0.1250827721
288,1,0,0.2266803401,2444,0.4753897811,0.125114592
288,1,0,0.2266803401,2445,0.475286108,0.1251442292
288,1,0,0.2266803401,2446,0.4751811051,0.1251745854
288,1,0,0.2266803401,2447,0.47506176,0.1252049619
288,1,0,0.2266803401,2448,0.474944782,0.125232576
288,1,0,0.2266803401,2449,0.4748263341,0.1252651405
288,1,0,0.2266803401,2450,0.4747121172,0.1252957546
288,1,0,0.2266803401,2451,0.4745977064,0.1253260658
288,1,0,0.2266803401,2452,0.4744813432,0.1253533964
288,1,0,0.2266803401,2453,0.4743732698,0.1253756897
288,1,0,0.2266803401,2454,0.4742661434,0.1253967955
288,1,0,0.2266803401,2455,0.4741580756,0.1254212394
288,1,0,0.2266803401,2456,0.4740473774,0.1254440865
288,1,0,0.2266803401,2457,0.4739482076,0.1254679003
288,1,0,0.2266803401,2458,0.4738456744,0.1254925861
288,1,0,0.2266803401,2459,0.4737446118,0.1255184195
288,1,0,0.2266803401,2460,0.4736448439,0.1255424659
288,1,0,0.2266803401,2461,0.4735486496,0.1255660597
288,1,0,0.2266803401,2462,0.4734557183,0.1255839878
288,1,0,0.2266803401,2463,0.4733598625,0.1256029108
288,1,0,0.2266803401,2464,0.473275396,0.1256191911
288,1,0,0.2266803401,2465,0.4731792052,0.1256393919
288,1,0,0.2266803401,2466,0.4730764542,0.1256564822
288,1,0,0.2266803401,2467,0.4729786074,0.1256756841
288,1,0,0.2266803401,2468,0.472876383,0.1256981647
288,1,0,0.2266803401,2469,0.4727715513,0.1257252673
288,1,0,0.2266803401,2470,0.4726631233,0.1257517273
288,1,0,0.2266803401,2471,0.4725562631,0.1257775484
288,1,0,0.2266803401,2472,0.4724576557,0.1258023145
288,1,0,0.2266803401,2473,0.47236785,0.1258236404
288,1,0,0.2266803401,2474,0.4722731065,0.1258481917
288,1,0,0.2266803401,2475,0.4721789784,0.1258750542
288,1,0,0.2266803401,2476,0.4720879279,0.1258978636
288,1,0,0.2266803401,2477,0.4719991426,0.1259252411
288,1,0,0.2266803401,2478,0.4719175958,0.1259549174
288,1,0,0.2266803401,2479,0.4718252029,0.125988296
288,1,0,0.2266803401,2480,0.4717357144,0.1260178527
288,1,0,0.2266803401,2481,0.4716529744,0.126038731
288,1,0,0.2266803401,2482,0.4715690274,0.1260616405
288,1,0,0.2266803401,2483,0.4714844605,0.1260900154
288,1,0,0.2266803401,2484,0.4713968522,0.1261166182
288,1,0,0.2266803401,2485,0.4713083883,0.1261449437
288,1,0,0.2266803401,2486,0.4712176261,0.1261767562
288,1,0,0.2266803401,2487,0.4711241629,0.1262135578
288,1,0,0.2266803401,2488,0.4710258531,0.1262493243
288,1,0,0.2266803401,2489,0.4709220039,0.12628667
288,1,0,0.2266803401,2490,0.4708247227,0.1263188663
288,1,0,0.2266803401,2491,0.4707394,0.1263482122
288,1,0,0.2266803401,2492,0.4706525148,0.126375676
288,1,0,0.2266803401,2493,0.4705565498,0.126409101
288,1,0,0.2266803401,2494,0.4704612287,0.1264428804
288,1,0,0.2266803401,2495,0.4703628526,0.1264753369
288,1,0,0.2266803401,2496,0.4702575183,0.1265106945
288,1,0,0.2266803401,2497,0.4701542302,0.1265470279
288,1,0,0.2266803401,2498,0.4700555864,0.1265806517
288,1,0,0.2266803401,2499,0.4699579191,0.126613188
288,1,0,0.2266803401,2500,0.4698585066,0.1266445909
288,1,0,0.2266803401,2501,0.4697594772,0.1266750484
288,1,0,0.2266803401,2502,0.4696545378,0.1267063744
288,1,0,0.2266803401,2503,0.4695594238,0.12673396
288,1,0,0.2266803401,2504,0.4694723007,0.126761206
288,1,0,0.2266803401,2505,0.4693830089,0.1267915515
288,1,0,0.2266803401,2506,0.4692912517,0.1268228746
288,1,0,0.2266803401,2507,0.4691946516,0.1268538319
288,1,0,0.2266803401,2508,0.4690994119,0.1268853955
288,1,0,0.2266803401,2509,0.4690122301,0.1269145212
288,1,0,0.2266803401,2510,0.4689242678,0.1269432245
288,1,0,0.2266803401,2511,0.4688255866,0.1269745452
288,1,0,0.2266803401,2512,0.4687173639,0.1270073118
288,1,0,0.2266803401,2513,0.4686237593,0.1270329037
288,1,0,0.2266803401,2514,0.4685268792,0.1270633249
288,1,0,0.2266803401,2515,0.4684301151,0.1270957861
288,1,0,0.2266803401,2516,0.46833996,0.1271260201
288,1,0,0.2266803401,2517,0.4682561426,0.1271551771
288,1,0,0.2266803401,2518,0.4681766369,0.1271821918
288,1,0,0.2266803401,2519,0.4680925838,0.1272137259
288,1,0,0.2266803401,2520,0.4679989002,0.1272484758
288,1,0,0.2266803401,2521,0.4679117389,0.1272794917
288,1,0,0.2266803401,2522,0.4678204863,0.1273097717
288,1,0,0.2266803401,2523,0.4677280027,0.1273397241
288,1,0,0.2266803401,2524,0.4676424632,0.1273632143
288,1,0,0.2266803401,2525,0.4675531142,0.127388549
288,1,0,0.2266803401,2526,0.4674552107,0.1274163968
288,1,0,0.2266803401,2527,0.4673509169,0.1274393687
288,1,0,0.2266803401,2528,0.467245457,0.1274613977
288,1,0,0.2266803401,2529,0.4671362673,0.1274816151
288,1,0,0.2266803401,2530,0.4670195413,0.1275015335
288,1,0,0.2266803401,2531,0.4668998428,0.1275218601
288,1,0,0.2266803401,2532,0.4667847526,0.1275409315
288,1,0,0.2266803401,2533,0.4666832807,0.1275556868
288,1,0,0.2266803401,2534,0.4665873817,0.1275690118
288,1,0,0.2266803401,2535,0.4665007628,0.1275862573
288,1,0,0.2266803401,2536,0.4664107985,0.127602923
288,1,0,0.2266803401,2537,0.4663153331,0.1276161869
288,1,0,0.2266803401,2538,0.4662267962,0.1276264919
288,1,0,0.2266803401,2539,0.4661437245,0.1276401055
288,1,0,0.2266803401,2540,0.4660641676,0.1276536858
288,1,0,0.2266803401,2541,0.4659757519,0.1276703457
288,1,0,0.2266803401,2542,0.4658904601,0.1276875503
288,1,0,0.2266803401,2543,0.4658057813,0.1277033243
288,1,0,0.2266803401,2544,0.4657137032,0.1277244872
288,1,0,0.2266803401,2545,0.4656286082,0.1277447044
288,1,0,0.2266803401,2546,0.4655493823,0.1277624151
288,1,0,0.2266803401,2547,0.4654717839,0.1277758301
288,1,0,0.2266803401,2548,0.465394952,0.1277944119
288,1,0,0.2266803401,2549,0.4653129228,0.1278139096
288,1,0,0.2266803401,2550,0.465232927,0.1278318692
288,1,0,0.2266803401,2551,0.4651500429,0.1278482815
288,1,0,0.2266803401,2552,0.4650650606,0.1278709636
288,1,0,0.2266803401,2553,0.4649856799,0.1278914258
288,1,0,0.2266803401,2554,0.4649036589,0.12790943
288,1,0,0.2266803401,2555,0.4648139262,0.1279301936
288,1,0,0.2266803401,2556,0.464731261,0.1279452836
288,1,0,0.2266803401,2557,0.4646493628,0.1279601076
288,1,0,0.2266803401,2558,0.4645585536,0.1279761823
288,1,0,0.2266803401,2559,0.4644674397,0.1279970386
288,1,0,0.2266803401,2560,0.4643719863,0.128021129
288,1,0,0.2266803401,2561,0.4642746167,0.128044084
288,1,0,0.2266803401,2562,0.464175598,0.1280667101
288,1,0,0.2266803401,2563,0.4640781222,0.1280905824
288,1,0,0.2266803401,2564,0.463980523,0.1281126231
288,1,0,0.2266803401,2565,0.463883004,0.1281333234
288,1,0,0.2266803401,2566,0.4637847738,0.1281558712
288,1,0,0.2266803401,2567,0.4636925183,0.128173472
288,1,0,0.2266803401,2568,0.4636042191,0.1281897428
288,1,0,0.2266803401,2569,0.4635103959,0.128210634
288,1,0,0.2266803401,2570,0.4634182884,0.1282308431
288,1,0,0.2266803401,2571,0.463322645,0.1282574515
288,1,0,0.2266803401,2572,0.4632213977,0.1282869373
288,1,0,0.2266803401,2573,0.4631192216,0.1283133182
288,1,0,0.2266803401,2574,0.4630203545,0.1283368692
288,1,0,0.2266803401,2575,0.4629317098,0.1283580118
288,1,0,0.2266803401,2576,0.4628442961,0.128374143
288,1,0,0.2266803401,2577,0.4627526676,0.1283881234
288,1,0,0.2266803401,2578,0.4626595722,0.1284044565
288,1,0,0.2266803401,2579,0.4625661037,0.1284176958
288,1,0,0.2266803401,2580,0.4624737206,0.1284285074
288,1,0,0.2266803401,2581,0.462381071,0.1284400543
288,1,0,0.2266803401,2582,0.4622870703,0.1284525287
288,1,0,0.2266803401,2583,0.4621917847,0.128469881
288,1,0,0.2266803401,2584,0.4620974919,0.1284877032
288,1,0,0.2266803401,2585,0.4620046363,0.1285047727
288,1,0,0.2266803401,2586,0.4619077017,0.1285223975
288,1,0,0.2266803401,2587,0.4618053335,0.1285370047
288,1,0,0.2266803401,2588,0.4617014884,0.1285536721
288,1,0,0.2266803401,2589,0.4615950963,0.1285708875
288,1,0,0.2266803401,2590,0.4614875846,0.1285879859
288,1,0,0.2266803401,2591,0.4613767673,0.1286070577
288,1,0,0.2266803401,2592,0.4612678785,0.1286241239
288,1,0,0.2266803401,2593,0.4611587815,0.1286426235
288,1,0,0.2266803401,2594,0.4610519801,0.1286568417
288,1,0,0.2266803401,2595,0.4609478467,0.1286711562
288,1,0,0.2266803401,2596,0.4608407415,0.1286875094
288,1,0,0.2266803401,2597,0.4607356763,0.1286999164
288,1,0,0.2266803401,2598,0.4606362135,0.1287117965
288,1,0,0.2266803401,2599,0.460534632,0.1287266488
288,1,0,0.2266803401,2600,0.4604298624,0.1287438948
288,1,0,0.2266803401,2601,0.4603255116,0.1287621279
288,1,0,0.2266803401,2602,0.4602228578,0.12878197
288,1,0,0.2266803401,2603,0.460114331,0.128802869
288,1,0,0.2266803401,2604,0.4600069822,0.1288206463
288,1,0,0.2266803401,2605,0.4599094235,0.1288371187
288,1,0,0.2266803401,2606,0.45981788,0.1288536979
288,1,0,0.2266803401,2607,0.4597263071,0.1288674699
288,1,0,0.2266803401,2608,0.4596284898,0.1288834176
288,1,0,0.2266803401,2609,0.4595290686,0.128898807
288,1,0,0.2266803401,2610,0.4594344334,0.1289133087
288,1,0,0.2266803401,2611,0.4593383047,0.1289277349
288,1,0,0.2266803401,2612,0.459234828,0.1289467699
288,1,0,0.2266803401,2613,0.4591374203,0.1289615258
288,1,0,0.2266803401,2614,0.45904554,0.1289753948
288,1,0,0.2266803401,2615,0.4589565412,0.1289863338
288,1,0,0.2266803401,2616,0.4588686817,0.1289922597
288,1,0,0.2266803401,2617,0.4587803065,0.1289979183
288,1,0,0.2266803401,2618,0.4586974635,0.1290003465
288,1,0,0.2266803401,2619,0.4586158086,0.1289999232
288,1,0,0.2266803401,2620,0.4585272844,0.1290022268
288,1,0,0.2266803401,2621,0.4584400721,0.1290052262
288,1,0,0.2266803401,2622,0.4583532122,0.1290110659
288,1,0,0.2266803401,2623,0.4582730506,0.1290116091
288,1,0,0.2266803401,2624,0.4581878633,0.1290184581
288,1,0,0.2266803401,2625,0.458103164,0.1290242763
288,1,0,0.2266803401,2626,0.4580136195,0.1290303235
288,1,0,0.2266803401,2627,0.4579186578,0.1290408531
288,1,0,0.2266803401,2628,0.45782069,0.1290535065
288,1,0,0.2266803401,2629,0.4577212263,0.1290670152
288,1,0,0.2266803401,2630,0.4576157546,0.1290815365
288,1,0,0.2266803401,2631,0.4575127726,0.1290938558
288,1,0,0.2266803401,2632,0.4574086352,0.1291043357
288,1,0,0.2266803401,2633,0.4573041328,0.129116072
288,1,0,0.2266803401,2634,0.4571946207,0.1291280082
288,1,0,0.2266803401,2635,0.4570909296,0.1291346763
288,1,0,0.2266803401,2636,0.4569812243,0.129139969
288,1,0,0.2266803401,2637,0.4568732138,0.1291435892
288,1,0,0.2266803401,2638,0.4567713012,0.1291459452
288,1,0,0.2266803401,2639,0.4566760361,0.129148273
288,1,0,0.2266803401,2640,0.4565734105,0.1291517082
288,1,0,0.2266803401,2641,0.4564704712,0.1291576025
288,1,0,0.2266803401,2642,0.456376652,0.1291579838
288,1,0,0.2266803401,2643,0.4562768583,0.1291624206
288,1,0,0.2266803401,2644,0.4561721323,0.1291674618
288,1,0,0.2266803401,2645,0.4560668909,0.1291724627
288,1,0,0.2266803401,2646,0.4559677322,0.1291764488
288,1,0,0.2266803401,2647,0.4558656343,0.1291825274
288,1,0,0.2266803401,2648,0.4557589751,0.1291861869
288,1,0,0.2266803401,2649,0.4556568956,0.1291870079
288,1,0,0.2266803401,2650,0.4555573368,0.1291905732
288,1,0,0.2266803401,2651,0.4554600371,0.1291931874
288,1,0,0.2266803401,2652,0.4553662421,0.1291924859
288,1,0,0.2266803401,2653,0.4552737349,0.1291909994
288,1,0,0.2266803401,2654,0.4551827232,0.1291883265
288,1,0,0.2266803401,2655,0.4550901082,0.1291910288
288,1,0,0.2266803401,2656,0.454996727,0.1291960252
288,1,0,0.2266803401,2657,0.4549003415,0.1292035854
288,1,0,0.2266803401,2658,0.4548022223,0.1292122382
288,1,0,0.2266803401,2659,0.4547114008,0.1292134299
288,1,0,0.2266803401,2660,0.4546289132,0.1292053587
288,1,0,0.2266803401,2661,0.4545408517,0.1292002728
288,1,0,0.2266803401,2662,0.4544594884,0.1291909982
288,1,0,0.2266803401,2663,0.4543738597,0.1291838411
288,1,0,0.2266803401,2664,0.4542818831,0.1291773746
288,1,0,0.2266803401,2665,0.4541908074,0.1291738597
288,1,0,0.2266803401,2666,0.4540995362,0.1291743983
288,1,0,0.2266803401,2667,0.4540105278,0.1291788487
288,1,0,0.2266803401,2668,0.4539306668,0.1291811801
288,1,0,0.2266803401,2669,0.4538427523,0.129185381
288,1,0,0.2266803401,2670,0.4537477817,0.1291932461
288,1,0,0.2266803401,2671,0.4536491744,0.1292030049
288,1,0,0.2266803401,2672,0.4535495383,0.1292122701
288,1,0,0.2266803401,2673,0.4534524459,0.1292190742
288,1,0,0.2266803401,2674,0.4533537098,0.1292282334
288,1,0,0.2266803401,2675,0.4532449187,0.1292409613
288,1,0,0.2266803401,2676,0.453127952,0.1292538149
288,1,0,0.2266803401,2677,0.4530187304,0.129263743
288,1,0,0.2266803401,2678,0.452915222,0.1292677695
288,1,0,0.2266803401,2679,0.4528169108,0.129265862
288,1,0,0.2266803401,2680,0.452724407,0.1292648254
288,1,0,0.2266803401,2681,0.4526276827,0.1292659467
288,1,0,0.2266803401,2682,0.4525285036,0.1292667035
288,1,0,0.2266803401,2683,0.4524372422,0.1292677869
288,1,0,0.2266803401,2684,0.4523439588,0.1292696034
288,1,0,0.2266803401,2685,0.4522536183,0.1292690196
288,1,0,0.2266803401,2686,0.4521599936,0.1292696331
288,1,0,0.2266803401,2687,0.4520636204,0.1292731976
288,1,0,0.2266803401,2688,0.4519616106,0.1292767158
288,1,0,0.2266803401,2689,0.4518568967,0.129283939
288,1,0,0.2266803401,2690,0.4517519934,0.129294909
288,1,0,0.2266803401,2691,0.4516478666,0.1293047873
288,1,0,0.2266803401,2692,0.4515419494,0.1293220526
288,1,0,0.2266803401,2693,0.4514336101,0.129342687
288,1,0,0.2266803401,2694,0.4513239872,0.129362221
288,1,0,0.2266803401,2695,0.4512231239,0.1293767398
288,1,0,0.2266803401,2696,0.451124862,0.1293902774
288,1,0,0.2266803401,2697,0.45102131,0.1294046131
288,1,0,0.2266803401,2698,0.4509123824,0.1294209661
288,1,0,0.2266803401,2699,0.4507970901,0.1294383028
288,1,0,0.2266803401,2700,0.4506884526,0.1294512881
288,1,0,0.2266803401,2701,0.4505726642,0.1294659861
288,1,0,0.2266803401,2702,0.4504661746,0.1294764656
288,1,0,0.2266803401,2703,0.4503578266,0.1294877968
288,1,0,0.2266803401,2704,0.4502501221,0.1294989374
288,1,0,0.2266803401,2705,0.4501417785,0.1295093392
288,1,0,0.2266803401,2706,0.4500248259,0.1295212812
288,1,0,0.2266803401,2707,0.4499077183,0.1295344974
288,1,0,0.2266803401,2708,0.4497970532,0.1295478811
288,1,0,0.2266803401,2709,0.4496852678,0.1295593004
288,1,0,0.2266803401,2710,0.4495764176,0.1295701005
288,1,0,0.2266803401,2711,0.4494582195,0.1295849359
288,1,0,0.2266803401,2712,0.4493393967,0.1296020702
288,1,0,0.2266803401,2713,0.44921763,0.1296218858
288,1,0,0.2266803401,2714,0.449105186,0.1296373985
288,1,0,0.2266803401,2715,0.4490029314,0.1296518025
288,1,0,0.2266803401,2716,0.4488941972,0.1296672132
288,1,0,0.2266803401,2717,0.4487894104,0.1296756032
288,1,0,0.2266803401,2718,0.4486886343,0.1296781733
288,1,0,0.2266803401,2719,0.448576201,0.1296878727
288,1,0,0.2266803401,2720,0.4484601363,0.1296982192
288,1,0,0.2266803401,2721,0.4483467016,0.1297068577
288,1,0,0.2266803401,2722,0.4482276272,0.1297133939
288,1,0,0.2266803401,2723,0.4481125339,0.1297225499
288,1,0,0.2266803401,2724,0.4479934444,0.1297394998
288,1,0,0.2266803401,2725,0.4478786785,0.1297568917
288,1,0,0.2266803401,2726,0.4477618681,0.1297781151
288,1,0,0.2266803401,2727,0.4476453582,0.1298007086
288,1,0,0.2266803401,2728,0.4475256472,0.129823176
288,1,0,0.2266803401,2729,0.4474076108,0.129843227
288,1,0,0.2266803401,2730,0.4472906459,0.1298660544
288,1,0,0.2266803401,2731,0.4471710285,0.1298889319
288,1,0,0.2266803401,2732,0.4470570701,0.1299078332
288,1,0,0.2266803401,2733,0.446949716,0.1299234763
288,1,0,0.2266803401,2734,0.4468424011,0.1299380258
288,1,0,0.2266803401,2735,0.4467302529,0.129956614
288,1,0,0.2266803401,2736,0.4466173461,0.129976053
288,1,0,0.2266803401,2737,0.4465058747,0.1300003127
288,1,0,0.2266803401,2738,0.4463874475,0.1300267291
288,1,0,0.2266803401,2739,0.4462600992,0.1300555854
288,1,0,0.2266803401,2740,0.4461421968,0.1300805632
288,1,0,0.2266803401,2741,0.4460313728,0.1301015576
288,1,0,0.2266803401,2742,0.4459247361,0.1301238956
288,1,0,0.2266803401,2743,0.4458205377,0.1301421495
288,1,0,0.2266803401,2744,0.4457206237,0.1301583368
288,1,0,0.2266803401,2745,0.4456138783,0.1301716869
288,1,0,0.2266803401,2746,0.4455010267,0.1301843183
288,1,0,0.2266803401,2747,0.44538853,0.1301970244
288,1,0,0.2266803401,2748,0.4452869378,0.1302079278
288,1,0,0.2266803401,2749,0.4451926755,0.1302166479
288,1,0,0.2266803401,2750,0.4450975143,0.1302274818
288,1,0,0.2266803401,2751,0.4450030747,0.1302381673
288,1,0,0.2266803401,2752,0.4449060387,0.1302469404
288,1,0,0.2266803401,2753,0.4448071431,0.1302560157
288,1,0,0.2266803401,2754,0.4447152245,0.1302611696
288,1,0,0.2266803401,2755,0.4446139359,0.1302649624
288,1,0,0.2266803401,2756,0.4445119269,0.1302670299
288,1,0,0.2266803401,2757,0.4444022517,0.1302697234
288,1,0,0.2266803401,2758,0.4442896723,0.1302781363
288,1,0,0.2266803401,2759,0.4441775687,0.1302903535
288,1,0,0.2266803401,2760,0.4440721102,0.1303018662
288,1,0,0.2266803401,2761,0.4439679146,0.1303119324
288,1,0,0.2266803401,2762,0.4438636014,0.1303213164
288,1,0,0.2266803401,2763,0.4437534189,0.1303316478
288,1,0,0.2266803401,2764,0.443648604,0.1303349053
288,1,0,0.2266803401,2765,0.4435480196,0.1303345152
288,1,0,0.2266803401,2766,0.4434484295,0.1303366235
288,1,0,0.2266803401,2767,0.4433378908,0.1303432462
288,1,0,0.2266803401,2768,0.4432275537,0.1303518772
288,1,0,0.2266803401,2769,0.4431198717,0.1303569541
288,1,0,0.2266803401,2770,0.4430142377,0.130362851
288,1,0,0.2266803401,2771,0.4429020109,0.1303700065
288,1,0,0.2266803401,2772,0.4427990631,0.1303750092
288,1,0,0.2266803401,2773,0.4426982791,0.1303812142
288,1,0,0.2266803401,2774,0.4425932018,0.1303881906
288,1,0,0.2266803401,2775,0.442491904,0.1303884029
288,1,0,0.2266803401,2776,0.4423976451,0.1303858385
288,1,0,0.2266803401,2777,0.4422939995,0.1303869587
288,1,0,0.2266803401,2778,0.4421918108,0.130392479
288,1,0,0.2266803401,2779,0.4420935145,0.1303984902
288,1,0,0.2266803401,2780,0.4419923633,0.1304022327
288,1,0,0.2266803401,2781,0.4418738661,0.1304144571
288,1,0,0.2266803401,2782,0.4417504609,0.130426357
288,1,0,0.2266803401,2783,0.4416365097,0.1304372065
288,1,0,0.2266803401,2784,0.4415131421,0.1304520658
288,1,0,0.2266803401,2785,0.4413859013,0.1304707521
288,1,0,0.2266803401,2786,0.4412577919,0.1304881704
288,1,0,0.2266803401,2787,0.441128595,0.1305078574
288,1,0,0.2266803401,2788,0.4410003891,0.1305272033
288,1,0,0.2266803401,2789,0.4408729039,0.1305469609
288,1,0,0.2266803401,2790,0.4407566321,0.1305630121
288,1,0,0.2266803401,2791,0.4406434795,0.1305749272
288,1,0,0.2266803401,2792,0.4405368089,0.1305860081
288,1,0,0.2266803401,2793,0.4404261947,0.1305989365
288,1,0,0.2266803401,2794,0.4403100662,0.1306148034
288,1,0,0.2266803401,2795,0.4401977468,0.1306288024
288,1,0,0.2266803401,2796,0.4400897042,0.1306386959
288,1,0,0.2266803401,2797,0.4399784481,0.1306458875
288,1,0,0.2266803401,2798,0.439858703,0.1306533143
288,1,0,0.2266803401,2799,0.43973981,0.1306607277
288,1,0,0.2266803401,2800,0.43961534,0.1306683384
288,1,0,0.2266803401,2801,0.4394922045,0.1306764841
288,1,0,0.2266803401,2802,0.4393768929,0.1306850425
288,1,0,0.2266803401,2803,0.4392594835,0.1306905399
288,1,0,0.2266803401,2804,0.4391434186,0.1306948907
288,1,0,0.2266803401,2805,0.4390231138,0.1307011284
288,1,0,0.2266803401,2806,0.4389053169,0.1307072726
288,1,0,0.2266803401,2807,0.43878359,0.1307207585
288,1,0,0.2266803401,2808,0.438661056,0.1307329745
288,1,0,0.2266803401,2809,0.4385296315,0.1307424939
288,1,0,0.2266803401,2810,0.438390513,0.1307574121
288,1,0,0.2266803401,2811,0.4382566295,0.1307704278
288,1,0,0.2266803401,2812,0.4381202413,0.1307814159
288,1,0,0.2266803401,2813,0.4379823302,0.1307955471
288,1,0,0.2266803401,2814,0.4378462826,0.1308070859
288,1,0,0.2266803401,2815,0.4377135073,0.1308200725
288,1,0,0.2266803401,2816,0.4375858191,0.1308309869
288,1,0,0.2266803401,2817,0.437460424,0.1308441799
288,1,0,0.2266803401,2818,0.4373354726,0.1308570259
288,1,0,0.2266803401,2819,0.4372117597,0.1308667805
288,1,0,0.2266803401,2820,0.4370826269,0.1308755361
288,1,0,0.2266803401,2821,0.4369531887,0.1308831122
288,1,0,0.2266803401,2822,0.4368182482,0.1308916492
288,1,0,0.2266803401,2823,0.4366919715,0.1308969109
288,1,0,0.2266803401,2824,0.4365727013,0.1308974053
288,1,0,0.2266803401,2825,0.4364482212,0.1309025379
288,1,0,0.2266803401,2826,0.4363200435,0.1309095782
288,1,0,0.2266803401,2827,0.4361889947,0.1309161815
288,1,0,0.2266803401,2828,0.4360645264,0.1309208267
288,1,0,0.2266803401,2829,0.4359337065,0.1309258914
288,1,0,0.2266803401,2830,0.4358084103,0.1309290164
288,1,0,0.2266803401,2831,0.435688852,0.1309355647
288,1,0,0.2266803401,2832,0.4355680393,0.1309447595
288,1,0,0.2266803401,2833,0.4354441814,0.1309587665
288,1,0,0.2266803401,2834,0.4353183011,0.1309750893
288,1,0,0.2266803401,2835,0.4351920267,0.1309890244
288,1,0,0.2266803401,2836,0.435060814,0.1310063713
288,1,0,0.2266803401,2837,0.4349387144,0.1310197111
288,1,0,0.2266803401,2838,0.4348151786,0.1310335755
288,1,0,0.2266803401,2839,0.4346850835,0.1310446484
288,1,0,0.2266803401,2840,0.4345535058,0.1310534785
288,1,0,0.2266803401,2841,0.4344251213,0.1310677241
288,1,0,0.2266803401,2842,0.4342929263,0.1310876402
288,1,0,0.2266803401,2843,0.4341602985,0.1311065935
288,1,0,0.2266803401,2844,0.4340298207,0.1311294477
288,1,0,0.2266803401,2845,0.4338958584,0.1311607063
288,1,0,0.2266803401,2846,0.4337642312,0.1311923054
288,1,0,0.2266803401,2847,0.4336391317,0.1312156271
288,1,0,0.2266803401,2848,0.4335163954,0.1312376022
288,1,0,0.2266803401,2849,0.4333924025,0.1312584386
288,1,0,0.2266803401,2850,0.4332698631,0.1312767783
288,1,0,0.2266803401,2851,0.4331522202,0.1312953944
288,1,0,0.2266803401,2852,0.4330355619,0.1313159193
288,1,0,0.2266803401,2853,0.4329152586,0.1313385466
288,1,0,0.2266803401,2854,0.4327910312,0.1313626423
288,1,0,0.2266803401,2855,0.4326631661,0.1313858228
288,1,0,0.2266803401,2856,0.432542307,0.1314057074
288,1,0,0.2266803401,2857,0.43242656,0.1314270509
288,1,0,0.2266803401,2858,0.4323132066,0.1314510838
288,1,0,0.2266803401,2859,0.4321996349,0.1314744167
288,1,0,0.2266803401,2860,0.4320812829,0.1314993464
288,1,0,0.2266803401,2861,0.431970027,0.1315201591
288,1,0,0.2266803401,2862,0.431856694,0.1315444845
288,1,0,0.2266803401,2863,0.4317312279,0.1315697693
288,1,0,0.2266803401,2864,0.4316057804,0.1315999358
288,1,0,0.2266803401,2865,0.4314758929,0.1316341098
288,1,0,0.2266803401,2866,0.4313507916,0.1316666459
288,1,0,0.2266803401,2867,0.4312211243,0.1317008771
288,1,0,0.2266803401,2868,0.4310898108,0.1317369232
288,1,0,0.2266803401,2869,0.4309552309,0.1317766356
288,1,0,0.2266803401,2870,0.4308203076,0.1318184037
288,1,0,0.2266803401,2871,0.4306880068,0.1318554129
288,1,0,0.2266803401,2872,0.4305488327,0.1318922316
288,1,0,0.2266803401,2873,0.430412224,0.1319259035
288,1,0,0.2266803401,2874,0.4302736831,0.1319606064
288,1,0,0.2266803401,2875,0.4301242078,0.1319977947
288,1,0,0.2266803401,2876,0.4299688596,0.132036893
288,1,0,0.2266803401,2877,0.4298169027,0.1320745197
288,1,0,0.2266803401,2878,0.4296647765,0.132112321
288,1,0,0.2266803401,2879,0.4295095577,0.1321438007
288,1,0,0.2266803401,2880,0.4293475003,0.1321778941
288,1,0,0.2266803401,2881,0.4291922675,0.1322100462
288,1,0,0.2266803401,2882,0.4290422268,0.1322398382
288,1,0,0.2266803401,2883,0.4288919957,0.1322694362
288,1,0,0.2266803401,2884,0.4287488454,0.1322932712
288,1,0,0.2266803401,2885,0.4286091947,0.1323181893
288,1,0,0.2266803401,2886,0.4284693504,0.1323439387
288,1,0,0.2266803401,2887,0.4283352522,0.1323633383
288,1,0,0.2266803401,2888,0.4282023596,0.1323811655
288,1,0,0.2266803401,2889,0.4280700842,0.1324036027
288,1,0,0.2266803401,2890,0.4279328888,0.1324266447
288,1,0,0.2266803401,2891,0.4277890967,0.1324550348
288,1,0,0.2266803401,2892,0.4276504594,0.1324758935
288,1,0,0.2266803401,2893,0.4275066038,0.1324956004
288,1,0,0.2266803401,2894,0.4273787298,0.1325086124
288,1,0,0.2266803401,2895,0.4272409797,0.1325274598
288,1,0,0.2266803401,2896,0.4271038063,0.1325448658
288,1,0,0.2266803401,2897,0.4269650213,0.132561295
288,1,0,0.2266803401,2898,0.426822483,0.1325775634
288,1,0,0.2266803401,2899,0.4266854626,0.1325939415
288,1,0,0.2266803401,2900,0.4265557772,0.1326052048
288,1,0,0.2266803401,2901,0.4264300402,0.1326182495
288,1,0,0.2266803401,2902,0.4262937522,0.1326334297
288,1,0,0.2266803401,2903,0.4261532326,0.1326477601
288,1,0,0.2266803401,2904,0.4260138009,0.132664002
288,1,0,0.2266803401,2905,0.4258820387,0.1326825634
288,1,0,0.2266803401,2906,0.4257505479,0.1327003411
288,1,0,0.2266803401,2907,0.4256147301,0.1327178906
288,1,0,0.2266803401,2908,0.4254868008,0.1327331479
288,1,0,0.2266803401,2909,0.4253630966,0.1327492008
288,1,0,0.2266803401,2910,0.4252417033,0.1327617288
288,1,0,0.2266803401,2911,0.4251211101,0.1327691609
288,1,0,0.2266803401,2912,0.4250024789,0.1327794988
288,1,0,0.2266803401,2913,0.4248854827,0.1327925991
288,1,0,0.2266803401,2914,0.4247675162,0.1328047754
288,1,0,0.2266803401,2915,0.4246461159,0.1328155643
288,1,0,0.2266803401,2916,0.424529168,0.1328214493
288,1,0,0.2266803401,2917,0.424415369,0.1328252218
288,1,0,0.2266803401,2918,0.4242909613,0.1328351974
288,1,0,0.2266803401,2919,0.4241704818,0.1328449285
288,1,0,0.2266803401,2920,0.4240467563,0.132857787
288,1,0,0.2266803401,2921,0.4239298083,0.1328705311
288,1,0,0.2266803401,2922,0.4238123116,0.132879043
288,1,0,0.2266803401,2923,0.4236937005,0.1328851642
288,1,0,0.2266803401,2924,0.423572428,0.1328931543
288,1,0,0.2266803401,2925,0.4234401743,0.1329052852
288,1,0,0.2266803401,2926,0.4233050741,0.1329193882
288,1,0,0.2266803401,2927,0.4231720209,0.1329320754
288,1,0,0.2266803401,2928,0.4230411911,0.1329435098
288,1,0,0.2266803401,2929,0.4229065867,0.1329581494
288,1,0,0.2266803401,2930,0.4227684896,0.1329742166
288,1,0,0.2266803401,2931,0.4226333495,0.1329896387
288,1,0,0.2266803401,2932,0.4224940103,0.1330019545
288,1,0,0.2266803401,2933,0.4223570809,0.1330096043
288,1,0,0.2266803401,2934,0.4222220428,0.1330153615
288,1,0,0.2266803401,2935,0.4220860811,0.133024535
288,1,0,0.2266803401,2936,0.4219548594,0.1330338162
288,1,0,0.2266803401,2937,0.4218187591,0.1330471339
288,1,0,0.2266803401,2938,0.4216835877,0.1330593475
288,1,0,0.2266803401,2939,0.4215585256,0.133070971
288,1,0,0.2266803401,2940,0.4214406938,0.1330815059
288,1,0,0.2266803401,2941,0.4213180009,0.1330929498
288,1,0,0.2266803401,2942,0.4211956901,0.1331047889
288,1,0,0.2266803401,2943,0.4210653684,0.1331172656
288,1,0,0.2266803401,2944,0.4209371719,0.1331291571
288,1,0,0.2266803401,2945,0.4208164354,0.133138119
288,1,0,0.2266803401,2946,0.4206929279,0.1331474974
288,1,0,0.2266803401,2947,0.4205708404,0.1331569111
288,1,0,0.2266803401,2948,0.4204370985,0.133166186
288,1,0,0.2266803401,2949,0.4203076142,0.1331725771
288,1,0,0.2266803401,2950,0.42017776,0.1331798425
288,1,0,0.2266803401,2951,0.4200568895,0.133185418
288,1,0,0.2266803401,2952,0.4199261313,0.1331945601
288,1,0,0.2266803401,2953,0.4197963338,0.1331997803
288,1,0,0.2266803401,2954,0.4196665509,0.1332063319
288,1,0,0.2266803401,2955,0.4195391908,0.1332080101
288,1,0,0.2266803401,2956,0.4194178503,0.1332085645
288,1,0,0.2266803401,2957,0.4192922763,0.1332106594
288,1,0,0.2266803401,2958,0.4191663596,0.1332141328
288,1,0,0.2266803401,2959,0.4190401927,0.1332197776
288,1,0,0.2266803401,2960,0.4189086018,0.1332274612
288,1,0,0.2266803401,2961,0.418777996,0.1332377772
288,1,0,0.2266803401,2962,0.4186509548,0.1332484846
288,1,0,0.2266803401,2963,0.4185288016,0.1332608924
288,1,0,0.2266803401,2964,0.4184025357,0.1332780153
288,1,0,0.2266803401,2965,0.4182659433,0.1332971733
288,1,0,0.2266803401,2966,0.4181261802,0.133313697
288,1,0,0.2266803401,2967,0.417991418,0.1333262708
288,1,0,0.2266803401,2968,0.4178606861,0.1333337115
288,1,0,0.2266803401,2969,0.4177287985,0.1333415163
288,1,0,0.2266803401,2970,0.4175998755,0.133347453
288,1,0,0.2266803401,2971,0.417466248,0.1333536766
288,1,0,0.2266803401,2972,0.4173331331,0.1333618552
288,1,0,0.2266803401,2973,0.417206598,0.1333705357
288,1,0,0.2266803401,2974,0.4170788725,0.133378923
288,1,0,0.2266803401,2975,0.4169433836,0.1333905866
288,1,0,0.2266803401,2976,0.4167989719,0.1334057805
288,1,0,0.2266803401,2977,0.4166545412,0.133418468
288,1,0,0.2266803401,2978,0.41650842,0.1334355541
288,1,0,0.2266803401,2979,0.4163583762,0.1334537963
288,1,0,0.2266803401,2980,0.41620765,0.1334739884
288,1,0,0.2266803401,2981,0.4160603783,0.1334906533
288,1,0,0.2266803401,2982,0.4159212047,0.1335071099
288,1,0,0.2266803401,2983,0.4157877722,0.133519921
288,1,0,0.2266803401,2984,0.4156571826,0.1335344398
288,1,0,0.2266803401,2985,0.4155327949,0.1335467166
288,1,0,0.2266803401,2986,0.4154064486,0.1335596235
288,1,0,0.2266803401,2987,0.4152778261,0.1335735658
288,1,0,0.2266803401,2988,0.4151547462,0.1335836133
288,1,0,0.2266803401,2989,0.4150291732,0.1335930494
288,1,0,0.2266803401,2990,0.4149040221,0.1336032712
288,1,0,0.2266803401,2991,0.4147821854,0.1336124827
288,1,0,0.2266803401,2992,0.4146556947,0.1336234957
288,1,0,0.2266803401,2993,0.4145338716,0.1336337068
288,1,0,0.2266803401,2994,0.4144175605,0.1336427375
288,1,0,0.2266803401,2995,0.4142994346,0.1336561092
288,1,0,0.2266803401,2996,0.4141714898,0.1336699616
288,1,0,0.2266803401,2997,0.4140363663,0.1336858529
288,1,0,0.2266803401,2998,0.4138958688,0.1337025368
288,1,0,0.2266803401,2999,0.4137581934,0.1337178787
288,1,0,0.2266803401,3000,0.413630074,0.1337323566
288,1,0,0.2266803401,3001,0.4134989826,0.1337508017
288,1,0,0.2266803401,3002,0.4133715095,0.133768682
288,1,0,0.2266803401,3003,0.4132512331,0.1337846708
288,1,0,0.2266803401,3004,0.4131248158,0.133803986
288,1,0,0.2266803401,3005,0.4129923908,0.133814414
288,1,0,0.2266803401,3006,0.4128623177,0.1338232974
288,1,0,0.2266803401,3007,0.4127293527,0.1338351117
288,1,0,0.2266803401,3008,0.4125903506,0.1338497616
288,1,0,0.2266803401,3009,0.4124475703,0.1338669305
288,1,0,0.2266803401,3010,0.4123081115,0.1338870674
288,1,0,0.2266803401,3011,0.4121752632,0.133907548
288,1,0,0.2266803401,3012,0.4120461876,0.1339275822
288,1,0,0.2266803401,3013,0.4119284257,0.1339471689
288,1,0,0.2266803401,3014,0.4118117335,0.1339685478
288,1,0,0.2266803401,3015,0.4116842632,0.1339937233
288,1,0,0.2266803401,3016,0.4115527484,0.1340164014
288,1,0,0.2266803401,3017,0.4114100913,0.1340388593
288,1,0,0.2266803401,3018,0.4112674805,0.134059624
288,1,0,0.2266803401,3019,0.411126671,0.1340819765
288,1,0,0.2266803401,3020,0.4109940527,0.1341077787
288,1,0,0.2266803401,3021,0.410858503,0.1341337657
288,1,0,0.2266803401,3022,0.4107235526,0.1341588703
288,1,0,0.2266803401,3023,0.4105935426,0.1341782625
288,1,0,0.2266803401,3024,0.4104653545,0.1342000808
288,1,0,0.2266803401,3025,0.410338111,0.1342213175
288,1,0,0.2266803401,3026,0.4102127597,0.1342389107
288,1,0,0.2266803401,3027,0.4100876446,0.1342581904
288,1,0,0.2266803401,3028,0.409966095,0.1342799985
288,1,0,0.2266803401,3029,0.4098413949,0.1343033283
288,1,0,0.2266803401,3030,0.4097164509,0.1343250703
288,1,0,0.2266803401,3031,0.4095989086,0.1343448102
288,1,0,0.2266803401,3032,0.4094798292,0.1343617166
288,1,0,0.2266803401,3033,0.4093598975,0.1343787591
288,1,0,0.2266803401,3034,0.4092370207,0.1343929302
288,1,0,0.2266803401,3035,0.4091082452,0.1344090023
288,1,0,0.2266803401,3036,0.4089843824,0.1344213343
288,1,0,0.2266803401,3037,0.4088602781,0.1344374397
288,1,0,0.2266803401,3038,0.4087390879,0.1344557657
288,1,0,0.2266803401,3039,0.4086228716,0.134470667
288,1,0,0.2266803401,3040,0.4085089452,0.1344817981
288,1,0,0.2266803401,3041,0.4083924607,0.1344985853
288,1,0,0.2266803401,3042,0.4082699055,0.1345179836
288,1,0,0.2266803401,3043,0.4081467397,0.134536961
288,1,0,0.2266803401,3044,0.4080225075,0.1345577515
288,1,0,0.2266803401,3045,0.4079087758,0.1345798168
288,1,0,0.2266803401,3046,0.407796759,0.1346013568
288,1,0,0.2266803401,3047,0.4076865206,0.1346191069
288,1,0,0.2266803401,3048,0.4075748533,0.134634156
288,1,0,0.2266803401,3049,0.4074547646,0.1346545438
288,1,0,0.2266803401,3050,0.4073435442,0.1346721368
288,1,0,0.2266803401,3051,0.4072335779,0.1346874017
288,1,0,0.2266803401,3052,0.4071239981,0.1347050482
288,1,0,0.2266803401,3053,0.4070134118,0.1347213962
288,1,0,0.2266803401,3054,0.4069068024,0.1347361047
288,1,0,0.2266803401,3055,0.406797194,0.1347533735
288,1,0,0.2266803401,3056,0.4066737671,0.134778576
288,1,0,0.2266803401,3057,0.4065470499,0.1348059206
288,1,0,0.2266803401,3058,0.4064193721,0.1348341176
288,1,0,0.2266803401,3059,0.4062925446,0.1348600183
288,1,0,0.2266803401,3060,0.4061601989,0.1348811339
288,1,0,0.2266803401,3061,0.4060199484,0.1349059463
288,1,0,0.2266803401,3062,0.4058829022,0.1349259168
288,1,0,0.2266803401,3063,0.4057384078,0.1349479205
288,1,0,0.2266803401,3064,0.4055902089,0.1349706997
288,1,0,0.2266803401,3065,0.4054351451,0.1349953915
288,1,0,0.2266803401,3066,0.4052867335,0.1350174144
288,1,0,0.2266803401,3067,0.4051542398,0.1350353458
288,1,0,0.2266803401,3068,0.4050238476,0.1350501044
288,1,0,0.2266803401,3069,0.4048939894,0.1350620567
288,1,0,0.2266803401,3070,0.4047669652,0.1350755294
288,1,0,0.2266803401,3071,0.4046412967,0.1350881942
288,1,0,0.2266803401,3072,0.4045152217,0.1351051768
288,1,0,0.2266803401,3073,0.4043842697,0.1351260033
288,1,0,0.2266803401,3074,0.4042564861,0.1351475958
288,1,0,0.2266803401,3075,0.4041260312,0.1351717777
288,1,0,0.2266803401,3076,0.4039937262,0.13519308
288,1,0,0.2266803401,3077,0.4038609687,0.1352175905
288,1,0,0.2266803401,3078,0.4037298132,0.1352425914
288,1,0,0.2266803401,3079,0.403596202,0.135268909
288,1,0,0.2266803401,3080,0.40347134,0.135295804
288,1,0,0.2266803401,3081,0.4033445551,0.1353195674
288,1,0,0.2266803401,3082,0.4032136176,0.1353414675
288,1,0,0.2266803401,3083,0.4030754421,0.1353676889
288,1,0,0.2266803401,3084,0.4029345944,0.1353954902
288,1,0,0.2266803401,3085,0.4027963616,0.1354228084
288,1,0,0.2266803401,3086,0.4026635214,0.1354557084
288,1,0,0.2266803401,3087,0.4025297488,0.1354908507
288,1,0,0.2266803401,3088,0.4024015886,0.1355207909
288,1,0,0.2266803401,3089,0.4022711959,0.1355528618
288,1,0,0.2266803401,3090,0.4021344742,0.1355819224
288,1,0,0.2266803401,3091,0.4019970302,0.1356100217
288,1,0,0.2266803401,3092,0.4018571563,0.1356365071
288,1,0,0.2266803401,3093,0.4017174275,0.1356668058
288,1,0,0.2266803401,3094,0.4015787291,0.1356985274
288,1,0,0.2266803401,3095,0.4014426732,0.1357270223
288,1,0,0.2266803401,3096,0.4013136274,0.1357513257
288,1,0,0.2266803401,3097,0.4011883253,0.1357757038
288,1,0,0.2266803401,3098,0.4010602563,0.1358009682
288,1,0,0.2266803401,3099,0.4009326923,0.1358245484
288,1,0,0.2266803401,3100,0.4008032166,0.1358438885
288,1,0,0.2266803401,3101,0.4006713646,0.1358630463
288,1,0,0.2266803401,3102,0.4005405738,0.1358826253
288,1,0,0.2266803401,3103,0.4004010473,0.1359059571
288,1,0,0.2266803401,3104,0.4002638827,0.1359276389
288,1,0,0.2266803401,3105,0.4001415444,0.1359420809
288,1,0,0.2266803401,3106,0.4000168784,0.1359591682
288,1,0,0.2266803401,3107,0.3998911717,0.1359788401
288,1,0,0.2266803401,3108,0.3997688871,0.1359976965
288,1,0,0.2266803401,3109,0.3996454472,0.1360194352
288,1,0,0.2266803401,3110,0.3995152296,0.1360436604
288,1,0,0.2266803401,3111,0.3993786524,0.1360690112
288,1,0,0.2266803401,3112,0.3992402204,0.1360937675
288,1,0,0.2266803401,3113,0.3991066873,0.1361218293
288,1,0,0.2266803401,3114,0.3989781704,0.1361488481
288,1,0,0.2266803401,3115,0.3988571073,0.1361726998
288,1,0,0.2266803401,3116,0.3987427025,0.1361959652
288,1,0,0.2266803401,3117,0.3986310042,0.1362179094
288,1,0,0.2266803401,3118,0.3985241724,0.1362353253
288,1,0,0.2266803401,3119,0.3984140868,0.1362527111
288,1,0,0.2266803401,3120,0.3983049108,0.1362704657
288,1,0,0.2266803401,3121,0.3981948086,0.1362930137
288,1,0,0.2266803401,3122,0.3980822842,0.1363166668
288,1,0,0.2266803401,3123,0.3979735399,0.1363368919
288,1,0,0.2266803401,3124,0.3978687854,0.1363534971
288,1,0,0.2266803401,3125,0.3977618832,0.1363690341
288,1,0,0.2266803401,3126,0.3976533458,0.1363858632
288,1,0,0.2266803401,3127,0.3975398613,0.1364057426
288,1,0,0.2266803401,3128,0.3974234733,0.136428062
288,1,0,0.2266803401,3129,0.3972895291,0.1364567086
288,1,0,0.2266803401,3130,0.3971617975,0.1364797733
288,1,0,0.2266803401,3131,0.3970429031,0.1365026076
288,1,0,0.2266803401,3132,0.3969314613,0.1365259929
288,1,0,0.2266803401,3133,0.3968150867,0.1365511485
288,1,0,0.2266803401,3134,0.3966953968,0.1365782071
288,1,0,0.2266803401,3135,0.3965788832,0.1366034275
288,1,0,0.2266803401,3136,0.3964594964,0.1366330247
288,1,0,0.2266803401,3137,0.3963414443,0.1366600774
288,1,0,0.2266803401,3138,0.3962270926,0.1366844168
288,1,0,0.2266803401,3139,0.3961142357,0.1367119428
288,1,0,0.2266803401,3140,0.3959969147,0.1367389954
288,1,0,0.2266803401,3141,0.3958794971,0.1367652804
288,1,0,0.2266803401,3142,0.3957629978,0.136791282
288,1,0,0.2266803401,3143,0.3956454789,0.1368196959
288,1,0,0.2266803401,3144,0.3955218175,0.1368442089
288,1,0,0.2266803401,3145,0.3953879987,0.1368694835
288,1,0,0.2266803401,3146,0.3952590038,0.1368956091
288,1,0,0.2266803401,3147,0.3951370045,0.1369231178
288,1,0,0.2266803401,3148,0.395013413,0.136953334
288,1,0,0.2266803401,3149,0.3948855363,0.1369810604
288,1,0,0.2266803401,3150,0.3947676478,0.1370061067
288,1,0,0.2266803401,3151,0.3946590668,0.1370314182
288,1,0,0.2266803401,3152,0.39455124,0.1370589837
288,1,0,0.2266803401,3153,0.3944323042,0.1370913188
288,1,0,0.2266803401,3154,0.3943126157,0.1371207803
288,1,0,0.2266803401,3155,0.3941928219,0.1371515839
288,1,0,0.2266803401,3156,0.3940682403,0.1371788192
288,1,0,0.2266803401,3157,0.3939407943,0.1372060929
288,1,0,0.2266803401,3158,0.3938088944,0.1372374669
288,1,0,0.2266803401,3159,0.393678559,0.1372665199
288,1,0,0.2266803401,3160,0.3935488058,0.137295432
288,1,0,0.2266803401,3161,0.3934258713,0.137324167
288,1,0,0.2266803401,3162,0.3933054844,0.1373534329
288,1,0,0.2266803401,3163,0.3931872259,0.1373839213
288,1,0,0.2266803401,3164,0.3930730563,0.1374147269
288,1,0,0.2266803401,3165,0.3929550159,0.1374440249
288,1,0,0.2266803401,3166,0.3928369381,0.1374770167
288,1,0,0.2266803401,3167,0.3927205286,0.1375092184
288,1,0,0.2266803401,3168,0.3926090176,0.1375377721
288,1,0,0.2266803401,3169,0.3924918958,0.1375692508
288,1,0,0.2266803401,3170,0.3923741351,0.1375992229
288,1,0,0.2266803401,3171,0.3922521992,0.13762482
288,1,0,0.2266803401,3172,0.392135702,0.1376489968
288,1,0,0.2266803401,3173,0.3920115604,0.1376789318
288,1,0,0.2266803401,3174,0.3918872047,0.137706242
288,1,0,0.2266803401,3175,0.3917729381,0.1377294311
288,1,0,0.2266803401,3176,0.3916632738,0.1377498206
288,1,0,0.2266803401,3177,0.3915576678,0.1377747972
288,1,0,0.2266803401,3178,0.3914527385,0.1378004437
288,1,0,0.2266803401,3179,0.3913544672,0.1378229745
288,1,0,0.2266803401,3180,0.3912495911,0.1378477568
288,1,0,0.2266803401,3181,0.3911352267,0.1378744775
288,1,0,0.2266803401,3182,0.3910222752,0.1379034703
288,1,0,0.2266803401,3183,0.390905818,0.1379354263
288,1,0,0.2266803401,3184,0.3907877838,0.1379672678
288,1,0,0.2266803401,3185,0.3906694831,0.1380005932
288,1,0,0.2266803401,3186,0.3905590034,0.1380308392
288,1,0,0.2266803401,3187,0.3904535291,0.1380587848
288,1,0,0.2266803401,3188,0.3903479505,0.1380892698
288,1,0,0.2266803401,3189,0.3902460306,0.1381152751
288,1,0,0.2266803401,3190,0.3901466098,0.1381415747
288,1,0,0.2266803401,3191,0.3900389032,0.1381706523
288,1,0,0.2266803401,3192,0.3899281529,0.1382022486
288,1,0,0.2266803401,3193,0.389817049,0.1382278676
288,1,0,0.2266803401,3194,0.3897127577,0.138253482
288,1,0,0.2266803401,3195,0.3896034434,0.1382803152
288,1,0,0.2266803401,3196,0.3894900844,0.1383105202
288,1,0,0.2266803401,3197,0.3893697139,0.1383465033
288,1,0,0.2266803401,3198,0.3892533485,0.1383823575
288,1,0,0.2266803401,3199,0.3891404764,0.1384163322
288,1,0,0.2266803401,3200,0.3890297268,0.1384498312
288,1,0,0.2266803401,3201,0.3889057725,0.138487515
288,1,0,0.2266803401,3202,0.3887880905,0.1385216475
288,1,0,0.2266803401,3203,0.3886648021,0.1385530184
288,1,0,0.2266803401,3204,0.3885419251,0.1385831566
288,1,0,0.2266803401,3205,0.3884232929,0.1386143597
288,1,0,0.2266803401,3206,0.388309259,0.1386468296
288,1,0,0.2266803401,3207,0.3881943663,0.1386787409
288,1,0,0.2266803401,3208,0.3880768322,0.1387136878
288,1,0,0.2266803401,3209,0.3879621435,0.1387486307
288,1,0,0.2266803401,3210,0.3878576569,0.1387791154
288,1,0,0.2266803401,3211,0.387747328,0.1388107673
288,1,0,0.2266803401,3212,0.3876384951,0.1388406326
288,1,0,0.2266803401,3213,0.3875260367,0.138874657
288,1,0,0.2266803401,3214,0.3874148567,0.1389058691
288,1,0,0.2266803401,3215,0.3872996473,0.1389383357
288,1,0,0.2266803401,3216,0.3871857068,0.1389702925
288,1,0,0.2266803401,3217,0.3870673271,0.1390011336
288,1,0,0.2266803401,3218,0.3869485696,0.139032259
288,1,0,0.2266803401,3219,0.3868314652,0.1390591769
288,1,0,0.2266803401,3220,0.3867171122,0.1390846917
288,1,0,0.2266803401,3221,0.3865980728,0.1391113797
288,1,0,0.2266803401,3222,0.3864852697,0.1391367525
288,1,0,0.2266803401,3223,0.3863710421,0.1391601305
288,1,0,0.2266803401,3224,0.3862667014,0.1391822543
288,1,0,0.2266803401,3225,0.3861690754,0.1392049611
288,1,0,0.2266803401,3226,0.3860694457,0.1392271659
288,1,0,0.2266803401,3227,0.3859645571,0.1392522889
288,1,0,0.2266803401,3228,0.3858616718,0.1392742277
288,1,0,0.2266803401,3229,0.3857578659,0.1392967851
288,1,0,0.2266803401,3230,0.3856536051,0.1393201853
288,1,0,0.2266803401,3231,0.3855445539,0.1393476109
288,1,0,0.2266803401,3232,0.3854374374,0.1393784775
288,1,0,0.2266803401,3233,0.3853302399,0.1394124718
288,1,0,0.2266803401,3234,0.3852195104,0.1394452877
288,1,0,0.2266803401,3235,0.3851067117,0.1394788176
288,1,0,0.2266803401,3236,0.3849962107,0.1395066227
288,1,0,0.2266803401,3237,0.3848816396,0.1395352964
288,1,0,0.2266803401,3238,0.3847631571,0.1395682805
288,1,0,0.2266803401,3239,0.384643142,0.1395999845
288,1,0,0.2266803401,3240,0.3845238833,0.1396321817
288,1,0,0.2266803401,3241,0.3844058071,0.139663067
288,1,0,0.2266803401,3242,0.3842889242,0.1396930113
288,1,0,0.2266803401,3243,0.3841710734,0.1397219283
288,1,0,0.2266803401,3244,0.3840416284,0.1397518414
288,1,0,0.2266803401,3245,0.3839152972,0.1397840952
288,1,0,0.2266803401,3246,0.3837901448,0.1398113406
288,1,0,0.2266803401,3247,0.3836639413,0.1398405105
288,1,0,0.2266803401,3248,0.3835434766,0.1398693917
288,1,0,0.2266803401,3249,0.3834173173,0.1399025902
288,1,0,0.2266803401,3250,0.3832959605,0.1399352621
288,1,0,0.2266803401,3251,0.3831813487,0.1399635733
288,1,0,0.2266803401,3252,0.3830760568,0.1399877804
288,1,0,0.2266803401,3253,0.3829719545,0.140013876
288,1,0,0.2266803401,3254,0.3828585427,0.1400460085
288,1,0,0.2266803401,3255,0.382740375,0.1400773343
288,1,0,0.2266803401,3256,0.3826128943,0.1401084899
288,1,0,0.2266803401,3257,0.3824790503,0.1401439293
288,1,0,0.2266803401,3258,0.3823437005,0.1401776277
288,1,0,0.2266803401,3259,0.3822132994,0.1402130661
288,1,0,0.2266803401,3260,0.3820839141,0.1402474271
288,1,0,0.2266803401,3261,0.3819526829,0.1402827346
288,1,0,0.2266803401,3262,0.3818282734,0.1403142691
288,1,0,0.2266803401,3263,0.3817036506,0.1403459703
288,1,0,0.2266803401,3264,0.3815895282,0.1403763629
288,1,0,0.2266803401,3265,0.38148254,0.1404051074
288,1,0,0.2266803401,3266,0.3813803076,0.1404332412
288,1,0,0.2266803401,3267,0.3812794381,0.1404617077
288,1,0,0.2266803401,3268,0.3811751049,0.1404933253
288,1,0,0.2266803401,3269,0.3810751519,0.1405208055
288,1,0,0.2266803401,3270,0.3809812565,0.1405478317
288,1,0,0.2266803401,3271,0.3808714123,0.1405789839
288,1,0,0.2266803401,3272,0.3807616144,0.1406114388
288,1,0,0.2266803401,3273,0.3806563411,0.1406446661
288,1,0,0.2266803401,3274,0.3805459371,0.1406818043
288,1,0,0.2266803401,3275,0.3804406627,0.1407165395
288,1,0,0.2266803401,3276,0.3803372405,0.140750476
288,1,0,0.2266803401,3277,0.3802349535,0.1407858077
288,1,0,0.2266803401,3278,0.3801361696,0.1408224486
288,1,0,0.2266803401,3279,0.3800409698,0.1408598153
288,1,0,0.2266803401,3280,0.3799424389,0.1408977382
288,1,0,0.2266803401,3281,0.3798378439,0.1409381126
288,1,0,0.2266803401,3282,0.3797349441,0.1409773683
288,1,0,0.2266803401,3283,0.3796308945,0.1410152703
288,1,0,0.2266803401,3284,0.3795243583,0.141056035
288,1,0,0.2266803401,3285,0.3794171124,0.1410957808
288,1,0,0.2266803401,3286,0.379314233,0.1411307271
288,1,0,0.2266803401,3287,0.3792108343,0.1411645283
288,1,0,0.2266803401,3288,0.3791051807,0.1411948845
288,1,0,0.2266803401,3289,0.3790059139,0.1412203796
288,1,0,0.2266803401,3290,0.3789027184,0.1412510196
288,1,0,0.2266803401,3291,0.3788028378,0.14128376
288,1,0,0.2266803401,3292,0.3787100155,0.1413133787
288,1,0,0.2266803401,3293,0.3786254929,0.141339129
288,1,0,0.2266803401,3294,0.3785403327,0.1413647249
288,1,0,0.2266803401,3295,0.3784610035,0.1413897292
288,1,0,0.2266803401,3296,0.378381188,0.1414167395
288,1,0,0.2266803401,3297,0.3783088188,0.1414431505
288,1,0,0.2266803401,3298,0.3782327596,0.1414712322
288,1,0,0.2266803401,3299,0.3781621907,0.1414949939
288,1,0,0.2266803401,3300,0.3781022089,0.1415153965
288,1,0,0.2266803401,3301,0.3780393489,0.1415346237
288,1,0,0.2266803401,3302,0.3779701829,0.1415562504
288,1,0,0.2266803401,3303,0.3779005799,0.1415707188
288,1,0,0.2266803401,3304,0.3778274172,0.1415869276
288,1,0,0.2266803401,3305,0.3777557203,0.1416057045
288,1,0,0.2266803401,3306,0.3776821936,0.1416281762
288,1,0,0.2266803401,3307,0.3776094294,0.1416502275
288,1,0,0.2266803401,3308,0.3775338475,0.1416732023
288,1,0,0.2266803401,3309,0.377453538,0.1416962136
288,1,0,0.2266803401,3310,0.3773739021,0.1417173081
288,1,0,0.2266803401,3311,0.3772878524,0.141740939
288,1,0,0.2266803401,3312,0.3772054745,0.1417625991
288,1,0,0.2266803401,3313,0.3771233086,0.1417814875
288,1,0,0.2266803401,3314,0.3770371278,0.1418006721
288,1,0,0.2266803401,3315,0.376951805,0.1418182464
288,1,0,0.2266803401,3316,0.3768663566,0.1418384393
288,1,0,0.2266803401,3317,0.3767871996,0.1418551185
288,1,0,0.2266803401,3318,0.3767088938,0.1418734495
288,1,0,0.2266803401,3319,0.3766231505,0.1418964653
288,1,0,0.2266803401,3320,0.3765350361,0.1419202617
288,1,0,0.2266803401,3321,0.3764479518,0.1419447886
288,1,0,0.2266803401,3322,0.3763667634,0.1419688807
288,1,0,0.2266803401,3323,0.3762824182,0.1419953797
288,1,0,0.2266803401,3324,0.3761934949,0.1420226238
288,1,0,0.2266803401,3325,0.3761052337,0.1420453079
288,1,0,0.2266803401,3326,0.3760240265,0.1420627056
288,1,0,0.2266803401,3327,0.3759422033,0.1420784951
288,1,0,0.2266803401,3328,0.3758597135,0.1420928133
288,1,0,0.2266803401,3329,0.3757820588,0.1421028061
288,1,0,0.2266803401,3330,0.3757033873,0.1421177122
288,1,0,0.2266803401,3331,0.3756197257,0.142135837
288,1,0,0.2266803401,3332,0.3755391265,0.1421507909
288,1,0,0.2266803401,3333,0.3754601565,0.1421659073
288,1,0,0.2266803401,3334,0.375377191,0.1421836801
288,1,0,0.2266803401,3335,0.3753010894,0.1421993695
288,1,0,0.2266803401,3336,0.3752265246,0.1422151336
288,1,0,0.2266803401,3337,0.3751447693,0.1422345634
288,1,0,0.2266803401,3338,0.3750639922,0.1422543728
288,1,0,0.2266803401,3339,0.374984593,0.1422737632
288,1,0,0.2266803401,3340,0.3749047988,0.142295672
288,1,0,0.2266803401,3341,0.3748294247,0.1423192244
288,1,0,0.2266803401,3342,0.3747581174,0.1423434854
288,1,0,0.2266803401,3343,0.3746864793,0.1423675786
288,1,0,0.2266803401,3344,0.3746066586,0.1423924856
288,1,0,0.2266803401,3345,0.3745193014,0.142420918
288,1,0,0.2266803401,3346,0.3744327034,0.1424502497
288,1,0,0.2266803401,3347,0.3743429315,0.1424811188
288,1,0,0.2266803401,3348,0.3742490201,0.1425127264
288,1,0,0.2266803401,3349,0.3741600272,0.1425427143
288,1,0,0.2266803401,3350,0.3740760686,0.1425756106
288,1,0,0.2266803401,3351,0.3739965921,0.1426054537
288,1,0,0.2266803401,3352,0.3739251683,0.142629658
288,1,0,0.2266803401,3353,0.3738517806,0.1426520741
288,1,0,0.2266803401,3354,0.373769291,0.1426794566
288,1,0,0.2266803401,3355,0.3736895546,0.1427073319
288,1,0,0.2266803401,3356,0.3736107615,0.1427317606
288,1,0,0.2266803401,3357,0.3735400169,0.1427518991
288,1,0,0.2266803401,3358,0.3734708635,0.1427718562
288,1,0,0.2266803401,3359,0.3733904633,0.1427966143
288,1,0,0.2266803401,3360,0.3733068539,0.1428217911
288,1,0,0.2266803401,3361,0.3732279599,0.142845061
288,1,0,0.2266803401,3362,0.3731555929,0.142867516
288,1,0,0.2266803401,3363,0.3730852761,0.1428915292
288,1,0,0.2266803401,3364,0.3730129612,0.1429192872
288,1,0,0.2266803401,3365,0.3729250356,0.1429519906
288,1,0,0.2266803401,3366,0.3728439806,0.1429800626
288,1,0,0.2266803401,3367,0.3727650941,0.1430117092
288,1,0,0.2266803401,3368,0.3726814181,0.1430464943
288,1,0,0.2266803401,3369,0.3725963391,0.1430828501
288,1,0,0.2266803401,3370,0.3725051257,0.1431207191
288,1,0,0.2266803401,3371,0.3724174312,0.1431585161
288,1,0,0.2266803401,3372,0.3723247114,0.1431969874
288,1,0,0.2266803401,3373,0.3722351414,0.143233387
288,1,0,0.2266803401,3374,0.3721495453,0.1432674423
288,1,0,0.2266803401,3375,0.3720675211,0.1433007326
288,1,0,0.2266803401,3376,0.3719869427,0.1433327066
288,1,0,0.2266803401,3377,0.3719059067,0.1433625936
288,1,0,0.2266803401,3378,0.3718234819,0.1433922859
288,1,0,0.2266803401,3379,0.3717376707,0.1434252606
288,1,0,0.2266803401,3380,0.3716562238,0.1434558144
288,1,0,0.2266803401,3381,0.371577288,0.1434851679
288,1,0,0.2266803401,3382,0.3714913394,0.1435201391
288,1,0,0.2266803401,3383,0.3714087154,0.1435511007
288,1,0,0.2266803401,3384,0.3713300128,0.143580425
288,1,0,0.2266803401,3385,0.3712546912,0.1436126221
288,1,0,0.2266803401,3386,0.3711823593,0.143643323
288,1,0,0.2266803401,3387,0.3711249876,0.1436678397
288,1,0,0.2266803401,3388,0.3710662611,0.1436908088
288,1,0,0.2266803401,3389,0.3710028582,0.1437137545
288,1,0,0.2266803401,3390,0.3709452708,0.1437352773
288,1,0,0.2266803401,3391,0.3708793125,0.143758714
288,1,0,0.2266803401,3392,0.3708151959,0.143782411
288,1,0,0.2266803401,3393,0.3707471385,0.1438054255
288,1,0,0.2266803401,3394,0.3706706642,0.1438313175
288,1,0,0.2266803401,3395,0.37058743,0.143860039
288,1,0,0.2266803401,3396,0.3705091873,0.143888046
288,1,0,0.2266803401,3397,0.370426538,0.1439208634
288,1,0,0.2266803401,3398,0.3703439426,0.1439533611
288,1,0,0.2266803401,3399,0.3702574726,0.1439888426
288,1,0,0.2266803401,3400,0.3701703051,0.1440267478
288,1,0,0.2266803401,3401,0.3700793784,0.1440637798
288,1,0,0.2266803401,3402,0.3699810774,0.1440974888
288,1,0,0.2266803401,3403,0.3698855128,0.1441291688
288,1,0,0.2266803401,3404,0.3697939453,0.1441601027
288,1,0,0.2266803401,3405,0.3696990113,0.1441918347
288,1,0,0.2266803401,3406,0.369603652,0.1442277736
288,1,0,0.2266803401,3407,0.3695023642,0.1442652545
288,1,0,0.2266803401,3408,0.3693994381,0.1443043602
288,1,0,0.2266803401,3409,0.3692989249,0.1443423347
288,1,0,0.2266803401,3410,0.3692001655,0.1443816045
288,1,0,0.2266803401,3411,0.3691006127,0.1444218285
288,1,0,0.2266803401,3412,0.3690082638,0.1444583411
288,1,0,0.2266803401,3413,0.3689195508,0.1444901015
288,1,0,0.2266803401,3414,0.3688264812,0.1445182184
288,1,0,0.2266803401,3415,0.3687334322,0.1445494063
288,1,0,0.2266803401,3416,0.3686425789,0.1445806509
288,1,0,0.2266803401,3417,0.3685430301,0.1446138393
288,1,0,0.2266803401,3418,0.3684493274,0.1446496875
288,1,0,0.2266803401,3419,0.3683554871,0.1446852799
288,1,0,0.2266803401,3420,0.3682628739,0.1447197084
288,1,0,0.2266803401,3421,0.3681627248,0.144757087
288,1,0,0.2266803401,3422,0.3680676712,0.1447916503
288,1,0,0.2266803401,3423,0.3679698443,0.1448291811
288,1,0,0.2266803401,3424,0.3678699791,0.144868066
288,1,0,0.2266803401,3425,0.3677789289,0.1449027315
288,1,0,0.2266803401,3426,0.3676924894,0.1449375145
288,1,0,0.2266803401,3427,0.3676029169,0.1449756288
288,1,0,0.2266803401,3428,0.3675144301,0.1450062666
288,1,0,0.2266803401,3429,0.3674183529,0.145037265
288,1,0,0.2266803401,3430,0.3673315419,0.1450639044
288,1,0,0.2266803401,3431,0.3672427138,0.1450915187
288,1,0,0.2266803401,3432,0.3671542624,0.1451207998
288,1,0,0.2266803401,3433,0.3670724317,0.1451431079
288,1,0,0.2266803401,3434,0.3669891343,0.1451702815
288,1,0,0.2266803401,3435,0.3668981669,0.1451979282
288,1,0,0.2266803401,3436,0.3668013401,0.1452285922
288,1,0,0.2266803401,3437,0.3667053739,0.1452637697
288,1,0,0.2266803401,3438,0.3666096775,0.1453018481
288,1,0,0.2266803401,3439,0.3665195793,0.1453344619
288,1,0,0.2266803401,3440,0.3664429154,0.145362078
288,1,0,0.2266803401,3441,0.3663633665,0.1453914115
288,1,0,0.2266803401,3442,0.366288907,0.1454160666
288,1,0,0.2266803401,3443,0.3662133382,0.1454418697
288,1,0,0.2266803401,3444,0.366135824,0.1454671117
288,1,0,0.2266803401,3445,0.3660566756,0.1454937204
288,1,0,0.2266803401,3446,0.3659781662,0.1455162069
288,1,0,0.2266803401,3447,0.3659055811,0.1455373783
288,1,0,0.2266803401,3448,0.3658288925,0.1455590533
288,1,0,0.2266803401,3449,0.3657510138,0.1455832234
288,1,0,0.2266803401,3450,0.3656713837,0.1456076218
288,1,0,0.2266803401,3451,0.3656000194,0.1456299177
288,1,0,0.2266803401,3452,0.3655263998,0.145654067
288,1,0,0.2266803401,3453,0.3654561189,0.1456778048
288,1,0,0.2266803401,3454,0.3653828164,0.1457010281
288,1,0,0.2266803401,3455,0.3653099676,0.1457237242
288,1,0,0.2266803401,3456,0.3652369493,0.1457460466
288,1,0,0.2266803401,3457,0.3651698641,0.1457690572
288,1,0,0.2266803401,3458,0.3651082745,0.1457950498
288,1,0,0.2266803401,3459,0.3650389311,0.1458247725
288,1,0,0.2266803401,3460,0.3649733111,0.1458540936
288,1,0,0.2266803401,3461,0.3649124065,0.1458822646
288,1,0,0.2266803401,3462,0.3648459141,0.1459093943
288,1,0,0.2266803401,3463,0.3647753725,0.1459369242
288,1,0,0.2266803401,3464,0.3647081352,0.1459642202
288,1,0,0.2266803401,3465,0.3646367536,0.1459940371
288,1,0,0.2266803401,3466,0.3645728064,0.1460211776
288,1,0,0.2266803401,3467,0.3645069427,0.1460463873
288,1,0,0.2266803401,3468,0.3644486817,0.1460675836
288,1,0,0.2266803401,3469,0.364387888,0.146087747
288,1,0,0.2266803401,3470,0.3643244136,0.1461115224
288,1,0,0.2266803401,3471,0.3642554776,0.1461377097
288,1,0,0.2266803401,3472,0.3641807935,0.1461625604
288,1,0,0.2266803401,3473,0.3641153587,0.1461838675
288,1,0,0.2266803401,3474,0.3640545977,0.1462035062
288,1,0,0.2266803401,3475,0.3639967255,0.1462239794
288,1,0,0.2266803401,3476,0.3639375049,0.1462459515
288,1,0,0.2266803401,3477,0.3638729681,0.146267231
288,1,0,0.2266803401,3478,0.3638027654,0.1462924321
288,1,0,0.2266803401,3479,0.3637400496,0.1463167039
288,1,0,0.2266803401,3480,0.3636832078,0.1463390717
288,1,0,0.2266803401,3481,0.3636247206,0.1463608028
288,1,0,0.2266803401,3482,0.3635630601,0.1463826782
288,1,0,0.2266803401,3483,0.3635027075,0.1464091924
288,1,0,0.2266803401,3484,0.3634438781,0.146434298
288,1,0,0.2266803401,3485,0.3633793861,0.1464616487
288,1,0,0.2266803401,3486,0.3633260263,0.1464841577
288,1,0,0.2266803401,3487,0.3632719388,0.146507124
288,1,0,0.2266803401,3488,0.3632143499,0.1465316952
288,1,0,0.2266803401,3489,0.3631511364,0.1465549912
288,1,0,0.2266803401,3490,0.3630842897,0.146579428
288,1,0,0.2266803401,3491,0.363009926,0.1466061143
288,1,0,0.2266803401,3492,0.3629402313,0.1466310445
288,1,0,0.2266803401,3493,0.3628732456,0.1466545691
288,1,0,0.2266803401,3494,0.3628108684,0.1466764196
288,1,0,0.2266803401,3495,0.3627574373,0.1466942978
288,1,0,0.2266803401,3496,0.362703893,0.1467121772
288,1,0,0.2266803401,3497,0.3626427473,0.1467280853
288,1,0,0.2266803401,3498,0.3625809014,0.1467401633
288,1,0,0.2266803401,3499,0.3625190865,0.1467556695
288,1,0,0.2266803401,3500,0.3624556609,0.1467731573
288,1,0,0.2266803401,3501,0.3623972066,0.14678801
288,1,0,0.2266803401,3502,0.3623364194,0.1468024291
288,1,0,0.2266803401,3503,0.3622700343,0.1468182097
288,1,0,0.2266803401,3504,0.3622097035,0.1468333804
288,1,0,0.2266803401,3505,0.3621566236,0.1468487169
288,1,0,0.2266803401,3506,0.3621082958,0.1468637294
288,1,0,0.2266803401,3507,0.3620459777,0.1468838444
288,1,0,0.2266803401,3508,0.3619697785,0.1469039134
288,1,0,0.2266803401,3509,0.3618965317,0.1469201989
288,1,0,0.2266803401,3510,0.3618323482,0.1469372229
288,1,0,0.2266803401,3511,0.3617630661,0.1469577985
288,1,0,0.2266803401,3512,0.3616845339,0.1469826486
288,1,0,0.2266803401,3513,0.3616041098,0.1470110709
288,1,0,0.2266803401,3514,0.3615268886,0.1470337647
288,1,0,0.2266803401,3515,0.3614515471,0.1470601238
288,1,0,0.2266803401,3516,0.3613769274,0.1470887861
288,1,0,0.2266803401,3517,0.3612988979,0.147118141
288,1,0,0.2266803401,3518,0.3612174459,0.1471426266
288,1,0,0.2266803401,3519,0.3611365855,0.1471676693
288,1,0,0.2266803401,3520,0.3610632622,0.1471868688
288,1,0,0.2266803401,3521,0.360983096,0.1472085575
288,1,0,0.2266803401,3522,0.360900311,0.1472282829
288,1,0,0.2266803401,3523,0.3608260355,0.1472482617
288,1,0,0.2266803401,3524,0.3607551828,0.1472706122
288,1,0,0.2266803401,3525,0.3606851645,0.1472922397
288,1,0,0.2266803401,3526,0.3606209793,0.1473089717
288,1,0,0.2266803401,3527,0.360554721,0.1473237702
288,1,0,0.2266803401,3528,0.3604939859,0.147335827
288,1,0,0.2266803401,3529,0.3604356576,0.1473460015
288,1,0,0.2266803401,3530,0.360384685,0.1473554614
288,1,0,0.2266803401,3531,0.3603297909,0.1473673793
288,1,0,0.2266803401,3532,0.360273375,0.147381003
288,1,0,0.2266803401,3533,0.3602183494,0.1473932684
288,1,0,0.2266803401,3534,0.3601592311,0.147404976
288,1,0,0.2266803401,3535,0.3601009412,0.1474178674
288,1,0,0.2266803401,3536,0.360045956,0.1474268131
288,1,0,0.2266803401,3537,0.3599923775,0.1474361704
288,1,0,0.2266803401,3538,0.3599363088,0.1474446978
288,1,0,0.2266803401,3539,0.3598813668,0.1474530631
288,1,0,0.2266803401,3540,0.3598227657,0.147465715
288,1,0,0.2266803401,3541,0.3597635759,0.1474758899
288,1,0,0.2266803401,3542,0.3596912749,0.1474923196
288,1,0,0.2266803401,3543,0.3596293742,0.1475099235
288,1,0,0.2266803401,3544,0.3595638882,0.1475282424
288,1,0,0.2266803401,3545,0.3594990631,0.1475475286
288,1,0,0.2266803401,3546,0.3594332636,0.1475612661
288,1,0,0.2266803401,3547,0.3593627253,0.1475758488
288,1,0,0.2266803401,3548,0.3592969799,0.1475900022
288,1,0,0.2266803401,3549,0.3592319424,0.1476056617
288,1,0,0.2266803401,3550,0.3591683091,0.1476222581
288,1,0,0.2266803401,3551,0.3591138812,0.1476360602
288,1,0,0.2266803401,3552,0.3590557217,0.1476525306
288,1,0,0.2266803401,3553,0.3589964934,0.1476666924
288,1,0,0.2266803401,3554,0.3589347814,0.1476797877
288,1,0,0.2266803401,3555,0.3588825643,0.1476894235
288,1,0,0.2266803401,3556,0.3588212109,0.1477060459
288,1,0,0.2266803401,3557,0.3587590541,0.1477223065
288,1,0,0.2266803401,3558,0.3586971323,0.1477390814
288,1,0,0.2266803401,3559,0.3586357964,0.1477558772
288,1,0,0.2266803401,3560,0.3585705398,0.147769582
288,1,0,0.2266803401,3561,0.3585085696,0.1477819015
288,1,0,0.2266803401,3562,0.3584494762,0.1477913921
288,1,0,0.2266803401,3563,0.3583860965,0.1477989367
288,1,0,0.2266803401,3564,0.3583295546,0.1478059988
288,1,0,0.2266803401,3565,0.3582740797,0.1478115712
288,1,0,0.2266803401,3566,0.3582180177,0.1478176803
288,1,0,0.2266803401,3567,0.3581532646,0.1478306637
288,1,0,0.2266803401,3568,0.3580920025,0.1478443706
288,1,0,0.2266803401,3569,0.3580299183,0.1478571093
288,1,0,0.2266803401,3570,0.3579777003,0.1478654619
288,1,0,0.2266803401,3571,0.3579357933,0.147867805
288,1,0,0.2266803401,3572,0.3578909056,0.1478731121
288,1,0,0.2266803401,3573,0.3578389008,0.1478830259
288,1,0,0.2266803401,3574,0.3577832965,0.1478933526
288,1,0,0.2266803401,3575,0.3577238018,0.147904899
288,1,0,0.2266803401,3576,0.357671157,0.1479160431
288,1,0,0.2266803401,3577,0.3576165901,0.1479273434
288,1,0,0.2266803401,3578,0.357553495,0.1479391517
288,1,0,0.2266803401,3579,0.3574886843,0.1479557219
288,1,0,0.2266803401,3580,0.3574219298,0.1479663866
288,1,0,0.2266803401,3581,0.3573567237,0.1479747594
288,1,0,0.2266803401,3582,0.3572900588,0.1479821784
288,1,0,0.2266803401,3583,0.3572239054,0.1479886387
288,1,0,0.2266803401,3584,0.3571558164,0.1479982699
288,1,0,0.2266803401,3585,0.3570881571,0.1480043856
288,1,0,0.2266803401,3586,0.3570377661,0.1480095061
288,1,0,0.2266803401,3587,0.3569797378,0.1480181517
288,1,0,0.2266803401,3588,0.3569037985,0.1480335397
288,1,0,0.2266803401,3589,0.3568322205,0.148049995
288,1,0,0.2266803401,3590,0.3567684612,0.1480614232
288,1,0,0.2266803401,3591,0.3567074972,0.1480714945
288,1,0,0.2266803401,3592,0.3566515323,0.1480835364
288,1,0,0.2266803401,3593,0.3565937743,0.148097034
288,1,0,0.2266803401,3594,0.3565370157,0.1481127087
288,1,0,0.2266803401,3595,0.3564766505,0.1481277755
288,1,0,0.2266803401,3596,0.3564064378,0.1481450716
288,1,0,0.2266803401,3597,0.3563348551,0.1481607822
288,1,0,0.2266803401,3598,0.3562654084,0.148174623
288,1,0,0.2266803401,3599,0.3561999056,0.1481873496
288,1,0,0.2266803401,3600,0.3561276702,0.1482003083
288,1,0,0.2266803401,3601,0.3560624885,0.148211974
288,1,0,0.2266803401,3602,0.3560000773,0.1482241341
288,1,0,0.2266803401,3603,0.3559323617,0.1482367097
288,1,0,0.2266803401,3604,0.3558607014,0.1482488457
288,1,0,0.2266803401,3605,0.3557872091,0.1482627401
288,1,0,0.2266803401,3606,0.3557121998,0.1482799196
288,1,0,0.2266803401,3607,0.3556353206,0.1482959197
288,1,0,0.2266803401,3608,0.3555640126,0.1483123835
288,1,0,0.2266803401,3609,0.3554993115,0.1483259952
288,1,0,0.2266803401,3610,0.355437561,0.1483376986
288,1,0,0.2266803401,3611,0.3553660528,0.1483524754
288,1,0,0.2266803401,3612,0.3552914582,0.1483707844
288,1,0,0.2266803401,3613,0.3552231984,0.1483839163
288,1,0,0.2266803401,3614,0.35514357,0.1484006562
288,1,0,0.2266803401,3615,0.3550613212,0.1484183402
288,1,0,0.2266803401,3616,0.3549688055,0.1484388696
288,1,0,0.2266803401,3617,0.3548655483,0.1484627053
288,1,0,0.2266803401,3618,0.3547638618,0.1484865065
288,1,0,0.2266803401,3619,0.3546612487,0.1485127926
288,1,0,0.2266803401,3620,0.3545587639,0.148540194
288,1,0,0.2266803401,3621,0.3544590466,0.1485680956
288,1,0,0.2266803401,3622,0.3543683914,0.1485908007
288,1,0,0.2266803401,3623,0.3542805986,0.1486168138
288,1,0,0.2266803401,3624,0.3541919078,0.1486460211
288,1,0,0.2266803401,3625,0.3541026221,0.1486795687
288,1,0,0.2266803401,3626,0.3540190798,0.1487085149
288,1,0,0.2266803401,3627,0.3539338525,0.1487380003
288,1,0,0.2266803401,3628,0.3538476822,0.1487690311
288,1,0,0.2266803401,3629,0.3537600431,0.1487998331
288,1,0,0.2266803401,3630,0.3536760192,0.148830241
288,1,0,0.2266803401,3631,0.3535954689,0.1488582706
288,1,0,0.2266803401,3632,0.3535277078,0.1488798622
288,1,0,0.2266803401,3633,0.3534487072,0.1489038518
288,1,0,0.2266803401,3634,0.3533722061,0.1489271867
288,1,0,0.2266803401,3635,0.3532885077,0.1489509157
288,1,0,0.2266803401,3636,0.3532058437,0.1489754101
288,1,0,0.2266803401,3637,0.35311548,0.1490000186
288,1,0,0.2266803401,3638,0.3530242075,0.1490257251
288,1,0,0.2266803401,3639,0.352924312,0.1490519969
288,1,0,0.2266803401,3640,0.3528248338,0.1490776466
288,1,0,0.2266803401,3641,0.3527314975,0.1491002409
288,1,0,0.2266803401,3642,0.3526450308,0.1491204847
288,1,0,0.2266803401,3643,0.3525583065,0.1491402447
288,1,0,0.2266803401,3644,0.3524652999,0.1491641557
288,1,0,0.2266803401,3645,0.352374192,0.1491883196
288,1,0,0.2266803401,3646,0.352288428,0.1492094171
288,1,0,0.2266803401,3647,0.3522064368,0.1492324364
288,1,0,0.2266803401,3648,0.3521237793,0.1492545866
288,1,0,0.2266803401,3649,0.3520325416,0.1492795465
288,1,0,0.2266803401,3650,0.3519501263,0.1493042703
288,1,0,0.2266803401,3651,0.3518630305,0.149328135
288,1,0,0.2266803401,3652,0.351772413,0.1493532808
288,1,0,0.2266803401,3653,0.3516887568,0.1493770715
288,1,0,0.2266803401,3654,0.3515950353,0.1494072812
288,1,0,0.2266803401,3655,0.3514974716,0.1494377473
288,1,0,0.2266803401,3656,0.3514030351,0.1494706337
288,1,0,0.2266803401,3657,0.3513135773,0.1495013149
288,1,0,0.2266803401,3658,0.3512193986,0.1495343621
288,1,0,0.2266803401,3659,0.3511346119,0.1495661954
288,1,0,0.2266803401,3660,0.3510526917,0.149594801
288,1,0,0.2266803401,3661,0.3509614879,0.1496262576
288,1,0,0.2266803401,3662,0.3508575425,0.149664617
288,1,0,0.2266803401,3663,0.3507549757,0.1496999036
288,1,0,0.2266803401,3664,0.3506497451,0.1497370888
288,1,0,0.2266803401,3665,0.3505355989,0.1497719279
288,1,0,0.2266803401,3666,0.3504256046,0.1498111899
288,1,0,0.2266803401,3667,0.3503215834,0.1498512016
288,1,0,0.2266803401,3668,0.3502230696,0.1498904302
288,1,0,0.2266803401,3669,0.3501161059,0.1499326939
288,1,0,0.2266803401,3670,0.3500107729,0.1499746602
288,1,0,0.2266803401,3671,0.3499140085,0.1500121231
288,1,0,0.2266803401,3672,0.3498233194,0.1500444183
288,1,0,0.2266803401,3673,0.3497342284,0.1500755778
288,1,0,0.2266803401,3674,0.3496469617,0.1501105498
288,1,0,0.2266803401,3675,0.3495581308,0.1501450504
288,1,0,0.2266803401,3676,0.3494730685,0.1501793936
288,1,0,0.2266803401,3677,0.3493867205,0.1502125492
288,1,0,0.2266803401,3678,0.3493066946,0.1502432847
288,1,0,0.2266803401,3679,0.3492308429,0.150274083
288,1,0,0.2266803401,3680,0.3491629235,0.1503056671
288,1,0,0.2266803401,3681,0.3490929438,0.150339419
288,1,0,0.2266803401,3682,0.3490257066,0.1503727635
288,1,0,0.2266803401,3683,0.348957662,0.1504069667
288,1,0,0.2266803401,3684,0.3488894452,0.1504406173
288,1,0,0.2266803401,3685,0.3488208832,0.1504713104
288,1,0,0.2266803401,3686,0.3487479538,0.1505014547
288,1,0,0.2266803401,3687,0.348686458,0.1505265884
288,1,0,0.2266803401,3688,0.3486220094,0.150552745
288,1,0,0.2266803401,3689,0.348559879,0.1505758609
288,1,0,0.2266803401,3690,0.3485074151,0.1505944127
288,1,0,0.2266803401,3691,0.3484525308,0.1506195494
288,1,0,0.2266803401,3692,0.3483943183,0.1506477336
288,1,0,0.2266803401,3693,0.3483317024,0.1506775041
288,1,0,0.2266803401,3694,0.3482705168,0.150705535
288,1,0,0.2266803401,3695,0.3482090241,0.150736819
288,1,0,0.2266803401,3696,0.3481402763,0.1507719369
288,1,0,0.2266803401,3697,0.3480773379,0.1508064379
288,1,0,0.2266803401,3698,0.3480156592,0.1508365756
288,1,0,0.2266803401,3699,0.3479507743,0.1508678185
288,1,0,0.2266803401,3700,0.3478733814,0.1509034528
288,1,0,0.2266803401,3701,0.3477924339,0.1509345813
288,1,0,0.2266803401,3702,0.3477142104,0.1509626445
288,1,0,0.2266803401,3703,0.3476309683,0.1509928207
288,1,0,0.2266803401,3704,0.3475544557,0.1510252222
288,1,0,0.2266803401,3705,0.3474842551,0.1510531339
288,1,0,0.2266803401,3706,0.3474217335,0.1510776603
288,1,0,0.2266803401,3707,0.3473600214,0.1511027167
288,1,0,0.2266803401,3708,0.3472972612,0.1511301935
288,1,0,0.2266803401,3709,0.3472346932,0.1511550686
288,1,0,0.2266803401,3710,0.3471706491,0.1511798165
288,1,0,0.2266803401,3711,0.3471116476,0.1512014823
288,1,0,0.2266803401,3712,0.3470496513,0.1512269585
288,1,0,0.2266803401,3713,0.3469807251,0.1512571634
288,1,0,0.2266803401,3714,0.3469100235,0.1512868896
288,1,0,0.2266803401,3715,0.3468449542,0.1513108464
288,1,0,0.2266803401,3716,0.3467744048,0.1513365985
288,1,0,0.2266803401,3717,0.3467025344,0.1513616151
288,1,0,0.2266803401,3718,0.3466348778,0.1513855429
288,1,0,0.2266803401,3719,0.3465585119,0.1514106355
288,1,0,0.2266803401,3720,0.346478749,0.151437857
288,1,0,0.2266803401,3721,0.3463980207,0.1514641949
288,1,0,0.2266803401,3722,0.3463176308,0.1514873115
288,1,0,0.2266803401,3723,0.3462402653,0.1515139497
288,1,0,0.2266803401,3724,0.3461660963,0.1515407751
288,1,0,0.2266803401,3725,0.3460939111,0.15156858
288,1,0,0.2266803401,3726,0.3460216566,0.1515969127
288,1,0,0.2266803401,3727,0.3459493448,0.1516276741
288,1,0,0.2266803401,3728,0.3458776743,0.1516554064
288,1,0,0.2266803401,3729,0.3458095429,0.1516821254
288,1,0,0.2266803401,3730,0.3457368082,0.1517072511
288,1,0,0.2266803401,3731,0.3456516553,0.1517406182
288,1,0,0.2266803401,3732,0.3455697019,0.1517716782
288,1,0,0.2266803401,3733,0.3455008871,0.1517993808
288,1,0,0.2266803401,3734,0.3454318504,0.1518232317
288,1,0,0.2266803401,3735,0.3453570441,0.1518500336
288,1,0,0.2266803401,3736,0.3452867581,0.1518764894
288,1,0,0.2266803401,3737,0.3452206362,0.1518988996
288,1,0,0.2266803401,3738,0.3451514791,0.1519214564
288,1,0,0.2266803401,3739,0.3450898534,0.1519426144
288,1,0,0.2266803401,3740,0.3450274672,0.1519615803
288,1,0,0.2266803401,3741,0.3449614281,0.1519829406
288,1,0,0.2266803401,3742,0.3448932196,0.1520033506
288,1,0,0.2266803401,3743,0.3448279018,0.1520214896
288,1,0,0.2266803401,3744,0.3447707457,0.1520415743
288,1,0,0.2266803401,3745,0.3447023122,0.1520640977
288,1,0,0.2266803401,3746,0.3446304214,0.1520908458
288,1,0,0.2266803401,3747,0.3445609015,0.1521149875
288,1,0,0.2266803401,3748,0.3444943295,0.1521364405
288,1,0,0.2266803401,3749,0.3444334245,0.1521589615
288,1,0,0.2266803401,3750,0.344370503,0.1521795895
288,1,0,0.2266803401,3751,0.3443136686,0.1521985189
288,1,0,0.2266803401,3752,0.3442529568,0.1522187428
288,1,0,0.2266803401,3753,0.3441937625,0.1522389966
288,1,0,0.2266803401,3754,0.3441374171,0.1522609692
288,1,0,0.2266803401,3755,0.3440862549,0.1522805116
288,1,0,0.2266803401,3756,0.3440325477,0.1522971703
288,1,0,0.2266803401,3757,0.3439798378,0.152313561
288,1,0,0.2266803401,3758,0.3439267125,0.1523300809
288,1,0,0.2266803401,3759,0.3438807162,0.1523459467
288,1,0,0.2266803401,3760,0.3438309619,0.1523675808
288,1,0,0.2266803401,3761,0.3437749925,0.1523911786
288,1,0,0.2266803401,3762,0.3437180444,0.1524148906
288,1,0,0.2266803401,3763,0.34366484,0.1524391638
288,1,0,0.2266803401,3764,0.3436149489,0.1524627128
288,1,0,0.2266803401,3765,0.3435663977,0.1524846682
288,1,0,0.2266803401,3766,0.3435120038,0.1525097114
288,1,0,0.2266803401,3767,0.3434525498,0.1525342878
288,1,0,0.2266803401,3768,0.3433932096,0.1525597988
288,1,0,0.2266803401,3769,0.343331424,0.1525894382
288,1,0,0.2266803401,3770,0.3432757591,0.1526168985
288,1,0,0.2266803401,3771,0.3432240431,0.1526436423
288,1,0,0.2266803401,3772,0.3431814201,0.1526641999
288,1,0,0.2266803401,3773,0.3431398877,0.1526815649
288,1,0,0.2266803401,3774,0.3430987366,0.1526981508
288,1,0,0.2266803401,3775,0.343049922,0.1527129095
288,1,0,0.2266803401,3776,0.3430058168,0.1527282652
288,1,0,0.2266803401,3777,0.3429652699,0.1527437794
288,1,0,0.2266803401,3778,0.342910967,0.1527596651
288,1,0,0.2266803401,3779,0.3428558167,0.1527752617
288,1,0,0.2266803401,3780,0.342803736,0.1527916749
288,1,0,0.2266803401,3781,0.3427573005,0.1528038592
288,1,0,0.2266803401,3782,0.3427140217,0.1528100108
288,1,0,0.2266803401,3783,0.3426681355,0.1528158679
288,1,0,0.2266803401,3784,0.3426274941,0.1528172082
288,1,0,0.2266803401,3785,0.3425843784,0.1528191319
288,1,0,0.2266803401,3786,0.3425409577,0.1528220737
288,1,0,0.2266803401,3787,0.3424900458,0.1528275316
288,1,0,0.2266803401,3788,0.3424435424,0.152835041
288,1,0,0.2266803401,3789,0.3424012376,0.1528434723
288,1,0,0.2266803401,3790,0.3423575782,0.1528523564
288,1,0,0.2266803401,3791,0.34232109,0.1528576356
288,1,0,0.2266803401,3792,0.3422727353,0.1528671296
288,1,0,0.2266803401,3793,0.342223707,0.1528770898
288,1,0,0.2266803401,3794,0.342174772,0.1528851895
288,1,0,0.2266803401,3795,0.3421237038,0.1528970866
288,1,0,0.2266803401,3796,0.3420829964,0.1529079777
288,1,0,0.2266803401,3797,0.3420430374,0.152915887
288,1,0,0.2266803401,3798,0.3420068505,0.1529221794
288,1,0,0.2266803401,3799,0.3419696596,0.1529320232
288,1,0,0.2266803401,3800,0.3419259857,0.1529428743
288,1,0,0.2266803401,3801,0.3418808758,0.1529582798
288,1,0,0.2266803401,3802,0.3418330635,0.1529768091
288,1,0,0.2266803401,3803,0.3417985355,0.152991129
288,1,0,0.2266803401,3804,0.341753342,0.1530064227
288,1,0,0.2266803401,3805,0.3417075481,0.1530237585
288,1,0,0.2266803401,3806,0.3416635161,0.1530390627
288,1,0,0.2266803401,3807,0.3416172934,0.1530580888
288,1,0,0.2266803401,3808,0.3415669264,0.1530756594
288,1,0,0.2266803401,3809,0.3415139021,0.1530984169
288,1,0,0.2266803401,3810,0.341459423,0.1531238356
288,1,0,0.2266803401,3811,0.341414996,0.153141531
288,1,0,0.2266803401,3812,0.3413686788,0.1531571063
288,1,0,0.2266803401,3813,0.3413262934,0.1531706483
288,1,0,0.2266803401,3814,0.3412891644,0.1531859949
288,1,0,0.2266803401,3815,0.3412477001,0.1532053811
288,1,0,0.2266803401,3816,0.3412119788,0.1532212289
288,1,0,0.2266803401,3817,0.3411749412,0.1532376372
288,1,0,0.2266803401,3818,0.3411312838,0.1532533604
288,1,0,0.2266803401,3819,0.3410979416,0.1532641236
288,1,0,0.2266803401,3820,0.3410576273,0.1532779068
288,1,0,0.2266803401,3821,0.3410130717,0.1532936562
288,1,0,0.2266803401,3822,0.3409735592,0.1533040893
288,1,0,0.2266803401,3823,0.3409286306,0.1533173647
288,1,0,0.2266803401,3824,0.3408762433,0.1533330839
288,1,0,0.2266803401,3825,0.340822144,0.1533501804
288,1,0,0.2266803401,3826,0.340767839,0.1533674447
288,1,0,0.2266803401,3827,0.3407246443,0.153378551
288,1,0,0.2266803401,3828,0.3407007464,0.1533847233
288,1,0,0.2266803401,3829,0.3406713797,0.1533941645
288,1,0,0.2266803401,3830,0.3406351944,0.153407129
288,1,0,0.2266803401,3831,0.3405961141,0.1534214031
288,1,0,0.2266803401,3832,0.3405614336,0.1534298538
288,1,0,0.2266803401,3833,0.3405339549,0.1534356711
288,1,0,0.2266803401,3834,0.3405065625,0.1534394817
288,1,0,0.2266803401,3835,0.3404862221,0.1534387919
288,1,0,0.2266803401,3836,0.3404621232,0.1534362702
288,1,0,0.2266803401,3837,0.3404368595,0.1534367927
288,1,0,0.2266803401,3838,0.3404085324,0.1534373713
288,1,0,0.2266803401,3839,0.3403839551,0.1534368137
288,1,0,0.2266803401,3840,0.3403481724,0.1534376197
288,1,0,0.2266803401,3841,0.3403101302,0.153439542
288,1,0,0.2266803401,3842,0.3402680084,0.1534414144
288,1,0,0.2266803401,3843,0.3402197601,0.1534483578
288,1,0,0.2266803401,3844,0.3401718915,0.1534580145
288,1,0,0.2266803401,3845,0.3401211012,0.153467106
288,1,0,0.2266803401,3846,0.3400690167,0.1534768994
288,1,0,0.2266803401,3847,0.3400268567,0.1534828285
288,1,0,0.2266803401,3848,0.3399829604,0.1534877963
288,1,0,0.2266803401,3849,0.3399381104,0.1534984838
288,1,0,0.2266803401,3850,0.3398902512,0.1535129872
288,1,0,0.2266803401,3851,0.3398389144,0.1535261852
288,1,0,0.2266803401,3852,0.3397992851,0.1535341099
288,1,0,0.2266803401,3853,0.3397520591,0.1535431393
288,1,0,0.2266803401,3854,0.339701725,0.1535542969
288,1,0,0.2266803401,3855,0.3396446017,0.1535644978
288,1,0,0.2266803401,3856,0.3395878396,0.1535733518
288,1,0,0.2266803401,3857,0.3395375562,0.1535823819
288,1,0,0.2266803401,3858,0.3394871527,0.1535937275
288,1,0,0.2266803401,3859,0.339435734,0.1536052444
288,1,0,0.2266803401,3860,0.3393854167,0.153618441
288,1,0,0.2266803401,3861,0.3393272905,0.1536326493
288,1,0,0.2266803401,3862,0.3392639809,0.1536487637
288,1,0,0.2266803401,3863,0.3392020485,0.1536665679
288,1,0,0.2266803401,3864,0.3391347722,0.1536846806
288,1,0,0.2266803401,3865,0.3390728585,0.1537002229
288,1,0,0.2266803401,3866,0.3390107594,0.1537145335
288,1,0,0.2266803401,3867,0.3389538461,0.153729155
288,1,0,0.2266803401,3868,0.3388994955,0.1537441614
288,1,0,0.2266803401,3869,0.3388398409,0.1537591261
288,1,0,0.2266803401,3870,0.3387789776,0.1537738059
288,1,0,0.2266803401,3871,0.3387095802,0.1537900612
288,1,0,0.2266803401,3872,0.3386401673,0.1538084474
288,1,0,0.2266803401,3873,0.3385659667,0.1538291425
288,1,0,0.2266803401,3874,0.3384922002,0.153851259
288,1,0,0.2266803401,3875,0.3384318615,0.1538653593
288,1,0,0.2266803401,3876,0.3383772836,0.1538800176
288,1,0,0.2266803401,3877,0.3383188934,0.1538972923
288,1,0,0.2266803401,3878,0.3382613245,0.1539129848
288,1,0,0.2266803401,3879,0.3382112293,0.1539272588
288,1,0,0.2266803401,3880,0.3381648374,0.1539424279
288,1,0,0.2266803401,3881,0.3381182564,0.1539574959
288,1,0,0.2266803401,3882,0.3380756295,0.1539736118
288,1,0,0.2266803401,3883,0.3380314775,0.1539902879
288,1,0,0.2266803401,3884,0.3379922285,0.154004151
288,1,0,0.2266803401,3885,0.3379544745,0.154014598
288,1,0,0.2266803401,3886,0.3379154873,0.1540230999
288,1,0,0.2266803401,3887,0.3378687378,0.1540351465
288,1,0,0.2266803401,3888,0.3378194118,0.1540438321
288,1,0,0.2266803401,3889,0.3377703713,0.1540526329
288,1,0,0.2266803401,3890,0.3377160829,0.1540651255
288,1,0,0.2266803401,3891,0.3376635134,0.1540737246
288,1,0,0.2266803401,3892,0.3376075923,0.1540851896
288,1,0,0.2266803401,3893,0.337553284,0.1540977937
288,1,0,0.2266803401,3894,0.3375028603,0.1541088827
288,1,0,0.2266803401,3895,0.3374574256,0.154113374
288,1,0,0.2266803401,3896,0.3374114675,0.1541191223
288,1,0,0.2266803401,3897,0.3373674739,0.1541242982
288,1,0,0.2266803401,3898,0.3373247805,0.1541314552
288,1,0,0.2266803401,3899,0.3372865286,0.1541354541
288,1,0,0.2266803401,3900,0.3372575096,0.1541365553
288,1,0,0.2266803401,3901,0.3372216907,0.1541406096
288,1,0,0.2266803401,3902,0.3371856222,0.1541477437
288,1,0,0.2266803401,3903,0.3371408434,0.1541558105
288,1,0,0.2266803401,3904,0.3370920168,0.154166204
288,1,0,0.2266803401,3905,0.3370522608,0.1541721428
288,1,0,0.2266803401,3906,0.3370118974,0.1541763622
288,1,0,0.2266803401,3907,0.3369741623,0.1541801401
288,1,0,0.2266803401,3908,0.3369358195,0.1541837943
288,1,0,0.2266803401,3909,0.3369029405,0.1541883128
288,1,0,0.2266803401,3910,0.3368717803,0.154189428
288,1,0,0.2266803401,3911,0.336833316,0.1541908133
288,1,0,0.2266803401,3912,0.3368002039,0.1541894477
288,1,0,0.2266803401,3913,0.3367687164,0.1541868516
288,1,0,0.2266803401,3914,0.3367159027,0.1541951014
288,1,0,0.2266803401,3915,0.3366559347,0.1542076723
288,1,0,0.2266803401,3916,0.3365990619,0.1542178248
288,1,0,0.2266803401,3917,0.3365390594,0.1542288221
288,1,0,0.2266803401,3918,0.3364830632,0.1542374057
288,1,0,0.2266803401,3919,0.3364414916,0.154239276
288,1,0,0.2266803401,3920,0.3364012768,0.1542410547
288,1,0,0.2266803401,3921,0.3363650373,0.1542426857
288,1,0,0.2266803401,3922,0.3363253404,0.1542468905
288,1,0,0.2266803401,3923,0.3362841722,0.1542508685
288,1,0,0.2266803401,3924,0.3362476058,0.1542550021
288,1,0,0.2266803401,3925,0.3362162185,0.1542595393
288,1,0,0.2266803401,3926,0.336192009,0.1542609299
288,1,0,0.2266803401,3927,0.3361659251,0.1542608824
288,1,0,0.2266803401,3928,0.3361378361,0.1542588473
288,1,0,0.2266803401,3929,0.336111302,0.1542591049
288,1,0,0.2266803401,3930,0.3360809184,0.1542627927
288,1,0,0.2266803401,3931,0.3360542722,0.1542638569
288,1,0,0.2266803401,3932,0.3360232162,0.1542661569
288,1,0,0.2266803401,3933,0.3359948376,0.1542689769
288,1,0,0.2266803401,3934,0.3359675054,0.1542718383
288,1,0,0.2266803401,3935,0.3359385881,0.1542767608
288,1,0,0.2266803401,3936,0.3359023621,0.1542819239
288,1,0,0.2266803401,3937,0.3358778237,0.1542813779
288,1,0,0.2266803401,3938,0.3358515892,0.154279868
288,1,0,0.2266803401,3939,0.3358317042,0.1542743236
288,1,0,0.2266803401,3940,0.3358086839,0.1542691172
288,1,0,0.2266803401,3941,0.3357930367,0.1542623215
288,1,0,0.2266803401,3942,0.3357880742,0.1542535527
288,1,0,0.2266803401,3943,0.3357778852,0.1542462493
288,1,0,0.2266803401,3944,0.3357618565,0.1542394395
288,1,0,0.2266803401,3945,0.3357477729,0.1542334935
288,1,0,0.2266803401,3946,0.3357251021,0.1542309643
288,1,0,0.2266803401,3947,0.3357010476,0.1542288075
288,1,0,0.2266803401,3948,0.3356721271,0.1542258416
288,1,0,0.2266803401,3949,0.3356415184,0.1542246642
288,1,0,0.2266803401,3950,0.3356082411,0.1542229403
288,1,0,0.2266803401,3951,0.3355774184,0.1542198692
288,1,0,0.2266803401,3952,0.3355419542,0.1542216634
288,1,0,0.2266803401,3953,0.3355104282,0.15422572
288,1,0,0.2266803401,3954,0.335473504,0.1542337444
288,1,0,0.2266803401,3955,0.3354303619,0.1542407318
288,1,0,0.2266803401,3956,0.3353913033,0.1542445402
288,1,0,0.2266803401,3957,0.3353584388,0.1542492264
288,1,0,0.2266803401,3958,0.3353259027,0.1542543607
288,1,0,0.2266803401,3959,0.3352942969,0.154261358
288,1,0,0.2266803401,3960,0.3352501551,0.1542761587
288,1,0,0.2266803401,3961,0.3352007407,0.1542941445
288,1,0,0.2266803401,3962,0.3351652605,0.1543066051
288,1,0,0.2266803401,3963,0.3351298164,0.1543207817
288,1,0,0.2266803401,3964,0.3350892835,0.1543390432
288,1,0,0.2266803401,3965,0.335048578,0.1543583273
288,1,0,0.2266803401,3966,0.3350079545,0.1543775462
288,1,0,0.2266803401,3967,0.3349727801,0.1543933315
288,1,0,0.2266803401,3968,0.3349381938,0.1544043926
288,1,0,0.2266803401,3969,0.3348941659,0.1544204662
288,1,0,0.2266803401,3970,0.3348519866,0.1544342307
288,1,0,0.2266803401,3971,0.3348082413,0.1544523834
288,1,0,0.2266803401,3972,0.3347671332,0.1544693609
288,1,0,0.2266803401,3973,0.3347285599,0.154488751
288,1,0,0.2266803401,3974,0.3346869208,0.1545083506
288,1,0,0.2266803401,3975,0.3346553919,0.1545216747
288,1,0,0.2266803401,3976,0.3346257371,0.1545387835
288,1,0,0.2266803401,3977,0.334594059,0.1545554598
288,1,0,0.2266803401,3978,0.3345626646,0.1545680512
288,1,0,0.2266803401,3979,0.3345310095,0.1545797767
288,1,0,0.2266803401,3980,0.3344897451,0.1545941405
288,1,0,0.2266803401,3981,0.3344483875,0.154605472
288,1,0,0.2266803401,3982,0.334398976,0.154619978
288,1,0,0.2266803401,3983,0.3343609626,0.1546361483
288,1,0,0.2266803401,3984,0.3343144253,0.1546558603
288,1,0,0.2266803401,3985,0.3342748739,0.1546738266
288,1,0,0.2266803401,3986,0.334238677,0.1546885427
288,1,0,0.2266803401,3987,0.3342008224,0.1547025309
288,1,0,0.2266803401,3988,0.3341685308,0.1547137943
288,1,0,0.2266803401,3989,0.3341365833,0.1547239704
288,1,0,0.2266803401,3990,0.3341016611,0.1547381799
288,1,0,0.2266803401,3991,0.3340649358,0.1547506111
288,1,0,0.2266803401,3992,0.3340320037,0.1547614157
288,1,0,0.2266803401,3993,0.3339873648,0.1547759067
288,1,0,0.2266803401,3994,0.3339462994,0.1547888386
288,1,0,0.2266803401,3995,0.3339017836,0.1548032881
288,1,0,0.2266803401,3996,0.3338561815,0.1548175044
288,1,0,0.2266803401,3997,0.3338092167,0.1548316598
288,1,0,0.2266803401,3998,0.3337600803,0.1548462843
288,1,0,0.2266803401,3999,0.3337077219,0.1548629746
288,1,0,0.2266803401,4000,0.3336526623,0.1548838607
288,1,0,0.2266803401,4001,0.3336065252,0.154904306
288,1,0,0.2266803401,4002,0.3335620505,0.154922452
288,1,0,0.2266803401,4003,0.3335232966,0.1549374046
288,1,0,0.2266803401,4004,0.3334763305,0.154956166
288,1,0,0.2266803401,4005,0.3334301964,0.1549734049
288,1,0,0.2266803401,4006,0.3333811834,0.1549907792
288,1,0,0.2266803401,4007,0.3333420504,0.1550048612
288,1,0,0.2266803401,4008,0.3332933939,0.1550226104
288,1,0,0.2266803401,4009,0.3332503188,0.1550405842
288,1,0,0.2266803401,4010,0.3332066331,0.1550581732
288,1,0,0.2266803401,4011,0.3331661361,0.1550713099
288,1,0,0.2266803401,4012,0.3331249598,0.1550821768
288,1,0,0.2266803401,4013,0.3330897303,0.1550958746
288,1,0,0.2266803401,4014,0.333061596,0.1551073793
288,1,0,0.2266803401,4015,0.3330266283,0.155121733
288,1,0,0.2266803401,4016,0.3329890546,0.1551416773
288,1,0,0.2266803401,4017,0.3329504823,0.1551598468
288,1,0,0.2266803401,4018,0.3329053493,0.1551788581
288,1,0,0.2266803401,4019,0.3328478502,0.1552018944
288,1,0,0.2266803401,4020,0.3327884334,0.1552261002
288,1,0,0.2266803401,4021,0.3327349559,0.1552491409
288,1,0,0.2266803401,4022,0.3326905391,0.1552688487
288,1,0,0.2266803401,4023,0.3326492468,0.1552839595
288,1,0,0.2266803401,4024,0.3326025261,0.1552984011
288,1,0,0.2266803401,4025,0.3325557926,0.155315762
288,1,0,0.2266803401,4026,0.3325066565,0.1553367314
288,1,0,0.2266803401,4027,0.332450889,0.1553577744
288,1,0,0.2266803401,4028,0.3323991754,0.1553755426
288,1,0,0.2266803401,4029,0.3323462908,0.155390362
288,1,0,0.2266803401,4030,0.3322900187,0.1554071704
288,1,0,0.2266803401,4031,0.3322336913,0.1554260422
288,1,0,0.2266803401,4032,0.3321784107,0.1554482729
288,1,0,0.2266803401,4033,0.3321257707,0.1554677001
288,1,0,0.2266803401,4034,0.3320814429,0.1554865205
288,1,0,0.2266803401,4035,0.3320395362,0.155500977
288,1,0,0.2266803401,4036,0.3319825653,0.1555192404
288,1,0,0.2266803401,4037,0.3319334313,0.1555344932
288,1,0,0.2266803401,4038,0.3318769333,0.1555523159
288,1,0,0.2266803401,4039,0.3318226111,0.1555683989
288,1,0,0.2266803401,4040,0.3317572935,0.1555862392
288,1,0,0.2266803401,4041,0.3316944792,0.1556059571
288,1,0,0.2266803401,4042,0.3316278069,0.1556272427
288,1,0,0.2266803401,4043,0.3315594724,0.1556465605
288,1,0,0.2266803401,4044,0.3315022043,0.1556588654
288,1,0,0.2266803401,4045,0.331448875,0.1556709723
288,1,0,0.2266803401,4046,0.3314006975,0.1556817516
288,1,0,0.2266803401,4047,0.3313416469,0.1556969064
288,1,0,0.2266803401,4048,0.3312815335,0.1557115007
288,1,0,0.2266803401,4049,0.3312224246,0.1557257082
288,1,0,0.2266803401,4050,0.3311574057,0.1557419553
288,1,0,0.2266803401,4051,0.3310983684,0.1557564157
288,1,0,0.2266803401,4052,0.331053905,0.1557665096
288,1,0,0.2266803401,4053,0.3310051573,0.1557761634
288,1,0,0.2266803401,4054,0.3309466861,0.1557899836
288,1,0,0.2266803401,4055,0.3308918849,0.1558008349
288,1,0,0.2266803401,4056,0.3308304294,0.1558124398
288,1,0,0.2266803401,4057,0.3307638325,0.1558234137
288,1,0,0.2266803401,4058,0.3306857565,0.1558392026
288,1,0,0.2266803401,4059,0.3306096265,0.1558528911
288,1,0,0.2266803401,4060,0.3305353197,0.155867486
288,1,0,0.2266803401,4061,0.3304545777,0.1558826103
288,1,0,0.2266803401,4062,0.3303823992,0.1558939037
288,1,0,0.2266803401,4063,0.3303242733,0.1559033843
288,1,0,0.2266803401,4064,0.3302691335,0.1559094385
288,1,0,0.2266803401,4065,0.3302108649,0.155918269
288,1,0,0.2266803401,4066,0.3301459989,0.1559310126
288,1,0,0.2266803401,4067,0.3300798728,0.1559448067
288,1,0,0.2266803401,4068,0.3300155083,0.1559574474
288,1,0,0.2266803401,4069,0.3299484699,0.1559708885
288,1,0,0.2266803401,4070,0.3298908332,0.15598063
288,1,0,0.2266803401,4071,0.3298338185,0.1559876765
288,1,0,0.2266803401,4072,0.329779837,0.1559917716
288,1,0,0.2266803401,4073,0.3297255898,0.1559939043
288,1,0,0.2266803401,4074,0.3296637977,0.1560025586
288,1,0,0.2266803401,4075,0.3296068637,0.1560141731
288,1,0,0.2266803401,4076,0.3295552989,0.1560280196
288,1,0,0.2266803401,4077,0.3295095326,0.1560389241
288,1,0,0.2266803401,4078,0.3294619793,0.1560489554
288,1,0,0.2266803401,4079,0.3294015629,0.1560629048
288,1,0,0.2266803401,4080,0.3293496298,0.15607424
288,1,0,0.2266803401,4081,0.3292939236,0.156088825
288,1,0,0.2266803401,4082,0.3292332423,0.1561035345
288,1,0,0.2266803401,4083,0.329175278,0.1561147913
288,1,0,0.2266803401,4084,0.3291304637,0.156120296
288,1,0,0.2266803401,4085,0.3290841212,0.1561254197
288,1,0,0.2266803401,4086,0.3290387964,0.1561318174
288,1,0,0.2266803401,4087,0.3289967325,0.1561394072
288,1,0,0.2266803401,4088,0.3289546378,0.1561460515
288,1,0,0.2266803401,4089,0.3289053877,0.1561541831
288,1,0,0.2266803401,4090,0.3288544293,0.1561620827
288,1,0,0.2266803401,4091,0.3288075699,0.1561724574
288,1,0,0.2266803401,4092,0.3287514757,0.1561880149
288,1,0,0.2266803401,4093,0.3286942184,0.1562044653
288,1,0,0.2266803401,4094,0.328643731,0.1562209456
288,1,0,0.2266803401,4095,0.32859257,0.1562342366
288,1,0,0.2266803401,4096,0.3285496933,0.1562448238
288,1,0,0.2266803401,4097,0.3285128814,0.1562515857
288,1,0,0.2266803401,4098,0.328484237,0.1562550302
288,1,0,0.2266803401,4099,0.3284573911,0.156257263
288,1,0,0.2266803401,4100,0.3284341312,0.1562609524
288,1,0,0.2266803401,4101,0.328410934,0.1562714634
288,1,0,0.2266803401,4102,0.3283873892,0.1562789888
288,1,0,0.2266803401,4103,0.3283543469,0.1562908224
288,1,0,0.2266803401,4104,0.3283256188,0.1562992822
288,1,0,0.2266803401,4105,0.3282968114,0.1563059185
288,1,0,0.2266803401,4106,0.3282643397,0.1563156487
288,1,0,0.2266803401,4107,0.3282387075,0.1563210809
288,1,0,0.2266803401,4108,0.3282180008,0.1563223124
288,1,0,0.2266803401,4109,0.3281917744,0.1563264788
288,1,0,0.2266803401,4110,0.3281634913,0.1563279072
288,1,0,0.2266803401,4111,0.3281394283,0.1563248811
288,1,0,0.2266803401,4112,0.3281027989,0.1563283146
288,1,0,0.2266803401,4113,0.328060675,0.1563334938
288,1,0,0.2266803401,4114,0.3280180555,0.1563419907
288,1,0,0.2266803401,4115,0.3279773801,0.1563503683
288,1,0,0.2266803401,4116,0.3279392235,0.156356109
288,1,0,0.2266803401,4117,0.3279052909,0.1563614803
288,1,0,0.2266803401,4118,0.3278774013,0.1563626824
288,1,0,0.2266803401,4119,0.3278521344,0.1563590721
288,1,0,0.2266803401,4120,0.3278342138,0.1563539876
288,1,0,0.2266803401,4121,0.3278155874,0.1563489786
288,1,0,0.2266803401,4122,0.3278087306,0.1563395929
288,1,0,0.2266803401,4123,0.3277978913,0.15632881
288,1,0,0.2266803401,4124,0.3277896865,0.1563170377
288,1,0,0.2266803401,4125,0.3277856198,0.1563033438
288,1,0,0.2266803401,4126,0.327780636,0.1562922327
288,1,0,0.2266803401,4127,0.3277707676,0.1562829917
288,1,0,0.2266803401,4128,0.3277548324,0.1562722142
288,1,0,0.2266803401,4129,0.3277432486,0.1562585692
288,1,0,0.2266803401,4130,0.3277412595,0.1562431258
288,1,0,0.2266803401,4131,0.3277374281,0.1562313223
288,1,0,0.2266803401,4132,0.3277255088,0.1562201633
288,1,0,0.2266803401,4133,0.3277140103,0.1562093616
288,1,0,0.2266803401,4134,0.3276985592,0.15620175
288,1,0,0.2266803401,4135,0.3276924058,0.1561920869
288,1,0,0.2266803401,4136,0.327684848,0.1561831861
288,1,0,0.2266803401,4137,0.327673067,0.1561748988
288,1,0,0.2266803401,4138,0.327654893,0.1561664332
288,1,0,0.2266803401,4139,0.3276366837,0.1561576547
288,1,0,0.2266803401,4140,0.3276125638,0.1561494892
288,1,0,0.2266803401,4141,0.3275869292,0.1561420349
288,1,0,0.2266803401,4142,0.3275592962,0.1561341727
288,1,0,0.2266803401,4143,0.3275393306,0.1561262888
288,1,0,0.2266803401,4144,0.32752501,0.1561203311
288,1,0,0.2266803401,4145,0.3275060795,0.1561163299
288,1,0,0.2266803401,4146,0.3274846369,0.1561116306
288,1,0,0.2266803401,4147,0.327460976,0.1561083041
288,1,0,0.2266803401,4148,0.3274330852,0.1561058169
288,1,0,0.2266803401,4149,0.3274077962,0.156102903
288,1,0,0.2266803401,4150,0.3273759454,0.1561014558
288,1,0,0.2266803401,4151,0.3273553682,0.1560948545
288,1,0,0.2266803401,4152,0.3273346775,0.1560854442
288,1,0,0.2266803401,4153,0.3273163216,0.1560739501
288,1,0,0.2266803401,4154,0.3272954835,0.1560672403
288,1,0,0.2266803401,4155,0.3272766416,0.1560596592
288,1,0,0.2266803401,4156,0.3272690474,0.1560469739
288,1,0,0.2266803401,4157,0.3272618832,0.1560323943
288,1,0,0.2266803401,4158,0.3272484096,0.1560237914
288,1,0,0.2266803401,4159,0.3272327009,0.1560149222
288,1,0,0.2266803401,4160,0.3272257114,0.1560042425
288,1,0,0.2266803401,4161,0.327220831,0.1559919939
288,1,0,0.2266803401,4162,0.3272141764,0.1559800686
288,1,0,0.2266803401,4163,0.3272153112,0.1559677683
288,1,0,0.2266803401,4164,0.3272198366,0.1559527097
288,1,0,0.2266803401,4165,0.3272223356,0.1559348119
288,1,0,0.2266803401,4166,0.3272134672,0.1559203587
288,1,0,0.2266803401,4167,0.3272191187,0.1559022039
288,1,0,0.2266803401,4168,0.3272208731,0.1558890257
288,1,0,0.2266803401,4169,0.3272201753,0.1558788869
288,1,0,0.2266803401,4170,0.3272155551,0.155864853
288,1,0,0.2266803401,4171,0.3272108443,0.1558520196
288,1,0,0.2266803401,4172,0.3272013604,0.1558374432
288,1,0,0.2266803401,4173,0.3271910593,0.1558215945
288,1,0,0.2266803401,4174,0.3271844721,0.1558059571
288,1,0,0.2266803401,4175,0.3271720228,0.1557938812
288,1,0,0.2266803401,4176,0.3271561436,0.1557853028
288,1,0,0.2266803401,4177,0.3271450141,0.155774545
288,1,0,0.2266803401,4178,0.327136467,0.1557621784
288,1,0,0.2266803401,4179,0.32712185,0.155752952
288,1,0,0.2266803401,4180,0.327095025,0.1557492013
288,1,0,0.2266803401,4181,0.3270740784,0.155745772
288,1,0,0.2266803401,4182,0.3270594098,0.1557386127
288,1,0,0.2266803401,4183,0.3270397143,0.1557353251
288,1,0,0.2266803401,4184,0.3270232249,0.1557320436
288,1,0,0.2266803401,4185,0.3270078319,0.1557288578
288,1,0,0.2266803401,4186,0.3269892563,0.155725594
288,1,0,0.2266803401,4187,0.3269675866,0.1557238301
288,1,0,0.2266803401,4188,0.3269448967,0.1557261848
288,1,0,0.2266803401,4189,0.3269289331,0.1557235384
288,1,0,0.2266803401,4190,0.3269137856,0.1557210842
288,1,0,0.2266803401,4191,0.3268982702,0.1557171643
288,1,0,0.2266803401,4192,0.3268858264,0.1557149034
288,1,0,0.2266803401,4193,0.326870706,0.1557125942
288,1,0,0.2266803401,4194,0.3268641269,0.1557080675
288,1,0,0.2266803401,4195,0.326863378,0.1556999195
288,1,0,0.2266803401,4196,0.3268542099,0.1556906635
288,1,0,0.2266803401,4197,0.3268394956,0.1556842609
288,1,0,0.2266803401,4198,0.3268204439,0.1556771002
288,1,0,0.2266803401,4199,0.3267984141,0.1556701382
288,1,0,0.2266803401,4200,0.3267882677,0.155662431
288,1,0,0.2266803401,4201,0.326781951,0.1556544099
288,1,0,0.2266803401,4202,0.3267634223,0.1556486648
288,1,0,0.2266803401,4203,0.3267407386,0.1556453498
288,1,0,0.2266803401,4204,0.3267211025,0.1556397028
288,1,0,0.2266803401,4205,0.3267101453,0.1556323788
288,1,0,0.2266803401,4206,0.3266984917,0.155623399
288,1,0,0.2266803401,4207,0.32668526,0.1556145794
288,1,0,0.2266803401,4208,0.3266726896,0.1556022295
288,1,0,0.2266803401,4209,0.3266569877,0.1555896587
288,1,0,0.2266803401,4210,0.32663981,0.1555791142
288,1,0,0.2266803401,4211,0.326630727,0.1555653076
288,1,0,0.2266803401,4212,0.3266245332,0.1555538177
288,1,0,0.2266803401,4213,0.3266169777,0.1555449861
288,1,0,0.2266803401,4214,0.3266077628,0.1555358956
288,1,0,0.2266803401,4215,0.3265951953,0.1555295534
288,1,0,0.2266803401,4216,0.326586266,0.155521637
288,1,0,0.2266803401,4217,0.3265746584,0.1555139815
288,1,0,0.2266803401,4218,0.3265617154,0.1555094602
288,1,0,0.2266803401,4219,0.3265527333,0.1555022118
288,1,0,0.2266803401,4220,0.3265435902,0.1554948618
288,1,0,0.2266803401,4221,0.3265384576,0.1554849617
288,1,0,0.2266803401,4222,0.3265374261,0.155478245
288,1,0,0.2266803401,4223,0.3265340753,0.1554704605
288,1,0,0.2266803401,4224,0.3265399357,0.1554565607
288,1,0,0.2266803401,4225,0.3265532231,0.1554402221
288,1,0,0.2266803401,4226,0.3265641424,0.1554248142
288,1,0,0.2266803401,4227,0.3265743269,0.1554108243
288,1,0,0.2266803401,4228,0.3265752601,0.1554020463
288,1,0,0.2266803401,4229,0.3265716043,0.1553927857
288,1,0,0.2266803401,4230,0.3265774245,0.1553803118
288,1,0,0.2266803401,4231,0.3265703943,0.1553756444
288,1,0,0.2266803401,4232,0.3265657856,0.1553685194
288,1,0,0.2266803401,4233,0.3265670834,0.1553580019
288,1,0,0.2266803401,4234,0.326568165,0.155346595
288,1,0,0.2266803401,4235,0.3265662779,0.1553371629
288,1,0,0.2266803401,4236,0.3265593369,0.1553325735
288,1,0,0.2266803401,4237,0.3265490596,0.1553293098
288,1,0,0.2266803401,4238,0.3265415952,0.1553217787
288,1,0,0.2266803401,4239,0.3265303122,0.1553144325
288,1,0,0.2266803401,4240,0.3265064656,0.1553137359
288,1,0,0.2266803401,4241,0.3264810086,0.1553135099
288,1,0,0.2266803401,4242,0.3264507092,0.1553164236
288,1,0,0.2266803401,4243,0.3264268112,0.1553183486
288,1,0,0.2266803401,4244,0.3263937507,0.1553236914
288,1,0,0.2266803401,4245,0.3263589074,0.1553299795
288,1,0,0.2266803401,4246,0.326334702,0.155328724
288,1,0,0.2266803401,4247,0.326307723,0.1553288085
288,1,0,0.2266803401,4248,0.3262856282,0.1553273401
288,1,0,0.2266803401,4249,0.326261569,0.1553249602
288,1,0,0.2266803401,4250,0.3262345474,0.1553232204
288,1,0,0.2266803401,4251,0.3262096391,0.1553217344
288,1,0,0.2266803401,4252,0.3261733233,0.1553250701
288,1,0,0.2266803401,4253,0.3261400108,0.1553283106
288,1,0,0.2266803401,4254,0.3261133899,0.1553273506
288,1,0,0.2266803401,4255,0.3260852918,0.1553264831
288,1,0,0.2266803401,4256,0.3260512189,0.1553270047
288,1,0,0.2266803401,4257,0.3260263214,0.1553272041
288,1,0,0.2266803401,4258,0.3260009071,0.1553303975
288,1,0,0.2266803401,4259,0.3259742173,0.1553369491
288,1,0,0.2266803401,4260,0.3259428722,0.1553420649
288,1,0,0.2266803401,4261,0.3259070138,0.1553474804
288,1,0,0.2266803401,4262,0.3258736825,0.1553525069
288,1,0,0.2266803401,4263,0.3258365856,0.1553590795
288,1,0,0.2266803401,4264,0.3258038083,0.1553632034
288,1,0,0.2266803401,4265,0.3257789074,0.1553671438
288,1,0,0.2266803401,4266,0.3257546403,0.155366652
288,1,0,0.2266803401,4267,0.3257269421,0.1553694297
288,1,0,0.2266803401,4268,0.3257043108,0.1553737759
288,1,0,0.2266803401,4269,0.325674019,0.1553829241
288,1,0,0.2266803401,4270,0.3256391835,0.1553923744
288,1,0,0.2266803401,4271,0.3255967621,0.1554047622
288,1,0,0.2266803401,4272,0.3255589567,0.1554124768
288,1,0,0.2266803401,4273,0.3255222467,0.1554181214
288,1,0,0.2266803401,4274,0.3254927017,0.1554209504
288,1,0,0.2266803401,4275,0.3254653669,0.1554208616
288,1,0,0.2266803401,4276,0.3254389538,0.15542267
288,1,0,0.2266803401,4277,0.3254125735,0.155423585
288,1,0,0.2266803401,4278,0.325378536,0.1554268187
288,1,0,0.2266803401,4279,0.3253472957,0.1554312734
288,1,0,0.2266803401,4280,0.3253188834,0.1554354625
288,1,0,0.2266803401,4281,0.3252919017,0.1554413509
288,1,0,0.2266803401,4282,0.3252647439,0.1554508121
288,1,0,0.2266803401,4283,0.3252323148,0.15546222
288,1,0,0.2266803401,4284,0.3252008403,0.1554721859
288,1,0,0.2266803401,4285,0.3251718731,0.1554809054
288,1,0,0.2266803401,4286,0.3251376582,0.1554887166
288,1,0,0.2266803401,4287,0.3251030405,0.1554976179
288,1,0,0.2266803401,4288,0.3250850359,0.1555021047
288,1,0,0.2266803401,4289,0.3250692625,0.1555033054
288,1,0,0.2266803401,4290,0.3250551074,0.1555019869
288,1,0,0.2266803401,4291,0.3250323528,0.155504083
288,1,0,0.2266803401,4292,0.325009908,0.1555085643
288,1,0,0.2266803401,4293,0.3249946047,0.1555114073
288,1,0,0.2266803401,4294,0.3249883222,0.1555101881
288,1,0,0.2266803401,4295,0.3249838127,0.155509538
288,1,0,0.2266803401,4296,0.3249702048,0.1555104003
288,1,0,0.2266803401,4297,0.3249483926,0.1555119185
288,1,0,0.2266803401,4298,0.3249271141,0.1555111083
288,1,0,0.2266803401,4299,0.3249101912,0.1555098807
288,1,0,0.2266803401,4300,0.3248944538,0.1555125106
288,1,0,0.2266803401,4301,0.3248760249,0.1555168442
288,1,0,0.2266803401,4302,0.3248621172,0.155520194
288,1,0,0.2266803401,4303,0.3248442289,0.155522149
288,1,0,0.2266803401,4304,0.3248243529,0.1555255918
288,1,0,0.2266803401,4305,0.3248123964,0.1555282821
288,1,0,0.2266803401,4306,0.3247966334,0.1555307402
288,1,0,0.2266803401,4307,0.3247752266,0.155536543
288,1,0,0.2266803401,4308,0.3247553371,0.1555393981
288,1,0,0.2266803401,4309,0.3247476329,0.1555403136
288,1,0,0.2266803401,4310,0.3247422354,0.1555410653
288,1,0,0.2266803401,4311,0.3247397167,0.1555422968
288,1,0,0.2266803401,4312,0.3247476923,0.1555401847
288,1,0,0.2266803401,4313,0.3247499179,0.1555384783
288,1,0,0.2266803401,4314,0.3247454251,0.1555376953
288,1,0,0.2266803401,4315,0.3247400755,0.1555369447
288,1,0,0.2266803401,4316,0.3247392008,0.1555318056
288,1,0,0.2266803401,4317,0.3247458168,0.1555245635
288,1,0,0.2266803401,4318,0.3247519001,0.1555169047
288,1,0,0.2266803401,4319,0.3247500309,0.1555125493
288,1,0,0.2266803401,4320,0.3247549607,0.1555067868
288,1,0,0.2266803401,4321,0.3247519593,0.1555031287
288,1,0,0.2266803401,4322,0.3247451732,0.1555036167
288,1,0,0.2266803401,4323,0.3247351817,0.155503377
288,1,0,0.2266803401,4324,0.324735611,0.1554990044
288,1,0,0.2266803401,4325,0.3247309054,0.1554945057
288,1,0,0.2266803401,4326,0.3247340465,0.1554908667
288,1,0,0.2266803401,4327,0.3247304315,0.1554934799
288,1,0,0.2266803401,4328,0.3247273848,0.1554969913
288,1,0,0.2266803401,4329,0.3247215357,0.1554982181
288,1,0,0.2266803401,4330,0.3247204976,0.1555018697
288,1,0,0.2266803401,4331,0.3247246112,0.1555055802
288,1,0,0.2266803401,4332,0.3247288754,0.1555078359
288,1,0,0.2266803401,4333,0.3247451041,0.155507996
288,1,0,0.2266803401,4334,0.3247647344,0.155507834
288,1,0,0.2266803401,4335,0.3247899751,0.1555036144
288,1,0,0.2266803401,4336,0.3248045979,0.1555038414
288,1,0,0.2266803401,4337,0.324821455,0.1555040619
288,1,0,0.2266803401,4338,0.3248349106,0.155506607
288,1,0,0.2266803401,4339,0.3248504038,0.155504015
288,1,0,0.2266803401,4340,0.3248596978,0.1555012731
288,1,0,0.2266803401,4341,0.3248680945,0.155501872
288,1,0,0.2266803401,4342,0.324865311,0.1555075921
288,1,0,0.2266803401,4343,0.3248621017,0.1555127995
288,1,0,0.2266803401,4344,0.3248584654,0.1555172365
288,1,0,0.2266803401,4345,0.3248508713,0.1555211233
288,1,0,0.2266803401,4346,0.3248513545,0.1555220504
288,1,0,0.2266803401,4347,0.3248546437,0.1555211507
288,1,0,0.2266803401,4348,0.3248536457,0.1555212468
288,1,0,0.2266803401,4349,0.3248524108,0.1555248347
288,1,0,0.2266803401,4350,0.324846894,0.1555293626
288,1,0,0.2266803401,4351,0.3248444416,0.1555319273
288,1,0,0.2266803401,4352,0.3248446748,0.1555303126
288,1,0,0.2266803401,4353,0.3248557445,0.1555258128
288,1,0,0.2266803401,4354,0.3248688681,0.1555200663
288,1,0,0.2266803401,4355,0.3248817169,0.155514118
288,1,0,0.2266803401,4356,0.3248996205,0.1555050927
288,1,0,0.2266803401,4357,0.3249231812,0.1554913584
288,1,0,0.2266803401,4358,0.3249562795,0.1554751579
288,1,0,0.2266803401,4359,0.3249832865,0.1554622015
288,1,0,0.2266803401,4360,0.3250028442,0.1554537401
288,1,0,0.2266803401,4361,0.3250265854,0.1554457219
288,1,0,0.2266803401,4362,0.3250623123,0.1554341367
288,1,0,0.2266803401,4363,0.325100526,0.1554198382
288,1,0,0.2266803401,4364,0.3251254845,0.1554080647
288,1,0,0.2266803401,4365,0.3251413069,0.155398489
288,1,0,0.2266803401,4366,0.3251525433,0.155390727
288,1,0,0.2266803401,4367,0.3251600436,0.1553822127
288,1,0,0.2266803401,4368,0.3251762452,0.1553685537
288,1,0,0.2266803401,4369,0.3251921221,0.155357491
288,1,0,0.2266803401,4370,0.3251984462,0.1553507109
288,1,0,0.2266803401,4371,0.325200388,0.1553482782
288,1,0,0.2266803401,4372,0.3252037225,0.1553435188
288,1,0,0.2266803401,4373,0.3252088346,0.1553373283
288,1,0,0.2266803401,4374,0.3252105472,0.1553311469
288,1,0,0.2266803401,4375,0.3252139713,0.155321608
288,1,0,0.2266803401,4376,0.3252220635,0.1553122798
288,1,0,0.2266803401,4377,0.3252425138,0.1553026299
288,1,0,0.2266803401,4378,0.3252521055,0.1552967443
288,1,0,0.2266803401,4379,0.3252564295,0.1552943668
288,1,0,0.2266803401,4380,0.3252540507,0.1552965068
288,1,0,0.2266803401,4381,0.3252467331,0.1553008211
288,1,0,0.2266803401,4382,0.3252469544,0.1553042955
288,1,0,0.2266803401,4383,0.3252521046,0.155303645
288,1,0,0.2266803401,4384,0.3252471495,0.1553068462
288,1,0,0.2266803401,4385,0.3252429109,0.1553086095
288,1,0,0.2266803401,4386,0.3252408756,0.1553084251
288,1,0,0.2266803401,4387,0.3252400412,0.1553096516
288,1,0,0.2266803401,4388,0.3252475836,0.1553082618
288,1,0,0.2266803401,4389,0.3252557941,0.155303205
288,1,0,0.2266803401,4390,0.3252601439,0.1552970157
288,1,0,0.2266803401,4391,0.3252513909,0.1552966806
288,1,0,0.2266803401,4392,0.3252493149,0.1552961325
288,1,0,0.2266803401,4393,0.3252462938,0.1552947699
288,1,0,0.2266803401,4394,0.3252360086,0.1552951722
288,1,0,0.2266803401,4395,0.3252371496,0.1552934956
288,1,0,0.2266803401,4396,0.3252403548,0.1552897367
288,1,0,0.2266803401,4397,0.3252433009,0.1552862468
288,1,0,0.2266803401,4398,0.3252542964,0.1552791646
288,1,0,0.2266803401,4399,0.3252618167,0.1552733937
288,1,0,0.2266803401,4400,0.3252572938,0.1552719069
288,1,0,0.2266803401,4401,0.3252534923,0.1552715658
288,1,0,0.2266803401,4402,0.3252356459,0.155272604
288,1,0,0.2266803401,4403,0.3252269641,0.1552717655
288,1,0,0.2266803401,4404,0.3252242192,0.1552683347
288,1,0,0.2266803401,4405,0.3252095331,0.1552718572
288,1,0,0.2266803401,4406,0.325189734,0.1552759254
288,1,0,0.2266803401,4407,0.3251681025,0.1552806202
288,1,0,0.2266803401,4408,0.3251563446,0.1552803953
288,1,0,0.2266803401,4409,0.3251390979,0.1552804406
288,1,0,0.2266803401,4410,0.3251048601,0.1552869882
288,1,0,0.2266803401,4411,0.3250739518,0.1552977295
288,1,0,0.2266803401,4412,0.3250492707,0.1553048357
288,1,0,0.2266803401,4413,0.3250245325,0.1553119895
288,1,0,0.2266803401,4414,0.3250038035,0.155319282
288,1,0,0.2266803401,4415,0.3249906343,0.1553217436
288,1,0,0.2266803401,4416,0.3249772579,0.1553250183
288,1,0,0.2266803401,4417,0.3249652647,0.1553259248
288,1,0,0.2266803401,4418,0.3249593443,0.1553247759
288,1,0,0.2266803401,4419,0.3249478399,0.1553244278
288,1,0,0.2266803401,4420,0.3249339773,0.1553258256
288,1,0,0.2266803401,4421,0.3249182642,0.155326353
288,1,0,0.2266803401,4422,0.3249038112,0.1553282641
288,1,0,0.2266803401,4423,0.3248880508,0.1553270584
288,1,0,0.2266803401,4424,0.3248760397,0.1553283092
288,1,0,0.2266803401,4425,0.3248654235,0.1553283795
288,1,0,0.2266803401,4426,0.3248502388,0.1553342494
288,1,0,0.2266803401,4427,0.3248330856,0.1553388631
288,1,0,0.2266803401,4428,0.3248214209,0.1553373036
288,1,0,0.2266803401,4429,0.3248057018,0.1553379079
288,1,0,0.2266803401,4430,0.324780222,0.1553439065
288,1,0,0.2266803401,4431,0.3247560313,0.1553451887
288,1,0,0.2266803401,4432,0.3247280559,0.1553443354
288,1,0,0.2266803401,4433,0.3247002534,0.1553458359
288,1,0,0.2266803401,4434,0.3246659382,0.1553479537
288,1,0,0.2266803401,4435,0.3246357432,0.1553501287
288,1,0,0.2266803401,4436,0.3246093705,0.1553506189
288,1,0,0.2266803401,4437,0.3245820788,0.1553560046
288,1,0,0.2266803401,4438,0.324551758,0.1553663836
288,1,0,0.2266803401,4439,0.3245112695,0.1553804165
288,1,0,0.2266803401,4440,0.3244713569,0.1553949412
288,1,0,0.2266803401,4441,0.3244342195,0.155406566
288,1,0,0.2266803401,4442,0.3243942151,0.1554177655
288,1,0,0.2266803401,4443,0.3243593955,0.1554290621
288,1,0,0.2266803401,4444,0.3243113895,0.1554429757
288,1,0,0.2266803401,4445,0.3242631537,0.1554570628
288,1,0,0.2266803401,4446,0.3242181664,0.1554710463
288,1,0,0.2266803401,4447,0.3241720544,0.1554825196
288,1,0,0.2266803401,4448,0.3241257221,0.1554955533
288,1,0,0.2266803401,4449,0.324084999,0.1555074015
288,1,0,0.2266803401,4450,0.3240393766,0.1555188374
288,1,0,0.2266803401,4451,0.3239964654,0.1555300438
288,1,0,0.2266803401,4452,0.3239546997,0.1555395412
288,1,0,0.2266803401,4453,0.3239055913,0.155556348
288,1,0,0.2266803401,4454,0.3238582218,0.1555727731
288,1,0,0.2266803401,4455,0.3238208563,0.1555830878
288,1,0,0.2266803401,4456,0.3237769994,0.1555969079
288,1,0,0.2266803401,4457,0.3237233231,0.1556108596
288,1,0,0.2266803401,4458,0.3236755882,0.1556227498
288,1,0,0.2266803401,4459,0.32363362,0.1556332496
288,1,0,0.2266803401,4460,0.3235804264,0.1556475571
288,1,0,0.2266803401,4461,0.3235236701,0.155664561
288,1,0,0.2266803401,4462,0.3234622599,0.155682279
288,1,0,0.2266803401,4463,0.3234120398,0.1556949898
288,1,0,0.2266803401,4464,0.3233648952,0.1557069399
288,1,0,0.2266803401,4465,0.3233168317,0.1557174784
288,1,0,0.2266803401,4466,0.3232722307,0.1557261763
288,1,0,0.2266803401,4467,0.3232305281,0.1557363168
288,1,0,0.2266803401,4468,0.3231950418,0.1557455634
288,1,0,0.2266803401,4469,0.3231673812,0.1557517596
288,1,0,0.2266803401,4470,0.3231292492,0.1557588351
288,1,0,0.2266803401,4471,0.3230878307,0.1557696229
288,1,0,0.2266803401,4472,0.3230513829,0.155778156
288,1,0,0.2266803401,4473,0.3230159138,0.1557879897
288,1,0,0.2266803401,4474,0.322978676,0.1557960987
288,1,0,0.2266803401,4475,0.3229378253,0.1558099423
288,1,0,0.2266803401,4476,0.3229068166,0.1558187588
288,1,0,0.2266803401,4477,0.3228776709,0.1558295257
288,1,0,0.2266803401,4478,0.3228521636,0.1558444216
288,1,0,0.2266803401,4479,0.3228172575,0.1558609437
288,1,0,0.2266803401,4480,0.3227773104,0.155881614
288,1,0,0.2266803401,4481,0.3227377406,0.1559012203
288,1,0,0.2266803401,4482,0.3226974888,0.1559196119
288,1,0,0.2266803401,4483,0.322652696,0.1559383661
288,1,0,0.2266803401,4484,0.3226078026,0.1559595826
288,1,0,0.2266803401,4485,0.3225639771,0.1559793475
288,1,0,0.2266803401,4486,0.3225121016,0.1560031558
288,1,0,0.2266803401,4487,0.3224618172,0.1560235919
288,1,0,0.2266803401,4488,0.3224134365,0.1560413965
288,1,0,0.2266803401,4489,0.3223651567,0.1560592364
288,1,0,0.2266803401,4490,0.3223136832,0.1560794951
288,1,0,0.2266803401,4491,0.322259321,0.1561013032
288,1,0,0.2266803401,4492,0.3222137983,0.1561188316
288,1,0,0.2266803401,4493,0.3221630647,0.1561364358
288,1,0,0.2266803401,4494,0.3221174006,0.1561530379
288,1,0,0.2266803401,4495,0.322072179,0.1561677474
288,1,0,0.2266803401,4496,0.3220234548,0.1561832761
288,1,0,0.2266803401,4497,0.321972293,0.156197156
288,1,0,0.2266803401,4498,0.3219125694,0.1562107365
288,1,0,0.2266803401,4499,0.3218603329,0.1562178146
288,1,0,0.2266803401,4500,0.3218015002,0.1562299272
288,1,0,0.2266803401,4501,0.3217464764,0.1562451601
288,1,0,0.2266803401,4502,0.3216891147,0.1562587316
288,1,0,0.2266803401,4503,0.3216337398,0.1562706911
288,1,0,0.2266803401,4504,0.3215867685,0.1562796258
288,1,0,0.2266803401,4505,0.3215402818,0.1562888337
288,1,0,0.2266803401,4506,0.3214992363,0.1562931873
288,1,0,0.2266803401,4507,0.3214606591,0.1562999916
288,1,0,0.2266803401,4508,0.3214224285,0.1563066657
288,1,0,0.2266803401,4509,0.3213887652,0.1563097586
288,1,0,0.2266803401,4510,0.3213420078,0.1563160154
288,1,0,0.2266803401,4511,0.3213046852,0.1563185177
288,1,0,0.2266803401,4512,0.3212663304,0.1563216151
288,1,0,0.2266803401,4513,0.3212190152,0.1563262427
288,1,0,0.2266803401,4514,0.3211694419,0.1563321215
288,1,0,0.2266803401,4515,0.3211258461,0.156334078
288,1,0,0.2266803401,4516,0.3210831122,0.1563360695
288,1,0,0.2266803401,4517,0.3210425215,0.1563370714
288,1,0,0.2266803401,4518,0.3210043305,0.1563362631
288,1,0,0.2266803401,4519,0.3209659924,0.1563347854
288,1,0,0.2266803401,4520,0.320923842,0.1563334832
288,1,0,0.2266803401,4521,0.3208789217,0.1563339902
288,1,0,0.2266803401,4522,0.3208371618,0.1563326115
288,1,0,0.2266803401,4523,0.3207951729,0.1563322386
288,1,0,0.2266803401,4524,0.3207593589,0.1563317163
288,1,0,0.2266803401,4525,0.3207340608,0.1563283072
288,1,0,0.2266803401,4526,0.3207064449,0.1563267351
288,1,0,0.2266803401,4527,0.3206813832,0.1563251239
288,1,0,0.2266803401,4528,0.3206520998,0.1563214407
288,1,0,0.2266803401,4529,0.3206253369,0.1563163897
288,1,0,0.2266803401,4530,0.3205963333,0.1563072025
288,1,0,0.2266803401,4531,0.3205645819,0.1562979397
288,1,0,0.2266803401,4532,0.3205260038,0.1562911735
288,1,0,0.2266803401,4533,0.3204844876,0.1562854175
288,1,0,0.2266803401,4534,0.3204468471,0.1562764029
288,1,0,0.2266803401,4535,0.3204058937,0.1562676955
288,1,0,0.2266803401,4536,0.3203588961,0.1562608551
288,1,0,0.2266803401,4537,0.3203247561,0.1562505116
288,1,0,0.2266803401,4538,0.32029607,0.1562384487
288,1,0,0.2266803401,4539,0.3202619159,0.1562275908
288,1,0,0.2266803401,4540,0.32022605,0.1562170433
288,1,0,0.2266803401,4541,0.3201861488,0.1562091867
288,1,0,0.2266803401,4542,0.3201488805,0.1562056864
288,1,0,0.2266803401,4543,0.3201132959,0.156200982
288,1,0,0.2266803401,4544,0.3200801775,0.1561961338
288,1,0,0.2266803401,4545,0.3200461956,0.1561901872
288,1,0,0.2266803401,4546,0.320015042,0.1561789622
288,1,0,0.2266803401,4547,0.3199917471,0.1561657817
288,1,0,0.2266803401,4548,0.319981565,0.1561494224
288,1,0,0.2266803401,4549,0.3199730267,0.1561366619
288,1,0,0.2266803401,4550,0.3199560522,0.156127583
288,1,0,0.2266803401,4551,0.3199432637,0.1561179576
288,1,0,0.2266803401,4552,0.3199338736,0.1561089928
288,1,0,0.2266803401,4553,0.3199346392,0.156097303
288,1,0,0.2266803401,4554,0.3199318677,0.1560870305
288,1,0,0.2266803401,4555,0.3199300512,0.1560769466
288,1,0,0.2266803401,4556,0.3199208238,0.1560714057
288,1,0,0.2266803401,4557,0.3199015525,0.1560737529
288,1,0,0.2266803401,4558,0.3198767676,0.1560815863
288,1,0,0.2266803401,4559,0.3198473879,0.1560911205
288,1,0,0.2266803401,4560,0.3198130329,0.1560993386
288,1,0,0.2266803401,4561,0.3197694365,0.1561105482
288,1,0,0.2266803401,4562,0.3197396929,0.1561197183
288,1,0,0.2266803401,4563,0.3197165692,0.1561264922
288,1,0,0.2266803401,4564,0.3196886418,0.1561328831
288,1,0,0.2266803401,4565,0.3196653474,0.1561377033
288,1,0,0.2266803401,4566,0.3196379237,0.1561440618
288,1,0,0.2266803401,4567,0.3196086181,0.1561520816
288,1,0,0.2266803401,4568,0.3195823293,0.1561609786
288,1,0,0.2266803401,4569,0.3195478262,0.156169595
288,1,0,0.2266803401,4570,0.3195178039,0.1561763783
288,1,0,0.2266803401,4571,0.3194919021,0.1561863626
288,1,0,0.2266803401,4572,0.3194598688,0.1561974944
288,1,0,0.2266803401,4573,0.3194389739,0.1562040266
288,1,0,0.2266803401,4574,0.3194120814,0.1562125396
288,1,0,0.2266803401,4575,0.3193833366,0.1562194243
288,1,0,0.2266803401,4576,0.3193427263,0.1562310764
288,1,0,0.2266803401,4577,0.3193054225,0.1562388697
288,1,0,0.2266803401,4578,0.3192587158,0.1562507333
288,1,0,0.2266803401,4579,0.3192035097,0.156268087
288,1,0,0.2266803401,4580,0.3191481202,0.1562863232
288,1,0,0.2266803401,4581,0.319097801,0.1563022414
288,1,0,0.2266803401,4582,0.3190555379,0.1563101187
288,1,0,0.2266803401,4583,0.3190199861,0.1563174907
288,1,0,0.2266803401,4584,0.3189852002,0.1563236235
288,1,0,0.2266803401,4585,0.3189574345,0.1563263615
288,1,0,0.2266803401,4586,0.3189279358,0.1563296489
288,1,0,0.2266803401,4587,0.3189081412,0.1563300808
288,1,0,0.2266803401,4588,0.3188735083,0.1563355234
288,1,0,0.2266803401,4589,0.3188377116,0.156336897
288,1,0,0.2266803401,4590,0.3188051516,0.1563371199
288,1,0,0.2266803401,4591,0.3187746409,0.1563388771
288,1,0,0.2266803401,4592,0.3187489944,0.1563412597
288,1,0,0.2266803401,4593,0.3187182992,0.1563451082
288,1,0,0.2266803401,4594,0.3186889776,0.1563451921
288,1,0,0.2266803401,4595,0.3186594474,0.1563416592
288,1,0,0.2266803401,4596,0.3186357576,0.1563352463
288,1,0,0.2266803401,4597,0.318613594,0.1563302
288,1,0,0.2266803401,4598,0.3185865399,0.1563266261
288,1,0,0.2266803401,4599,0.3185585643,0.1563230919
288,1,0,0.2266803401,4600,0.3185347886,0.1563154687
288,1,0,0.2266803401,4601,0.3185162775,0.156307175
288,1,0,0.2266803401,4602,0.3184817812,0.1563029538
288,1,0,0.2266803401,4603,0.3184441734,0.156296785
288,1,0,0.2266803401,4604,0.3184031454,0.156291398
288,1,0,0.2266803401,4605,0.3183674871,0.1562861416
288,1,0,0.2266803401,4606,0.3183430156,0.1562806965
288,1,0,0.2266803401,4607,0.3183197075,0.1562704232
288,1,0,0.2266803401,4608,0.318285579,0.1562652767
288,1,0,0.2266803401,4609,0.3182428088,0.1562605072
288,1,0,0.2266803401,4610,0.3182116321,0.1562538693
288,1,0,0.2266803401,4611,0.3181821149,0.1562484606
288,1,0,0.2266803401,4612,0.3181522938,0.1562420703
288,1,0,0.2266803401,4613,0.3181185717,0.1562392328
288,1,0,0.2266803401,4614,0.3180800517,0.1562388887
288,1,0,0.2266803401,4615,0.3180320264,0.156240507
288,1,0,0.2266803401,4616,0.317995625,0.1562378838
288,1,0,0.2266803401,4617,0.3179599099,0.1562331435
288,1,0,0.2266803401,4618,0.3179196311,0.1562331502
288,1,0,0.2266803401,4619,0.3178811389,0.1562321171
288,1,0,0.2266803401,4620,0.3178448791,0.1562326251
288,1,0,0.2266803401,4621,0.3178077209,0.1562339225
288,1,0,0.2266803401,4622,0.3177699264,0.1562380282
288,1,0,0.2266803401,4623,0.3177361023,0.1562401917
288,1,0,0.2266803401,4624,0.3177002071,0.1562411715
288,1,0,0.2266803401,4625,0.3176583817,0.1562445533
288,1,0,0.2266803401,4626,0.3176261484,0.1562477152
288,1,0,0.2266803401,4627,0.3176015989,0.1562473193
288,1,0,0.2266803401,4628,0.3175722086,0.1562451547
288,1,0,0.2266803401,4629,0.3175384221,0.1562469693
288,1,0,0.2266803401,4630,0.3175117825,0.1562481387
288,1,0,0.2266803401,4631,0.3174864075,0.1562510448
288,1,0,0.2266803401,4632,0.3174480362,0.1562593024
288,1,0,0.2266803401,4633,0.3174070683,0.1562674349
288,1,0,0.2266803401,4634,0.3173654842,0.1562755457
288,1,0,0.2266803401,4635,0.3173125057,0.1562872924
288,1,0,0.2266803401,4636,0.3172622272,0.1562971391
288,1,0,0.2266803401,4637,0.3172154073,0.1563048125
288,1,0,0.2266803401,4638,0.3171674836,0.1563136411
288,1,0,0.2266803401,4639,0.3171246375,0.1563229779
288,1,0,0.2266803401,4640,0.3170769028,0.1563288654
288,1,0,0.2266803401,4641,0.3170275066,0.1563339961
288,1,0,0.2266803401,4642,0.3169861225,0.1563374712
288,1,0,0.2266803401,4643,0.3169500253,0.1563382329
288,1,0,0.2266803401,4644,0.3169051551,0.1563422818
288,1,0,0.2266803401,4645,0.3168657493,0.1563437217
288,1,0,0.2266803401,4646,0.316830662,0.1563430481
288,1,0,0.2266803401,4647,0.3167925683,0.1563423788
288,1,0,0.2266803401,4648,0.3167460076,0.1563423304
288,1,0,0.2266803401,4649,0.3167055236,0.1563403916
288,1,0,0.2266803401,4650,0.3166728549,0.1563332838
288,1,0,0.2266803401,4651,0.3166361318,0.1563234256
288,1,0,0.2266803401,4652,0.3166002839,0.1563179649
288,1,0,0.2266803401,4653,0.3165507049,0.1563157355
288,1,0,0.2266803401,4654,0.3165065638,0.1563119145
288,1,0,0.2266803401,4655,0.3164682286,0.1563072291
288,1,0,0.2266803401,4656,0.3164227534,0.1563071949
288,1,0,0.2266803401,4657,0.316379455,0.1563074135
288,1,0,0.2266803401,4658,0.3163395627,0.1563032942
288,1,0,0.2266803401,4659,0.3162977761,0.1563012149
288,1,0,0.2266803401,4660,0.3162660546,0.1563009035
288,1,0,0.2266803401,4661,0.3162329191,0.1563025493
288,1,0,0.2266803401,4662,0.3161948177,0.15630288
288,1,0,0.2266803401,4663,0.3161516377,0.1563033929
288,1,0,0.2266803401,4664,0.3161078773,0.1563022025
288,1,0,0.2266803401,4665,0.3160626459,0.1563042159
288,1,0,0.2266803401,4666,0.3160171009,0.1563069802
288,1,0,0.2266803401,4667,0.3159724094,0.1563117539
288,1,0,0.2266803401,4668,0.3159205337,0.1563208709
288,1,0,0.2266803401,4669,0.3158603072,0.1563352799
288,1,0,0.2266803401,4670,0.3158069856,0.1563440075
288,1,0,0.2266803401,4671,0.3157572965,0.1563483257
288,1,0,0.2266803401,4672,0.3157061843,0.1563543484
288,1,0,0.2266803401,4673,0.3156553875,0.1563563032
288,1,0,0.2266803401,4674,0.3156062398,0.1563608265
288,1,0,0.2266803401,4675,0.3155497373,0.1563670121
288,1,0,0.2266803401,4676,0.3154937687,0.1563720517
288,1,0,0.2266803401,4677,0.3154385136,0.1563757943
288,1,0,0.2266803401,4678,0.3153931178,0.1563766334
288,1,0,0.2266803401,4679,0.3153445861,0.1563814194
288,1,0,0.2266803401,4680,0.3152989698,0.1563882467
288,1,0,0.2266803401,4681,0.3152487459,0.1563940809
288,1,0,0.2266803401,4682,0.315193828,0.1563994046
288,1,0,0.2266803401,4683,0.3151310399,0.1564031102
288,1,0,0.2266803401,4684,0.3150585609,0.1564102219
288,1,0,0.2266803401,4685,0.3149922839,0.1564133191
288,1,0,0.2266803401,4686,0.3149290529,0.1564171245
288,1,0,0.2266803401,4687,0.3148679097,0.1564244515
288,1,0,0.2266803401,4688,0.3148148546,0.1564300756
288,1,0,0.2266803401,4689,0.3147628826,0.1564310709
288,1,0,0.2266803401,4690,0.3147122263,0.1564280094
288,1,0,0.2266803401,4691,0.3146597229,0.1564261109
288,1,0,0.2266803401,4692,0.3146208793,0.1564199866
288,1,0,0.2266803401,4693,0.3145830414,0.1564130369
288,1,0,0.2266803401,4694,0.314557308,0.1564019488
288,1,0,0.2266803401,4695,0.3145327235,0.1563942821
288,1,0,0.2266803401,4696,0.3145179108,0.156383693
288,1,0,0.2266803401,4697,0.3144910106,0.1563809551
288,1,0,0.2266803401,4698,0.3144609142,0.1563809977
288,1,0,0.2266803401,4699,0.3144233653,0.1563878143
288,1,0,0.2266803401,4700,0.3143888544,0.1563912302
288,1,0,0.2266803401,4701,0.314358121,0.1563919327
288,1,0,0.2266803401,4702,0.3143368605,0.1563888023
288,1,0,0.2266803401,4703,0.3143138186,0.1563823093
288,1,0,0.2266803401,4704,0.3142840158,0.1563742814
288,1,0,0.2266803401,4705,0.3142534677,0.1563719771
288,1,0,0.2266803401,4706,0.3142279681,0.1563692638
288,1,0,0.2266803401,4707,0.3142033777,0.1563638912
288,1,0,0.2266803401,4708,0.3141711537,0.1563613731
288,1,0,0.2266803401,4709,0.3141498936,0.1563540212
288,1,0,0.2266803401,4710,0.3141198367,0.1563519608
288,1,0,0.2266803401,4711,0.314092098,0.1563463438
288,1,0,0.2266803401,4712,0.3140650069,0.1563420518
288,1,0,0.2266803401,4713,0.3140339457,0.1563360868
288,1,0,0.2266803401,4714,0.314000786,0.1563294209
288,1,0,0.2266803401,4715,0.3139769658,0.1563245665
288,1,0,0.2266803401,4716,0.3139503539,0.1563223394
288,1,0,0.2266803401,4717,0.3139138938,0.1563223508
288,1,0,0.2266803401,4718,0.3138761975,0.1563232755
288,1,0,0.2266803401,4719,0.3138335917,0.1563253503
288,1,0,0.2266803401,4720,0.3137859496,0.1563310598
288,1,0,0.2266803401,4721,0.3137398436,0.1563387478
288,1,0,0.2266803401,4722,0.3136934646,0.1563468025
288,1,0,0.2266803401,4723,0.313650176,0.1563533991
288,1,0,0.2266803401,4724,0.3136042369,0.1563600562
288,1,0,0.2266803401,4725,0.3135664217,0.1563656832
288,1,0,0.2266803401,4726,0.3135280341,0.1563727223
288,1,0,0.2266803401,4727,0.3135027897,0.156376911
288,1,0,0.2266803401,4728,0.313476752,0.1563849878
288,1,0,0.2266803401,4729,0.3134478795,0.156394948
288,1,0,0.2266803401,4730,0.313414907,0.1564066077
288,1,0,0.2266803401,4731,0.3133671441,0.1564233439
288,1,0,0.2266803401,4732,0.3133194494,0.1564355376
288,1,0,0.2266803401,4733,0.3132803783,0.156446476
288,1,0,0.2266803401,4734,0.3132460324,0.1564585098
288,1,0,0.2266803401,4735,0.3132114827,0.1564707691
288,1,0,0.2266803401,4736,0.3131813423,0.156480496
288,1,0,0.2266803401,4737,0.3131550814,0.1564867229
288,1,0,0.2266803401,4738,0.3131359023,0.1564878176
288,1,0,0.2266803401,4739,0.3131196233,0.1564867375
288,1,0,0.2266803401,4740,0.3131084317,0.1564866695
288,1,0,0.2266803401,4741,0.3130839317,0.1564914319
288,1,0,0.2266803401,4742,0.3130593135,0.1564924863
288,1,0,0.2266803401,4743,0.3130307693,0.1564967759
288,1,0,0.2266803401,4744,0.313003099,0.1565010371
288,1,0,0.2266803401,4745,0.3129737021,0.1565051808
288,1,0,0.2266803401,4746,0.3129364197,0.1565119362
288,1,0,0.2266803401,4747,0.3129066565,0.1565193178
288,1,0,0.2266803401,4748,0.3128803939,0.156529318
288,1,0,0.2266803401,4749,0.3128576546,0.1565397584
288,1,0,0.2266803401,4750,0.3128375944,0.1565503598
288,1,0,0.2266803401,4751,0.3128194168,0.1565586973
288,1,0,0.2266803401,4752,0.3127962077,0.1565662613
288,1,0,0.2266803401,4753,0.312769162,0.156575734
288,1,0,0.2266803401,4754,0.3127569214,0.1565804461
288,1,0,0.2266803401,4755,0.3127558552,0.156580101
288,1,0,0.2266803401,4756,0.3127503155,0.1565815701
288,1,0,0.2266803401,4757,0.3127478772,0.1565886868
288,1,0,0.2266803401,4758,0.3127436508,0.1565943033
288,1,0,0.2266803401,4759,0.3127260746,0.1566028789
288,1,0,0.2266803401,4760,0.3127248143,0.1566062831
288,1,0,0.2266803401,4761,0.3127325245,0.1566089513
288,1,0,0.2266803401,4762,0.3127438657,0.1566102856
288,1,0,0.2266803401,4763,0.3127563971,0.1566121026
288,1,0,0.2266803401,4764,0.3127734808,0.1566126302
288,1,0,0.2266803401,4765,0.3127838445,0.156613128
288,1,0,0.2266803401,4766,0.3127933024,0.1566111302
288,1,0,0.2266803401,4767,0.3128170955,0.1566039737
288,1,0,0.2266803401,4768,0.3128361928,0.1565970971
288,1,0,0.2266803401,4769,0.3128497603,0.1565963519
288,1,0,0.2266803401,4770,0.3128568956,0.1565986644
288,1,0,0.2266803401,4771,0.3128540063,0.1566007279
288,1,0,0.2266803401,4772,0.3128496511,0.156605722
288,1,0,0.2266803401,4773,0.312851493,0.1566061288
288,1,0,0.2266803401,4774,0.312855642,0.1566030313
288,1,0,0.2266803401,4775,0.312854349,0.1566049012
288,1,0,0.2266803401,4776,0.312845471,0.1566110832
288,1,0,0.2266803401,4777,0.3128380421,0.1566191274
288,1,0,0.2266803401,4778,0.312843046,0.156621803
288,1,0,0.2266803401,4779,0.3128485994,0.1566252731
288,1,0,0.2266803401,4780,0.3128498459,0.1566308925
288,1,0,0.2266803401,4781,0.3128519435,0.1566353076
288,1,0,0.2266803401,4782,0.312853591,0.1566373058
288,1,0,0.2266803401,4783,0.3128492908,0.1566407658
288,1,0,0.2266803401,4784,0.3128422136,0.1566447327
288,1,0,0.2266803401,4785,0.3128381522,0.1566496347
288,1,0,0.2266803401,4786,0.3128402007,0.1566536445
288,1,0,0.2266803401,4787,0.3128382749,0.1566600148
288,1,0,0.2266803401,4788,0.3128257492,0.1566685693
288,1,0,0.2266803401,4789,0.31281866,0.1566735569
288,1,0,0.2266803401,4790,0.3128148889,0.1566758297
288,1,0,0.2266803401,4791,0.3128167551,0.1566740909
288,1,0,0.2266803401,4792,0.3128111057,0.1566742191
288,1,0,0.2266803401,4793,0.3128118405,0.1566739504
288,1,0,0.2266803401,4794,0.3128130778,0.1566696119
288,1,0,0.2266803401,4795,0.3128172692,0.1566666318
288,1,0,0.2266803401,4796,0.3128248246,0.1566658432
288,1,0,0.2266803401,4797,0.3128288186,0.156672763
288,1,0,0.2266803401,4798,0.3128257328,0.156682281
288,1,0,0.2266803401,4799,0.3128148877,0.1566911268
288,1,0,0.2266803401,4800,0.3128084601,0.1567012432
288,1,0,0.2266803401,4801,0.3128072264,0.1567116505
288,1,0,0.2266803401,4802,0.3127964794,0.1567245684
288,1,0,0.2266803401,4803,0.3127861116,0.1567330693
288,1,0,0.2266803401,4804,0.3127745693,0.1567435219
288,1,0,0.2266803401,4805,0.3127667719,0.1567526551
288,1,0,0.2266803401,4806,0.3127651375,0.156758121
288,1,0,0.2266803401,4807,0.3127622193,0.1567655872
288,1,0,0.2266803401,4808,0.3127625673,0.1567705605
288,1,0,0.2266803401,4809,0.3127568196,0.1567769381
288,1,0,0.2266803401,4810,0.3127519669,0.1567839974
288,1,0,0.2266803401,4811,0.3127392151,0.1567924818
288,1,0,0.2266803401,4812,0.3127308836,0.1567999414
288,1,0,0.2266803401,4813,0.3127369005,0.1568029876
288,1,0,0.2266803401,4814,0.3127461221,0.1568050863
288,1,0,0.2266803401,4815,0.3127513366,0.1568067681
288,1,0,0.2266803401,4816,0.3127630801,0.1568085922
288,1,0,0.2266803401,4817,0.3127740654,0.1568124785
288,1,0,0.2266803401,4818,0.3127931912,0.1568150324
288,1,0,0.2266803401,4819,0.3128081693,0.1568151132
288,1,0,0.2266803401,4820,0.3128130338,0.1568202886
288,1,0,0.2266803401,4821,0.3128140854,0.1568233989
288,1,0,0.2266803401,4822,0.3128218165,0.156827707
288,1,0,0.2266803401,4823,0.3128293791,0.1568284041
288,1,0,0.2266803401,4824,0.3128415864,0.1568316736
288,1,0,0.2266803401,4825,0.3128521857,0.1568326342
288,1,0,0.2266803401,4826,0.3128499822,0.1568389633
288,1,0,0.2266803401,4827,0.3128335598,0.1568474979
288,1,0,0.2266803401,4828,0.3128297284,0.1568490424
288,1,0,0.2266803401,4829,0.3128318145,0.1568495146
288,1,0,0.2266803401,4830,0.3128374518,0.156852323
288,1,0,0.2266803401,4831,0.3128423746,0.1568490246
288,1,0,0.2266803401,4832,0.3128530647,0.1568464789
288,1,0,0.2266803401,4833,0.3128780042,0.156840177
288,1,0,0.2266803401,4834,0.3129009199,0.1568357247
288,1,0,0.2266803401,4835,0.3129172867,0.1568362743
288,1,0,0.2266803401,4836,0.3129259149,0.1568419205
288,1,0,0.2266803401,4837,0.3129450894,0.1568446927
288,1,0,0.2266803401,4838,0.3129600223,0.1568437505
288,1,0,0.2266803401,4839,0.3129862667,0.1568413721
288,1,0,0.2266803401,4840,0.3130173383,0.1568356515
288,1,0,0.2266803401,4841,0.3130490288,0.1568303107
288,1,0,0.2266803401,4842,0.3130849306,0.1568256228
288,1,0,0.2266803401,4843,0.3131223434,0.1568210757
288,1,0,0.2266803401,4844,0.3131620605,0.1568142131
288,1,0,0.2266803401,4845,0.3132021965,0.1568071392
288,1,0,0.2266803401,4846,0.3132432756,0.1567992162
288,1,0,0.2266803401,4847,0.3132856352,0.1567902758
288,1,0,0.2266803401,4848,0.3133410335,0.1567722755
288,1,0,0.2266803401,4849,0.3133867893,0.1567587601
288,1,0,0.2266803401,4850,0.3134317487,0.1567449466
288,1,0,0.2266803401,4851,0.3134885311,0.1567250073
288,1,0,0.2266803401,4852,0.313530566,0.1567070783
288,1,0,0.2266803401,4853,0.3135694269,0.1566914989
288,1,0,0.2266803401,4854,0.3136128389,0.156677766
288,1,0,0.2266803401,4855,0.3136472709,0.1566641027
288,1,0,0.2266803401,4856,0.3136890096,0.1566486914
288,1,0,0.2266803401,4857,0.3137294406,0.1566355223
288,1,0,0.2266803401,4858,0.313764098,0.1566250991
288,1,0,0.2266803401,4859,0.3138019888,0.1566124304
288,1,0,0.2266803401,4860,0.31383078,0.1566016896
288,1,0,0.2266803401,4861,0.3138642662,0.1565912377
288,1,0,0.2266803401,4862,0.3138932158,0.1565778605
288,1,0,0.2266803401,4863,0.3139216273,0.1565634014
288,1,0,0.2266803401,4864,0.3139480877,0.1565476046
288,1,0,0.2266803401,4865,0.3139766276,0.1565325714
288,1,0,0.2266803401,4866,0.3140041745,0.1565185982
288,1,0,0.2266803401,4867,0.3140337342,0.1565037243
288,1,0,0.2266803401,4868,0.3140424148,0.156496648
288,1,0,0.2266803401,4869,0.3140400038,0.1564955331
288,1,0,0.2266803401,4870,0.3140467618,0.1564940745
288,1,0,0.2266803401,4871,0.314047247,0.1564941285
288,1,0,0.2266803401,4872,0.3140412898,0.156495744
288,1,0,0.2266803401,4873,0.3140344283,0.156494672
288,1,0,0.2266803401,4874,0.3140300674,0.1564921242
288,1,0,0.2266803401,4875,0.3140219489,0.1564917127
288,1,0,0.2266803401,4876,0.3140133737,0.1564878903
288,1,0,0.2266803401,4877,0.3140007296,0.156486635
288,1,0,0.2266803401,4878,0.3139875571,0.1564858767
288,1,0,0.2266803401,4879,0.3139718473,0.156487208
288,1,0,0.2266803401,4880,0.3139545885,0.1564878984
288,1,0,0.2266803401,4881,0.3139418709,0.1564906964
288,1,0,0.2266803401,4882,0.3139379356,0.1564874472
288,1,0,0.2266803401,4883,0.3139344174,0.1564843848
288,1,0,0.2266803401,4884,0.313930309,0.1564832873
288,1,0,0.2266803401,4885,0.3139270235,0.1564831993
288,1,0,0.2266803401,4886,0.3139173735,0.1564877655
288,1,0,0.2266803401,4887,0.3139123255,0.1564887885
288,1,0,0.2266803401,4888,0.3139035397,0.1564895103
288,1,0,0.2266803401,4889,0.3138947137,0.1564922532
288,1,0,0.2266803401,4890,0.3138867992,0.156495188
288,1,0,0.2266803401,4891,0.3138747913,0.1565032527
288,1,0,0.2266803401,4892,0.313864383,0.1565096466
288,1,0,0.2266803401,4893,0.3138591854,0.1565143356
288,1,0,0.2266803401,4894,0.3138437348,0.1565194963
288,1,0,0.2266803401,4895,0.3138365699,0.1565238861
288,1,0,0.2266803401,4896,0.3138330432,0.1565293262
288,1,0,0.2266803401,4897,0.3138275824,0.156535255
288,1,0,0.2266803401,4898,0.3138115375,0.1565470341
288,1,0,0.2266803401,4899,0.313797509,0.1565557312
288,1,0,0.2266803401,4900,0.313785658,0.1565610112
288,1,0,0.2266803401,4901,0.3137822577,0.1565614938
288,1,0,0.2266803401,4902,0.3137792392,0.1565610572
288,1,0,0.2266803401,4903,0.3137844677,0.1565586807
288,1,0,0.2266803401,4904,0.3137742401,0.1565593753
288,1,0,0.2266803401,4905,0.3137643442,0.1565568761
288,1,0,0.2266803401,4906,0.3137482657,0.1565545484
288,1,0,0.2266803401,4907,0.3137261368,0.1565568875
288,1,0,0.2266803401,4908,0.3136909957,0.1565681891
288,1,0,0.2266803401,4909,0.3136509699,0.1565860691
288,1,0,0.2266803401,4910,0.3136162363,0.1566026004
288,1,0,0.2266803401,4911,0.3135829379,0.1566185586
288,1,0,0.2266803401,4912,0.3135462843,0.1566308421
288,1,0,0.2266803401,4913,0.3135118449,0.1566405315
288,1,0,0.2266803401,4914,0.3134720181,0.1566502006
288,1,0,0.2266803401,4915,0.3134381102,0.1566567259
288,1,0,0.2266803401,4916,0.3134166308,0.1566634809
288,1,0,0.2266803401,4917,0.3133917018,0.1566735703
288,1,0,0.2266803401,4918,0.3133723738,0.1566826431
288,1,0,0.2266803401,4919,0.3133561634,0.1566940723
288,1,0,0.2266803401,4920,0.3133433584,0.1567058706
288,1,0,0.2266803401,4921,0.3133288202,0.1567162852
288,1,0,0.2266803401,4922,0.3133227426,0.1567237438
288,1,0,0.2266803401,4923,0.3133143269,0.1567292756
288,1,0,0.2266803401,4924,0.3133083233,0.1567327506
288,1,0,0.2266803401,4925,0.3132997323,0.1567379784
288,1,0,0.2266803401,4926,0.3132925012,0.1567424868
288,1,0,0.2266803401,4927,0.31327929,0.1567500207
288,1,0,0.2266803401,4928,0.3132697394,0.1567575243
288,1,0,0.2266803401,4929,0.3132638648,0.1567689084
288,1,0,0.2266803401,4930,0.3132525589,0.1567837255
288,1,0,0.2266803401,4931,0.3132386258,0.1567935003
288,1,0,0.2266803401,4932,0.3132271052,0.1568028464
288,1,0,0.2266803401,4933,0.3132119389,0.1568098051
288,1,0,0.2266803401,4934,0.3131902834,0.1568226902
288,1,0,0.2266803401,4935,0.3131651655,0.1568384197
288,1,0,0.2266803401,4936,0.313141066,0.1568538812
288,1,0,0.2266803401,4937,0.3131184917,0.1568674271
288,1,0,0.2266803401,4938,0.313107302,0.1568793525
288,1,0,0.2266803401,4939,0.3130835791,0.1568939259
288,1,0,0.2266803401,4940,0.3130566452,0.1569129535
288,1,0,0.2266803401,4941,0.3130316955,0.1569299423
288,1,0,0.2266803401,4942,0.3130139195,0.1569397851
288,1,0,0.2266803401,4943,0.3129961947,0.156945378
288,1,0,0.2266803401,4944,0.3129782824,0.1569498692
288,1,0,0.2266803401,4945,0.3129564928,0.1569571575
288,1,0,0.2266803401,4946,0.312939268,0.1569630944
288,1,0,0.2266803401,4947,0.3129219148,0.1569719366
288,1,0,0.2266803401,4948,0.312900304,0.1569842539
288,1,0,0.2266803401,4949,0.3128870116,0.1569930285
288,1,0,0.2266803401,4950,0.3128720074,0.1570057659
288,1,0,0.2266803401,4951,0.3128618135,0.1570163254
288,1,0,0.2266803401,4952,0.3128439014,0.1570319809
288,1,0,0.2266803401,4953,0.3128256381,0.1570467751
288,1,0,0.2266803401,4954,0.312813462,0.1570576899
288,1,0,0.2266803401,4955,0.3127988268,0.157070273
288,1,0,0.2266803401,4956,0.3127925651,0.1570803266
288,1,0,0.2266803401,4957,0.3127709144,0.1570919723
288,1,0,0.2266803401,4958,0.3127531755,0.1571039023
288,1,0,0.2266803401,4959,0.3127393461,0.15711701
288,1,0,0.2266803401,4960,0.3127352074,0.1571237961
288,1,0,0.2266803401,4961,0.3127358359,0.1571312517
288,1,0,0.2266803401,4962,0.3127294071,0.1571430977
288,1,0,0.2266803401,4963,0.3127198956,0.157156794
288,1,0,0.2266803401,4964,0.312705177,0.1571671881
288,1,0,0.2266803401,4965,0.3126910014,0.157178499
288,1,0,0.2266803401,4966,0.3126807877,0.157185742
288,1,0,0.2266803401,4967,0.3126685315,0.1571962401
288,1,0,0.2266803401,4968,0.3126525949,0.1572104861
288,1,0,0.2266803401,4969,0.312634851,0.1572259985
288,1,0,0.2266803401,4970,0.3126103533,0.1572407946
288,1,0,0.2266803401,4971,0.3125893442,0.1572569978
288,1,0,0.2266803401,4972,0.3125614736,0.1572823499
288,1,0,0.2266803401,4973,0.312537169,0.1573075791
288,1,0,0.2266803401,4974,0.3125143182,0.1573288864
288,1,0,0.2266803401,4975,0.3124983864,0.1573502455
288,1,0,0.2266803401,4976,0.3124780981,0.1573714887
288,1,0,0.2266803401,4977,0.3124469384,0.1573932853
288,1,0,0.2266803401,4978,0.312420014,0.157414774
288,1,0,0.2266803401,4979,0.3123981159,0.1574367083
288,1,0,0.2266803401,4980,0.3123758212,0.1574578306
288,1,0,0.2266803401,4981,0.3123598339,0.1574749332
288,1,0,0.2266803401,4982,0.3123436571,0.1574973136
288,1,0,0.2266803401,4983,0.3123275954,0.1575196588
288,1,0,0.2266803401,4984,0.3123151003,0.1575367095
288,1,0,0.2266803401,4985,0.3123028751,0.1575524258
288,1,0,0.2266803401,4986,0.3122865195,0.1575681195
288,1,0,0.2266803401,4987,0.312259075,0.1575847355
288,1,0,0.2266803401,4988,0.3122312135,0.1576025813
288,1,0,0.2266803401,4989,0.3122006397,0.1576232843
288,1,0,0.2266803401,4990,0.3121798953,0.157643772
288,1,0,0.2266803401,4991,0.3121599811,0.1576682839
288,1,0,0.2266803401,4992,0.312141824,0.157692608
288,1,0,0.2266803401,4993,0.3121249607,0.1577105939
288,1,0,0.2266803401,4994,0.3121104661,0.1577269873
288,1,0,0.2266803401,4995,0.3120922862,0.1577428123
288,1,0,0.2266803401,4996,0.3120807173,0.1577614796
288,1,0,0.2266803401,4997,0.3120649245,0.1577842295
288,1,0,0.2266803401,4998,0.3120566391,0.1578020105
288,1,0,0.2266803401,4999,0.3120433885,0.1578189754
288,1,0,0.2266803401,5000,0.3120367195,0.1578377185
288,1,0,0.2266803401,5001,0.3120266781,0.1578554823
288,1,0,0.2266803401,5002,0.3120081824,0.1578742062
288,1,0,0.2266803401,5003,0.3119957057,0.1578888952
288,1,0,0.2266803401,5004,0.3119880522,0.1579046995
288,1,0,0.2266803401,5005,0.3119779314,0.1579231456
288,1,0,0.2266803401,5006,0.3119730786,0.1579409123
288,1,0,0.2266803401,5007,0.3119703482,0.1579564762
288,1,0,0.2266803401,5008,0.3119683561,0.1579720106
288,1,0,0.2266803401,5009,0.3119603144,0.1579908622
288,1,0,0.2266803401,5010,0.3119525992,0.1580087922
288,1,0,0.2266803401,5011,0.3119493406,0.1580246843
288,1,0,0.2266803401,5012,0.3119500681,0.1580347722
288,1,0,0.2266803401,5013,0.3119481696,0.1580494402
288,1,0,0.2266803401,5014,0.3119420561,0.1580657802
288,1,0,0.2266803401,5015,0.3119331358,0.1580811529
288,1,0,0.2266803401,5016,0.3119247865,0.1580982438
288,1,0,0.2266803401,5017,0.3119175624,0.158112036
288,1,0,0.2266803401,5018,0.311900881,0.1581339132
288,1,0,0.2266803401,5019,0.3118821129,0.1581597669
288,1,0,0.2266803401,5020,0.3118581317,0.1581874431
288,1,0,0.2266803401,5021,0.3118319461,0.1582166536
288,1,0,0.2266803401,5022,0.3118067639,0.1582479784
288,1,0,0.2266803401,5023,0.3117875911,0.1582740772
288,1,0,0.2266803401,5024,0.3117640622,0.1583005897
288,1,0,0.2266803401,5025,0.3117412226,0.1583273419
288,1,0,0.2266803401,5026,0.3117258038,0.158353082
288,1,0,0.2266803401,5027,0.3117127879,0.1583752724
288,1,0,0.2266803401,5028,0.3116991345,0.1583943519
288,1,0,0.2266803401,5029,0.311676065,0.1584131625
288,1,0,0.2266803401,5030,0.3116553882,0.1584323283
288,1,0,0.2266803401,5031,0.3116488996,0.1584473879
288,1,0,0.2266803401,5032,0.3116400851,0.1584608622
288,1,0,0.2266803401,5033,0.3116279917,0.1584774939
288,1,0,0.2266803401,5034,0.3116069333,0.1584945951
288,1,0,0.2266803401,5035,0.3115873815,0.1585127504
288,1,0,0.2266803401,5036,0.3115631096,0.1585362846
288,1,0,0.2266803401,5037,0.3115389245,0.1585612471
288,1,0,0.2266803401,5038,0.3115173512,0.1585864541
288,1,0,0.2266803401,5039,0.3114969711,0.1586104807
288,1,0,0.2266803401,5040,0.3114792622,0.1586370717
288,1,0,0.2266803401,5041,0.3114635801,0.1586652482
288,1,0,0.2266803401,5042,0.3114494319,0.1586901571
288,1,0,0.2266803401,5043,0.3114351137,0.1587146456
288,1,0,0.2266803401,5044,0.3114215319,0.1587391326
288,1,0,0.2266803401,5045,0.3114172052,0.1587597101
288,1,0,0.2266803401,5046,0.3114232903,0.1587762713
288,1,0,0.2266803401,5047,0.3114275904,0.1587921077
288,1,0,0.2266803401,5048,0.3114421563,0.1588034167
288,1,0,0.2266803401,5049,0.3114477027,0.1588196499
288,1,0,0.2266803401,5050,0.3114441842,0.1588365753
288,1,0,0.2266803401,5051,0.3114370643,0.1588596161
288,1,0,0.2266803401,5052,0.3114283699,0.1588837462
288,1,0,0.2266803401,5053,0.3114243457,0.1589062685
288,1,0,0.2266803401,5054,0.3114220646,0.1589255836
288,1,0,0.2266803401,5055,0.3114163639,0.1589445604
288,1,0,0.2266803401,5056,0.3114088985,0.1589626655
288,1,0,0.2266803401,5057,0.311401178,0.1589825301
288,1,0,0.2266803401,5058,0.3113882515,0.1590069711
288,1,0,0.2266803401,5059,0.3113713945,0.1590353832
288,1,0,0.2266803401,5060,0.3113510543,0.159065725
288,1,0,0.2266803401,5061,0.3113282995,0.1590950546
288,1,0,0.2266803401,5062,0.3113075538,0.1591234065
288,1,0,0.2266803401,5063,0.3112995,0.1591510367
288,1,0,0.2266803401,5064,0.3112979025,0.1591768034
288,1,0,0.2266803401,5065,0.311306016,0.1592004272
288,1,0,0.2266803401,5066,0.3113064021,0.1592240816
288,1,0,0.2266803401,5067,0.3113116609,0.1592475586
288,1,0,0.2266803401,5068,0.3113339332,0.1592655798
288,1,0,0.2266803401,5069,0.311354537,0.1592859654
288,1,0,0.2266803401,5070,0.3113778261,0.1593060901
288,1,0,0.2266803401,5071,0.3113999076,0.1593286692
288,1,0,0.2266803401,5072,0.3114196421,0.1593497059
288,1,0,0.2266803401,5073,0.3114380494,0.1593720766
288,1,0,0.2266803401,5074,0.3114575119,0.1593942904
288,1,0,0.2266803401,5075,0.3114813236,0.1594163401
288,1,0,0.2266803401,5076,0.3115087112,0.1594301814
288,1,0,0.2266803401,5077,0.3115420988,0.1594409992
288,1,0,0.2266803401,5078,0.3115624839,0.1594571326
288,1,0,0.2266803401,5079,0.311580966,0.1594737499
288,1,0,0.2266803401,5080,0.3115948342,0.1594910956
288,1,0,0.2266803401,5081,0.3116042608,0.1595119986
288,1,0,0.2266803401,5082,0.311619278,0.1595281653
288,1,0,0.2266803401,5083,0.311631222,0.1595467032
288,1,0,0.2266803401,5084,0.3116316582,0.1595687587
288,1,0,0.2266803401,5085,0.311635947,0.1595878436
288,1,0,0.2266803401,5086,0.31163786,0.159608574
288,1,0,0.2266803401,5087,0.3116310822,0.1596312201
288,1,0,0.2266803401,5088,0.3116273595,0.1596517227
288,1,0,0.2266803401,5089,0.311630381,0.1596728546
288,1,0,0.2266803401,5090,0.3116359406,0.1596947512
288,1,0,0.2266803401,5091,0.3116422881,0.1597151975
288,1,0,0.2266803401,5092,0.3116441116,0.1597371873
288,1,0,0.2266803401,5093,0.3116588247,0.1597565921
288,1,0,0.2266803401,5094,0.3116694356,0.1597751901
288,1,0,0.2266803401,5095,0.3116793757,0.1597933407
288,1,0,0.2266803401,5096,0.3116947243,0.1598106863
288,1,0,0.2266803401,5097,0.3116995715,0.159833922
288,1,0,0.2266803401,5098,0.3117017628,0.1598546434
288,1,0,0.2266803401,5099,0.3117048367,0.1598720892
288,1,0,0.2266803401,5100,0.3117176161,0.1598892327
288,1,0,0.2266803401,5101,0.311723266,0.15990397
288,1,0,0.2266803401,5102,0.311724285,0.1599217562
288,1,0,0.2266803401,5103,0.3117318959,0.1599372518
288,1,0,0.2266803401,5104,0.3117385704,0.1599503884
288,1,0,0.2266803401,5105,0.3117475945,0.1599598462
288,1,0,0.2266803401,5106,0.3117632381,0.1599729295
288,1,0,0.2266803401,5107,0.3117888164,0.1599856625
288,1,0,0.2266803401,5108,0.3118036457,0.1599996219
288,1,0,0.2266803401,5109,0.3118036648,0.1600155129
288,1,0,0.2266803401,5110,0.3117995078,0.1600297793
288,1,0,0.2266803401,5111,0.3118061004,0.1600430137
288,1,0,0.2266803401,5112,0.3118226991,0.1600525744
288,1,0,0.2266803401,5113,0.3118405963,0.1600649082
288,1,0,0.2266803401,5114,0.3118658806,0.1600735348
288,1,0,0.2266803401,5115,0.311875937,0.160085387
288,1,0,0.2266803401,5116,0.3118858772,0.1601045873
288,1,0,0.2266803401,5117,0.3118873667,0.1601263951
288,1,0,0.2266803401,5118,0.3118969843,0.1601436822
288,1,0,0.2266803401,5119,0.3119001719,0.1601586991
288,1,0,0.2266803401,5120,0.3119019711,0.1601753858
288,1,0,0.2266803401,5121,0.3119169641,0.1601884736
288,1,0,0.2266803401,5122,0.3119212448,0.1602069576
288,1,0,0.2266803401,5123,0.3119149378,0.1602291671
288,1,0,0.2266803401,5124,0.3119139308,0.1602502152
288,1,0,0.2266803401,5125,0.311907171,0.160274762
288,1,0,0.2266803401,5126,0.311894358,0.160298701
288,1,0,0.2266803401,5127,0.3118789285,0.160322812
288,1,0,0.2266803401,5128,0.3118628699,0.1603487497
288,1,0,0.2266803401,5129,0.3118462682,0.1603743278
288,1,0,0.2266803401,5130,0.3118308292,0.1603973681
288,1,0,0.2266803401,5131,0.3118190434,0.1604175873
288,1,0,0.2266803401,5132,0.3118130866,0.1604322167
288,1,0,0.2266803401,5133,0.3117996853,0.160448483
288,1,0,0.2266803401,5134,0.311782503,0.1604645325
288,1,0,0.2266803401,5135,0.3117644524,0.1604855674
288,1,0,0.2266803401,5136,0.3117549118,0.1605015158
288,1,0,0.2266803401,5137,0.3117530354,0.1605163744
288,1,0,0.2266803401,5138,0.3117503965,0.1605294887
288,1,0,0.2266803401,5139,0.3117327743,0.1605490215
288,1,0,0.2266803401,5140,0.3117144658,0.1605621693
288,1,0,0.2266803401,5141,0.3116994419,0.1605767077
288,1,0,0.2266803401,5142,0.3116822316,0.1605972579
288,1,0,0.2266803401,5143,0.3116695755,0.1606124174
288,1,0,0.2266803401,5144,0.3116659525,0.1606264208
288,1,0,0.2266803401,5145,0.311654437,0.160641761
288,1,0,0.2266803401,5146,0.3116477415,0.1606524061
288,1,0,0.2266803401,5147,0.3116396188,0.1606648481
288,1,0,0.2266803401,5148,0.3116338054,0.1606786649
288,1,0,0.2266803401,5149,0.3116192083,0.1606915006
288,1,0,0.2266803401,5150,0.3116068912,0.1607042196
288,1,0,0.2266803401,5151,0.3115963128,0.160720304
288,1,0,0.2266803401,5152,0.3115820049,0.1607393212
288,1,0,0.2266803401,5153,0.3115720361,0.1607521411
288,1,0,0.2266803401,5154,0.3115637405,0.160761661
288,1,0,0.2266803401,5155,0.3115569284,0.1607717147
288,1,0,0.2266803401,5156,0.3115640217,0.160781959
288,1,0,0.2266803401,5157,0.3115666568,0.1607973563
288,1,0,0.2266803401,5158,0.3115630152,0.1608165426
288,1,0,0.2266803401,5159,0.3115493078,0.1608362456
288,1,0,0.2266803401,5160,0.3115313983,0.1608493531
288,1,0,0.2266803401,5161,0.311502828,0.1608653651
288,1,0,0.2266803401,5162,0.3114709772,0.1608832008
288,1,0,0.2266803401,5163,0.3114447396,0.160895024
288,1,0,0.2266803401,5164,0.3114291984,0.160903653
288,1,0,0.2266803401,5165,0.3114102908,0.1609105953
288,1,0,0.2266803401,5166,0.3113925488,0.1609186402
288,1,0,0.2266803401,5167,0.3113828811,0.1609288158
288,1,0,0.2266803401,5168,0.3113694557,0.1609380768
288,1,0,0.2266803401,5169,0.3113536791,0.1609459561
288,1,0,0.2266803401,5170,0.3113438129,0.1609560869
288,1,0,0.2266803401,5171,0.311349962,0.1609621732
288,1,0,0.2266803401,5172,0.3113620322,0.1609628887
288,1,0,0.2266803401,5173,0.3113698836,0.1609634989
288,1,0,0.2266803401,5174,0.3113772934,0.1609658396
288,1,0,0.2266803401,5175,0.3113884588,0.1609668821
288,1,0,0.2266803401,5176,0.3114087677,0.1609657505
288,1,0,0.2266803401,5177,0.3114299548,0.1609659505
288,1,0,0.2266803401,5178,0.3114372735,0.1609685039
288,1,0,0.2266803401,5179,0.3114461399,0.1609783404
288,1,0,0.2266803401,5180,0.3114585796,0.1609825467
288,1,0,0.2266803401,5181,0.3114785941,0.1609839871
288,1,0,0.2266803401,5182,0.311495895,0.1609865197
288,1,0,0.2266803401,5183,0.3115103752,0.1609918638
288,1,0,0.2266803401,5184,0.3115346445,0.1609953021
288,1,0,0.2266803401,5185,0.3115563865,0.1610007201
288,1,0,0.2266803401,5186,0.3115769994,0.1610022669
288,1,0,0.2266803401,5187,0.3115908732,0.1610070786
288,1,0,0.2266803401,5188,0.3116063289,0.1610121943
288,1,0,0.2266803401,5189,0.3116169612,0.161019285
288,1,0,0.2266803401,5190,0.3116267876,0.161023982
288,1,0,0.2266803401,5191,0.3116473552,0.1610273594
288,1,0,0.2266803401,5192,0.3116554857,0.161031767
288,1,0,0.2266803401,5193,0.3116610258,0.1610430688
288,1,0,0.2266803401,5194,0.3116592129,0.161054268
288,1,0,0.2266803401,5195,0.3116472697,0.1610725225
288,1,0,0.2266803401,5196,0.3116338358,0.1610897445
288,1,0,0.2266803401,5197,0.3116267489,0.1611060905
288,1,0,0.2266803401,5198,0.3116287523,0.1611174806
288,1,0,0.2266803401,5199,0.3116264035,0.1611267933
288,1,0,0.2266803401,5200,0.3116152836,0.1611379559
288,1,0,0.2266803401,5201,0.3116122803,0.1611507704
288,1,0,0.2266803401,5202,0.3116107946,0.1611649084
288,1,0,0.2266803401,5203,0.311607557,0.1611815451
288,1,0,0.2266803401,5204,0.3116129069,0.1611964549
288,1,0,0.2266803401,5205,0.3116166091,0.1612130094
288,1,0,0.2266803401,5206,0.3116190235,0.1612316776
288,1,0,0.2266803401,5207,0.311617327,0.1612465867
288,1,0,0.2266803401,5208,0.311622725,0.1612596261
288,1,0,0.2266803401,5209,0.3116198955,0.161275818
288,1,0,0.2266803401,5210,0.3116266086,0.161288528
288,1,0,0.2266803401,5211,0.3116329415,0.1613027668
288,1,0,0.2266803401,5212,0.3116460264,0.1613135313
288,1,0,0.2266803401,5213,0.3116531423,0.1613251049
288,1,0,0.2266803401,5214,0.311652699,0.1613388076
288,1,0,0.2266803401,5215,0.311643497,0.161356189
288,1,0,0.2266803401,5216,0.3116276318,0.1613774817
288,1,0,0.2266803401,5217,0.3116201652,0.161395525
288,1,0,0.2266803401,5218,0.3116173244,0.1614132474
288,1,0,0.2266803401,5219,0.3116074807,0.1614355039
288,1,0,0.2266803401,5220,0.3116019337,0.1614559978
288,1,0,0.2266803401,5221,0.3116049532,0.1614734252
288,1,0,0.2266803401,5222,0.3116060386,0.1614936675
288,1,0,0.2266803401,5223,0.3116154833,0.1615085637
288,1,0,0.2266803401,5224,0.3116145413,0.1615250792
288,1,0,0.2266803401,5225,0.3116139659,0.1615401825
288,1,0,0.2266803401,5226,0.3116073036,0.1615583732
288,1,0,0.2266803401,5227,0.3116046026,0.1615737069
288,1,0,0.2266803401,5228,0.3116106637,0.1615823593
288,1,0,0.2266803401,5229,0.3116120924,0.1615868803
288,1,0,0.2266803401,5230,0.3116204127,0.1615910596
288,1,0,0.2266803401,5231,0.311624675,0.1616010739
288,1,0,0.2266803401,5232,0.3116314024,0.1616081037
288,1,0,0.2266803401,5233,0.3116355907,0.1616141346
288,1,0,0.2266803401,5234,0.3116409663,0.1616247135
288,1,0,0.2266803401,5235,0.3116405675,0.1616366175
288,1,0,0.2266803401,5236,0.3116458362,0.1616501209
288,1,0,0.2266803401,5237,0.3116488579,0.1616649754
288,1,0,0.2266803401,5238,0.3116556427,0.1616807206
288,1,0,0.2266803401,5239,0.3116659321,0.161693464
288,1,0,0.2266803401,5240,0.3116753484,0.1617047464
288,1,0,0.2266803401,5241,0.3116733699,0.1617193342
288,1,0,0.2266803401,5242,0.311665876,0.1617371659
288,1,0,0.2266803401,5243,0.3116568727,0.1617532041
288,1,0,0.2266803401,5244,0.3116431311,0.1617714092
288,1,0,0.2266803401,5245,0.3116292761,0.1617878399
288,1,0,0.2266803401,5246,0.3116288664,0.1618032094
288,1,0,0.2266803401,5247,0.3116107325,0.1618196796
288,1,0,0.2266803401,5248,0.3116006723,0.1618333446
288,1,0,0.2266803401,5249,0.3115954505,0.1618463174
288,1,0,0.2266803401,5250,0.3115874922,0.161862289
288,1,0,0.2266803401,5251,0.3115729378,0.1618796213
288,1,0,0.2266803401,5252,0.3115582102,0.1618995287
288,1,0,0.2266803401,5253,0.3115456593,0.1619188963
288,1,0,0.2266803401,5254,0.3115296127,0.1619407442
288,1,0,0.2266803401,5255,0.3115122732,0.1619606897
288,1,0,0.2266803401,5256,0.3115001755,0.1619818259
288,1,0,0.2266803401,5257,0.3114938896,0.1620026477
288,1,0,0.2266803401,5258,0.3114975418,0.1620180343
288,1,0,0.2266803401,5259,0.3115046624,0.1620355166
288,1,0,0.2266803401,5260,0.3115116165,0.1620526612
288,1,0,0.2266803401,5261,0.3115156669,0.1620699784
288,1,0,0.2266803401,5262,0.3115117362,0.1620805913
288,1,0,0.2266803401,5263,0.3115071582,0.1620936178
288,1,0,0.2266803401,5264,0.3115018109,0.1621104463
288,1,0,0.2266803401,5265,0.3115094498,0.1621246148
288,1,0,0.2266803401,5266,0.311515556,0.1621397221
288,1,0,0.2266803401,5267,0.3115092425,0.1621598905
288,1,0,0.2266803401,5268,0.3115040335,0.1621843246
288,1,0,0.2266803401,5269,0.3114980082,0.1622103463
288,1,0,0.2266803401,5270,0.3114986917,0.1622345825
288,1,0,0.2266803401,5271,0.3114957035,0.1622582375
288,1,0,0.2266803401,5272,0.3114908643,0.1622776668
288,1,0,0.2266803401,5273,0.3114911209,0.1622970141
288,1,0,0.2266803401,5274,0.3114881614,0.1623200419
288,1,0,0.2266803401,5275,0.3114870848,0.162338604
288,1,0,0.2266803401,5276,0.3114939408,0.1623558665
288,1,0,0.2266803401,5277,0.3115040817,0.1623725843
288,1,0,0.2266803401,5278,0.3115120338,0.1623911333
288,1,0,0.2266803401,5279,0.3115208559,0.1624072421
288,1,0,0.2266803401,5280,0.3115377742,0.1624184943
288,1,0,0.2266803401,5281,0.3115484038,0.1624352026
288,1,0,0.2266803401,5282,0.3115565937,0.162450209
288,1,0,0.2266803401,5283,0.3115568746,0.1624703927
288,1,0,0.2266803401,5284,0.3115564633,0.1624888103
288,1,0,0.2266803401,5285,0.3115652812,0.1625078688
288,1,0,0.2266803401,5286,0.3115725629,0.1625269119
288,1,0,0.2266803401,5287,0.3115785804,0.1625466075
288,1,0,0.2266803401,5288,0.3115786626,0.1625664792
288,1,0,0.2266803401,5289,0.3115715195,0.162589767
288,1,0,0.2266803401,5290,0.3115719114,0.162609784
288,1,0,0.2266803401,5291,0.3115719901,0.1626293486
288,1,0,0.2266803401,5292,0.3115685346,0.1626472696
288,1,0,0.2266803401,5293,0.3115632977,0.1626669791
288,1,0,0.2266803401,5294,0.3115631038,0.1626872375
288,1,0,0.2266803401,5295,0.3115720506,0.1627124967
288,1,0,0.2266803401,5296,0.3115831789,0.162738973
288,1,0,0.2266803401,5297,0.3115840125,0.1627650935
288,1,0,0.2266803401,5298,0.3115998139,0.1627851827
288,1,0,0.2266803401,5299,0.3116164223,0.1628099795
288,1,0,0.2266803401,5300,0.3116261168,0.162840595
288,1,0,0.2266803401,5301,0.3116437432,0.1628693142
288,1,0,0.2266803401,5302,0.3116652637,0.1628941582
288,1,0,0.2266803401,5303,0.3116868212,0.1629146127
288,1,0,0.2266803401,5304,0.3116993622,0.1629412489
288,1,0,0.2266803401,5305,0.3117157008,0.1629694235
288,1,0,0.2266803401,5306,0.3117347425,0.1629969051
288,1,0,0.2266803401,5307,0.3117621431,0.1630251791
288,1,0,0.2266803401,5308,0.311796782,0.1630551267
288,1,0,0.2266803401,5309,0.311832364,0.1630816447
288,1,0,0.2266803401,5310,0.3118669236,0.1631081161
288,1,0,0.2266803401,5311,0.3119034947,0.1631304143
288,1,0,0.2266803401,5312,0.3119469374,0.1631480081
288,1,0,0.2266803401,5313,0.3119909027,0.1631615984
288,1,0,0.2266803401,5314,0.3120306569,0.1631737665
288,1,0,0.2266803401,5315,0.3120763116,0.1631882696
288,1,0,0.2266803401,5316,0.3121231213,0.1632050228
288,1,0,0.2266803401,5317,0.3121731266,0.1632198912
288,1,0,0.2266803401,5318,0.3122145575,0.1632363626
288,1,0,0.2266803401,5319,0.31225769,0.1632510139
288,1,0,0.2266803401,5320,0.3123040505,0.1632690687
288,1,0,0.2266803401,5321,0.3123531003,0.163290428
288,1,0,0.2266803401,5322,0.3124006315,0.1633088196
288,1,0,0.2266803401,5323,0.3124528249,0.1633225815
288,1,0,0.2266803401,5324,0.3124979926,0.1633394359
288,1,0,0.2266803401,5325,0.312549123,0.1633546551
288,1,0,0.2266803401,5326,0.312598266,0.1633689058
288,1,0,0.2266803401,5327,0.3126456847,0.1633828832
288,1,0,0.2266803401,5328,0.3126883348,0.1634040529
288,1,0,0.2266803401,5329,0.3127403445,0.1634227177
288,1,0,0.2266803401,5330,0.312800333,0.1634376051
288,1,0,0.2266803401,5331,0.3128563014,0.1634558401
288,1,0,0.2266803401,5332,0.312912927,0.1634707506
288,1,0,0.2266803401,5333,0.3129701494,0.1634838644
288,1,0,0.2266803401,5334,0.3130357326,0.1634950652
288,1,0,0.2266803401,5335,0.3131027945,0.1635096651
288,1,0,0.2266803401,5336,0.3131623884,0.1635227946
288,1,0,0.2266803401,5337,0.3132156007,0.1635444398
288,1,0,0.2266803401,5338,0.3132715516,0.1635638802
288,1,0,0.2266803401,5339,0.3133270518,0.1635790514
288,1,0,0.2266803401,5340,0.3133713178,0.1635950327
288,1,0,0.2266803401,5341,0.3134112076,0.1636122307
288,1,0,0.2266803401,5342,0.3134493933,0.1636294324
288,1,0,0.2266803401,5343,0.3134823352,0.1636495112
288,1,0,0.2266803401,5344,0.3135262342,0.1636712108
288,1,0,0.2266803401,5345,0.3135698816,0.1636926404
288,1,0,0.2266803401,5346,0.3136099399,0.1637162063
288,1,0,0.2266803401,5347,0.3136412947,0.1637390627
288,1,0,0.2266803401,5348,0.3136731679,0.1637608716
288,1,0,0.2266803401,5349,0.3136984917,0.1637865054
288,1,0,0.2266803401,5350,0.3137076169,0.1638136195
288,1,0,0.2266803401,5351,0.3137274964,0.1638363812
288,1,0,0.2266803401,5352,0.313755065,0.163857994
288,1,0,0.2266803401,5353,0.313781489,0.1638781593
288,1,0,0.2266803401,5354,0.3138118529,0.1638976117
288,1,0,0.2266803401,5355,0.3138486016,0.1639147869
288,1,0,0.2266803401,5356,0.313894225,0.1639333473
288,1,0,0.2266803401,5357,0.3139339357,0.1639535852
288,1,0,0.2266803401,5358,0.3139742724,0.1639742009
288,1,0,0.2266803401,5359,0.3140129674,0.1639937294
288,1,0,0.2266803401,5360,0.3140606875,0.1640122036
288,1,0,0.2266803401,5361,0.3141139171,0.1640261534
288,1,0,0.2266803401,5362,0.3141653507,0.1640362529
288,1,0,0.2266803401,5363,0.3142192346,0.164045408
288,1,0,0.2266803401,5364,0.3142716667,0.1640516546
288,1,0,0.2266803401,5365,0.3143236792,0.1640561376
288,1,0,0.2266803401,5366,0.3143771108,0.1640616942
288,1,0,0.2266803401,5367,0.3144211152,0.1640751268
288,1,0,0.2266803401,5368,0.3144630554,0.1640847154
288,1,0,0.2266803401,5369,0.3145011867,0.1640918092
288,1,0,0.2266803401,5370,0.314538235,0.1640995991
288,1,0,0.2266803401,5371,0.3145708954,0.1641063404
288,1,0,0.2266803401,5372,0.3146017463,0.164113631
288,1,0,0.2266803401,5373,0.3146313589,0.1641201092
288,1,0,0.2266803401,5374,0.3146629388,0.1641216125
288,1,0,0.2266803401,5375,0.3146815013,0.1641300994
288,1,0,0.2266803401,5376,0.3147087251,0.1641408459
288,1,0,0.2266803401,5377,0.314742259,0.1641502444
288,1,0,0.2266803401,5378,0.3147736877,0.1641585682
288,1,0,0.2266803401,5379,0.3148110919,0.164164228
288,1,0,0.2266803401,5380,0.314843547,0.1641727747
288,1,0,0.2266803401,5381,0.3148799892,0.164183596
288,1,0,0.2266803401,5382,0.3149254088,0.1641933734
288,1,0,0.2266803401,5383,0.3149737962,0.1642032521
288,1,0,0.2266803401,5384,0.3150141136,0.1642175756
288,1,0,0.2266803401,5385,0.3150464962,0.1642280986
288,1,0,0.2266803401,5386,0.3150807616,0.1642402143
288,1,0,0.2266803401,5387,0.3151120601,0.1642509015
288,1,0,0.2266803401,5388,0.3151452231,0.1642591855
288,1,0,0.2266803401,5389,0.3151781008,0.1642667335
288,1,0,0.2266803401,5390,0.315206774,0.1642751734
288,1,0,0.2266803401,5391,0.3152244887,0.1642867006
288,1,0,0.2266803401,5392,0.3152404173,0.1643012255
288,1,0,0.2266803401,5393,0.315267167,0.1643118921
288,1,0,0.2266803401,5394,0.3152958216,0.1643209311
288,1,0,0.2266803401,5395,0.315332706,0.1643254226
288,1,0,0.2266803401,5396,0.3153571123,0.1643310445
288,1,0,0.2266803401,5397,0.3153715445,0.1643391056
288,1,0,0.2266803401,5398,0.315395578,0.1643483359
288,1,0,0.2266803401,5399,0.315420992,0.1643617563
288,1,0,0.2266803401,5400,0.3154463914,0.1643745024
288,1,0,0.2266803401,5401,0.3154671021,0.1643839696
288,1,0,0.2266803401,5402,0.3154923844,0.1643895543
288,1,0,0.2266803401,5403,0.3155272242,0.1643924743
288,1,0,0.2266803401,5404,0.3155618607,0.1643961591
288,1,0,0.2266803401,5405,0.3155936334,0.1644030048
288,1,0,0.2266803401,5406,0.3156278251,0.1644092489
288,1,0,0.2266803401,5407,0.3156603721,0.1644182966
288,1,0,0.2266803401,5408,0.3156862606,0.164426543
288,1,0,0.2266803401,5409,0.3157184104,0.1644328335
288,1,0,0.2266803401,5410,0.3157484989,0.1644369764
288,1,0,0.2266803401,5411,0.315767984,0.1644399924
288,1,0,0.2266803401,5412,0.3157878812,0.1644462359
288,1,0,0.2266803401,5413,0.3158106172,0.1644543647
288,1,0,0.2266803401,5414,0.3158299873,0.1644650369
288,1,0,0.2266803401,5415,0.3158471881,0.1644723859
288,1,0,0.2266803401,5416,0.3158624272,0.1644846884
288,1,0,0.2266803401,5417,0.315878909,0.1645006056
288,1,0,0.2266803401,5418,0.3158898521,0.1645182787
288,1,0,0.2266803401,5419,0.3158934824,0.1645357241
288,1,0,0.2266803401,5420,0.3159001979,0.1645517559
288,1,0,0.2266803401,5421,0.3159095104,0.164566648
288,1,0,0.2266803401,5422,0.3159249006,0.1645774856
288,1,0,0.2266803401,5423,0.3159416193,0.1645900935
288,1,0,0.2266803401,5424,0.3159593829,0.1645967415
288,1,0,0.2266803401,5425,0.31597504,0.1646006493
288,1,0,0.2266803401,5426,0.3159835798,0.1646058527
288,1,0,0.2266803401,5427,0.3159892309,0.164615948
288,1,0,0.2266803401,5428,0.3160113047,0.1646236106
288,1,0,0.2266803401,5429,0.316042095,0.1646306122
288,1,0,0.2266803401,5430,0.3160782554,0.1646325444
288,1,0,0.2266803401,5431,0.3161091695,0.1646457296
288,1,0,0.2266803401,5432,0.3161365622,0.1646632724
288,1,0,0.2266803401,5433,0.3161578992,0.1646878745
288,1,0,0.2266803401,5434,0.3161699762,0.1647049671
288,1,0,0.2266803401,5435,0.3161981739,0.1647156899
288,1,0,0.2266803401,5436,0.3162278639,0.1647261688
288,1,0,0.2266803401,5437,0.3162548794,0.1647402389
288,1,0,0.2266803401,5438,0.3162862002,0.1647536553
288,1,0,0.2266803401,5439,0.316315012,0.1647725143
288,1,0,0.2266803401,5440,0.3163350595,0.1647903205
288,1,0,0.2266803401,5441,0.3163574676,0.1648058537
288,1,0,0.2266803401,5442,0.3163853969,0.1648184955
288,1,0,0.2266803401,5443,0.3164145248,0.1648317389
288,1,0,0.2266803401,5444,0.3164375713,0.1648437323
288,1,0,0.2266803401,5445,0.3164647767,0.1648531477
288,1,0,0.2266803401,5446,0.316493795,0.1648641149
288,1,0,0.2266803401,5447,0.3165252403,0.1648757172
288,1,0,0.2266803401,5448,0.3165669785,0.1648865357
288,1,0,0.2266803401,5449,0.316603427,0.1648939153
288,1,0,0.2266803401,5450,0.316643004,0.1649073005
288,1,0,0.2266803401,5451,0.3166786756,0.1649176839
288,1,0,0.2266803401,5452,0.3167118742,0.1649205327
288,1,0,0.2266803401,5453,0.3167499756,0.1649253768
288,1,0,0.2266803401,5454,0.31678434,0.1649294922
288,1,0,0.2266803401,5455,0.3168250079,0.1649384188
288,1,0,0.2266803401,5456,0.3168710551,0.164950164
288,1,0,0.2266803401,5457,0.3169165335,0.1649582701
288,1,0,0.2266803401,5458,0.3169517795,0.1649679368
288,1,0,0.2266803401,5459,0.3169967852,0.1649731162
288,1,0,0.2266803401,5460,0.3170450923,0.1649707283
288,1,0,0.2266803401,5461,0.3170872985,0.164971047
288,1,0,0.2266803401,5462,0.3171168732,0.1649771824
288,1,0,0.2266803401,5463,0.3171433678,0.1649827406
288,1,0,0.2266803401,5464,0.3171718843,0.1649915902
288,1,0,0.2266803401,5465,0.3171989946,0.1649971538
288,1,0,0.2266803401,5466,0.3172256615,0.1650004565
288,1,0,0.2266803401,5467,0.3172542416,0.1650029207
288,1,0,0.2266803401,5468,0.3172926942,0.1650041153
288,1,0,0.2266803401,5469,0.3173282327,0.1650107025
288,1,0,0.2266803401,5470,0.31735637,0.1650152337
288,1,0,0.2266803401,5471,0.3173820752,0.1650209878
288,1,0,0.2266803401,5472,0.3174023381,0.1650206594
288,1,0,0.2266803401,5473,0.3174213653,0.1650222859
288,1,0,0.2266803401,5474,0.3174368436,0.1650248971
288,1,0,0.2266803401,5475,0.3174510352,0.1650283929
288,1,0,0.2266803401,5476,0.3174671268,0.1650326542
288,1,0,0.2266803401,5477,0.3174902454,0.1650351717
288,1,0,0.2266803401,5478,0.3175171009,0.16503931
288,1,0,0.2266803401,5479,0.3175499238,0.1650413524
288,1,0,0.2266803401,5480,0.3175832609,0.1650426398
288,1,0,0.2266803401,5481,0.3176009715,0.1650444725
288,1,0,0.2266803401,5482,0.3176080807,0.1650541208
288,1,0,0.2266803401,5483,0.3176179609,0.1650624384
288,1,0,0.2266803401,5484,0.3176299324,0.1650684841
288,1,0,0.2266803401,5485,0.3176323198,0.1650817831
288,1,0,0.2266803401,5486,0.3176301665,0.1650978765
288,1,0,0.2266803401,5487,0.3176312367,0.1651115707
288,1,0,0.2266803401,5488,0.3176316031,0.1651246804
288,1,0,0.2266803401,5489,0.3176413561,0.1651352154
288,1,0,0.2266803401,5490,0.3176569875,0.1651402552
288,1,0,0.2266803401,5491,0.3176801517,0.1651446662
288,1,0,0.2266803401,5492,0.3177002862,0.1651490367
288,1,0,0.2266803401,5493,0.3177258363,0.1651517589
288,1,0,0.2266803401,5494,0.3177524047,0.1651546407
288,1,0,0.2266803401,5495,0.3177730797,0.1651596925
288,1,0,0.2266803401,5496,0.3177931186,0.16516365
288,1,0,0.2266803401,5497,0.3178102622,0.1651690828
288,1,0,0.2266803401,5498,0.3178232322,0.1651745257
288,1,0,0.2266803401,5499,0.3178351769,0.1651799543
288,1,0,0.2266803401,5500,0.3178409992,0.1651814643
288,1,0,0.2266803401,5501,0.3178514067,0.165181009
288,1,0,0.2266803401,5502,0.3178606355,0.1651768915
288,1,0,0.2266803401,5503,0.3178764794,0.1651779697
288,1,0,0.2266803401,5504,0.3178882879,0.1651860404
288,1,0,0.2266803401,5505,0.3178986135,0.1651933408
288,1,0,0.2266803401,5506,0.3179099279,0.1652024045
288,1,0,0.2266803401,5507,0.317925903,0.1652042172
288,1,0,0.2266803401,5508,0.3179429846,0.1652043552
288,1,0,0.2266803401,5509,0.3179647283,0.1652030295
288,1,0,0.2266803401,5510,0.3179769442,0.1652076222
288,1,0,0.2266803401,5511,0.3179877985,0.1652134676
288,1,0,0.2266803401,5512,0.3180022023,0.165216855
288,1,0,0.2266803401,5513,0.3180189278,0.1652205694
288,1,0,0.2266803401,5514,0.3180255862,0.1652248266
288,1,0,0.2266803401,5515,0.3180312991,0.1652314361
288,1,0,0.2266803401,5516,0.3180455613,0.1652404301
288,1,0,0.2266803401,5517,0.3180572712,0.165244246
288,1,0,0.2266803401,5518,0.3180687493,0.1652511307
288,1,0,0.2266803401,5519,0.3180842493,0.1652578092
288,1,0,0.2266803401,5520,0.3180947648,0.1652660953
288,1,0,0.2266803401,5521,0.3181157932,0.1652691454
288,1,0,0.2266803401,5522,0.3181485687,0.1652706068
288,1,0,0.2266803401,5523,0.3181846865,0.1652773937
288,1,0,0.2266803401,5524,0.3182078792,0.1652882958
288,1,0,0.2266803401,5525,0.3182306615,0.1652948413
288,1,0,0.2266803401,5526,0.3182543872,0.1652988046
288,1,0,0.2266803401,5527,0.3182893316,0.1653048893
288,1,0,0.2266803401,5528,0.3183238868,0.1653139426
288,1,0,0.2266803401,5529,0.3183574671,0.1653206455
288,1,0,0.2266803401,5530,0.3183794065,0.165333003
288,1,0,0.2266803401,5531,0.3183922129,0.1653482735
288,1,0,0.2266803401,5532,0.3183996954,0.1653620587
288,1,0,0.2266803401,5533,0.318409989,0.1653765306
288,1,0,0.2266803401,5534,0.3184248206,0.1653924673
288,1,0,0.2266803401,5535,0.3184400187,0.1654127067
288,1,0,0.2266803401,5536,0.3184520237,0.1654293312
288,1,0,0.2266803401,5537,0.3184630948,0.1654479078
288,1,0,0.2266803401,5538,0.3184643379,0.1654689159
288,1,0,0.2266803401,5539,0.3184615469,0.1654946333
288,1,0,0.2266803401,5540,0.3184589162,0.1655173766
288,1,0,0.2266803401,5541,0.3184622612,0.1655337861
288,1,0,0.2266803401,5542,0.3184685438,0.1655486055
288,1,0,0.2266803401,5543,0.3184715049,0.1655696179
288,1,0,0.2266803401,5544,0.3184747733,0.1655878493
288,1,0,0.2266803401,5545,0.3184831973,0.16560828
288,1,0,0.2266803401,5546,0.3184940597,0.1656245845
288,1,0,0.2266803401,5547,0.3185050264,0.1656415376
288,1,0,0.2266803401,5548,0.3185152574,0.165660755
288,1,0,0.2266803401,5549,0.3185330716,0.1656762035
288,1,0,0.2266803401,5550,0.3185422688,0.1656970177
288,1,0,0.2266803401,5551,0.3185602013,0.1657195946
288,1,0,0.2266803401,5552,0.3185872499,0.1657431168
288,1,0,0.2266803401,5553,0.318620272,0.1657612639
288,1,0,0.2266803401,5554,0.318646023,0.1657872748
288,1,0,0.2266803401,5555,0.3186775899,0.1658134946
288,1,0,0.2266803401,5556,0.3186962569,0.1658407854
288,1,0,0.2266803401,5557,0.3187173963,0.1658705383
288,1,0,0.2266803401,5558,0.3187264758,0.1659012616
288,1,0,0.2266803401,5559,0.3187240506,0.1659293025
288,1,0,0.2266803401,5560,0.318727404,0.1659528725
288,1,0,0.2266803401,5561,0.3187340914,0.1659740706
288,1,0,0.2266803401,5562,0.3187328947,0.16600269
288,1,0,0.2266803401,5563,0.3187307449,0.1660372548
288,1,0,0.2266803401,5564,0.318724707,0.1660700328
288,1,0,0.2266803401,5565,0.3187174724,0.1661010826
288,1,0,0.2266803401,5566,0.3187106012,0.1661342012
288,1,0,0.2266803401,5567,0.3187084308,0.166168161
288,1,0,0.2266803401,5568,0.3187039196,0.1662034016
288,1,0,0.2266803401,5569,0.3187162611,0.166238318
288,1,0,0.2266803401,5570,0.3187385532,0.1662650939
288,1,0,0.2266803401,5571,0.3187573852,0.1662939238
288,1,0,0.2266803401,5572,0.3187781708,0.1663199023
288,1,0,0.2266803401,5573,0.3187998349,0.1663399093
288,1,0,0.2266803401,5574,0.3188095334,0.1663603124
288,1,0,0.2266803401,5575,0.3188210278,0.1663809282
288,1,0,0.2266803401,5576,0.3188441616,0.1664060937
288,1,0,0.2266803401,5577,0.3188692394,0.1664314392
288,1,0,0.2266803401,5578,0.3189068946,0.1664591929
288,1,0,0.2266803401,5579,0.3189403756,0.1664903636
288,1,0,0.2266803401,5580,0.3189690406,0.1665267613
288,1,0,0.2266803401,5581,0.3190004024,0.1665587208
288,1,0,0.2266803401,5582,0.3190183929,0.1665928949
288,1,0,0.2266803401,5583,0.3190358065,0.1666276622
288,1,0,0.2266803401,5584,0.3190553783,0.1666609673
288,1,0,0.2266803401,5585,0.3190792036,0.1666936865
288,1,0,0.2266803401,5586,0.3191032657,0.166729898
288,1,0,0.2266803401,5587,0.319123724,0.1667676966
288,1,0,0.2266803401,5588,0.3191366772,0.1668107738
288,1,0,0.2266803401,5589,0.3191478525,0.1668531469
288,1,0,0.2266803401,5590,0.3191532143,0.1668936997
288,1,0,0.2266803401,5591,0.3191626025,0.1669328525
288,1,0,0.2266803401,5592,0.3191726852,0.1669728875
288,1,0,0.2266803401,5593,0.3191797389,0.1670154539
288,1,0,0.2266803401,5594,0.3191830202,0.1670546329
288,1,0,0.2266803401,5595,0.3191862543,0.1670933314
288,1,0,0.2266803401,5596,0.3191925596,0.1671330918
288,1,0,0.2266803401,5597,0.3191970536,0.1671704849
288,1,0,0.2266803401,5598,0.3192034019,0.1672012189
288,1,0,0.2266803401,5599,0.3192133535,0.1672264164
288,1,0,0.2266803401,5600,0.3192277863,0.1672563972
288,1,0,0.2266803401,5601,0.3192513039,0.1672827131
288,1,0,0.2266803401,5602,0.3192664206,0.1673105153
288,1,0,0.2266803401,5603,0.3192785326,0.167335777
288,1,0,0.2266803401,5604,0.3192907287,0.1673645379
288,1,0,0.2266803401,5605,0.3193003969,0.1673904268
288,1,0,0.2266803401,5606,0.3193078611,0.1674200244
288,1,0,0.2266803401,5607,0.3193150578,0.1674500894
288,1,0,0.2266803401,5608,0.3193232042,0.1674812069
288,1,0,0.2266803401,5609,0.3193447569,0.1675061341
288,1,0,0.2266803401,5610,0.3193623526,0.1675354238
288,1,0,0.2266803401,5611,0.3193774451,0.1675622826
288,1,0,0.2266803401,5612,0.3193923298,0.167589416
288,1,0,0.2266803401,5613,0.3194114495,0.1676201797
288,1,0,0.2266803401,5614,0.3194353199,0.1676512532
288,1,0,0.2266803401,5615,0.3194626896,0.1676784606
288,1,0,0.2266803401,5616,0.3194776323,0.1677065453
288,1,0,0.2266803401,5617,0.3195053886,0.1677305884
288,1,0,0.2266803401,5618,0.3195339725,0.1677577568
288,1,0,0.2266803401,5619,0.3195618859,0.167782382
288,1,0,0.2266803401,5620,0.3195917148,0.1678059026
288,1,0,0.2266803401,5621,0.3196291826,0.1678306458
288,1,0,0.2266803401,5622,0.3196617076,0.1678573846
288,1,0,0.2266803401,5623,0.319691095,0.1678870584
288,1,0,0.2266803401,5624,0.3197137549,0.1679123842
288,1,0,0.2266803401,5625,0.3197344534,0.1679389309
288,1,0,0.2266803401,5626,0.3197536902,0.1679644917
288,1,0,0.2266803401,5627,0.3197779212,0.1679900059
288,1,0,0.2266803401,5628,0.3197999366,0.1680165937
288,1,0,0.2266803401,5629,0.3198288639,0.1680398048
288,1,0,0.2266803401,5630,0.3198639317,0.1680664767
288,1,0,0.2266803401,5631,0.3198966763,0.1680872779
288,1,0,0.2266803401,5632,0.3199244607,0.1681107935
288,1,0,0.2266803401,5633,0.3199590279,0.1681336537
288,1,0,0.2266803401,5634,0.3199867749,0.168156827
288,1,0,0.2266803401,5635,0.320013048,0.1681859122
288,1,0,0.2266803401,5636,0.320041667,0.1682169523
288,1,0,0.2266803401,5637,0.3200729635,0.1682499362
288,1,0,0.2266803401,5638,0.3201016829,0.1682805368
288,1,0,0.2266803401,5639,0.3201334662,0.1683081982
288,1,0,0.2266803401,5640,0.3201629169,0.1683362008
288,1,0,0.2266803401,5641,0.3201876763,0.1683673994
288,1,0,0.2266803401,5642,0.3202154146,0.1683964566
288,1,0,0.2266803401,5643,0.3202446653,0.1684314901
288,1,0,0.2266803401,5644,0.3202826726,0.1684623904
288,1,0,0.2266803401,5645,0.3203193182,0.168500559
288,1,0,0.2266803401,5646,0.3203582367,0.1685418991
288,1,0,0.2266803401,5647,0.3203951677,0.1685842447
288,1,0,0.2266803401,5648,0.3204307962,0.1686263857
288,1,0,0.2266803401,5649,0.3204627296,0.1686703545
288,1,0,0.2266803401,5650,0.3205044314,0.1687154625
288,1,0,0.2266803401,5651,0.3205443221,0.1687576967
288,1,0,0.2266803401,5652,0.3205778554,0.1687980995
288,1,0,0.2266803401,5653,0.3206070401,0.1688450587
288,1,0,0.2266803401,5654,0.3206452967,0.1688880444
288,1,0,0.2266803401,5655,0.3206765833,0.1689324806
288,1,0,0.2266803401,5656,0.3207056167,0.168978911
288,1,0,0.2266803401,5657,0.3207410527,0.1690193158
288,1,0,0.2266803401,5658,0.3207714773,0.1690677175
288,1,0,0.2266803401,5659,0.3208067321,0.1691160599
288,1,0,0.2266803401,5660,0.3208405141,0.1691616478
288,1,0,0.2266803401,5661,0.3208796704,0.1692040581
288,1,0,0.2266803401,5662,0.3209029453,0.169247438
288,1,0,0.2266803401,5663,0.3209155802,0.169299432
288,1,0,0.2266803401,5664,0.3209311426,0.1693526692
288,1,0,0.2266803401,5665,0.3209525997,0.1693972303
288,1,0,0.2266803401,5666,0.3209694694,0.1694420327
288,1,0,0.2266803401,5667,0.3209933327,0.1694898588
288,1,0,0.2266803401,5668,0.3210206778,0.1695360223
288,1,0,0.2266803401,5669,0.3210440303,0.1695840248
288,1,0,0.2266803401,5670,0.3210659359,0.1696352131
288,1,0,0.2266803401,5671,0.3210792293,0.169686367
288,1,0,0.2266803401,5672,0.3210982755,0.1697301452
288,1,0,0.2266803401,5673,0.3211208921,0.1697771299
288,1,0,0.2266803401,5674,0.3211544933,0.1698205102
288,1,0,0.2266803401,5675,0.321196983,0.1698610545
288,1,0,0.2266803401,5676,0.3212368877,0.1698996527
288,1,0,0.2266803401,5677,0.3212770741,0.1699341338
288,1,0,0.2266803401,5678,0.3213131887,0.1699698082
288,1,0,0.2266803401,5679,0.321336601,0.1700132461
288,1,0,0.2266803401,5680,0.3213586846,0.1700549588
288,1,0,0.2266803401,5681,0.3213777016,0.1701020465
288,1,0,0.2266803401,5682,0.321400486,0.1701455899
288,1,0,0.2266803401,5683,0.3214275895,0.170188196
288,1,0,0.2266803401,5684,0.3214461955,0.1702300814
288,1,0,0.2266803401,5685,0.3214716883,0.1702729535
288,1,0,0.2266803401,5686,0.3214972711,0.1703173038
288,1,0,0.2266803401,5687,0.3215209606,0.1703668939
288,1,0,0.2266803401,5688,0.3215403491,0.1704152671
288,1,0,0.2266803401,5689,0.3215641924,0.1704644936
288,1,0,0.2266803401,5690,0.3215848921,0.17051354
288,1,0,0.2266803401,5691,0.3216038646,0.1705684215
288,1,0,0.2266803401,5692,0.3216192043,0.1706214649
288,1,0,0.2266803401,5693,0.3216381067,0.1706731581
288,1,0,0.2266803401,5694,0.3216579934,0.1707232791
288,1,0,0.2266803401,5695,0.3216782032,0.1707678618
288,1,0,0.2266803401,5696,0.3217052078,0.1708147589
288,1,0,0.2266803401,5697,0.3217253754,0.1708568935
288,1,0,0.2266803401,5698,0.3217390968,0.1709024842
288,1,0,0.2266803401,5699,0.3217430215,0.1709507036
288,1,0,0.2266803401,5700,0.3217432301,0.1709933249
288,1,0,0.2266803401,5701,0.321743453,0.1710319672
288,1,0,0.2266803401,5702,0.3217448734,0.1710769154
288,1,0,0.2266803401,5703,0.3217453319,0.171118566
288,1,0,0.2266803401,5704,0.3217447191,0.1711580531
288,1,0,0.2266803401,5705,0.3217453699,0.1712023281
288,1,0,0.2266803401,5706,0.3217584864,0.1712427229
288,1,0,0.2266803401,5707,0.3217666053,0.171286737
288,1,0,0.2266803401,5708,0.3217837258,0.1713348789
288,1,0,0.2266803401,5709,0.3217995731,0.1713834409
288,1,0,0.2266803401,5710,0.3218187059,0.1714283367
288,1,0,0.2266803401,5711,0.3218471798,0.1714693533
288,1,0,0.2266803401,5712,0.3218725063,0.1715130793
288,1,0,0.2266803401,5713,0.3218922089,0.1715578902
288,1,0,0.2266803401,5714,0.321915977,0.1715997979
288,1,0,0.2266803401,5715,0.3219477306,0.1716388901
288,1,0,0.2266803401,5716,0.3219793639,0.1716778292
288,1,0,0.2266803401,5717,0.3220074022,0.1717198338
288,1,0,0.2266803401,5718,0.3220328755,0.1717617994
288,1,0,0.2266803401,5719,0.3220591494,0.1718045481
288,1,0,0.2266803401,5720,0.3220874616,0.1718477383
288,1,0,0.2266803401,5721,0.3221198353,0.1718939845
288,1,0,0.2266803401,5722,0.3221477344,0.1719374884
288,1,0,0.2266803401,5723,0.3221825965,0.1719754254
288,1,0,0.2266803401,5724,0.3222198238,0.1720176481
288,1,0,0.2266803401,5725,0.3222513261,0.1720639327
288,1,0,0.2266803401,5726,0.3222841276,0.1721092717
288,1,0,0.2266803401,5727,0.3223215458,0.1721508511
288,1,0,0.2266803401,5728,0.3223643083,0.1721886687
288,1,0,0.2266803401,5729,0.3224017275,0.1722242435
288,1,0,0.2266803401,5730,0.3224336497,0.1722650815
288,1,0,0.2266803401,5731,0.3224788872,0.1722954872
288,1,0,0.2266803401,5732,0.32252183,0.1723281794
288,1,0,0.2266803401,5733,0.3225553133,0.1723605811
288,1,0,0.2266803401,5734,0.3225899067,0.172393066
288,1,0,0.2266803401,5735,0.3226246196,0.1724267192
288,1,0,0.2266803401,5736,0.322674676,0.1724624009
288,1,0,0.2266803401,5737,0.3227308781,0.1724961331
288,1,0,0.2266803401,5738,0.3227852893,0.1725326604
288,1,0,0.2266803401,5739,0.322843107,0.1725688122
288,1,0,0.2266803401,5740,0.3229075855,0.172605773
288,1,0,0.2266803401,5741,0.3229769234,0.1726413873
288,1,0,0.2266803401,5742,0.3230485158,0.172681833
288,1,0,0.2266803401,5743,0.323123312,0.1727197379
288,1,0,0.2266803401,5744,0.3231941043,0.1727569801
288,1,0,0.2266803401,5745,0.3232576823,0.1727998337
288,1,0,0.2266803401,5746,0.3233192176,0.1728416124
288,1,0,0.2266803401,5747,0.3233788105,0.1728820983
288,1,0,0.2266803401,5748,0.3234332428,0.1729242495
288,1,0,0.2266803401,5749,0.3234900631,0.1729628602
288,1,0,0.2266803401,5750,0.3235488349,0.1730026533
288,1,0,0.2266803401,5751,0.3236119389,0.1730396363
288,1,0,0.2266803401,5752,0.3236881759,0.173074175
288,1,0,0.2266803401,5753,0.3237514679,0.1731118015
288,1,0,0.2266803401,5754,0.3238171715,0.1731485296
288,1,0,0.2266803401,5755,0.3238796448,0.1731843102
288,1,0,0.2266803401,5756,0.3239410775,0.1732271888
288,1,0,0.2266803401,5757,0.3240077114,0.1732768034
288,1,0,0.2266803401,5758,0.3240751815,0.1733224514
288,1,0,0.2266803401,5759,0.3241373823,0.1733707225
288,1,0,0.2266803401,5760,0.3242042592,0.1734175053
288,1,0,0.2266803401,5761,0.3242773373,0.1734615741
288,1,0,0.2266803401,5762,0.3243543934,0.1734997355
288,1,0,0.2266803401,5763,0.3244301815,0.1735405864
288,1,0,0.2266803401,5764,0.3245190096,0.1735788114
288,1,0,0.2266803401,5765,0.3245907489,0.173614032
288,1,0,0.2266803401,5766,0.3246496341,0.1736482119
288,1,0,0.2266803401,5767,0.3247055413,0.1736822959
288,1,0,0.2266803401,5768,0.324774942,0.1737181265
288,1,0,0.2266803401,5769,0.3248497653,0.1737533975
288,1,0,0.2266803401,5770,0.3249119502,0.173794988
288,1,0,0.2266803401,5771,0.3249636376,0.1738347944
288,1,0,0.2266803401,5772,0.3249942236,0.1738772225
288,1,0,0.2266803401,5773,0.3250210766,0.173922203
288,1,0,0.2266803401,5774,0.3250508132,0.17396458
288,1,0,0.2266803401,5775,0.3250835723,0.1740028426
288,1,0,0.2266803401,5776,0.3251207581,0.1740354245
288,1,0,0.2266803401,5777,0.3251644874,0.1740637988
288,1,0,0.2266803401,5778,0.32519979,0.1740992898
288,1,0,0.2266803401,5779,0.3252308258,0.1741379069
288,1,0,0.2266803401,5780,0.3252754862,0.1741733886
288,1,0,0.2266803401,5781,0.3253144309,0.1742113705
288,1,0,0.2266803401,5782,0.3253464988,0.1742475527
288,1,0,0.2266803401,5783,0.3253868262,0.1742805568
288,1,0,0.2266803401,5784,0.3254256773,0.1743095578
288,1,0,0.2266803401,5785,0.3254683526,0.174336286
288,1,0,0.2266803401,5786,0.3255077804,0.1743612019
288,1,0,0.2266803401,5787,0.3255436756,0.1743890004
288,1,0,0.2266803401,5788,0.3255863271,0.1744163456
288,1,0,0.2266803401,5789,0.3256319321,0.1744472537
288,1,0,0.2266803401,5790,0.3256854439,0.1744832575
288,1,0,0.2266803401,5791,0.3257364042,0.1745223961
288,1,0,0.2266803401,5792,0.3257829897,0.1745612476
288,1,0,0.2266803401,5793,0.3258468982,0.1745972079
288,1,0,0.2266803401,5794,0.3258952725,0.1746329786
288,1,0,0.2266803401,5795,0.3259472744,0.1746688981
288,1,0,0.2266803401,5796,0.3260007108,0.1747085803
288,1,0,0.2266803401,5797,0.3260615834,0.17474488
288,1,0,0.2266803401,5798,0.3261222608,0.1747752681
288,1,0,0.2266803401,5799,0.3261838752,0.1748073507
288,1,0,0.2266803401,5800,0.326248916,0.1748409207
288,1,0,0.2266803401,5801,0.3263026515,0.1748745785
288,1,0,0.2266803401,5802,0.3263563559,0.1749067678
288,1,0,0.2266803401,5803,0.3264214057,0.174937144
288,1,0,0.2266803401,5804,0.3264786781,0.1749678114
288,1,0,0.2266803401,5805,0.3265323008,0.1749984941
288,1,0,0.2266803401,5806,0.3265927243,0.1750326961
288,1,0,0.2266803401,5807,0.326657708,0.1750625152
288,1,0,0.2266803401,5808,0.3267156514,0.175092665
288,1,0,0.2266803401,5809,0.3267666072,0.1751175415
288,1,0,0.2266803401,5810,0.3268115752,0.1751414323
288,1,0,0.2266803401,5811,0.326849822,0.175166919
288,1,0,0.2266803401,5812,0.326879089,0.1751965289
288,1,0,0.2266803401,5813,0.3269152892,0.1752304498
288,1,0,0.2266803401,5814,0.3269469415,0.1752611727
288,1,0,0.2266803401,5815,0.3269720729,0.1752906853
288,1,0,0.2266803401,5816,0.3270000955,0.1753202541
288,1,0,0.2266803401,5817,0.327018182,0.175353465
288,1,0,0.2266803401,5818,0.3270437276,0.1753920563
288,1,0,0.2266803401,5819,0.327069339,0.1754294577
288,1,0,0.2266803401,5820,0.3270963473,0.1754635355
288,1,0,0.2266803401,5821,0.3271225408,0.1754959368
288,1,0,0.2266803401,5822,0.3271459705,0.1755331191
288,1,0,0.2266803401,5823,0.3271776181,0.1755650386
288,1,0,0.2266803401,5824,0.3272086955,0.1755984211
288,1,0,0.2266803401,5825,0.3272385243,0.17563517
288,1,0,0.2266803401,5826,0.3272626881,0.175665104
288,1,0,0.2266803401,5827,0.3272914064,0.1756933618
288,1,0,0.2266803401,5828,0.3273123976,0.1757184993
288,1,0,0.2266803401,5829,0.3273336923,0.175746864
288,1,0,0.2266803401,5830,0.3273496702,0.1757747111
288,1,0,0.2266803401,5831,0.3273603559,0.1758022724
288,1,0,0.2266803401,5832,0.3273714839,0.175827661
288,1,0,0.2266803401,5833,0.3273941114,0.1758564423
288,1,0,0.2266803401,5834,0.3274004916,0.1758888829
288,1,0,0.2266803401,5835,0.3274078576,0.1759227628
288,1,0,0.2266803401,5836,0.3274226418,0.1759614146
288,1,0,0.2266803401,5837,0.3274338313,0.1759946761
288,1,0,0.2266803401,5838,0.3274307188,0.1760298854
288,1,0,0.2266803401,5839,0.3274352376,0.1760656657
288,1,0,0.2266803401,5840,0.3274444512,0.176106009
288,1,0,0.2266803401,5841,0.3274583501,0.1761385637
288,1,0,0.2266803401,5842,0.3274791956,0.176171995
288,1,0,0.2266803401,5843,0.3274948955,0.1762056045
288,1,0,0.2266803401,5844,0.3275174532,0.1762367725
288,1,0,0.2266803401,5845,0.3275327275,0.1762665965
288,1,0,0.2266803401,5846,0.3275371935,0.1762994963
288,1,0,0.2266803401,5847,0.3275457826,0.1763366843
288,1,0,0.2266803401,5848,0.3275595407,0.1763731735
288,1,0,0.2266803401,5849,0.3275744394,0.1764041943
288,1,0,0.2266803401,5850,0.3275964123,0.1764335043
288,1,0,0.2266803401,5851,0.3276138976,0.1764670537
288,1,0,0.2266803401,5852,0.327625055,0.1764994239
288,1,0,0.2266803401,5853,0.3276374482,0.1765315557
288,1,0,0.2266803401,5854,0.3276574545,0.1765670993
288,1,0,0.2266803401,5855,0.3276850705,0.1766066875
288,1,0,0.2266803401,5856,0.3277222665,0.1766380516
288,1,0,0.2266803401,5857,0.3277519965,0.1766714381
288,1,0,0.2266803401,5858,0.3277795789,0.1766998024
288,1,0,0.2266803401,5859,0.3278099086,0.1767300999
288,1,0,0.2266803401,5860,0.3278373721,0.1767641677
288,1,0,0.2266803401,5861,0.3278631758,0.1767955351
288,1,0,0.2266803401,5862,0.3278827841,0.1768247038
288,1,0,0.2266803401,5863,0.3278958298,0.1768556428
288,1,0,0.2266803401,5864,0.3279037622,0.1768926979
288,1,0,0.2266803401,5865,0.32791084,0.1769339709
288,1,0,0.2266803401,5866,0.3279302262,0.1769707883
288,1,0,0.2266803401,5867,0.327947889,0.1769991465
288,1,0,0.2266803401,5868,0.327958651,0.1770330016
288,1,0,0.2266803401,5869,0.3279648855,0.1770691416
288,1,0,0.2266803401,5870,0.327966658,0.1771050967
288,1,0,0.2266803401,5871,0.3279714211,0.1771404407
288,1,0,0.2266803401,5872,0.3279839626,0.1771679536
288,1,0,0.2266803401,5873,0.3280086781,0.177192263
288,1,0,0.2266803401,5874,0.3280210216,0.1772143997
288,1,0,0.2266803401,5875,0.3280363947,0.1772360735
288,1,0,0.2266803401,5876,0.3280419626,0.1772583931
288,1,0,0.2266803401,5877,0.3280531807,0.1772772685
288,1,0,0.2266803401,5878,0.3280637553,0.177295584
288,1,0,0.2266803401,5879,0.3280755616,0.1773128937
288,1,0,0.2266803401,5880,0.3280886946,0.1773309215
288,1,0,0.2266803401,5881,0.3280997763,0.1773482749
288,1,0,0.2266803401,5882,0.32810757,0.1773609707
288,1,0,0.2266803401,5883,0.3281087424,0.1773729706
288,1,0,0.2266803401,5884,0.3281093255,0.177386879
288,1,0,0.2266803401,5885,0.3281138583,0.1774050738
288,1,0,0.2266803401,5886,0.3281222372,0.1774156381
288,1,0,0.2266803401,5887,0.3281304913,0.1774258136
288,1,0,0.2266803401,5888,0.3281386599,0.1774420851
288,1,0,0.2266803401,5889,0.3281537519,0.1774571513
288,1,0,0.2266803401,5890,0.3281638119,0.1774727264
288,1,0,0.2266803401,5891,0.3281874511,0.1774891511
288,1,0,0.2266803401,5892,0.3282104344,0.1775011503
288,1,0,0.2266803401,5893,0.3282374744,0.1775048555
288,1,0,0.2266803401,5894,0.328260224,0.1775115028
288,1,0,0.2266803401,5895,0.3282843653,0.1775285092
288,1,0,0.2266803401,5896,0.3283071173,0.1775439476
288,1,0,0.2266803401,5897,0.3283361602,0.1775626625
288,1,0,0.2266803401,5898,0.3283714979,0.177581097
288,1,0,0.2266803401,5899,0.3284016314,0.1776063437
288,1,0,0.2266803401,5900,0.3284308055,0.1776299176
288,1,0,0.2266803401,5901,0.3284575442,0.1776492874
288,1,0,0.2266803401,5902,0.3284904339,0.1776643185
288,1,0,0.2266803401,5903,0.3285204209,0.1776870109
288,1,0,0.2266803401,5904,0.3285469471,0.1777088413
288,1,0,0.2266803401,5905,0.3285629966,0.177735402
288,1,0,0.2266803401,5906,0.3285820416,0.1777655597
288,1,0,0.2266803401,5907,0.328611441,0.1777907939
288,1,0,0.2266803401,5908,0.3286362376,0.177817059
288,1,0,0.2266803401,5909,0.3286560958,0.1778388022
288,1,0,0.2266803401,5910,0.3286753392,0.1778579132
288,1,0,0.2266803401,5911,0.3286885999,0.1778752183
288,1,0,0.2266803401,5912,0.3286996449,0.1778950571
288,1,0,0.2266803401,5913,0.3287089632,0.1779154721
288,1,0,0.2266803401,5914,0.3287111292,0.1779351996
288,1,0,0.2266803401,5915,0.3287153415,0.1779560532
288,1,0,0.2266803401,5916,0.3287247749,0.1779761499
288,1,0,0.2266803401,5917,0.3287301301,0.1780051023
288,1,0,0.2266803401,5918,0.328742432,0.1780312442
288,1,0,0.2266803401,5919,0.3287477489,0.1780563596
288,1,0,0.2266803401,5920,0.3287512273,0.1780853569
288,1,0,0.2266803401,5921,0.3287584875,0.1781157255
288,1,0,0.2266803401,5922,0.3287674096,0.1781452024
288,1,0,0.2266803401,5923,0.3287812677,0.178174682
288,1,0,0.2266803401,5924,0.328795467,0.1782049857
288,1,0,0.2266803401,5925,0.3288093769,0.1782377437
288,1,0,0.2266803401,5926,0.3288280774,0.1782705003
288,1,0,0.2266803401,5927,0.3288591144,0.1783000121
288,1,0,0.2266803401,5928,0.3289002889,0.1783316178
288,1,0,0.2266803401,5929,0.328929396,0.178364572
288,1,0,0.2266803401,5930,0.3289562733,0.1784007602
288,1,0,0.2266803401,5931,0.3289842013,0.1784364808
288,1,0,0.2266803401,5932,0.3290192309,0.1784741313
288,1,0,0.2266803401,5933,0.3290554983,0.1785158246
288,1,0,0.2266803401,5934,0.3291072519,0.1785501635
288,1,0,0.2266803401,5935,0.3291462925,0.1785871213
288,1,0,0.2266803401,5936,0.3291842157,0.1786185096
288,1,0,0.2266803401,5937,0.3292220215,0.1786461181
288,1,0,0.2266803401,5938,0.3292598109,0.1786827599
288,1,0,0.2266803401,5939,0.3293121987,0.1787128485
288,1,0,0.2266803401,5940,0.3293578678,0.1787410675
288,1,0,0.2266803401,5941,0.3294034564,0.1787722448
288,1,0,0.2266803401,5942,0.3294530364,0.1787993266
288,1,0,0.2266803401,5943,0.3295131622,0.1788195389
288,1,0,0.2266803401,5944,0.3295706869,0.17883697
288,1,0,0.2266803401,5945,0.3296278897,0.1788576829
288,1,0,0.2266803401,5946,0.3296830913,0.1788752022
288,1,0,0.2266803401,5947,0.3297217463,0.1788965454
288,1,0,0.2266803401,5948,0.3297621841,0.1789159838
288,1,0,0.2266803401,5949,0.3298028808,0.1789327323
288,1,0,0.2266803401,5950,0.3298549834,0.1789415212
288,1,0,0.2266803401,5951,0.3299064731,0.1789517895
288,1,0,0.2266803401,5952,0.3299630482,0.1789638306
288,1,0,0.2266803401,5953,0.330019605,0.1789676607
288,1,0,0.2266803401,5954,0.3300717332,0.1789719362
288,1,0,0.2266803401,5955,0.3301239968,0.1789795431
288,1,0,0.2266803401,5956,0.3301746088,0.1789923305
288,1,0,0.2266803401,5957,0.3302295489,0.1790047826
288,1,0,0.2266803401,5958,0.3302934205,0.179013353
288,1,0,0.2266803401,5959,0.330353042,0.1790223938
288,1,0,0.2266803401,5960,0.3304180342,0.179032195
288,1,0,0.2266803401,5961,0.3304701351,0.1790446967
288,1,0,0.2266803401,5962,0.3305148018,0.1790549225
288,1,0,0.2266803401,5963,0.3305612173,0.1790623875
288,1,0,0.2266803401,5964,0.3306084855,0.1790798061
288,1,0,0.2266803401,5965,0.3306507911,0.179102282
288,1,0,0.2266803401,5966,0.3307049274,0.179120925
288,1,0,0.2266803401,5967,0.3307591216,0.1791374041
288,1,0,0.2266803401,5968,0.3308253937,0.1791545738
288,1,0,0.2266803401,5969,0.3308905195,0.1791738027
288,1,0,0.2266803401,5970,0.3309537624,0.1791916873
288,1,0,0.2266803401,5971,0.3310034291,0.1792116073
288,1,0,0.2266803401,5972,0.3310470653,0.1792302159
288,1,0,0.2266803401,5973,0.3310911993,0.1792502797
288,1,0,0.2266803401,5974,0.3311325355,0.1792627265
288,1,0,0.2266803401,5975,0.3311824713,0.1792770049
288,1,0,0.2266803401,5976,0.3312280323,0.179296119
288,1,0,0.2266803401,5977,0.3312839549,0.1793167553
288,1,0,0.2266803401,5978,0.3313406451,0.1793346929
288,1,0,0.2266803401,5979,0.3313967434,0.1793502591
288,1,0,0.2266803401,5980,0.3314529833,0.1793602345
288,1,0,0.2266803401,5981,0.3314995317,0.1793703978
288,1,0,0.2266803401,5982,0.3315436144,0.1793806059
288,1,0,0.2266803401,5983,0.3315873874,0.17938968
288,1,0,0.2266803401,5984,0.331628641,0.179402525
288,1,0,0.2266803401,5985,0.3316745269,0.1794128185
288,1,0,0.2266803401,5986,0.3317289788,0.1794249123
288,1,0,0.2266803401,5987,0.3317859531,0.1794386876
288,1,0,0.2266803401,5988,0.3318408108,0.1794507747
288,1,0,0.2266803401,5989,0.3319007254,0.1794655273
288,1,0,0.2266803401,5990,0.3319613695,0.1794730761
288,1,0,0.2266803401,5991,0.3320236096,0.1794776845
288,1,0,0.2266803401,5992,0.3320785705,0.1794850627
288,1,0,0.2266803401,5993,0.3321284879,0.1794897098
288,1,0,0.2266803401,5994,0.3321834573,0.1794965946
288,1,0,0.2266803401,5995,0.3322305918,0.1795071153
288,1,0,0.2266803401,5996,0.3322793212,0.1795210905
288,1,0,0.2266803401,5997,0.3323354943,0.1795335567
288,1,0,0.2266803401,5998,0.3323917148,0.1795462209
288,1,0,0.2266803401,5999,0.3324540404,0.1795583559
288,1,0,0.2266803401,6000,0.3325285558,0.1795666105
288,1,0,0.2266803401,6001,0.3326159992,0.1795707452
288,1,0,0.2266803401,6002,0.3326962304,0.1795728605
288,1,0,0.2266803401,6003,0.3327684347,0.1795845464
288,1,0,0.2266803401,6004,0.3328350095,0.1795975664
288,1,0,0.2266803401,6005,0.3329007394,0.1796050103
288,1,0,0.2266803401,6006,0.3329579781,0.1796173245
288,1,0,0.2266803401,6007,0.3330111561,0.1796332753
288,1,0,0.2266803401,6008,0.3330570316,0.1796523265
288,1,0,0.2266803401,6009,0.3331095052,0.1796720702
288,1,0,0.2266803401,6010,0.3331608747,0.1796922155
288,1,0,0.2266803401,6011,0.3332099444,0.1797130568
288,1,0,0.2266803401,6012,0.333264254,0.1797286965
288,1,0,0.2266803401,6013,0.3333162953,0.1797509227
288,1,0,0.2266803401,6014,0.333373199,0.1797685183
288,1,0,0.2266803401,6015,0.3334326961,0.179782465
288,1,0,0.2266803401,6016,0.3334877103,0.1798035353
288,1,0,0.2266803401,6017,0.3335445995,0.1798242714
288,1,0,0.2266803401,6018,0.3335950441,0.179844334
288,1,0,0.2266803401,6019,0.3336523021,0.1798556433
288,1,0,0.2266803401,6020,0.3337140416,0.1798639668
288,1,0,0.2266803401,6021,0.3337711895,0.1798805929
288,1,0,0.2266803401,6022,0.3338232657,0.1798961246
288,1,0,0.2266803401,6023,0.3338995356,0.1799091963
288,1,0,0.2266803401,6024,0.3339707717,0.1799223172
288,1,0,0.2266803401,6025,0.3340293594,0.1799384001
288,1,0,0.2266803401,6026,0.3340834805,0.1799560366
288,1,0,0.2266803401,6027,0.3341322341,0.1799709886
288,1,0,0.2266803401,6028,0.334185379,0.1799857072
288,1,0,0.2266803401,6029,0.3342418378,0.1800040092
288,1,0,0.2266803401,6030,0.3343089524,0.180021572
288,1,0,0.2266803401,6031,0.3343699854,0.1800380008
288,1,0,0.2266803401,6032,0.3344425495,0.18005276
288,1,0,0.2266803401,6033,0.3345226357,0.1800657822
288,1,0,0.2266803401,6034,0.3345998016,0.1800782262
288,1,0,0.2266803401,6035,0.3346874713,0.180083373
288,1,0,0.2266803401,6036,0.3347748913,0.1800882467
288,1,0,0.2266803401,6037,0.3348581939,0.1800973314
288,1,0,0.2266803401,6038,0.3349391079,0.1801071404
288,1,0,0.2266803401,6039,0.3350126267,0.1801125473
288,1,0,0.2266803401,6040,0.3350896325,0.1801162714
288,1,0,0.2266803401,6041,0.3351705435,0.1801193876
288,1,0,0.2266803401,6042,0.3352517933,0.1801233446
288,1,0,0.2266803401,6043,0.3353309641,0.1801278921
288,1,0,0.2266803401,6044,0.3354070378,0.1801334142
288,1,0,0.2266803401,6045,0.3354784236,0.1801361707
288,1,0,0.2266803401,6046,0.3355691016,0.1801421664
288,1,0,0.2266803401,6047,0.335655437,0.1801458118
288,1,0,0.2266803401,6048,0.3357459442,0.1801501741
288,1,0,0.2266803401,6049,0.3358215622,0.1801555331
288,1,0,0.2266803401,6050,0.3358992248,0.1801558625
288,1,0,0.2266803401,6051,0.3359814843,0.1801523417
288,1,0,0.2266803401,6052,0.3360660836,0.1801478156
288,1,0,0.2266803401,6053,0.3361566544,0.1801428232
288,1,0,0.2266803401,6054,0.3362580755,0.1801365345
288,1,0,0.2266803401,6055,0.3363534454,0.1801306776
288,1,0,0.2266803401,6056,0.3364493653,0.1801261821
288,1,0,0.2266803401,6057,0.3365384839,0.1801269588
288,1,0,0.2266803401,6058,0.3366167158,0.1801277323
288,1,0,0.2266803401,6059,0.3366911979,0.1801272147
288,1,0,0.2266803401,6060,0.3367686519,0.1801298873
288,1,0,0.2266803401,6061,0.3368435244,0.1801365955
288,1,0,0.2266803401,6062,0.3369263778,0.1801405064
288,1,0,0.2266803401,6063,0.3370162734,0.1801425215
288,1,0,0.2266803401,6064,0.337111591,0.1801414253
288,1,0,0.2266803401,6065,0.3372138473,0.1801365965
288,1,0,0.2266803401,6066,0.337315946,0.1801323127
288,1,0,0.2266803401,6067,0.3374173532,0.1801269178
288,1,0,0.2266803401,6068,0.3375160898,0.1801194302
288,1,0,0.2266803401,6069,0.3376177309,0.1801155101
288,1,0,0.2266803401,6070,0.3377141829,0.1801176288
288,1,0,0.2266803401,6071,0.3378076724,0.1801255119
288,1,0,0.2266803401,6072,0.3379035151,0.1801321997
288,1,0,0.2266803401,6073,0.3379993756,0.1801397436
288,1,0,0.2266803401,6074,0.338099561,0.1801427193
288,1,0,0.2266803401,6075,0.3382033152,0.1801519543
288,1,0,0.2266803401,6076,0.3383204013,0.1801568127
288,1,0,0.2266803401,6077,0.338442073,0.1801601596
288,1,0,0.2266803401,6078,0.3385585069,0.1801591017
288,1,0,0.2266803401,6079,0.3386863453,0.1801577757
288,1,0,0.2266803401,6080,0.3388156427,0.1801623944
288,1,0,0.2266803401,6081,0.3389234456,0.1801707898
288,1,0,0.2266803401,6082,0.3390243695,0.1801763135
288,1,0,0.2266803401,6083,0.3391209308,0.1801863039
288,1,0,0.2266803401,6084,0.3392189429,0.1801973932
288,1,0,0.2266803401,6085,0.3393167895,0.180209535
288,1,0,0.2266803401,6086,0.3394157734,0.1802235489
288,1,0,0.2266803401,6087,0.3395036264,0.1802357108
288,1,0,0.2266803401,6088,0.3395922323,0.1802491923
288,1,0,0.2266803401,6089,0.3396836977,0.1802691696
288,1,0,0.2266803401,6090,0.3397755551,0.180282033
288,1,0,0.2266803401,6091,0.3398675324,0.1802933886
288,1,0,0.2266803401,6092,0.3399540479,0.1803050056
288,1,0,0.2266803401,6093,0.3400386966,0.1803199993
288,1,0,0.2266803401,6094,0.3401252857,0.1803262303
288,1,0,0.2266803401,6095,0.3402045533,0.1803348589
288,1,0,0.2266803401,6096,0.3402859464,0.1803430644
288,1,0,0.2266803401,6097,0.3403729969,0.1803507493
288,1,0,0.2266803401,6098,0.3404601622,0.1803523618
288,1,0,0.2266803401,6099,0.3405425977,0.1803523404
288,1,0,0.2266803401,6100,0.3406199825,0.1803454289
288,1,0,0.2266803401,6101,0.3407013082,0.180337631
288,1,0,0.2266803401,6102,0.340785727,0.1803362315
288,1,0,0.2266803401,6103,0.3408647931,0.1803377059
288,1,0,0.2266803401,6104,0.3409245541,0.1803393155
288,1,0,0.2266803401,6105,0.3409827084,0.1803397068
288,1,0,0.2266803401,6106,0.3410474976,0.1803360814
288,1,0,0.2266803401,6107,0.3411103868,0.1803338928
288,1,0,0.2266803401,6108,0.3411726566,0.1803281764
288,1,0,0.2266803401,6109,0.3412354092,0.1803251256
288,1,0,0.2266803401,6110,0.3412947624,0.1803188891
288,1,0,0.2266803401,6111,0.3413509682,0.1803214777
288,1,0,0.2266803401,6112,0.3414062329,0.1803252734
288,1,0,0.2266803401,6113,0.3414643978,0.1803319562
288,1,0,0.2266803401,6114,0.3415246276,0.180335575
288,1,0,0.2266803401,6115,0.341580247,0.1803377511
288,1,0,0.2266803401,6116,0.3416466328,0.1803390448
288,1,0,0.2266803401,6117,0.3417150739,0.1803396111
288,1,0,0.2266803401,6118,0.3417825457,0.1803418323
288,1,0,0.2266803401,6119,0.3418564748,0.1803476916
288,1,0,0.2266803401,6120,0.3419275007,0.1803545527
288,1,0,0.2266803401,6121,0.3419926335,0.1803600157
288,1,0,0.2266803401,6122,0.3420583971,0.1803594872
288,1,0,0.2266803401,6123,0.3421061532,0.1803610848
288,1,0,0.2266803401,6124,0.3421646435,0.1803605591
288,1,0,0.2266803401,6125,0.3422307089,0.1803648545
288,1,0,0.2266803401,6126,0.3423077894,0.1803639894
288,1,0,0.2266803401,6127,0.3423765385,0.180362381
288,1,0,0.2266803401,6128,0.3424339622,0.1803593406
288,1,0,0.2266803401,6129,0.3424955906,0.1803496358
288,1,0,0.2266803401,6130,0.3425550733,0.1803395591
288,1,0,0.2266803401,6131,0.3426170266,0.18032991
288,1,0,0.2266803401,6132,0.3426797744,0.1803263601
288,1,0,0.2266803401,6133,0.3427464406,0.1803295333
288,1,0,0.2266803401,6134,0.3428245799,0.180328206
288,1,0,0.2266803401,6135,0.3429082548,0.1803201792
288,1,0,0.2266803401,6136,0.3429828063,0.1803151258
288,1,0,0.2266803401,6137,0.343047749,0.1803049003
288,1,0,0.2266803401,6138,0.3431044594,0.1802886655
288,1,0,0.2266803401,6139,0.3431614881,0.1802763635
288,1,0,0.2266803401,6140,0.3432247521,0.1802624919
288,1,0,0.2266803401,6141,0.3432792206,0.1802550796
288,1,0,0.2266803401,6142,0.3433409386,0.1802500479
288,1,0,0.2266803401,6143,0.3433960477,0.1802446192
288,1,0,0.2266803401,6144,0.3434393241,0.180235615
288,1,0,0.2266803401,6145,0.3434943584,0.1802198606
288,1,0,0.2266803401,6146,0.343551816,0.1802119273
288,1,0,0.2266803401,6147,0.3436144794,0.1802041817
288,1,0,0.2266803401,6148,0.3436836317,0.1801941472
288,1,0,0.2266803401,6149,0.3437529096,0.1801855716
288,1,0,0.2266803401,6150,0.3438135947,0.1801757339
288,1,0,0.2266803401,6151,0.3438833053,0.1801558481
288,1,0,0.2266803401,6152,0.3439636068,0.1801407418
288,1,0,0.2266803401,6153,0.344041121,0.1801271913
288,1,0,0.2266803401,6154,0.3441041868,0.1801098854
288,1,0,0.2266803401,6155,0.3441621976,0.1800954775
288,1,0,0.2266803401,6156,0.3442126512,0.1800844944
288,1,0,0.2266803401,6157,0.344264075,0.1800741418
288,1,0,0.2266803401,6158,0.344319546,0.1800651394
288,1,0,0.2266803401,6159,0.3443790453,0.1800575182
288,1,0,0.2266803401,6160,0.3444322994,0.1800580504
288,1,0,0.2266803401,6161,0.3444842412,0.1800539958
288,1,0,0.2266803401,6162,0.3445418215,0.180050021
288,1,0,0.2266803401,6163,0.3446013828,0.1800505957
288,1,0,0.2266803401,6164,0.3446515345,0.1800528936
288,1,0,0.2266803401,6165,0.344704531,0.1800516158
288,1,0,0.2266803401,6166,0.3447639028,0.1800437889
288,1,0,0.2266803401,6167,0.3448268229,0.1800369496
288,1,0,0.2266803401,6168,0.3448932205,0.1800335569
288,1,0,0.2266803401,6169,0.3449511282,0.180031738
288,1,0,0.2266803401,6170,0.3450151608,0.1800258888
288,1,0,0.2266803401,6171,0.3450786815,0.1800224965
288,1,0,0.2266803401,6172,0.345140277,0.1800170878
288,1,0,0.2266803401,6173,0.3451996376,0.1800141864
288,1,0,0.2266803401,6174,0.3452552044,0.1800086709
288,1,0,0.2266803401,6175,0.3453027608,0.1800032626
288,1,0,0.2266803401,6176,0.3453570678,0.1799937771
288,1,0,0.2266803401,6177,0.3454241231,0.1799786285
288,1,0,0.2266803401,6178,0.3454964565,0.179963039
288,1,0,0.2266803401,6179,0.3455733655,0.1799490715
288,1,0,0.2266803401,6180,0.3456592073,0.1799352583
288,1,0,0.2266803401,6181,0.3457577609,0.1799181423
288,1,0,0.2266803401,6182,0.3458525973,0.179897312
288,1,0,0.2266803401,6183,0.3459469279,0.1798747351
288,1,0,0.2266803401,6184,0.3460436729,0.1798451724
288,1,0,0.2266803401,6185,0.3461386953,0.1798175304
288,1,0,0.2266803401,6186,0.3462264141,0.1797916785
288,1,0,0.2266803401,6187,0.3463272002,0.1797716708
288,1,0,0.2266803401,6188,0.3464220818,0.1797483256
288,1,0,0.2266803401,6189,0.3465239614,0.1797187432
288,1,0,0.2266803401,6190,0.3466215986,0.1796946863
288,1,0,0.2266803401,6191,0.3467100428,0.1796708033
288,1,0,0.2266803401,6192,0.3468050748,0.1796413092
288,1,0,0.2266803401,6193,0.3469084039,0.1796093608
288,1,0,0.2266803401,6194,0.3470045455,0.1795792546
288,1,0,0.2266803401,6195,0.3471005512,0.1795538558
288,1,0,0.2266803401,6196,0.3471981972,0.1795243166
288,1,0,0.2266803401,6197,0.3472924628,0.1795019722
288,1,0,0.2266803401,6198,0.3473766576,0.1794849213
288,1,0,0.2266803401,6199,0.3474518912,0.1794669819
288,1,0,0.2266803401,6200,0.3475234056,0.1794458819
288,1,0,0.2266803401,6201,0.347591292,0.1794190487
288,1,0,0.2266803401,6202,0.3476611918,0.179397184
288,1,0,0.2266803401,6203,0.3477375788,0.1793734948
288,1,0,0.2266803401,6204,0.3478219452,0.1793497178
288,1,0,0.2266803401,6205,0.347901027,0.179328232
288,1,0,0.2266803401,6206,0.3479856457,0.1793046819
288,1,0,0.2266803401,6207,0.3480727971,0.1792789998
288,1,0,0.2266803401,6208,0.3481606557,0.179254024
288,1,0,0.2266803401,6209,0.3482441031,0.1792390049
288,1,0,0.2266803401,6210,0.3483245585,0.1792284447
288,1,0,0.2266803401,6211,0.3484097293,0.1792193518
288,1,0,0.2266803401,6212,0.348499515,0.179208396
288,1,0,0.2266803401,6213,0.3485844492,0.1791974277
288,1,0,0.2266803401,6214,0.3486789995,0.1791885976
288,1,0,0.2266803401,6215,0.3487734999,0.1791846222
288,1,0,0.2266803401,6216,0.3488736784,0.179173154
288,1,0,0.2266803401,6217,0.3489706159,0.1791562405
288,1,0,0.2266803401,6218,0.3490662782,0.1791372686
288,1,0,0.2266803401,6219,0.3491627031,0.1791213093
288,1,0,0.2266803401,6220,0.3492541477,0.1791124522
288,1,0,0.2266803401,6221,0.3493531706,0.1790963869
288,1,0,0.2266803401,6222,0.34945225,0.1790741697
288,1,0,0.2266803401,6223,0.3495454888,0.179056684
288,1,0,0.2266803401,6224,0.3496456665,0.1790377281
288,1,0,0.2266803401,6225,0.3497336643,0.1790216594
288,1,0,0.2266803401,6226,0.3498153271,0.1790050947
288,1,0,0.2266803401,6227,0.3498999152,0.1789932026
288,1,0,0.2266803401,6228,0.3499882944,0.1789795244
288,1,0,0.2266803401,6229,0.3500795211,0.1789601484
288,1,0,0.2266803401,6230,0.3501558966,0.1789385833
288,1,0,0.2266803401,6231,0.3502332628,0.1789157001
288,1,0,0.2266803401,6232,0.3503211191,0.1788968984
288,1,0,0.2266803401,6233,0.3504028978,0.1788785626
288,1,0,0.2266803401,6234,0.3504933572,0.17885517
288,1,0,0.2266803401,6235,0.3505837011,0.1788277679
288,1,0,0.2266803401,6236,0.3506603711,0.1788012017
288,1,0,0.2266803401,6237,0.3507479683,0.1787724065
288,1,0,0.2266803401,6238,0.3508239915,0.1787426598
288,1,0,0.2266803401,6239,0.3508949782,0.1787186872
288,1,0,0.2266803401,6240,0.350973979,0.1786982432
288,1,0,0.2266803401,6241,0.3510604111,0.1786743776
288,1,0,0.2266803401,6242,0.3511361636,0.1786542904
288,1,0,0.2266803401,6243,0.3511984414,0.1786391274
288,1,0,0.2266803401,6244,0.351262692,0.1786188226
288,1,0,0.2266803401,6245,0.3513223285,0.1786010972
288,1,0,0.2266803401,6246,0.3513818701,0.1785844662
288,1,0,0.2266803401,6247,0.3514456059,0.1785685123
288,1,0,0.2266803401,6248,0.3515097885,0.1785517766
288,1,0,0.2266803401,6249,0.3515753163,0.1785334416
